setting,target,control,predictor,rho,p,ci_lo,ci_hi,n,k_controls,controls,n_boot,n_boot_valid,p_holm,q_bh
gemma_2_2b,collateral_raw,none,crowding,0.5121418516406644,1.8455453091309713e-21,0.4108499086820373,0.6053286300477736,300,0,,10000,10000,3.3219815564357487e-20,1.7532680436744227e-20
gemma_2_2b,collateral_raw,none,crowd_max,0.39677286214637764,9.416430492501985e-13,0.2832962244301747,0.5013532085032477,300,0,,10000,10000,1.4124645738752977e-11,3.5782435871507544e-12
gemma_2_2b,collateral_raw,none,dec_norm,-0.006108616106819841,0.9160872835390703,-0.12049488538337992,0.1066705394800103,300,0,,10000,10000,1.0,0.9160872835390703
gemma_2_2b,collateral_raw,none,enc_norm,0.37210276545881765,2.762012802083106e-11,0.27525343566497446,0.4592867729491681,300,0,,10000,10000,3.0382140822914167e-10,5.83091591550878e-11
gemma_2_2b,collateral_raw,none,enc_dec_cos,-0.5557253285249141,1.033980762117192e-25,-0.6305821142433445,-0.4706203921701031,300,0,,10000,10000,1.9645634480226646e-24,1.9645634480226646e-24
gemma_2_2b,collateral_raw,none,frequency,0.3794187482893254,1.0443575647715252e-11,0.27325718089411166,0.4762451474197168,300,0,,10000,10000,1.4621005906801352e-10,2.8346848186655684e-11
gemma_2_2b,collateral_raw,none,bin_entropy,0.3794187482893254,1.0443575647715252e-11,0.27325718089411166,0.4762451474197168,300,0,,10000,10000,1.4621005906801352e-10,2.8346848186655684e-11
gemma_2_2b,collateral_raw,none,act_entropy,0.36580116325398604,6.260832350832531e-11,0.2578400732929528,0.46326515778703553,300,0,,10000,10000,6.26083235083253e-10,1.189558146658181e-10
gemma_2_2b,collateral_raw,none,act_kurtosis,-0.2983618413648964,1.389396862344819e-07,-0.39809995193009234,-0.1891519578302206,300,0,,10000,10000,1.1115174898758552e-06,2.199878365379297e-07
gemma_2_2b,collateral_raw,none,act_mag,0.4863251945615527,3.2396633323065985e-19,0.3905648613522453,0.5721720895328319,300,0,,10000,10000,5.1834613316905575e-18,1.5388400828456343e-18
gemma_2_2b,collateral_raw,none,act_mean_firing,0.3754217959613272,1.782037267359559e-11,0.2718229604398767,0.47077710657099103,300,0,,10000,10000,2.1384447208314706e-10,4.232338509978952e-11
gemma_2_2b,collateral_raw,none,act_std,0.4877925905045102,2.443215531619794e-19,0.3924050993348874,0.5745720458727659,300,0,,10000,10000,4.15346640375365e-18,1.5388400828456343e-18
gemma_2_2b,collateral_raw,none,act_max,0.32354936048936433,9.713625866603713e-09,0.2172169739335112,0.4241580257659205,300,0,,10000,10000,8.742263279943342e-08,1.6778081042315505e-08
gemma_2_2b,collateral_raw,none,coact_entropy,0.14008888164919683,0.015171169357725093,0.025017607043768233,0.2517315142658989,300,0,,10000,10000,0.07585584678862546,0.019216814519785116
gemma_2_2b,collateral_raw,none,coact_count,-0.16419494770048035,0.004352103277694709,-0.2740116262773388,-0.050703834621773684,300,0,,10000,10000,0.026112619666168253,0.0059064258768713905
gemma_2_2b,collateral_raw,none,logit_l2,0.22210480991580858,0.00010468294086421915,0.10600668915106637,0.32968232152656424,300,0,,10000,10000,0.000732780586049534,0.0001529981443400126
gemma_2_2b,collateral_raw,none,logit_linf,0.08643902144128596,0.13525022863561575,-0.032194207264084444,0.19959471597688366,300,0,,10000,10000,0.541000914542463,0.1592374770622706
gemma_2_2b,collateral_raw,none,logit_entropy,0.015144206763828185,0.793918770601142,-0.09656104217247,0.12566136244713608,300,0,,10000,10000,1.0,0.8380253689678722
gemma_2_2b,collateral_raw,none,logit_top10_mass,-0.08487762148744385,0.14247563737150526,-0.193809916666841,0.02777345062494731,300,0,,10000,10000,0.541000914542463,0.1592374770622706
gemma_2_2b,collateral_raw,primary,crowding,0.26113511435153836,5.097800051660387e-06,0.14406970285940596,0.377440350312833,300,3,"effect_l2,act_max,frequency",10000,10000,7.64670007749058e-05,2.8887533626075524e-05
gemma_2_2b,collateral_raw,primary,crowd_max,0.16122213514243341,0.005353153598055599,0.04330617830987473,0.2795499052582597,300,3,"effect_l2,act_max,frequency",10000,10000,0.05353153598055599,0.011375451395868149
gemma_2_2b,collateral_raw,primary,dec_norm,0.04971497124620957,0.39327823415284274,-0.07624957846339438,0.17450262677660025,300,3,"effect_l2,act_max,frequency",10000,10000,1.0,0.47755214147130903
gemma_2_2b,collateral_raw,primary,enc_norm,0.11440135653451605,0.04887107654814443,0.003664015701512104,0.22655260730100008,300,3,"effect_l2,act_max,frequency",10000,10000,0.342097535837011,0.07137129473227798
gemma_2_2b,collateral_raw,primary,enc_dec_cos,-0.475599542993915,3.611684260877229e-18,-0.5685988694693046,-0.3681522952543162,300,3,"effect_l2,act_max,frequency",10000,10000,6.13986324349129e-17,6.13986324349129e-17
gemma_2_2b,collateral_raw,primary,bin_entropy,,,,,300,3,"effect_l2,act_max,frequency",10000,0,,
gemma_2_2b,collateral_raw,primary,act_entropy,0.016347310978362662,0.7790515863739581,-0.0982325262740429,0.12955881894893262,300,3,"effect_l2,act_max,frequency",10000,10000,1.0,0.8829251312238192
gemma_2_2b,collateral_raw,primary,act_kurtosis,-0.12220549150903887,0.03528553409175027,-0.22489136084996633,-0.017765680075922344,300,3,"effect_l2,act_max,frequency",10000,10000,0.28228427273400214,0.059985407955975456
gemma_2_2b,collateral_raw,primary,act_mag,0.18715941932139082,0.0011930899052553577,0.09303685492611287,0.28083079425778457,300,3,"effect_l2,act_max,frequency",10000,10000,0.01551016876831965,0.004056505677868217
gemma_2_2b,collateral_raw,primary,act_mean_firing,0.2328839294523806,5.069906218683821e-05,0.11535758739418274,0.33789807282106377,300,3,"effect_l2,act_max,frequency",10000,10000,0.0007097868706157349,0.0002154710142940624
gemma_2_2b,collateral_raw,primary,act_std,0.1768029228185148,0.0022263700518950734,0.06574750708385525,0.2835129478244012,300,3,"effect_l2,act_max,frequency",10000,10000,0.024490070570845807,0.005406898697459465
gemma_2_2b,collateral_raw,primary,coact_entropy,-0.3128744612187664,3.626336327111053e-08,-0.3997839597339398,-0.20888486871606143,300,3,"effect_l2,act_max,frequency",10000,10000,5.802138123377685e-07,3.082385878044395e-07
gemma_2_2b,collateral_raw,primary,coact_count,-0.1811564041945779,0.00171968454121459,-0.29691295431412856,-0.057718976578116726,300,3,"effect_l2,act_max,frequency",10000,10000,0.020636214494575082,0.004872439533441338
gemma_2_2b,collateral_raw,primary,logit_l2,-0.0004371320436599104,0.9940146215616726,-0.11371941799293069,0.11331232627921481,300,3,"effect_l2,act_max,frequency",10000,10000,1.0,1.0
gemma_2_2b,collateral_raw,primary,logit_linf,-0.11365185857349173,0.05037973745807857,-0.21643609661610055,-0.0038315712736008874,300,3,"effect_l2,act_max,frequency",10000,10000,0.342097535837011,0.07137129473227798
gemma_2_2b,collateral_raw,primary,logit_entropy,0.10196524489407131,0.07936158826069599,-0.01447670688481385,0.2164772956622614,300,3,"effect_l2,act_max,frequency",10000,10000,0.39680794130347996,0.1037805384947563
gemma_2_2b,collateral_raw,primary,logit_top10_mass,-0.14939615119802183,0.009929503095335187,-0.25709371575413975,-0.03808523387513264,300,3,"effect_l2,act_max,frequency",10000,10000,0.08936552785801669,0.018755728068966464
gemma_2_2b,collateral_raw,robust,crowding,0.5084709432399207,5.349665960397073e-21,0.4087484400599553,0.6005264590843103,300,2,"frequency,act_max",10000,10000,8.559465536635316e-20,4.547216066337512e-20
gemma_2_2b,collateral_raw,robust,crowd_max,0.3530798451791269,3.5491821586181137e-10,0.23504423667073127,0.4658148956836676,300,2,"frequency,act_max",10000,10000,4.613936806203547e-09,1.2067219339301587e-09
gemma_2_2b,collateral_raw,robust,dec_norm,0.01906341442013958,0.7431140956865725,-0.09913419628851244,0.1371856105789279,300,2,"frequency,act_max",10000,10000,1.0,0.8421959751114488
gemma_2_2b,collateral_raw,robust,enc_norm,0.4179241436073074,5.0097682356206125e-14,0.31388218236505494,0.5102076617418961,300,2,"frequency,act_max",10000,10000,7.514652353430919e-13,2.8388686668516804e-13
gemma_2_2b,collateral_raw,robust,enc_dec_cos,-0.622020827150499,2.6511772567912206e-33,-0.6920851006314611,-0.5398324288534839,300,2,"frequency,act_max",10000,10000,4.507001336545075e-32,4.507001336545075e-32
gemma_2_2b,collateral_raw,robust,bin_entropy,,,,,300,2,"frequency,act_max",10000,0,,
gemma_2_2b,collateral_raw,robust,act_entropy,0.10073233344349623,0.08256035536975427,-0.049709381389300956,0.22033529598854942,300,2,"frequency,act_max",10000,10000,0.49536213221852565,0.11696050344048521
gemma_2_2b,collateral_raw,robust,act_kurtosis,-0.24000767156192152,2.825123503362218e-05,-0.3353096315398187,-0.13372968203590704,300,2,"frequency,act_max",10000,10000,0.00025426111530259965,5.336344395239745e-05
gemma_2_2b,collateral_raw,robust,act_mag,0.2962871690407266,1.8815267849877437e-07,0.21068976886767632,0.3762700657309751,300,2,"frequency,act_max",10000,10000,2.069679463486518e-06,4.3127184699159044e-07
gemma_2_2b,collateral_raw,robust,act_mean_firing,0.3360060897920305,2.683684533093251e-09,0.22362285086788614,0.4365940382736833,300,2,"frequency,act_max",10000,10000,3.220421439711901e-08,7.603772843764212e-09
gemma_2_2b,collateral_raw,robust,act_std,0.2955235458433856,2.0295145740780726e-07,0.18890668878152564,0.39290895925236646,300,2,"frequency,act_max",10000,10000,2.069679463486518e-06,4.3127184699159044e-07
gemma_2_2b,collateral_raw,robust,coact_entropy,-0.3744057965059593,2.3790346573153184e-11,-0.457959904565499,-0.2733278050783805,300,2,"frequency,act_max",10000,10000,3.3306485202414454e-10,1.0110897293590103e-10
gemma_2_2b,collateral_raw,robust,coact_count,-0.19258741055459447,0.0008319481774190496,-0.3028226992863928,-0.07785335277509577,300,2,"frequency,act_max",10000,10000,0.005823637241933347,0.0012857380923748949
gemma_2_2b,collateral_raw,robust,logit_l2,0.21897211168679503,0.00013868366833286774,0.10915926010058165,0.323401073588358,300,2,"frequency,act_max",10000,10000,0.001109469346662942,0.00023576223616587517
gemma_2_2b,collateral_raw,robust,logit_linf,0.09102809431293364,0.11687146318163354,-0.02921886040471864,0.2094542573303807,300,2,"frequency,act_max",10000,10000,0.5843573159081676,0.14534328136230035
gemma_2_2b,collateral_raw,robust,logit_entropy,0.0038297386338340873,0.9475100424791211,-0.10520966278840371,0.11198683168097012,300,2,"frequency,act_max",10000,10000,1.0,1.0
gemma_2_2b,collateral_raw,robust,logit_top10_mass,-0.09033524853804299,0.11969446700424735,-0.20361982763864914,0.024940265792215466,300,2,"frequency,act_max",10000,10000,0.5843573159081676,0.14534328136230035
gemma_2_2b,collateral_raw,effect_only,crowding,0.26738118209369954,2.735396805967232e-06,0.15025266837799095,0.38159261499513536,300,1,effect_l2,10000,10000,3.2824761671606784e-05,6.496567414172176e-06
gemma_2_2b,collateral_raw,effect_only,crowd_max,0.22433939832847064,9.118232646800654e-05,0.10887964739390739,0.3360347432442837,300,1,effect_l2,10000,10000,0.0007294586117440523,0.00014437201690767703
gemma_2_2b,collateral_raw,effect_only,dec_norm,0.011821533595814155,0.8386939786083794,-0.1145051692383181,0.13529479964658972,300,1,effect_l2,10000,10000,1.0,0.8386939786083794
gemma_2_2b,collateral_raw,effect_only,enc_norm,0.03982155848206106,0.4927338978102846,-0.06989263008922746,0.1536631842569041,300,1,effect_l2,10000,10000,1.0,0.5507025916703181
gemma_2_2b,collateral_raw,effect_only,enc_dec_cos,-0.36681675254579743,5.91499654282015e-11,-0.4670128133835491,-0.2548341200038178,300,1,effect_l2,10000,10000,7.689495505666195e-10,1.6054990616226124e-10
gemma_2_2b,collateral_raw,effect_only,frequency,0.468201451529161,1.0736309696434654e-17,0.3669110222841338,0.5639711999044188,300,1,effect_l2,10000,10000,1.9325357453582377e-16,6.799662807741948e-17
gemma_2_2b,collateral_raw,effect_only,bin_entropy,0.468201451529161,1.0736309696434654e-17,0.3669110222841338,0.5639711999044188,300,1,effect_l2,10000,10000,1.9325357453582377e-16,6.799662807741948e-17
gemma_2_2b,collateral_raw,effect_only,act_entropy,0.46031646511296376,4.36453596707102e-17,0.3570828128262404,0.557190896964584,300,1,effect_l2,10000,10000,6.983257547313632e-16,2.0731545843587346e-16
gemma_2_2b,collateral_raw,effect_only,act_kurtosis,-0.3875355408787444,3.747863878421527e-12,-0.49017857034242046,-0.27926983344710066,300,1,effect_l2,10000,10000,5.247009429790138e-11,1.1868235615001503e-11
gemma_2_2b,collateral_raw,effect_only,act_mag,0.4957875169748107,5.913596048020805e-20,0.4001758894361905,0.5851776987286229,300,1,effect_l2,10000,10000,1.123583249123953e-18,1.123583249123953e-18
gemma_2_2b,collateral_raw,effect_only,act_mean_firing,0.236847273721372,3.5136172741486294e-05,0.1255393943816771,0.3471043291111847,300,1,effect_l2,10000,10000,0.00035136172741486295,6.675872820882396e-05
gemma_2_2b,collateral_raw,effect_only,act_std,0.44202324364154444,9.859030318013013e-16,0.34387388469238417,0.5342293964004762,300,1,effect_l2,10000,10000,1.478854547701952e-14,3.746431520844945e-15
gemma_2_2b,collateral_raw,effect_only,act_max,0.23148279926643223,5.323160377492837e-05,0.12159172717365417,0.3414489967626571,300,1,effect_l2,10000,10000,0.0004790844339743553,9.194549742942174e-05
gemma_2_2b,collateral_raw,effect_only,coact_entropy,0.26565144204246277,3.1888009538140667e-06,0.15238039709882062,0.3758899132207683,300,1,effect_l2,10000,10000,3.5076810491954733e-05,6.731913124718585e-06
gemma_2_2b,collateral_raw,effect_only,coact_count,-0.12960603772157783,0.025014967542149873,-0.24326903471253727,-0.008955549360116588,300,1,effect_l2,10000,10000,0.12507483771074937,0.03168562555338984
gemma_2_2b,collateral_raw,effect_only,logit_l2,-0.015076360569545089,0.7951588833812757,-0.12739622505179515,0.09787173101454165,300,1,effect_l2,10000,10000,1.0,0.8386939786083794
gemma_2_2b,collateral_raw,effect_only,logit_linf,-0.13725819105239367,0.01756204667063579,-0.24022773947889955,-0.02717211649934684,300,1,effect_l2,10000,10000,0.10537228002381474,0.023834206195862857
gemma_2_2b,collateral_raw,effect_only,logit_entropy,0.10952463970394498,0.058541670054326804,-0.005560715524455529,0.22301257953616452,300,1,effect_l2,10000,10000,0.23416668021730722,0.06951823318951308
gemma_2_2b,collateral_raw,effect_only,logit_top10_mass,-0.15422453496827435,0.007548526563598802,-0.26178720577588976,-0.043619492191471126,300,1,effect_l2,10000,10000,0.05283968594519162,0.011032461900644403
gemma_2_2b,collateral_ctilde,none,crowding,0.06909143434927055,0.23281878235124578,-0.05362212323279321,0.19185173982670567,300,0,,10000,10000,0.4987789148465952,0.24575315914853724
gemma_2_2b,collateral_ctilde,none,crowd_max,0.11426594898453932,0.04800061007793402,-0.007151433451315604,0.23175090114733982,300,0,,10000,10000,0.2666946816415266,0.06080077276538309
gemma_2_2b,collateral_ctilde,none,dec_norm,0.042093610693278376,0.4676174636830428,-0.08609483224407262,0.16739594385885753,300,0,,10000,10000,0.4987789148465952,0.4676174636830428
gemma_2_2b,collateral_ctilde,none,enc_norm,-0.11879598662207358,0.039753221564709756,-0.23213558899662212,-0.0020642784327752446,300,0,,10000,10000,0.2666946816415266,0.05395080069496324
gemma_2_2b,collateral_ctilde,none,enc_dec_cos,-0.14447028794434338,0.012244877495233694,-0.25834855919266325,-0.028340443055965593,300,0,,10000,10000,0.12244877495233694,0.022145969716294567
gemma_2_2b,collateral_ctilde,none,frequency,0.4709080264214696,5.7939880634624314e-18,0.36122191286719524,0.5689147428118033,300,0,,10000,10000,1.100857732057862e-16,5.50428866028931e-17
gemma_2_2b,collateral_ctilde,none,bin_entropy,0.4709080264214696,5.7939880634624314e-18,0.36122191286719524,0.5689147428118033,300,0,,10000,10000,1.100857732057862e-16,5.50428866028931e-17
gemma_2_2b,collateral_ctilde,none,act_entropy,0.46854876165290726,8.894611531988855e-18,0.35951428745587966,0.5677833330916396,300,0,,10000,10000,1.5120839604381053e-16,5.633253970259608e-17
gemma_2_2b,collateral_ctilde,none,act_kurtosis,-0.39998266647407194,5.940351644587806e-13,-0.502112512672579,-0.2882118050610329,300,0,,10000,10000,8.91052746688171e-12,2.2573336249433665e-12
gemma_2_2b,collateral_ctilde,none,act_mag,0.42913854598384427,7.158618843481094e-15,0.31977572212514627,0.526268415789982,300,0,,10000,10000,1.145379014956975e-13,3.40034395065352e-14
gemma_2_2b,collateral_ctilde,none,act_mean_firing,0.11979866442960477,0.0380992402345038,-0.0014396038507158715,0.23278044860494285,300,0,,10000,10000,0.2666946816415266,0.05395080069496324
gemma_2_2b,collateral_ctilde,none,act_std,0.3386593184368715,1.7432806731332066e-09,0.22232056131265376,0.44254005582556133,300,0,,10000,10000,2.4405929423864893e-08,5.520388798255155e-09
gemma_2_2b,collateral_ctilde,none,act_max,0.1366299625551395,0.017897352821976957,0.02022164572780988,0.24736356114661723,300,0,,10000,10000,0.14317882257581566,0.028337475301463518
gemma_2_2b,collateral_ctilde,none,coact_entropy,0.2984811273993205,1.3727976321082778e-07,0.18577375082342015,0.4071710064188287,300,0,,10000,10000,1.784636921740761e-06,3.7261650014367544e-07
gemma_2_2b,collateral_ctilde,none,coact_count,-0.08012985935055887,0.1662596382821984,-0.19246813913827326,0.03687594475963567,300,0,,10000,10000,0.4987789148465952,0.1858195957271629
gemma_2_2b,collateral_ctilde,none,logit_l2,-0.10777630862565139,0.06226816348259841,-0.22487630777535822,0.014460239356960367,300,0,,10000,10000,0.2666946816415266,0.07394344413558561
gemma_2_2b,collateral_ctilde,none,logit_linf,-0.2207308970099668,0.0001157941631003908,-0.3276405049318709,-0.10965666681970558,300,0,,10000,10000,0.0013895299572046897,0.00027501113736342817
gemma_2_2b,collateral_ctilde,none,logit_entropy,0.14353919828194386,0.012821350888381065,0.026052488930209703,0.25631205152862957,300,0,,10000,10000,0.12244877495233694,0.022145969716294567
gemma_2_2b,collateral_ctilde,none,logit_top10_mass,-0.18743274925276948,0.0011069440406085702,-0.294650210055526,-0.07499279158223993,300,0,,10000,10000,0.012176384446694272,0.002336881863506982
gemma_2_2b,collateral_ctilde,primary,crowding,0.2638256054278569,4.037570757292405e-06,0.1415723936844682,0.37580008504358003,300,3,"effect_l2,act_max,frequency",10000,10000,6.0563561359386075e-05,2.2879567624656963e-05
gemma_2_2b,collateral_ctilde,primary,crowd_max,0.17226739452505047,0.0028958543939468853,0.05385939598993417,0.28754840354952715,300,3,"effect_l2,act_max,frequency",10000,10000,0.03764610712130951,0.008970888969395909
gemma_2_2b,collateral_ctilde,primary,dec_norm,0.08048320806877098,0.16653652415752476,-0.04233784186579422,0.20561945400472234,300,3,"effect_l2,act_max,frequency",10000,10000,0.666146096630099,0.20222292219128007
gemma_2_2b,collateral_ctilde,primary,enc_norm,0.1256620879813497,0.030381694715799833,0.009558192410461054,0.2341116985172492,300,3,"effect_l2,act_max,frequency",10000,10000,0.29657558476594126,0.057387645574288576
gemma_2_2b,collateral_ctilde,primary,enc_dec_cos,-0.4419595107952177,1.2422773763613576e-15,-0.5301631813856096,-0.3397304184304575,300,3,"effect_l2,act_max,frequency",10000,10000,2.1118715398143078e-14,2.1118715398143078e-14
gemma_2_2b,collateral_ctilde,primary,bin_entropy,,,,,300,3,"effect_l2,act_max,frequency",10000,0,,
gemma_2_2b,collateral_ctilde,primary,act_entropy,0.017388434905744814,0.7653782362176342,-0.09632753688733486,0.1344180248776774,300,3,"effect_l2,act_max,frequency",10000,10000,1.0,0.8674286677133188
gemma_2_2b,collateral_ctilde,primary,act_kurtosis,-0.09167109913269882,0.11491287198949705,-0.20322910672415478,0.016885097633461618,300,3,"effect_l2,act_max,frequency",10000,10000,0.5745643599474852,0.15027067875549613
gemma_2_2b,collateral_ctilde,primary,act_mag,0.1175452528176213,0.042947697549077395,0.02147423693322222,0.2332833659991216,300,3,"effect_l2,act_max,frequency",10000,10000,0.30063388284354176,0.0663737143940287
gemma_2_2b,collateral_ctilde,primary,act_mean_firing,0.25395481624654226,9.380708337498716e-06,0.13824452806273643,0.3554183547541173,300,3,"effect_l2,act_max,frequency",10000,10000,0.00013132991672498202,3.986801043436954e-05
gemma_2_2b,collateral_ctilde,primary,act_std,0.12081399493439705,0.03744134265891841,0.01381706128184288,0.23371509305971247,300,3,"effect_l2,act_max,frequency",10000,10000,0.29953074127134727,0.06365028252016129
gemma_2_2b,collateral_ctilde,primary,coact_entropy,-0.31995012703447206,1.7044333385520032e-08,-0.41003614478881867,-0.21318253628574876,300,3,"effect_l2,act_max,frequency",10000,10000,2.727093341683205e-07,1.4487683377692028e-07
gemma_2_2b,collateral_ctilde,primary,coact_count,-0.16107368996223814,0.005396204768693377,-0.2737664010440867,-0.043276583631284525,300,3,"effect_l2,act_max,frequency",10000,10000,0.05935825245562715,0.01310506872396963
gemma_2_2b,collateral_ctilde,primary,logit_l2,0.010593770799785587,0.8557357929782825,-0.10475913589838527,0.12389288000960891,300,3,"effect_l2,act_max,frequency",10000,10000,1.0,0.9092192800394252
gemma_2_2b,collateral_ctilde,primary,logit_linf,-0.12621227325745032,0.029657558476594126,-0.23277569088511052,-0.019146987933096375,300,3,"effect_l2,act_max,frequency",10000,10000,0.29657558476594126,0.057387645574288576
gemma_2_2b,collateral_ctilde,primary,logit_entropy,0.11087321178011565,0.05631562971400871,-0.0064400837267580115,0.22282156535398198,300,3,"effect_l2,act_max,frequency",10000,10000,0.33789377828405226,0.07978047542817901
gemma_2_2b,collateral_ctilde,primary,logit_top10_mass,-0.17070283593971422,0.003166196106845615,-0.27467746366169044,-0.06297890941338459,300,3,"effect_l2,act_max,frequency",10000,10000,0.037994353282147376,0.008970888969395909
gemma_2_2b,collateral_ctilde,robust,crowding,0.05937527165894858,0.30698449387733234,-0.06473655385778049,0.18212839758241692,300,2,"frequency,act_max",10000,10000,1.0,0.521873639591465
gemma_2_2b,collateral_ctilde,robust,crowd_max,0.04766725528569191,0.4122889239385088,-0.07152038838594182,0.16819173155511793,300,2,"frequency,act_max",10000,10000,1.0,0.5812319788638493
gemma_2_2b,collateral_ctilde,robust,dec_norm,0.08695369626049233,0.13424167159908965,-0.04049972578334163,0.21242105310684534,300,2,"frequency,act_max",10000,10000,1.0,0.25356760190939154
gemma_2_2b,collateral_ctilde,robust,enc_norm,-0.055085485600043255,0.3433096230433436,-0.17356053985570924,0.06364894864016797,300,2,"frequency,act_max",10000,10000,1.0,0.5305694174306219
gemma_2_2b,collateral_ctilde,robust,enc_dec_cos,-0.24409912070761705,2.037689389755938e-05,-0.3585458900222873,-0.12518653256460005,300,2,"frequency,act_max",10000,10000,0.00034640719625850946,0.00018134837806244077
gemma_2_2b,collateral_ctilde,robust,bin_entropy,,,,,300,2,"frequency,act_max",10000,0,,
gemma_2_2b,collateral_ctilde,robust,act_entropy,-0.022795627568649366,0.6951242413970021,-0.1244811995940164,0.0847124865460064,300,2,"frequency,act_max",10000,10000,1.0,0.7653406688642019
gemma_2_2b,collateral_ctilde,robust,act_kurtosis,-0.020825413505666406,0.7203206295192489,-0.1378730816206377,0.08455545479104302,300,2,"frequency,act_max",10000,10000,1.0,0.7653406688642019
gemma_2_2b,collateral_ctilde,robust,act_mag,0.04207141084322993,0.46935232626065004,-0.054056081555765155,0.1612585415003885,300,2,"frequency,act_max",10000,10000,1.0,0.5812319788638493
gemma_2_2b,collateral_ctilde,robust,act_mean_firing,0.16676576881001393,0.0038897408728267974,0.05025675813089777,0.27249800040814914,300,2,"frequency,act_max",10000,10000,0.05056663134674837,0.01322511896761111
gemma_2_2b,collateral_ctilde,robust,act_std,0.04119550972491151,0.47866162965258174,-0.06328867483317331,0.15244909751801797,300,2,"frequency,act_max",10000,10000,1.0,0.5812319788638493
gemma_2_2b,collateral_ctilde,robust,coact_entropy,-0.24352798987959728,2.133510330146362e-05,-0.3352462766741451,-0.13519028502462857,300,2,"frequency,act_max",10000,10000,0.00034640719625850946,0.00018134837806244077
gemma_2_2b,collateral_ctilde,robust,coact_count,-0.1336547288465204,0.02100438734655395,-0.2521041158580913,-0.013209031941470828,300,2,"frequency,act_max",10000,10000,0.23104826081209345,0.05101065498448817
gemma_2_2b,collateral_ctilde,robust,logit_l2,-0.08896413744959929,0.12543742675358172,-0.20851948719648927,0.03638526070280792,300,2,"frequency,act_max",10000,10000,1.0,0.25356760190939154
gemma_2_2b,collateral_ctilde,robust,logit_linf,-0.19609115774921398,0.0006642193917830064,-0.3024755170090314,-0.08104614360481927,300,2,"frequency,act_max",10000,10000,0.009963290876745096,0.0037639098867703696
gemma_2_2b,collateral_ctilde,robust,logit_entropy,0.1408102411992798,0.014987616528978315,0.02204534949622844,0.2569431157313101,300,2,"frequency,act_max",10000,10000,0.17985139834773978,0.042464913498771885
gemma_2_2b,collateral_ctilde,robust,logit_top10_mass,-0.17777213824228208,0.002066542264297387,-0.28201206665254297,-0.0695950454617844,300,2,"frequency,act_max",10000,10000,0.02893159170016342,0.008782804623263895
gemma_2_2b,collateral_ctilde,effect_only,crowding,0.26613902783666454,3.0542104106242944e-06,0.14696562612142372,0.37821129508651474,300,1,effect_l2,10000,10000,3.359631451686724e-05,6.447777533540177e-06
gemma_2_2b,collateral_ctilde,effect_only,crowd_max,0.23512357758544256,4.019614650645704e-05,0.11886440454819326,0.3444963145047753,300,1,effect_l2,10000,10000,0.00040196146506457035,7.637267836226837e-05
gemma_2_2b,collateral_ctilde,effect_only,dec_norm,0.03652264329358355,0.529283474682394,-0.08900047429810413,0.15770509624667758,300,1,effect_l2,10000,10000,1.0,0.5915521187626757
gemma_2_2b,collateral_ctilde,effect_only,enc_norm,0.033459509232018854,0.5644077165869952,-0.07687959094405435,0.13870663759300128,300,1,effect_l2,10000,10000,1.0,0.5957637008418283
gemma_2_2b,collateral_ctilde,effect_only,enc_dec_cos,-0.32639464203336155,7.501499550464333e-09,-0.42608238514846075,-0.21482512575882365,300,1,effect_l2,10000,10000,9.751949415603633e-08,2.0361213065546044e-08
gemma_2_2b,collateral_ctilde,effect_only,frequency,0.48181679203402106,8.73766928458438e-19,0.380469589922572,0.5753061590626899,300,1,effect_l2,10000,10000,1.6466663538553238e-17,5.5338572135701075e-18
gemma_2_2b,collateral_ctilde,effect_only,bin_entropy,0.48181679203402106,8.73766928458438e-19,0.380469589922572,0.5753061590626899,300,1,effect_l2,10000,10000,1.6466663538553238e-17,5.5338572135701075e-18
gemma_2_2b,collateral_ctilde,effect_only,act_entropy,0.47647293633468957,2.3702404728185277e-18,0.3730946216945731,0.5707783371087742,300,1,effect_l2,10000,10000,3.7923847565096444e-17,1.1258642245888006e-17
gemma_2_2b,collateral_ctilde,effect_only,act_kurtosis,-0.4029030354118164,4.256632877139651e-13,-0.5009195259240145,-0.29884689350097043,300,1,effect_l2,10000,10000,5.959286027995511e-12,1.3479337444275563e-12
gemma_2_2b,collateral_ctilde,effect_only,act_mag,0.48186010212031116,8.666665020291178e-19,0.38440065704893345,0.5700874849002417,300,1,effect_l2,10000,10000,1.6466663538553238e-17,5.5338572135701075e-18
gemma_2_2b,collateral_ctilde,effect_only,act_mean_firing,0.21857293477189216,0.00013907095612201683,0.10796707404493129,0.32280447362322395,300,1,effect_l2,10000,10000,0.0012516386050981515,0.00024021346966530182
gemma_2_2b,collateral_ctilde,effect_only,act_std,0.4177633300298528,4.6567817474591626e-14,0.31414216716929977,0.5114332093331178,300,1,effect_l2,10000,10000,6.985172621188744e-13,1.7695770640344819e-13
gemma_2_2b,collateral_ctilde,effect_only,act_max,0.20639204689964366,0.00032731891660064933,0.09451638031914215,0.3122225874447849,300,1,effect_l2,10000,10000,0.0026185513328051946,0.0005182549512843614
gemma_2_2b,collateral_ctilde,effect_only,coact_entropy,0.27669300501812816,1.1760279489639392e-06,0.16478166298624344,0.38509370130792253,300,1,effect_l2,10000,10000,1.411233538756727e-05,2.7930663787893553e-06
gemma_2_2b,collateral_ctilde,effect_only,coact_count,-0.10790381145429634,0.0623975453998696,-0.22462066259093058,0.007930603557812013,300,1,effect_l2,10000,10000,0.2495901815994784,0.07409708516234516
gemma_2_2b,collateral_ctilde,effect_only,logit_l2,-0.011654410924639171,0.8409438690235095,-0.12584014451468484,0.10403863350676575,300,1,effect_l2,10000,10000,1.0,0.8409438690235095
gemma_2_2b,collateral_ctilde,effect_only,logit_linf,-0.15349186008838336,0.007842448248618697,-0.2591077674881415,-0.04602272783525537,300,1,effect_l2,10000,10000,0.04705468949171218,0.010643322623125376
gemma_2_2b,collateral_ctilde,effect_only,logit_entropy,0.11677385347378337,0.043626823813606316,0.0012661105738041099,0.22875243725982433,300,1,effect_l2,10000,10000,0.2181341190680316,0.05526064349723467
gemma_2_2b,collateral_ctilde,effect_only,logit_top10_mass,-0.1753544989142025,0.0023417396321372967,-0.2818903534719071,-0.06211734897673811,300,1,effect_l2,10000,10000,0.016392177424961078,0.0034225425392775876
gemma_2_2b,kl_mean,none,crowding,0.4873054145046056,2.68355067668701e-19,0.38936500153800907,0.5728094474846507,300,0,,10000,10000,4.830391218036618e-18,2.5493731428526594e-18
gemma_2_2b,kl_mean,none,crowd_max,0.30665455245664613,5.946987367311525e-08,0.18953085892129107,0.4160836628664243,300,0,,10000,10000,8.325782314236135e-07,1.8832126663153161e-07
gemma_2_2b,kl_mean,none,dec_norm,-0.06380885204308286,0.27058735695194336,-0.1805815066742305,0.054539711338395885,300,0,,10000,10000,1.0,0.3427439854724616
gemma_2_2b,kl_mean,none,enc_norm,0.5144803831153679,1.130473361970904e-21,0.4170507158120068,0.5988722161800833,300,0,,10000,10000,2.1478993877447175e-20,2.1478993877447175e-20
gemma_2_2b,kl_mean,none,enc_dec_cos,-0.43097861431556334,5.33800432194833e-15,-0.5276054114133165,-0.32336361608943454,300,0,,10000,10000,9.074607347312161e-14,3.380736070567276e-14
gemma_2_2b,kl_mean,none,frequency,0.07406816257635315,0.20079128609700503,-0.046583305836991024,0.19305053009537598,300,0,,10000,10000,1.0,0.27250245970307824
gemma_2_2b,kl_mean,none,bin_entropy,0.07406816257635315,0.20079128609700503,-0.046583305836991024,0.19305053009537598,300,0,,10000,10000,1.0,0.27250245970307824
gemma_2_2b,kl_mean,none,act_entropy,0.05849842776030846,0.312563487279732,-0.060991408162302134,0.1781314377734926,300,0,,10000,10000,1.0,0.37116914114468175
gemma_2_2b,kl_mean,none,act_kurtosis,-0.003692485472060798,0.9492179059882804,-0.1212437060721116,0.11573444521533588,300,0,,10000,10000,1.0,0.9492179059882805
gemma_2_2b,kl_mean,none,act_mag,0.2241220458005089,9.016936296045027e-05,0.10557800536957053,0.33777743135490496,300,0,,10000,10000,0.0008115242666440524,0.00015574708147714138
gemma_2_2b,kl_mean,none,act_mean_firing,0.36980855342837143,3.7283039233876745e-11,0.2589257492537787,0.4731431963025995,300,0,,10000,10000,5.965286277420279e-10,1.7709443636091455e-10
gemma_2_2b,kl_mean,none,act_std,0.30056467294081046,1.1118656989223258e-07,0.1804748110413021,0.4113957942956687,300,0,,10000,10000,1.4454254085990236e-06,3.0179211827891706e-07
gemma_2_2b,kl_mean,none,act_max,0.2917334637051523,2.6864778326201664e-07,0.1754620101325515,0.39884487237382094,300,0,,10000,10000,3.2237733991442e-06,6.380384852472895e-07
gemma_2_2b,kl_mean,none,coact_entropy,0.004655607801820921,0.9359976306489783,-0.1145324198206766,0.1236429831165866,300,0,,10000,10000,1.0,0.9492179059882805
gemma_2_2b,kl_mean,none,coact_count,-0.01400750297976532,0.8090776645348191,-0.13173086745177207,0.10719922491006027,300,0,,10000,10000,1.0,0.9042632721271507
gemma_2_2b,kl_mean,none,logit_l2,0.3358823986933188,2.407274428889902e-09,0.22585203171592141,0.4391437011780166,300,0,,10000,10000,3.610911643334853e-08,9.147642829781628e-09
gemma_2_2b,kl_mean,none,logit_linf,0.2643384926499183,3.447236385510839e-06,0.14644284347074144,0.3758420749874196,300,0,,10000,10000,3.791960024061923e-05,7.277499036078439e-06
gemma_2_2b,kl_mean,none,logit_entropy,-0.2527404480295859,9.359207861602066e-06,-0.3581375497604531,-0.14239657855414956,300,0,,10000,10000,9.359207861602066e-05,1.7782494937043925e-05
gemma_2_2b,kl_mean,none,logit_top10_mass,0.12875031944799387,0.025747410589332415,0.011295966650692327,0.2430545292796754,300,0,,10000,10000,0.20597928471465932,0.04076673343310966
gemma_2_2b,kl_mean,primary,crowding,0.11986567602726172,0.038973602314380365,-0.0076489754696132655,0.23942254743836822,300,3,"effect_l2,act_max,frequency",10000,10000,0.5456304324013251,0.16563780983611656
gemma_2_2b,kl_mean,primary,crowd_max,0.025057670477065096,0.6671355619466427,-0.09517037735251696,0.14605995447499906,300,3,"effect_l2,act_max,frequency",10000,10000,1.0,0.7088315345683078
gemma_2_2b,kl_mean,primary,dec_norm,-0.05845370912102858,0.3153864844767769,-0.17188258807661788,0.05622150891374373,300,3,"effect_l2,act_max,frequency",10000,10000,1.0,0.44679751967543396
gemma_2_2b,kl_mean,primary,enc_norm,0.14268149095374189,0.013848703859585561,0.01650196006107794,0.2656987786234741,300,3,"effect_l2,act_max,frequency",10000,10000,0.22157926175336898,0.11771398280647727
gemma_2_2b,kl_mean,primary,enc_dec_cos,-0.09052198711089929,0.1195544163278566,-0.20957738356000674,0.026615312834595978,300,3,"effect_l2,act_max,frequency",10000,10000,1.0,0.25405313469669527
gemma_2_2b,kl_mean,primary,bin_entropy,,,,,300,3,"effect_l2,act_max,frequency",10000,0,,
gemma_2_2b,kl_mean,primary,act_entropy,0.04561892803968333,0.43346565715827157,-0.06697025097514148,0.14617675911797168,300,3,"effect_l2,act_max,frequency",10000,10000,1.0,0.5668397055146628
gemma_2_2b,kl_mean,primary,act_kurtosis,-0.03575501364353576,0.5393550232574404,-0.130636336295795,0.0594206359705941,300,3,"effect_l2,act_max,frequency",10000,10000,1.0,0.6112690263584325
gemma_2_2b,kl_mean,primary,act_mag,0.09724050862760125,0.09438399589352671,0.006451025102521665,0.18514860389600155,300,3,"effect_l2,act_max,frequency",10000,10000,1.0,0.25405313469669527
gemma_2_2b,kl_mean,primary,act_mean_firing,0.123142125399513,0.03389455491814838,0.021355551697143756,0.2255572115912649,300,3,"effect_l2,act_max,frequency",10000,10000,0.5084183237722256,0.16563780983611656
gemma_2_2b,kl_mean,primary,act_std,0.08309264581159766,0.1531694535067226,-0.021542914654425836,0.18759885614458263,300,3,"effect_l2,act_max,frequency",10000,10000,1.0,0.2708640314186503
gemma_2_2b,kl_mean,primary,coact_entropy,0.09265273909681744,0.11106054784098135,-0.02299078098135731,0.20927556923967267,300,3,"effect_l2,act_max,frequency",10000,10000,1.0,0.25405313469669527
gemma_2_2b,kl_mean,primary,coact_count,0.08186922819844575,0.15933178318744134,-0.03511546668698858,0.1933445928356892,300,3,"effect_l2,act_max,frequency",10000,10000,1.0,0.2708640314186503
gemma_2_2b,kl_mean,primary,logit_l2,0.0637747523774067,0.2732735347138381,-0.07498795635219949,0.1938008929141697,300,3,"effect_l2,act_max,frequency",10000,10000,1.0,0.4223318263759316
gemma_2_2b,kl_mean,primary,logit_linf,0.03661426948947816,0.5296444778664504,-0.08854800942848123,0.15881053226730185,300,3,"effect_l2,act_max,frequency",10000,10000,1.0,0.6112690263584325
gemma_2_2b,kl_mean,primary,logit_entropy,-0.23674811558864348,3.7628053713259236e-05,-0.33661441938097436,-0.12773799165858532,300,3,"effect_l2,act_max,frequency",10000,10000,0.000639676913125407,0.000639676913125407
gemma_2_2b,kl_mean,primary,logit_top10_mass,0.10535888937000609,0.06981410457444123,-0.006895472473100721,0.21091866265517512,300,3,"effect_l2,act_max,frequency",10000,10000,0.907583359467736,0.23736795555310017
gemma_2_2b,kl_mean,robust,crowding,0.44979734874843996,3.007315474869126e-16,0.34591693849082505,0.5416563966409629,300,2,"frequency,act_max",10000,10000,4.811704759790601e-15,2.556218153638757e-15
gemma_2_2b,kl_mean,robust,crowd_max,0.2795240933051958,9.431869685164793e-07,0.16388365150941156,0.3932440002222209,300,2,"frequency,act_max",10000,10000,1.2261430590714231e-05,3.2068356929560294e-06
gemma_2_2b,kl_mean,robust,dec_norm,-0.0671859894510774,0.2475819785633729,-0.1873629997687608,0.057870343378233206,300,2,"frequency,act_max",10000,10000,0.7538202432032826,0.2805929090384893
gemma_2_2b,kl_mean,robust,enc_norm,0.4716411413885012,6.539388583867359e-18,0.3686257213661425,0.5654163790089087,300,2,"frequency,act_max",10000,10000,1.111696059257451e-16,1.111696059257451e-16
gemma_2_2b,kl_mean,robust,enc_dec_cos,-0.38095596575856894,9.959933266381306e-12,-0.4870194697839938,-0.2665428052369572,300,2,"frequency,act_max",10000,10000,1.493989989957196e-10,5.64396218428274e-11
gemma_2_2b,kl_mean,robust,bin_entropy,,,,,300,2,"frequency,act_max",10000,0,,
gemma_2_2b,kl_mean,robust,act_entropy,0.13214973491144522,0.022507874110351163,-0.018026847937625552,0.2465843843387577,300,2,"frequency,act_max",10000,10000,0.135047244662107,0.03188615498966415
gemma_2_2b,kl_mean,robust,act_kurtosis,-0.18810763526406887,0.0011032955802977292,-0.28890118249297525,-0.07816324763435666,300,2,"frequency,act_max",10000,10000,0.007723069062084104,0.0017050931695510362
gemma_2_2b,kl_mean,robust,act_mag,0.23910217467682113,3.03464418917248e-05,0.14169525916710304,0.32377005756323907,300,2,"frequency,act_max",10000,10000,0.00030346441891724804,6.44861890199152e-05
gemma_2_2b,kl_mean,robust,act_mean_firing,0.26263964542324075,4.312149499776285e-06,0.1503926819963249,0.36602994201680034,300,2,"frequency,act_max",10000,10000,5.174579399731542e-05,1.0611238464869862e-05
gemma_2_2b,kl_mean,robust,act_std,0.23742968242269216,3.460819701515394e-05,0.1230485529805094,0.3350799335332272,300,2,"frequency,act_max",10000,10000,0.00031147377313638547,6.537103880640188e-05
gemma_2_2b,kl_mean,robust,coact_entropy,-0.07639504845757869,0.18845506080082064,-0.19428634288261623,0.043173621687847955,300,2,"frequency,act_max",10000,10000,0.7538202432032826,0.2288382881152822
gemma_2_2b,kl_mean,robust,coact_count,0.008141303709196978,0.8886976356268237,-0.11232977626591635,0.1263587264358093,300,2,"frequency,act_max",10000,10000,1.0,0.9442412378535001
gemma_2_2b,kl_mean,robust,logit_l2,0.2904074874731229,3.3514701547423295e-07,0.1749372603898358,0.4001674718826038,300,2,"frequency,act_max",10000,10000,4.692058216639261e-06,1.42437481576549e-06
gemma_2_2b,kl_mean,robust,logit_linf,0.22627837406459927,8.114621146664786e-05,0.10364986261997791,0.3424285433837504,300,2,"frequency,act_max",10000,10000,0.0006491696917331829,0.00013794855949330137
gemma_2_2b,kl_mean,robust,logit_entropy,-0.2624881770145473,4.369333485534649e-06,-0.36612782582614867,-0.15227527692105822,300,2,"frequency,act_max",10000,10000,5.174579399731542e-05,1.0611238464869862e-05
gemma_2_2b,kl_mean,robust,logit_top10_mass,0.11217484802454325,0.05306283470008084,-0.006052316837544947,0.2272173709022132,300,2,"frequency,act_max",10000,10000,0.2653141735004042,0.06938986076164418
gemma_2_2b,kl_mean,effect_only,crowding,0.13914215065326857,0.016056098346210423,0.01560089964681111,0.25928159609804685,300,1,effect_l2,10000,10000,0.2087292785007355,0.043580838368285434
gemma_2_2b,kl_mean,effect_only,crowd_max,0.04607227597795129,0.42734171004016375,-0.07156936808905894,0.1680055827064645,300,1,effect_l2,10000,10000,1.0,0.46988976585289755
gemma_2_2b,kl_mean,effect_only,dec_norm,-0.06133479273918225,0.29045185265006024,-0.17056112220494457,0.05260248198757178,300,1,effect_l2,10000,10000,1.0,0.3449115750219465
gemma_2_2b,kl_mean,effect_only,enc_norm,0.16412797530849607,0.004434573958950167,0.02943452383331567,0.29438200411028126,300,1,effect_l2,10000,10000,0.062084035425302345,0.01404281753667553
gemma_2_2b,kl_mean,effect_only,enc_dec_cos,-0.11044646161512367,0.05643797351811975,-0.2314055021481693,0.011422210827454126,300,1,effect_l2,10000,10000,0.5617716373347637,0.09748377244038867
gemma_2_2b,kl_mean,effect_only,frequency,0.11293472829864772,0.05107014884861488,-0.004070789659912416,0.232073914483283,300,1,effect_l2,10000,10000,0.5617716373347637,0.09703328281236827
gemma_2_2b,kl_mean,effect_only,bin_entropy,0.11293472829864772,0.05107014884861488,-0.004070789659912416,0.232073914483283,300,1,effect_l2,10000,10000,0.5617716373347637,0.09703328281236827
gemma_2_2b,kl_mean,effect_only,act_entropy,0.10327958990646248,0.07455994369150726,-0.013968995628632555,0.2227867264631572,300,1,effect_l2,10000,10000,0.5617716373347637,0.10897222539527984
gemma_2_2b,kl_mean,effect_only,act_kurtosis,-0.0401036615874812,0.48967209929335487,-0.16223339415715482,0.07784179589153746,300,1,effect_l2,10000,10000,1.0,0.4896720992933549
gemma_2_2b,kl_mean,effect_only,act_mag,0.17352358395163126,0.0026055349295018904,0.05672995508922676,0.28911864585943775,300,1,effect_l2,10000,10000,0.039083023942528355,0.009901032732107183
gemma_2_2b,kl_mean,effect_only,act_mean_firing,0.20055131080424782,0.0004851172889149717,0.08313721140549582,0.31348229037812236,300,1,effect_l2,10000,10000,0.00873211120046949,0.004173129705121548
gemma_2_2b,kl_mean,effect_only,act_std,0.1958901083492864,0.0006589152165981391,0.07922430318446011,0.31020671177567105,300,1,effect_l2,10000,10000,0.011201558682168364,0.004173129705121548
gemma_2_2b,kl_mean,effect_only,act_max,0.1754356394159513,0.002330632932862349,0.06051752457751893,0.28716622138062337,300,1,effect_l2,10000,10000,0.037290126925797584,0.009901032732107183
gemma_2_2b,kl_mean,effect_only,coact_entropy,0.136096024326685,0.018551247442113353,0.019002305473115162,0.24979513639245857,300,1,effect_l2,10000,10000,0.22261496930536023,0.044059212675019215
gemma_2_2b,kl_mean,effect_only,coact_count,0.07779283446131519,0.1797376425052479,-0.03900479384542806,0.18995356076762537,300,1,effect_l2,10000,10000,1.0,0.22766768050664735
gemma_2_2b,kl_mean,effect_only,logit_l2,0.07938472056922538,0.17096739984786094,-0.05645025728234376,0.2106154902290693,300,1,effect_l2,10000,10000,1.0,0.22766768050664735
gemma_2_2b,kl_mean,effect_only,logit_linf,0.04431891600734083,0.44515872554485036,-0.0754713706329597,0.16392917223553943,300,1,effect_l2,10000,10000,1.0,0.46988976585289755
gemma_2_2b,kl_mean,effect_only,logit_entropy,-0.22544891199202208,8.396338265952154e-05,-0.32488788932380736,-0.11704859977137895,300,1,effect_l2,10000,10000,0.0015953042705309092,0.0015953042705309092
gemma_2_2b,kl_mean,effect_only,logit_top10_mass,0.10738833943443948,0.0636667703270285,0.00017909062112278346,0.21049947068921038,300,1,effect_l2,10000,10000,0.5617716373347637,0.1008057196844618
gemma_2_2b,kl_per_effect,none,crowding,0.21065789619884664,0.00023804457239169334,0.09475756063920478,0.32366547004198226,300,0,,10000,10000,0.003332624013483707,0.0007465457776166523
gemma_2_2b,kl_per_effect,none,crowd_max,0.12168025441174471,0.0351523378247218,0.007545398393148606,0.23836412950290364,300,0,,10000,10000,0.21091402694833078,0.047706744190693866
gemma_2_2b,kl_per_effect,none,dec_norm,-0.0650691551741711,0.2612180352757904,-0.1759807020445485,0.04584607687872819,300,0,,10000,10000,0.5879957862518426,0.27573014834666765
gemma_2_2b,kl_per_effect,none,enc_norm,0.23343814931277015,4.446990920748862e-05,0.12036706408075071,0.34244230684220567,300,0,,10000,10000,0.0007115185473198179,0.00021123206873557095
gemma_2_2b,kl_per_effect,none,enc_dec_cos,-0.16769210410028038,0.003579258715680421,-0.2818671960568059,-0.049742874461289645,300,0,,10000,10000,0.04295110458816505,0.008500739449741
gemma_2_2b,kl_per_effect,none,frequency,0.14101718377203187,0.014504497206866356,0.02140838712055475,0.25892869705899363,300,0,,10000,10000,0.14504497206866357,0.025053222448223708
gemma_2_2b,kl_per_effect,none,bin_entropy,0.14101718377203187,0.014504497206866356,0.02140838712055475,0.25892869705899363,300,0,,10000,10000,0.14504497206866357,0.025053222448223708
gemma_2_2b,kl_per_effect,none,act_entropy,0.13107523416926856,0.023170191992043572,0.01215361369306855,0.24809201348215568,300,0,,10000,10000,0.162191343944305,0.03386412675760214
gemma_2_2b,kl_per_effect,none,act_kurtosis,-0.07690263225146945,0.18404599509601624,-0.1924166171200459,0.04106123671137739,300,0,,10000,10000,0.5879957862518426,0.20569846510731227
gemma_2_2b,kl_per_effect,none,act_mag,0.2133348148312759,0.00019719320722516443,0.09586972958186517,0.329274717721078,300,0,,10000,10000,0.0029578981083774663,0.0007465457776166523
gemma_2_2b,kl_per_effect,none,act_mean_firing,0.2433102590028778,2.036348881199298e-05,0.13036104326627745,0.3541722658181938,300,0,,10000,10000,0.0003869062874278666,0.0001866788723555245
gemma_2_2b,kl_per_effect,none,act_std,0.23932932588139869,2.8014097669888666e-05,0.12431453364766917,0.3525135357224959,300,0,,10000,10000,0.000504253758057996,0.0001866788723555245
gemma_2_2b,kl_per_effect,none,act_max,0.20858098423315816,0.0002750431812271877,0.09120237111535644,0.31943612100642715,300,0,,10000,10000,0.00357556135595344,0.0007465457776166523
gemma_2_2b,kl_per_effect,none,coact_entropy,0.13621352861848868,0.018252768704855454,0.017346390192783407,0.253706173977705,300,0,,10000,10000,0.14602214963884363,0.028900217116021133
gemma_2_2b,kl_per_effect,none,coact_count,0.059899614339803606,0.30109439045847325,-0.059434062199160566,0.17706173171899428,300,0,,10000,10000,0.5879957862518426,0.30109439045847325
gemma_2_2b,kl_per_effect,none,logit_l2,0.14831320348003868,0.010100262883281377,0.02587636880100526,0.26695359087478604,300,0,,10000,10000,0.11110289171609515,0.021322777198038465
gemma_2_2b,kl_per_effect,none,logit_linf,0.08393071034122603,0.14699894656296064,-0.034921233749026476,0.1981725044502433,300,0,,10000,10000,0.5879957862518426,0.17456124904351578
gemma_2_2b,kl_per_effect,none,logit_entropy,-0.23868828721041133,2.94756114245565e-05,-0.34472163492076474,-0.1276533971457119,300,0,,10000,10000,0.000504253758057996,0.0001866788723555245
gemma_2_2b,kl_per_effect,none,logit_top10_mass,0.09089345437171524,0.11618217400181544,-0.02284056117411711,0.20056149222107117,300,0,,10000,10000,0.5809108700090772,0.14716408706896622
gemma_2_2b,kl_per_effect,primary,crowding,0.10117683575596205,0.08172447239574447,-0.02006928770921074,0.22102668963928238,300,3,"effect_l2,act_max,frequency",10000,10000,1.0,0.3334432920551023
gemma_2_2b,kl_per_effect,primary,crowd_max,0.021692086096794867,0.7096679929785422,-0.09535215743117702,0.14185658325930264,300,3,"effect_l2,act_max,frequency",10000,10000,1.0,0.8042903920423478
gemma_2_2b,kl_per_effect,primary,dec_norm,-0.055023969725553755,0.3446674257577307,-0.16869975550828714,0.05938107075334967,300,3,"effect_l2,act_max,frequency",10000,10000,1.0,0.4185247312772444
gemma_2_2b,kl_per_effect,primary,enc_norm,0.13899022857127713,0.016536315092342272,0.017434883475308086,0.2574537873025574,300,3,"effect_l2,act_max,frequency",10000,10000,0.26458104147747635,0.1405586782849093
gemma_2_2b,kl_per_effect,primary,enc_dec_cos,-0.0654992288953391,0.26048652229522695,-0.18559118432319585,0.05158627514203327,300,3,"effect_l2,act_max,frequency",10000,10000,1.0,0.4081569003747587
gemma_2_2b,kl_per_effect,primary,bin_entropy,,,,,300,3,"effect_l2,act_max,frequency",10000,0,,
gemma_2_2b,kl_per_effect,primary,act_entropy,0.05705564686040324,0.3271200407446486,-0.07440384734259257,0.17318445167279342,300,3,"effect_l2,act_max,frequency",10000,10000,1.0,0.4185247312772444
gemma_2_2b,kl_per_effect,primary,act_kurtosis,-0.06500593163001718,0.2641015237719027,-0.17812718017241025,0.05271295450902565,300,3,"effect_l2,act_max,frequency",10000,10000,1.0,0.4081569003747587
gemma_2_2b,kl_per_effect,primary,act_mag,0.06980491478380149,0.23037760382771189,-0.05835902357138943,0.1965418273184628,300,3,"effect_l2,act_max,frequency",10000,10000,1.0,0.4081569003747587
gemma_2_2b,kl_per_effect,primary,act_mean_firing,0.12915482827656966,0.026030391572183387,0.022718553776907315,0.23696250805397032,300,3,"effect_l2,act_max,frequency",10000,10000,0.3904558735827508,0.14750555224237252
gemma_2_2b,kl_per_effect,primary,act_std,0.06178396468899553,0.28855824458793045,-0.051578505501834085,0.1745297707277929,300,3,"effect_l2,act_max,frequency",10000,10000,1.0,0.40879084649956815
gemma_2_2b,kl_per_effect,primary,coact_entropy,0.0961737274381425,0.09807155648679479,-0.01798134390541487,0.20777406267857756,300,3,"effect_l2,act_max,frequency",10000,10000,1.0,0.3334432920551023
gemma_2_2b,kl_per_effect,primary,coact_count,0.08220407379349781,0.1576269197820758,-0.03880796005156014,0.19493670034631091,300,3,"effect_l2,act_max,frequency",10000,10000,1.0,0.4081569003747587
gemma_2_2b,kl_per_effect,primary,logit_l2,0.0658707840128876,0.2577862663313225,-0.062487516831070504,0.19124280877403646,300,3,"effect_l2,act_max,frequency",10000,10000,1.0,0.4081569003747587
gemma_2_2b,kl_per_effect,primary,logit_linf,0.01706172299500415,0.7696614246178535,-0.10338193407274396,0.13625265417506552,300,3,"effect_l2,act_max,frequency",10000,10000,1.0,0.8177652636564693
gemma_2_2b,kl_per_effect,primary,logit_entropy,-0.23180006668505507,5.5071947247527224e-05,-0.33985636121710194,-0.12028042540862342,300,3,"effect_l2,act_max,frequency",10000,10000,0.0009362231032079628,0.0009362231032079628
gemma_2_2b,kl_per_effect,primary,logit_top10_mass,0.07926744452022115,0.17305449187224448,-0.03550933014597722,0.1915304260737317,300,3,"effect_l2,act_max,frequency",10000,10000,1.0,0.4081569003747587
gemma_2_2b,kl_per_effect,robust,crowding,0.17301065297503124,0.002729145921653884,0.0530973010268704,0.2871733275624669,300,2,"frequency,act_max",10000,10000,0.04093718882480826,0.01546516022270534
gemma_2_2b,kl_per_effect,robust,crowd_max,0.08292782442302708,0.153291724998536,-0.03791672658753977,0.19873074076372763,300,2,"frequency,act_max",10000,10000,1.0,0.23690539317955564
gemma_2_2b,kl_per_effect,robust,dec_norm,-0.05995485730660749,0.30227839069302026,-0.17365570086914114,0.05629052992752733,300,2,"frequency,act_max",10000,10000,1.0,0.33860237292770834
gemma_2_2b,kl_per_effect,robust,enc_norm,0.20464244057692352,0.0003772176576052409,0.08570994477379044,0.3190707205711337,300,2,"frequency,act_max",10000,10000,0.006035482521683854,0.0032063500896445476
gemma_2_2b,kl_per_effect,robust,enc_dec_cos,-0.1341617740150859,0.020517847014904955,-0.25042147988978497,-0.017554076699456977,300,2,"frequency,act_max",10000,10000,0.2667320111937644,0.06976067985067684
gemma_2_2b,kl_per_effect,robust,bin_entropy,,,,,300,2,"frequency,act_max",10000,0,,
gemma_2_2b,kl_per_effect,robust,act_entropy,0.07943442276925494,0.1714217461994695,-0.05708826392080516,0.19757641118661787,300,2,"frequency,act_max",10000,10000,1.0,0.24284747378258179
gemma_2_2b,kl_per_effect,robust,act_kurtosis,-0.10133753440982084,0.08072348701539034,-0.21626122810890866,0.016515687842397795,300,2,"frequency,act_max",10000,10000,0.7995516228505996,0.1524776976957373
gemma_2_2b,kl_per_effect,robust,act_mag,0.10735351886970097,0.06420229354465735,-0.02204543895117,0.23247212232836897,300,2,"frequency,act_max",10000,10000,0.7062252289912309,0.1524776976957373
gemma_2_2b,kl_per_effect,robust,act_mean_firing,0.16496546495549907,0.004298735642186322,0.05884077133810784,0.2706512409442683,300,2,"frequency,act_max",10000,10000,0.06018229899060851,0.018269626479291867
gemma_2_2b,kl_per_effect,robust,act_std,0.10159398102502379,0.07995516228505996,-0.013847211499821339,0.21352547779139733,300,2,"frequency,act_max",10000,10000,0.7995516228505996,0.1524776976957373
gemma_2_2b,kl_per_effect,robust,coact_entropy,0.05795921398251153,0.318684586284902,-0.05908192600973313,0.17137410966855035,300,2,"frequency,act_max",10000,10000,1.0,0.33860237292770834
gemma_2_2b,kl_per_effect,robust,coact_count,0.06814487174022281,0.24088297082925753,-0.05228998428021293,0.187697939304432,300,2,"frequency,act_max",10000,10000,1.0,0.31500080800749064
gemma_2_2b,kl_per_effect,robust,logit_l2,0.11975013266546958,0.03883228815239098,-0.002219822711548553,0.23768193317759836,300,2,"frequency,act_max",10000,10000,0.4659874578286918,0.11002481643177446
gemma_2_2b,kl_per_effect,robust,logit_linf,0.06433195913942226,0.2682846087039464,-0.0586325186505884,0.1838751455853264,300,2,"frequency,act_max",10000,10000,1.0,0.3257741677119349
gemma_2_2b,kl_per_effect,robust,logit_entropy,-0.2478388952436075,1.5040480649565947e-05,-0.3518532045229018,-0.13650395750179004,300,2,"frequency,act_max",10000,10000,0.0002556881710426211,0.0002556881710426211
gemma_2_2b,kl_per_effect,robust,logit_top10_mass,0.08623462558663143,0.13750359047885516,-0.030802777752744728,0.19783402719280133,300,2,"frequency,act_max",10000,10000,1.0,0.2337561038140538
gemma_2_2b,kl_per_effect,effect_only,crowding,0.12110360351346768,0.0363478153280203,0.002571031132078129,0.2383621965570289,300,1,effect_l2,10000,10000,0.32713033795218266,0.06278259011203506
gemma_2_2b,kl_per_effect,effect_only,crowd_max,0.04851435698892899,0.40322797051056286,-0.0648328412492608,0.16594070758099136,300,1,effect_l2,10000,10000,1.0,0.4256295244278163
gemma_2_2b,kl_per_effect,effect_only,dec_norm,-0.060806992080848186,0.29463073695716147,-0.1716469375413641,0.04853316909001628,300,1,effect_l2,10000,10000,1.0,0.32929317659918045
gemma_2_2b,kl_per_effect,effect_only,enc_norm,0.1476246018337906,0.010588466247928493,0.016455050632115227,0.26859669925544805,300,1,effect_l2,10000,10000,0.1376500612230704,0.024148616838215325
gemma_2_2b,kl_per_effect,effect_only,enc_dec_cos,-0.07806646340278589,0.17820690700239358,-0.1981585683413382,0.042059557977550496,300,1,effect_l2,10000,10000,1.0,0.22388808564459634
gemma_2_2b,kl_per_effect,effect_only,frequency,0.14608229920434843,0.011438818502312521,0.030327200487919204,0.2588578398136753,300,1,effect_l2,10000,10000,0.1376500612230704,0.024148616838215325
gemma_2_2b,kl_per_effect,effect_only,bin_entropy,0.14608229920434843,0.011438818502312521,0.030327200487919204,0.2588578398136753,300,1,effect_l2,10000,10000,0.1376500612230704,0.024148616838215325
gemma_2_2b,kl_per_effect,effect_only,act_entropy,0.13843968149544314,0.016603871444656422,0.023505659141566933,0.25299871835908583,300,1,effect_l2,10000,10000,0.1660387144465642,0.0315473557448472
gemma_2_2b,kl_per_effect,effect_only,act_kurtosis,-0.08579558697381916,0.13885707959053492,-0.20112476683337963,0.027500833498180225,300,1,effect_l2,10000,10000,1.0,0.21985704268501363
gemma_2_2b,kl_per_effect,effect_only,act_mag,0.19083714518349332,0.0009112227697976189,0.07282881852972085,0.3052147689930841,300,1,effect_l2,10000,10000,0.014579564316761903,0.00432830815653869
gemma_2_2b,kl_per_effect,effect_only,act_mean_firing,0.19229372507650302,0.0008306079062718546,0.0711321670535364,0.3075182110459126,300,1,effect_l2,10000,10000,0.014120334406621528,0.00432830815653869
gemma_2_2b,kl_per_effect,effect_only,act_std,0.2029298026129475,0.0004138410742709266,0.08483139581434548,0.31581832289311207,300,1,effect_l2,10000,10000,0.007449139336876679,0.003931490205573803
gemma_2_2b,kl_per_effect,effect_only,act_max,0.16929309831163092,0.00332139016918725,0.04992229554224302,0.2829306283245603,300,1,effect_l2,10000,10000,0.049820852537808755,0.011738080896528268
gemma_2_2b,kl_per_effect,effect_only,coact_entropy,0.16734831398006633,0.003706762388377348,0.05095569042373523,0.28166835941508656,300,1,effect_l2,10000,10000,0.05189467343728287,0.011738080896528268
gemma_2_2b,kl_per_effect,effect_only,coact_count,0.08176294929981,0.1584647584071279,-0.03680052268823258,0.19759112405751808,300,1,effect_l2,10000,10000,1.0,0.22388808564459634
gemma_2_2b,kl_per_effect,effect_only,logit_l2,0.07625233247901515,0.18853733527966007,-0.05098382706531361,0.20104769143138945,300,1,effect_l2,10000,10000,1.0,0.22388808564459634
gemma_2_2b,kl_per_effect,effect_only,logit_linf,0.01918798794700701,0.7410735728254748,-0.09373315911164286,0.13365578358815486,300,1,effect_l2,10000,10000,1.0,0.7410735728254748
gemma_2_2b,kl_per_effect,effect_only,logit_entropy,-0.21918514641194584,0.00013304506922742735,-0.32656916911710904,-0.1072503936377273,300,1,effect_l2,10000,10000,0.0025278563153211197,0.0025278563153211197
gemma_2_2b,kl_per_effect,effect_only,logit_top10_mass,0.07819037237445187,0.17751691923307802,-0.031156838375050032,0.18652841251291682,300,1,effect_l2,10000,10000,1.0,0.22388808564459634
gemma_2_2b,collateral_raw_nodense,none,crowding,0.5154151891944736,9.283457497944489e-22,0.4165054054470526,0.6041278602435223,300,0,,10000,10000,1.578187774650563e-20,5.8795230820315096e-21
gemma_2_2b,collateral_raw_nodense,none,crowd_max,0.3610147730667341,1.1520212450861061e-10,0.24608403186565178,0.47009257613311917,300,0,,10000,10000,1.1520212450861062e-09,2.1888403656636015e-10
gemma_2_2b,collateral_raw_nodense,none,dec_norm,-0.01794791098223908,0.7568696370339292,-0.13632093595696243,0.09933708946935842,300,0,,10000,10000,1.0,0.7568696370339292
gemma_2_2b,collateral_raw_nodense,none,enc_norm,0.45396688954827813,1.1702664185272778e-16,0.3685793344945019,0.5297100249066742,300,0,,10000,10000,1.7553996277909167e-15,4.447012390403656e-16
gemma_2_2b,collateral_raw_nodense,none,enc_dec_cos,-0.5468843273261459,8.464755413636312e-25,-0.6240085997366657,-0.4606972547386436,300,0,,10000,10000,1.6083035285908995e-23,1.6083035285908995e-23
gemma_2_2b,collateral_raw_nodense,none,frequency,0.37058023290923076,3.371344748975731e-11,0.2624459978092048,0.4698899395628088,300,0,,10000,10000,4.045613698770877e-10,7.117283358948765e-11
gemma_2_2b,collateral_raw_nodense,none,bin_entropy,0.37058023290923076,3.371344748975731e-11,0.2624459978092048,0.4698899395628088,300,0,,10000,10000,4.045613698770877e-10,7.117283358948765e-11
gemma_2_2b,collateral_raw_nodense,none,act_entropy,0.3523653952529302,3.380567105173906e-10,0.243392064693308,0.4528239999579072,300,0,,10000,10000,3.0425103946565156e-09,5.839161363482202e-10
gemma_2_2b,collateral_raw_nodense,none,act_kurtosis,-0.2555770395988893,7.362986663181902e-06,-0.3609998927533645,-0.14418191832098118,300,0,,10000,10000,5.154090664227331e-05,1.0761288200035088e-05
gemma_2_2b,collateral_raw_nodense,none,act_mag,0.5019033769592042,1.5101922342058844e-20,0.4065783338601219,0.5878816919038647,300,0,,10000,10000,2.416307574729415e-19,7.173413112477951e-20
gemma_2_2b,collateral_raw_nodense,none,act_mean_firing,0.4523910299995891,1.5348312532720475e-16,0.35595537518273457,0.5407020942267838,300,0,,10000,10000,2.1487637545808663e-15,4.860298968694817e-16
gemma_2_2b,collateral_raw_nodense,none,act_std,0.5283916403166712,5.655317514906175e-23,0.43637361194915797,0.6112960856655077,300,0,,10000,10000,1.0179571526831114e-21,5.372551639160866e-22
gemma_2_2b,collateral_raw_nodense,none,act_max,0.40185596330466616,4.529447303394747e-13,0.2985665510769071,0.49728645740203725,300,0,,10000,10000,5.888281494413171e-12,1.2294214109214313e-12
gemma_2_2b,collateral_raw_nodense,none,coact_entropy,0.13812696049394504,0.016669048352970353,0.022476133411940043,0.25334023529102817,300,0,,10000,10000,0.10001429011782212,0.022622279907602624
gemma_2_2b,collateral_raw_nodense,none,coact_count,-0.12232613645688764,0.034186453365883177,-0.22983170438826034,-0.00733033184232553,300,0,,10000,10000,0.1367458134635327,0.04059641337198627
gemma_2_2b,collateral_raw_nodense,none,logit_l2,0.2800776442617469,8.229208110932879e-07,0.16612213022828504,0.38537676033891155,300,0,,10000,10000,6.583366488746303e-06,1.3029579508977058e-06
gemma_2_2b,collateral_raw_nodense,none,logit_linf,0.13523657294350608,0.019110796870855765,0.01614420418718035,0.24886051741849438,300,0,,10000,10000,0.10001429011782212,0.024207009369750634
gemma_2_2b,collateral_raw_nodense,none,logit_entropy,-0.05469152282425851,0.3451506860699706,-0.1690051552178683,0.05709758200186003,300,0,,10000,10000,1.0,0.385756649137026
gemma_2_2b,collateral_raw_nodense,none,logit_top10_mass,-0.051580676506879176,0.3733227351772972,-0.16119178179468202,0.06209032394136825,300,0,,10000,10000,1.0,0.3940628871315915
gemma_2_2b,collateral_raw_nodense,primary,crowding,0.21785685655265474,0.00015420598004932528,0.09729029305577679,0.33642423321086595,300,3,"effect_l2,act_max,frequency",10000,10000,0.002158883720690554,0.0006553754152096324
gemma_2_2b,collateral_raw_nodense,primary,crowd_max,0.07991323454328175,0.16956903744934027,-0.03422489308427948,0.19861625921627965,300,3,"effect_l2,act_max,frequency",10000,10000,1.0,0.24022280305323204
gemma_2_2b,collateral_raw_nodense,primary,dec_norm,0.03415373454154431,0.5576848037130719,-0.09309347658710017,0.16040314036581327,300,3,"effect_l2,act_max,frequency",10000,10000,1.0,0.6320427775414815
gemma_2_2b,collateral_raw_nodense,primary,enc_norm,0.17440483064938458,0.002560381928494241,0.051252992939306394,0.2863884363094246,300,3,"effect_l2,act_max,frequency",10000,10000,0.03328496507042514,0.00870529855688042
gemma_2_2b,collateral_raw_nodense,primary,enc_dec_cos,-0.4122721468150182,1.291426544818529e-13,-0.5084634049642754,-0.3061284601456332,300,3,"effect_l2,act_max,frequency",10000,10000,2.1954251261914996e-12,2.1954251261914996e-12
gemma_2_2b,collateral_raw_nodense,primary,bin_entropy,,,,,300,3,"effect_l2,act_max,frequency",10000,0,,
gemma_2_2b,collateral_raw_nodense,primary,act_entropy,0.06688049088512482,0.25054607394805845,-0.05372833655568385,0.17079879272741091,300,3,"effect_l2,act_max,frequency",10000,10000,1.0,0.3276371736243841
gemma_2_2b,collateral_raw_nodense,primary,act_kurtosis,-0.12768602449541164,0.027790203971717005,-0.22712923337934102,-0.02636315954564621,300,3,"effect_l2,act_max,frequency",10000,10000,0.27790203971717004,0.054984780787207706
gemma_2_2b,collateral_raw_nodense,primary,act_mag,0.16112919243808535,0.005380072007223556,0.07455748127067566,0.2503228367458243,300,3,"effect_l2,act_max,frequency",10000,10000,0.06456086408668267,0.015243537353800074
gemma_2_2b,collateral_raw_nodense,primary,act_mean_firing,0.24347687235628268,2.2121747679246316e-05,0.1308710401594158,0.3439809440073952,300,3,"effect_l2,act_max,frequency",10000,10000,0.00033182621518869473,0.0001253565701823958
gemma_2_2b,collateral_raw_nodense,primary,act_std,0.14603641665204964,0.011746977997210318,0.0393342101002942,0.24920819536363964,300,3,"effect_l2,act_max,frequency",10000,10000,0.1292167579693135,0.0285283751360822
gemma_2_2b,collateral_raw_nodense,primary,coact_entropy,-0.288844914406304,4.0787550062944596e-07,-0.3769305053326267,-0.18244497307873864,300,3,"effect_l2,act_max,frequency",10000,10000,6.5260080100711354e-06,3.4669417553502906e-06
gemma_2_2b,collateral_raw_nodense,primary,coact_count,-0.11509201482040546,0.04751444101399977,-0.22935608898677842,0.009058229097868024,300,3,"effect_l2,act_max,frequency",10000,10000,0.38011552811199817,0.08077454972379962
gemma_2_2b,collateral_raw_nodense,primary,logit_l2,0.03910701972516933,0.5019829286449138,-0.08120477023181112,0.161689481404598,300,3,"effect_l2,act_max,frequency",10000,10000,1.0,0.6095506990688239
gemma_2_2b,collateral_raw_nodense,primary,logit_linf,-0.09116753935495368,0.11692920991571368,-0.2013294599048917,0.02246200664511009,300,3,"effect_l2,act_max,frequency",10000,10000,0.8185044694099958,0.1807087789606484
gemma_2_2b,collateral_raw_nodense,primary,logit_entropy,0.014387671179298856,0.8049702778408684,-0.10629737194228352,0.13634236057064364,300,3,"effect_l2,act_max,frequency",10000,10000,1.0,0.8552809202059226
gemma_2_2b,collateral_raw_nodense,primary,logit_top10_mass,-0.12663630118389307,0.029109589828521725,-0.23761739632371634,-0.014129586923250215,300,3,"effect_l2,act_max,frequency",10000,10000,0.27790203971717004,0.054984780787207706
gemma_2_2b,collateral_raw_nodense,robust,crowding,0.5013879790922937,2.2457260219915215e-20,0.39751047697115227,0.5934470482162982,300,2,"frequency,act_max",10000,10000,3.5931616351864344e-19,1.9088671186927933e-19
gemma_2_2b,collateral_raw_nodense,robust,crowd_max,0.31008961705659793,4.608319469600487e-08,0.18732149252541747,0.42916102675516077,300,2,"frequency,act_max",10000,10000,5.529983363520584e-07,1.3056905163868045e-07
gemma_2_2b,collateral_raw_nodense,robust,dec_norm,0.0033521323348425216,0.9540483406895413,-0.11842613349709404,0.12372874445428503,300,2,"frequency,act_max",10000,10000,1.0,1.0
gemma_2_2b,collateral_raw_nodense,robust,enc_norm,0.48120724192220665,1.1197629683920414e-18,0.38081992930119835,0.5673083326282868,300,2,"frequency,act_max",10000,10000,1.679644452588062e-17,6.3453234875549016e-18
gemma_2_2b,collateral_raw_nodense,robust,enc_dec_cos,-0.5876121749124804,4.672544473093621e-29,-0.6618439423252481,-0.4991871982995195,300,2,"frequency,act_max",10000,10000,7.943325604259156e-28,7.943325604259156e-28
gemma_2_2b,collateral_raw_nodense,robust,bin_entropy,,,,,300,2,"frequency,act_max",10000,0,,
gemma_2_2b,collateral_raw_nodense,robust,act_entropy,0.14591285473020177,0.011676572196828869,-0.008396803620235023,0.26175844005765564,300,2,"frequency,act_max",10000,10000,0.08173600537780208,0.018045611576917343
gemma_2_2b,collateral_raw_nodense,robust,act_kurtosis,-0.2517832802152367,1.0861875789321188e-05,-0.3485781197238921,-0.1441944106714838,300,2,"frequency,act_max",10000,10000,8.68950063145695e-05,1.846518884184602e-05
gemma_2_2b,collateral_raw_nodense,robust,act_mag,0.28271630384346846,6.994558272530004e-07,0.19917722807514487,0.36372186938268963,300,2,"frequency,act_max",10000,10000,7.694014099783005e-06,1.6986784376144296e-06
gemma_2_2b,collateral_raw_nodense,robust,act_mean_firing,0.34816759291378085,6.432232872485777e-10,0.23374935318024906,0.44575045282598363,300,2,"frequency,act_max",10000,10000,8.361902734231511e-09,2.186959176645164e-09
gemma_2_2b,collateral_raw_nodense,robust,act_std,0.27963087401589937,9.338580354732866e-07,0.17164726805908478,0.37888100041325373,300,2,"frequency,act_max",10000,10000,9.338580354732866e-06,1.984448325380734e-06
gemma_2_2b,collateral_raw_nodense,robust,coact_entropy,-0.35524331187021774,2.722565365359525e-10,-0.44077513808525887,-0.2520925891076166,300,2,"frequency,act_max",10000,10000,3.811591511503335e-09,1.1570902802777983e-09
gemma_2_2b,collateral_raw_nodense,robust,coact_count,-0.1389734155173543,0.016366832952751716,-0.25394616561143646,-0.025724924898153808,300,2,"frequency,act_max",10000,10000,0.0982009977165103,0.02318634668306493
gemma_2_2b,collateral_raw_nodense,robust,logit_l2,0.26602938069625415,3.2042794649456255e-06,0.15713151471106868,0.37044004558030097,300,2,"frequency,act_max",10000,10000,2.883851518451063e-05,6.052527878230626e-06
gemma_2_2b,collateral_raw_nodense,robust,logit_linf,0.12718067526082713,0.028151172534201126,0.0030672139107355517,0.24906654160783934,300,2,"frequency,act_max",10000,10000,0.14075586267100562,0.03681307177549378
gemma_2_2b,collateral_raw_nodense,robust,logit_entropy,-0.07340128393388433,0.2064159057541772,-0.1819376815955074,0.03784580861856492,300,2,"frequency,act_max",10000,10000,0.8256636230167088,0.25064788555864376
gemma_2_2b,collateral_raw_nodense,robust,logit_top10_mass,-0.06436083276888872,0.2680694100585671,-0.1812630028449813,0.05382036450399905,300,2,"frequency,act_max",10000,10000,0.8256636230167088,0.30381199806637604
gemma_2_2b,collateral_raw_nodense,effect_only,crowding,0.23564521427168297,3.8596504501888705e-05,0.11543735854097929,0.3532477949716745,300,1,effect_l2,10000,10000,0.00034736854051699837,6.66666895941714e-05
gemma_2_2b,collateral_raw_nodense,effect_only,crowd_max,0.15570634451304463,0.006983940658560003,0.042091340091644835,0.27117335117966496,300,1,effect_l2,10000,10000,0.05587152526848002,0.011057906042720006
gemma_2_2b,collateral_raw_nodense,effect_only,dec_norm,-0.000739085079765678,0.989846039014574,-0.12081952404764776,0.12152920392049521,300,1,effect_l2,10000,10000,1.0,0.989846039014574
gemma_2_2b,collateral_raw_nodense,effect_only,enc_norm,0.12040427713099049,0.037448582517532726,-0.00473611630214332,0.2398494791665637,300,1,effect_l2,10000,10000,0.22469149510519637,0.05082307627379441
gemma_2_2b,collateral_raw_nodense,effect_only,enc_dec_cos,-0.32927404393799853,5.434048236323857e-09,-0.433963978597353,-0.2174906699013814,300,1,effect_l2,10000,10000,7.064262707221014e-08,1.2789067429439402e-08
gemma_2_2b,collateral_raw_nodense,effect_only,frequency,0.48153004745329225,9.22240340335148e-19,0.3820795085305751,0.5735629686659967,300,1,effect_l2,10000,10000,1.5678085785697514e-17,4.3806416165919525e-18
gemma_2_2b,collateral_raw_nodense,effect_only,bin_entropy,0.48153004745329225,9.22240340335148e-19,0.3820795085305751,0.5735629686659967,300,1,effect_l2,10000,10000,1.5678085785697514e-17,4.3806416165919525e-18
gemma_2_2b,collateral_raw_nodense,effect_only,act_entropy,0.46823894092906937,1.0664031154457304e-17,0.3664633197765353,0.5635130895383641,300,1,effect_l2,10000,10000,1.5996046731685956e-16,4.052331838693776e-17
gemma_2_2b,collateral_raw_nodense,effect_only,act_kurtosis,-0.35521859331603106,2.548643541685281e-10,-0.4621350471518664,-0.24599447850206138,300,1,effect_l2,10000,10000,3.568100958359393e-09,8.070704548670056e-10
gemma_2_2b,collateral_raw_nodense,effect_only,act_mag,0.5309626201547255,3.784914542160326e-23,0.4389494542329722,0.6123809199517796,300,1,effect_l2,10000,10000,7.191337630104619e-22,7.191337630104619e-22
gemma_2_2b,collateral_raw_nodense,effect_only,act_mean_firing,0.32830670253913796,6.0579793086818226e-09,0.21435831783453116,0.42896939366748793,300,1,effect_l2,10000,10000,7.064262707221014e-08,1.2789067429439402e-08
gemma_2_2b,collateral_raw_nodense,effect_only,act_std,0.5009660742757197,2.1112807981493018e-20,0.4067539488096666,0.5827999694068196,300,1,effect_l2,10000,10000,3.8003054366687434e-19,2.0057167582418368e-19
gemma_2_2b,collateral_raw_nodense,effect_only,act_max,0.3287611495134334,5.7566819744305646e-09,0.21943567608938358,0.426067240253478,300,1,effect_l2,10000,10000,7.064262707221014e-08,1.2789067429439402e-08
gemma_2_2b,collateral_raw_nodense,effect_only,coact_entropy,0.28608683508654226,4.860464996415688e-07,0.175444798474588,0.39404721019624106,300,1,effect_l2,10000,10000,4.860464996415688e-06,9.234883493189808e-07
gemma_2_2b,collateral_raw_nodense,effect_only,coact_count,-0.0754592640436584,0.19318893554604422,-0.18829735514506546,0.042338832545101464,300,1,effect_l2,10000,10000,0.7727557421841769,0.2294118609609275
gemma_2_2b,collateral_raw_nodense,effect_only,logit_l2,0.03403218776722374,0.5577569412617688,-0.08679286290590787,0.15316930212153704,300,1,effect_l2,10000,10000,1.0,0.5887434379985338
gemma_2_2b,collateral_raw_nodense,effect_only,logit_linf,-0.10308210359569142,0.07511950720688056,-0.21305015873948469,0.011705435295215566,300,1,effect_l2,10000,10000,0.37559753603440277,0.09515137579538205
gemma_2_2b,collateral_raw_nodense,effect_only,logit_entropy,0.03445555733462181,0.5528646761243687,-0.08181429788032832,0.15400978583940078,300,1,effect_l2,10000,10000,1.0,0.5887434379985338
gemma_2_2b,collateral_raw_nodense,effect_only,logit_top10_mass,-0.12463460584784533,0.031199870614403605,-0.23760881850630922,-0.015805052248354934,300,1,effect_l2,10000,10000,0.21839909430082524,0.0455998108979745
gemma_2_2b,collateral_ctilde_nodense,none,crowding,0.1174124156935077,0.04213472917543932,-0.004213767283074289,0.23752171543878947,300,0,,10000,10000,0.29494310422807524,0.06158152725641131
gemma_2_2b,collateral_ctilde_nodense,none,crowd_max,0.10031068126431258,0.08281943977441794,-0.01719110491486814,0.22038843974076094,300,0,,10000,10000,0.43153658277675516,0.10490462371426273
gemma_2_2b,collateral_ctilde_nodense,none,dec_norm,0.02463590713799617,0.6708442710740693,-0.09629053409860211,0.14402302148619106,300,0,,10000,10000,1.0,0.749767126494548
gemma_2_2b,collateral_ctilde_nodense,none,enc_norm,-0.012031689240991558,0.8355940127225819,-0.12571292426966363,0.10568869510597396,300,0,,10000,10000,1.0,0.8355940127225819
gemma_2_2b,collateral_ctilde_nodense,none,enc_dec_cos,-0.20438296029766684,0.00036675177647534535,-0.3164389712242963,-0.08842964937298671,300,0,,10000,10000,0.0036675177647534536,0.0006968283753031562
gemma_2_2b,collateral_ctilde_nodense,none,frequency,0.4881847555212774,2.265235330782255e-19,0.3842919752130322,0.5855338135252683,300,0,,10000,10000,4.303947128486285e-18,2.1519735642431423e-18
gemma_2_2b,collateral_ctilde_nodense,none,bin_entropy,0.4881847555212774,2.265235330782255e-19,0.3842919752130322,0.5855338135252683,300,0,,10000,10000,4.303947128486285e-18,2.1519735642431423e-18
gemma_2_2b,collateral_ctilde_nodense,none,act_entropy,0.47956888409871223,1.1672537648006399e-18,0.37429636972676955,0.5774480098055201,300,0,,10000,10000,1.8676060236810238e-17,5.544455382803039e-18
gemma_2_2b,collateral_ctilde_nodense,none,act_kurtosis,-0.3740886009844554,2.126281317061742e-11,-0.4801862215179896,-0.2624273360200531,300,0,,10000,10000,2.976793843886439e-10,6.733224170695517e-11
gemma_2_2b,collateral_ctilde_nodense,none,act_mag,0.4808675651951688,9.143621402418813e-19,0.378628791539619,0.5752292737494988,300,0,,10000,10000,1.5544156384111983e-17,5.544455382803039e-18
gemma_2_2b,collateral_ctilde_nodense,none,act_mean_firing,0.22653273925265835,7.530592825078487e-05,0.11152758276324416,0.33976904864095686,300,0,,10000,10000,0.0008283652107586336,0.00015897918186276807
gemma_2_2b,collateral_ctilde_nodense,none,act_std,0.41608373426371403,5.459001786209841e-14,0.30805248282798225,0.5181430413065434,300,0,,10000,10000,8.188502679314762e-13,2.0744206787597398e-13
gemma_2_2b,collateral_ctilde_nodense,none,act_max,0.23847553861709575,2.9976391935531294e-05,0.12731321186805716,0.3480805074975247,300,0,,10000,10000,0.0003597167032263755,7.119393084688683e-05
gemma_2_2b,collateral_ctilde_nodense,none,coact_entropy,0.29993358814360216,1.1853848198007227e-07,0.18914752294959672,0.40620138920718774,300,0,,10000,10000,1.5410002657409395e-06,3.2174730823162477e-07
gemma_2_2b,collateral_ctilde_nodense,none,coact_count,-0.07959563065823332,0.1691116157341113,-0.19414384486538103,0.03310456183856471,300,0,,10000,10000,0.6764464629364452,0.20082004368425715
gemma_2_2b,collateral_ctilde_nodense,none,logit_l2,-0.02109712330137002,0.7159118319651367,-0.13938674177940577,0.10158632727882366,300,0,,10000,10000,1.0,0.7556847115187555
gemma_2_2b,collateral_ctilde_nodense,none,logit_linf,-0.15943421593573262,0.005645710621938351,-0.2707913605512303,-0.04672654400480644,300,0,,10000,10000,0.045165684975506805,0.008939041818069055
gemma_2_2b,collateral_ctilde_nodense,none,logit_entropy,0.10405252415667111,0.07192276379612586,-0.012621536565365198,0.2187065774282304,300,0,,10000,10000,0.43153658277675516,0.0976094651518851
gemma_2_2b,collateral_ctilde_nodense,none,logit_top10_mass,-0.1676889743219369,0.0035798909253918956,-0.27582493187305646,-0.05418626721546883,300,0,,10000,10000,0.03221901832852706,0.006183447962040547
gemma_2_2b,collateral_ctilde_nodense,primary,crowding,0.21089307932919252,0.0002518300853889315,0.08887919647613877,0.3303727181569415,300,3,"effect_l2,act_max,frequency",10000,10000,0.003525621195445041,0.0010702778629029588
gemma_2_2b,collateral_ctilde_nodense,primary,crowd_max,0.08059946941647007,0.16592297400496664,-0.03908133492806599,0.20198845005803645,300,3,"effect_l2,act_max,frequency",10000,10000,1.0,0.23505754650703606
gemma_2_2b,collateral_ctilde_nodense,primary,dec_norm,0.06274690504589225,0.2810948937636826,-0.05924463817457197,0.18352139450053556,300,3,"effect_l2,act_max,frequency",10000,10000,1.0,0.3413295138559003
gemma_2_2b,collateral_ctilde_nodense,primary,enc_norm,0.13853127977008028,0.016900440572788607,0.022125526381682005,0.2536174810605832,300,3,"effect_l2,act_max,frequency",10000,10000,0.19907288962308609,0.04104392710534376
gemma_2_2b,collateral_ctilde_nodense,primary,enc_dec_cos,-0.40582780586101425,3.3361871987419617e-13,-0.49636250038719726,-0.30522818885023967,300,3,"effect_l2,act_max,frequency",10000,10000,5.671518237861335e-12,5.671518237861335e-12
gemma_2_2b,collateral_ctilde_nodense,primary,bin_entropy,,,,,300,3,"effect_l2,act_max,frequency",10000,0,,
gemma_2_2b,collateral_ctilde_nodense,primary,act_entropy,0.03886261629024512,0.5046609843519957,-0.08513795158736286,0.15266193595086108,300,3,"effect_l2,act_max,frequency",10000,10000,1.0,0.5362022958739954
gemma_2_2b,collateral_ctilde_nodense,primary,act_kurtosis,-0.0740444940190138,0.20322180608334306,-0.18959767325601418,0.03908455052968934,300,3,"effect_l2,act_max,frequency",10000,10000,1.0,0.26575159257052555
gemma_2_2b,collateral_ctilde_nodense,primary,act_mag,0.09390874341417609,0.10628028143569078,-0.0045130976283464935,0.2146116386895128,300,3,"effect_l2,act_max,frequency",10000,10000,0.956522532921217,0.1907208003859229
gemma_2_2b,collateral_ctilde_nodense,primary,act_mean_firing,0.25530740347410413,8.374150442934289e-06,0.14440431480479393,0.3541396051500854,300,3,"effect_l2,act_max,frequency",10000,10000,0.00012561225664401432,4.745351917662764e-05
gemma_2_2b,collateral_ctilde_nodense,primary,act_std,0.09236253511108597,0.1121887061093664,-0.015635312211244343,0.2101123235161762,300,3,"effect_l2,act_max,frequency",10000,10000,0.956522532921217,0.1907208003859229
gemma_2_2b,collateral_ctilde_nodense,primary,coact_entropy,-0.30202232456463063,1.1115999389205955e-07,-0.39000885755124803,-0.19802188549427804,300,3,"effect_l2,act_max,frequency",10000,10000,1.7785599022729528e-06,9.448599480825061e-07
gemma_2_2b,collateral_ctilde_nodense,primary,coact_count,-0.13892276376918197,0.016589407468590507,-0.25108267527816724,-0.021974675827644376,300,3,"effect_l2,act_max,frequency",10000,10000,0.19907288962308609,0.04104392710534376
gemma_2_2b,collateral_ctilde_nodense,primary,logit_l2,0.041375064911306804,0.47749186873512595,-0.0746305641881229,0.1626389483491001,300,3,"effect_l2,act_max,frequency",10000,10000,1.0,0.5362022958739954
gemma_2_2b,collateral_ctilde_nodense,primary,logit_linf,-0.11267291000139829,0.05240855124178602,-0.2225661337579239,0.0016242235416500928,300,3,"effect_l2,act_max,frequency",10000,10000,0.5240855124178602,0.11136817138879529
gemma_2_2b,collateral_ctilde_nodense,primary,logit_entropy,0.08094937716833707,0.1640866011552074,-0.03570155766921493,0.19537251312532466,300,3,"effect_l2,act_max,frequency",10000,10000,1.0,0.23505754650703606
gemma_2_2b,collateral_ctilde_nodense,primary,logit_top10_mass,-0.16209102076677628,0.005107296831139138,-0.2694194477445606,-0.04782682901592149,300,3,"effect_l2,act_max,frequency",10000,10000,0.0663948588048088,0.017364809225873072
gemma_2_2b,collateral_ctilde_nodense,robust,crowding,0.08844696233303306,0.12765830866695568,-0.037341892555083,0.21753032996443153,300,2,"frequency,act_max",10000,10000,1.0,0.27127390591728084
gemma_2_2b,collateral_ctilde_nodense,robust,crowd_max,0.014936942347937762,0.7973468770938389,-0.10368471874065902,0.13843144737596144,300,2,"frequency,act_max",10000,10000,1.0,0.8471810569122038
gemma_2_2b,collateral_ctilde_nodense,robust,dec_norm,0.06725174352744122,0.24711850047892128,-0.05408554839803789,0.18792749325143704,300,2,"frequency,act_max",10000,10000,1.0,0.46677938979351796
gemma_2_2b,collateral_ctilde_nodense,robust,enc_norm,0.026217537351546468,0.6521623461868085,-0.09519473991124575,0.1479853608855647,300,2,"frequency,act_max",10000,10000,1.0,0.8471810569122038
gemma_2_2b,collateral_ctilde_nodense,robust,enc_dec_cos,-0.27968082515002607,9.29524442051405e-07,-0.3935693388796434,-0.15744035945121762,300,2,"frequency,act_max",10000,10000,1.5801915514873886e-05,1.5801915514873886e-05
gemma_2_2b,collateral_ctilde_nodense,robust,bin_entropy,,,,,300,2,"frequency,act_max",10000,0,,
gemma_2_2b,collateral_ctilde_nodense,robust,act_entropy,0.016131359246702243,0.7815358309085555,-0.09732797400196647,0.12640997034145643,300,2,"frequency,act_max",10000,10000,1.0,0.8471810569122038
gemma_2_2b,collateral_ctilde_nodense,robust,act_kurtosis,-0.034965027340059913,0.5476820806280656,-0.15418046580290173,0.07555086138085061,300,2,"frequency,act_max",10000,10000,1.0,0.7758829475564263
gemma_2_2b,collateral_ctilde_nodense,robust,act_mag,0.05230510776653758,0.36825467489802877,-0.046524652976351145,0.17812110230156256,300,2,"frequency,act_max",10000,10000,1.0,0.6238536072036471
gemma_2_2b,collateral_ctilde_nodense,robust,act_mean_firing,0.20507737746694016,0.00036628947699684995,0.09048366756168283,0.31056268892271843,300,2,"frequency,act_max",10000,10000,0.0054943421549527496,0.0020756403696488165
gemma_2_2b,collateral_ctilde_nodense,robust,act_std,0.0485506735776576,0.40366998113177166,-0.05729429686431986,0.1643802132655544,300,2,"frequency,act_max",10000,10000,1.0,0.6238536072036471
gemma_2_2b,collateral_ctilde_nodense,robust,coact_entropy,-0.25961388668962876,5.601683937519584e-06,-0.35035753497609073,-0.1557873643843606,300,2,"frequency,act_max",10000,10000,8.962694300031335e-05,4.761431346891647e-05
gemma_2_2b,collateral_ctilde_nodense,robust,coact_count,-0.125220178973208,0.030690433712833812,-0.23958155947896873,-0.008482149317722263,300,2,"frequency,act_max",10000,10000,0.36828520455400576,0.08695622885302913
gemma_2_2b,collateral_ctilde_nodense,robust,logit_l2,-0.016700113178921942,0.7740379955023456,-0.13725627020233488,0.10688458744569944,300,2,"frequency,act_max",10000,10000,1.0,0.8471810569122038
gemma_2_2b,collateral_ctilde_nodense,robust,logit_linf,-0.15075905743332849,0.009147790908231652,-0.2624987532856023,-0.034601915409305156,300,2,"frequency,act_max",10000,10000,0.11892128180701148,0.031102489087987618
gemma_2_2b,collateral_ctilde_nodense,robust,logit_entropy,0.09873675024057522,0.08885719997534228,-0.023786915468538193,0.21618968034047456,300,2,"frequency,act_max",10000,10000,0.9774291997287651,0.21579605708297409
gemma_2_2b,collateral_ctilde_nodense,robust,logit_top10_mass,-0.16756670973035723,0.003719357083923356,-0.2767799899234428,-0.0538477504301528,300,2,"frequency,act_max",10000,10000,0.05207099917492698,0.015807267606674263
gemma_2_2b,collateral_ctilde_nodense,effect_only,crowding,0.22537815048618126,8.440725225457328e-05,0.1052025077878517,0.34003510346849386,300,1,effect_l2,10000,10000,0.0007596652702911594,0.00014579434480335384
gemma_2_2b,collateral_ctilde_nodense,effect_only,crowd_max,0.1575423680244675,0.006336912513248713,0.0415108940533947,0.27555000610874536,300,1,effect_l2,10000,10000,0.04435838759274099,0.00926164136551735
gemma_2_2b,collateral_ctilde_nodense,effect_only,dec_norm,0.021764251009149173,0.7078039152400956,-0.10083924354372234,0.141321340704854,300,1,effect_l2,10000,10000,1.0,0.7078039152400956
gemma_2_2b,collateral_ctilde_nodense,effect_only,enc_norm,0.06814972614654999,0.2400550248918048,-0.04795433891568596,0.1775915690494868,300,1,effect_l2,10000,10000,0.7201650746754145,0.26829679252613475
gemma_2_2b,collateral_ctilde_nodense,effect_only,enc_dec_cos,-0.3092664695200778,4.76814981249855e-08,-0.40686417546552167,-0.20255697237621031,300,1,effect_l2,10000,10000,6.198594756248115e-07,1.2942120919638922e-07
gemma_2_2b,collateral_ctilde_nodense,effect_only,frequency,0.4897913862565363,1.907106822297268e-19,0.3848937398226394,0.5848979142876282,300,1,effect_l2,10000,10000,3.4327922801350823e-18,1.2078343207882697e-18
gemma_2_2b,collateral_ctilde_nodense,effect_only,bin_entropy,0.4897913862565363,1.907106822297268e-19,0.3848937398226394,0.5848979142876282,300,1,effect_l2,10000,10000,3.4327922801350823e-18,1.2078343207882697e-18
gemma_2_2b,collateral_ctilde_nodense,effect_only,act_entropy,0.4798904968046364,1.2545741047503952e-18,0.37337402278098686,0.5762879783849079,300,1,effect_l2,10000,10000,2.0073185676006324e-17,5.959226997564377e-18
gemma_2_2b,collateral_ctilde_nodense,effect_only,act_kurtosis,-0.37251834309035475,2.8226510487364972e-11,-0.4778887286412462,-0.26136534559992347,300,1,effect_l2,10000,10000,3.951711468231096e-10,8.938394987665575e-11
gemma_2_2b,collateral_ctilde_nodense,effect_only,act_mag,0.5045671653291198,1.0209007234315459e-20,0.40681947980059524,0.5918439637124469,300,1,effect_l2,10000,10000,1.9397113745199372e-19,1.9397113745199372e-19
gemma_2_2b,collateral_ctilde_nodense,effect_only,act_mean_firing,0.28102083777055986,7.859149223716122e-07,0.16805286741657433,0.3893192757759399,300,1,effect_l2,10000,10000,8.645064146087735e-06,1.6591537250067368e-06
gemma_2_2b,collateral_ctilde_nodense,effect_only,act_std,0.45691238917572063,7.907996448100031e-17,0.3539658892607193,0.5490219464584827,300,1,effect_l2,10000,10000,1.1861994672150048e-15,3.005038650278012e-16
gemma_2_2b,collateral_ctilde_nodense,effect_only,act_max,0.2746242481195441,1.422463288727228e-06,0.1616365059700296,0.38184249702144274,300,1,effect_l2,10000,10000,1.422463288727228e-05,2.7026802485817332e-06
gemma_2_2b,collateral_ctilde_nodense,effect_only,coact_entropy,0.28969473019441944,3.431843796363426e-07,0.17481966162223722,0.399528119023143,300,1,effect_l2,10000,10000,4.118212555636111e-06,8.150629016363136e-07
gemma_2_2b,collateral_ctilde_nodense,effect_only,coact_count,-0.09157843614506053,0.1140545389232421,-0.20068800206742654,0.02250456383503645,300,1,effect_l2,10000,10000,0.5702726946162106,0.13693036183450955
gemma_2_2b,collateral_ctilde_nodense,effect_only,logit_l2,0.025576187353620154,0.6595943931733884,-0.09557545967677623,0.14391578208410646,300,1,effect_l2,10000,10000,1.0,0.6962385261274656
gemma_2_2b,collateral_ctilde_nodense,effect_only,logit_linf,-0.13145390012999397,0.023001888869984877,-0.23904024811433872,-0.022690964555933717,300,1,effect_l2,10000,10000,0.13801133321990927,0.03121684918069376
gemma_2_2b,collateral_ctilde_nodense,effect_only,logit_entropy,0.0912633644952825,0.1153097783869554,-0.025718811528320087,0.20486031824944118,300,1,effect_l2,10000,10000,0.5702726946162106,0.13693036183450955
gemma_2_2b,collateral_ctilde_nodense,effect_only,logit_top10_mass,-0.16110744457073814,0.005231812173100999,-0.270651827250765,-0.048771184547221076,300,1,effect_l2,10000,10000,0.041854497384807995,0.008283702607409916
gemma_2_2b,resid_delta_norm,none,crowding,0.6257047300525561,5.248335539560589e-34,0.5380148625994425,0.7026821717620275,300,0,,10000,10000,9.44700397120906e-33,4.9859187625825594e-33
gemma_2_2b,resid_delta_norm,none,crowd_max,0.38399364259532487,5.614543467931992e-12,0.26419059335650685,0.4970054859170671,300,0,,10000,10000,7.298906508311589e-11,1.5239475127243977e-11
gemma_2_2b,resid_delta_norm,none,dec_norm,-0.07786694892610646,0.17859040161494621,-0.1964850359411812,0.041893983071535856,300,0,,10000,10000,1.0,0.26101674082184445
gemma_2_2b,resid_delta_norm,none,enc_norm,0.6553637262636252,3.372807917138121e-38,0.5871483035539422,0.7161305791524194,300,0,,10000,10000,6.40833504256243e-37,6.40833504256243e-37
gemma_2_2b,resid_delta_norm,none,enc_dec_cos,-0.5762929117315686,6.0486034886674495e-28,-0.6586370414676266,-0.4817298734607762,300,0,,10000,10000,1.0282625930734664e-26,3.830782209489385e-27
gemma_2_2b,resid_delta_norm,none,frequency,0.0695137181233392,0.22996881990970783,-0.05223923236929283,0.1907660837787648,300,0,,10000,10000,1.0,0.29129383855229657
gemma_2_2b,resid_delta_norm,none,bin_entropy,0.0695137181233392,0.22996881990970783,-0.05223923236929283,0.1907660837787648,300,0,,10000,10000,1.0,0.29129383855229657
gemma_2_2b,resid_delta_norm,none,act_entropy,0.04655785064278493,0.4217002699414672,-0.07551973537737422,0.16939732924868922,300,0,,10000,10000,1.0,0.47131206640516915
gemma_2_2b,resid_delta_norm,none,act_kurtosis,0.01488949877220856,0.7973090067041277,-0.10379008684505679,0.13325406052162753,300,0,,10000,10000,1.0,0.7973090067041277
gemma_2_2b,resid_delta_norm,none,act_mag,0.2627891421015789,3.950161406240218e-06,0.14703578689918315,0.37189054959017787,300,0,,10000,10000,3.9501614062402184e-05,7.505306671856415e-06
gemma_2_2b,resid_delta_norm,none,act_mean_firing,0.4892707696752186,1.836226518670188e-19,0.3881151356030135,0.5797983599773358,300,0,,10000,10000,2.9379624298723007e-18,8.722075963683393e-19
gemma_2_2b,resid_delta_norm,none,act_std,0.3717561306236736,2.8905241779223637e-11,0.25760689195557673,0.475964785066832,300,0,,10000,10000,3.4686290135068365e-10,6.864994922565613e-11
gemma_2_2b,resid_delta_norm,none,act_max,0.3862558472871921,4.116019143148947e-12,0.2789758332003834,0.4871170266998548,300,0,,10000,10000,5.762426800408526e-11,1.3034060619971666e-11
gemma_2_2b,resid_delta_norm,none,coact_entropy,-0.06672830439541641,0.24922746708921711,-0.18470978935149934,0.055131471558127663,300,0,,10000,10000,1.0,0.2959576171684453
gemma_2_2b,resid_delta_norm,none,coact_count,-0.034197303056243,0.5551808978581485,-0.15406583499780466,0.08390967425785424,300,0,,10000,10000,1.0,0.5860242810724902
gemma_2_2b,resid_delta_norm,none,logit_l2,0.45739752663918487,6.453169111943375e-17,0.3499697521864285,0.5560581075297691,300,0,,10000,10000,9.679753667915061e-16,2.4522042625384825e-16
gemma_2_2b,resid_delta_norm,none,logit_linf,0.34389226546961627,9.406983492414795e-10,0.22967582854503227,0.45255182948970496,300,0,,10000,10000,1.0347681841656274e-08,1.9859187372875675e-09
gemma_2_2b,resid_delta_norm,none,logit_entropy,-0.22886906372374197,6.312610575720206e-05,-0.3373186120633055,-0.11598276222289781,300,0,,10000,10000,0.0005681349518148186,0.00010903600085334901
gemma_2_2b,resid_delta_norm,none,logit_top10_mass,0.12573250813897932,0.029457667503802683,0.007169331359021843,0.2420014711369305,300,0,,10000,10000,0.23566134003042147,0.046641306881020916
gemma_2_2b,resid_delta_norm,primary,crowding,0.3108050741691704,4.505654355178732e-08,0.19547769295041478,0.42236376879245646,300,3,"effect_l2,act_max,frequency",10000,10000,7.209046968285971e-07,3.8298062019019223e-07
gemma_2_2b,resid_delta_norm,primary,crowd_max,0.108121441705493,0.0627537036334135,0.0015359533142152377,0.21933889392774436,300,3,"effect_l2,act_max,frequency",10000,10000,0.4392759254338945,0.09698299652436632
gemma_2_2b,resid_delta_norm,primary,dec_norm,-0.0932557187994551,0.1087449868096154,-0.2064257082018362,0.019931762768492754,300,3,"effect_l2,act_max,frequency",10000,10000,0.5440599366365745,0.14220498275103552
gemma_2_2b,resid_delta_norm,primary,enc_norm,0.3146668756450711,3.000634161302061e-08,0.20109003863971434,0.4207564484878853,300,3,"effect_l2,act_max,frequency",10000,10000,5.101078074213503e-07,3.8298062019019223e-07
gemma_2_2b,resid_delta_norm,primary,enc_dec_cos,-0.2736177105240255,1.6910463484766288e-06,-0.37939438650804425,-0.16472498740459074,300,3,"effect_l2,act_max,frequency",10000,10000,2.536569522714943e-05,9.582595974700897e-06
gemma_2_2b,resid_delta_norm,primary,bin_entropy,,,,,300,3,"effect_l2,act_max,frequency",10000,0,,
gemma_2_2b,resid_delta_norm,primary,act_entropy,0.06226181542462911,0.2848381700668229,-0.041946900746506116,0.15569134648672706,300,3,"effect_l2,act_max,frequency",10000,10000,0.7190781059753348,0.3026405556959993
gemma_2_2b,resid_delta_norm,primary,act_kurtosis,-0.1531212564826715,0.008209697892692023,-0.23492276091325814,-0.06447141980677633,300,3,"effect_l2,act_max,frequency",10000,10000,0.09030667681961226,0.019937837739394913
gemma_2_2b,resid_delta_norm,primary,act_mag,0.14470570144151362,0.012544340177003361,0.06804482491783254,0.22195074728154593,300,3,"effect_l2,act_max,frequency",10000,10000,0.1254434017700336,0.026656722876132143
gemma_2_2b,resid_delta_norm,primary,act_mean_firing,0.23966104321950618,2.995432620334997e-05,0.14245824011766406,0.33301622401677805,300,3,"effect_l2,act_max,frequency",10000,10000,0.0004193605668468996,0.00012730588636423738
gemma_2_2b,resid_delta_norm,primary,act_std,0.13281657014524176,0.022055025200933515,0.038213829716370114,0.22431542274693736,300,3,"effect_l2,act_max,frequency",10000,10000,0.19849522680840165,0.04165949204620775
gemma_2_2b,resid_delta_norm,primary,coact_entropy,-0.06843280810642806,0.23969270199177828,-0.1614834351462589,0.03021713634773357,300,3,"effect_l2,act_max,frequency",10000,10000,0.7190781059753348,0.2716517289240154
gemma_2_2b,resid_delta_norm,primary,coact_count,0.08862074183395166,0.12755331577347986,-0.02490697585795325,0.19765057048527487,300,3,"effect_l2,act_max,frequency",10000,10000,0.5440599366365745,0.15488616915351128
gemma_2_2b,resid_delta_norm,primary,logit_l2,0.2118501320313485,0.00023563330941939894,0.07737305763072651,0.3426450840204511,300,3,"effect_l2,act_max,frequency",10000,10000,0.0028275997130327874,0.0006676277100216304
gemma_2_2b,resid_delta_norm,primary,logit_linf,0.11321143109209617,0.05128424664411736,-0.007671837315429596,0.23503299396678926,300,3,"effect_l2,act_max,frequency",10000,10000,0.4102739731529389,0.08718321929499952
gemma_2_2b,resid_delta_norm,primary,logit_entropy,-0.22448853019472087,9.52542165855517e-05,-0.3296879244388529,-0.11302288623563937,300,3,"effect_l2,act_max,frequency",10000,10000,0.0012383048156121722,0.0003238643363908758
gemma_2_2b,resid_delta_norm,primary,logit_top10_mass,0.09834706418689436,0.09067665610609575,-0.020839620119277473,0.2143258327763331,300,3,"effect_l2,act_max,frequency",10000,10000,0.5440599366365745,0.1284585961503023
gemma_2_2b,resid_delta_norm,robust,crowding,0.5958131070846392,5.054961438376739e-30,0.5049235457070235,0.6788026587763265,300,2,"frequency,act_max",10000,10000,8.087938301402782e-29,4.296717222620228e-29
gemma_2_2b,resid_delta_norm,robust,crowd_max,0.36385032902998565,9.29345027209517e-11,0.2498154157829531,0.4753704718170766,300,2,"frequency,act_max",10000,10000,1.208148535372372e-09,3.159773092512358e-10
gemma_2_2b,resid_delta_norm,robust,dec_norm,-0.08766209087749136,0.13108672136794675,-0.20962889206712257,0.0353896385361868,300,2,"frequency,act_max",10000,10000,0.39326016410384024,0.14856495088367297
gemma_2_2b,resid_delta_norm,robust,enc_norm,0.6059946053643809,2.9203005230123697e-31,0.5245696734388314,0.6760607300549069,300,2,"frequency,act_max",10000,10000,4.964510889121028e-30,4.964510889121028e-30
gemma_2_2b,resid_delta_norm,robust,enc_dec_cos,-0.523044741318715,2.5105315903608274e-22,-0.6172964551421231,-0.42007280433678873,300,2,"frequency,act_max",10000,10000,3.765797385541241e-21,1.4226345678711355e-21
gemma_2_2b,resid_delta_norm,robust,bin_entropy,,,,,300,2,"frequency,act_max",10000,0,,
gemma_2_2b,resid_delta_norm,robust,act_entropy,0.1523990292491968,0.00840955182349873,0.008241048277447439,0.2556392466065579,300,2,"frequency,act_max",10000,10000,0.04204775911749365,0.010997106230729109
gemma_2_2b,resid_delta_norm,robust,act_kurtosis,-0.2818059150836829,7.619984207687637e-07,-0.36982377781050185,-0.17745199303263895,300,2,"frequency,act_max",10000,10000,6.095987366150109e-06,1.2953973153068983e-06
gemma_2_2b,resid_delta_norm,robust,act_mag,0.28379549707987034,6.316822487590289e-07,0.20063147376100776,0.36340415542176363,300,2,"frequency,act_max",10000,10000,5.68514023883126e-06,1.1931775809892767e-06
gemma_2_2b,resid_delta_norm,robust,act_mean_firing,0.34913066683029204,5.729072696795798e-10,0.24083267176555945,0.4430530807102586,300,2,"frequency,act_max",10000,10000,6.874887236154957e-09,1.6232372640921428e-09
gemma_2_2b,resid_delta_norm,robust,act_std,0.2859804287779154,5.132346435928563e-07,0.18120603313955996,0.3816154709392545,300,2,"frequency,act_max",10000,10000,5.132346435928562e-06,1.0906236176348196e-06
gemma_2_2b,resid_delta_norm,robust,coact_entropy,-0.207717261086972,0.0003060319727940822,-0.3083391390641849,-0.10119913200794071,300,2,"frequency,act_max",10000,10000,0.0018361918367644932,0.0004335452947916165
gemma_2_2b,resid_delta_norm,robust,coact_count,-0.0025621557486010496,0.9648694490879927,-0.12455388567337448,0.11435884955079545,300,2,"frequency,act_max",10000,10000,1.0,1.0
gemma_2_2b,resid_delta_norm,robust,logit_l2,0.40901355723591853,1.906041232580089e-13,0.301509132625426,0.5101140905962429,300,2,"frequency,act_max",10000,10000,2.6684577256121246e-12,8.100675238465378e-13
gemma_2_2b,resid_delta_norm,robust,logit_linf,0.29865147748851706,1.4862634487478246e-07,0.17900560530439566,0.4128085158365423,300,2,"frequency,act_max",10000,10000,1.634889793622607e-06,3.6094969469590026e-07
gemma_2_2b,resid_delta_norm,robust,logit_entropy,-0.2445742977102796,1.9610884636443625e-05,-0.3471080521774477,-0.13513605312439578,300,2,"frequency,act_max",10000,10000,0.00013727619245510538,3.030773080177651e-05
gemma_2_2b,resid_delta_norm,robust,logit_top10_mass,0.10235931939664958,0.07769727498705059,-0.018944632040278984,0.2183295761724383,300,2,"frequency,act_max",10000,10000,0.31078909994820236,0.09434669105570428
gemma_2_2b,resid_delta_norm,effect_only,crowding,0.3301945292947629,4.898378770618872e-09,0.21548629747261838,0.4420673206843164,300,1,effect_l2,10000,10000,8.327243910052081e-08,3.102306554725285e-08
gemma_2_2b,resid_delta_norm,effect_only,crowd_max,0.12619932748543228,0.029125776986193973,0.017573735328362015,0.23943185215610271,300,1,effect_l2,10000,10000,0.26213199287574573,0.047228538438178654
gemma_2_2b,resid_delta_norm,effect_only,dec_norm,-0.08864323630025435,0.12617111194410904,-0.19914937463745488,0.02340934407862088,300,1,effect_l2,10000,10000,0.5046844477764362,0.1498281954336295
gemma_2_2b,resid_delta_norm,effect_only,enc_norm,0.3635757754241395,8.949414214375898e-11,0.24624977548648816,0.46944309577085075,300,1,effect_l2,10000,10000,1.6108945585876617e-09,8.501943503657103e-10
gemma_2_2b,resid_delta_norm,effect_only,enc_dec_cos,-0.3116741165143445,3.7024008370449e-08,-0.4142979219084861,-0.20677138778050294,300,1,effect_l2,10000,10000,5.553601255567351e-07,1.406912318077062e-07
gemma_2_2b,resid_delta_norm,effect_only,frequency,0.12383026490854579,0.032314263141911714,0.004651689978461856,0.24160271000205186,300,1,effect_l2,10000,10000,0.26213199287574573,0.047228538438178654
gemma_2_2b,resid_delta_norm,effect_only,bin_entropy,0.12383026490854579,0.032314263141911714,0.004651689978461856,0.24160271000205186,300,1,effect_l2,10000,10000,0.26213199287574573,0.047228538438178654
gemma_2_2b,resid_delta_norm,effect_only,act_entropy,0.102809579128429,0.07589728342205988,-0.015487843107639994,0.22029715678046477,300,1,effect_l2,10000,10000,0.3794864171102994,0.09613655900127585
gemma_2_2b,resid_delta_norm,effect_only,act_kurtosis,-0.02169050422139408,0.7087489505236931,-0.1423967857717646,0.09283370596493595,300,1,effect_l2,10000,10000,0.7087489505236931,0.7087489505236931
gemma_2_2b,resid_delta_norm,effect_only,act_mag,0.24056304081652113,2.6200472678448052e-05,0.12586250045692596,0.35417368944274946,300,1,effect_l2,10000,10000,0.00034060614481982467,6.70974914211145e-05
gemma_2_2b,resid_delta_norm,effect_only,act_mean_firing,0.3809744471929908,9.171063739540719e-12,0.27562062153286265,0.47426053725876116,300,1,effect_l2,10000,10000,1.7425021105127366e-10,1.7425021105127366e-10
gemma_2_2b,resid_delta_norm,effect_only,act_std,0.3068948066400115,6.104026662502357e-08,0.19704606791266158,0.4102759722122599,300,1,effect_l2,10000,10000,8.545637327503299e-07,1.9329417764590798e-07
gemma_2_2b,resid_delta_norm,effect_only,act_max,0.32036515912847824,1.4576788631791889e-08,0.21558718955843165,0.4166421694946036,300,1,effect_l2,10000,10000,2.3322861810867022e-07,6.923974600101147e-08
gemma_2_2b,resid_delta_norm,effect_only,coact_entropy,0.06105453378915058,0.29266584839458026,-0.05929191514863987,0.17994198172938608,300,1,effect_l2,10000,10000,0.6597349459987669,0.3089250621942792
gemma_2_2b,resid_delta_norm,effect_only,coact_count,0.07115362542311149,0.21991164866625565,-0.03870551895154,0.18287440665208524,300,1,effect_l2,10000,10000,0.6597349459987669,0.24578360733287397
gemma_2_2b,resid_delta_norm,effect_only,logit_l2,0.23961431882203438,2.825157533520611e-05,0.10189824884769369,0.3689175029789807,300,1,effect_l2,10000,10000,0.00034060614481982467,6.70974914211145e-05
gemma_2_2b,resid_delta_norm,effect_only,logit_linf,0.13483786240704984,0.019676506190159253,0.014704617813552414,0.25517401466127854,300,1,effect_l2,10000,10000,0.19676506190159254,0.03738536176130258
gemma_2_2b,resid_delta_norm,effect_only,logit_entropy,-0.2023451039264675,0.0004303993073223164,-0.30857383434939234,-0.09227722741155513,300,1,effect_l2,10000,10000,0.00473439238054548,0.000908620759902668
gemma_2_2b,resid_delta_norm,effect_only,logit_top10_mass,0.10817587302522319,0.06173610047409131,-0.005922440814454802,0.22078402001028125,300,1,effect_l2,10000,10000,0.37041660284454786,0.08378470778626677
gemma_2_2b,resid_error_delta_norm,none,crowding,0.36922721363570704,4.021258530895128e-11,0.26414134258101724,0.4693809329972056,300,0,,10000,10000,7.238265355611231e-10,3.820195604350372e-10
gemma_2_2b,resid_error_delta_norm,none,crowd_max,0.2667336600110751,2.788087659630518e-06,0.152765884146602,0.37895883287428705,300,0,,10000,10000,3.3457051915566215e-05,6.6217081916224805e-06
gemma_2_2b,resid_error_delta_norm,none,dec_norm,-0.10383510310481467,0.07252221450953325,-0.22025958819104158,0.01496533632130551,300,0,,10000,10000,0.2800211257892757,0.08105423974594893
gemma_2_2b,resid_error_delta_norm,none,enc_norm,0.37102012244580496,3.182993450724779e-11,0.27317752747835655,0.46284258242860093,300,0,,10000,10000,6.04768755637708e-10,3.820195604350372e-10
gemma_2_2b,resid_error_delta_norm,none,enc_dec_cos,-0.3130464019651796,3.0362441717958416e-08,-0.4160225494960881,-0.2055164177114585,300,0,,10000,10000,4.857990674873347e-07,1.2734823910194929e-07
gemma_2_2b,resid_error_delta_norm,none,frequency,0.18728759923026803,0.001117027927955785,0.06928662900041561,0.30054452751439686,300,0,,10000,10000,0.010053251351602064,0.0017686275525966594
gemma_2_2b,resid_error_delta_norm,none,bin_entropy,0.18728759923026803,0.001117027927955785,0.06928662900041561,0.30054452751439686,300,0,,10000,10000,0.010053251351602064,0.0017686275525966594
gemma_2_2b,resid_error_delta_norm,none,act_entropy,0.17538017089078767,0.0022986783320340467,0.057678533266520934,0.2885761085827032,300,0,,10000,10000,0.016090748324238326,0.0033596067929728374
gemma_2_2b,resid_error_delta_norm,none,act_kurtosis,-0.13004988944321605,0.024277967863181673,-0.24307239202862868,-0.011910306002243132,300,0,,10000,10000,0.12138983931590837,0.030752092626696783
gemma_2_2b,resid_error_delta_norm,none,act_mag,0.2944428271425238,2.0559298096265103e-07,0.18561846000007962,0.398527711628472,300,0,,10000,10000,2.6727087525144635e-06,5.580380911843385e-07
gemma_2_2b,resid_error_delta_norm,none,act_mean_firing,0.312117245747175,3.351269450051297e-08,0.20933218502416182,0.408336174139663,300,0,,10000,10000,5.026904175076945e-07,1.2734823910194929e-07
gemma_2_2b,resid_error_delta_norm,none,act_std,0.33043567150746117,4.491792066787163e-09,0.22469673258277312,0.42982986421853514,300,0,,10000,10000,7.636046513538178e-08,2.8448016422985364e-08
gemma_2_2b,resid_error_delta_norm,none,act_max,0.25102901143346035,1.0802070516260372e-05,0.14517665143044103,0.35151548701510105,300,0,,10000,10000,0.00011882277567886408,2.2804371089883005e-05
gemma_2_2b,resid_error_delta_norm,none,coact_entropy,0.10475806450716901,0.07000528144731892,-0.014667232773130971,0.21976173375835958,300,0,,10000,10000,0.2800211257892757,0.08105423974594893
gemma_2_2b,resid_error_delta_norm,none,coact_count,0.05582112050026508,0.3352638664505664,-0.06203721929347726,0.17065136134508768,300,0,,10000,10000,0.42218737420365676,0.3352638664505664
gemma_2_2b,resid_error_delta_norm,none,logit_l2,0.3026300292225469,9.007075453601016e-08,0.19345174285743139,0.4102394688733383,300,0,,10000,10000,1.2609905635041422e-06,2.852240560306988e-07
gemma_2_2b,resid_error_delta_norm,none,logit_linf,0.22873987488749875,6.374798870795238e-05,0.11423592899500798,0.34126548342956264,300,0,,10000,10000,0.0006374798870795238,0.00012112117854510952
gemma_2_2b,resid_error_delta_norm,none,logit_entropy,-0.16051539256505715,0.005324882642105553,-0.2729917540180011,-0.04596417871434129,300,0,,10000,10000,0.03194929585263332,0.007226626442857536
gemma_2_2b,resid_error_delta_norm,none,logit_top10_mass,0.07240880454227269,0.21109368710182838,-0.044937001237666516,0.190158190795034,300,0,,10000,10000,0.42218737420365676,0.22282111416304107
gemma_2_2b,resid_error_delta_norm,primary,crowding,0.10020419740492063,0.08471738290849247,-0.016633377591751628,0.21675597808291916,300,3,"effect_l2,act_max,frequency",10000,10000,0.8471738290849247,0.1800244386805465
gemma_2_2b,resid_error_delta_norm,primary,crowd_max,0.05338666884649871,0.35923518649852476,-0.06341076335286985,0.17388596648516078,300,3,"effect_l2,act_max,frequency",10000,10000,1.0,0.4661153983525314
gemma_2_2b,resid_error_delta_norm,primary,dec_norm,-0.09251572305194292,0.11159207782646682,-0.2151496855846118,0.031222410116858557,300,3,"effect_l2,act_max,frequency",10000,10000,0.9653529107384033,0.1897065323049936
gemma_2_2b,resid_error_delta_norm,primary,enc_norm,0.1306610007441197,0.02432620159755342,0.009591214769594254,0.2460270982139374,300,3,"effect_l2,act_max,frequency",10000,10000,0.36489302396330126,0.10245117585767219
gemma_2_2b,resid_error_delta_norm,primary,enc_dec_cos,-0.08778554958134856,0.13119545051017564,-0.19570709701040112,0.023926667147286914,300,3,"effect_l2,act_max,frequency",10000,10000,0.9653529107384033,0.20275660533390782
gemma_2_2b,resid_error_delta_norm,primary,bin_entropy,,,,,300,3,"effect_l2,act_max,frequency",10000,0,,
gemma_2_2b,resid_error_delta_norm,primary,act_entropy,0.025743512653797197,0.6585919350353168,-0.08466580582553951,0.13147774609268512,300,3,"effect_l2,act_max,frequency",10000,10000,1.0,0.7464041930400256
gemma_2_2b,resid_error_delta_norm,primary,act_kurtosis,-0.0788555812100822,0.17530505840912763,-0.18533343308545516,0.028540623153533715,300,3,"effect_l2,act_max,frequency",10000,10000,1.0,0.24834883274626415
gemma_2_2b,resid_error_delta_norm,primary,act_mag,0.1201352018601219,0.03853281439627249,0.006673848000423905,0.21715960473202794,300,3,"effect_l2,act_max,frequency",10000,10000,0.46239377275526994,0.1091763074561054
gemma_2_2b,resid_error_delta_norm,primary,act_mean_firing,0.1573892015071863,0.00656941031752924,0.04668806272439799,0.26439777288668487,300,3,"effect_l2,act_max,frequency",10000,10000,0.11167997539799708,0.10245117585767219
gemma_2_2b,resid_error_delta_norm,primary,act_std,0.12944662572194301,0.025692433757661608,0.016694647236573983,0.23183331372078494,300,3,"effect_l2,act_max,frequency",10000,10000,0.36489302396330126,0.10245117585767219
gemma_2_2b,resid_error_delta_norm,primary,coact_entropy,0.01932601807678713,0.7401270811469679,-0.09535826996914215,0.1346045234732864,300,3,"effect_l2,act_max,frequency",10000,10000,1.0,0.7863850237186534
gemma_2_2b,resid_error_delta_norm,primary,coact_count,0.11438745988918936,0.04889870182773481,-0.0012960938231366824,0.22778927826124695,300,3,"effect_l2,act_max,frequency",10000,10000,0.5378857201050828,0.11875399015307024
gemma_2_2b,resid_error_delta_norm,primary,logit_l2,0.13470775091017867,0.02021591139537009,0.013528212817871385,0.2530481994778417,300,3,"effect_l2,act_max,frequency",10000,10000,0.32345458232592145,0.10245117585767219
gemma_2_2b,resid_error_delta_norm,primary,logit_linf,0.09364737123285666,0.10726143452648926,-0.027232343641813688,0.212724559018602,300,3,"effect_l2,act_max,frequency",10000,10000,0.9653529107384033,0.1897065323049936
gemma_2_2b,resid_error_delta_norm,primary,logit_entropy,-0.12584999319999451,0.03013269878166829,-0.23385736887422665,-0.011015845420726502,300,3,"effect_l2,act_max,frequency",10000,10000,0.3917250841616878,0.10245117585767219
gemma_2_2b,resid_error_delta_norm,primary,logit_top10_mass,0.050710650941503566,0.38385973981973176,-0.06481951185675862,0.162854775839994,300,3,"effect_l2,act_max,frequency",10000,10000,1.0,0.4661153983525314
gemma_2_2b,resid_error_delta_norm,robust,crowding,0.3356454468667808,2.797186924656152e-09,0.2238966365559519,0.43874825816222496,300,2,"frequency,act_max",10000,10000,4.475499079449843e-08,2.3776088859577292e-08
gemma_2_2b,resid_error_delta_norm,robust,crowd_max,0.226578982917993,7.934651554671591e-05,0.10665800228275618,0.3411115289041439,300,2,"frequency,act_max",10000,10000,0.000872811671013875,0.00019269868061345293
gemma_2_2b,resid_error_delta_norm,robust,dec_norm,-0.09833557575609007,0.09016839153475126,-0.21851599277135503,0.02246224382035068,300,2,"frequency,act_max",10000,10000,0.5410103492085075,0.12773855467423095
gemma_2_2b,resid_error_delta_norm,robust,enc_norm,0.3629497875316669,1.0415350937571823e-10,0.25468002976036297,0.4630854607898717,300,2,"frequency,act_max",10000,10000,1.7706096593872098e-09,1.7706096593872098e-09
gemma_2_2b,resid_error_delta_norm,robust,enc_dec_cos,-0.29267461471716155,2.686744536520729e-07,-0.3979558313707269,-0.18093460607194173,300,2,"frequency,act_max",10000,10000,4.030116804781093e-06,1.5224885706950798e-06
gemma_2_2b,resid_error_delta_norm,robust,bin_entropy,,,,,300,2,"frequency,act_max",10000,0,,
gemma_2_2b,resid_error_delta_norm,robust,act_entropy,0.09127483273722736,0.11587878271625356,-0.03344708174880411,0.18790562469243885,300,2,"frequency,act_max",10000,10000,0.5793939135812678,0.1515337927827931
gemma_2_2b,resid_error_delta_norm,robust,act_kurtosis,-0.1809732429020348,0.0017074772708439323,-0.28454879244736764,-0.07202426361778892,300,2,"frequency,act_max",10000,10000,0.013659818166751459,0.0029027113604346852
gemma_2_2b,resid_error_delta_norm,robust,act_mag,0.22079093281780504,0.00012156133628213998,0.11349103677855948,0.30865885939684634,300,2,"frequency,act_max",10000,10000,0.0012156133628213998,0.0002583178395995474
gemma_2_2b,resid_error_delta_norm,robust,act_mean_firing,0.2559232153448148,7.673975576072855e-06,0.14237198635693188,0.3576485289788455,300,2,"frequency,act_max",10000,10000,9.976168248894712e-05,2.6091516958647708e-05
gemma_2_2b,resid_error_delta_norm,robust,act_std,0.23448428584711803,4.3520017984959533e-05,0.12006182333499742,0.333845605526116,300,2,"frequency,act_max",10000,10000,0.0005222402158195144,0.000123306717624052
gemma_2_2b,resid_error_delta_norm,robust,coact_entropy,-0.0837961918122687,0.149018746458532,-0.19623286581864907,0.028516856115817446,300,2,"frequency,act_max",10000,10000,0.596074985834128,0.18095133498536028
gemma_2_2b,resid_error_delta_norm,robust,coact_count,0.06412521117975555,0.2698289756007728,-0.05630433115349947,0.18370858120541683,300,2,"frequency,act_max",10000,10000,0.7196403117432812,0.2866932865758211
gemma_2_2b,resid_error_delta_norm,robust,logit_l2,0.282678517259779,7.019508217432817e-07,0.16829490734365263,0.3880337195524398,300,2,"frequency,act_max",10000,10000,9.827311504405943e-06,2.9832909924089473e-06
gemma_2_2b,resid_error_delta_norm,robust,logit_linf,0.21885767993385258,0.00013983317752273077,0.09828599740820153,0.33331304973195386,300,2,"frequency,act_max",10000,10000,0.0012584985977045768,0.0002641293353207137
gemma_2_2b,resid_error_delta_norm,robust,logit_entropy,-0.1713452916219202,0.0030030740087791984,-0.28058616235257644,-0.05755967826864299,300,2,"frequency,act_max",10000,10000,0.02102151806145439,0.004641114377204216
gemma_2_2b,resid_error_delta_norm,robust,logit_top10_mass,0.06829001961153328,0.2398801039144271,-0.051994107623770325,0.18510199144512823,300,2,"frequency,act_max",10000,10000,0.7196403117432812,0.271864117769684
gemma_2_2b,resid_error_delta_norm,effect_only,crowding,0.12018321808111516,0.03780235702991886,0.0023528088018986318,0.23786372402806183,300,1,effect_l2,10000,10000,0.336339427750456,0.0598537319640382
gemma_2_2b,resid_error_delta_norm,effect_only,crowd_max,0.0914174280104589,0.11469464840942449,-0.027877829357075626,0.2058947796234222,300,1,effect_l2,10000,10000,0.45877859363769796,0.1361998949861916
gemma_2_2b,resid_error_delta_norm,effect_only,dec_norm,-0.10310751757619549,0.07504730778520255,-0.22291043046855957,0.014504195053083853,300,1,effect_l2,10000,10000,0.3752365389260127,0.09505992319458989
gemma_2_2b,resid_error_delta_norm,effect_only,enc_norm,0.11061589454380959,0.05605820405090454,-0.014254011961622855,0.23041263262690975,300,1,effect_l2,10000,10000,0.372354831445042,0.07607899121194187
gemma_2_2b,resid_error_delta_norm,effect_only,enc_dec_cos,-0.07909399536290435,0.17254483961826805,-0.19145462455933543,0.03343892882655223,300,1,effect_l2,10000,10000,0.5176345188548042,0.18505210283455065
gemma_2_2b,resid_error_delta_norm,effect_only,frequency,0.2200601806798962,0.0001248560469721924,0.10484849965970536,0.330792754308724,300,1,effect_l2,10000,10000,0.0021225527985272706,0.0005930662231179139
gemma_2_2b,resid_error_delta_norm,effect_only,bin_entropy,0.2200601806798962,0.0001248560469721924,0.10484849965970536,0.330792754308724,300,1,effect_l2,10000,10000,0.0021225527985272706,0.0005930662231179139
gemma_2_2b,resid_error_delta_norm,effect_only,act_entropy,0.2133450676511975,0.00020199641264409884,0.09799030397542875,0.32431020193138266,300,1,effect_l2,10000,10000,0.0030299461896614826,0.0007675863680475756
gemma_2_2b,resid_error_delta_norm,effect_only,act_kurtosis,-0.1687904032372927,0.0034173586580872346,-0.2805929604059712,-0.05417492902072285,300,1,effect_l2,10000,10000,0.041008303897046815,0.008116226812957181
gemma_2_2b,resid_error_delta_norm,effect_only,act_mag,0.2592296686445401,5.582975345233086e-06,0.1439492200311259,0.36695799490748743,300,1,effect_l2,10000,10000,0.00010607653155942864,7.932524723246828e-05
gemma_2_2b,resid_error_delta_norm,effect_only,act_mean_firing,0.1808071017411393,0.0016937262417841418,0.06552737802264265,0.29129692353852255,300,1,effect_l2,10000,10000,0.022018441143193842,0.004597256941985527
gemma_2_2b,resid_error_delta_norm,effect_only,act_std,0.2545076696808228,8.350026024470346e-06,0.1433038495155716,0.3601599365892124,300,1,effect_l2,10000,10000,0.00015030046844046623,7.932524723246828e-05
gemma_2_2b,resid_error_delta_norm,effect_only,act_max,0.1567935778311069,0.0065940138151798925,0.04400731450208281,0.26425342268885305,300,1,effect_l2,10000,10000,0.07253415196697882,0.013920695832046439
gemma_2_2b,resid_error_delta_norm,effect_only,coact_entropy,0.1959188471607342,0.0006576862740459344,0.08440993086251881,0.30474715410018227,300,1,effect_l2,10000,10000,0.00920760783664308,0.002082673201145459
gemma_2_2b,resid_error_delta_norm,effect_only,coact_count,0.1204529616247176,0.037371047527828445,0.009116496124543818,0.22996809480797634,300,1,effect_l2,10000,10000,0.336339427750456,0.0598537319640382
gemma_2_2b,resid_error_delta_norm,effect_only,logit_l2,0.1304161230112486,0.024114495359407837,0.005930455907603372,0.2531196565228642,300,1,effect_l2,10000,10000,0.24114495359407837,0.045817541182874885
gemma_2_2b,resid_error_delta_norm,effect_only,logit_linf,0.07858864936121292,0.17531251847483745,-0.04113816679674815,0.19971712568841388,300,1,effect_l2,10000,10000,0.5176345188548042,0.18505210283455065
gemma_2_2b,resid_error_delta_norm,effect_only,logit_entropy,-0.11192557288036771,0.053193547349291714,-0.2192533982046143,0.0006738196516053711,300,1,effect_l2,10000,10000,0.372354831445042,0.07607899121194187
gemma_2_2b,resid_error_delta_norm,effect_only,logit_top10_mass,0.04203461367735942,0.46899082830784494,-0.07228894499839024,0.15392251577980998,300,1,effect_l2,10000,10000,0.5176345188548042,0.46899082830784494
gemma_2_2b,resid_change_explained_energy,none,crowding,0.4588566539628218,4.9996316479152355e-17,0.36355692946963497,0.5466688900471764,300,0,,10000,10000,8.999336966247424e-16,4.749650065519474e-16
gemma_2_2b,resid_change_explained_energy,none,crowd_max,0.26022669809961363,4.938752579768515e-06,0.14595314802544201,0.3728169594129775,300,0,,10000,10000,6.42037835369907e-05,1.3405185573657396e-05
gemma_2_2b,resid_change_explained_energy,none,dec_norm,0.021626082290377907,0.7091077779518475,-0.09938693662203313,0.14111291311800475,300,0,,10000,10000,1.0,0.7091077779518475
gemma_2_2b,resid_change_explained_energy,none,enc_norm,0.5000460005111168,2.1947119989759576e-20,0.4054691029937322,0.5845524970619933,300,0,,10000,10000,4.1699527980543195e-19,4.1699527980543195e-19
gemma_2_2b,resid_change_explained_energy,none,enc_dec_cos,-0.388038132427933,3.2174709100478757e-12,-0.48635547412166386,-0.284789134612917,300,0,,10000,10000,5.4697005470813885e-11,2.037731576363655e-11
gemma_2_2b,resid_change_explained_energy,none,frequency,-0.12166574363751619,0.03517430146659948,-0.23486012053431862,-0.0035061296024906973,300,0,,10000,10000,0.1758715073329974,0.04176948299158688
gemma_2_2b,resid_change_explained_energy,none,bin_entropy,-0.12166574363751619,0.03517430146659948,-0.23486012053431862,-0.0035061296024906973,300,0,,10000,10000,0.1758715073329974,0.04176948299158688
gemma_2_2b,resid_change_explained_energy,none,act_entropy,-0.1366957410637896,0.01784176776450782,-0.24901025721135855,-0.018247598629327965,300,0,,10000,10000,0.10705060658704692,0.02421382768040347
gemma_2_2b,resid_change_explained_energy,none,act_kurtosis,0.1449384993166591,0.011963718751613292,0.028580629100367932,0.2589932574492481,300,0,,10000,10000,0.10137777074807944,0.017485435098511734
gemma_2_2b,resid_change_explained_energy,none,act_mag,0.03900310003444483,0.5009540222094867,-0.07602518502543225,0.15245678547024524,300,0,,10000,10000,1.0,0.5389730555552251
gemma_2_2b,resid_change_explained_energy,none,act_mean_firing,0.3225431393682152,1.0854963833572295e-08,0.2138406993186648,0.42796547074233116,300,0,,10000,10000,1.6282445750358443e-07,4.124886256757472e-08
gemma_2_2b,resid_change_explained_energy,none,act_std,0.1461469571884132,0.011264196749786605,0.03007324956564812,0.260451133103267,300,0,,10000,10000,0.10137777074807944,0.017485435098511734
gemma_2_2b,resid_change_explained_energy,none,act_max,0.23105367837420415,5.3437433085925687e-05,0.1183922103113341,0.339829107703886,300,0,,10000,10000,0.0006412491970311082,0.0001269139035790735
gemma_2_2b,resid_change_explained_energy,none,coact_entropy,-0.19803777797950967,0.0005605309689314145,-0.3083194912830159,-0.08213311196798959,300,0,,10000,10000,0.00616584065824556,0.0011833431566329862
gemma_2_2b,resid_change_explained_energy,none,coact_count,-0.03812890622788337,0.5106060526312659,-0.15501858835974303,0.08140160915255643,300,0,,10000,10000,1.0,0.5389730555552251
gemma_2_2b,resid_change_explained_energy,none,logit_l2,0.33064234047044966,4.387705264444219e-09,0.22442222753506666,0.42990898141113143,300,0,,10000,10000,7.020328423110751e-08,2.0841600006110043e-08
gemma_2_2b,resid_change_explained_energy,none,logit_linf,0.28653029478105313,4.455824535861043e-07,0.17164355788631874,0.395689821472459,300,0,,10000,10000,6.23815435020546e-06,1.4110111030226637e-06
gemma_2_2b,resid_change_explained_energy,none,logit_entropy,-0.18901105201538354,0.0010025748257143738,-0.2933405709055406,-0.08224597586715747,300,0,,10000,10000,0.010025748257143738,0.0019048921688573101
gemma_2_2b,resid_change_explained_energy,none,logit_top10_mass,0.14494516605740063,0.011959756867968995,0.029587346970491663,0.2580752710843537,300,0,,10000,10000,0.10137777074807944,0.017485435098511734
gemma_2_2b,resid_change_explained_energy,primary,crowding,0.1871929258450839,0.001190620675459145,0.08066630524049019,0.29324075541828903,300,3,"effect_l2,act_max,frequency",10000,10000,0.020240551482805465,0.020240551482805465
gemma_2_2b,resid_change_explained_energy,primary,crowd_max,0.0707277387034992,0.2242584588837252,-0.03947890938644196,0.18221374310391775,300,3,"effect_l2,act_max,frequency",10000,10000,1.0,0.3465812546384844
gemma_2_2b,resid_change_explained_energy,primary,dec_norm,0.031100239025379856,0.5934516712835795,-0.08352572622387648,0.1432947059795112,300,3,"effect_l2,act_max,frequency",10000,10000,1.0,0.6305424007388032
gemma_2_2b,resid_change_explained_energy,primary,enc_norm,0.1653620856201206,0.0042702084806316085,0.05052117580846888,0.2779852521683952,300,3,"effect_l2,act_max,frequency",10000,10000,0.06832333569010574,0.036296772085368675
gemma_2_2b,resid_change_explained_energy,primary,enc_dec_cos,-0.07182123206091158,0.21715835764491592,-0.18145468163225725,0.03355708854317879,300,3,"effect_l2,act_max,frequency",10000,10000,1.0,0.3465812546384844
gemma_2_2b,resid_change_explained_energy,primary,bin_entropy,,,,,300,3,"effect_l2,act_max,frequency",10000,0,,
gemma_2_2b,resid_change_explained_energy,primary,act_entropy,0.05979261340758258,0.3044105404124528,-0.058867919486400015,0.16000639916636789,300,3,"effect_l2,act_max,frequency",10000,10000,1.0,0.4312482655843081
gemma_2_2b,resid_change_explained_energy,primary,act_kurtosis,-0.1174632455017956,0.043094164732062575,-0.21116995071913497,-0.015794678303014814,300,3,"effect_l2,act_max,frequency",10000,10000,0.6033183062488761,0.18315020011126595
gemma_2_2b,resid_change_explained_energy,primary,act_mag,0.08425262345271478,0.1474948699500413,-0.006319864501587456,0.17686261546045698,300,3,"effect_l2,act_max,frequency",10000,10000,1.0,0.2786014210167447
gemma_2_2b,resid_change_explained_energy,primary,act_mean_firing,0.09384391971237352,0.10652295750278207,-0.010626290732449388,0.2025111555581091,300,3,"effect_l2,act_max,frequency",10000,10000,1.0,0.258698611078185
gemma_2_2b,resid_change_explained_energy,primary,act_std,0.05412149385098232,0.35265014761219804,-0.04621713815796669,0.15614036918127175,300,3,"effect_l2,act_max,frequency",10000,10000,1.0,0.4611578853390282
gemma_2_2b,resid_change_explained_energy,primary,coact_entropy,-0.039937413442312476,0.4929400621278659,-0.15783067819684538,0.0798989740254956,300,3,"effect_l2,act_max,frequency",10000,10000,1.0,0.5586654037449147
gemma_2_2b,resid_change_explained_energy,primary,coact_count,0.04808107427078881,0.4090323799638795,-0.06383836350571734,0.1599332355621873,300,3,"effect_l2,act_max,frequency",10000,10000,1.0,0.4966821756704251
gemma_2_2b,resid_change_explained_energy,primary,logit_l2,0.09727045429088889,0.09428210023587015,-0.011721600177412986,0.20746585469373632,300,3,"effect_l2,act_max,frequency",10000,10000,1.0,0.258698611078185
gemma_2_2b,resid_change_explained_energy,primary,logit_linf,0.08537983504492717,0.14213514046652287,-0.028293440965039305,0.2025203866049918,300,3,"effect_l2,act_max,frequency",10000,10000,1.0,0.2786014210167447
gemma_2_2b,resid_change_explained_energy,primary,logit_entropy,-0.14157855714085135,0.014608397250300881,-0.24510258124680756,-0.035266210928938724,300,3,"effect_l2,act_max,frequency",10000,10000,0.2191259587545132,0.082780917751705
gemma_2_2b,resid_change_explained_energy,primary,logit_top10_mass,0.10595490735300955,0.06823833739075794,-0.004562996983727745,0.2174092534375526,300,3,"effect_l2,act_max,frequency",10000,10000,0.8870983860798531,0.232010347128577
gemma_2_2b,resid_change_explained_energy,robust,crowding,0.43096485682152297,6.591536372289814e-15,0.3282296789762855,0.5210579925046352,300,2,"frequency,act_max",10000,10000,1.1205611832892683e-13,1.1205611832892683e-13
gemma_2_2b,resid_change_explained_energy,robust,crowd_max,0.2644960154259585,3.6667981582523257e-06,0.1519389100858555,0.369979714535006,300,2,"frequency,act_max",10000,10000,4.766837605728024e-05,1.2467113738057908e-05
gemma_2_2b,resid_change_explained_energy,robust,dec_norm,0.007552663383218924,0.8966984861651038,-0.11116638784516371,0.12434858343395666,300,2,"frequency,act_max",10000,10000,1.0,1.0
gemma_2_2b,resid_change_explained_energy,robust,enc_norm,0.4214136372386227,2.9365368431755097e-14,0.3143698936908614,0.5153246746679557,300,2,"frequency,act_max",10000,10000,4.698458949080815e-13,2.4960563166991835e-13
gemma_2_2b,resid_change_explained_energy,robust,enc_dec_cos,-0.31014280177407844,4.5827563808190976e-08,-0.41341040063922985,-0.19734445771149448,300,2,"frequency,act_max",10000,10000,6.874134571228646e-07,2.5968952824641554e-07
gemma_2_2b,resid_change_explained_energy,robust,bin_entropy,,,,,300,2,"frequency,act_max",10000,0,,
gemma_2_2b,resid_change_explained_energy,robust,act_entropy,0.12870876214955815,0.026298941462025088,-0.015939302355805762,0.239056119909685,300,2,"frequency,act_max",10000,10000,0.13149470731012544,0.0343909234503405
gemma_2_2b,resid_change_explained_energy,robust,act_kurtosis,-0.2260396716188477,8.260255337572412e-05,-0.31828078055236936,-0.12039610589801501,300,2,"frequency,act_max",10000,10000,0.0009086280871329653,0.00020060620105533
gemma_2_2b,resid_change_explained_energy,robust,act_mag,0.20385125165880516,0.0003978781789306271,0.11161541065157184,0.29578198533979627,300,2,"frequency,act_max",10000,10000,0.003580903610375644,0.0007515476713134068
gemma_2_2b,resid_change_explained_energy,robust,act_mean_firing,0.21554992935903883,0.0001771873082213868,0.10297954644908727,0.3196170759911785,300,2,"frequency,act_max",10000,10000,0.0017718730822138679,0.00037652302997044694
gemma_2_2b,resid_change_explained_energy,robust,act_std,0.1859887768503076,0.0012581527447592458,0.07897688669487356,0.28808414590105647,300,2,"frequency,act_max",10000,10000,0.00880706921331472,0.001944417878264289
gemma_2_2b,resid_change_explained_energy,robust,coact_entropy,-0.14798468808215812,0.010528382631337659,-0.26373579310267353,-0.023883032958056598,300,2,"frequency,act_max",10000,10000,0.06317029578802595,0.014915208727728349
gemma_2_2b,resid_change_explained_energy,robust,coact_count,-0.0015512792545331795,0.9787255720411037,-0.1171578196128652,0.1178698983238212,300,2,"frequency,act_max",10000,10000,1.0,1.0
gemma_2_2b,resid_change_explained_energy,robust,logit_l2,0.2730855024215857,1.7043888519053413e-06,0.16172164955126572,0.37847731038444155,300,2,"frequency,act_max",10000,10000,2.386144392667478e-05,7.243652620597701e-06
gemma_2_2b,resid_change_explained_energy,robust,logit_linf,0.22882323286155207,6.704983278674289e-05,0.10842752593876001,0.33968057135203256,300,2,"frequency,act_max",10000,10000,0.0008045979934409146,0.00018997452622910484
gemma_2_2b,resid_change_explained_energy,robust,logit_entropy,-0.18852519872660123,0.0010749279364218969,-0.29063866130227967,-0.0817647376806613,300,2,"frequency,act_max",10000,10000,0.008599423491375175,0.0018273774919172249
gemma_2_2b,resid_change_explained_energy,robust,logit_top10_mass,0.11648373000850044,0.04451438525479852,0.0020893350955657553,0.22607707470059113,300,2,"frequency,act_max",10000,10000,0.17805754101919408,0.05405318209511249
gemma_2_2b,resid_change_explained_energy,effect_only,crowding,0.18922155973402274,0.0010090371307071005,0.08117382693522729,0.29704489695027564,300,1,effect_l2,10000,10000,0.01816266835272781,0.009585852741717454
gemma_2_2b,resid_change_explained_energy,effect_only,crowd_max,0.04480096706135533,0.4402187465075695,-0.06786164243581966,0.15984269085434638,300,1,effect_l2,10000,10000,1.0,0.49200918727316584
gemma_2_2b,resid_change_explained_energy,effect_only,dec_norm,0.045281504769993854,0.4353255628722309,-0.07933914430364197,0.16224645147968025,300,1,effect_l2,10000,10000,1.0,0.49200918727316584
gemma_2_2b,resid_change_explained_energy,effect_only,enc_norm,0.23793854628817443,3.2250512319888476e-05,0.1264694580267059,0.3462233411683655,300,1,effect_l2,10000,10000,0.000612759734077881,0.000612759734077881
gemma_2_2b,resid_change_explained_energy,effect_only,enc_dec_cos,-0.12900317365092956,0.025703760331928126,-0.23645730588078454,-0.022343157690213767,300,1,effect_l2,10000,10000,0.23918721794502418,0.04439740420969404
gemma_2_2b,resid_change_explained_energy,effect_only,frequency,-0.13927937180253355,0.015950960723257145,-0.24482119080906165,-0.027118879663773816,300,1,effect_l2,10000,10000,0.19689732579045646,0.033674250415765085
gemma_2_2b,resid_change_explained_energy,effect_only,bin_entropy,-0.13927937180253355,0.015950960723257145,-0.24482119080906165,-0.027118879663773816,300,1,effect_l2,10000,10000,0.19689732579045646,0.033674250415765085
gemma_2_2b,resid_change_explained_energy,effect_only,act_entropy,-0.14903157283177484,0.009862026916553357,-0.25434542613285543,-0.03548278697777575,300,1,effect_l2,10000,10000,0.1482977665179341,0.0322749486395209
gemma_2_2b,resid_change_explained_energy,effect_only,act_kurtosis,0.1502508216910662,0.009268610407370882,0.033797553800961715,0.2573472310186114,300,1,effect_l2,10000,10000,0.1482977665179341,0.0322749486395209
gemma_2_2b,resid_change_explained_energy,effect_only,act_mag,-0.05189797857583036,0.3711914560042304,-0.1603134408992599,0.06021381069383788,300,1,effect_l2,10000,10000,1.0,0.4701758442720252
gemma_2_2b,resid_change_explained_energy,effect_only,act_mean_firing,0.169470415590121,0.0032881259294196817,0.06308684450896505,0.27758179331637356,300,1,effect_l2,10000,10000,0.05589814080013459,0.020824797552991315
gemma_2_2b,resid_change_explained_energy,effect_only,act_std,0.016360737805679006,0.778144818036373,-0.09138005376793445,0.1250852108432364,300,1,effect_l2,10000,10000,1.0,0.778144818036373
gemma_2_2b,resid_change_explained_energy,effect_only,act_max,0.11634144032636186,0.04441679488800768,0.006147684701305865,0.22489957870852623,300,1,effect_l2,10000,10000,0.26650076932804606,0.06027993591943899
gemma_2_2b,resid_change_explained_energy,effect_only,coact_entropy,-0.14838130775830216,0.01019208904405923,-0.25749461342169067,-0.030804942526764672,300,1,effect_l2,10000,10000,0.1482977665179341,0.0322749486395209
gemma_2_2b,resid_change_explained_energy,effect_only,coact_count,0.023709164968476068,0.6830461241083683,-0.08949346556833705,0.13674609569455332,300,1,effect_l2,10000,10000,1.0,0.7209931310032777
gemma_2_2b,resid_change_explained_energy,effect_only,logit_l2,0.13059569083461894,0.02391872179450242,0.02083418536097526,0.23526766680614059,300,1,effect_l2,10000,10000,0.23918721794502418,0.04439740420969404
gemma_2_2b,resid_change_explained_energy,effect_only,logit_linf,0.1217615121626695,0.035337410412204937,0.009385212715849823,0.23259283178812257,300,1,effect_l2,10000,10000,0.24736187288543454,0.05164698444860722
gemma_2_2b,resid_change_explained_energy,effect_only,logit_entropy,-0.14035709958268647,0.01514594813772742,-0.2430772608336183,-0.03622015318647437,300,1,effect_l2,10000,10000,0.19689732579045646,0.033674250415765085
gemma_2_2b,resid_change_explained_energy,effect_only,logit_top10_mass,0.1252336092020783,0.030391434605220993,0.009455540672057882,0.24026457058301312,300,1,effect_l2,10000,10000,0.24313147684176795,0.04811977145826657
gemma_2_2b,stab_anti_frac,none,crowding,-0.1290856900976696,0.02536105786957759,-0.23867616554897098,-0.01673814991102893,300,0,,10000,10000,0.2735740797356221,0.04818600995219742
gemma_2_2b,stab_anti_frac,none,crowd_max,-0.07133693053997284,0.2179476434758385,-0.18159757232355758,0.03930821014174979,300,0,,10000,10000,1.0,0.3185388635416101
gemma_2_2b,stab_anti_frac,none,dec_norm,0.12951802758215616,0.02487037088505655,0.012992245933167194,0.23971017354239935,300,0,,10000,10000,0.2735740797356221,0.04818600995219742
gemma_2_2b,stab_anti_frac,none,enc_norm,-0.2323791684341893,4.826143686663974e-05,-0.3417176645405166,-0.12086183433629522,300,0,,10000,10000,0.0008687058635995152,0.0004584836502330775
gemma_2_2b,stab_anti_frac,none,enc_dec_cos,0.07857268080365773,0.17467426397848976,-0.038314318452617395,0.19349637576227238,300,0,,10000,10000,1.0,0.2765675846326088
gemma_2_2b,stab_anti_frac,none,frequency,-0.03765402341482109,0.515889516998418,-0.15216066242378823,0.0750756996017435,300,0,,10000,10000,1.0,0.5722628459763437
gemma_2_2b,stab_anti_frac,none,bin_entropy,-0.03765402341482109,0.515889516998418,-0.15216066242378823,0.0750756996017435,300,0,,10000,10000,1.0,0.5722628459763437
gemma_2_2b,stab_anti_frac,none,act_entropy,-0.021642145808018577,0.7089015088161816,-0.1366124789522752,0.09071437082793592,300,0,,10000,10000,1.0,0.7089015088161816
gemma_2_2b,stab_anti_frac,none,act_kurtosis,-0.05260934310898427,0.3638541877167561,-0.16125356041408628,0.05906345965226778,300,0,,10000,10000,1.0,0.49380211190131185
gemma_2_2b,stab_anti_frac,none,act_mag,-0.110598566493517,0.05568402082345932,-0.22410623032773427,0.0025597875861561176,300,0,,10000,10000,0.5011561874111339,0.09618149051324792
gemma_2_2b,stab_anti_frac,none,act_mean_firing,-0.20767742473883746,0.0002927572298132629,-0.3123912205183167,-0.09878261618187173,300,0,,10000,10000,0.004684115677012207,0.001390596841612999
gemma_2_2b,stab_anti_frac,none,act_std,-0.17011814620674282,0.0031185248104233392,-0.276365855536381,-0.061133640655453556,300,0,,10000,10000,0.03742229772508007,0.007406496424755431
gemma_2_2b,stab_anti_frac,none,act_max,-0.2180115660837171,0.00014112421610655663,-0.3229880544451756,-0.10864362976852833,300,0,,10000,10000,0.0023991116738114626,0.0008937867020081921
gemma_2_2b,stab_anti_frac,none,coact_entropy,-0.03533029973684893,0.542143748819694,-0.15108763643949058,0.08038542792090306,300,0,,10000,10000,1.0,0.5722628459763437
gemma_2_2b,stab_anti_frac,none,coact_count,-0.04455182971859109,0.4419997463597752,-0.15851173586645553,0.07305955980708696,300,0,,10000,10000,1.0,0.5598663453890486
gemma_2_2b,stab_anti_frac,none,logit_l2,-0.1902228011577294,0.0009286811436693637,-0.29551831294622344,-0.08126029417536583,300,0,,10000,10000,0.013001536011371093,0.002940823621619652
gemma_2_2b,stab_anti_frac,none,logit_linf,-0.1942917118510058,0.0007157308829730621,-0.30129452400269446,-0.08575104252836631,300,0,,10000,10000,0.010735963244595931,0.002719777355297636
gemma_2_2b,stab_anti_frac,none,logit_entropy,0.25672181879338457,6.678208304650724e-06,0.14806802606715555,0.3628645730923221,300,0,,10000,10000,0.00012688595778836376,0.00012688595778836376
gemma_2_2b,stab_anti_frac,none,logit_top10_mass,-0.17686295093512625,0.002106132341930156,-0.28218307411109617,-0.06326532381561137,300,0,,10000,10000,0.02737972044509203,0.005716644928096139
gemma_2_2b,stab_anti_frac,primary,crowding,-0.19155651855558076,0.0009063735225053936,-0.30299491197673706,-0.07422769285217348,300,3,"effect_l2,act_max,frequency",10000,10000,0.011782855792570117,0.003081669976518338
gemma_2_2b,stab_anti_frac,primary,crowd_max,-0.10414727246857329,0.0731090343319944,-0.2207756979656153,0.012343152242690503,300,3,"effect_l2,act_max,frequency",10000,10000,0.7310903433199439,0.1553566979554881
gemma_2_2b,stab_anti_frac,primary,dec_norm,0.14090898287994813,0.015087217676950062,0.023929467436006546,0.2540397058875885,300,3,"effect_l2,act_max,frequency",10000,10000,0.1659593944464507,0.03664038578687872
gemma_2_2b,stab_anti_frac,primary,enc_norm,-0.29560245739223157,2.111268021153029e-07,-0.3953157030244809,-0.18737974384171152,300,3,"effect_l2,act_max,frequency",10000,10000,3.589155635960149e-06,3.589155635960149e-06
gemma_2_2b,stab_anti_frac,primary,enc_dec_cos,0.08172824163399461,0.16005375295429802,-0.044784466465058556,0.20665901381484128,300,3,"effect_l2,act_max,frequency",10000,10000,1.0,0.3023237555803407
gemma_2_2b,stab_anti_frac,primary,bin_entropy,,,,,300,3,"effect_l2,act_max,frequency",10000,0,,
gemma_2_2b,stab_anti_frac,primary,act_entropy,-0.05266525160620628,0.36577434298566014,-0.17435741511620184,0.06995315152453535,300,3,"effect_l2,act_max,frequency",10000,10000,1.0,0.42140841586916383
gemma_2_2b,stab_anti_frac,primary,act_kurtosis,0.0676587003624191,0.24506311101625738,-0.047670423311423654,0.17835948743573438,300,3,"effect_l2,act_max,frequency",10000,10000,1.0,0.4121643630623342
gemma_2_2b,stab_anti_frac,primary,act_mag,-0.05200418094253877,0.371830955178674,-0.1627999440084011,0.05216092532920142,300,3,"effect_l2,act_max,frequency",10000,10000,1.0,0.42140841586916383
gemma_2_2b,stab_anti_frac,primary,act_mean_firing,-0.05476476297818546,0.3469483737683306,-0.17401858073759127,0.062136273024560325,300,3,"effect_l2,act_max,frequency",10000,10000,1.0,0.42140841586916383
gemma_2_2b,stab_anti_frac,primary,act_std,-0.06465493339595277,0.2666945878638633,-0.170180202488396,0.04064113253115931,300,3,"effect_l2,act_max,frequency",10000,10000,1.0,0.4121643630623342
gemma_2_2b,stab_anti_frac,primary,coact_entropy,-0.012301243253495272,0.8328015894930961,-0.12259398665935778,0.10010561651610629,300,3,"effect_l2,act_max,frequency",10000,10000,1.0,0.8848516888364146
gemma_2_2b,stab_anti_frac,primary,coact_count,-0.05479115364105572,0.3467157071121494,-0.17259807073366434,0.06742286641586831,300,3,"effect_l2,act_max,frequency",10000,10000,1.0,0.42140841586916383
gemma_2_2b,stab_anti_frac,primary,logit_l2,-0.21190254759461413,0.00023477496823898615,-0.31772535141132474,-0.09896870424344549,300,3,"effect_l2,act_max,frequency",10000,10000,0.0035216245235847924,0.0010662312491590443
gemma_2_2b,stab_anti_frac,primary,logit_linf,-0.2109477287329961,0.00025087794097859863,-0.3194026611363396,-0.10087409646764646,300,3,"effect_l2,act_max,frequency",10000,10000,0.0035216245235847924,0.0010662312491590443
gemma_2_2b,stab_anti_frac,primary,logit_entropy,0.28364992460114885,6.689289316614638e-07,0.17969585551061196,0.3855049455942018,300,3,"effect_l2,act_max,frequency",10000,10000,1.070286290658342e-05,5.685895919122442e-06
gemma_2_2b,stab_anti_frac,primary,logit_top10_mass,-0.172197266426067,0.002907508287049758,-0.2823842301235303,-0.06127314702696617,300,3,"effect_l2,act_max,frequency",10000,10000,0.034890099444597096,0.008237940146640981
gemma_2_2b,stab_anti_frac,robust,crowding,-0.0807803728225978,0.1642561144513715,-0.1943036015378557,0.036857149536806806,300,2,"frequency,act_max",10000,10000,1.0,0.3989077065247594
gemma_2_2b,stab_anti_frac,robust,crowd_max,-0.04196252296260638,0.47050416580463017,-0.15129810180668518,0.07129358564477274,300,2,"frequency,act_max",10000,10000,1.0,0.8187799322683149
gemma_2_2b,stab_anti_frac,robust,dec_norm,0.13480721487358338,0.01991267648550498,0.019311432777843005,0.24833740048029523,300,2,"frequency,act_max",10000,10000,0.23895211782605977,0.05641925004226411
gemma_2_2b,stab_anti_frac,robust,enc_norm,-0.16134762138828884,0.005239931846166319,-0.27736310094916367,-0.04105731700314803,300,2,"frequency,act_max",10000,10000,0.07859897769249478,0.025280136623434913
gemma_2_2b,stab_anti_frac,robust,enc_dec_cos,0.0060174051440021045,0.9176130624740417,-0.11366299815388521,0.1257268985890716,300,2,"frequency,act_max",10000,10000,1.0,0.9749638788786693
gemma_2_2b,stab_anti_frac,robust,bin_entropy,,,,,300,2,"frequency,act_max",10000,0,,
gemma_2_2b,stab_anti_frac,robust,act_entropy,-0.03177523846028498,0.5848196451135379,-0.1557775516475639,0.09518979082610435,300,2,"frequency,act_max",10000,10000,1.0,0.8284944972441787
gemma_2_2b,stab_anti_frac,robust,act_kurtosis,0.03233205818791048,0.5782535678058969,-0.08414913751555164,0.14418345158247373,300,2,"frequency,act_max",10000,10000,1.0,0.8284944972441787
gemma_2_2b,stab_anti_frac,robust,act_mag,-0.015818994647182318,0.7856623671764279,-0.1283216982671239,0.08979236989416753,300,2,"frequency,act_max",10000,10000,1.0,0.8904173494666183
gemma_2_2b,stab_anti_frac,robust,act_mean_firing,-0.017347284910207775,0.7655318594936067,-0.13925350546326046,0.0976908832087792,300,2,"frequency,act_max",10000,10000,1.0,0.8904173494666183
gemma_2_2b,stab_anti_frac,robust,act_std,-0.025948264830939892,0.6555040172664875,-0.13432767685053035,0.07943686388399075,300,2,"frequency,act_max",10000,10000,1.0,0.8571975610407914
gemma_2_2b,stab_anti_frac,robust,coact_entropy,-0.040917684461295546,0.48163525427547943,-0.14877937558737866,0.06777663346891084,300,2,"frequency,act_max",10000,10000,1.0,0.8187799322683149
gemma_2_2b,stab_anti_frac,robust,coact_count,-0.06477345863691078,0.2650069498455808,-0.18069938743446382,0.04827926489383619,300,2,"frequency,act_max",10000,10000,1.0,0.5631397684218592
gemma_2_2b,stab_anti_frac,robust,logit_l2,-0.14545414579262642,0.011945248871296688,-0.25467365220201926,-0.031730226988663984,300,2,"frequency,act_max",10000,10000,0.15528823532685695,0.04061384616240874
gemma_2_2b,stab_anti_frac,robust,logit_linf,-0.15899254028035156,0.005948267440808215,-0.2693878755265846,-0.045690070294358426,300,2,"frequency,act_max",10000,10000,0.083275744171315,0.025280136623434913
gemma_2_2b,stab_anti_frac,robust,logit_entropy,0.26110793265970333,4.9248010088264425e-06,0.1509470683939612,0.36653569446953543,300,2,"frequency,act_max",10000,10000,8.372161715004952e-05,8.372161715004952e-05
gemma_2_2b,stab_anti_frac,robust,logit_top10_mass,-0.16366470349131798,0.004617967548459402,-0.27207645190892465,-0.05140645294019719,300,2,"frequency,act_max",10000,10000,0.07388748077535043,0.025280136623434913
gemma_2_2b,stab_anti_frac,effect_only,crowding,-0.21125295608406147,0.00023395552815788696,-0.32195038738553944,-0.09746540647292641,300,1,effect_l2,10000,10000,0.0030414218660525304,0.0006350221478571217
gemma_2_2b,stab_anti_frac,effect_only,crowd_max,-0.10858874796726388,0.060743345215554016,-0.22568727997424295,0.0039469220297130726,300,1,effect_l2,10000,10000,0.4252034165088781,0.08877873531504049
gemma_2_2b,stab_anti_frac,effect_only,dec_norm,0.1318287160260797,0.022611096387694037,0.013301566214366053,0.24619452928428767,300,1,effect_l2,10000,10000,0.20349986748924634,0.039055530124198795
gemma_2_2b,stab_anti_frac,effect_only,enc_norm,-0.34820473511964783,5.993216909024052e-10,-0.4444998923712376,-0.24122026376644037,300,1,effect_l2,10000,10000,1.1387112127145698e-08,1.1387112127145698e-08
gemma_2_2b,stab_anti_frac,effect_only,enc_dec_cos,0.1360025580902116,0.018632870599305615,0.010436008550505594,0.2598186681979112,300,1,effect_l2,10000,10000,0.18632870599305615,0.035402454138680664
gemma_2_2b,stab_anti_frac,effect_only,frequency,-0.03693563439255632,0.524633851167676,-0.15044995734841765,0.07362997816647421,300,1,effect_l2,10000,10000,1.0,0.5863554807168143
gemma_2_2b,stab_anti_frac,effect_only,bin_entropy,-0.03693563439255632,0.524633851167676,-0.15044995734841765,0.07362997816647421,300,1,effect_l2,10000,10000,1.0,0.5863554807168143
gemma_2_2b,stab_anti_frac,effect_only,act_entropy,-0.020024906345645178,0.7302092440338407,-0.13329302408059496,0.09071145721935521,300,1,effect_l2,10000,10000,1.0,0.7302092440338407
gemma_2_2b,stab_anti_frac,effect_only,act_kurtosis,-0.05534818546293451,0.3401939483454443,-0.16612083994767815,0.05574820852140599,300,1,effect_l2,10000,10000,1.0,0.4616917870402459
gemma_2_2b,stab_anti_frac,effect_only,act_mag,-0.1221976067701722,0.03468088922311898,-0.2362597258084074,-0.009774090102069215,300,1,effect_l2,10000,10000,0.27744711378495185,0.05491140793660506
gemma_2_2b,stab_anti_frac,effect_only,act_mean_firing,-0.24628011426950114,1.652819249455104e-05,-0.35629726938025486,-0.1349160951365567,300,1,effect_l2,10000,10000,0.00028097927240736765,9.773429106859797e-05
gemma_2_2b,stab_anti_frac,effect_only,act_std,-0.19238211242405803,0.0008259345590706422,-0.3030859639181529,-0.08262628784712239,300,1,effect_l2,10000,10000,0.009911214708847706,0.001961594577792775
gemma_2_2b,stab_anti_frac,effect_only,act_max,-0.24293306844165552,2.16747397382028e-05,-0.3581974603134519,-0.13242551744833678,300,1,effect_l2,10000,10000,0.0003467958358112448,9.773429106859797e-05
gemma_2_2b,stab_anti_frac,effect_only,coact_entropy,-0.026212915015300868,0.6516705234129431,-0.14206130414515805,0.08704456082585468,300,1,effect_l2,10000,10000,1.0,0.6878744413803288
gemma_2_2b,stab_anti_frac,effect_only,coact_count,-0.03774840910438737,0.5155444830532699,-0.15283298826136005,0.0785795748748447,300,1,effect_l2,10000,10000,1.0,0.5863554807168143
gemma_2_2b,stab_anti_frac,effect_only,logit_l2,-0.2407956431217523,2.5719550281209995e-05,-0.3428383127508075,-0.13019937819701535,300,1,effect_l2,10000,10000,0.00038579325421814995,9.773429106859797e-05
gemma_2_2b,stab_anti_frac,effect_only,logit_linf,-0.23235328819453913,4.97943126653524e-05,-0.33634799490367395,-0.12082233791473321,300,1,effect_l2,10000,10000,0.0006971203773149336,0.00015768199010694926
gemma_2_2b,stab_anti_frac,effect_only,logit_entropy,0.26880775909495785,2.4084472530106755e-06,0.16160319461064787,0.3681637317703622,300,1,effect_l2,10000,10000,4.335205055419216e-05,2.2880248903601415e-05
gemma_2_2b,stab_anti_frac,effect_only,logit_top10_mass,-0.18294269621623702,0.0014881823411178375,-0.28983621954063415,-0.07025287380443279,300,1,effect_l2,10000,10000,0.01637000575229621,0.0031417182756932126
gemma_2_2b,effect_pc1_ratio,none,crowding,0.06168246313847932,0.2869094909929039,-0.0463740022988372,0.16749221332178224,300,0,,10000,10000,1.0,0.39124964050328104
gemma_2_2b,effect_pc1_ratio,none,crowd_max,0.04481961408678058,0.43925820857668174,-0.062660334656932,0.1489890976776858,300,0,,10000,10000,1.0,0.43925820857668174
gemma_2_2b,effect_pc1_ratio,none,dec_norm,0.05092164228918654,0.37946795882719225,-0.061627371621895397,0.16011589131813714,300,0,,10000,10000,1.0,0.4185082430169875
gemma_2_2b,effect_pc1_ratio,none,enc_norm,0.058424204713385705,0.3131789051145058,-0.05947048502103181,0.17379975388246643,300,0,,10000,10000,1.0,0.39124964050328104
gemma_2_2b,effect_pc1_ratio,none,enc_dec_cos,-0.1030582676538932,0.07469734995380528,-0.21231151939320844,0.007188118065561029,300,0,,10000,10000,0.8216708494918581,0.15769440545803337
gemma_2_2b,effect_pc1_ratio,none,frequency,-0.22181525699248794,0.00010693789101874934,-0.32222784685932276,-0.11517901868893941,300,0,,10000,10000,0.0020318199293562376,0.0009491722450235648
gemma_2_2b,effect_pc1_ratio,none,bin_entropy,-0.22181525699248794,0.00010693789101874934,-0.32222784685932276,-0.11517901868893941,300,0,,10000,10000,0.0020318199293562376,0.0009491722450235648
gemma_2_2b,effect_pc1_ratio,none,act_entropy,-0.21717841309347882,0.00014986930184582601,-0.3178946353162678,-0.11051699166679087,300,0,,10000,10000,0.0025477781313790423,0.0009491722450235648
gemma_2_2b,effect_pc1_ratio,none,act_kurtosis,0.18242291581017567,0.0015080271208121742,0.07059335720032847,0.2899124851938309,300,0,,10000,10000,0.019604352570558266,0.004093216470775901
gemma_2_2b,effect_pc1_ratio,none,act_mag,-0.20139645996066624,0.0004485173667118715,-0.3047478329797544,-0.0919814856344793,300,0,,10000,10000,0.007176277867389944,0.0021304574918813894
gemma_2_2b,effect_pc1_ratio,none,act_mean_firing,-0.049130323670263,0.3964814933845145,-0.1617706395848181,0.06391132176542519,300,0,,10000,10000,1.0,0.4185082430169875
gemma_2_2b,effect_pc1_ratio,none,act_std,-0.15521283569817443,0.0070709462685604315,-0.261773378820667,-0.04489504499231654,300,0,,10000,10000,0.08485135522272517,0.016793497387831025
gemma_2_2b,effect_pc1_ratio,none,act_max,-0.0811004566717408,0.1611704326414773,-0.19141154777902794,0.033747141956303635,300,0,,10000,10000,1.0,0.3062238220188068
gemma_2_2b,effect_pc1_ratio,none,coact_entropy,-0.19638642611433874,0.0006246419618180552,-0.3009660837413234,-0.08777284077121446,300,0,,10000,10000,0.009369629427270829,0.00237363945490861
gemma_2_2b,effect_pc1_ratio,none,coact_count,-0.06678325326387848,0.24883701385898213,-0.17489350980984691,0.043154461196551426,300,0,,10000,10000,1.0,0.39124964050328104
gemma_2_2b,effect_pc1_ratio,none,logit_l2,0.05649262769586329,0.32947338147644717,-0.05861466874125646,0.1726049715209163,300,0,,10000,10000,1.0,0.39124964050328104
gemma_2_2b,effect_pc1_ratio,none,logit_linf,0.06120290225446947,0.29068013182269364,-0.05226688982179287,0.17394194728988308,300,0,,10000,10000,1.0,0.39124964050328104
gemma_2_2b,effect_pc1_ratio,none,logit_entropy,0.18462433514517912,0.001317710366212761,0.0768796264038389,0.2887935025946678,300,0,,10000,10000,0.018447945126978654,0.004093216470775901
gemma_2_2b,effect_pc1_ratio,none,logit_top10_mass,-0.07272303025589173,0.20911412821227038,-0.1853816574442278,0.0408709290513261,300,0,,10000,10000,1.0,0.36119713054846697
gemma_2_2b,effect_pc1_ratio,primary,crowding,-0.25380349483866876,9.500213659977262e-06,-0.35351900976635364,-0.1492058741857556,300,3,"effect_l2,act_max,frequency",10000,10000,0.00014250320489965894,5.3834544073204485e-05
gemma_2_2b,effect_pc1_ratio,primary,crowd_max,-0.12178994438914104,0.03591800788989816,-0.2322455922028088,-0.008427148914294403,300,3,"effect_l2,act_max,frequency",10000,10000,0.28734406311918526,0.06106061341282687
gemma_2_2b,effect_pc1_ratio,primary,dec_norm,0.05948352517529032,0.30692167616298316,-0.05916472438905963,0.1779720586291441,300,3,"effect_l2,act_max,frequency",10000,10000,1.0,0.3726906067693367
gemma_2_2b,effect_pc1_ratio,primary,enc_norm,-0.3243711554500121,1.052816979662072e-08,-0.4202333352110809,-0.21548541507318072,300,3,"effect_l2,act_max,frequency",10000,10000,1.7897888654255225e-07,1.7897888654255225e-07
gemma_2_2b,effect_pc1_ratio,primary,enc_dec_cos,0.17305927766343077,0.002767171941681007,0.05186074061772419,0.29030937224368536,300,3,"effect_l2,act_max,frequency",10000,10000,0.0387404071835341,0.011760480752144281
gemma_2_2b,effect_pc1_ratio,primary,bin_entropy,,,,,300,3,"effect_l2,act_max,frequency",10000,0,,
gemma_2_2b,effect_pc1_ratio,primary,act_entropy,-0.028892690207758136,0.6199427872384652,-0.1609487924184275,0.1091921035410382,300,3,"effect_l2,act_max,frequency",10000,10000,1.0,0.7026018255369272
gemma_2_2b,effect_pc1_ratio,primary,act_kurtosis,0.14863413355544403,0.010318312562514762,0.025358949608959305,0.25818792938603385,300,3,"effect_l2,act_max,frequency",10000,10000,0.11350143818766238,0.02505875908039299
gemma_2_2b,effect_pc1_ratio,primary,act_mag,-0.13060032225828838,0.024392950137418594,-0.24798935871337852,-0.015553039073232688,300,3,"effect_l2,act_max,frequency",10000,10000,0.24392950137418595,0.05183501904201451
gemma_2_2b,effect_pc1_ratio,primary,act_mean_firing,-0.15951285405094917,0.005868056829165154,-0.26957487547182646,-0.04343428397125767,300,3,"effect_l2,act_max,frequency",10000,10000,0.076284738779147,0.019951393219161524
gemma_2_2b,effect_pc1_ratio,primary,act_std,-0.10842447306462487,0.062016313221555874,-0.22262802632843404,0.0029365506091808846,300,3,"effect_l2,act_max,frequency",10000,10000,0.37209787932933525,0.08785644373053748
gemma_2_2b,effect_pc1_ratio,primary,coact_entropy,0.10215780509177565,0.07879295837869904,-0.015386209895177612,0.21015365261688443,300,3,"effect_l2,act_max,frequency",10000,10000,0.3939647918934952,0.1030369455721449
gemma_2_2b,effect_pc1_ratio,primary,coact_count,-0.017871289590765813,0.7590611016881116,-0.13664064921303917,0.1069095538336242,300,3,"effect_l2,act_max,frequency",10000,10000,1.0,0.8065024205436185
gemma_2_2b,effect_pc1_ratio,primary,logit_l2,-0.15075292514990735,0.009269269138632501,-0.26136918880130017,-0.032928961479601226,300,3,"effect_l2,act_max,frequency",10000,10000,0.11123122966359002,0.02505875908039299
gemma_2_2b,effect_pc1_ratio,primary,logit_linf,-0.11616492342485933,0.04546952704038232,-0.22987635844407256,-0.0013305520259700172,300,3,"effect_l2,act_max,frequency",10000,10000,0.3182866892826762,0.07027108724422722
gemma_2_2b,effect_pc1_ratio,primary,logit_entropy,0.2961767066269284,1.9947965287102046e-07,0.18611695277361526,0.40022541122718147,300,3,"effect_l2,act_max,frequency",10000,10000,3.1916744459363274e-06,1.6955770494036739e-06
gemma_2_2b,effect_pc1_ratio,primary,logit_top10_mass,-0.12708302792914658,0.02854168810887912,-0.24589980158823252,-0.0077520619223115615,300,3,"effect_l2,act_max,frequency",10000,10000,0.25687519297991207,0.053912077538993894
gemma_2_2b,effect_pc1_ratio,robust,crowding,0.0785659771816558,0.1761672363026354,-0.030505618243285276,0.1887631851023223,300,2,"frequency,act_max",10000,10000,1.0,0.5989686034289603
gemma_2_2b,effect_pc1_ratio,robust,crowd_max,0.08502573918317312,0.1431240385798829,-0.02390911207807929,0.19278182390680754,300,2,"frequency,act_max",10000,10000,1.0,0.5989686034289603
gemma_2_2b,effect_pc1_ratio,robust,dec_norm,0.03607535085698189,0.535032791159703,-0.07461333642255939,0.14713117115345536,300,2,"frequency,act_max",10000,10000,1.0,0.8220380160853331
gemma_2_2b,effect_pc1_ratio,robust,enc_norm,0.03587514431630071,0.5373027561408651,-0.07953724259358395,0.15333592440821775,300,2,"frequency,act_max",10000,10000,1.0,0.8220380160853331
gemma_2_2b,effect_pc1_ratio,robust,enc_dec_cos,-0.09176929464413904,0.11390931603031877,-0.20236908919179278,0.017101328803479296,300,2,"frequency,act_max",10000,10000,1.0,0.5989686034289603
gemma_2_2b,effect_pc1_ratio,robust,bin_entropy,,,,,300,2,"frequency,act_max",10000,0,,
gemma_2_2b,effect_pc1_ratio,robust,act_entropy,0.04377955516102474,0.4514876880865641,-0.10889870022229002,0.17807744858600463,300,2,"frequency,act_max",10000,10000,1.0,0.8220380160853331
gemma_2_2b,effect_pc1_ratio,robust,act_kurtosis,0.013728059080998594,0.8134340788988477,-0.10127011737472835,0.12770069219026986,300,2,"frequency,act_max",10000,10000,1.0,0.9363653193795279
gemma_2_2b,effect_pc1_ratio,robust,act_mag,0.006691398332248051,0.9084235098008856,-0.10371720821558988,0.11534820434442428,300,2,"frequency,act_max",10000,10000,1.0,0.9651999791634409
gemma_2_2b,effect_pc1_ratio,robust,act_mean_firing,-0.014252655253133292,0.8064429716097166,-0.11773588252776572,0.09143362773210233,300,2,"frequency,act_max",10000,10000,1.0,0.9363653193795279
gemma_2_2b,effect_pc1_ratio,robust,act_std,0.03216141612366919,0.5802621290014116,-0.07797382405355263,0.13903174389534773,300,2,"frequency,act_max",10000,10000,1.0,0.8220380160853331
gemma_2_2b,effect_pc1_ratio,robust,coact_entropy,-0.012772611243248503,0.8262046935701717,-0.11944712062189622,0.09067351468647478,300,2,"frequency,act_max",10000,10000,1.0,0.9363653193795279
gemma_2_2b,effect_pc1_ratio,robust,coact_count,-0.052822590800283765,0.3635288240387053,-0.1626627385530093,0.05916344444538582,300,2,"frequency,act_max",10000,10000,1.0,0.8220380160853331
gemma_2_2b,effect_pc1_ratio,robust,logit_l2,0.048792538217847424,0.40132911410241573,-0.07067617042459975,0.16763310455931593,300,2,"frequency,act_max",10000,10000,1.0,0.8220380160853331
gemma_2_2b,effect_pc1_ratio,robust,logit_linf,0.04244362865861404,0.4654266656477539,-0.0782190108703765,0.16386170717548382,300,2,"frequency,act_max",10000,10000,1.0,0.8220380160853331
gemma_2_2b,effect_pc1_ratio,robust,logit_entropy,0.19862851031198314,0.0005629249965089588,0.0876507082246177,0.30346794995074333,300,2,"frequency,act_max",10000,10000,0.009569724940652299,0.009569724940652299
gemma_2_2b,effect_pc1_ratio,robust,logit_top10_mass,-0.08873966850346494,0.12639764602921177,-0.20552872333642314,0.031001216598355686,300,2,"frequency,act_max",10000,10000,1.0,0.5989686034289603
gemma_2_2b,effect_pc1_ratio,effect_only,crowding,-0.2723703999030493,1.7469838561849194e-06,-0.3732276728592399,-0.1640667075999463,300,1,effect_l2,10000,10000,2.795174169895871e-05,6.876265201299632e-06
gemma_2_2b,effect_pc1_ratio,effect_only,crowd_max,-0.15978724982814763,0.0056190505578076816,-0.26763593051159207,-0.04619947013922414,300,1,effect_l2,10000,10000,0.03933335390465377,0.008212458507565072
gemma_2_2b,effect_pc1_ratio,effect_only,dec_norm,0.07036965880709697,0.22504844183549738,-0.043779266377187064,0.18652521977428005,300,1,effect_l2,10000,10000,0.45009688367099476,0.23755113304858058
gemma_2_2b,effect_pc1_ratio,effect_only,enc_norm,-0.29533326547886557,1.9727235128441725e-07,-0.39216871424254135,-0.18512062282774797,300,1,effect_l2,10000,10000,3.353629971835093e-06,1.2493915581346426e-06
gemma_2_2b,effect_pc1_ratio,effect_only,enc_dec_cos,0.16869507858157698,0.003435837680939654,0.048818176128493214,0.28795977097166403,300,1,effect_l2,10000,10000,0.02748670144751723,0.005440076328154453
gemma_2_2b,effect_pc1_ratio,effect_only,frequency,-0.24114697991200137,2.500894513612585e-05,-0.34594190139347697,-0.12891669093713964,300,1,effect_l2,10000,10000,0.00035012523190576186,6.788142251234158e-05
gemma_2_2b,effect_pc1_ratio,effect_only,bin_entropy,-0.24114697991200137,2.500894513612585e-05,-0.34594190139347697,-0.12891669093713964,300,1,effect_l2,10000,10000,0.00035012523190576186,6.788142251234158e-05
gemma_2_2b,effect_pc1_ratio,effect_only,act_entropy,-0.22997042140204763,5.9741168100880054e-05,-0.33654897351033736,-0.11777014743064823,300,1,effect_l2,10000,10000,0.0006571528491096806,0.00012612024376852454
gemma_2_2b,effect_pc1_ratio,effect_only,act_kurtosis,0.18504045756946705,0.0013087857852628825,0.0713630348766271,0.2939050770128828,300,1,effect_l2,10000,10000,0.011779072067365942,0.002260629992726797
gemma_2_2b,effect_pc1_ratio,effect_only,act_mag,-0.2978368086809788,1.5368435870912332e-07,-0.4010223258207291,-0.18459623870514558,300,1,effect_l2,10000,10000,2.920002815473343e-06,1.2493915581346426e-06
gemma_2_2b,effect_pc1_ratio,effect_only,act_mean_firing,-0.23387881765521656,4.4269887183048135e-05,-0.3439886553945386,-0.11692001315962433,300,1,effect_l2,10000,10000,0.0005312386461965777,0.00010514098205973932
gemma_2_2b,effect_pc1_ratio,effect_only,act_std,-0.2964035780702308,1.7735106042268455e-07,-0.4008638674437313,-0.18324739285217256,300,1,effect_l2,10000,10000,3.192319087608322e-06,1.2493915581346426e-06
gemma_2_2b,effect_pc1_ratio,effect_only,act_max,-0.21631125995359146,0.0001636224740813416,-0.3256939289421672,-0.10035078842489875,300,1,effect_l2,10000,10000,0.0016362247408134162,0.00031088270075454907
gemma_2_2b,effect_pc1_ratio,effect_only,coact_entropy,-0.15359710091942674,0.007799611731529412,-0.26087740590791403,-0.04199253174797272,300,1,effect_l2,10000,10000,0.046797670389176475,0.010585187349932773
gemma_2_2b,effect_pc1_ratio,effect_only,coact_count,-0.024498113476617348,0.6730973221255566,-0.1368637502793028,0.09343733861553406,300,1,effect_l2,10000,10000,0.6730973221255566,0.6730973221255566
gemma_2_2b,effect_pc1_ratio,effect_only,logit_l2,-0.15208098533658804,0.0084373100388739,-0.26621964263790643,-0.03032687454940154,300,1,effect_l2,10000,10000,0.046797670389176475,0.010687259382573608
gemma_2_2b,effect_pc1_ratio,effect_only,logit_linf,-0.10453126463372392,0.07109173020650993,-0.21689687138317362,0.013357634121660758,300,1,effect_l2,10000,10000,0.21327519061952976,0.07945546317198168
gemma_2_2b,effect_pc1_ratio,effect_only,logit_entropy,0.2719824846149859,1.809543474026219e-06,0.16154442169627353,0.37434866037158354,300,1,effect_l2,10000,10000,2.795174169895871e-05,6.876265201299632e-06
gemma_2_2b,effect_pc1_ratio,effect_only,logit_top10_mass,-0.11743196282641515,0.04244720925527638,-0.23449029858126896,0.0026404178431535083,300,1,effect_l2,10000,10000,0.16978883702110553,0.050406060990640704
gpt2_small,collateral_raw,none,crowding,0.48186513933633535,7.574467467954653e-19,0.38138908763091117,0.5714726691391067,300,0,,10000,10000,1.439148818911384e-17,1.439148818911384e-17
gpt2_small,collateral_raw,none,crowd_max,0.32851105117871926,5.5831398646012e-09,0.21302126170526564,0.4371295450721363,300,0,,10000,10000,1.0049651756282159e-07,5.30398287137114e-08
gpt2_small,collateral_raw,none,dec_norm,-0.05602312607367894,0.3335151305271132,-0.16786759248432226,0.06120932952731603,300,0,,10000,10000,1.0,0.4224524986676767
gpt2_small,collateral_raw,none,enc_norm,-0.025264724710498097,0.6629523704547845,-0.14186390265863985,0.09165512920427622,300,0,,10000,10000,1.0,0.7872559399150566
gpt2_small,collateral_raw,none,enc_dec_cos,-0.3200854772679349,1.4214391742145173e-08,-0.4225269839863478,-0.2101125151905544,300,0,,10000,10000,2.4164465961646793e-07,9.00244810335861e-08
gpt2_small,collateral_raw,none,frequency,0.10997119932181175,0.05709542014214467,-0.005160065132807998,0.22513906831670388,300,0,,10000,10000,0.7422404618478807,0.13560162283759358
gpt2_small,collateral_raw,none,bin_entropy,0.10997119932181175,0.05709542014214467,-0.005160065132807998,0.22513906831670388,300,0,,10000,10000,0.7422404618478807,0.13560162283759358
gpt2_small,collateral_raw,none,act_entropy,0.11761856152925504,0.04177245758006731,0.006343204684587539,0.22993569099339584,300,0,,10000,10000,0.5848144061209424,0.1322794490035465
gpt2_small,collateral_raw,none,act_kurtosis,-0.09682748135030386,0.09412363203845123,-0.20910786869989717,0.015129924902126349,300,0,,10000,10000,1.0,0.19408240552005185
gpt2_small,collateral_raw,none,act_mag,0.07774243510253766,0.1792880269638829,-0.03623395122615176,0.19217887302665054,300,0,,10000,10000,1.0,0.26203634710105966
gpt2_small,collateral_raw,none,act_mean_firing,-0.08162517899281574,0.15846833067841778,-0.1938121954768209,0.030705266227823262,300,0,,10000,10000,1.0,0.25090819024082817
gpt2_small,collateral_raw,none,act_std,0.013844719801071633,0.8112545052333954,-0.0971818519068602,0.12455210638148281,300,0,,10000,10000,1.0,0.8112545052333954
gpt2_small,collateral_raw,none,act_max,-0.05652134637117756,0.32922718296958786,-0.16530147175515703,0.053966667290057675,300,0,,10000,10000,1.0,0.4224524986676767
gpt2_small,collateral_raw,none,coact_entropy,-0.015411417627677641,0.7903662779062285,-0.13237633207123037,0.10354331021042329,300,0,,10000,10000,1.0,0.8112545052333954
gpt2_small,collateral_raw,none,coact_count,-0.20351511634958977,0.0003889553748841047,-0.3140792265201301,-0.08869102548052028,300,0,,10000,10000,0.00583433062326157,0.001478030424559598
gpt2_small,collateral_raw,none,logit_l2,0.08262453220221248,0.1534166768397507,-0.03868708167183226,0.20366266601484054,300,0,,10000,10000,1.0,0.25090819024082817
gpt2_small,collateral_raw,none,logit_linf,-0.0198070606078574,0.7325994947348081,-0.1357083277076673,0.09811978512862926,300,0,,10000,10000,1.0,0.8112545052333954
gpt2_small,collateral_raw,none,logit_entropy,0.24911281540137134,1.2667727245053856e-05,0.13889982347221083,0.35238930786465855,300,0,,10000,10000,0.0002026836359208617,6.017170441400582e-05
gpt2_small,collateral_raw,none,logit_top10_mass,-0.09455254721541509,0.10214863448423782,-0.20564287548331647,0.017695189844099297,300,0,,10000,10000,1.0,0.19408240552005185
gpt2_small,collateral_raw,primary,crowding,0.48179836617836463,1.1456426557481864e-18,0.3789545442422843,0.5719653614364798,300,3,"effect_l2,act_max,frequency",10000,10000,1.9475925147719167e-17,1.9475925147719167e-17
gpt2_small,collateral_raw,primary,crowd_max,0.3468185484388514,8.072956860154564e-10,0.232513387790171,0.4507777023791889,300,3,"effect_l2,act_max,frequency",10000,10000,1.2109435290231847e-08,4.574675554087586e-09
gpt2_small,collateral_raw,primary,dec_norm,-0.03786698753161464,0.5156475704425524,-0.1499146360172133,0.07632841790755172,300,3,"effect_l2,act_max,frequency",10000,10000,1.0,0.673333871697345
gpt2_small,collateral_raw,primary,enc_norm,0.09568755327363303,0.09978967514557109,-0.021555297248137414,0.2097980819186982,300,3,"effect_l2,act_max,frequency",10000,10000,0.6985277260189976,0.15422040704315532
gpt2_small,collateral_raw,primary,enc_dec_cos,-0.43847194419996394,2.1954518624231234e-15,-0.5309221186494865,-0.33497343232688237,300,3,"effect_l2,act_max,frequency",10000,10000,3.5127229798769974e-14,1.866134083059655e-14
gpt2_small,collateral_raw,primary,bin_entropy,,,,,300,3,"effect_l2,act_max,frequency",10000,0,,
gpt2_small,collateral_raw,primary,act_entropy,-0.021087375900279398,0.717411052866839,-0.13073220641807112,0.09237877783952601,300,3,"effect_l2,act_max,frequency",10000,10000,1.0,0.7622492436710164
gpt2_small,collateral_raw,primary,act_kurtosis,0.031044167456519292,0.5941181220858927,-0.08353483891465473,0.1438762393624852,300,3,"effect_l2,act_max,frequency",10000,10000,1.0,0.673333871697345
gpt2_small,collateral_raw,primary,act_mag,0.12453034922833492,0.03191886920145895,0.006357397168314461,0.23177585130998907,300,3,"effect_l2,act_max,frequency",10000,10000,0.35110756121604847,0.07751725377497173
gpt2_small,collateral_raw,primary,act_mean_firing,-0.031122036600543735,0.5931926834318378,-0.1482089647878757,0.08815851673409632,300,3,"effect_l2,act_max,frequency",10000,10000,1.0,0.673333871697345
gpt2_small,collateral_raw,primary,act_std,0.10589003753612385,0.0684084182951207,-0.015366508444998527,0.21384701095539166,300,3,"effect_l2,act_max,frequency",10000,10000,0.5472673463609656,0.11629431110170521
gpt2_small,collateral_raw,primary,coact_entropy,-0.3401879806191646,1.7612948810896343e-09,-0.42964922596514676,-0.23800954937681676,300,3,"effect_l2,act_max,frequency",10000,10000,2.4658128335254882e-08,7.485503244630946e-09
gpt2_small,collateral_raw,primary,coact_count,-0.1997687633836844,0.0005337763896960351,-0.3070565098094514,-0.08837438972735168,300,3,"effect_l2,act_max,frequency",10000,10000,0.006405316676352421,0.0015123664374720996
gpt2_small,collateral_raw,primary,logit_l2,-0.08265049962672522,0.15537538118577082,-0.20008694577478528,0.043988393987653626,300,3,"effect_l2,act_max,frequency",10000,10000,0.9322522871146249,0.22011512334650865
gpt2_small,collateral_raw,primary,logit_linf,-0.11451865251813813,0.04863842161754261,-0.22587181575020104,0.001618073334663968,300,3,"effect_l2,act_max,frequency",10000,10000,0.4863842161754261,0.10335664593727804
gpt2_small,collateral_raw,primary,logit_entropy,0.3008573188568871,1.250282884619173e-07,0.19082465406699134,0.40344740800871287,300,3,"effect_l2,act_max,frequency",10000,10000,1.625367750004925e-06,4.2509618077051885e-07
gpt2_small,collateral_raw,primary,logit_top10_mass,-0.10997392382665558,0.05835657870446467,-0.2264018267240556,0.008165591761884633,300,3,"effect_l2,act_max,frequency",10000,10000,0.525209208340182,0.11022909310843326
gpt2_small,collateral_raw,robust,crowding,0.5222362620441812,2.9864375730259947e-22,0.42475273404401803,0.6077761404240277,300,2,"frequency,act_max",10000,10000,5.076943874144191e-21,5.076943874144191e-21
gpt2_small,collateral_raw,robust,crowd_max,0.3787643110170586,1.3357469464421137e-11,0.26285678643147703,0.4829537931323918,300,2,"frequency,act_max",10000,10000,2.0036204196631705e-10,7.569232696505311e-11
gpt2_small,collateral_raw,robust,dec_norm,-0.051572981628871535,0.37500538313535103,-0.16690342322342985,0.06387712004074601,300,2,"frequency,act_max",10000,10000,1.0,0.531257626108414
gpt2_small,collateral_raw,robust,enc_norm,0.09871404809670961,0.08893098896497977,-0.015647752514177167,0.21196605659546516,300,2,"frequency,act_max",10000,10000,0.8003789006848179,0.1674845301936114
gpt2_small,collateral_raw,robust,enc_dec_cos,-0.49298956677779326,1.179140939600147e-19,-0.5772689880523717,-0.39546877039324707,300,2,"frequency,act_max",10000,10000,1.8866255033602354e-18,1.002269798660125e-18
gpt2_small,collateral_raw,robust,bin_entropy,,,,,300,2,"frequency,act_max",10000,0,,
gpt2_small,collateral_raw,robust,act_entropy,0.013824649662121458,0.8121457213976361,-0.1003663025797161,0.12655176745633784,300,2,"frequency,act_max",10000,10000,1.0,1.0
gpt2_small,collateral_raw,robust,act_kurtosis,0.0029345784702977593,0.9597670747232956,-0.11001181305638201,0.11347368011008686,300,2,"frequency,act_max",10000,10000,1.0,1.0
gpt2_small,collateral_raw,robust,act_mag,0.12453576887756489,0.03162181345492212,0.007645625833428773,0.23042716625368648,300,2,"frequency,act_max",10000,10000,0.3478399480041433,0.07679583267623943
gpt2_small,collateral_raw,robust,act_mean_firing,-0.008097573680828172,0.8892916404483603,-0.12151557895902053,0.11024548442676993,300,2,"frequency,act_max",10000,10000,1.0,1.0
gpt2_small,collateral_raw,robust,act_std,0.11505466121186432,0.04721141697700276,-0.009570712986721462,0.22332349074802757,300,2,"frequency,act_max",10000,10000,0.4721141697700276,0.10032426107613088
gpt2_small,collateral_raw,robust,coact_entropy,-0.3552519637736862,2.7196691147759297e-10,-0.4476081521836027,-0.2487605580009115,300,2,"frequency,act_max",10000,10000,3.807536760686301e-09,1.15585937377977e-09
gpt2_small,collateral_raw,robust,coact_count,-0.21126422065681458,0.00023952902041732152,-0.3231163024658256,-0.09726083073729375,300,2,"frequency,act_max",10000,10000,0.0028743482450078583,0.0006786655578490775
gpt2_small,collateral_raw,robust,logit_l2,0.09442394729158299,0.1037804087183997,-0.02483783513526335,0.21147455936173612,300,2,"frequency,act_max",10000,10000,0.8302432697471976,0.1674845301936114
gpt2_small,collateral_raw,robust,logit_linf,-0.0050559734161679,0.9307403685414082,-0.12302315470494585,0.11472084753421567,300,2,"frequency,act_max",10000,10000,1.0,1.0
gpt2_small,collateral_raw,robust,logit_entropy,0.24959394778350427,1.302126478154834e-05,0.14096314522777348,0.3529612527232977,300,2,"frequency,act_max",10000,10000,0.00016927644216012844,4.427230025726436e-05
gpt2_small,collateral_raw,robust,logit_top10_mass,-0.09319629501981945,0.10837234306645444,-0.20352535026639124,0.01988732692611069,300,2,"frequency,act_max",10000,10000,0.8302432697471976,0.1674845301936114
gpt2_small,collateral_raw,effect_only,crowding,0.4436814677364654,7.489128905490384e-16,0.34003180265881827,0.5396500064244598,300,1,effect_l2,10000,10000,1.422934492043173e-14,1.422934492043173e-14
gpt2_small,collateral_raw,effect_only,crowd_max,0.3030049880473963,9.109631791764952e-08,0.1872649189711436,0.41299669444155845,300,1,effect_l2,10000,10000,1.5619407532600685e-06,5.769433468117803e-07
gpt2_small,collateral_raw,effect_only,dec_norm,-0.04099641048356843,0.48005018446324144,-0.1555088079235693,0.0761821881344102,300,1,effect_l2,10000,10000,1.0,0.5700595940500992
gpt2_small,collateral_raw,effect_only,enc_norm,0.00513127126998751,0.9295930125877452,-0.11300176348290991,0.1258756768085086,300,1,effect_l2,10000,10000,1.0,0.9699193436558048
gpt2_small,collateral_raw,effect_only,enc_dec_cos,-0.2874214287797131,4.275740017669589e-07,-0.39717349868985585,-0.1734362460153947,300,1,effect_l2,10000,10000,6.841184028271343e-06,2.0309765083930547e-06
gpt2_small,collateral_raw,effect_only,frequency,0.05479851625496187,0.34501858626298276,-0.06270557013153935,0.17009346043162077,300,1,effect_l2,10000,10000,1.0,0.4718065520601372
gpt2_small,collateral_raw,effect_only,bin_entropy,0.05479851625496187,0.34501858626298276,-0.06270557013153935,0.17009346043162077,300,1,effect_l2,10000,10000,1.0,0.4718065520601372
gpt2_small,collateral_raw,effect_only,act_entropy,0.05450112145194011,0.3476469330969432,-0.061773341209574395,0.16767416455643236,300,1,effect_l2,10000,10000,1.0,0.4718065520601372
gpt2_small,collateral_raw,effect_only,act_kurtosis,-0.037516162688544234,0.5181334018218283,-0.1483010447708532,0.0781346289476419,300,1,effect_l2,10000,10000,1.0,0.5790902726243964
gpt2_small,collateral_raw,effect_only,act_mag,0.04670386796147631,0.4210263855952604,-0.06641256687864115,0.15878419365271418,300,1,effect_l2,10000,10000,1.0,0.5333000884206631
gpt2_small,collateral_raw,effect_only,act_mean_firing,-0.07560125514686744,0.19235000559401383,-0.1921038929900615,0.04264295217744014,300,1,effect_l2,10000,10000,1.0,0.406072234031807
gpt2_small,collateral_raw,effect_only,act_std,-0.0021899640537919214,0.9699193436558048,-0.11454855622457791,0.11085030146397744,300,1,effect_l2,10000,10000,1.0,0.9699193436558048
gpt2_small,collateral_raw,effect_only,act_max,-0.054584971261413776,0.34690459711974747,-0.16839057240157118,0.0610701494218995,300,1,effect_l2,10000,10000,1.0,0.4718065520601372
gpt2_small,collateral_raw,effect_only,coact_entropy,-0.06308837051460271,0.2768538575141898,-0.1806880436099333,0.05356022901319917,300,1,effect_l2,10000,10000,1.0,0.4718065520601372
gpt2_small,collateral_raw,effect_only,coact_count,-0.19112378493406323,0.0008948100110966645,-0.29955951843284906,-0.08174550522494146,300,1,effect_l2,10000,10000,0.013422150166449967,0.003400278042167325
gpt2_small,collateral_raw,effect_only,logit_l2,-0.09578641518297716,0.09829678154871556,-0.21511634739953459,0.03341889354465122,300,1,effect_l2,10000,10000,1.0,0.23345485617819944
gpt2_small,collateral_raw,effect_only,logit_linf,-0.12627425916472296,0.029029487406486938,-0.23812103273986635,-0.009731362882037135,300,1,effect_l2,10000,10000,0.4064128236908171,0.09192671012054197
gpt2_small,collateral_raw,effect_only,logit_entropy,0.30348023133099233,8.677448629222603e-08,0.1936896668441452,0.4045452178979499,300,1,effect_l2,10000,10000,1.5619407532600685e-06,5.769433468117803e-07
gpt2_small,collateral_raw,effect_only,logit_top10_mass,-0.11175871005369223,0.05355162196788667,-0.22791500969722742,0.00827298770884513,300,1,effect_l2,10000,10000,0.6961710855825267,0.14535440248426382
gpt2_small,collateral_ctilde,none,crowding,0.3440424893609929,9.240287836533674e-10,0.23310489583210758,0.44545440395502517,300,0,,10000,10000,1.755654688941398e-08,1.755654688941398e-08
gpt2_small,collateral_ctilde,none,crowd_max,0.2474063594943026,1.4583124474327929e-05,0.12849867862706485,0.36199745816844203,300,0,,10000,10000,0.00024791311606357476,7.829204859358536e-05
gpt2_small,collateral_ctilde,none,dec_norm,0.018973329493154223,0.7434521421489494,-0.09168815013089673,0.1279478809305706,300,0,,10000,10000,1.0,0.7852291790680658
gpt2_small,collateral_ctilde,none,enc_norm,0.021532239247102746,0.7103132255754947,-0.09799933915190154,0.13888204207188365,300,0,,10000,10000,1.0,0.7852291790680658
gpt2_small,collateral_ctilde,none,enc_dec_cos,-0.24591251013900153,1.6482536546017972e-05,-0.3554622884573927,-0.13056736075668596,300,0,,10000,10000,0.00026372058473628755,7.829204859358536e-05
gpt2_small,collateral_ctilde,none,frequency,0.04950610655290718,0.3928749299762146,-0.06551569955754061,0.16404019334871395,300,0,,10000,10000,1.0,0.6220519724623398
gpt2_small,collateral_ctilde,none,bin_entropy,0.04950610655290718,0.3928749299762146,-0.06551569955754061,0.16404019334871395,300,0,,10000,10000,1.0,0.6220519724623398
gpt2_small,collateral_ctilde,none,act_entropy,0.03818264647384972,0.5100099255524824,-0.07525213253611678,0.15292485962911917,300,0,,10000,10000,1.0,0.7150848008050229
gpt2_small,collateral_ctilde,none,act_kurtosis,-0.017209968999655555,0.7665711164119893,-0.13174831560893652,0.09467484596735765,300,0,,10000,10000,1.0,0.7852291790680658
gpt2_small,collateral_ctilde,none,act_mag,0.06304514494605494,0.2763751112423938,-0.04637276504299586,0.17192335793018015,300,0,,10000,10000,1.0,0.5251127113605482
gpt2_small,collateral_ctilde,none,act_mean_firing,-0.03667196302181138,0.526904590066859,-0.15002784841677402,0.0788201078696672,300,0,,10000,10000,1.0,0.7150848008050229
gpt2_small,collateral_ctilde,none,act_std,0.026598073311925683,0.64634181822377,-0.08371050739654669,0.13714992323970027,300,0,,10000,10000,1.0,0.7852291790680658
gpt2_small,collateral_ctilde,none,act_max,-0.01579839775997512,0.7852291790680658,-0.12862378496621032,0.09870102535217762,300,0,,10000,10000,1.0,0.7852291790680658
gpt2_small,collateral_ctilde,none,coact_entropy,-0.06742697141079346,0.24429459097309034,-0.1794047852874086,0.04825717916769008,300,0,,10000,10000,1.0,0.5157330253876352
gpt2_small,collateral_ctilde,none,coact_count,-0.16976638913236608,0.0031818091375416155,-0.2827024333591349,-0.05255708813835749,300,0,,10000,10000,0.04772713706312423,0.01209087472265814
gpt2_small,collateral_ctilde,none,logit_l2,-0.08542139357103967,0.13992658498524463,-0.199614396648187,0.02920582692711244,300,0,,10000,10000,1.0,0.332325639339956
gpt2_small,collateral_ctilde,none,logit_linf,-0.13460371781908687,0.01968515187995018,-0.24652929303628365,-0.02198685933502335,300,0,,10000,10000,0.2755921263193025,0.062336314286508904
gpt2_small,collateral_ctilde,none,logit_entropy,0.31086311321120175,3.826866989755755e-08,0.20320208551039481,0.4141153877490256,300,0,,10000,10000,6.888360581560359e-07,3.6355236402679673e-07
gpt2_small,collateral_ctilde,none,logit_top10_mass,-0.12196668851876134,0.03472116680202908,-0.23930432357712028,-0.0024784599215653116,300,0,,10000,10000,0.45137516842637804,0.09424316703407894
gpt2_small,collateral_ctilde,primary,crowding,0.43135337566764476,6.87980441636549e-15,0.3255897010942583,0.5289457473968627,300,3,"effect_l2,act_max,frequency",10000,10000,1.1695667507821334e-13,7.332976802160195e-14
gpt2_small,collateral_ctilde,primary,crowd_max,0.31325932815089585,3.4821876871817316e-08,0.19424963291660682,0.4252017929569756,300,3,"effect_l2,act_max,frequency",10000,10000,4.875062762054424e-07,1.479929767052236e-07
gpt2_small,collateral_ctilde,primary,dec_norm,0.011609277747624653,0.8420799383776589,-0.09952639901940681,0.12032185919192252,300,3,"effect_l2,act_max,frequency",10000,10000,1.0,0.8979013887201408
gpt2_small,collateral_ctilde,primary,enc_norm,0.09165343999975163,0.11498311866822344,-0.02454604108125541,0.2059139226562334,300,3,"effect_l2,act_max,frequency",10000,10000,0.9198649493457876,0.19547130173597987
gpt2_small,collateral_ctilde,primary,enc_dec_cos,-0.42992288517668836,8.62703153195317e-15,-0.5245864788522154,-0.3216311155197606,300,3,"effect_l2,act_max,frequency",10000,10000,1.3803250451125073e-13,7.332976802160195e-14
gpt2_small,collateral_ctilde,primary,bin_entropy,,,,,300,3,"effect_l2,act_max,frequency",10000,0,,
gpt2_small,collateral_ctilde,primary,act_entropy,-0.020128331647887056,0.7297503813156281,-0.13214425444093728,0.09479770944690764,300,3,"effect_l2,act_max,frequency",10000,10000,1.0,0.8979013887201408
gpt2_small,collateral_ctilde,primary,act_kurtosis,0.02311375212514393,0.6915824701252398,-0.0869897800048548,0.1323977532280067,300,3,"effect_l2,act_max,frequency",10000,10000,1.0,0.8979013887201408
gpt2_small,collateral_ctilde,primary,act_mag,0.11390042570020208,0.04987515150254108,0.00431350846688885,0.21581191539037903,300,3,"effect_l2,act_max,frequency",10000,10000,0.49875151502541076,0.10598469694289979
gpt2_small,collateral_ctilde,primary,act_mean_firing,-0.011385617901294984,0.8450836599718973,-0.12366719869634375,0.1050058941036943,300,3,"effect_l2,act_max,frequency",10000,10000,1.0,0.8979013887201408
gpt2_small,collateral_ctilde,primary,act_std,0.099962764223793,0.08547380312961425,-0.013776193495765605,0.20184511225155197,300,3,"effect_l2,act_max,frequency",10000,10000,0.7692642281665283,0.1614505170226047
gpt2_small,collateral_ctilde,primary,coact_entropy,-0.3580534131913294,2.063488857159597e-10,-0.4531893821563658,-0.2483973153604461,300,3,"effect_l2,act_max,frequency",10000,10000,3.0952332857393956e-09,1.1693103523904383e-09
gpt2_small,collateral_ctilde,primary,coact_count,-0.18867443934487768,0.0010860243970687237,-0.3016610193643005,-0.07176859928852192,300,3,"effect_l2,act_max,frequency",10000,10000,0.013032292764824684,0.0030770691250280504
gpt2_small,collateral_ctilde,primary,logit_l2,0.018227448576444524,0.7544117169197367,-0.09292941779769319,0.12821045684801974,300,3,"effect_l2,act_max,frequency",10000,10000,1.0,0.8979013887201408
gpt2_small,collateral_ctilde,primary,logit_linf,-0.07619911345188951,0.1903451351748766,-0.18785896820525275,0.04139723494492432,300,3,"effect_l2,act_max,frequency",10000,10000,1.0,0.29416975436117293
gpt2_small,collateral_ctilde,primary,logit_entropy,0.29779958472717233,1.6980828518765796e-07,0.18880618894694576,0.4017365225990648,300,3,"effect_l2,act_max,frequency",10000,10000,2.2075077074395535e-06,5.773481696380371e-07
gpt2_small,collateral_ctilde,primary,logit_top10_mass,-0.11660053789739881,0.04466059219933423,-0.2318918266965163,0.0015952669891928315,300,3,"effect_l2,act_max,frequency",10000,10000,0.49126651419267653,0.10598469694289979
gpt2_small,collateral_ctilde,robust,crowding,0.362081953248591,1.1620565249816636e-10,0.2545053582284321,0.4608696133735955,300,2,"frequency,act_max",10000,10000,1.9754960924688283e-09,1.9754960924688283e-09
gpt2_small,collateral_ctilde,robust,crowd_max,0.271037664007889,2.0508552179392877e-06,0.155710858984629,0.37729865077879166,300,2,"frequency,act_max",10000,10000,2.666111783321074e-05,6.9729077409935784e-06
gpt2_small,collateral_ctilde,robust,dec_norm,0.020734312220938845,0.7214932859336849,-0.08964318712669621,0.13441981812634657,300,2,"frequency,act_max",10000,10000,1.0,0.7665866163045402
gpt2_small,collateral_ctilde,robust,enc_norm,0.08552758398223399,0.14076989492117714,-0.03199235969199351,0.19973283837852834,300,2,"frequency,act_max",10000,10000,0.98538926444824,0.21755347396909197
gpt2_small,collateral_ctilde,robust,enc_dec_cos,-0.3421747508607468,1.3104126754447285e-09,-0.44444043733600574,-0.23140848035216605,300,2,"frequency,act_max",10000,10000,2.0966602807115657e-08,1.1138507741280192e-08
gpt2_small,collateral_ctilde,robust,bin_entropy,,,,,300,2,"frequency,act_max",10000,0,,
gpt2_small,collateral_ctilde,robust,act_entropy,-0.039955415230569336,0.49201149126291627,-0.14634622096346594,0.07160140008810742,300,2,"frequency,act_max",10000,10000,1.0,0.6158903112411941
gpt2_small,collateral_ctilde,robust,act_kurtosis,0.03856581294593372,0.5072037857280423,-0.07039451960242576,0.1475173384820576,300,2,"frequency,act_max",10000,10000,1.0,0.6158903112411941
gpt2_small,collateral_ctilde,robust,act_mag,0.10840416870361523,0.06162383931768033,-0.0011443371901847534,0.21388292829150068,300,2,"frequency,act_max",10000,10000,0.554614553859123,0.11640058537784063
gpt2_small,collateral_ctilde,robust,act_mean_firing,-0.024061261024310793,0.6791114034443921,-0.13935308985675077,0.09310153232584159,300,2,"frequency,act_max",10000,10000,1.0,0.7665866163045402
gpt2_small,collateral_ctilde,robust,act_std,0.08959093287667874,0.12278609879043673,-0.02527678168073065,0.19770830779305285,300,2,"frequency,act_max",10000,10000,0.9822887903234938,0.20873636794374245
gpt2_small,collateral_ctilde,robust,coact_entropy,-0.3300612060392077,5.276332653716442e-09,-0.4241241040030651,-0.2190091509266257,300,2,"frequency,act_max",10000,10000,7.914498980574663e-08,2.989921837105984e-08
gpt2_small,collateral_ctilde,robust,coact_count,-0.17217075937804235,0.0028643220603593185,-0.28350128171560013,-0.05176584408773841,300,2,"frequency,act_max",10000,10000,0.03437186472431182,0.008115579171018069
gpt2_small,collateral_ctilde,robust,logit_l2,-0.0815894529714304,0.16005810074484633,-0.19685629338170982,0.036329707326447344,300,2,"frequency,act_max",10000,10000,0.98538926444824,0.22674897605519898
gpt2_small,collateral_ctilde,robust,logit_linf,-0.12986649656461083,0.024966304763157247,-0.24008356946592105,-0.014406804241723324,300,2,"frequency,act_max",10000,10000,0.27462935239472974,0.06063245442481046
gpt2_small,collateral_ctilde,robust,logit_entropy,0.31190813004881346,3.8077562106616624e-08,0.1996220426277102,0.4152225155780061,300,2,"frequency,act_max",10000,10000,5.330858694926328e-07,1.6182963895312065e-07
gpt2_small,collateral_ctilde,robust,logit_top10_mass,-0.12145823167109354,0.03611353605621494,-0.2365179658926544,-0.0010621446211560878,300,2,"frequency,act_max",10000,10000,0.36113536056214934,0.07674126411945674
gpt2_small,collateral_ctilde,effect_only,crowding,0.3984800447912931,8.053680249504831e-13,0.28938251646977103,0.49881112039519837,300,1,effect_l2,10000,10000,1.5301992474059178e-11,1.5301992474059178e-11
gpt2_small,collateral_ctilde,effect_only,crowd_max,0.27747704437082094,1.0937731792464953e-06,0.1569019423909508,0.39301783305138854,300,1,effect_l2,10000,10000,1.7500370867943925e-05,5.195422601420853e-06
gpt2_small,collateral_ctilde,effect_only,dec_norm,0.00997229513866395,0.8636583760462188,-0.10004793802321744,0.11972931689960885,300,1,effect_l2,10000,10000,1.0,0.9652652438163623
gpt2_small,collateral_ctilde,effect_only,enc_norm,0.005622863092394588,0.9228678319965825,-0.11080953267428992,0.12220301398417445,300,1,effect_l2,10000,10000,1.0,0.9741382671075036
gpt2_small,collateral_ctilde,effect_only,enc_dec_cos,-0.2807890325987688,8.032053763437828e-07,-0.38624679546435775,-0.17119690023290507,300,1,effect_l2,10000,10000,1.3654491397844308e-05,5.086967383510624e-06
gpt2_small,collateral_ctilde,effect_only,frequency,0.08347755096743605,0.149887212119345,-0.03262143148739863,0.19662406472398164,300,1,effect_l2,10000,10000,1.0,0.29270833558525255
gpt2_small,collateral_ctilde,effect_only,bin_entropy,0.08347755096743605,0.149887212119345,-0.03262143148739863,0.19662406472398164,300,1,effect_l2,10000,10000,1.0,0.29270833558525255
gpt2_small,collateral_ctilde,effect_only,act_entropy,0.07669104040078557,0.18599974922070567,-0.03693339263710317,0.18980936359768225,300,1,effect_l2,10000,10000,1.0,0.3212722941084916
gpt2_small,collateral_ctilde,effect_only,act_kurtosis,-0.05188802559226937,0.3712833255159171,-0.1634617959368638,0.06066575872078011,300,1,effect_l2,10000,10000,1.0,0.587865265400202
gpt2_small,collateral_ctilde,effect_only,act_mag,0.0826350163708521,0.15405701872908031,-0.028199604148547164,0.189250631348815,300,1,effect_l2,10000,10000,1.0,0.29270833558525255
gpt2_small,collateral_ctilde,effect_only,act_mean_firing,-0.042626871948653194,0.4627452276204677,-0.15421360849975504,0.07431046321546605,300,1,effect_l2,10000,10000,1.0,0.6280113803420634
gpt2_small,collateral_ctilde,effect_only,act_std,0.03562469093754226,0.5394644460139255,-0.07507057030454964,0.14632248630355732,300,1,effect_l2,10000,10000,1.0,0.683321631617639
gpt2_small,collateral_ctilde,effect_only,act_max,-0.018615147594363942,0.748539685746689,-0.13146535835907658,0.09710472780859519,300,1,effect_l2,10000,10000,1.0,0.8888908768241932
gpt2_small,collateral_ctilde,effect_only,coact_entropy,-0.045192527399682283,0.43622923224933735,-0.15946700402946923,0.06735375580975048,300,1,effect_l2,10000,10000,1.0,0.6280113803420634
gpt2_small,collateral_ctilde,effect_only,coact_count,-0.1850446675706428,0.0013084466333882318,-0.2995895674074858,-0.06760128575817313,300,1,effect_l2,10000,10000,0.019626699500823477,0.004972097206875281
gpt2_small,collateral_ctilde,effect_only,logit_l2,0.00024569478113209447,0.9966244281094442,-0.11259329468705932,0.11407063859219511,300,1,effect_l2,10000,10000,1.0,0.9966244281094441
gpt2_small,collateral_ctilde,effect_only,logit_linf,-0.08960544622543197,0.122093818197747,-0.20284033898512496,0.027424690629242885,300,1,effect_l2,10000,10000,1.0,0.29270833558525255
gpt2_small,collateral_ctilde,effect_only,logit_entropy,0.29761842592049226,1.5708316527248377e-07,0.1879890794841816,0.40025194509804995,300,1,effect_l2,10000,10000,2.8274969749047077e-06,1.492290070088596e-06
gpt2_small,collateral_ctilde,effect_only,logit_top10_mass,-0.11772126446138673,0.04193721366542131,-0.23351647269787282,-2.3101072610762934e-05,300,1,effect_l2,10000,10000,0.5871209913158983,0.13280117660716748
gpt2_small,kl_mean,none,crowding,0.290150779453105,3.136831526169106e-07,0.17744793173947632,0.3948154568882349,300,0,,10000,10000,4.3915641366367485e-06,9.933299832868836e-07
gpt2_small,kl_mean,none,crowd_max,0.15372996449515694,0.007643163680445342,0.03715799744595359,0.2667937175556884,300,0,,10000,10000,0.07643163680445342,0.01452201099284615
gpt2_small,kl_mean,none,dec_norm,-0.08622311340973511,0.1362322241471129,-0.20006249135716425,0.029920583135733262,300,0,,10000,10000,0.9287889585619601,0.18488658991393891
gpt2_small,kl_mean,none,enc_norm,-0.18911854576161957,0.0009958072112906092,-0.29552584851094454,-0.08007840150663761,300,0,,10000,10000,0.01194968653548731,0.0023650421268151967
gpt2_small,kl_mean,none,enc_dec_cos,-0.0870089667662974,0.13268413693742287,-0.1970216971610345,0.025999081628122936,300,0,,10000,10000,0.9287889585619601,0.18488658991393891
gpt2_small,kl_mean,none,frequency,0.37304060688252716,2.4415769901150106e-11,0.2639931515766408,0.4737261140389807,300,0,,10000,10000,4.63899628121852e-10,2.31949814060926e-10
gpt2_small,kl_mean,none,bin_entropy,0.37304060688252716,2.4415769901150106e-11,0.2639931515766408,0.4737261140389807,300,0,,10000,10000,4.63899628121852e-10,2.31949814060926e-10
gpt2_small,kl_mean,none,act_entropy,0.3637769308547873,8.112741489966328e-11,0.25609124546801354,0.4622612543957097,300,0,,10000,10000,1.3791660532942758e-09,5.138069610312008e-10
gpt2_small,kl_mean,none,act_kurtosis,-0.29467305192279913,2.009467050841882e-07,-0.400352487530972,-0.18463565699048234,300,0,,10000,10000,3.0142005762628227e-06,7.635974793199152e-07
gpt2_small,kl_mean,none,act_mag,0.22337359303992266,9.531831821320002e-05,0.10681500308078856,0.3347721106376682,300,0,,10000,10000,0.0012391381367716002,0.0002587211494358286
gpt2_small,kl_mean,none,act_mean_firing,-0.0659056211735686,0.2551242347608793,-0.17829695397146447,0.04759078792632937,300,0,,10000,10000,1.0,0.30296002877854417
gpt2_small,kl_mean,none,act_std,0.12028800320003556,0.03731342175179003,0.004638207753890577,0.23466532865053527,300,0,,10000,10000,0.3358207957661103,0.06445045575309187
gpt2_small,kl_mean,none,act_max,0.01469927443638264,0.7998434347302592,-0.09983517887990796,0.1287307727151626,300,0,,10000,10000,1.0,0.8442791811041626
gpt2_small,kl_mean,none,coact_entropy,0.31214391271014125,3.3418037999595946e-08,0.2037545976188333,0.4135249537933676,300,0,,10000,10000,5.346886079935351e-07,1.5873568049808073e-07
gpt2_small,kl_mean,none,coact_count,-0.06594540924115337,0.2548368425195083,-0.18331597229631352,0.05470635809547519,300,0,,10000,10000,1.0,0.30296002877854417
gpt2_small,kl_mean,none,logit_l2,0.15915554617273525,0.005731166673274338,0.039862786171205394,0.27582762498207103,300,0,,10000,10000,0.06304283340601773,0.012099129643579159
gpt2_small,kl_mean,none,logit_linf,0.11819686885409837,0.04077014114346535,0.0034375542257255184,0.23198551173993903,300,0,,10000,10000,0.3358207957661103,0.06455272347715346
gpt2_small,kl_mean,none,logit_entropy,-0.010073670843122436,0.8620563576052197,-0.12422742370022498,0.10827542491329428,300,0,,10000,10000,1.0,0.8620563576052197
gpt2_small,kl_mean,none,logit_top10_mass,0.061156679518661335,0.2910453116300143,-0.05188503952665526,0.1709901876237235,300,0,,10000,10000,1.0,0.325285936527663
gpt2_small,kl_mean,primary,crowding,0.25715903480732377,7.161602879621602e-06,0.1457567907886804,0.36123765245432904,300,3,"effect_l2,act_max,frequency",10000,10000,0.00011458564607394563,6.0873624476783616e-05
gpt2_small,kl_mean,primary,crowd_max,0.13628557918373196,0.018784880485952213,0.01657529656489684,0.25069993311985656,300,3,"effect_l2,act_max,frequency",10000,10000,0.26298832680333095,0.07983574206529691
gpt2_small,kl_mean,primary,dec_norm,-0.0725367416214318,0.21260046601783067,-0.1899893066284698,0.04689837543124489,300,3,"effect_l2,act_max,frequency",10000,10000,1.0,0.5163154174718745
gpt2_small,kl_mean,primary,enc_norm,-0.00036154710086267416,0.9950495447938231,-0.10815844600132322,0.10690434581597194,300,3,"effect_l2,act_max,frequency",10000,10000,1.0,1.0
gpt2_small,kl_mean,primary,enc_dec_cos,-0.1703448015086397,0.0032311933398901493,-0.28912746249348703,-0.04699119767218145,300,3,"effect_l2,act_max,frequency",10000,10000,0.04846790009835224,0.018310095592710848
gpt2_small,kl_mean,primary,bin_entropy,,,,,300,3,"effect_l2,act_max,frequency",10000,0,,
gpt2_small,kl_mean,primary,act_entropy,-0.06452971675023221,0.26762385199466104,-0.1777266538540341,0.054459440670710735,300,3,"effect_l2,act_max,frequency",10000,10000,1.0,0.5687006854886547
gpt2_small,kl_mean,primary,act_kurtosis,0.027540220244266136,0.6364216597530925,-0.08237255014550728,0.1347891104022949,300,3,"effect_l2,act_max,frequency",10000,10000,1.0,0.9015973513168811
gpt2_small,kl_mean,primary,act_mag,-0.03436669654846192,0.5552297471024087,-0.13669112286194324,0.06984152762359341,300,3,"effect_l2,act_max,frequency",10000,10000,1.0,0.8580823364309953
gpt2_small,kl_mean,primary,act_mean_firing,-0.01421966529968871,0.8072027644146057,-0.11660627438141166,0.08861790762188433,300,3,"effect_l2,act_max,frequency",10000,10000,1.0,1.0
gpt2_small,kl_mean,primary,act_std,-0.00823775252291167,0.8875771859128427,-0.1070992380028369,0.08980598114864655,300,3,"effect_l2,act_max,frequency",10000,10000,1.0,1.0
gpt2_small,kl_mean,primary,coact_entropy,-0.05289895911294196,0.3636478960777019,-0.16690268651358836,0.06480039114334729,300,3,"effect_l2,act_max,frequency",10000,10000,1.0,0.6182014233320933
gpt2_small,kl_mean,primary,coact_count,-0.0123956406743375,0.8315376080359406,-0.1277712274586076,0.10740911561541479,300,3,"effect_l2,act_max,frequency",10000,10000,1.0,1.0
gpt2_small,kl_mean,primary,logit_l2,-0.3033761977135513,9.690119004220162e-08,-0.4011187567880953,-0.19005842145070515,300,3,"effect_l2,act_max,frequency",10000,10000,1.6473202307174276e-06,1.6473202307174276e-06
gpt2_small,kl_mean,primary,logit_linf,-0.10052704164684219,0.08371432740070998,-0.21263839193296785,0.021817132389659204,300,3,"effect_l2,act_max,frequency",10000,10000,1.0,0.23719059430201161
gpt2_small,kl_mean,primary,logit_entropy,0.11444523618978769,0.04878393328846675,-0.003198427925044518,0.22753102015543025,300,3,"effect_l2,act_max,frequency",10000,10000,0.6341911327500678,0.16586537318078695
gpt2_small,kl_mean,primary,logit_top10_mass,0.05880601153282689,0.31247364596175536,-0.05436572708572928,0.17313052292561054,300,3,"effect_l2,act_max,frequency",10000,10000,1.0,0.59022799792776
gpt2_small,kl_mean,robust,crowding,0.359381131049171,1.6304483808784976e-10,0.2465220538992278,0.4636091059075692,300,2,"frequency,act_max",10000,10000,2.771762247493446e-09,2.771762247493446e-09
gpt2_small,kl_mean,robust,crowd_max,0.2196082095473162,0.00013245360755323208,0.09876865960502819,0.3332991186047772,300,2,"frequency,act_max",10000,10000,0.0019868041132984813,0.0007505704428016484
gpt2_small,kl_mean,robust,dec_norm,-0.08721337697685108,0.13307842698892997,-0.20506180547122138,0.03214921558961423,300,2,"frequency,act_max",10000,10000,1.0,0.32319046554454417
gpt2_small,kl_mean,robust,enc_norm,0.017563910466767394,0.762690845919345,-0.09553338534361269,0.12556283562879691,300,2,"frequency,act_max",10000,10000,1.0,0.9261245986163474
gpt2_small,kl_mean,robust,enc_dec_cos,-0.34118613718280316,1.4715092828445667e-09,-0.4369898825736769,-0.23497112016985094,300,2,"frequency,act_max",10000,10000,2.3544148525513067e-08,1.2507828904178817e-08
gpt2_small,kl_mean,robust,bin_entropy,,,,,300,2,"frequency,act_max",10000,0,,
gpt2_small,kl_mean,robust,act_entropy,0.03444157527411535,0.5536960812436099,-0.07712840501619625,0.15106707217397267,300,2,"frequency,act_max",10000,10000,1.0,0.7844027817617807
gpt2_small,kl_mean,robust,act_kurtosis,-0.04307642875725065,0.45879459532212846,-0.15951794509030176,0.0722393213651703,300,2,"frequency,act_max",10000,10000,1.0,0.7513676408240859
gpt2_small,kl_mean,robust,act_mag,-0.010133849454584573,0.8617030828479815,-0.1257699615813829,0.10736490500601083,300,2,"frequency,act_max",10000,10000,1.0,0.9765968272277123
gpt2_small,kl_mean,robust,act_mean_firing,0.04049494352518464,0.48617906170970265,-0.06712650174297123,0.14868102616223555,300,2,"frequency,act_max",10000,10000,1.0,0.7513676408240859
gpt2_small,kl_mean,robust,act_std,0.027798639417713635,0.6326825966601363,-0.0860702011076846,0.13646931278328533,300,2,"frequency,act_max",10000,10000,1.0,0.8273541648632551
gpt2_small,kl_mean,robust,coact_entropy,-0.11454216008539342,0.04821137403763572,-0.2256138184196932,-0.0008045490208181609,300,2,"frequency,act_max",10000,10000,0.5785364884516286,0.13659889310663456
gpt2_small,kl_mean,robust,coact_count,-0.05897900766061473,0.310229708369694,-0.17755615638991773,0.06016222860122356,300,2,"frequency,act_max",10000,10000,1.0,0.5859894491427553
gpt2_small,kl_mean,robust,logit_l2,0.19837827814246406,0.0005722379314881556,0.08388229778438147,0.31426821813523215,300,2,"frequency,act_max",10000,10000,0.008011331040834178,0.002432011208824661
gpt2_small,kl_mean,robust,logit_linf,0.16395387998591077,0.004545206743506374,0.04975127716153968,0.2770750769631161,300,2,"frequency,act_max",10000,10000,0.059087687665582866,0.015453702927921673
gpt2_small,kl_mean,robust,logit_entropy,-0.0028233968544437126,0.9612901552857821,-0.1193905983163387,0.1135523544223913,300,2,"frequency,act_max",10000,10000,1.0,1.0
gpt2_small,kl_mean,robust,logit_top10_mass,0.06811850460764841,0.2410654635203293,-0.04861997383268592,0.18654622222080813,300,2,"frequency,act_max",10000,10000,1.0,0.5122641099806997
gpt2_small,kl_mean,effect_only,crowding,0.18762277900137048,0.0011152716679720348,0.06872718545029893,0.3001536145292695,300,1,effect_l2,10000,10000,0.013383260015664419,0.002648770211433583
gpt2_small,kl_mean,effect_only,crowd_max,0.07878994295149545,0.17420615063221156,-0.04476812896671941,0.19894290620630117,300,1,effect_l2,10000,10000,1.0,0.25460898938554
gpt2_small,kl_mean,effect_only,dec_norm,-0.06826361809802615,0.23926844838994388,-0.18194394227518498,0.04693202496161376,300,1,effect_l2,10000,10000,1.0,0.32472146567206667
gpt2_small,kl_mean,effect_only,enc_norm,-0.1752563714758381,0.002355235955039338,-0.28041383697763383,-0.06579157261206053,300,1,effect_l2,10000,10000,0.025907595505432722,0.004972164793971936
gpt2_small,kl_mean,effect_only,enc_dec_cos,0.041903178161380804,0.4703831325511693,-0.07787234749274043,0.16064806448931349,300,1,effect_l2,10000,10000,1.0,0.5257223246160128
gpt2_small,kl_mean,effect_only,frequency,0.351730006223857,3.9098079707144627e-10,0.253317049197359,0.4444666423280199,300,1,effect_l2,10000,10000,7.4286351443574795e-09,3.7143175721787397e-09
gpt2_small,kl_mean,effect_only,bin_entropy,0.351730006223857,3.9098079707144627e-10,0.253317049197359,0.4444666423280199,300,1,effect_l2,10000,10000,7.4286351443574795e-09,3.7143175721787397e-09
gpt2_small,kl_mean,effect_only,act_entropy,0.3126267515622605,3.34765661301429e-08,0.212787716236239,0.40823388164174323,300,1,effect_l2,10000,10000,5.356250580822865e-07,1.5901368911817879e-07
gpt2_small,kl_mean,effect_only,act_kurtosis,-0.22719607425016083,7.36754409077939e-05,-0.32983746782199136,-0.12088687580015425,300,1,effect_l2,10000,10000,0.0010314561727091146,0.0002333055628746807
gpt2_small,kl_mean,effect_only,act_mag,0.21326981523645444,0.000203071439500577,0.1096516808469504,0.3155372988495946,300,1,effect_l2,10000,10000,0.002639928713507501,0.0005511939072158519
gpt2_small,kl_mean,effect_only,act_mean_firing,-0.06244550963151699,0.2817878823447994,-0.16932894521504702,0.0475168279234123,300,1,effect_l2,10000,10000,1.0,0.3569313176367459
gpt2_small,kl_mean,effect_only,act_std,0.12165476880624616,0.03549970585819051,0.012452719650100292,0.2298213661615958,300,1,effect_l2,10000,10000,0.3194973527237146,0.06131767375505634
gpt2_small,kl_mean,effect_only,act_max,0.03678584136819608,0.5263178739390421,-0.07622469550649366,0.14970658145062873,300,1,effect_l2,10000,10000,1.0,0.5555577558245444
gpt2_small,kl_mean,effect_only,coact_entropy,0.3100466047636706,4.393979896765157e-08,0.20917639286982137,0.4051217269508425,300,1,effect_l2,10000,10000,6.590969845147735e-07,1.6697123607707595e-07
gpt2_small,kl_mean,effect_only,coact_count,-0.020764878417550182,0.7206479928885788,-0.13623117892512326,0.09668983194245007,300,1,effect_l2,10000,10000,1.0,0.7206479928885788
gpt2_small,kl_mean,effect_only,logit_l2,-0.34210326346029396,1.2397347765573066e-09,-0.4323992452134558,-0.23681334787130062,300,1,effect_l2,10000,10000,2.107549120147421e-08,7.851653584862942e-09
gpt2_small,kl_mean,effect_only,logit_linf,-0.14409514769019777,0.012623018026644887,-0.2560497822480203,-0.026695384830798568,300,1,effect_l2,10000,10000,0.1262301802664489,0.023983734250625284
gpt2_small,kl_mean,effect_only,logit_entropy,0.10562200401690781,0.06817779944473949,-0.010425260532436989,0.21551227828932348,300,1,effect_l2,10000,10000,0.5454223955579159,0.10794818245417087
gpt2_small,kl_mean,effect_only,logit_top10_mass,0.05129545131336886,0.37677826567569433,-0.06402958411642228,0.16781306346767744,300,1,effect_l2,10000,10000,1.0,0.447424190489887
gpt2_small,kl_per_effect,none,crowding,0.2543890487672085,8.143981883507257e-06,0.1378938387018203,0.3607936217045818,300,0,,10000,10000,0.00011401574636910159,2.5789275964439648e-05
gpt2_small,kl_per_effect,none,crowd_max,0.11210238160477205,0.05241828468333628,-0.004861867158147299,0.22289403171004887,300,0,,10000,10000,0.5241828468333628,0.09959474089833893
gpt2_small,kl_per_effect,none,dec_norm,-0.09725181396592356,0.0926839693220184,-0.2082736925561678,0.019218894410609078,300,0,,10000,10000,0.8341557238981656,0.16009049246530452
gpt2_small,kl_per_effect,none,enc_norm,-0.21656018400204446,0.00015668379524979184,-0.3205266706964714,-0.1064510606322052,300,0,,10000,10000,0.0018802055429975022,0.00037212401371825563
gpt2_small,kl_per_effect,none,enc_dec_cos,-0.018739319325770273,0.746507487912163,-0.1312674638423928,0.0919427262663415,300,0,,10000,10000,1.0,0.8343318982547704
gpt2_small,kl_per_effect,none,frequency,0.3989732045534283,6.870159997982357e-13,0.29665845663695367,0.49210446444740197,300,0,,10000,10000,1.3053303996166479e-11,6.526651998083239e-12
gpt2_small,kl_per_effect,none,bin_entropy,0.3989732045534283,6.870159997982357e-13,0.29665845663695367,0.49210446444740197,300,0,,10000,10000,1.3053303996166479e-11,6.526651998083239e-12
gpt2_small,kl_per_effect,none,act_entropy,0.3696472183024256,3.807454461653645e-11,0.26701219189204806,0.4631601925277997,300,0,,10000,10000,6.472672584811197e-10,2.411387825713975e-10
gpt2_small,kl_per_effect,none,act_kurtosis,-0.2915774619717996,2.727946459871687e-07,-0.39422181122776573,-0.18245707192660146,300,0,,10000,10000,4.09191968980753e-06,1.036619654751241e-06
gpt2_small,kl_per_effect,none,act_mag,0.22975899732219246,5.8994935354192094e-05,0.1159461299999734,0.33913227189859,300,0,,10000,10000,0.0007669341596044972,0.00016012911024709282
gpt2_small,kl_per_effect,none,act_mean_firing,-0.094372604140046,0.10280584205853818,-0.20463439643445558,0.017232232025655995,300,0,,10000,10000,0.8341557238981656,0.16277591659268545
gpt2_small,kl_per_effect,none,act_std,0.11924532494805495,0.039004659949552434,0.005843146313220294,0.23094453368033657,300,0,,10000,10000,0.42905125944507677,0.0823431710046107
gpt2_small,kl_per_effect,none,act_max,0.008856987299858893,0.8785795858105468,-0.10388879228453998,0.12260199525405972,300,0,,10000,10000,1.0,0.9273895628000217
gpt2_small,kl_per_effect,none,coact_entropy,0.3475767508527873,6.050747619332222e-10,0.24427926408681266,0.4441621414796548,300,0,,10000,10000,9.681196190931555e-09,2.8741051191828054e-09
gpt2_small,kl_per_effect,none,coact_count,-0.04484547388626075,0.4389939751009601,-0.1650344479002488,0.07528919988597432,300,0,,10000,10000,1.0,0.5272484576789191
gpt2_small,kl_per_effect,none,logit_l2,-0.05639040433782599,0.33035068117601446,-0.17362873582993668,0.06398919988533604,300,0,,10000,10000,1.0,0.4483330673103053
gpt2_small,kl_per_effect,none,logit_linf,-0.0011489016544628144,0.9841897612576072,-0.11653753708259171,0.11106016269288782,300,0,,10000,10000,1.0,0.9841897612576072
gpt2_small,kl_per_effect,none,logit_entropy,0.04435717430988623,0.4439987012033003,-0.07009034643068109,0.16094217403067496,300,0,,10000,10000,1.0,0.5272484576789191
gpt2_small,kl_per_effect,none,logit_top10_mass,0.06932788142090467,0.23121996210296905,-0.044666455705154054,0.17994593198217704,300,0,,10000,10000,1.0,0.33793686768895476
gpt2_small,kl_per_effect,primary,crowding,0.24917719878969496,1.393651929069586e-05,0.1393785265491735,0.3533373325918284,300,3,"effect_l2,act_max,frequency",10000,10000,0.00022298430865113375,0.0001184604139709148
gpt2_small,kl_per_effect,primary,crowd_max,0.11837602984638977,0.041487370271735435,0.002328591847187691,0.23082773142667273,300,3,"effect_l2,act_max,frequency",10000,10000,0.5808231838042961,0.1347767990134562
gpt2_small,kl_per_effect,primary,dec_norm,-0.0860370844526019,0.13907943399275005,-0.20071257491566444,0.032168855999745935,300,3,"effect_l2,act_max,frequency",10000,10000,1.0,0.29554379723459384
gpt2_small,kl_per_effect,primary,enc_norm,-0.009761011248860356,0.8669665387239791,-0.12092924361992251,0.0996666891045593,300,3,"effect_l2,act_max,frequency",10000,10000,1.0,1.0
gpt2_small,kl_per_effect,primary,enc_dec_cos,-0.15977766101119553,0.005785485488514803,-0.2728343644784,-0.039329642900490194,300,3,"effect_l2,act_max,frequency",10000,10000,0.08678228232772205,0.03278441776825055
gpt2_small,kl_per_effect,primary,bin_entropy,,,,,300,3,"effect_l2,act_max,frequency",10000,0,,
gpt2_small,kl_per_effect,primary,act_entropy,-0.09649978175854373,0.09693252483967268,-0.20514593422382937,0.026173380297117736,300,3,"effect_l2,act_max,frequency",10000,10000,1.0,0.23540756032491936
gpt2_small,kl_per_effect,primary,act_kurtosis,0.03881786427843387,0.5051521658570769,-0.0728488677298921,0.14696390372510926,300,3,"effect_l2,act_max,frequency",10000,10000,1.0,0.7209827009610058
gpt2_small,kl_per_effect,primary,act_mag,-0.034705074756168255,0.5513397124995927,-0.13668434644768762,0.07323865912716211,300,3,"effect_l2,act_max,frequency",10000,10000,1.0,0.7209827009610058
gpt2_small,kl_per_effect,primary,act_mean_firing,-0.035936906207573775,0.5372920550192599,-0.13677741145030003,0.06987030277731852,300,3,"effect_l2,act_max,frequency",10000,10000,1.0,0.7209827009610058
gpt2_small,kl_per_effect,primary,act_std,-0.0014962281265538026,0.9795151229290378,-0.10142267658327357,0.09534912382912364,300,3,"effect_l2,act_max,frequency",10000,10000,1.0,1.0
gpt2_small,kl_per_effect,primary,coact_entropy,-0.0407550846314565,0.48412131624640004,-0.15785723287946682,0.07953127002920385,300,3,"effect_l2,act_max,frequency",10000,10000,1.0,0.7209827009610058
gpt2_small,kl_per_effect,primary,coact_count,-0.007425568857604249,0.8985984482223672,-0.12147055742401347,0.11040496013591619,300,3,"effect_l2,act_max,frequency",10000,10000,1.0,1.0
gpt2_small,kl_per_effect,primary,logit_l2,-0.3347347830488893,3.3002683280461163e-09,-0.43538661640698173,-0.22552576940572674,300,3,"effect_l2,act_max,frequency",10000,10000,5.6104561576783976e-08,5.6104561576783976e-08
gpt2_small,kl_per_effect,primary,logit_linf,-0.11506429233430264,0.047568282004749246,-0.22816731580586327,0.003831579434369978,300,3,"effect_l2,act_max,frequency",10000,10000,0.5808231838042961,0.1347767990134562
gpt2_small,kl_per_effect,primary,logit_entropy,0.11725300909443208,0.043471572029485206,0.00044373157318597015,0.23147263109703134,300,3,"effect_l2,act_max,frequency",10000,10000,0.5808231838042961,0.1347767990134562
gpt2_small,kl_per_effect,primary,logit_top10_mass,0.06870576704266597,0.23781887108957273,-0.04553377126240193,0.180973087334142,300,3,"effect_l2,act_max,frequency",10000,10000,1.0,0.44921342316919294
gpt2_small,kl_per_effect,robust,crowding,0.3279579879853511,6.678960781007282e-09,0.21210944836224777,0.42963890577913716,300,2,"frequency,act_max",10000,10000,1.1354233327712378e-07,1.1354233327712378e-07
gpt2_small,kl_per_effect,robust,crowd_max,0.18005878027513275,0.0018037363710674383,0.060477140305894427,0.29257118131118814,300,2,"frequency,act_max",10000,10000,0.027056045566011575,0.01022117276938215
gpt2_small,kl_per_effect,robust,dec_norm,-0.0994822563559227,0.08646122446182618,-0.2142749755307054,0.016220809505923695,300,2,"frequency,act_max",10000,10000,1.0,0.36746020396276124
gpt2_small,kl_per_effect,robust,enc_norm,0.0017152946122994544,0.9764768634317473,-0.11247476886958702,0.11404868552753113,300,2,"frequency,act_max",10000,10000,1.0,1.0
gpt2_small,kl_per_effect,robust,enc_dec_cos,-0.2723873218361184,1.815691598698902e-06,-0.37489905983676935,-0.1590252316985846,300,2,"frequency,act_max",10000,10000,2.905106557918243e-05,1.5433378588940667e-05
gpt2_small,kl_per_effect,robust,bin_entropy,,,,,300,2,"frequency,act_max",10000,0,,
gpt2_small,kl_per_effect,robust,act_entropy,-0.03988859021010117,0.4927364761280984,-0.15179946428186453,0.07708683213436107,300,2,"frequency,act_max",10000,10000,1.0,0.8824214398691944
gpt2_small,kl_per_effect,robust,act_kurtosis,-0.0018645887801464864,0.9744301487825293,-0.11449384509826392,0.11138487206317477,300,2,"frequency,act_max",10000,10000,1.0,1.0
gpt2_small,kl_per_effect,robust,act_mag,-0.02319237852733579,0.6900895479545837,-0.13310793964339002,0.08494763251899884,300,2,"frequency,act_max",10000,10000,1.0,0.9776268596023269
gpt2_small,kl_per_effect,robust,act_mean_firing,-0.002603379164769047,0.9643045937751538,-0.1120885857703254,0.1055847766970998,300,2,"frequency,act_max",10000,10000,1.0,1.0
gpt2_small,kl_per_effect,robust,act_std,0.018529654643327106,0.7500644007231151,-0.09077837997963212,0.11967393079999421,300,2,"frequency,act_max",10000,10000,1.0,0.9808534470994582
gpt2_small,kl_per_effect,robust,coact_entropy,-0.08276472519485215,0.15410452841496072,-0.1957328106065374,0.03454134395565655,300,2,"frequency,act_max",10000,10000,1.0,0.504959328588399
gpt2_small,kl_per_effect,robust,coact_count,-0.03652849305765407,0.5299128433815208,-0.15569914586409575,0.08712871552569611,300,2,"frequency,act_max",10000,10000,1.0,0.8824214398691944
gpt2_small,kl_per_effect,robust,logit_l2,-0.032952462627112905,0.5709785787388906,-0.14965334304963984,0.08715938200319165,300,2,"frequency,act_max",10000,10000,1.0,0.8824214398691944
gpt2_small,kl_per_effect,robust,logit_linf,0.03793258319342011,0.5142072180590083,-0.07780056786066289,0.15177690024845658,300,2,"frequency,act_max",10000,10000,1.0,0.8824214398691944
gpt2_small,kl_per_effect,robust,logit_entropy,0.05670654055141733,0.32927373255535897,-0.05744350231326866,0.16852491233737665,300,2,"frequency,act_max",10000,10000,1.0,0.7996647790630147
gpt2_small,kl_per_effect,robust,logit_top10_mass,0.07819551887904642,0.17822093950178788,-0.03683875389061982,0.19088247230706715,300,2,"frequency,act_max",10000,10000,1.0,0.504959328588399
gpt2_small,kl_per_effect,effect_only,crowding,0.17423781286930065,0.002499571547429298,0.059473780905774425,0.2857040843633791,300,1,effect_l2,10000,10000,0.027495287021722277,0.0052768732667951845
gpt2_small,kl_per_effect,effect_only,crowd_max,0.05571278379928034,0.33701759118441327,-0.06210933716438172,0.17247501976973512,300,1,effect_l2,10000,10000,1.0,0.3766667195590501
gpt2_small,kl_per_effect,effect_only,dec_norm,-0.08170356105555568,0.15876834759049932,-0.19406846110411435,0.03159140695070165,300,1,effect_l2,10000,10000,0.952610085542996,0.2154713288728205
gpt2_small,kl_per_effect,effect_only,enc_norm,-0.19577481551642129,0.0006638668113590611,-0.3026884991833488,-0.084635399565556,300,1,effect_l2,10000,10000,0.007966401736308734,0.0015766836769777702
gpt2_small,kl_per_effect,effect_only,enc_dec_cos,0.06194134439316522,0.285698684933837,-0.05525261038746682,0.17727672565266347,300,1,effect_l2,10000,10000,1.0,0.36012264283445267
gpt2_small,kl_per_effect,effect_only,frequency,0.35972222233370443,1.4555125602193952e-10,0.2555626211931642,0.4567836296824082,300,1,effect_l2,10000,10000,2.6199226083949115e-09,9.218246214722837e-10
gpt2_small,kl_per_effect,effect_only,bin_entropy,0.35972222233370443,1.4555125602193952e-10,0.2555626211931642,0.4567836296824082,300,1,effect_l2,10000,10000,2.6199226083949115e-09,9.218246214722837e-10
gpt2_small,kl_per_effect,effect_only,act_entropy,0.3144761172886814,2.750309267518427e-08,0.20489009938874364,0.4151587549491197,300,1,effect_l2,10000,10000,4.1254639012776407e-07,1.0451175216570023e-07
gpt2_small,kl_per_effect,effect_only,act_kurtosis,-0.23246818170640715,4.935659585214004e-05,-0.3376799259218156,-0.12361911232552034,300,1,effect_l2,10000,10000,0.0006909923419299606,0.00015629588686511014
gpt2_small,kl_per_effect,effect_only,act_mag,0.20507379367262224,0.0003580568939516817,0.09601604915590839,0.30751997468336567,300,1,effect_l2,10000,10000,0.004654739621371863,0.0009718687121545646
gpt2_small,kl_per_effect,effect_only,act_mean_firing,-0.0899929754002624,0.12048093277503713,-0.19982705387717198,0.02052355887797041,300,1,effect_l2,10000,10000,0.8433665294252599,0.17608751713274656
gpt2_small,kl_per_effect,effect_only,act_std,0.10851293513302525,0.060924643768881515,-0.0032298512921631307,0.2140829593411386,300,1,effect_l2,10000,10000,0.5292302821333166,0.09646401930072906
gpt2_small,kl_per_effect,effect_only,act_max,0.017635785066069398,0.7613583518687597,-0.09569737131419476,0.12764942068715127,300,1,effect_l2,10000,10000,1.0,0.8036560380836907
gpt2_small,kl_per_effect,effect_only,coact_entropy,0.3231077307832952,1.0794769982286622e-08,0.2173331576637021,0.42201583505458706,300,1,effect_l2,10000,10000,1.7271631971658594e-07,5.1275157415861454e-08
gpt2_small,kl_per_effect,effect_only,coact_count,-0.013772839742364599,0.8125261794200613,-0.12829573172104222,0.10568212507102283,300,1,effect_l2,10000,10000,1.0,0.8125261794200613
gpt2_small,kl_per_effect,effect_only,logit_l2,-0.3730077712504538,2.6471724064577137e-11,-0.4678271283068058,-0.2655180479783004,300,1,effect_l2,10000,10000,5.029627572269656e-10,5.029627572269656e-10
gpt2_small,kl_per_effect,effect_only,logit_linf,-0.16027778994187322,0.005472259370487461,-0.2748177588429048,-0.04072828681921377,300,1,effect_l2,10000,10000,0.05472259370487461,0.010397292803926176
gpt2_small,kl_per_effect,effect_only,logit_entropy,0.10941189143033309,0.05880336468147962,-0.009440744605094954,0.22595790981909544,300,1,effect_l2,10000,10000,0.5292302821333166,0.09646401930072906
gpt2_small,kl_per_effect,effect_only,logit_top10_mass,0.05973252796963526,0.3032611729132233,-0.058197877500187054,0.1790702187014597,300,1,effect_l2,10000,10000,1.0,0.36012264283445267
gpt2_small,collateral_raw_nodense,none,crowding,0.4857348607846147,3.62769788296104e-19,0.38614457973346344,0.5752910140965561,300,0,,10000,10000,6.892625977625976e-18,6.892625977625976e-18
gpt2_small,collateral_raw_nodense,none,crowd_max,0.33292921348331095,3.3811178578706497e-09,0.21684702076373738,0.44212912388154196,300,0,,10000,10000,6.086012144167169e-08,3.212061964977117e-08
gpt2_small,collateral_raw_nodense,none,dec_norm,-0.0579039429990677,0.3175149018276083,-0.17199780696474182,0.05624900662286587,300,0,,10000,10000,1.0,0.4309130810517541
gpt2_small,collateral_raw_nodense,none,enc_norm,-0.018149944772006883,0.7542201268294663,-0.1362128622393704,0.09829615023824903,300,0,,10000,10000,1.0,0.7965641962006503
gpt2_small,collateral_raw_nodense,none,enc_dec_cos,-0.3259445452726508,7.444274532438307e-09,-0.4264378382407077,-0.2151205909456816,300,0,,10000,10000,1.2655266705145123e-07,4.7147072038775946e-08
gpt2_small,collateral_raw_nodense,none,frequency,0.10624910513421916,0.06609022920620852,-0.00956921709937453,0.21939323745724718,300,0,,10000,10000,0.8591729796807108,0.15696429436474524
gpt2_small,collateral_raw_nodense,none,bin_entropy,0.10624910513421916,0.06609022920620852,-0.00956921709937453,0.21939323745724718,300,0,,10000,10000,0.8591729796807108,0.15696429436474524
gpt2_small,collateral_raw_nodense,none,act_entropy,0.11280775243893622,0.05094228156025175,0.0018209999755294522,0.22204425146626225,300,0,,10000,10000,0.7131919418435244,0.15696429436474524
gpt2_small,collateral_raw_nodense,none,act_kurtosis,-0.09287265827418593,0.10841512185632636,-0.2026291189741756,0.017030334694154894,300,0,,10000,10000,1.0,0.21260673715896924
gpt2_small,collateral_raw_nodense,none,act_mag,0.0793197009711557,0.17059888967121137,-0.03450604405758607,0.1916012180962744,300,0,,10000,10000,1.0,0.2701149086460847
gpt2_small,collateral_raw_nodense,none,act_mean_firing,-0.07537761643513242,0.19292280279830143,-0.18736613133913432,0.03863900544220086,300,0,,10000,10000,1.0,0.28196409639751746
gpt2_small,collateral_raw_nodense,none,act_std,0.01804683144968238,0.7555720174642769,-0.09517176838095882,0.12873346235380698,300,0,,10000,10000,1.0,0.7965641962006503
gpt2_small,collateral_raw_nodense,none,act_max,-0.050545528367918084,0.3830026468692588,-0.16304123791468766,0.05874614111075029,300,0,,10000,10000,1.0,0.48513668603439447
gpt2_small,collateral_raw_nodense,none,coact_entropy,-0.02084111359388198,0.7192130297040933,-0.13659102221884267,0.09603661159914248,300,0,,10000,10000,1.0,0.7965641962006503
gpt2_small,collateral_raw_nodense,none,coact_count,-0.2079612255692915,0.00028708200243818797,-0.3168856249019083,-0.09218746725339255,300,0,,10000,10000,0.00430623003657282,0.0010909116092651145
gpt2_small,collateral_raw_nodense,none,logit_l2,0.0897359243418352,0.12092237821401942,-0.03268854746060002,0.2092998257989116,300,0,,10000,10000,1.0,0.21260673715896924
gpt2_small,collateral_raw_nodense,none,logit_linf,-0.014945431608386885,0.7965641962006503,-0.13230391094346083,0.1055711732628269,300,0,,10000,10000,1.0,0.7965641962006503
gpt2_small,collateral_raw_nodense,none,logit_entropy,0.2441989847901012,1.8949806117229254e-05,0.13272902249162755,0.34872641503009505,300,0,,10000,10000,0.00030319689787566806,9.001157905683895e-05
gpt2_small,collateral_raw_nodense,none,logit_top10_mass,-0.08921880214129821,0.12308811098677168,-0.20313765145225204,0.026266630060361503,300,0,,10000,10000,1.0,0.21260673715896924
gpt2_small,collateral_raw_nodense,primary,crowding,0.48304985661046557,9.060255515904608e-19,0.38049551822466615,0.5750683948103834,300,3,"effect_l2,act_max,frequency",10000,10000,1.5402434377037835e-17,1.5402434377037835e-17
gpt2_small,collateral_raw_nodense,primary,crowd_max,0.3485530365823487,6.56278660075808e-10,0.2343698304467967,0.4537515566849781,300,3,"effect_l2,act_max,frequency",10000,10000,9.84417990113712e-09,3.718912407096245e-09
gpt2_small,collateral_raw_nodense,primary,dec_norm,-0.03995382779761392,0.4927621917029844,-0.15493487497329791,0.0757950353642332,300,3,"effect_l2,act_max,frequency",10000,10000,1.0,0.6443813276115951
gpt2_small,collateral_raw_nodense,primary,enc_norm,0.09861624204278326,0.08979267326460103,-0.01831785828518818,0.21472252933838437,300,3,"effect_l2,act_max,frequency",10000,10000,0.6328635429537282,0.13877049504529249
gpt2_small,collateral_raw_nodense,primary,enc_dec_cos,-0.43900720454308645,2.012576505567597e-15,-0.5309528216312178,-0.33633152097478336,300,3,"effect_l2,act_max,frequency",10000,10000,3.2201224089081554e-14,1.7106900297324577e-14
gpt2_small,collateral_raw_nodense,primary,bin_entropy,,,,,300,3,"effect_l2,act_max,frequency",10000,0,,
gpt2_small,collateral_raw_nodense,primary,act_entropy,-0.023273727475172687,0.689558052126679,-0.13525799538346567,0.09311881004208562,300,3,"effect_l2,act_max,frequency",10000,10000,1.0,0.7326554303845965
gpt2_small,collateral_raw_nodense,primary,act_kurtosis,0.03062927172986974,0.5990600014230302,-0.08163701562747377,0.14304886530783653,300,3,"effect_l2,act_max,frequency",10000,10000,1.0,0.6789346682794342
gpt2_small,collateral_raw_nodense,primary,act_mag,0.12408149423819463,0.032546638988522524,0.00749823620898081,0.23004094205196238,300,3,"effect_l2,act_max,frequency",10000,10000,0.35801302887374775,0.07904183754355469
gpt2_small,collateral_raw_nodense,primary,act_mean_firing,-0.031762005801844226,0.5856119614743662,-0.14744697435593943,0.08828841695854964,300,3,"effect_l2,act_max,frequency",10000,10000,1.0,0.6789346682794342
gpt2_small,collateral_raw_nodense,primary,act_std,0.1051705516624495,0.07031817143930313,-0.015362865479897368,0.21094784972508016,300,3,"effect_l2,act_max,frequency",10000,10000,0.6328635429537282,0.12050466134738995
gpt2_small,collateral_raw_nodense,primary,coact_entropy,-0.3443724967502728,1.0788083178748126e-09,-0.433457302494976,-0.2425387647505787,300,3,"effect_l2,act_max,frequency",10000,10000,1.5103316450247375e-08,4.584935350967954e-09
gpt2_small,collateral_raw_nodense,primary,coact_count,-0.20360942416195954,0.0004136701779079024,-0.3097415438805507,-0.0912524182866433,300,3,"effect_l2,act_max,frequency",10000,10000,0.004964042134894828,0.00117206550407239
gpt2_small,collateral_raw_nodense,primary,logit_l2,-0.07934453731752947,0.1726356279760864,-0.20030526746935198,0.04593660290238068,300,3,"effect_l2,act_max,frequency",10000,10000,1.0,0.24456713963278906
gpt2_small,collateral_raw_nodense,primary,logit_linf,-0.11275294016510552,0.0522401813190558,-0.22428433530907863,0.002756785005911606,300,3,"effect_l2,act_max,frequency",10000,10000,0.522401813190558,0.11101038530299358
gpt2_small,collateral_raw_nodense,primary,logit_entropy,0.29735332310027585,1.77514563779339e-07,0.18614116543699297,0.40047939735011395,300,3,"effect_l2,act_max,frequency",10000,10000,2.3076893291314067e-06,6.035495168497525e-07
gpt2_small,collateral_raw_nodense,primary,logit_top10_mass,-0.10496004060746673,0.07088509491022939,-0.22035072507599016,0.011826526737817178,300,3,"effect_l2,act_max,frequency",10000,10000,0.6328635429537282,0.12050466134738995
gpt2_small,collateral_raw_nodense,robust,crowding,0.5241461244448369,1.9803449659866289e-22,0.42719462124249885,0.6112495413390822,300,2,"frequency,act_max",10000,10000,3.366586442177269e-21,3.366586442177269e-21
gpt2_small,collateral_raw_nodense,robust,crowd_max,0.38084370983094373,1.011133378961985e-11,0.26640627602589523,0.4866886804240778,300,2,"frequency,act_max",10000,10000,1.5167000684429774e-10,5.729755814117915e-11
gpt2_small,collateral_raw_nodense,robust,dec_norm,-0.05382429307781479,0.35448873583184654,-0.16917462967114805,0.061144510777592614,300,2,"frequency,act_max",10000,10000,1.0,0.5021923757617827
gpt2_small,collateral_raw_nodense,robust,enc_norm,0.10145491570267631,0.08037107067557482,-0.01086622221080731,0.2156756105609195,300,2,"frequency,act_max",10000,10000,0.7233396360801734,0.1393051661105379
gpt2_small,collateral_raw_nodense,robust,enc_dec_cos,-0.49476046012075897,8.343498386410045e-20,-0.5788488569726384,-0.3991884748355772,300,2,"frequency,act_max",10000,10000,1.3349597418256072e-18,7.091973628448539e-19
gpt2_small,collateral_raw_nodense,robust,bin_entropy,,,,,300,2,"frequency,act_max",10000,0,,
gpt2_small,collateral_raw_nodense,robust,act_entropy,0.012579898405474665,0.8287861824338947,-0.09867672556779074,0.12421712927927485,300,2,"frequency,act_max",10000,10000,1.0,1.0
gpt2_small,collateral_raw_nodense,robust,act_kurtosis,0.0018652764818614042,0.9744207212685824,-0.11079480615282056,0.11175707059839683,300,2,"frequency,act_max",10000,10000,1.0,1.0
gpt2_small,collateral_raw_nodense,robust,act_mag,0.1239647613209163,0.03241722192542313,0.009844486018839388,0.23066483437343527,300,2,"frequency,act_max",10000,10000,0.3565894411796544,0.0787275389617419
gpt2_small,collateral_raw_nodense,robust,act_mean_firing,-0.008143045377128023,0.8886739790461777,-0.11974820270056047,0.10969722621856237,300,2,"frequency,act_max",10000,10000,1.0,1.0
gpt2_small,collateral_raw_nodense,robust,act_std,0.11446066887190395,0.04837199376531596,-0.005669294730136072,0.22435282813840035,300,2,"frequency,act_max",10000,10000,0.48371993765315957,0.10279048675129641
gpt2_small,collateral_raw_nodense,robust,coact_entropy,-0.35920178880240156,1.667342393814786e-10,-0.4512758394245473,-0.25247956157439677,300,2,"frequency,act_max",10000,10000,2.3342793513407007e-09,7.086205173712841e-10
gpt2_small,collateral_raw_nodense,robust,coact_count,-0.2149472295112342,0.00018492729308244505,-0.32442120241485845,-0.09987304474342924,300,2,"frequency,act_max",10000,10000,0.0022191275169893407,0.0005239606637335943
gpt2_small,collateral_raw_nodense,robust,logit_l2,0.10093411348660775,0.08194421535913994,-0.019044680350349848,0.21707162510603564,300,2,"frequency,act_max",10000,10000,0.7233396360801734,0.1393051661105379
gpt2_small,collateral_raw_nodense,robust,logit_linf,-0.000977173607962334,0.9865979719024538,-0.11832326697607927,0.11656205164254729,300,2,"frequency,act_max",10000,10000,1.0,1.0
gpt2_small,collateral_raw_nodense,robust,logit_entropy,0.24481070773342667,1.9240021779500477e-05,0.13372667153258008,0.3506098954355686,300,2,"frequency,act_max",10000,10000,0.0002501202831335062,6.541607405030161e-05
gpt2_small,collateral_raw_nodense,robust,logit_top10_mass,-0.08792443197184406,0.1299329678823118,-0.20011246998421675,0.028088385093685577,300,2,"frequency,act_max",10000,10000,0.9095307751761825,0.2008054958181182
gpt2_small,collateral_raw_nodense,effect_only,crowding,0.447347120770718,4.0565803068230264e-16,0.34332723193363207,0.5433255217183317,300,1,effect_l2,10000,10000,7.70750258296375e-15,7.70750258296375e-15
gpt2_small,collateral_raw_nodense,effect_only,crowd_max,0.30748255294624477,5.742776841989735e-08,0.19230229218117695,0.4190959263187008,300,1,effect_l2,10000,10000,1.0336998315581522e-06,5.455637999890248e-07
gpt2_small,collateral_raw_nodense,effect_only,dec_norm,-0.042726118155099135,0.4617031701240108,-0.15556140214592212,0.07113209893116239,300,1,effect_l2,10000,10000,1.0,0.5482725145222628
gpt2_small,collateral_raw_nodense,effect_only,enc_norm,0.013316755382533775,0.8186249670416369,-0.10532550559952589,0.13279777004605256,300,1,effect_l2,10000,10000,1.0,0.8641041318772834
gpt2_small,collateral_raw_nodense,effect_only,enc_dec_cos,-0.2932735432898429,2.4182846561352537e-07,-0.4028477385117593,-0.17969536827801508,300,1,effect_l2,10000,10000,3.869255449816406e-06,1.1486852116642455e-06
gpt2_small,collateral_raw_nodense,effect_only,frequency,0.049690002062582166,0.39191455147996856,-0.06354760046244821,0.16296435730211503,300,1,effect_l2,10000,10000,1.0,0.5196915866043879
gpt2_small,collateral_raw_nodense,effect_only,bin_entropy,0.049690002062582166,0.39191455147996856,-0.06354760046244821,0.16296435730211503,300,1,effect_l2,10000,10000,1.0,0.5196915866043879
gpt2_small,collateral_raw_nodense,effect_only,act_entropy,0.04801539920652821,0.40808776598359164,-0.06363633668584565,0.15968627560874818,300,1,effect_l2,10000,10000,1.0,0.5196915866043879
gpt2_small,collateral_raw_nodense,effect_only,act_kurtosis,-0.0320458868768092,0.5809854031020044,-0.1428644093843621,0.0780526284660112,300,1,effect_l2,10000,10000,1.0,0.6493366269963579
gpt2_small,collateral_raw_nodense,effect_only,act_mag,0.04779118645776498,0.4102828315297799,-0.06517053423989513,0.15819068043189136,300,1,effect_l2,10000,10000,1.0,0.5196915866043879
gpt2_small,collateral_raw_nodense,effect_only,act_mean_firing,-0.06895533482746564,0.23453006377207322,-0.1821315044325782,0.049954069371309036,300,1,effect_l2,10000,10000,1.0,0.4456071211669391
gpt2_small,collateral_raw_nodense,effect_only,act_std,0.001927859879614823,0.9735181190162844,-0.11073899412934816,0.11652586115855762,300,1,effect_l2,10000,10000,1.0,0.9735181190162843
gpt2_small,collateral_raw_nodense,effect_only,act_max,-0.04828903140615353,0.4054183322203935,-0.1614772781275696,0.06785730963439505,300,1,effect_l2,10000,10000,1.0,0.5196915866043879
gpt2_small,collateral_raw_nodense,effect_only,coact_entropy,-0.06992777311859594,0.22798111408014118,-0.18282399084646478,0.04759607263810828,300,1,effect_l2,10000,10000,1.0,0.4456071211669391
gpt2_small,collateral_raw_nodense,effect_only,coact_count,-0.19579184182266082,0.0006631334058515276,-0.3028901241235941,-0.08341122672847037,300,1,effect_l2,10000,10000,0.009947001087772914,0.0025199069422358047
gpt2_small,collateral_raw_nodense,effect_only,logit_l2,-0.09109701794771369,0.11597684584823431,-0.20988430557739288,0.036059217542290474,300,1,effect_l2,10000,10000,1.0,0.2754450088895565
gpt2_small,collateral_raw_nodense,effect_only,logit_linf,-0.12319317265451224,0.03322085458294926,-0.233034425755776,-0.006175337227063593,300,1,effect_l2,10000,10000,0.4650919641612896,0.10519937284600599
gpt2_small,collateral_raw_nodense,effect_only,logit_entropy,0.2996750893200676,1.2774660098067888e-07,0.1912734723022472,0.4042700386412657,300,1,effect_l2,10000,10000,2.171692216671541e-06,8.090618062109663e-07
gpt2_small,collateral_raw_nodense,effect_only,logit_top10_mass,-0.10659440415080329,0.06566308903779869,-0.22090062419395376,0.013455459036040937,300,1,effect_l2,10000,10000,0.853620157491383,0.17822838453116788
gpt2_small,collateral_ctilde_nodense,none,crowding,0.3459033989266547,7.398683540677344e-10,0.2370289201661719,0.4493733965825834,300,0,,10000,10000,1.4057498727286955e-08,1.4057498727286955e-08
gpt2_small,collateral_ctilde_nodense,none,crowd_max,0.2514112937724467,1.046253145614692e-05,0.13390204754327184,0.36424131202727217,300,0,,10000,10000,0.00017786303475449765,5.538934163135674e-05
gpt2_small,collateral_ctilde_nodense,none,dec_norm,0.018909328006892778,0.7442873784306429,-0.09096465048077838,0.13173865660828382,300,0,,10000,10000,1.0,0.8137225951494644
gpt2_small,collateral_ctilde_nodense,none,enc_norm,0.026052733919265773,0.6531149465680784,-0.09154316860119219,0.1454564604121723,300,0,,10000,10000,1.0,0.7755739990495931
gpt2_small,collateral_ctilde_nodense,none,enc_dec_cos,-0.25011077900865564,1.166091402765405e-05,-0.361191001753294,-0.13349247737701453,300,0,,10000,10000,0.0001865746244424648,5.538934163135674e-05
gpt2_small,collateral_ctilde_nodense,none,frequency,0.04748769086169061,0.412478573355318,-0.06986351315642929,0.16316112477281308,300,0,,10000,10000,1.0,0.6530910744792535
gpt2_small,collateral_ctilde_nodense,none,bin_entropy,0.04748769086169061,0.412478573355318,-0.06986351315642929,0.16316112477281308,300,0,,10000,10000,1.0,0.6530910744792535
gpt2_small,collateral_ctilde_nodense,none,act_entropy,0.03580306447849421,0.5367490300124839,-0.07990930131384343,0.14941446143345824,300,0,,10000,10000,1.0,0.7755739990495931
gpt2_small,collateral_ctilde_nodense,none,act_kurtosis,-0.016881965355170624,0.7708950901415978,-0.1286199678136943,0.09434283078928761,300,0,,10000,10000,1.0,0.8137225951494644
gpt2_small,collateral_ctilde_nodense,none,act_mag,0.06440782675363058,0.26610626831371703,-0.04913946810598888,0.17580593609368445,300,0,,10000,10000,1.0,0.5056019097960623
gpt2_small,collateral_ctilde_nodense,none,act_mean_firing,-0.03155946177179748,0.5861114987510447,-0.1458354748972041,0.08121033103717087,300,0,,10000,10000,1.0,0.7755739990495931
gpt2_small,collateral_ctilde_nodense,none,act_std,0.028979433104812276,0.6171116276079924,-0.08272016817743567,0.13917147155038262,300,0,,10000,10000,1.0,0.7755739990495931
gpt2_small,collateral_ctilde_nodense,none,act_max,-0.012699252213913478,0.8266125925886916,-0.12518949133001037,0.0999705184353125,300,0,,10000,10000,1.0,0.8266125925886916
gpt2_small,collateral_ctilde_nodense,none,coact_entropy,-0.07148790542117135,0.21697274003978353,-0.18527818372068547,0.04459339203094481,300,0,,10000,10000,1.0,0.4580535623062097
gpt2_small,collateral_ctilde_nodense,none,coact_count,-0.17561716111306722,0.002266864546233795,-0.2863537134460059,-0.05993945368842022,300,0,,10000,10000,0.03400296819350693,0.00861408527568842
gpt2_small,collateral_ctilde_nodense,none,logit_l2,-0.07816975744174934,0.17690221645144158,-0.19694781405938608,0.04155370176947405,300,0,,10000,10000,1.0,0.42014276407217377
gpt2_small,collateral_ctilde_nodense,none,logit_linf,-0.1280925343614929,0.02651991641937615,-0.23839729082760647,-0.013401668276133314,300,0,,10000,10000,0.3712788298712661,0.08397973532802448
gpt2_small,collateral_ctilde_nodense,none,logit_entropy,0.30391236699710583,7.896488596539995e-08,0.19500385135790532,0.4062273896864894,300,0,,10000,10000,1.4213679473771992e-06,7.501664166712995e-07
gpt2_small,collateral_ctilde_nodense,none,logit_top10_mass,-0.11494349937221526,0.04668287372633392,-0.23274330903434268,0.003190814707859625,300,0,,10000,10000,0.606877358442341,0.12671065725719208
gpt2_small,collateral_ctilde_nodense,primary,crowding,0.43112666447098974,7.131547704115733e-15,0.32350796137980886,0.5309488649663715,300,3,"effect_l2,act_max,frequency",10000,10000,1.2123631096996746e-13,6.14047655821095e-14
gpt2_small,collateral_ctilde_nodense,primary,crowd_max,0.31547484374227025,2.753953815053339e-08,0.1925077028464734,0.4296289756755906,300,3,"effect_l2,act_max,frequency",10000,10000,3.855535341074675e-07,1.1704303713976691e-07
gpt2_small,collateral_ctilde_nodense,primary,dec_norm,0.011509797664145612,0.8434156629132068,-0.09895759504251897,0.12353016763751025,300,3,"effect_l2,act_max,frequency",10000,10000,1.0,0.9558710846349677
gpt2_small,collateral_ctilde_nodense,primary,enc_norm,0.09414871483594307,0.10538571022750033,-0.022367315613032217,0.21068719130747052,300,3,"effect_l2,act_max,frequency",10000,10000,0.8430856818200027,0.17915570738675057
gpt2_small,collateral_ctilde_nodense,primary,enc_dec_cos,-0.4310452890443659,7.22409006848347e-15,-0.5252592238290631,-0.3251759416991553,300,3,"effect_l2,act_max,frequency",10000,10000,1.2123631096996746e-13,6.14047655821095e-14
gpt2_small,collateral_ctilde_nodense,primary,bin_entropy,,,,,300,3,"effect_l2,act_max,frequency",10000,0,,
gpt2_small,collateral_ctilde_nodense,primary,act_entropy,-0.0204567893814382,0.7255163218078254,-0.13016498572765337,0.09139583617131741,300,3,"effect_l2,act_max,frequency",10000,10000,1.0,0.8891219588035286
gpt2_small,collateral_ctilde_nodense,primary,act_kurtosis,0.019937193153672386,0.732218083720553,-0.08491120524864251,0.12638582895227174,300,3,"effect_l2,act_max,frequency",10000,10000,1.0,0.8891219588035286
gpt2_small,collateral_ctilde_nodense,primary,act_mag,0.11496253431503771,0.0477663480964535,0.007567142802797411,0.21371306800079,300,3,"effect_l2,act_max,frequency",10000,10000,0.5254298290609885,0.11600398823424421
gpt2_small,collateral_ctilde_nodense,primary,act_mean_firing,-0.00713638074739828,0.90252752079371,-0.1177403915366622,0.10794646919549027,300,3,"effect_l2,act_max,frequency",10000,10000,1.0,0.9589354908433169
gpt2_small,collateral_ctilde_nodense,primary,act_std,0.10019382119541227,0.08474978083608231,-0.008630788453221353,0.20262017987035275,300,3,"effect_l2,act_max,frequency",10000,10000,0.7627480275247408,0.16008291935704438
gpt2_small,collateral_ctilde_nodense,primary,coact_entropy,-0.36300240922590626,1.1121746900715134e-10,-0.4579526848070326,-0.2534988658820249,300,3,"effect_l2,act_max,frequency",10000,10000,1.66826203510727e-09,6.302323243738576e-10
gpt2_small,collateral_ctilde_nodense,primary,coact_count,-0.19393883457363553,0.000779013882820392,-0.3055217858340725,-0.07591147686006042,300,3,"effect_l2,act_max,frequency",10000,10000,0.009348166593844704,0.002207206001324444
gpt2_small,collateral_ctilde_nodense,primary,logit_l2,0.024320126545055956,0.676371375397638,-0.0848355155823065,0.13652039001283378,300,3,"effect_l2,act_max,frequency",10000,10000,1.0,0.8891219588035286
gpt2_small,collateral_ctilde_nodense,primary,logit_linf,-0.07079415490880707,0.2238225620861451,-0.18297285944244612,0.04527570317543896,300,3,"effect_l2,act_max,frequency",10000,10000,1.0,0.34590759595131515
gpt2_small,collateral_ctilde_nodense,primary,logit_entropy,0.29102921105437046,3.3029002260292663e-07,0.17767802780663483,0.3964368844098124,300,3,"effect_l2,act_max,frequency",10000,10000,4.293770293838046e-06,1.1229860768499505e-06
gpt2_small,collateral_ctilde_nodense,primary,logit_top10_mass,-0.10957928614088272,0.05927131942498222,-0.22452036928633712,0.007314931333733733,300,3,"effect_l2,act_max,frequency",10000,10000,0.5927131942498222,0.12595155377808723
gpt2_small,collateral_ctilde_nodense,robust,crowding,0.36306581029349877,1.0263737772854926e-10,0.2552244356805022,0.46371448617884736,300,2,"frequency,act_max",10000,10000,1.7448354213853375e-09,1.7448354213853375e-09
gpt2_small,collateral_ctilde_nodense,robust,crowd_max,0.27401291024265045,1.5665962997557226e-06,0.15591942024771613,0.38295780716937805,300,2,"frequency,act_max",10000,10000,2.0365751896824393e-05,5.3264274191694565e-06
gpt2_small,collateral_ctilde_nodense,robust,dec_norm,0.020461953028711226,0.725002972075002,-0.0886051313987827,0.1308969831488325,300,2,"frequency,act_max",10000,10000,1.0,0.7815115846667274
gpt2_small,collateral_ctilde_nodense,robust,enc_norm,0.08813075923135621,0.12903108045269684,-0.029347013501816368,0.20444820487482035,300,2,"frequency,act_max",10000,10000,0.9669441932118203,0.1994116697905315
gpt2_small,collateral_ctilde_nodense,robust,enc_dec_cos,-0.3446272303105432,9.81130100980081e-10,-0.4477439525510417,-0.23388878477383077,300,2,"frequency,act_max",10000,10000,1.5698081615681295e-08,8.339605858330688e-09
gpt2_small,collateral_ctilde_nodense,robust,bin_entropy,,,,,300,2,"frequency,act_max",10000,0,,
gpt2_small,collateral_ctilde_nodense,robust,act_entropy,-0.039893671067258114,0.4926813338894449,-0.15100526685190255,0.07208411831345063,300,2,"frequency,act_max",10000,10000,1.0,0.6442755904708126
gpt2_small,collateral_ctilde_nodense,robust,act_kurtosis,0.03515670808410629,0.545487905059423,-0.07205483616118384,0.14399046082271613,300,2,"frequency,act_max",10000,10000,1.0,0.6623781704292994
gpt2_small,collateral_ctilde_nodense,robust,act_mag,0.10959303406273911,0.058809669046045954,-0.0023025159088902406,0.2133873554389587,300,2,"frequency,act_max",10000,10000,0.5292870214144136,0.11108493042030904
gpt2_small,collateral_ctilde_nodense,robust,act_mean_firing,-0.019646881074477103,0.7355403149804494,-0.13635553155270178,0.09476262204021979,300,2,"frequency,act_max",10000,10000,1.0,0.7815115846667274
gpt2_small,collateral_ctilde_nodense,robust,act_std,0.09005096984065172,0.12086802415147754,-0.02393753555037477,0.1942196627524902,300,2,"frequency,act_max",10000,10000,0.9669441932118203,0.1994116697905315
gpt2_small,collateral_ctilde_nodense,robust,coact_entropy,-0.33552260261090605,2.8369001955351434e-09,-0.4292233900373587,-0.2278960021973437,300,2,"frequency,act_max",10000,10000,4.255350293302715e-08,1.6075767774699146e-08
gpt2_small,collateral_ctilde_nodense,robust,coact_count,-0.1777117570072047,0.002073933010069686,-0.28806959376063695,-0.06421075983133868,300,2,"frequency,act_max",10000,10000,0.02488719612083623,0.005876143528530778
gpt2_small,collateral_ctilde_nodense,robust,logit_l2,-0.07460692745734179,0.1990394429805148,-0.19061134722574807,0.0414730790763056,300,2,"frequency,act_max",10000,10000,1.0,0.281972544222396
gpt2_small,collateral_ctilde_nodense,robust,logit_linf,-0.12373005752167851,0.0327490733839808,-0.23541260183636337,-0.009478409435611079,300,2,"frequency,act_max",10000,10000,0.36023980722378884,0.0795334639325248
gpt2_small,collateral_ctilde_nodense,robust,logit_entropy,0.3050742535447367,7.748509995135188e-08,0.19558366320968998,0.40984148155461386,300,2,"frequency,act_max",10000,10000,1.0847913993189263e-06,3.2931167479324547e-07
gpt2_small,collateral_ctilde_nodense,robust,logit_top10_mass,-0.11449707653776908,0.04830017883293378,-0.2316880298068684,0.003356225460370681,300,2,"frequency,act_max",10000,10000,0.48300178832933777,0.10263788001998428
gpt2_small,collateral_ctilde_nodense,effect_only,crowding,0.39950151198785455,6.956706863158796e-13,0.29185845817508743,0.500786692166652,300,1,effect_l2,10000,10000,1.3217743040001713e-11,1.3217743040001713e-11
gpt2_small,collateral_ctilde_nodense,effect_only,crowd_max,0.28100872173506075,7.868097585378822e-07,0.16168743786806447,0.39566073895502957,300,1,effect_l2,10000,10000,1.2588956136606115e-05,3.7373463530549404e-06
gpt2_small,collateral_ctilde_nodense,effect_only,dec_norm,0.010067026119197207,0.8623760061174317,-0.10283192315115879,0.12225344341579664,300,1,effect_l2,10000,10000,1.0,0.9042736631518895
gpt2_small,collateral_ctilde_nodense,effect_only,enc_norm,0.010514211941798048,0.8563273935728941,-0.11213196398402654,0.12993152487417003,300,1,effect_l2,10000,10000,1.0,0.9042736631518895
gpt2_small,collateral_ctilde_nodense,effect_only,enc_dec_cos,-0.2844611935424695,5.676703997596577e-07,-0.39201484977162676,-0.1698675872507741,300,1,effect_l2,10000,10000,9.650396795914181e-06,3.595245865144498e-06
gpt2_small,collateral_ctilde_nodense,effect_only,frequency,0.08077792575883855,0.16355692132535013,-0.0338327183859801,0.19102038322481285,300,1,effect_l2,10000,10000,1.0,0.31075815051816524
gpt2_small,collateral_ctilde_nodense,effect_only,bin_entropy,0.08077792575883855,0.16355692132535013,-0.0338327183859801,0.19102038322481285,300,1,effect_l2,10000,10000,1.0,0.31075815051816524
gpt2_small,collateral_ctilde_nodense,effect_only,act_entropy,0.07352599429967756,0.204878490666657,-0.04074941493409267,0.18497923817448236,300,1,effect_l2,10000,10000,1.0,0.3538810293333166
gpt2_small,collateral_ctilde_nodense,effect_only,act_kurtosis,-0.0509180679390887,0.38030361481082153,-0.16281365788182114,0.06369958360262477,300,1,effect_l2,10000,10000,1.0,0.571960597468978
gpt2_small,collateral_ctilde_nodense,effect_only,act_mag,0.08365761048022037,0.14900728861585946,-0.02684417235637346,0.19350720198486554,300,1,effect_l2,10000,10000,1.0,0.31075815051816524
gpt2_small,collateral_ctilde_nodense,effect_only,act_mean_firing,-0.03732173111775067,0.5203059196371398,-0.15383039175055938,0.07752042258807668,300,1,effect_l2,10000,10000,1.0,0.6590541648737104
gpt2_small,collateral_ctilde_nodense,effect_only,act_std,0.037871852438459364,0.5141711481174932,-0.07323316252468605,0.14793631422228412,300,1,effect_l2,10000,10000,1.0,0.6590541648737104
gpt2_small,collateral_ctilde_nodense,effect_only,act_max,-0.0154163835606938,0.7906448143764101,-0.13019678222574377,0.09911313141583993,300,1,effect_l2,10000,10000,1.0,0.9042736631518895
gpt2_small,collateral_ctilde_nodense,effect_only,coact_entropy,-0.049750095078811445,0.3913414614261428,-0.16170712322170938,0.06320993317085022,300,1,effect_l2,10000,10000,1.0,0.571960597468978
gpt2_small,collateral_ctilde_nodense,effect_only,coact_count,-0.19067874165018958,0.0009204114686370489,-0.30227836897983773,-0.07300189801274513,300,1,effect_l2,10000,10000,0.013806172029555733,0.003497563580820786
gpt2_small,collateral_ctilde_nodense,effect_only,logit_l2,0.006984242660193077,0.9042736631518895,-0.10525861975399414,0.12089878555475217,300,1,effect_l2,10000,10000,1.0,0.9042736631518895
gpt2_small,collateral_ctilde_nodense,effect_only,logit_linf,-0.08359067239126244,0.14933394561428143,-0.19565916665292302,0.03023932521205776,300,1,effect_l2,10000,10000,1.0,0.31075815051816524
gpt2_small,collateral_ctilde_nodense,effect_only,logit_entropy,0.2907206268678504,3.105724823961375e-07,0.17830012054112826,0.39413342331624734,300,1,effect_l2,10000,10000,5.590304683130475e-06,2.9504385827633064e-06
gpt2_small,collateral_ctilde_nodense,effect_only,logit_top10_mass,-0.11064145312548888,0.056001100877575365,-0.22820386592156294,0.004949510338015952,300,1,effect_l2,10000,10000,0.7840154122860551,0.1773368194456553
gpt2_small,resid_delta_norm,none,crowding,0.3284778719763553,5.60403924474335e-09,0.22326147777170557,0.4278711004668657,300,0,,10000,10000,1.0647674565012366e-07,1.0647674565012366e-07
gpt2_small,resid_delta_norm,none,crowd_max,0.2001329348399331,0.00048796211276594024,0.08778898081151122,0.3104321920785356,300,0,,10000,10000,0.005855545353191283,0.0011589100178191081
gpt2_small,resid_delta_norm,none,dec_norm,-0.12042924108787548,0.037089179913238915,-0.23470451926744546,-0.005511318363511229,300,0,,10000,10000,0.2225350794794335,0.050335315596538525
gpt2_small,resid_delta_norm,none,enc_norm,-0.09414504605606729,0.10364174065143517,-0.2005948358997597,0.014575109010185619,300,0,,10000,10000,0.41456696260574066,0.12307456702357926
gpt2_small,resid_delta_norm,none,enc_dec_cos,-0.22897854420604674,6.260357123897951e-05,-0.3345797430899748,-0.11651753969538199,300,0,,10000,10000,0.0008764499973457131,0.00019824464225676845
gpt2_small,resid_delta_norm,none,frequency,0.2845623000632053,5.381423487821371e-07,0.1730640075452944,0.38827912250235347,300,0,,10000,10000,9.686562278078468e-06,3.408234875620201e-06
gpt2_small,resid_delta_norm,none,bin_entropy,0.2845623000632053,5.381423487821371e-07,0.1730640075452944,0.38827912250235347,300,0,,10000,10000,9.686562278078468e-06,3.408234875620201e-06
gpt2_small,resid_delta_norm,none,act_entropy,0.27383370926343625,1.4683574407270261e-06,0.1644391414267978,0.3774419564446497,300,0,,10000,10000,2.349371905163242e-05,6.974697843453374e-06
gpt2_small,resid_delta_norm,none,act_kurtosis,-0.21648418315759063,0.0001575412669460808,-0.32501036528311167,-0.10093708110188562,300,0,,10000,10000,0.0020480364702990506,0.0004276120102822193
gpt2_small,resid_delta_norm,none,act_mag,0.22991899909999,5.827974945801532e-05,0.11417468671026623,0.3391258093232747,300,0,,10000,10000,0.0008741962418702297,0.00019824464225676845
gpt2_small,resid_delta_norm,none,act_mean_firing,-0.0020142446027178102,0.9722853663133708,-0.12145255358853982,0.11240869504837633,300,0,,10000,10000,1.0,0.9722853663133708
gpt2_small,resid_delta_norm,none,act_std,0.14907587862087357,0.009716592916093515,0.03349022752475053,0.25957242834197686,300,0,,10000,10000,0.07773274332874812,0.015384605450481398
gpt2_small,resid_delta_norm,none,act_max,0.05591528794764386,0.33444794127310207,-0.05807185700958568,0.1663408154188174,300,0,,10000,10000,1.0,0.373794757893467
gpt2_small,resid_delta_norm,none,coact_entropy,0.17182679807553417,0.0028270653111490372,0.05964050236961402,0.28377917859533286,300,0,,10000,10000,0.03109771842263941,0.005968248990203522
gpt2_small,resid_delta_norm,none,coact_count,-0.14341258142986876,0.012901561763929202,-0.257880233341665,-0.02413240940736909,300,0,,10000,10000,0.09031093234750441,0.018856128731896526
gpt2_small,resid_delta_norm,none,logit_l2,0.1697952199468883,0.003176578731188186,0.04764291087332713,0.2951140287816954,300,0,,10000,10000,0.031765787311881864,0.006035499589257554
gpt2_small,resid_delta_norm,none,logit_linf,0.16067334081489795,0.005279410482207396,0.0408346263387797,0.27747609586296307,300,0,,10000,10000,0.04751469433986657,0.009118981741994594
gpt2_small,resid_delta_norm,none,logit_entropy,-0.012174583775792776,0.8336696665064662,-0.12666364235457533,0.10168727595049758,300,0,,10000,10000,1.0,0.8799846479790477
gpt2_small,resid_delta_norm,none,logit_top10_mass,0.11598262202913366,0.04472086545720906,0.0030861810404364453,0.22814693014402665,300,0,,10000,10000,0.2236043272860453,0.05664642957913148
gpt2_small,resid_delta_norm,primary,crowding,0.2744415001708531,1.5692014284602284e-06,0.1606675700082691,0.3842471487092605,300,3,"effect_l2,act_max,frequency",10000,10000,2.5107222855363654e-05,1.333821214191194e-05
gpt2_small,resid_delta_norm,primary,crowd_max,0.16640188668886555,0.004031315996153326,0.04753132234729924,0.2758881843956144,300,3,"effect_l2,act_max,frequency",10000,10000,0.05240710794999324,0.013706474386921307
gpt2_small,resid_delta_norm,primary,dec_norm,-0.1198485097535014,0.0390018201397899,-0.23168274560048888,-0.0029592972802538753,300,3,"effect_l2,act_max,frequency",10000,10000,0.4290200215376889,0.08743130384600503
gpt2_small,resid_delta_norm,primary,enc_norm,0.04986218522136632,0.3918769759128239,-0.07457660889542772,0.17259964309645487,300,3,"effect_l2,act_max,frequency",10000,10000,1.0,0.5423461161669327
gpt2_small,resid_delta_norm,primary,enc_dec_cos,-0.3218552479924164,1.386221793081078e-08,-0.4372806882502826,-0.19662333097325527,300,3,"effect_l2,act_max,frequency",10000,10000,2.3565770482378329e-07,2.3565770482378329e-07
gpt2_small,resid_delta_norm,primary,bin_entropy,,,,,300,3,"effect_l2,act_max,frequency",10000,0,,
gpt2_small,resid_delta_norm,primary,act_entropy,-0.047498852623328085,0.4147352653041251,-0.15662709884371898,0.06818976630038356,300,3,"effect_l2,act_max,frequency",10000,10000,1.0,0.5423461161669327
gpt2_small,resid_delta_norm,primary,act_kurtosis,0.02023562382654281,0.728366397968698,-0.09707687244229164,0.13792522027851353,300,3,"effect_l2,act_max,frequency",10000,10000,1.0,0.8254819176978576
gpt2_small,resid_delta_norm,primary,act_mag,0.07372994671615204,0.20515320984624255,-0.04794515095432261,0.18621973225946842,300,3,"effect_l2,act_max,frequency",10000,10000,1.0,0.34876045673861233
gpt2_small,resid_delta_norm,primary,act_mean_firing,0.006659784463567169,0.9090079676555515,-0.11335027694654082,0.12626319439878092,300,3,"effect_l2,act_max,frequency",10000,10000,1.0,0.9658209656340234
gpt2_small,resid_delta_norm,primary,act_std,0.06417141677621373,0.2702951088195727,-0.05402825995216817,0.17445365783702874,300,3,"effect_l2,act_max,frequency",10000,10000,1.0,0.41772880453933964
gpt2_small,resid_delta_norm,primary,coact_entropy,-0.2668557674659869,3.0955898820510693e-06,-0.35753137606642965,-0.16174547202623724,300,3,"effect_l2,act_max,frequency",10000,10000,4.643384823076604e-05,1.7541675998289393e-05
gpt2_small,resid_delta_norm,primary,coact_count,-0.11857485939143109,0.04114414298635531,-0.228889909246661,-0.0009803514044497094,300,3,"effect_l2,act_max,frequency",10000,10000,0.4290200215376889,0.08743130384600503
gpt2_small,resid_delta_norm,primary,logit_l2,-0.2335752673430509,4.808313866575474e-05,-0.3359248028750462,-0.12280159274487888,300,3,"effect_l2,act_max,frequency",10000,10000,0.0006731639413205664,0.00020435333932945765
gpt2_small,resid_delta_norm,primary,logit_linf,-0.026212887755888554,0.6527702351660831,-0.14594726958565357,0.09443136838285333,300,3,"effect_l2,act_max,frequency",10000,10000,1.0,0.7926495712731009
gpt2_small,resid_delta_norm,primary,logit_entropy,0.0951496613084674,0.10171830139040133,-0.02991260744145258,0.21902858545491397,300,3,"effect_l2,act_max,frequency",10000,10000,0.915464712513612,0.19213456929298028
gpt2_small,resid_delta_norm,primary,logit_top10_mass,0.12776223384006125,0.027696447211090238,0.004495370674845048,0.24501805879378663,300,3,"effect_l2,act_max,frequency",10000,10000,0.33235736653308284,0.07847326709808901
gpt2_small,resid_delta_norm,robust,crowding,0.370307409564495,4.061877711405543e-11,0.25971740349300304,0.47122288555652747,300,2,"frequency,act_max",10000,10000,6.499004338248869e-10,3.4525960546947117e-10
gpt2_small,resid_delta_norm,robust,crowd_max,0.23891691240980967,3.0792844806640055e-05,0.12030979941358234,0.3497977912965305,300,2,"frequency,act_max",10000,10000,0.00043109982729296075,0.00013086959042822024
gpt2_small,resid_delta_norm,robust,dec_norm,-0.12414192083164018,0.03216863536748797,-0.2394284888022499,-0.00748013611320197,300,2,"frequency,act_max",10000,10000,0.32168635367487974,0.06802258151035391
gpt2_small,resid_delta_norm,robust,enc_norm,0.05408269856729706,0.3521798147670325,-0.06362787232592365,0.17113905931031562,300,2,"frequency,act_max",10000,10000,1.0,0.49742190823151905
gpt2_small,resid_delta_norm,robust,enc_dec_cos,-0.43951337816227215,1.6620659169260023e-15,-0.5294948539746964,-0.3350895388372031,300,2,"frequency,act_max",10000,10000,2.8255120587742038e-14,2.8255120587742038e-14
gpt2_small,resid_delta_norm,robust,bin_entropy,,,,,300,2,"frequency,act_max",10000,0,,
gpt2_small,resid_delta_norm,robust,act_entropy,0.036457014190187716,0.5307188178988654,-0.0677886730152984,0.14197440879175868,300,2,"frequency,act_max",10000,10000,1.0,0.6014813269520475
gpt2_small,resid_delta_norm,robust,act_kurtosis,-0.04145233219141252,0.4759217017553965,-0.15334218848716155,0.07087487889517109,300,2,"frequency,act_max",10000,10000,1.0,0.5779049235601244
gpt2_small,resid_delta_norm,robust,act_mag,0.06865264324893515,0.23738744380906163,-0.04461330016786745,0.1763186943251121,300,2,"frequency,act_max",10000,10000,1.0,0.3668715040685498
gpt2_small,resid_delta_norm,robust,act_mean_firing,0.05099571576741889,0.38038145923586747,-0.06204811308636137,0.16089782804833155,300,2,"frequency,act_max",10000,10000,1.0,0.49742190823151905
gpt2_small,resid_delta_norm,robust,act_std,0.07925060189876175,0.17241817866596057,-0.039728279335496865,0.1901283732519567,300,2,"frequency,act_max",10000,10000,1.0,0.293110903732133
gpt2_small,resid_delta_norm,robust,coact_entropy,-0.27224431306380237,1.8393317379470228e-06,-0.3687055280801356,-0.15789337403919315,300,2,"frequency,act_max",10000,10000,2.7589976069205342e-05,1.0422879848366462e-05
gpt2_small,resid_delta_norm,robust,coact_count,-0.13566427121104607,0.019133092548757204,-0.24712785478090923,-0.017970816245856763,300,2,"frequency,act_max",10000,10000,0.21046401803632925,0.04646608190412464
gpt2_small,resid_delta_norm,robust,logit_l2,0.19451311945422553,0.0007354607631697471,0.07341595188359866,0.3134604409086416,300,2,"frequency,act_max",10000,10000,0.009560989921206712,0.00250056659477714
gpt2_small,resid_delta_norm,robust,logit_linf,0.19127123635754398,0.0009044765527107596,0.07334449380014134,0.30812893859508095,300,2,"frequency,act_max",10000,10000,0.010853718632529116,0.002562683566013819
gpt2_small,resid_delta_norm,robust,logit_entropy,-0.0033329571739000967,0.9543109105378497,-0.12287747301328374,0.11426659667727047,300,2,"frequency,act_max",10000,10000,1.0,1.0
gpt2_small,resid_delta_norm,robust,logit_top10_mass,0.12152413716950976,0.03601195491724619,0.005630025910270903,0.2368989070300353,300,2,"frequency,act_max",10000,10000,0.3241075942552157,0.06802258151035391
gpt2_small,resid_delta_norm,effect_only,crowding,0.24421519997666027,1.9545812001293587e-05,0.12483759994775827,0.3542705134469062,300,1,effect_l2,10000,10000,0.00035182461602328456,0.00018568521401228906
gpt2_small,resid_delta_norm,effect_only,crowd_max,0.14625556919576835,0.011340369054255436,0.030109247860182004,0.2577819673902375,300,1,effect_l2,10000,10000,0.1247440595968098,0.023940779114539252
gpt2_small,resid_delta_norm,effect_only,dec_norm,-0.11322494310659863,0.050472738070961747,-0.2283689232584064,0.0016804596249008598,300,1,effect_l2,10000,10000,0.3533091664967322,0.07376784794986717
gpt2_small,resid_delta_norm,effect_only,enc_norm,-0.0421533561331834,0.4677349352519666,-0.15591334174986343,0.07320549054103083,300,1,effect_l2,10000,10000,1.0,0.49372020943263134
gpt2_small,resid_delta_norm,effect_only,enc_dec_cos,-0.165713255493743,0.004061571486546494,-0.2850904912988046,-0.0440939226198515,300,1,effect_l2,10000,10000,0.052800429325104425,0.01102426546348334
gpt2_small,resid_delta_norm,effect_only,frequency,0.2200916375143529,0.0001245706509379793,0.10580960141071008,0.32874787724972876,300,1,effect_l2,10000,10000,0.0021177010659456483,0.0005917105919554018
gpt2_small,resid_delta_norm,effect_only,bin_entropy,0.2200916375143529,0.0001245706509379793,0.10580960141071008,0.32874787724972876,300,1,effect_l2,10000,10000,0.0021177010659456483,0.0005917105919554018
gpt2_small,resid_delta_norm,effect_only,act_entropy,0.18321107045614904,0.0014640369121218318,0.06591325046483933,0.2924588103307881,300,1,effect_l2,10000,10000,0.020496516769705646,0.004636116888385801
gpt2_small,resid_delta_norm,effect_only,act_kurtosis,-0.11908752224790983,0.039597897561303066,-0.23219138001881745,0.0008458425358585963,300,1,effect_l2,10000,10000,0.31678318049042453,0.06269667113872986
gpt2_small,resid_delta_norm,effect_only,act_mag,0.21469501244231504,0.00018359259548706016,0.10288342286981725,0.3218046732896103,300,1,effect_l2,10000,10000,0.0027538889323059025,0.0006976518628508286
gpt2_small,resid_delta_norm,effect_only,act_mean_firing,0.025195226976700076,0.664353628157767,-0.09801356300532547,0.14695370488971327,300,1,effect_l2,10000,10000,1.0,0.664353628157767
gpt2_small,resid_delta_norm,effect_only,act_std,0.1551957252118679,0.007174081283238056,0.04051113889424573,0.26532966027541127,300,1,effect_l2,10000,10000,0.08608897539885667,0.017038443047690383
gpt2_small,resid_delta_norm,effect_only,act_max,0.08814103079309031,0.12834066897883872,-0.03143803992387078,0.20583872739349468,300,1,effect_l2,10000,10000,0.6417033448941936,0.1611045326965312
gpt2_small,resid_delta_norm,effect_only,coact_entropy,0.10865159705901349,0.06059338551225349,-0.006732613571435044,0.21956234612897363,300,1,effect_l2,10000,10000,0.36356031307352094,0.08223388033805831
gpt2_small,resid_delta_norm,effect_only,coact_count,-0.12853548172376827,0.026249298120775196,-0.2413946889965171,-0.015692972014081704,300,1,effect_l2,10000,10000,0.26249298120775194,0.04987366642947287
gpt2_small,resid_delta_norm,effect_only,logit_l2,-0.25702007809471,6.7467472953391675e-06,-0.3570559409254345,-0.14425934496062354,300,1,effect_l2,10000,10000,0.00012818819861144419,0.00012818819861144419
gpt2_small,resid_delta_norm,effect_only,logit_linf,-0.050912137433190285,0.3803591754336357,-0.16402737624423094,0.0694177702466329,300,1,effect_l2,10000,10000,1.0,0.42510731371994576
gpt2_small,resid_delta_norm,effect_only,logit_entropy,0.08649218869958336,0.13566697490234206,-0.03750179921133678,0.20691220166282137,300,1,effect_l2,10000,10000,0.6417033448941936,0.1611045326965312
gpt2_small,resid_delta_norm,effect_only,logit_top10_mass,0.12364376831242428,0.03257744100239188,0.002913784489352586,0.23966344424545222,300,1,effect_l2,10000,10000,0.2931969690215269,0.056270125367767786
gpt2_small,resid_error_delta_norm,none,crowding,0.4936099289992111,7.876503148568176e-20,0.3899334616298985,0.5839957201161899,300,0,,10000,10000,1.4177705667422716e-18,7.482677991139768e-19
gpt2_small,resid_error_delta_norm,none,crowd_max,0.4124995638839564,9.391375594704635e-14,0.304809841427956,0.5079816322130076,300,0,,10000,10000,1.596533851099788e-12,5.947871209979602e-13
gpt2_small,resid_error_delta_norm,none,dec_norm,-0.08062565009045418,0.16364519940486918,-0.19318683586543814,0.03468521589899424,300,0,,10000,10000,0.7731056873204436,0.19432867429328216
gpt2_small,resid_error_delta_norm,none,enc_norm,0.3290076556406183,5.279202674732694e-09,0.22113489781572043,0.43268251055713536,300,0,,10000,10000,8.446724279572311e-08,2.5076212704980298e-08
gpt2_small,resid_error_delta_norm,none,enc_dec_cos,-0.5806811186790964,1.9259412696933898e-28,-0.661503564472236,-0.48973717484288476,300,0,,10000,10000,3.659288412417441e-27,3.659288412417441e-27
gpt2_small,resid_error_delta_norm,none,frequency,-0.1825992207012399,0.00149190433987198,-0.2940717355040737,-0.06847593297519532,300,0,,10000,10000,0.01790285207846376,0.0031495758286186246
gpt2_small,resid_error_delta_norm,none,bin_entropy,-0.1825992207012399,0.00149190433987198,-0.2940717355040737,-0.06847593297519532,300,0,,10000,10000,0.01790285207846376,0.0031495758286186246
gpt2_small,resid_error_delta_norm,none,act_entropy,-0.17389037655973955,0.0025081642515383104,-0.28460030155886823,-0.06183504626825349,300,0,,10000,10000,0.025081642515383105,0.00476551207792279
gpt2_small,resid_error_delta_norm,none,act_kurtosis,0.1325050278336426,0.021698503589770865,0.021207839157815104,0.24231409472167104,300,0,,10000,10000,0.15188952512839604,0.031713197554280495
gpt2_small,resid_error_delta_norm,none,act_mag,0.015679729774775282,0.7868034995743803,-0.10116888077662058,0.13046132125359255,300,0,,10000,10000,1.0,0.7868034995743803
gpt2_small,resid_error_delta_norm,none,act_mean_firing,0.1554012822364693,0.0070010386640097216,0.03851124168921456,0.26836111081182645,300,0,,10000,10000,0.0630093479760875,0.012092703146925883
gpt2_small,resid_error_delta_norm,none,act_std,0.0746061622906921,0.19753071169836817,-0.042399881901009004,0.19027686846880956,300,0,,10000,10000,0.7731056873204436,0.22076961895699973
gpt2_small,resid_error_delta_norm,none,act_max,0.09137079300881121,0.11427025105603168,-0.02599853312399312,0.2057130214368536,300,0,,10000,10000,0.6856215063361901,0.15508105500461442
gpt2_small,resid_error_delta_norm,none,coact_entropy,-0.3161488460982899,2.178284300028452e-08,-0.42182896524130487,-0.2070698126489788,300,0,,10000,10000,3.267426450042678e-07,8.277480340108118e-08
gpt2_small,resid_error_delta_norm,none,coact_count,-0.28715516879985226,4.1953708317854614e-07,-0.38965996280720805,-0.17670656382224897,300,0,,10000,10000,5.873519164499646e-06,1.3285340967320627e-06
gpt2_small,resid_error_delta_norm,none,logit_l2,0.15325592506583408,0.007834608437863651,0.02984786352085403,0.27505643685012776,300,0,,10000,10000,0.0630093479760875,0.012404796693284115
gpt2_small,resid_error_delta_norm,none,logit_linf,0.0388186535405949,0.5029824687022716,-0.08103472121003068,0.15580238157750131,300,0,,10000,10000,1.0,0.5309259391857312
gpt2_small,resid_error_delta_norm,none,logit_entropy,0.19151330287447685,0.0008555303324046402,0.07710041182438386,0.30325522176182756,300,0,,10000,10000,0.011121894321260322,0.0023221537593840235
gpt2_small,resid_error_delta_norm,none,logit_top10_mass,-0.0823840264891832,0.15462113746408873,-0.2008700634981718,0.037439904926813754,300,0,,10000,10000,0.7731056873204436,0.19432867429328216
gpt2_small,resid_error_delta_norm,primary,crowding,0.4327943227387807,5.47144696160797e-15,0.3271848768923647,0.5281558467370224,300,3,"effect_l2,act_max,frequency",10000,10000,8.754315138572752e-14,4.6507299173667743e-14
gpt2_small,resid_error_delta_norm,primary,crowd_max,0.3592007848460459,1.789699291881813e-10,0.24870770552129373,0.45989553283206375,300,3,"effect_l2,act_max,frequency",10000,10000,2.505579008634538e-09,7.606221990497705e-10
gpt2_small,resid_error_delta_norm,primary,dec_norm,-0.07883835467305238,0.17539966142739968,-0.192791775372095,0.03670075828724258,300,3,"effect_l2,act_max,frequency",10000,10000,1.0,0.2484828536888162
gpt2_small,resid_error_delta_norm,primary,enc_norm,0.27870213891922463,1.061719039239935e-06,0.16932968256111758,0.38627050232772764,300,3,"effect_l2,act_max,frequency",10000,10000,1.274062847087922e-05,3.0082039445131493e-06
gpt2_small,resid_error_delta_norm,primary,enc_dec_cos,-0.5355581728942918,1.9095755877217393e-23,-0.6189029669530073,-0.44181675000930953,300,3,"effect_l2,act_max,frequency",10000,10000,3.2462784991269567e-22,3.2462784991269567e-22
gpt2_small,resid_error_delta_norm,primary,bin_entropy,,,,,300,3,"effect_l2,act_max,frequency",10000,0,,
gpt2_small,resid_error_delta_norm,primary,act_entropy,0.016844364797958818,0.7725148744958354,-0.09805651950718682,0.1351312947540973,300,3,"effect_l2,act_max,frequency",10000,10000,1.0,0.8207970541518251
gpt2_small,resid_error_delta_norm,primary,act_kurtosis,-0.023365305246737238,0.6884001686704743,-0.1362591646157042,0.09313543328763857,300,3,"effect_l2,act_max,frequency",10000,10000,1.0,0.7801868578265375
gpt2_small,resid_error_delta_norm,primary,act_mag,0.1556444476652043,0.00720077332332758,0.034593104267047814,0.2631225080730941,300,3,"effect_l2,act_max,frequency",10000,10000,0.07200773323327579,0.015301643312071107
gpt2_small,resid_error_delta_norm,primary,act_mean_firing,0.04791301954490585,0.4106736975738329,-0.06941640812443305,0.16575292333138447,300,3,"effect_l2,act_max,frequency",10000,10000,1.0,0.5370348352888583
gpt2_small,resid_error_delta_norm,primary,act_std,0.12945172936645516,0.02568655650843859,0.00703903839069718,0.23823718353476994,300,3,"effect_l2,act_max,frequency",10000,10000,0.2311790085759473,0.04851905118260622
gpt2_small,resid_error_delta_norm,primary,coact_entropy,-0.39043968404344087,2.96638772110583e-12,-0.47777824565961985,-0.2856797902367171,300,3,"effect_l2,act_max,frequency",10000,10000,4.449581581658745e-11,1.6809530419599704e-11
gpt2_small,resid_error_delta_norm,primary,coact_count,-0.2822582450472073,7.624377299526129e-07,-0.3856067088427112,-0.16862859976932934,300,3,"effect_l2,act_max,frequency",10000,10000,9.911690489383968e-06,2.592288281838884e-06
gpt2_small,resid_error_delta_norm,primary,logit_l2,-0.036046799551079436,0.5360475937897505,-0.15905733669664693,0.09840719025968989,300,3,"effect_l2,act_max,frequency",10000,10000,1.0,0.6509149353161255
gpt2_small,resid_error_delta_norm,primary,logit_linf,-0.09767680436230544,0.09290807391854695,-0.2093051923882948,0.016586847081737122,300,3,"effect_l2,act_max,frequency",10000,10000,0.6503565174298287,0.1435852051468453
gpt2_small,resid_error_delta_norm,primary,logit_entropy,0.25144116513359277,1.1564157302437446e-05,0.13086616747042748,0.3659435464517127,300,3,"effect_l2,act_max,frequency",10000,10000,0.0001272057303268119,2.8084382020205228e-05
gpt2_small,resid_error_delta_norm,primary,logit_top10_mass,-0.10540925322258678,0.06967981203369683,-0.22701380986412756,0.015340578864250384,300,3,"effect_l2,act_max,frequency",10000,10000,0.5574384962695746,0.1184556804572846
gpt2_small,resid_error_delta_norm,robust,crowding,0.47880186995918356,1.7542936582149227e-18,0.37313090318214276,0.5725950163984456,300,2,"frequency,act_max",10000,10000,2.8068698531438764e-17,1.4911496094826845e-17
gpt2_small,resid_error_delta_norm,robust,crowd_max,0.39118204979698107,2.459195668539378e-12,0.27904713718127555,0.49248036714818655,300,2,"frequency,act_max",10000,10000,3.442873935955129e-11,1.0451581591292356e-11
gpt2_small,resid_error_delta_norm,robust,dec_norm,-0.0908909543378435,0.11742607179161484,-0.20167794839435696,0.02310180053513904,300,2,"frequency,act_max",10000,10000,0.8219825025413039,0.18147665640522292
gpt2_small,resid_error_delta_norm,robust,enc_norm,0.2721197191151694,1.8601673916368608e-06,0.161757091167444,0.3752463714866178,300,2,"frequency,act_max",10000,10000,2.232200869964233e-05,5.270474276304439e-06
gpt2_small,resid_error_delta_norm,robust,enc_dec_cos,-0.5826782718380025,1.72793047065657e-28,-0.6575709590626488,-0.4978854730349539,300,2,"frequency,act_max",10000,10000,2.9374818001161692e-27,2.9374818001161692e-27
gpt2_small,resid_error_delta_norm,robust,bin_entropy,,,,,300,2,"frequency,act_max",10000,0,,
gpt2_small,resid_error_delta_norm,robust,act_entropy,0.051146145216089754,0.37897599105131546,-0.06543089981382647,0.16634464274847907,300,2,"frequency,act_max",10000,10000,1.0,0.444290954538431
gpt2_small,resid_error_delta_norm,robust,act_kurtosis,-0.04976268442900648,0.39202143047508614,-0.16039031641731588,0.06493681730732612,300,2,"frequency,act_max",10000,10000,1.0,0.444290954538431
gpt2_small,resid_error_delta_norm,robust,act_mag,0.15375070019280695,0.007841456248672232,0.0307683195110451,0.2625190128659735,300,2,"frequency,act_max",10000,10000,0.07841456248672232,0.016663094528428492
gpt2_small,resid_error_delta_norm,robust,act_mean_firing,0.06773929118303276,0.2437008009517547,-0.04554243287991493,0.18104138871361053,300,2,"frequency,act_max",10000,10000,1.0,0.3186856627830638
gpt2_small,resid_error_delta_norm,robust,act_std,0.13753804914506546,0.017520596821480168,0.009367987716399814,0.24990518617097432,300,2,"frequency,act_max",10000,10000,0.1451355546307713,0.029785014596516286
gpt2_small,resid_error_delta_norm,robust,coact_entropy,-0.40259687874680894,4.869397786133524e-13,-0.4939157531958189,-0.2986837706140006,300,2,"frequency,act_max",10000,10000,7.304096679200286e-12,2.7593254121423303e-12
gpt2_small,resid_error_delta_norm,robust,coact_count,-0.28936148789014426,3.708947063195215e-07,-0.39551431320150293,-0.17847716085324633,300,2,"frequency,act_max",10000,10000,4.821631182153779e-06,1.2610420014863732e-06
gpt2_small,resid_error_delta_norm,robust,logit_l2,0.1392839155443016,0.016126172736752365,0.014904545802915968,0.2653672167033078,300,2,"frequency,act_max",10000,10000,0.1451355546307713,0.029785014596516286
gpt2_small,resid_error_delta_norm,robust,logit_linf,0.014844402695612437,0.7985754182257853,-0.1029290610695896,0.13488794939590534,300,2,"frequency,act_max",10000,10000,1.0,0.8484863818648969
gpt2_small,resid_error_delta_norm,robust,logit_entropy,0.20020149547937535,0.0005075257784312898,0.08333688156461078,0.31217092555621817,300,2,"frequency,act_max",10000,10000,0.005582783562744188,0.0012325626047617038
gpt2_small,resid_error_delta_norm,robust,logit_top10_mass,-0.08788627199200905,0.1301003030795059,-0.20432316160917452,0.029568230824517733,300,2,"frequency,act_max",10000,10000,0.8219825025413039,0.18430876269596672
gpt2_small,resid_error_delta_norm,effect_only,crowding,0.46125631217439406,3.699658332469517e-17,0.35769287354064444,0.5537628672487444,300,1,effect_l2,10000,10000,6.65938499844513e-16,3.514675415846041e-16
gpt2_small,resid_error_delta_norm,effect_only,crowd_max,0.3934695246311928,1.6397461609075402e-12,0.28841411359097996,0.49037969483443405,300,1,effect_l2,10000,10000,2.7875684735428183e-11,1.0385059019081087e-11
gpt2_small,resid_error_delta_norm,effect_only,dec_norm,-0.06874404314185566,0.23597038158572264,-0.18411789897261976,0.04746208341970171,300,1,effect_l2,10000,10000,1.0,0.2988958166752487
gpt2_small,resid_error_delta_norm,effect_only,enc_norm,0.369479831603539,4.194387164497105e-11,0.2664044119663948,0.4675775788784042,300,1,effect_l2,10000,10000,6.291580746745658e-10,1.5938671225088997e-10
gpt2_small,resid_error_delta_norm,effect_only,enc_dec_cos,-0.565381574515064,1.1748331843576981e-26,-0.6484636478462429,-0.473770173686483,300,1,effect_l2,10000,10000,2.2321830502796267e-25,2.2321830502796267e-25
gpt2_small,resid_error_delta_norm,effect_only,frequency,-0.24526664516619306,1.7949377172454832e-05,-0.35227228242515723,-0.13465041102721678,300,1,effect_l2,10000,10000,0.00023334190324191282,3.98507609272852e-05
gpt2_small,resid_error_delta_norm,effect_only,bin_entropy,-0.24526664516619306,1.7949377172454832e-05,-0.35227228242515723,-0.13465041102721678,300,1,effect_l2,10000,10000,0.00023334190324191282,3.98507609272852e-05
gpt2_small,resid_error_delta_norm,effect_only,act_entropy,-0.24464562041142415,1.887667622871404e-05,-0.35180275356075547,-0.13621863537501064,300,1,effect_l2,10000,10000,0.00023334190324191282,3.98507609272852e-05
gpt2_small,resid_error_delta_norm,effect_only,act_kurtosis,0.1954055079340219,0.0006799605030469927,0.08794246633185913,0.3016797899102216,300,1,effect_l2,10000,10000,0.006119644527422934,0.0011744772325357146
gpt2_small,resid_error_delta_norm,effect_only,act_mag,-0.013266057090877087,0.8193035897275249,-0.1271320766772692,0.10363765611140921,300,1,effect_l2,10000,10000,1.0,0.8193035897275249
gpt2_small,resid_error_delta_norm,effect_only,act_mean_firing,0.17012911746878023,0.0031671827847566144,0.057301707713938985,0.28299362859649574,300,1,effect_l2,10000,10000,0.025337462278052916,0.005014706075864639
gpt2_small,resid_error_delta_norm,effect_only,act_std,0.06361140996759891,0.27288294494565374,-0.05245905386582221,0.18045947141333377,300,1,effect_l2,10000,10000,1.0,0.3240484971229638
gpt2_small,resid_error_delta_norm,effect_only,act_max,0.09903736882101119,0.08734944151950472,-0.018347101367382303,0.2140577002772097,300,1,effect_l2,10000,10000,0.611446090636533,0.12766456837466073
gpt2_small,resid_error_delta_norm,effect_only,coact_entropy,-0.36998196631960967,3.929762116163446e-11,-0.46974731773858663,-0.2653814264669162,300,1,effect_l2,10000,10000,6.287619385861513e-10,1.5938671225088997e-10
gpt2_small,resid_error_delta_norm,effect_only,coact_count,-0.2788537065320111,9.62495627141952e-07,-0.3839370613142904,-0.16990022769345345,300,1,effect_l2,10000,10000,1.3474938779987328e-05,3.047902819282848e-06
gpt2_small,resid_error_delta_norm,effect_only,logit_l2,0.02133479059763668,0.7133135209487506,-0.10016818152839248,0.15009250611552144,300,1,effect_l2,10000,10000,1.0,0.7529420498903479
gpt2_small,resid_error_delta_norm,effect_only,logit_linf,-0.04428243833604276,0.44553381807257375,-0.15473500981053928,0.06921995251610741,300,1,effect_l2,10000,10000,1.0,0.4979495613752295
gpt2_small,resid_error_delta_norm,effect_only,logit_entropy,0.23236550324914487,4.9747602895431946e-05,0.11656625651794357,0.342423272887786,300,1,effect_l2,10000,10000,0.0004974760289543195,9.45204455013207e-05
gpt2_small,resid_error_delta_norm,effect_only,logit_top10_mass,-0.09546730005270439,0.09942768143944461,-0.21184075402630506,0.023966372687989488,300,1,effect_l2,10000,10000,0.611446090636533,0.13493756766781767
gpt2_small,resid_change_explained_energy,none,crowding,-0.3018922432471472,9.712698812074724e-08,-0.41503461392029556,-0.18179740832952027,300,0,,10000,10000,1.1655238574489668e-06,2.2982827714140478e-07
gpt2_small,resid_change_explained_energy,none,crowd_max,-0.3405798599050873,1.3919304186143856e-09,-0.44612370852891814,-0.228801121520327,300,0,,10000,10000,1.809509544198701e-08,3.778096850524761e-09
gpt2_small,resid_change_explained_energy,none,dec_norm,-0.050518284261639596,0.3832594619439305,-0.16460583218704872,0.06675821370161024,300,0,,10000,10000,0.8929917213799631,0.4045516542741489
gpt2_small,resid_change_explained_energy,none,enc_norm,-0.5026353626151402,1.3025068566199675e-20,-0.5848637923842869,-0.4101337839178803,300,0,,10000,10000,2.3445123419159416e-19,1.237381513788969e-19
gpt2_small,resid_change_explained_energy,none,enc_dec_cos,0.5692716585739842,3.64346345213097e-27,0.47768938040927744,0.6483513805686983,300,0,,10000,10000,6.922580559048843e-26,6.922580559048843e-26
gpt2_small,resid_change_explained_energy,none,frequency,0.3570298625227601,1.899379291381289e-10,0.25335750226415904,0.4522525849432503,300,0,,10000,10000,3.0390068662100625e-09,7.217641307248898e-10
gpt2_small,resid_change_explained_energy,none,bin_entropy,0.3570298625227601,1.899379291381289e-10,0.25335750226415904,0.4522525849432503,300,0,,10000,10000,3.0390068662100625e-09,7.217641307248898e-10
gpt2_small,resid_change_explained_energy,none,act_entropy,0.3427713641262681,1.0746278249918316e-09,0.24128057709620265,0.4375547377433865,300,0,,10000,10000,1.5044789549885642e-08,3.4029881124741333e-09
gpt2_small,resid_change_explained_energy,none,act_kurtosis,-0.26834475938621544,2.4144018849368915e-06,-0.3684965645832368,-0.16200558624107353,300,0,,10000,10000,2.4144018849368916e-05,4.5873635813800944e-06
gpt2_small,resid_change_explained_energy,none,act_mag,0.04073911932354804,0.4820754452268151,-0.07529729789751638,0.15665055826971208,300,0,,10000,10000,0.8929917213799631,0.48207544522681506
gpt2_small,resid_change_explained_energy,none,act_mean_firing,-0.3007722308025645,1.0886602601434963e-07,-0.4030492276290551,-0.19069334312858738,300,0,,10000,10000,1.1975262861578459e-06,2.2982827714140478e-07
gpt2_small,resid_change_explained_energy,none,act_std,-0.088323203591151,0.12691007372072896,-0.20198278247703927,0.028422125455668742,300,0,,10000,10000,0.5076402948829158,0.15070571254336565
gpt2_small,resid_change_explained_energy,none,act_max,-0.18033711485683174,0.0017112740691503775,-0.29253919875964435,-0.06634818668553583,300,0,,10000,10000,0.011978918484052643,0.0025010928702967057
gpt2_small,resid_change_explained_energy,none,coact_entropy,0.46827498083312036,9.346214355531775e-18,0.3716873924382614,0.555663506790432,300,0,,10000,10000,1.5888564404404019e-16,5.919269091836791e-17
gpt2_small,resid_change_explained_energy,none,coact_count,0.24856869646465685,1.3250893796619538e-05,0.1388859346152991,0.3522159891822567,300,0,,10000,10000,0.0001060071503729563,2.09805818446476e-05
gpt2_small,resid_change_explained_energy,none,logit_l2,-0.2508290092112135,1.0983855503372804e-05,-0.36364559294594245,-0.13594393668995727,300,0,,10000,10000,9.885469953035523e-05,1.89721140512803e-05
gpt2_small,resid_change_explained_energy,none,logit_linf,-0.0603255591728797,0.29766390712665436,-0.17691082289891058,0.05932701451009097,300,0,,10000,10000,0.8929917213799631,0.33268319031802546
gpt2_small,resid_change_explained_energy,none,logit_entropy,-0.17814181651190997,0.0019520120686925275,-0.2936512691707434,-0.05999911955970248,300,0,,10000,10000,0.011978918484052643,0.002649159236082716
gpt2_small,resid_change_explained_energy,none,logit_top10_mass,0.13490505450060555,0.019409826037750225,0.01871237732500373,0.2502966472074973,300,0,,10000,10000,0.09704913018875112,0.02458577964781695
gpt2_small,resid_change_explained_energy,primary,crowding,-0.28788037860140653,4.474511523259851e-07,-0.4003031572174205,-0.16866191906135772,300,3,"effect_l2,act_max,frequency",10000,10000,5.369413827911822e-06,1.2677782649236245e-06
gpt2_small,resid_change_explained_energy,primary,crowd_max,-0.30257901821004296,1.0506802972268317e-07,-0.4132981833465497,-0.1805475658655198,300,3,"effect_l2,act_max,frequency",10000,10000,1.3658843863948813e-06,3.5723130105712283e-07
gpt2_small,resid_change_explained_energy,primary,dec_norm,-0.034259688392411815,0.5564626957045795,-0.14663366483628473,0.07882351995470545,300,3,"effect_l2,act_max,frequency",10000,10000,1.0,0.5912416141861158
gpt2_small,resid_change_explained_energy,primary,enc_norm,-0.3430868845465866,1.2551234417732359e-09,-0.4478661150111745,-0.2338750152044354,300,3,"effect_l2,act_max,frequency",10000,10000,1.8826851626598538e-08,7.112366170048337e-09
gpt2_small,resid_change_explained_energy,primary,enc_dec_cos,0.502870301470695,1.9328144703086908e-20,0.40517154738781214,0.5923181941833975,300,3,"effect_l2,act_max,frequency",10000,10000,3.2857845995247743e-19,3.2857845995247743e-19
gpt2_small,resid_change_explained_energy,primary,bin_entropy,,,,,300,3,"effect_l2,act_max,frequency",10000,0,,
gpt2_small,resid_change_explained_energy,primary,act_entropy,-0.10731266830974745,0.06475713051998412,-0.21653654913741818,0.007450631629258844,300,3,"effect_l2,act_max,frequency",10000,10000,0.38854278311990476,0.09173926823664418
gpt2_small,resid_change_explained_energy,primary,act_kurtosis,0.0965196461341267,0.09686347261138636,-0.01802322132807232,0.20583634001880544,300,3,"effect_l2,act_max,frequency",10000,10000,0.48431736305693185,0.1266676180302745
gpt2_small,resid_change_explained_energy,primary,act_mag,-0.1313085067279296,0.023623673855052152,-0.24065927762282593,-0.022132149422944357,300,3,"effect_l2,act_max,frequency",10000,10000,0.16536571698536506,0.036509314139626055
gpt2_small,resid_change_explained_energy,primary,act_mean_firing,-0.1362890227741011,0.018781856274750885,-0.2446885182003899,-0.025649162127517895,300,3,"effect_l2,act_max,frequency",10000,10000,0.15025485019800708,0.031929155667076506
gpt2_small,resid_change_explained_energy,primary,act_std,-0.08215081743950595,0.1578971505894807,-0.19179203403658243,0.02651551500953843,300,3,"effect_l2,act_max,frequency",10000,10000,0.6315886023579228,0.19173225428722657
gpt2_small,resid_change_explained_energy,primary,coact_entropy,0.38527973963064316,6.0197520391473876e-12,0.2763137001756899,0.48030811080085434,300,3,"effect_l2,act_max,frequency",10000,10000,9.63160326263582e-11,5.1167892332752796e-11
gpt2_small,resid_change_explained_energy,primary,coact_count,0.267367999046339,2.9586929586233e-06,0.15294596240297137,0.3725951735047211,300,3,"effect_l2,act_max,frequency",10000,10000,3.25456225448563e-05,7.185397185228014e-06
gpt2_small,resid_change_explained_energy,primary,logit_l2,-0.3302648712648469,5.47210822156183e-09,-0.4242519140122494,-0.22516732975245318,300,3,"effect_l2,act_max,frequency",10000,10000,7.660951510186562e-08,2.3256459941637777e-08
gpt2_small,resid_change_explained_energy,primary,logit_linf,-0.04098647390155363,0.48164127928599226,-0.15437766539692002,0.07185831079219004,300,3,"effect_l2,act_max,frequency",10000,10000,1.0,0.5458601165241246
gpt2_small,resid_change_explained_energy,primary,logit_entropy,-0.1970631569865587,0.0006369901317816739,-0.31252173548645695,-0.077864358531358,300,3,"effect_l2,act_max,frequency",10000,10000,0.006369901317816739,0.0013536040300360572
gpt2_small,resid_change_explained_energy,primary,logit_top10_mass,0.1533605246547523,0.008108894145287024,0.033856310623765706,0.27178464428629495,300,3,"effect_l2,act_max,frequency",10000,10000,0.07298004730758322,0.015316800052208824
gpt2_small,resid_change_explained_energy,robust,crowding,-0.2571184797073889,6.933857761537024e-06,-0.3735679494612225,-0.1344480092658671,300,2,"frequency,act_max",10000,10000,8.32062931384443e-05,1.9645930324354902e-05
gpt2_small,resid_change_explained_energy,robust,crowd_max,-0.283387489743,6.56529746994634e-07,-0.3939581882489277,-0.16038672652473185,300,2,"frequency,act_max",10000,10000,9.191416457924877e-06,2.790251424727195e-06
gpt2_small,resid_change_explained_energy,robust,dec_norm,-0.038056638452856784,0.5128312543211352,-0.15040064544718135,0.07745834411300995,300,2,"frequency,act_max",10000,10000,1.0,0.5812087548972865
gpt2_small,resid_change_explained_energy,robust,enc_norm,-0.3400328916442549,1.6837607559413447e-09,-0.44260323696507753,-0.23002037988113525,300,2,"frequency,act_max",10000,10000,2.5256411339120172e-08,9.541310950334287e-09
gpt2_small,resid_change_explained_energy,robust,enc_dec_cos,0.4504325564411883,2.700794623597665e-16,0.3426361253526514,0.5470050747301096,300,2,"frequency,act_max",10000,10000,4.591350860116031e-15,4.591350860116031e-15
gpt2_small,resid_change_explained_energy,robust,bin_entropy,,,,,300,2,"frequency,act_max",10000,0,,
gpt2_small,resid_change_explained_energy,robust,act_entropy,-0.09775971203308592,0.09207756339907429,-0.2098088559224952,0.014130545359620453,300,2,"frequency,act_max",10000,10000,0.5524653803944457,0.13044321481535523
gpt2_small,resid_change_explained_energy,robust,act_kurtosis,0.08913665227499734,0.12470330502769734,-0.023807134086565374,0.20099091182747753,300,2,"frequency,act_max",10000,10000,0.6235165251384868,0.1630735527285273
gpt2_small,resid_change_explained_energy,robust,act_mag,-0.12938855109835265,0.02550923411127839,-0.2376845702205368,-0.01654577508294215,300,2,"frequency,act_max",10000,10000,0.1976729966300889,0.03942336180833933
gpt2_small,resid_change_explained_energy,robust,act_mean_firing,-0.13009602661853922,0.02470912457876111,-0.24346306550466126,-0.016595821118754357,300,2,"frequency,act_max",10000,10000,0.1976729966300889,0.03942336180833933
gpt2_small,resid_change_explained_energy,robust,act_std,-0.078189905648269,0.17825219322933428,-0.18914513739038602,0.032807235871157525,300,2,"frequency,act_max",10000,10000,0.7130087729173371,0.21644909177847735
gpt2_small,resid_change_explained_energy,robust,coact_entropy,0.3734510248684807,2.696598698426742e-11,0.2665356729201849,0.4656693957013483,300,2,"frequency,act_max",10000,10000,4.3145579174827873e-10,2.2921088936627309e-10
gpt2_small,resid_change_explained_energy,robust,coact_count,0.2604716046511334,5.202972057987214e-06,0.1476514240472505,0.3667438667511553,300,2,"frequency,act_max",10000,10000,6.763863675383379e-05,1.7690104997156526e-05
gpt2_small,resid_change_explained_energy,robust,logit_l2,-0.23834813282894005,3.220246836231526e-05,-0.3512961395153287,-0.1255186854250787,300,2,"frequency,act_max",10000,10000,0.00035422715198546787,7.820599459419421e-05
gpt2_small,resid_change_explained_energy,robust,logit_linf,-0.01376780227148064,0.8129039098943248,-0.13474813377956188,0.10357978429826797,300,2,"frequency,act_max",10000,10000,1.0,0.8637104042627202
gpt2_small,resid_change_explained_energy,robust,logit_entropy,-0.20406572690949462,0.00039217598634861393,-0.31723304876938985,-0.08650167892215162,300,2,"frequency,act_max",10000,10000,0.003921759863486139,0.0008333739709908046
gpt2_small,resid_change_explained_energy,robust,logit_top10_mass,0.15570939921232102,0.007078898725917274,0.03543666797088619,0.26968121012356966,300,2,"frequency,act_max",10000,10000,0.06371008853325547,0.013371253148954852
gpt2_small,resid_change_explained_energy,effect_only,crowding,-0.3462627631491354,7.566066682928454e-10,-0.4555987656548413,-0.2316483339613585,300,1,effect_l2,10000,10000,1.0592493356099836e-08,2.3959211162606773e-09
gpt2_small,resid_change_explained_energy,effect_only,crowd_max,-0.3672319115280292,5.6075316600381045e-11,-0.4704723410403524,-0.25677568333132894,300,1,effect_l2,10000,10000,8.411297490057157e-10,2.1308620308144797e-10
gpt2_small,resid_change_explained_energy,effect_only,dec_norm,-0.04339446641067372,0.4547197565441563,-0.15542177247524167,0.07153696717273798,300,1,effect_l2,10000,10000,0.9094395130883126,0.47998196524105385
gpt2_small,resid_change_explained_energy,effect_only,enc_norm,-0.49646943668921345,5.168724412595915e-20,-0.5805647486874941,-0.40310839213252986,300,1,effect_l2,10000,10000,9.303703942672646e-19,4.910288191966119e-19
gpt2_small,resid_change_explained_energy,effect_only,enc_dec_cos,0.605755764540024,2.4830570637949196e-31,0.5236330464676151,0.6780001962957863,300,1,effect_l2,10000,10000,4.717808421210347e-30,4.717808421210347e-30
gpt2_small,resid_change_explained_energy,effect_only,frequency,0.34016304384925616,1.5569961103835363e-09,0.2370866605208214,0.43671056056101254,300,1,effect_l2,10000,10000,2.024094943498597e-08,3.697865762160899e-09
gpt2_small,resid_change_explained_energy,effect_only,bin_entropy,0.34016304384925616,1.5569961103835363e-09,0.2370866605208214,0.43671056056101254,300,1,effect_l2,10000,10000,2.024094943498597e-08,3.697865762160899e-09
gpt2_small,resid_change_explained_energy,effect_only,act_entropy,0.3234904678878071,1.0349153688507105e-08,0.2189418638201495,0.4224985849765872,300,1,effect_l2,10000,10000,1.1384069057357815e-07,2.1848213342403887e-08
gpt2_small,resid_change_explained_energy,effect_only,act_kurtosis,-0.24809893657558488,1.4241258227840054e-05,-0.35034341569613237,-0.13917056065609915,300,1,effect_l2,10000,10000,0.00011393006582272043,2.254865886074675e-05
gpt2_small,resid_change_explained_energy,effect_only,act_mag,0.02622467721962935,0.6515245106201345,-0.0919739071648333,0.14302985369840376,300,1,effect_l2,10000,10000,0.9094395130883126,0.6515245106201345
gpt2_small,resid_change_explained_energy,effect_only,act_mean_firing,-0.2994844544948165,1.302268785061309e-07,-0.4042061874536764,-0.19072784525272105,300,1,effect_l2,10000,10000,1.302268785061309e-06,2.474310691616487e-07
gpt2_small,resid_change_explained_energy,effect_only,act_std,-0.09644974337322862,0.09597875288461186,-0.21076858920491404,0.018896772101255666,300,1,effect_l2,10000,10000,0.28793625865383554,0.10727037087103679
gpt2_small,resid_change_explained_energy,effect_only,act_max,-0.18003712713200942,0.001773990919457857,-0.29265265804471663,-0.06461668450790611,300,1,effect_l2,10000,10000,0.012417936436205,0.0025927559592076373
gpt2_small,resid_change_explained_energy,effect_only,coact_entropy,0.45776210293722486,6.821859103380843e-17,0.3602299730012053,0.5483968708553086,300,1,effect_l2,10000,10000,1.1597160475747432e-15,4.3205107654745336e-16
gpt2_small,resid_change_explained_energy,effect_only,coact_count,0.2619445245854325,4.413770666512418e-06,0.14967709914044974,0.36773419391428536,300,1,effect_l2,10000,10000,3.972393599861176e-05,7.623785696703267e-06
gpt2_small,resid_change_explained_energy,effect_only,logit_l2,-0.37700053209220175,1.561792111800402e-11,-0.4748230572242041,-0.2676237412480446,300,1,effect_l2,10000,10000,2.4988673788806434e-10,7.41851253105191e-11
gpt2_small,resid_change_explained_energy,effect_only,logit_linf,-0.10803998373718791,0.06206575352944398,-0.21960584266520886,0.01161921126810042,300,1,effect_l2,10000,10000,0.24826301411777593,0.07370308231621472
gpt2_small,resid_change_explained_energy,effect_only,logit_entropy,-0.16464944288870062,0.004308600883147399,-0.28151962404781505,-0.04792325188776155,300,1,effect_l2,10000,10000,0.025851605298884396,0.005847386912842899
gpt2_small,resid_change_explained_energy,effect_only,logit_top10_mass,0.13128919151645035,0.023175455780154702,0.016429528677748072,0.247571660500185,300,1,effect_l2,10000,10000,0.11587727890077351,0.02935557732152929
gpt2_small,stab_anti_frac,none,crowding,0.22969785050924496,5.9270430771369984e-05,0.13481414040182954,0.3146348719345601,300,0,,10000,10000,0.0011261381846560297,0.0011261381846560297
gpt2_small,stab_anti_frac,none,crowd_max,0.2128483608937053,0.0002040920163452629,0.13690179697463087,0.2864959526653307,300,0,,10000,10000,0.0036736562942147324,0.0019388741552799976
gpt2_small,stab_anti_frac,none,dec_norm,-0.14454921582553662,0.012197077321898831,-0.257040242467422,-0.01713529927846422,300,0,,10000,10000,0.20735031447228014,0.07724815637202594
gpt2_small,stab_anti_frac,none,enc_norm,-0.02879583910240213,0.619344593696544,-0.14440848608158077,0.09198183158066907,300,0,,10000,10000,1.0,0.7038222921973329
gpt2_small,stab_anti_frac,none,enc_dec_cos,-0.0618418505209281,0.28566358390878716,-0.16904802552145506,0.04697893565964199,300,0,,10000,10000,1.0,0.5427608094266956
gpt2_small,stab_anti_frac,none,frequency,0.07805061543433954,0.17756502691159423,-0.051210136439131144,0.19879959143015488,300,0,,10000,10000,1.0,0.4282926412223775
gpt2_small,stab_anti_frac,none,bin_entropy,0.07805061543433954,0.17756502691159423,-0.051210136439131144,0.19879959143015488,300,0,,10000,10000,1.0,0.4282926412223775
gpt2_small,stab_anti_frac,none,act_entropy,0.07889994607816916,0.17288005309586754,-0.04653475120262739,0.20060362145354393,300,0,,10000,10000,1.0,0.4282926412223775
gpt2_small,stab_anti_frac,none,act_kurtosis,-0.08243280306658997,0.1543762867718174,-0.21431113661688211,0.054694054080716356,300,0,,10000,10000,1.0,0.4282926412223775
gpt2_small,stab_anti_frac,none,act_mag,0.07426425627314778,0.1995983541702866,-0.04804162904276294,0.19230854354504676,300,0,,10000,10000,1.0,0.4282926412223775
gpt2_small,stab_anti_frac,none,act_mean_firing,-0.03824997085540575,0.509263624611673,-0.14024162513911995,0.07149047692378165,300,0,,10000,10000,1.0,0.6911434905444133
gpt2_small,stab_anti_frac,none,act_std,0.03942916984125468,0.4962848678203279,-0.06395427710191301,0.1426919975560484,300,0,,10000,10000,1.0,0.6911434905444133
gpt2_small,stab_anti_frac,none,act_max,-0.02239582745611514,0.6992477037584847,-0.11232400422086042,0.0725374187447689,300,0,,10000,10000,1.0,0.7038222921973329
gpt2_small,stab_anti_frac,none,coact_entropy,0.07372758643546129,0.2028754616316525,-0.06208819768364192,0.19860346484467975,300,0,,10000,10000,1.0,0.4282926412223775
gpt2_small,stab_anti_frac,none,coact_count,0.023870385628681354,0.6805007691995301,-0.08939748378783749,0.13204519850149493,300,0,,10000,10000,1.0,0.7038222921973329
gpt2_small,stab_anti_frac,none,logit_l2,-0.04213042557971795,0.4672278641901409,-0.17367840049608024,0.09204226625283608,300,0,,10000,10000,1.0,0.6911434905444133
gpt2_small,stab_anti_frac,none,logit_linf,0.022556986406391918,0.697189640826698,-0.09063165904474589,0.13259574154099488,300,0,,10000,10000,1.0,0.7038222921973329
gpt2_small,stab_anti_frac,none,logit_entropy,0.04626158742516394,0.42466354095609116,-0.0911195865761524,0.1812912176056731,300,0,,10000,10000,1.0,0.6911434905444133
gpt2_small,stab_anti_frac,none,logit_top10_mass,0.022038223118736166,0.7038222921973329,-0.08988884754434735,0.13484947732227134,300,0,,10000,10000,1.0,0.7038222921973329
gpt2_small,stab_anti_frac,primary,crowding,0.19469895912818322,0.0007419943447894447,0.09198041785622867,0.28826258947677863,300,3,"effect_l2,act_max,frequency",10000,10000,0.01112991517184167,0.004204634620473519
gpt2_small,stab_anti_frac,primary,crowd_max,0.2049535167496625,0.00037794749671770945,0.125816277325266,0.2788351706185714,300,3,"effect_l2,act_max,frequency",10000,10000,0.006047159947483351,0.0032125537221005303
gpt2_small,stab_anti_frac,primary,dec_norm,-0.13419567469170932,0.0207002517565861,-0.2471034434528434,-0.010082624002173433,300,3,"effect_l2,act_max,frequency",10000,10000,0.2898035245922054,0.08797606996549091
gpt2_small,stab_anti_frac,primary,enc_norm,0.034235094339278634,0.5567462561214643,-0.08544824831896033,0.1589644692749733,300,3,"effect_l2,act_max,frequency",10000,10000,1.0,0.8604260321877176
gpt2_small,stab_anti_frac,primary,enc_dec_cos,-0.054521571833957096,0.34909705887544545,-0.1672777454854149,0.0598412245357576,300,3,"effect_l2,act_max,frequency",10000,10000,1.0,0.6594055556536191
gpt2_small,stab_anti_frac,primary,bin_entropy,,,,,300,3,"effect_l2,act_max,frequency",10000,0,,
gpt2_small,stab_anti_frac,primary,act_entropy,-0.02707377953617632,0.6421472216326483,-0.13617186958583025,0.07450598456606593,300,3,"effect_l2,act_max,frequency",10000,10000,1.0,0.861808503727776
gpt2_small,stab_anti_frac,primary,act_kurtosis,-0.006198811301673828,0.9152817224190759,-0.11380685737935879,0.10638655356019379,300,3,"effect_l2,act_max,frequency",10000,10000,1.0,0.9724868300702681
gpt2_small,stab_anti_frac,primary,act_mag,0.1045646339950345,0.07196003518955099,-0.0367610055584731,0.2360532525016935,300,3,"effect_l2,act_max,frequency",10000,10000,0.8635204222746119,0.2038867663703945
gpt2_small,stab_anti_frac,primary,act_mean_firing,-0.015413458369453297,0.7913744004049534,-0.12714594650490735,0.09786344705188849,300,3,"effect_l2,act_max,frequency",10000,10000,1.0,0.921171206307609
gpt2_small,stab_anti_frac,primary,act_std,0.11800073189163547,0.0421417994246062,-0.03545461387395015,0.26553403187331537,300,3,"effect_l2,act_max,frequency",10000,10000,0.5478433925198806,0.14328211804366106
gpt2_small,stab_anti_frac,primary,coact_entropy,0.0257082585863622,0.659030032262417,-0.08079176062106003,0.1274880626165727,300,3,"effect_l2,act_max,frequency",10000,10000,1.0,0.861808503727776
gpt2_small,stab_anti_frac,primary,coact_count,0.043449250435651746,0.455676118271463,-0.06734247671443755,0.14999419491174976,300,3,"effect_l2,act_max,frequency",10000,10000,1.0,0.774649401061487
gpt2_small,stab_anti_frac,primary,logit_l2,-0.21326663337129298,0.0002134374450014412,-0.36420811713181256,-0.0581450457003809,300,3,"effect_l2,act_max,frequency",10000,10000,0.003628436565024501,0.0032125537221005303
gpt2_small,stab_anti_frac,primary,logit_linf,-0.05756361065856951,0.3228246261191212,-0.17292317366252674,0.055470823755428424,300,3,"effect_l2,act_max,frequency",10000,10000,1.0,0.6594055556536191
gpt2_small,stab_anti_frac,primary,logit_entropy,0.07973374020612947,0.17053250532121822,-0.05770029516062854,0.2122319819076768,300,3,"effect_l2,act_max,frequency",10000,10000,1.0,0.4141503700658157
gpt2_small,stab_anti_frac,primary,logit_top10_mass,0.013799099378778934,0.8127981232125961,-0.10089231405091686,0.12933727048108795,300,3,"effect_l2,act_max,frequency",10000,10000,1.0,0.921171206307609
gpt2_small,stab_anti_frac,robust,crowding,0.24946474079403103,1.3160674359418682e-05,0.14374115280148292,0.3431669034552698,300,2,"frequency,act_max",10000,10000,0.0002237314641101176,0.0002237314641101176
gpt2_small,stab_anti_frac,robust,crowd_max,0.2407899791067624,2.6551973452765774e-05,0.15999854091455284,0.3149220604139134,300,2,"frequency,act_max",10000,10000,0.0004248315752442524,0.00022569177434850907
gpt2_small,stab_anti_frac,robust,dec_norm,-0.14272714479777085,0.013657946187383224,-0.254564761481722,-0.015179933417772674,300,2,"frequency,act_max",10000,10000,0.20486919281074836,0.07739502839517161
gpt2_small,stab_anti_frac,robust,enc_norm,0.039561455845299714,0.49629376309292544,-0.07675595000630063,0.1614356248921617,300,2,"frequency,act_max",10000,10000,1.0,0.9023261988865288
gpt2_small,stab_anti_frac,robust,enc_dec_cos,-0.13349896291929145,0.021155848599499677,-0.23665294363524012,-0.022566829836071903,300,2,"frequency,act_max",10000,10000,0.2961818803929955,0.08991235654787363
gpt2_small,stab_anti_frac,robust,bin_entropy,,,,,300,2,"frequency,act_max",10000,0,,
gpt2_small,stab_anti_frac,robust,act_entropy,0.0031085035084121,0.957384765092004,-0.11045098306902335,0.10413200143550556,300,2,"frequency,act_max",10000,10000,1.0,1.0
gpt2_small,stab_anti_frac,robust,act_kurtosis,-0.028786876516203406,0.6206335652798081,-0.13517918090584444,0.08689361103784105,300,2,"frequency,act_max",10000,10000,1.0,0.9023261988865288
gpt2_small,stab_anti_frac,robust,act_mag,0.10600142811145634,0.06765026325619827,-0.03684081390633244,0.24286853888553267,300,2,"frequency,act_max",10000,10000,0.8118031590743793,0.19167574589256176
gpt2_small,stab_anti_frac,robust,act_mean_firing,0.003642101377749996,0.950078349603228,-0.10311207737111407,0.11119458397919367,300,2,"frequency,act_max",10000,10000,1.0,1.0
gpt2_small,stab_anti_frac,robust,act_std,0.126060920394226,0.02957847896924743,-0.028768487928380354,0.27601337506607365,300,2,"frequency,act_max",10000,10000,0.3845202266002166,0.10056682849544127
gpt2_small,stab_anti_frac,robust,coact_entropy,-0.0038255276036424494,0.947567675600157,-0.1108253435116269,0.09535105176326845,300,2,"frequency,act_max",10000,10000,1.0,1.0
gpt2_small,stab_anti_frac,robust,coact_count,0.023385971634571033,0.6876378168153459,-0.08317206091429893,0.1322084998340481,300,2,"frequency,act_max",10000,10000,1.0,0.9023261988865288
gpt2_small,stab_anti_frac,robust,logit_l2,-0.03583557152096323,0.5377520063080302,-0.165806773284909,0.0920672840538878,300,2,"frequency,act_max",10000,10000,1.0,0.9023261988865288
gpt2_small,stab_anti_frac,robust,logit_linf,0.03191985251678765,0.5831110284937008,-0.08260121412584324,0.14166046906058735,300,2,"frequency,act_max",10000,10000,1.0,0.9023261988865288
gpt2_small,stab_anti_frac,robust,logit_entropy,0.04623911393287477,0.426449681107025,-0.09488165772328902,0.18157184237694335,300,2,"frequency,act_max",10000,10000,1.0,0.9023261988865288
gpt2_small,stab_anti_frac,robust,logit_top10_mass,0.02319832810075499,0.6900141520896984,-0.08896096866745895,0.13522176453091184,300,2,"frequency,act_max",10000,10000,1.0,0.9023261988865288
gpt2_small,stab_anti_frac,effect_only,crowding,0.17935027232258155,0.0018485109984526017,0.08530015531262311,0.26175509822243503,300,1,effect_l2,10000,10000,0.03142468697369423,0.011707236323533142
gpt2_small,stab_anti_frac,effect_only,crowd_max,0.1839150060923051,0.0014024010385084093,0.10756102581487169,0.255766007644527,300,1,effect_l2,10000,10000,0.025243218693151367,0.011707236323533142
gpt2_small,stab_anti_frac,effect_only,dec_norm,-0.1351390534182308,0.01940186500315165,-0.24595413033226446,-0.01186210632977335,300,1,effect_l2,10000,10000,0.3104298400504264,0.09215885876497033
gpt2_small,stab_anti_frac,effect_only,enc_norm,-0.0032735285908189753,0.9550489243641052,-0.11890538616464147,0.11671616010931912,300,1,effect_l2,10000,10000,1.0,0.9550489243641053
gpt2_small,stab_anti_frac,effect_only,enc_dec_cos,-0.01918868377040347,0.7410645183856922,-0.12698930626050992,0.08806284268560442,300,1,effect_l2,10000,10000,1.0,0.8304940440416011
gpt2_small,stab_anti_frac,effect_only,frequency,0.02942563452473574,0.6122984655990211,-0.10383314470374667,0.1561195417033709,300,1,effect_l2,10000,10000,1.0,0.8304940440416011
gpt2_small,stab_anti_frac,effect_only,bin_entropy,0.02942563452473574,0.6122984655990211,-0.10383314470374667,0.1561195417033709,300,1,effect_l2,10000,10000,1.0,0.8304940440416011
gpt2_small,stab_anti_frac,effect_only,act_entropy,0.023063243340980952,0.6912324042025446,-0.10885456211865879,0.15024558718784206,300,1,effect_l2,10000,10000,1.0,0.8304940440416011
gpt2_small,stab_anti_frac,effect_only,act_kurtosis,-0.03139523237795008,0.588691135176407,-0.1679625937411024,0.1120302045961597,300,1,effect_l2,10000,10000,1.0,0.8304940440416011
gpt2_small,stab_anti_frac,effect_only,act_mag,0.04756932439017483,0.41246174014298365,-0.07963197832715345,0.1693189217643914,300,1,effect_l2,10000,10000,1.0,0.8304940440416011
gpt2_small,stab_anti_frac,effect_only,act_mean_firing,-0.03090512524251302,0.5945263197021636,-0.13777415667201773,0.07694623322709879,300,1,effect_l2,10000,10000,1.0,0.8304940440416011
gpt2_small,stab_anti_frac,effect_only,act_std,0.0269053815604246,0.643097234402341,-0.08069065153048077,0.13160344732816437,300,1,effect_l2,10000,10000,1.0,0.8304940440416011
gpt2_small,stab_anti_frac,effect_only,act_max,-0.01903435369501397,0.7430736183530114,-0.11277448327262994,0.07466120921979048,300,1,effect_l2,10000,10000,1.0,0.8304940440416011
gpt2_small,stab_anti_frac,effect_only,coact_entropy,0.038161291982068246,0.5109585065123751,-0.09840780429185782,0.16357589998379699,300,1,effect_l2,10000,10000,1.0,0.8304940440416011
gpt2_small,stab_anti_frac,effect_only,coact_count,0.045117388948147985,0.4369931882789237,-0.0660546661459877,0.15459285041177445,300,1,effect_l2,10000,10000,1.0,0.8304940440416011
gpt2_small,stab_anti_frac,effect_only,logit_l2,-0.21592407660926516,0.00016821218679735246,-0.3675851877456921,-0.05922401418510878,300,1,effect_l2,10000,10000,0.003196031549149697,0.003196031549149697
gpt2_small,stab_anti_frac,effect_only,logit_linf,-0.06308641741611554,0.2768687584773657,-0.17883183304853795,0.05122551754635381,300,1,effect_l2,10000,10000,1.0,0.8304940440416011
gpt2_small,stab_anti_frac,effect_only,logit_entropy,0.08105968265100946,0.16208798424803683,-0.060376206897355456,0.21374692636076129,300,1,effect_l2,10000,10000,1.0,0.6159343401425399
gpt2_small,stab_anti_frac,effect_only,logit_top10_mass,0.012883503823301756,0.8244285697210274,-0.10326141115504851,0.13065002731223013,300,1,effect_l2,10000,10000,1.0,0.8702301569277512
gpt2_small,effect_pc1_ratio,none,crowding,-0.021399348881654227,0.7120214837910575,-0.13542061637123687,0.08948839122465731,300,0,,10000,10000,1.0,0.7120214837910575
gpt2_small,effect_pc1_ratio,none,crowd_max,0.06698275913793855,0.24742295245147033,-0.04672632392490547,0.17761248363959423,300,0,,10000,10000,1.0,0.3917530080481613
gpt2_small,effect_pc1_ratio,none,dec_norm,0.04542083255377608,0.43313854489734366,-0.06896435797074794,0.1574836206876897,300,0,,10000,10000,1.0,0.5017805044311833
gpt2_small,effect_pc1_ratio,none,enc_norm,0.4016920188002089,4.638540322894394e-13,0.29683553485574216,0.4988014621959384,300,0,,10000,10000,8.813226613499348e-12,8.813226613499348e-12
gpt2_small,effect_pc1_ratio,none,enc_dec_cos,-0.19128745874954167,0.000867935512110684,-0.29613835027935786,-0.08060399685112889,300,0,,10000,10000,0.011283161657438891,0.002355824961443285
gpt2_small,effect_pc1_ratio,none,frequency,-0.25206199742155794,9.907785122634468e-06,-0.3595494350755078,-0.13928025788786577,300,0,,10000,10000,0.00015852456196215148,3.764958346601098e-05
gpt2_small,effect_pc1_ratio,none,bin_entropy,-0.25206199742155794,9.907785122634468e-06,-0.3595494350755078,-0.13928025788786577,300,0,,10000,10000,0.00015852456196215148,3.764958346601098e-05
gpt2_small,effect_pc1_ratio,none,act_entropy,-0.21669929665885176,0.000155125580961729,-0.32502941899394977,-0.10341266011282009,300,0,,10000,10000,0.002171758133464206,0.0004912310063788085
gpt2_small,effect_pc1_ratio,none,act_kurtosis,0.13968599651107236,0.015468762974357793,0.026076196791412175,0.2492561514312179,300,0,,10000,10000,0.18562515569229351,0.036738312064099755
gpt2_small,effect_pc1_ratio,none,act_mag,-0.043876043067145175,0.4489615039647429,-0.1626434715811925,0.07449109228412376,300,0,,10000,10000,1.0,0.5017805044311833
gpt2_small,effect_pc1_ratio,none,act_mean_firing,0.2759563995155502,1.2079121370720495e-06,0.16406599939604632,0.3793485871542792,300,0,,10000,10000,2.0534506330224842e-05,7.650110201456313e-06
gpt2_small,effect_pc1_ratio,none,act_std,0.05874998611095679,0.31048359925928615,-0.058197289704372684,0.17042746313638393,300,0,,10000,10000,1.0,0.4537837219943413
gpt2_small,effect_pc1_ratio,none,act_max,0.13196591073234148,0.0222436258758355,0.01774944512986391,0.2403496758918425,300,0,,10000,10000,0.24467988463419052,0.04695876573787495
gpt2_small,effect_pc1_ratio,none,coact_entropy,-0.2784564272936366,9.577417732498398e-07,-0.38419802501095623,-0.16444584328941184,300,0,,10000,10000,1.7239351918497116e-05,7.650110201456313e-06
gpt2_small,effect_pc1_ratio,none,coact_count,-0.02660914563191945,0.6462045989235006,-0.14454468373302345,0.09293612666029344,300,0,,10000,10000,1.0,0.6821048544192506
gpt2_small,effect_pc1_ratio,none,logit_l2,0.08011644573828598,0.16633080356803465,-0.041883708691884944,0.19918605306301887,300,0,,10000,10000,1.0,0.28729866070842347
gpt2_small,effect_pc1_ratio,none,logit_linf,0.047603195591062124,0.4113414182213248,-0.06678154167613308,0.15952300897913554,300,0,,10000,10000,1.0,0.5017805044311833
gpt2_small,effect_pc1_ratio,none,logit_entropy,0.051210808301475626,0.37676402032397827,-0.0682164981745564,0.17222342120693002,300,0,,10000,10000,1.0,0.5017805044311833
gpt2_small,effect_pc1_ratio,none,logit_top10_mass,-0.10374648607206746,0.07276770464968974,-0.22217157679886362,0.012422823318238537,300,0,,10000,10000,0.7276770464968974,0.1382586388344105
gpt2_small,effect_pc1_ratio,primary,crowding,-0.06453734831906395,0.2675671529229409,-0.17601380969302655,0.04693836968326926,300,3,"effect_l2,act_max,frequency",10000,10000,1.0,0.5685801999612494
gpt2_small,effect_pc1_ratio,primary,crowd_max,0.010884151468933578,0.85182637236892,-0.10277317371418168,0.12455111988812888,300,3,"effect_l2,act_max,frequency",10000,10000,1.0,0.9050655206419775
gpt2_small,effect_pc1_ratio,primary,dec_norm,0.03220195181673024,0.5804267004253801,-0.08555985650086421,0.14900153239396055,300,3,"effect_l2,act_max,frequency",10000,10000,1.0,0.7433226762228883
gpt2_small,effect_pc1_ratio,primary,enc_norm,0.3002453331714947,1.3296600481428632e-07,0.18708559296177385,0.40551365479488377,300,3,"effect_l2,act_max,frequency",10000,10000,2.2604220818428676e-06,2.2604220818428676e-06
gpt2_small,effect_pc1_ratio,primary,enc_dec_cos,-0.05171302931005816,0.3745179467953558,-0.1670066304058671,0.06324550210747913,300,3,"effect_l2,act_max,frequency",10000,10000,1.0,0.6366805095521049
gpt2_small,effect_pc1_ratio,primary,bin_entropy,,,,,300,3,"effect_l2,act_max,frequency",10000,0,,
gpt2_small,effect_pc1_ratio,primary,act_entropy,0.16881738988180892,0.0035222816147804314,0.06350811594371339,0.26387393959742655,300,3,"effect_l2,act_max,frequency",10000,10000,0.05283422422170647,0.019959595817089112
gpt2_small,effect_pc1_ratio,primary,act_kurtosis,-0.15224083880373876,0.008590291517881071,-0.26029610072294995,-0.03963806569283733,300,3,"effect_l2,act_max,frequency",10000,10000,0.120264081250335,0.03650873895099455
gpt2_small,effect_pc1_ratio,primary,act_mag,0.04231283141312348,0.4675589408019479,-0.06992797601807281,0.15841757318040983,300,3,"effect_l2,act_max,frequency",10000,10000,1.0,0.7225910903302831
gpt2_small,effect_pc1_ratio,primary,act_mean_firing,0.24251242745519533,2.3894276929378116e-05,0.1263038994986805,0.34864629260815533,300,3,"effect_l2,act_max,frequency",10000,10000,0.00038230843087004986,0.000203101353899714
gpt2_small,effect_pc1_ratio,primary,act_std,0.02953781905964182,0.6121480863012021,-0.0846614291754211,0.15099861727858038,300,3,"effect_l2,act_max,frequency",10000,10000,1.0,0.7433226762228883
gpt2_small,effect_pc1_ratio,primary,coact_entropy,-0.10228499037884399,0.07841919222244005,-0.2199957845961241,0.0188646607425342,300,3,"effect_l2,act_max,frequency",10000,10000,0.8626111144468406,0.19044660968306867
gpt2_small,effect_pc1_ratio,primary,coact_count,-0.022426430796156617,0.7003050409526276,-0.13940853976234432,0.09085949548459346,300,3,"effect_l2,act_max,frequency",10000,10000,1.0,0.7936790464129779
gpt2_small,effect_pc1_ratio,primary,logit_l2,0.11139879553415662,0.05515043015822838,-0.009205108898671604,0.22883839045483503,300,3,"effect_l2,act_max,frequency",10000,10000,0.7125590150616691,0.1562595521149804
gpt2_small,effect_pc1_ratio,primary,logit_linf,0.0381829923410556,0.5121471863551958,-0.07376896707460417,0.15107292728962088,300,3,"effect_l2,act_max,frequency",10000,10000,1.0,0.7255418473365275
gpt2_small,effect_pc1_ratio,primary,logit_entropy,0.05205843223836697,0.3713315964304366,-0.07111813621049685,0.16986121164372997,300,3,"effect_l2,act_max,frequency",10000,10000,1.0,0.6366805095521049
gpt2_small,effect_pc1_ratio,primary,logit_top10_mass,-0.11155306909372424,0.0548122319278207,-0.22735631383718471,0.0087867715375859,300,3,"effect_l2,act_max,frequency",10000,10000,0.7125590150616691,0.1562595521149804
gpt2_small,effect_pc1_ratio,robust,crowding,-0.07982177294711353,0.16933610043983233,-0.18904356616859203,0.03251193148466315,300,2,"frequency,act_max",10000,10000,1.0,0.4112448153538785
gpt2_small,effect_pc1_ratio,robust,crowd_max,-0.0012635421577236404,0.9826709451016632,-0.11074258961273384,0.11380385834927044,300,2,"frequency,act_max",10000,10000,1.0,1.0
gpt2_small,effect_pc1_ratio,robust,dec_norm,0.03555689438766205,0.5409209929179868,-0.07951699554088301,0.15013370252872268,300,2,"frequency,act_max",10000,10000,1.0,0.8359688072368886
gpt2_small,effect_pc1_ratio,robust,enc_norm,0.2977646733396111,1.6241163860524329e-07,0.18594192506396615,0.4007388475773046,300,2,"frequency,act_max",10000,10000,2.7609978562891357e-06,2.7609978562891357e-06
gpt2_small,effect_pc1_ratio,robust,enc_dec_cos,-0.027188719480739434,0.6401679855669956,-0.1417157648411555,0.08252185513254588,300,2,"frequency,act_max",10000,10000,1.0,0.8523689188641345
gpt2_small,effect_pc1_ratio,robust,bin_entropy,,,,,300,2,"frequency,act_max",10000,0,,
gpt2_small,effect_pc1_ratio,robust,act_entropy,0.1598410686719991,0.005683725369936018,0.05404222801186761,0.25701855622818004,300,2,"frequency,act_max",10000,10000,0.08525588054904028,0.032207777096304104
gpt2_small,effect_pc1_ratio,robust,act_kurtosis,-0.14538807730602563,0.011984392677664423,-0.2538368765362897,-0.035238308380482995,300,2,"frequency,act_max",10000,10000,0.16778149748730192,0.0509336688800738
gpt2_small,effect_pc1_ratio,robust,act_mag,0.040883571731990406,0.48200105833836177,-0.07197326143518429,0.15835133582815253,300,2,"frequency,act_max",10000,10000,1.0,0.8194017991752149
gpt2_small,effect_pc1_ratio,robust,act_mean_firing,0.23655367710604625,3.706017388397628e-05,0.11995299433429937,0.34582946407087634,300,2,"frequency,act_max",10000,10000,0.0005929627821436205,0.0003150114780137984
gpt2_small,effect_pc1_ratio,robust,act_std,0.026245838863235196,0.6518115261902204,-0.08718475569715528,0.14925621490495014,300,2,"frequency,act_max",10000,10000,1.0,0.8523689188641345
gpt2_small,effect_pc1_ratio,robust,coact_entropy,-0.09405061479689718,0.10516025447890831,-0.21127264650044753,0.028966720872835236,300,2,"frequency,act_max",10000,10000,1.0,0.29795405435690686
gpt2_small,effect_pc1_ratio,robust,coact_count,-0.01753356662455381,0.7630886105876183,-0.13349551654845163,0.10044313018505499,300,2,"frequency,act_max",10000,10000,1.0,0.9158115521290883
gpt2_small,effect_pc1_ratio,robust,logit_l2,0.05826029120523485,0.31617295103005016,-0.058438628703820716,0.17988778822882515,300,2,"frequency,act_max",10000,10000,1.0,0.5972155741678725
gpt2_small,effect_pc1_ratio,robust,logit_linf,0.014130539262949056,0.8080690165844896,-0.09453516952709941,0.12378113746880047,300,2,"frequency,act_max",10000,10000,1.0,0.9158115521290883
gpt2_small,effect_pc1_ratio,robust,logit_entropy,0.05942714595469395,0.306561329840997,-0.058479362178014006,0.176538634067277,300,2,"frequency,act_max",10000,10000,1.0,0.5972155741678725
gpt2_small,effect_pc1_ratio,robust,logit_top10_mass,-0.11378202691478269,0.04972704751565155,-0.2247117705417599,0.0021126383940500153,300,2,"frequency,act_max",10000,10000,0.6464516177034701,0.1690719615532153
gpt2_small,effect_pc1_ratio,effect_only,crowding,0.004769795947729081,0.9345413662415455,-0.11267422102333775,0.11828135512443748,300,1,effect_l2,10000,10000,1.0,0.9345413662415454
gpt2_small,effect_pc1_ratio,effect_only,crowd_max,0.08419990721918313,0.14638086540169498,-0.031370091290474106,0.1939020244877456,300,1,effect_l2,10000,10000,1.0,0.21394126481786188
gpt2_small,effect_pc1_ratio,effect_only,dec_norm,0.039539961266717945,0.49580035799906114,-0.074075349241739,0.15159698464397256,300,1,effect_l2,10000,10000,1.0,0.6019965308689383
gpt2_small,effect_pc1_ratio,effect_only,enc_norm,0.3952178354581532,1.281223491240083e-12,0.2889987026385715,0.4925227644422547,300,1,effect_l2,10000,10000,2.4343246333561577e-11,2.4343246333561577e-11
gpt2_small,effect_pc1_ratio,effect_only,enc_dec_cos,-0.21388194433321714,0.00019447976558397393,-0.3186941170456779,-0.10130414027893579,300,1,effect_l2,10000,10000,0.0027227167181756353,0.0006158525910159175
gpt2_small,effect_pc1_ratio,effect_only,frequency,-0.23646255691055304,3.621040999663759e-05,-0.34591476003560884,-0.12402675342737164,300,1,effect_l2,10000,10000,0.0005793665599462015,0.00013759955798722286
gpt2_small,effect_pc1_ratio,effect_only,bin_entropy,-0.23646255691055304,3.621040999663759e-05,-0.34591476003560884,-0.12402675342737164,300,1,effect_l2,10000,10000,0.0005793665599462015,0.00013759955798722286
gpt2_small,effect_pc1_ratio,effect_only,act_entropy,-0.19826604309106236,0.000564181068735451,-0.3087595442629411,-0.08667274436045151,300,1,effect_l2,10000,10000,0.007334353893560863,0.0015313486151390815
gpt2_small,effect_pc1_ratio,effect_only,act_kurtosis,0.12046416983211723,0.03735321658556266,0.007918585438329634,0.23220109919502943,300,1,effect_l2,10000,10000,0.37353216585562665,0.07097111151256906
gpt2_small,effect_pc1_ratio,effect_only,act_mag,-0.03212743446970619,0.5800229529156988,-0.1494225016204822,0.08577721799865516,300,1,effect_l2,10000,10000,1.0,0.6122464502999043
gpt2_small,effect_pc1_ratio,effect_only,act_mean_firing,0.27430108408851733,1.4651659275028171e-06,0.1640041202988983,0.3771399473730697,300,1,effect_l2,10000,10000,2.6372986695050708e-05,1.3919076311276763e-05
gpt2_small,effect_pc1_ratio,effect_only,act_std,0.06499022851201836,0.26260142602936953,-0.04849690187258636,0.17809893930131626,300,1,effect_l2,10000,10000,1.0,0.3563876496112872
gpt2_small,effect_pc1_ratio,effect_only,act_max,0.13112282573116435,0.023351916427286533,0.01782381697525384,0.24038982831736935,300,1,effect_l2,10000,10000,0.25687108070015185,0.04929849023538268
gpt2_small,effect_pc1_ratio,effect_only,coact_entropy,-0.26696245776912053,2.8391397492430986e-06,-0.3745331042245552,-0.15262656587695972,300,1,effect_l2,10000,10000,4.826537573713268e-05,1.7981218411872958e-05
gpt2_small,effect_pc1_ratio,effect_only,coact_count,-0.03514310276110322,0.5449646025279048,-0.15117591820640047,0.08262372108411355,300,1,effect_l2,10000,10000,1.0,0.6090780851782465
gpt2_small,effect_pc1_ratio,effect_only,logit_l2,0.1610703262192851,0.0052423633359218015,0.03218118980638351,0.2754792176606919,300,1,effect_l2,10000,10000,0.06290836003106162,0.012450612922814278
gpt2_small,effect_pc1_ratio,effect_only,logit_linf,0.08604167377769144,0.13772361670095873,-0.03096925725946849,0.20015854295624894,300,1,effect_l2,10000,10000,1.0,0.21394126481786188
gpt2_small,effect_pc1_ratio,effect_only,logit_entropy,0.03852426763138645,0.5069444470475271,-0.08658327760876922,0.1604814935946744,300,1,effect_l2,10000,10000,1.0,0.6019965308689383
gpt2_small,effect_pc1_ratio,effect_only,logit_top10_mass,-0.10039691260162867,0.08307172788053294,-0.21570489058308553,0.017537593630355452,300,1,effect_l2,10000,10000,0.7476455509247965,0.143487529975466
llama_3_1_8b,collateral_raw,none,crowding,0.22169828089909596,0.00010786173306924249,0.10931308236235093,0.33188825353306933,300,0,,10000,10000,0.0016179259960386373,0.0004098745856631215
llama_3_1_8b,collateral_raw,none,crowd_max,0.18875328497525853,0.0010189763307830299,0.07108031453754184,0.3016745568892863,300,0,,10000,10000,0.01324669230017939,0.0027657928978396524
llama_3_1_8b,collateral_raw,none,dec_norm,0.42962660647246576,6.623685400182201e-15,0.3236010090231387,0.5241389993175943,300,0,,10000,10000,1.1922633720327962e-13,6.292501130173091e-14
llama_3_1_8b,collateral_raw,none,enc_norm,-0.12496256682039854,0.03047447148480008,-0.2330022889082019,-0.0126264278691335,300,0,,10000,10000,0.12189788593920033,0.036188434888200095
llama_3_1_8b,collateral_raw,none,enc_dec_cos,-0.19431816040063268,0.0007145079478312821,-0.3048452980589212,-0.08497768571062751,300,0,,10000,10000,0.01000311126963795,0.0022626085014657263
llama_3_1_8b,collateral_raw,none,frequency,0.15524312690174344,0.007059667310958217,0.03552771722941775,0.26871097309679237,300,0,,10000,10000,0.05634126835757849,0.009580977064871866
llama_3_1_8b,collateral_raw,none,bin_entropy,0.15524312690174344,0.007059667310958217,0.03552771722941775,0.26871097309679237,300,0,,10000,10000,0.05634126835757849,0.009580977064871866
llama_3_1_8b,collateral_raw,none,act_entropy,0.165190571233251,0.00411803300070107,0.045999312647821644,0.2770896423713669,300,0,,10000,10000,0.041180330007010706,0.007824262701332034
llama_3_1_8b,collateral_raw,none,act_kurtosis,-0.15711661259891221,0.0063925551928837995,-0.27039394393808674,-0.03968758549021458,300,0,,10000,10000,0.05634126835757849,0.009580977064871866
llama_3_1_8b,collateral_raw,none,act_mag,0.18355243774264646,0.0014074382410716561,0.06240620461816236,0.29812929685397976,300,0,,10000,10000,0.016889258892859874,0.0031589323476163204
llama_3_1_8b,collateral_raw,none,act_mean_firing,0.13641456485033182,0.0180804289415623,0.019172619262707163,0.24944685271800213,300,0,,10000,10000,0.0904021447078115,0.022901876659312245
llama_3_1_8b,collateral_raw,none,act_std,0.18255058237453198,0.0014963363751866782,0.0626168912149601,0.2953449007480961,300,0,,10000,10000,0.016889258892859874,0.0031589323476163204
llama_3_1_8b,collateral_raw,none,act_max,0.09855185473269731,0.0883824722704436,-0.019086883330341264,0.21359348101722292,300,0,,10000,10000,0.2651474168113308,0.09878041018461343
llama_3_1_8b,collateral_raw,none,coact_entropy,-0.05649148618716875,0.3294831698158726,-0.18101010366525314,0.06285001727830518,300,0,,10000,10000,0.3294831698158726,0.3294831698158726
llama_3_1_8b,collateral_raw,none,coact_count,-0.2445159506083404,1.8468505664867475e-05,-0.35263805189802283,-0.13265511145680411,300,0,,10000,10000,0.0002954960906378796,8.77254019081205e-05
llama_3_1_8b,collateral_raw,none,logit_l2,0.43573974658132225,2.477365151384071e-15,0.3316255353277463,0.5295964188565859,300,0,,10000,10000,4.706993787629735e-14,4.706993787629735e-14
llama_3_1_8b,collateral_raw,none,logit_linf,0.08545995191986323,0.1397471684359797,-0.030293856629706788,0.20202621437510243,300,0,,10000,10000,0.2794943368719594,0.14751090001575634
llama_3_1_8b,collateral_raw,none,logit_entropy,0.15750917494530992,0.006260140928619832,0.046357760498075384,0.27063487964184824,300,0,,10000,10000,0.05634126835757849,0.009580977064871866
llama_3_1_8b,collateral_raw,none,logit_top10_mass,-0.2758422519457604,1.2207125956745561e-06,-0.37765285687895045,-0.16971813602411256,300,0,,10000,10000,2.0752114126467456e-05,7.731179772605523e-06
llama_3_1_8b,collateral_raw,primary,crowding,0.15971654586671352,0.005804449168394461,0.05038550210342188,0.2701230655488354,300,3,"effect_l2,act_max,frequency",10000,10000,0.08706673752591693,0.03289187862090195
llama_3_1_8b,collateral_raw,primary,crowd_max,0.09710092939202006,0.09486009927240241,-0.034165877199661576,0.223938820468926,300,3,"effect_l2,act_max,frequency",10000,10000,0.8537408934516217,0.1689592107637647
llama_3_1_8b,collateral_raw,primary,dec_norm,0.09580068057824402,0.09938777103750865,-0.03692755634506196,0.22529026874791272,300,3,"effect_l2,act_max,frequency",10000,10000,0.8537408934516217,0.1689592107637647
llama_3_1_8b,collateral_raw,primary,enc_norm,0.04283032024063994,0.46212681026131136,-0.0691939821653228,0.15682415580924638,300,3,"effect_l2,act_max,frequency",10000,10000,1.0,0.5611539838887352
llama_3_1_8b,collateral_raw,primary,enc_dec_cos,-0.1479048260692599,0.010702995809749661,-0.2640057903542081,-0.02832438258533993,300,3,"effect_l2,act_max,frequency",10000,10000,0.14984194133649525,0.04548773219143606
llama_3_1_8b,collateral_raw,primary,bin_entropy,,,,,300,3,"effect_l2,act_max,frequency",10000,0,,
llama_3_1_8b,collateral_raw,primary,act_entropy,0.1379589503763403,0.01736431590938977,0.017391132751976034,0.24335827593688647,300,3,"effect_l2,act_max,frequency",10000,10000,0.22573610682206702,0.05903867409192522
llama_3_1_8b,collateral_raw,primary,act_kurtosis,-0.05338027254089141,0.35929284158452973,-0.15772635595704812,0.049509279402897115,300,3,"effect_l2,act_max,frequency",10000,10000,1.0,0.46984448514900046
llama_3_1_8b,collateral_raw,primary,act_mag,0.07039722174710471,0.2264366556191331,-0.04794001846690006,0.18144864052839346,300,3,"effect_l2,act_max,frequency",10000,10000,1.0,0.32078526212710523
llama_3_1_8b,collateral_raw,primary,act_mean_firing,0.037848882979105415,0.5158484879628292,-0.06895149794192189,0.14343992861736726,300,3,"effect_l2,act_max,frequency",10000,10000,1.0,0.5846282863578731
llama_3_1_8b,collateral_raw,primary,act_std,0.09239401673201715,0.11206588927792073,-0.0273698505783127,0.2058382857802986,300,3,"effect_l2,act_max,frequency",10000,10000,0.8537408934516217,0.1731927379749684
llama_3_1_8b,collateral_raw,primary,coact_entropy,-0.10562570538073261,0.06910505386545736,-0.2178151831189758,0.010925484927297703,300,3,"effect_l2,act_max,frequency",10000,10000,0.6910505386545736,0.1468482394640969
llama_3_1_8b,collateral_raw,primary,coact_count,-0.002818049560948111,0.9614287907369631,-0.12312058042598098,0.11570832011979483,300,3,"effect_l2,act_max,frequency",10000,10000,1.0,1.0
llama_3_1_8b,collateral_raw,primary,logit_l2,0.12539065667839716,0.030744475972704792,-0.004815994959311193,0.2520145157944605,300,3,"effect_l2,act_max,frequency",10000,10000,0.3645178509186084,0.07466515593371163
llama_3_1_8b,collateral_raw,primary,logit_linf,-0.1256660040587535,0.0303764875765507,-0.23991431267467467,-0.006916882344534301,300,3,"effect_l2,act_max,frequency",10000,10000,0.3645178509186084,0.07466515593371163
llama_3_1_8b,collateral_raw,primary,logit_entropy,0.24153440876311955,2.58285095308494e-05,0.12404335751973557,0.350458746311578,300,3,"effect_l2,act_max,frequency",10000,10000,0.0004132561524935904,0.0002195423310122199
llama_3_1_8b,collateral_raw,primary,logit_top10_mass,-0.29241473058411477,2.8865073635693725e-07,-0.3908714399352577,-0.18907194010544692,300,3,"effect_l2,act_max,frequency",10000,10000,4.9070625180679335e-06,4.9070625180679335e-06
llama_3_1_8b,collateral_raw,robust,crowding,0.19641871249805043,0.0006502559510849363,0.08230907760219924,0.3094294087047871,300,2,"frequency,act_max",10000,10000,0.006502559510849363,0.0013817938960554894
llama_3_1_8b,collateral_raw,robust,crowd_max,0.16283558214218394,0.004832439955377553,0.042702652025392154,0.27947400014558693,300,2,"frequency,act_max",10000,10000,0.038659519643020425,0.00821514792414184
llama_3_1_8b,collateral_raw,robust,dec_norm,0.45265093307265153,1.8521522588287829e-16,0.3510919673067129,0.543812126423902,300,2,"frequency,act_max",10000,10000,2.9634436141260526e-15,1.5743294200044655e-15
llama_3_1_8b,collateral_raw,robust,enc_norm,-0.13076330709205292,0.023974387941296884,-0.23888959111073238,-0.017230677462306925,300,2,"frequency,act_max",10000,10000,0.13926627027361066,0.02920323057419185
llama_3_1_8b,collateral_raw,robust,enc_dec_cos,-0.223278652826291,0.00010133390161665074,-0.3300559279465899,-0.11384043003334082,300,2,"frequency,act_max",10000,10000,0.0012160068193998088,0.0002871127212471771
llama_3_1_8b,collateral_raw,robust,bin_entropy,,,,,300,2,"frequency,act_max",10000,0,,
llama_3_1_8b,collateral_raw,robust,act_entropy,0.19932796098513497,0.0005376330837891804,0.07465730830997856,0.2958564404692071,300,2,"frequency,act_max",10000,10000,0.0059139639216809845,0.0013056803463451522
llama_3_1_8b,collateral_raw,robust,act_kurtosis,-0.13069408666404,0.02404971929639329,-0.23377410919254035,-0.023792897493237788,300,2,"frequency,act_max",10000,10000,0.13926627027361066,0.02920323057419185
llama_3_1_8b,collateral_raw,robust,act_mag,0.10399968712466993,0.07303183463620924,-0.006409178904074152,0.2100338993464701,300,2,"frequency,act_max",10000,10000,0.21909550390862773,0.08276941258770382
llama_3_1_8b,collateral_raw,robust,act_mean_firing,0.14381712323813822,0.012949071932964866,0.033568565258137714,0.24832497467317594,300,2,"frequency,act_max",10000,10000,0.09064350353075407,0.02001220207821843
llama_3_1_8b,collateral_raw,robust,act_std,0.131475524267063,0.023211045045601775,0.01716217427099134,0.2409860906526489,300,2,"frequency,act_max",10000,10000,0.13926627027361066,0.02920323057419185
llama_3_1_8b,collateral_raw,robust,coact_entropy,-0.29996470514837953,1.3026063769033192e-07,-0.3960670745201236,-0.19437941298766445,300,2,"frequency,act_max",10000,10000,1.8236489276646468e-06,5.536077101839106e-07
llama_3_1_8b,collateral_raw,robust,coact_count,-0.23802864809565502,3.3020788007924e-05,-0.3485531219894248,-0.12093124339761713,300,2,"frequency,act_max",10000,10000,0.00042927024410301204,0.00011227067922694161
llama_3_1_8b,collateral_raw,robust,logit_l2,0.45558166233164243,1.1205289719253216e-16,0.3539432155240817,0.5458407612264049,300,2,"frequency,act_max",10000,10000,1.9048992522730467e-15,1.5743294200044655e-15
llama_3_1_8b,collateral_raw,robust,logit_linf,0.07322756194449723,0.20749485559059833,-0.044529139463267024,0.18990788108088563,300,2,"frequency,act_max",10000,10000,0.41498971118119665,0.22046328406501073
llama_3_1_8b,collateral_raw,robust,logit_entropy,0.17906295484709203,0.001914184452793634,0.07051919947634207,0.28736649270917974,300,2,"frequency,act_max",10000,10000,0.017227660075142707,0.0036156817441657533
llama_3_1_8b,collateral_raw,robust,logit_top10_mass,-0.31247849591293153,3.585593761024073e-08,-0.4094679178291316,-0.21024873755976164,300,2,"frequency,act_max",10000,10000,5.378390641536109e-07,2.031836464580308e-07
llama_3_1_8b,collateral_raw,effect_only,crowding,0.16114452783324557,0.005221290049656526,0.05060385474436857,0.2694254398403168,300,1,effect_l2,10000,10000,0.07831935074484789,0.0198409021886948
llama_3_1_8b,collateral_raw,effect_only,crowd_max,0.09532278347950511,0.09994321438082801,-0.030463234896178675,0.2228030956546484,300,1,effect_l2,10000,10000,0.9923322724205463,0.17262918847597566
llama_3_1_8b,collateral_raw,effect_only,dec_norm,0.055016930382378336,0.3430963152793042,-0.07790290755257416,0.18369953073657544,300,1,effect_l2,10000,10000,1.0,0.43458866602045193
llama_3_1_8b,collateral_raw,effect_only,enc_norm,0.022615598667761742,0.6969269767057453,-0.09146499719169171,0.1377306073958207,300,1,effect_l2,10000,10000,1.0,0.8276007848380725
llama_3_1_8b,collateral_raw,effect_only,enc_dec_cos,-0.08985959902722344,0.12103415816008038,-0.21268970458393358,0.03015359816255555,300,1,effect_l2,10000,10000,0.9923322724205463,0.18172516205173933
llama_3_1_8b,collateral_raw,effect_only,frequency,0.14484825119514755,0.012162081889222525,0.020366966103689557,0.26747980495365553,300,1,effect_l2,10000,10000,0.17026914644911537,0.033011365127889714
llama_3_1_8b,collateral_raw,effect_only,bin_entropy,0.14484825119514755,0.012162081889222525,0.020366966103689557,0.26747980495365553,300,1,effect_l2,10000,10000,0.17026914644911537,0.033011365127889714
llama_3_1_8b,collateral_raw,effect_only,act_entropy,0.16282001567477888,0.004765279826528338,0.0397311783048428,0.28238151924368204,300,1,effect_l2,10000,10000,0.0762444772244534,0.0198409021886948
llama_3_1_8b,collateral_raw,effect_only,act_kurtosis,-0.16400926995248274,0.004463710103390883,-0.28006049669949473,-0.0437355575678388,300,1,effect_l2,10000,10000,0.07588307175764501,0.0198409021886948
llama_3_1_8b,collateral_raw,effect_only,act_mag,0.12293895969537488,0.033588600891787876,0.00033463810148812097,0.24681281537547275,300,1,effect_l2,10000,10000,0.4030632107014545,0.07307218579404878
llama_3_1_8b,collateral_raw,effect_only,act_mean_firing,-0.00998048485117831,0.863547498035037,-0.11324141977784445,0.10184798897060958,300,1,effect_l2,10000,10000,1.0,0.9235251451530713
llama_3_1_8b,collateral_raw,effect_only,act_std,0.09552196484711276,0.09923322724205463,-0.021954179020278304,0.21575783740450172,300,1,effect_l2,10000,10000,0.9923322724205463,0.17262918847597566
llama_3_1_8b,collateral_raw,effect_only,act_max,-0.00851752952720037,0.8833943936503413,-0.11571585340822964,0.10851782882051189,300,1,effect_l2,10000,10000,1.0,0.9235251451530713
llama_3_1_8b,collateral_raw,effect_only,coact_entropy,0.06473916233903522,0.2644534692080412,-0.055885336580989244,0.18296029189492172,300,1,effect_l2,10000,10000,1.0,0.35890113678234165
llama_3_1_8b,collateral_raw,effect_only,coact_count,-0.005574798232212273,0.9235251451530714,-0.12053245907669777,0.11032109783072899,300,1,effect_l2,10000,10000,1.0,0.9235251451530713
llama_3_1_8b,collateral_raw,effect_only,logit_l2,0.08907274060300939,0.12433826877224272,-0.043122672212413615,0.22003727865366707,300,1,effect_l2,10000,10000,0.9923322724205463,0.18172516205173933
llama_3_1_8b,collateral_raw,effect_only,logit_linf,-0.12224300706827243,0.03461314063928627,-0.23421048275674164,-0.006725051152773858,300,1,effect_l2,10000,10000,0.4030632107014545,0.07307218579404878
llama_3_1_8b,collateral_raw,effect_only,logit_entropy,0.22472680379702775,8.859789312142402e-05,0.10859696566608805,0.3314659697557612,300,1,effect_l2,10000,10000,0.0015947620761856322,0.0008416799846535282
llama_3_1_8b,collateral_raw,effect_only,logit_top10_mass,-0.25885658511674553,5.765038288213144e-06,-0.35990847407487536,-0.15233030276172016,300,1,effect_l2,10000,10000,0.00010953572747604974,0.00010953572747604974
llama_3_1_8b,collateral_ctilde,none,crowding,0.20134001488905431,0.000450214333217733,0.09153039135372609,0.3068900550944836,300,0,,10000,10000,0.008103857997919194,0.0030331663668723315
llama_3_1_8b,collateral_ctilde,none,crowd_max,0.1259298436649296,0.02920178507822185,0.0070940479422335855,0.24432003206125746,300,0,,10000,10000,0.2336142806257748,0.046236159707184595
llama_3_1_8b,collateral_ctilde,none,dec_norm,0.18660340670451897,0.0011657080561662896,0.06970320860485377,0.29968300418591515,300,0,,10000,10000,0.017485620842494345,0.004429690613431901
llama_3_1_8b,collateral_ctilde,none,enc_norm,-0.010930788119867998,0.8504517486387607,-0.11886171816984335,0.09520461353042824,300,0,,10000,10000,1.0,0.8504517486387607
llama_3_1_8b,collateral_ctilde,none,enc_dec_cos,-0.1581550906121179,0.006047608192494466,-0.27048435205592897,-0.04168561994256784,300,0,,10000,10000,0.08466651469492252,0.01699532086891283
llama_3_1_8b,collateral_ctilde,none,frequency,0.14378778216287372,0.012665150978211118,0.024988387783721797,0.25749230380366706,300,0,,10000,10000,0.1393166607603223,0.024063786858601124
llama_3_1_8b,collateral_ctilde,none,bin_entropy,0.14378778216287372,0.012665150978211118,0.024988387783721797,0.25749230380366706,300,0,,10000,10000,0.1393166607603223,0.024063786858601124
llama_3_1_8b,collateral_ctilde,none,act_entropy,0.15750530561450682,0.0062614340043363045,0.03841796745869551,0.27035326715254465,300,0,,10000,10000,0.08466651469492252,0.01699532086891283
llama_3_1_8b,collateral_ctilde,none,act_kurtosis,-0.1463411815686841,0.011155205325975243,-0.2600928902219291,-0.029154665475484356,300,0,,10000,10000,0.13386246391170292,0.024063786858601124
llama_3_1_8b,collateral_ctilde,none,act_mag,0.14013489038767096,0.015137505934571468,0.02013845882452497,0.25818928831876825,300,0,,10000,10000,0.1393166607603223,0.026146601159714355
llama_3_1_8b,collateral_ctilde,none,act_mean_firing,0.053580595339948224,0.35505259228509845,-0.0596547142730364,0.16569203814866193,300,0,,10000,10000,1.0,0.44973328356112474
llama_3_1_8b,collateral_ctilde,none,act_std,0.12408626762519584,0.031668087840927873,0.006535038003034235,0.24034079710968426,300,0,,10000,10000,0.2336142806257748,0.04628412838289458
llama_3_1_8b,collateral_ctilde,none,act_max,0.04001022233580373,0.489954724677782,-0.07483044968688837,0.15705224982372634,300,0,,10000,10000,1.0,0.5475964569928151
llama_3_1_8b,collateral_ctilde,none,coact_entropy,0.021916243513816838,0.705385146449865,-0.09716995984506946,0.14084643347777942,300,0,,10000,10000,1.0,0.7445732101415242
llama_3_1_8b,collateral_ctilde,none,coact_count,-0.07697838650973497,0.18361302399347465,-0.19161039608368477,0.03867925158209002,300,0,,10000,10000,1.0,0.2491891039911442
llama_3_1_8b,collateral_ctilde,none,logit_l2,0.1972186357626196,0.0005915293581701243,0.08132080391392087,0.30724357190796037,300,0,,10000,10000,0.010055999088892114,0.0030331663668723315
llama_3_1_8b,collateral_ctilde,none,logit_linf,-0.050266780742008244,0.3856351988940665,-0.1678484399301756,0.06646293016119317,300,0,,10000,10000,1.0,0.457941798686704
llama_3_1_8b,collateral_ctilde,none,logit_entropy,0.19604873167967765,0.000638561340394175,0.08264119847448981,0.3068192751532308,300,0,,10000,10000,0.0102169814463068,0.0030331663668723315
llama_3_1_8b,collateral_ctilde,none,logit_top10_mass,-0.2824182490916566,6.599154207842835e-07,-0.38526374896233745,-0.17541063399275944,300,0,,10000,10000,1.2538392994901388e-05,1.2538392994901388e-05
llama_3_1_8b,collateral_ctilde,primary,crowding,0.16981279370760508,0.0033300091484142137,0.059048907977907156,0.27565951492716234,300,3,"effect_l2,act_max,frequency",10000,10000,0.049950137226213207,0.015453369477420143
llama_3_1_8b,collateral_ctilde,primary,crowd_max,0.08413138085908858,0.1480803954301015,-0.04510407907301234,0.20781893946055463,300,3,"effect_l2,act_max,frequency",10000,10000,1.0,0.3146708402889657
llama_3_1_8b,collateral_ctilde,primary,dec_norm,0.06957598195621624,0.23191374557581923,-0.05998344432458588,0.19985485523742974,300,3,"effect_l2,act_max,frequency",10000,10000,1.0,0.35841215225353884
llama_3_1_8b,collateral_ctilde,primary,enc_norm,0.06989266256840805,0.22979072742346615,-0.04315695238280915,0.18275460085694334,300,3,"effect_l2,act_max,frequency",10000,10000,1.0,0.35841215225353884
llama_3_1_8b,collateral_ctilde,primary,enc_dec_cos,-0.16825115622682837,0.003636086935863563,-0.28187878077666834,-0.05323565112586433,300,3,"effect_l2,act_max,frequency",10000,10000,0.05090521710208988,0.015453369477420143
llama_3_1_8b,collateral_ctilde,primary,bin_entropy,,,,,300,3,"effect_l2,act_max,frequency",10000,0,,
llama_3_1_8b,collateral_ctilde,primary,act_entropy,0.12903613657739907,0.02616894950337299,0.004549711795161002,0.2327311506621915,300,3,"effect_l2,act_max,frequency",10000,10000,0.31402739404047586,0.07414535692622347
llama_3_1_8b,collateral_ctilde,primary,act_kurtosis,-0.029019054380328747,0.618412618394137,-0.13380482092531876,0.0766461977401716,300,3,"effect_l2,act_max,frequency",10000,10000,1.0,0.6680419859630055
llama_3_1_8b,collateral_ctilde,primary,act_mag,0.04758212253417554,0.4139167786999846,-0.06234936031583208,0.1565827590385072,300,3,"effect_l2,act_max,frequency",10000,10000,1.0,0.5412757875307491
llama_3_1_8b,collateral_ctilde,primary,act_mean_firing,0.032640253898702246,0.5752821957492334,-0.07470322330924102,0.14067690202090405,300,3,"effect_l2,act_max,frequency",10000,10000,1.0,0.6680419859630055
llama_3_1_8b,collateral_ctilde,primary,act_std,0.06608505514984543,0.25623787461483233,-0.05113336471963883,0.17917380788877552,300,3,"effect_l2,act_max,frequency",10000,10000,1.0,0.36300365570434584
llama_3_1_8b,collateral_ctilde,primary,coact_entropy,-0.07717951042991564,0.18468802699879797,-0.19624890641286447,0.04295330843272714,300,3,"effect_l2,act_max,frequency",10000,10000,1.0,0.3488551621088406
llama_3_1_8b,collateral_ctilde,primary,coact_count,0.028168352371688778,0.6287453985534169,-0.08806036697801725,0.14459907192400118,300,3,"effect_l2,act_max,frequency",10000,10000,1.0,0.6680419859630055
llama_3_1_8b,collateral_ctilde,primary,logit_l2,0.08833643471739985,0.12878424305910124,-0.03762744062541795,0.2159210347040232,300,3,"effect_l2,act_max,frequency",10000,10000,1.0,0.3127617331435316
llama_3_1_8b,collateral_ctilde,primary,logit_linf,-0.13979418787879794,0.01591496441207487,-0.256900355493408,-0.023347970242393302,300,3,"effect_l2,act_max,frequency",10000,10000,0.20689453735697333,0.05411087900105456
llama_3_1_8b,collateral_ctilde,primary,logit_entropy,0.2295937621172459,6.509465087080762e-05,0.11494289641251085,0.33761107180391503,300,3,"effect_l2,act_max,frequency",10000,10000,0.001041514413932922,0.0005533045324018648
llama_3_1_8b,collateral_ctilde,primary,logit_top10_mass,-0.29706344459321327,1.8269937612248597e-07,-0.39416243895385694,-0.1916673751355555,300,3,"effect_l2,act_max,frequency",10000,10000,3.1058893940822614e-06,3.1058893940822614e-06
llama_3_1_8b,collateral_ctilde,robust,crowding,0.19052432882226442,0.0009481849577315371,0.08019059474712623,0.29793852568814083,300,2,"frequency,act_max",10000,10000,0.011378219492778445,0.0026865240469060216
llama_3_1_8b,collateral_ctilde,robust,crowd_max,0.11498579433132475,0.04734476754702889,-0.005080032124138022,0.23457057312672294,300,2,"frequency,act_max",10000,10000,0.42610290792326,0.08942900536661012
llama_3_1_8b,collateral_ctilde,robust,dec_norm,0.21020551282326086,0.0002578122472985184,0.09575498855982122,0.3190572218680142,300,2,"frequency,act_max",10000,10000,0.0036093714621792576,0.0010957020510187032
llama_3_1_8b,collateral_ctilde,robust,enc_norm,-0.0029521410365273767,0.9595264977784136,-0.11156718727319728,0.10708694527585344,300,2,"frequency,act_max",10000,10000,1.0,1.0
llama_3_1_8b,collateral_ctilde,robust,enc_dec_cos,-0.202909546032036,0.0004238389636929757,-0.3130481991935426,-0.08877173150881872,300,2,"frequency,act_max",10000,10000,0.005509906528008684,0.0014410524765561172
llama_3_1_8b,collateral_ctilde,robust,bin_entropy,,,,,300,2,"frequency,act_max",10000,0,,
llama_3_1_8b,collateral_ctilde,robust,act_entropy,0.1592815268331985,0.0058569569282219194,0.03981925719190146,0.2563870304382364,300,2,"frequency,act_max",10000,10000,0.06442652621044112,0.01261719703999955
llama_3_1_8b,collateral_ctilde,robust,act_kurtosis,-0.06355069910549103,0.2741522780810448,-0.16479472023920408,0.04108990341387947,300,2,"frequency,act_max",10000,10000,1.0,0.3328991948126973
llama_3_1_8b,collateral_ctilde,robust,act_mag,0.06483786949041252,0.26453107299131384,-0.04272784746732593,0.1680767416104055,300,2,"frequency,act_max",10000,10000,1.0,0.3328991948126973
llama_3_1_8b,collateral_ctilde,robust,act_mean_firing,0.07755075537755936,0.18183749125719142,-0.034152024540169995,0.18421299230512542,300,2,"frequency,act_max",10000,10000,1.0,0.2810215773974777
llama_3_1_8b,collateral_ctilde,robust,act_std,0.08651042462704171,0.13624536836964954,-0.026382404388552112,0.1958969410700761,300,2,"frequency,act_max",10000,10000,1.0,0.23161712622840422
llama_3_1_8b,collateral_ctilde,robust,coact_entropy,-0.1590263960712893,0.0059375044894115535,-0.27511067961018415,-0.04118841457343738,300,2,"frequency,act_max",10000,10000,0.06442652621044112,0.01261719703999955
llama_3_1_8b,collateral_ctilde,robust,coact_count,-0.07232169209212164,0.21318700153238831,-0.19155584373021142,0.04343583721152588,300,2,"frequency,act_max",10000,10000,1.0,0.3020149188375501
llama_3_1_8b,collateral_ctilde,robust,logit_l2,0.21835230627394583,0.0001450174545566832,0.10668734251921402,0.32438620646933886,300,2,"frequency,act_max",10000,10000,0.002320279272906931,0.0010957020510187032
llama_3_1_8b,collateral_ctilde,robust,logit_linf,-0.0580165762448597,0.31820506136067156,-0.17831462768929318,0.061592286185496954,300,2,"frequency,act_max",10000,10000,1.0,0.3606324028754278
llama_3_1_8b,collateral_ctilde,robust,logit_entropy,0.21407148660200906,0.00019673887835302276,0.10147555219178649,0.3225646684326419,300,2,"frequency,act_max",10000,10000,0.0029510831752953414,0.0010957020510187032
llama_3_1_8b,collateral_ctilde,robust,logit_top10_mass,-0.3157746491790455,2.5269670197148213e-08,-0.41217844378950413,-0.2112003901656513,300,2,"frequency,act_max",10000,10000,4.2958439335151964e-07,4.2958439335151964e-07
llama_3_1_8b,collateral_ctilde,effect_only,crowding,0.17136357886006792,0.002951333437526247,0.06144155597702381,0.2781414415471997,300,1,effect_l2,10000,10000,0.0501726684379462,0.018691778437666232
llama_3_1_8b,collateral_ctilde,effect_only,crowd_max,0.08412135454952023,0.14675910983290416,-0.03787560879492322,0.2060939298903628,300,1,effect_l2,10000,10000,1.0,0.2323685905687649
llama_3_1_8b,collateral_ctilde,effect_only,dec_norm,0.03340961431134086,0.5649889626083862,-0.0952968426440115,0.16322055205059757,300,1,effect_l2,10000,10000,1.0,0.6709243930974585
llama_3_1_8b,collateral_ctilde,effect_only,enc_norm,0.05121558164555312,0.3775226949327108,-0.05996752085738783,0.16228381372028378,300,1,effect_l2,10000,10000,1.0,0.47819541358143364
llama_3_1_8b,collateral_ctilde,effect_only,enc_dec_cos,-0.11390040523209093,0.04910482350203308,-0.23240195942409844,0.0037775295474285447,300,1,effect_l2,10000,10000,0.5401530585223638,0.10366573850429206
llama_3_1_8b,collateral_ctilde,effect_only,frequency,0.1333124971815528,0.021119889645017632,0.012701552272133588,0.25076480456927,300,1,effect_l2,10000,10000,0.2745585653852292,0.05015973790691688
llama_3_1_8b,collateral_ctilde,effect_only,bin_entropy,0.1333124971815528,0.021119889645017632,0.012701552272133588,0.25076480456927,300,1,effect_l2,10000,10000,0.2745585653852292,0.05015973790691688
llama_3_1_8b,collateral_ctilde,effect_only,act_entropy,0.1495152789349459,0.009622688335237441,0.028553327249444774,0.2650766069459387,300,1,effect_l2,10000,10000,0.15396301336379906,0.045707769592377843
llama_3_1_8b,collateral_ctilde,effect_only,act_kurtosis,-0.1418199729003185,0.014110307647991196,-0.256567943204228,-0.02290474925919127,300,1,effect_l2,10000,10000,0.21165461471986793,0.05015973790691688
llama_3_1_8b,collateral_ctilde,effect_only,act_mag,0.11040084563363957,0.05654058113044016,-0.011035238959392627,0.22765448854597897,300,1,effect_l2,10000,10000,0.5654058113044016,0.1074271041478363
llama_3_1_8b,collateral_ctilde,effect_only,act_mean_firing,-0.006410038974042516,0.9121105533935515,-0.11515202281993496,0.10024323146160863,300,1,effect_l2,10000,10000,1.0,0.9492380426556388
llama_3_1_8b,collateral_ctilde,effect_only,act_std,0.08481785188171817,0.14343119331258405,-0.03380078320688004,0.19870597707476328,300,1,effect_l2,10000,10000,1.0,0.2323685905687649
llama_3_1_8b,collateral_ctilde,effect_only,act_max,-0.003697238333894884,0.9492380426556389,-0.11745983529425831,0.11140311442975755,300,1,effect_l2,10000,10000,1.0,0.9492380426556388
llama_3_1_8b,collateral_ctilde,effect_only,coact_entropy,0.07030615554654775,0.22546823766127008,-0.05200457295508934,0.18519973622105115,300,1,effect_l2,10000,10000,1.0,0.32953050119724087
llama_3_1_8b,collateral_ctilde,effect_only,coact_count,0.025326011958507238,0.6627182362031416,-0.09326806186379054,0.14294067135278826,300,1,effect_l2,10000,10000,1.0,0.7406850875211584
llama_3_1_8b,collateral_ctilde,effect_only,logit_l2,0.056489128230663994,0.33031756096554055,-0.06673386110723582,0.1800564759374188,300,1,effect_l2,10000,10000,1.0,0.44828811845323363
llama_3_1_8b,collateral_ctilde,effect_only,logit_linf,-0.13634951379234972,0.018331442676483414,-0.2533432176640536,-0.018776332083521148,300,1,effect_l2,10000,10000,0.25664019747076783,0.05015973790691688
llama_3_1_8b,collateral_ctilde,effect_only,logit_entropy,0.21433212066338608,0.0001883794002531301,0.09876121772815984,0.32470654415427674,300,1,effect_l2,10000,10000,0.003390829204556342,0.001789604302404736
llama_3_1_8b,collateral_ctilde,effect_only,logit_top10_mass,-0.2658344101699589,3.1376450980329967e-06,-0.3692292083456699,-0.15725086831851434,300,1,effect_l2,10000,10000,5.961525686262694e-05,5.961525686262694e-05
llama_3_1_8b,kl_mean,none,crowding,0.07525861398459983,0.19362843427024656,-0.04422788149283611,0.1909946260851777,300,0,,10000,10000,0.9242407419263325,0.22993376569591778
llama_3_1_8b,kl_mean,none,crowd_max,0.07676263069589662,0.1848481483852665,-0.0390868544481118,0.19235438780974065,300,0,,10000,10000,0.9242407419263325,0.22993376569591778
llama_3_1_8b,kl_mean,none,dec_norm,0.4966317403526706,4.3374439166612294e-20,0.3956418772010625,0.5840655987862668,300,0,,10000,10000,7.807399049990213e-19,4.120571720828168e-19
llama_3_1_8b,kl_mean,none,enc_norm,-0.25210280114223493,9.873946700432406e-06,-0.36505972689249827,-0.13441193051105085,300,0,,10000,10000,0.00011848736040518887,2.3450623413526965e-05
llama_3_1_8b,kl_mean,none,enc_dec_cos,-0.12807164524050269,0.026544771595254316,-0.23638361149978676,-0.014079314838606192,300,0,,10000,10000,0.18581340116678022,0.038796204639217846
llama_3_1_8b,kl_mean,none,frequency,0.21107936700625643,0.0002311275102287935,0.09339923491011688,0.3255779336514465,300,0,,10000,10000,0.0023112751022879353,0.0003992202449406434
llama_3_1_8b,kl_mean,none,bin_entropy,0.21107936700625643,0.0002311275102287935,0.09339923491011688,0.3255779336514465,300,0,,10000,10000,0.0023112751022879353,0.0003992202449406434
llama_3_1_8b,kl_mean,none,act_entropy,0.19406304514494604,0.0007263850011405681,0.0760108682166164,0.3102399294065288,300,0,,10000,10000,0.005811080009124545,0.0011501095851392327
llama_3_1_8b,kl_mean,none,act_kurtosis,-0.11322970255225058,0.050076013816643714,-0.22846144014152264,0.002858434650046957,300,0,,10000,10000,0.30045608289986225,0.06796030446544504
llama_3_1_8b,kl_mean,none,act_mag,0.27850087223191367,9.537788006412423e-07,0.16376257269613892,0.38795410561542076,300,0,,10000,10000,1.3352903208977392e-05,3.0202995353639343e-06
llama_3_1_8b,kl_mean,none,act_mean_firing,0.27286836520405783,1.603833857606528e-06,0.16296068276409592,0.37417697130247307,300,0,,10000,10000,2.0849840148884862e-05,4.3532633277891475e-06
llama_3_1_8b,kl_mean,none,act_std,0.2847373859709552,5.292123921163299e-07,0.17446354369792308,0.3881867151755849,300,0,,10000,10000,7.938185881744949e-06,2.0110070900420535e-06
llama_3_1_8b,kl_mean,none,act_max,0.2418280203113368,2.2945903810313054e-05,0.1329673892258491,0.34667280958879665,300,0,,10000,10000,0.0002524049419134436,4.844135248843867e-05
llama_3_1_8b,kl_mean,none,coact_entropy,-0.012755252836142622,0.8258601657168638,-0.12778690629243236,0.10804829884398258,300,0,,10000,10000,0.9242407419263325,0.8258601657168638
llama_3_1_8b,kl_mean,none,coact_count,-0.3566405306882828,1.9937309683659148e-10,-0.45629200792048746,-0.24854956227612165,300,0,,10000,10000,3.389342646222055e-09,1.2626962799650795e-09
llama_3_1_8b,kl_mean,none,logit_l2,0.5010171224124712,1.8055912358093243e-20,0.40232408249947804,0.5870685145324962,300,0,,10000,10000,3.4306233480377164e-19,3.4306233480377164e-19
llama_3_1_8b,kl_mean,none,logit_linf,0.29150635007055636,2.747052991327372e-07,0.18065224081059936,0.3983962101063904,300,0,,10000,10000,4.395284786123795e-06,1.3048501708805016e-06
llama_3_1_8b,kl_mean,none,logit_entropy,0.06145760589430048,0.2886733644725241,-0.05061999716384857,0.17533509361118219,300,0,,10000,10000,0.9242407419263325,0.3226349367634093
llama_3_1_8b,kl_mean,none,logit_top10_mass,-0.05847753863931819,0.31273660850676027,-0.16886565844852322,0.05181802075801574,300,0,,10000,10000,0.9242407419263325,0.3301108645349136
llama_3_1_8b,kl_mean,primary,crowding,-0.09318005952598071,0.10903343140209436,-0.20032022216878412,0.02011838090511918,300,3,"effect_l2,act_max,frequency",10000,10000,1.0,0.23169604172945052
llama_3_1_8b,kl_mean,primary,crowd_max,-0.13052778006255844,0.02447295638899563,-0.23626221301136624,-0.0153660994442735,300,3,"effect_l2,act_max,frequency",10000,10000,0.34262138944593884,0.10401006465323143
llama_3_1_8b,kl_mean,primary,dec_norm,0.11330399670956513,0.05109302954250611,-0.012183731438536098,0.23319379467618873,300,3,"effect_l2,act_max,frequency",10000,10000,0.6552122117958655,0.1447635837037673
llama_3_1_8b,kl_mean,primary,enc_norm,-0.1390736411802446,0.01647087767850024,-0.25226585376698263,-0.020938177140551253,300,3,"effect_l2,act_max,frequency",10000,10000,0.2470631651775036,0.09333497351150137
llama_3_1_8b,kl_mean,primary,enc_dec_cos,0.0030322825726607164,0.9584990798425567,-0.10805127769098581,0.11464940503950095,300,3,"effect_l2,act_max,frequency",10000,10000,1.0,1.0
llama_3_1_8b,kl_mean,primary,bin_entropy,,,,,300,3,"effect_l2,act_max,frequency",10000,0,,
llama_3_1_8b,kl_mean,primary,act_entropy,-0.0030798257083670872,0.9578489851567242,-0.11806482762130542,0.10485983709568497,300,3,"effect_l2,act_max,frequency",10000,10000,1.0,1.0
llama_3_1_8b,kl_mean,primary,act_kurtosis,0.08587121109920419,0.13984582830622996,-0.02055621751778746,0.18443475937749884,300,3,"effect_l2,act_max,frequency",10000,10000,1.0,0.26415323124510104
llama_3_1_8b,kl_mean,primary,act_mag,0.03461694486558732,0.5523515788378637,-0.07049500207529107,0.14364339692240238,300,3,"effect_l2,act_max,frequency",10000,10000,1.0,0.7824980700203069
llama_3_1_8b,kl_mean,primary,act_mean_firing,0.06180883349884542,0.2883638405103544,-0.05315094851586326,0.17803550957605735,300,3,"effect_l2,act_max,frequency",10000,10000,1.0,0.4902185288676025
llama_3_1_8b,kl_mean,primary,act_std,0.0027335352999584544,0.9625846973731645,-0.10681998457810116,0.117014640878956,300,3,"effect_l2,act_max,frequency",10000,10000,1.0,1.0
llama_3_1_8b,kl_mean,primary,coact_entropy,-0.05572057817068065,0.33858475162902657,-0.14679303819007591,0.03858973805396291,300,3,"effect_l2,act_max,frequency",10000,10000,1.0,0.5232673434266775
llama_3_1_8b,kl_mean,primary,coact_count,-0.11364145969837093,0.05040093936891273,-0.2264267159180511,-0.0014714140985847464,300,3,"effect_l2,act_max,frequency",10000,10000,0.6552122117958655,0.1447635837037673
llama_3_1_8b,kl_mean,primary,logit_l2,0.14418676206843023,0.012867980831627558,0.022511613579393616,0.26093342830240707,300,3,"effect_l2,act_max,frequency",10000,10000,0.20588769330604093,0.09333497351150137
llama_3_1_8b,kl_mean,primary,logit_linf,0.10241235037121825,0.0780463525806866,-0.01597724288916838,0.217671455629304,300,3,"effect_l2,act_max,frequency",10000,10000,0.8585098783875525,0.18954114198166744
llama_3_1_8b,kl_mean,primary,logit_entropy,0.1550323225900908,0.007434796083620658,0.042053508591563434,0.2615326268575628,300,3,"effect_l2,act_max,frequency",10000,10000,0.12639153342155118,0.09333497351150137
llama_3_1_8b,kl_mean,primary,logit_top10_mass,-0.029785688584572832,0.6091647411088686,-0.13904386980188074,0.07982980420297321,300,3,"effect_l2,act_max,frequency",10000,10000,1.0,0.7966000460654435
llama_3_1_8b,kl_mean,robust,crowding,8.77208581559467e-05,0.9987968443278596,-0.11739036092378184,0.1159907021514647,300,2,"frequency,act_max",10000,10000,1.0,1.0
llama_3_1_8b,kl_mean,robust,crowd_max,-0.007000878735213643,0.904207908989831,-0.12167949808122999,0.11174003392571742,300,2,"frequency,act_max",10000,10000,1.0,1.0
llama_3_1_8b,kl_mean,robust,dec_norm,0.5134917009643793,1.895914155680048e-21,0.4171809846133228,0.5992656638734277,300,2,"frequency,act_max",10000,10000,3.0334626490880766e-20,1.6115270323280406e-20
llama_3_1_8b,kl_mean,robust,enc_norm,-0.2914939592494213,3.0152914257882937e-07,-0.39849639112874646,-0.17779752624690692,300,2,"frequency,act_max",10000,10000,4.221407996103611e-06,1.280793404552398e-06
llama_3_1_8b,kl_mean,robust,enc_dec_cos,-0.11339227112145858,0.05051949659481638,-0.21718307928255273,-0.0068117309440401804,300,2,"frequency,act_max",10000,10000,0.5051949659481638,0.1073539302639848
llama_3_1_8b,kl_mean,robust,bin_entropy,,,,,300,2,"frequency,act_max",10000,0,,
llama_3_1_8b,kl_mean,robust,act_entropy,0.09470657659472238,0.10274535569221578,-0.03698330553324566,0.2095445529105099,300,2,"frequency,act_max",10000,10000,0.8112469088456682,0.15878827697887893
llama_3_1_8b,kl_mean,robust,act_kurtosis,-0.0322532049422687,0.579181314330106,-0.1357345293737932,0.07043507987779789,300,2,"frequency,act_max",10000,10000,1.0,0.7032915959722715
llama_3_1_8b,kl_mean,robust,act_mag,0.0785373740761336,0.17632517474646922,-0.02916803405661647,0.1838196228642771,300,2,"frequency,act_max",10000,10000,1.0,0.24979399755749807
llama_3_1_8b,kl_mean,robust,act_mean_firing,0.17574515730487747,0.0023282408217992143,0.06828395465796487,0.28149102677473964,300,2,"frequency,act_max",10000,10000,0.025610649039791357,0.005654299138655235
llama_3_1_8b,kl_mean,robust,act_std,0.06421274707197523,0.2691743605418406,-0.047005250376156923,0.17594291783564428,300,2,"frequency,act_max",10000,10000,1.0,0.35199724070856075
llama_3_1_8b,kl_mean,robust,coact_entropy,-0.28920071587872026,3.767039425154111e-07,-0.3791867137540785,-0.19211184640518378,300,2,"frequency,act_max",10000,10000,4.897151252700345e-06,1.280793404552398e-06
llama_3_1_8b,kl_mean,robust,coact_count,-0.34876315372857386,5.988120410271381e-10,-0.4470174306483742,-0.24139121227335053,300,2,"frequency,act_max",10000,10000,8.982180615407071e-09,3.3932682324871158e-09
llama_3_1_8b,kl_mean,robust,logit_l2,0.5138363613112444,1.7644873262072365e-21,0.4162714786277897,0.5997771535467145,300,2,"frequency,act_max",10000,10000,2.999628454552302e-20,1.6115270323280406e-20
llama_3_1_8b,kl_mean,robust,logit_linf,0.27295104013817445,1.7253043141233185e-06,0.15886168050131402,0.37889933515896707,300,2,"frequency,act_max",10000,10000,2.0703651769479822e-05,4.888362223349402e-06
llama_3_1_8b,kl_mean,robust,logit_entropy,0.09507569987890808,0.10140586360570852,-0.020479262245965614,0.20860688499640906,300,2,"frequency,act_max",10000,10000,0.8112469088456682,0.15878827697887893
llama_3_1_8b,kl_mean,robust,logit_top10_mass,-0.10251282206585581,0.07725069450215023,-0.20762948603241838,0.008973451809348167,300,2,"frequency,act_max",10000,10000,0.6952562505193521,0.14591797850406155
llama_3_1_8b,kl_mean,effect_only,crowding,-0.03565778274030221,0.5390875269303957,-0.14626237616335722,0.0776913463724672,300,1,effect_l2,10000,10000,1.0,0.6025095889222071
llama_3_1_8b,kl_mean,effect_only,crowd_max,-0.06736895430169045,0.24549613418755103,-0.1758317697166147,0.04696202531851746,300,1,effect_l2,10000,10000,1.0,0.2915266593477169
llama_3_1_8b,kl_mean,effect_only,dec_norm,0.06984967061906058,0.2285022630194636,-0.04823210351106377,0.19166363576652964,300,1,effect_l2,10000,10000,1.0,0.2894361998246539
llama_3_1_8b,kl_mean,effect_only,enc_norm,-0.11618869299052845,0.04469870250900913,-0.23269330815561448,0.0038696068893772496,300,1,effect_l2,10000,10000,0.44258062745625965,0.0772068497882885
llama_3_1_8b,kl_mean,effect_only,enc_dec_cos,0.015477184144184338,0.7898383706260196,-0.09780910146694015,0.13034857607050374,300,1,effect_l2,10000,10000,1.0,0.793163547522442
llama_3_1_8b,kl_mean,effect_only,frequency,0.2219457856804,0.00010878921327270287,0.11071183144931056,0.3297093189226113,300,1,effect_l2,10000,10000,0.001958205838908652,0.0006889983507271182
llama_3_1_8b,kl_mean,effect_only,bin_entropy,0.2219457856804,0.00010878921327270287,0.11071183144931056,0.3297093189226113,300,1,effect_l2,10000,10000,0.001958205838908652,0.0006889983507271182
llama_3_1_8b,kl_mean,effect_only,act_entropy,0.2074486098777628,0.0003044761882235488,0.09421939440249345,0.31716812090700275,300,1,effect_l2,10000,10000,0.0045671428233532325,0.0011570095152494855
llama_3_1_8b,kl_mean,effect_only,act_kurtosis,-0.11642780540480753,0.044258062745625965,-0.23022406876083298,-0.0014957337601815774,300,1,effect_l2,10000,10000,0.44258062745625965,0.0772068497882885
llama_3_1_8b,kl_mean,effect_only,act_mag,0.240416665519397,2.6507463263045342e-05,0.13039419559616092,0.3447460006886151,300,1,effect_l2,10000,10000,0.0005036418019978614,0.0005036418019978614
llama_3_1_8b,kl_mean,effect_only,act_mean_firing,0.14215133089170984,0.013884548765168111,0.0335944676323834,0.250251273474013,300,1,effect_l2,10000,10000,0.16661458518201733,0.03297580331727427
llama_3_1_8b,kl_mean,effect_only,act_std,0.21656787566502178,0.00016064540701617142,0.10977795377532619,0.3209562001590078,300,1,effect_l2,10000,10000,0.0025703265122587428,0.0007630656833268142
llama_3_1_8b,kl_mean,effect_only,act_max,0.1580505174307042,0.0061675869814483844,0.04906639886078116,0.266321265156091,300,1,effect_l2,10000,10000,0.08634621774027738,0.019530692107919884
llama_3_1_8b,kl_mean,effect_only,coact_entropy,0.14995912586162172,0.009407619779119207,0.04207550377141649,0.24917123985434605,300,1,effect_l2,10000,10000,0.1222990571285497,0.025534967971894994
llama_3_1_8b,kl_mean,effect_only,coact_count,-0.11386692054322076,0.04917189827998966,-0.2275193295365803,-0.003118733145613469,300,1,effect_l2,10000,10000,0.44258062745625965,0.07785550560998362
llama_3_1_8b,kl_mean,effect_only,logit_l2,0.10746794139498815,0.06346939560199387,-0.006018565219532937,0.2238171530631755,300,1,effect_l2,10000,10000,0.44258062745625965,0.08613703688842025
llama_3_1_8b,kl_mean,effect_only,logit_linf,0.1117207483868549,0.05363336376284179,-0.007293123856968721,0.22799743916724038,300,1,effect_l2,10000,10000,0.44258062745625965,0.07838722396107647
llama_3_1_8b,kl_mean,effect_only,logit_entropy,0.12448368532392333,0.031406430260370356,0.011661441021852981,0.23311603208259343,300,1,effect_l2,10000,10000,0.3454707328640739,0.06630246388300408
llama_3_1_8b,kl_mean,effect_only,logit_top10_mass,0.015226595461968242,0.793163547522442,-0.09719085327976075,0.12796565565601375,300,1,effect_l2,10000,10000,1.0,0.793163547522442
llama_3_1_8b,kl_per_effect,none,crowding,0.008292536583739844,0.8862634923997961,-0.11081380888818407,0.12434522191451546,300,0,,10000,10000,1.0,0.9677073037025686
llama_3_1_8b,kl_per_effect,none,crowd_max,-0.002347137190413227,0.9677073037025685,-0.12290658136890133,0.1128503647800738,300,0,,10000,10000,1.0,0.9677073037025686
llama_3_1_8b,kl_per_effect,none,dec_norm,0.15387770975233062,0.007584354292066886,0.03913216184627237,0.26721919427465474,300,0,,10000,10000,0.07584354292066886,0.014233077958003321
llama_3_1_8b,kl_per_effect,none,enc_norm,-0.12778764208491206,0.02688468780606891,-0.24399909828958596,-0.007923409499017238,300,0,,10000,10000,0.21507750244855128,0.04256742235960911
llama_3_1_8b,kl_per_effect,none,enc_dec_cos,-0.03791597684418716,0.512971582713661,-0.1546668447158708,0.07580826567710336,300,0,,10000,10000,1.0,0.6091537544724723
llama_3_1_8b,kl_per_effect,none,frequency,0.23723302777367603,3.306558657263848e-05,0.12431648689193166,0.3423066229123883,300,0,,10000,10000,0.0005621149717348541,0.0001570615362200328
llama_3_1_8b,kl_per_effect,none,bin_entropy,0.23723302777367603,3.306558657263848e-05,0.12431648689193166,0.3423066229123883,300,0,,10000,10000,0.0005621149717348541,0.0001570615362200328
llama_3_1_8b,kl_per_effect,none,act_entropy,0.21771130790342114,0.00014421920558468584,0.10536817023413485,0.3228863159081099,300,0,,10000,10000,0.0021632880837702878,0.0005480329812218062
llama_3_1_8b,kl_per_effect,none,act_kurtosis,-0.12062134023711374,0.03678601937074435,-0.22757452499513678,-0.008727705133385777,300,0,,10000,10000,0.25750213559521046,0.05376418215724174
llama_3_1_8b,kl_per_effect,none,act_mag,0.27570306336737077,1.2364968736649509e-06,0.16560007714945696,0.3745130115478504,300,0,,10000,10000,2.3493440599634065e-05,2.3493440599634065e-05
llama_3_1_8b,kl_per_effect,none,act_mean_firing,0.2092832142579362,0.00026197193711478513,0.09860071625555013,0.31364131293539477,300,0,,10000,10000,0.003405635182492207,0.0007110666864544167
llama_3_1_8b,kl_per_effect,none,act_std,0.26543717152412805,3.1282775712150183e-06,0.1566598758135149,0.3643095621071321,300,0,,10000,10000,5.630899628187033e-05,2.9718636926542675e-05
llama_3_1_8b,kl_per_effect,none,act_max,0.21442860476227513,0.0001824694904621439,0.10555958821836717,0.3195411087494695,300,0,,10000,10000,0.0025545728664700144,0.0005778200531301223
llama_3_1_8b,kl_per_effect,none,coact_entropy,0.11114612384582051,0.05447592243790464,-0.0015371812376591104,0.22437836191698793,300,0,,10000,10000,0.31905076398773335,0.06900283508801254
llama_3_1_8b,kl_per_effect,none,coact_count,-0.19957343004023628,0.0005064369323081678,-0.3167212011192035,-0.07937019194750347,300,0,,10000,10000,0.006077243187698014,0.0012027877142318985
llama_3_1_8b,kl_per_effect,none,logit_l2,0.17923310259002878,0.0018287205836039215,0.06375097840901339,0.2928341180421421,300,0,,10000,10000,0.020115926419643135,0.0038606323431638343
llama_3_1_8b,kl_per_effect,none,logit_linf,0.1522848031644796,0.008240203028317713,0.03727569496332348,0.26341077858202266,300,0,,10000,10000,0.07584354292066886,0.014233077958003321
llama_3_1_8b,kl_per_effect,none,logit_entropy,0.11174708149374579,0.05317512733128889,-0.00045150971926902726,0.22360133512523353,300,0,,10000,10000,0.31905076398773335,0.06900283508801254
llama_3_1_8b,kl_per_effect,none,logit_top10_mass,0.005306281180902011,0.9270758825672003,-0.1062503271052625,0.11572597472290833,300,0,,10000,10000,1.0,0.9677073037025686
llama_3_1_8b,kl_per_effect,primary,crowding,-0.08528774567369966,0.1425673513290476,-0.19891320019044964,0.030989673175328917,300,3,"effect_l2,act_max,frequency",10000,10000,1.0,0.34623499608482994
llama_3_1_8b,kl_per_effect,primary,crowd_max,-0.10985457902584347,0.05863197212135846,-0.22282038993104944,0.003490209624318964,300,3,"effect_l2,act_max,frequency",10000,10000,0.76221563757766,0.19934870521261877
llama_3_1_8b,kl_per_effect,primary,dec_norm,0.07951686903863442,0.17170203636077097,-0.0388493292661675,0.19862666165189108,300,3,"effect_l2,act_max,frequency",10000,10000,1.0,0.3648668272666383
llama_3_1_8b,kl_per_effect,primary,enc_norm,-0.11453843074018158,0.04859928310036496,-0.2315988045730158,0.003958667887898918,300,3,"effect_l2,act_max,frequency",10000,10000,0.7289892465054744,0.19934870521261877
llama_3_1_8b,kl_per_effect,primary,enc_dec_cos,-0.005099851317596284,0.9302588305609699,-0.1164604896445965,0.10618583936722698,300,3,"effect_l2,act_max,frequency",10000,10000,1.0,1.0
llama_3_1_8b,kl_per_effect,primary,bin_entropy,,,,,300,3,"effect_l2,act_max,frequency",10000,0,,
llama_3_1_8b,kl_per_effect,primary,act_entropy,-0.005798524468710293,0.9207338247010206,-0.12625882178475967,0.1093074206977649,300,3,"effect_l2,act_max,frequency",10000,10000,1.0,1.0
llama_3_1_8b,kl_per_effect,primary,act_kurtosis,0.07489584407292363,0.19806044308523924,-0.038519570908602155,0.17948334181421396,300,3,"effect_l2,act_max,frequency",10000,10000,1.0,0.3741141702721185
llama_3_1_8b,kl_per_effect,primary,act_mag,0.025423921990194984,0.6625676875465993,-0.09147581346359447,0.1440156318823635,300,3,"effect_l2,act_max,frequency",10000,10000,1.0,0.9266439791654313
llama_3_1_8b,kl_per_effect,primary,act_mean_firing,0.07130180500247195,0.2205107026206251,-0.04233974409945364,0.18253282869421272,300,3,"effect_l2,act_max,frequency",10000,10000,1.0,0.3748681944550627
llama_3_1_8b,kl_per_effect,primary,act_std,0.003512172004771649,0.951938507395602,-0.11060251842607621,0.12082864603931309,300,3,"effect_l2,act_max,frequency",10000,10000,1.0,1.0
llama_3_1_8b,kl_per_effect,primary,coact_entropy,-0.06344080533946968,0.27579828539912254,-0.16326599007626813,0.03949935808665132,300,3,"effect_l2,act_max,frequency",10000,10000,1.0,0.426233713798644
llama_3_1_8b,kl_per_effect,primary,coact_count,-0.13966888021169654,0.016010445709207215,-0.25055216277753184,-0.027814658283010028,300,3,"effect_l2,act_max,frequency",10000,10000,0.25616713134731545,0.13608878852826134
llama_3_1_8b,kl_per_effect,primary,logit_l2,0.11450975064320067,0.048656045855700575,-0.00042384789503005976,0.2296159229817826,300,3,"effect_l2,act_max,frequency",10000,10000,0.7289892465054744,0.19934870521261877
llama_3_1_8b,kl_per_effect,primary,logit_linf,0.09014302125250913,0.12111678616556538,-0.024281271722723582,0.20239449417569377,300,3,"effect_l2,act_max,frequency",10000,10000,1.0,0.34316422746910197
llama_3_1_8b,kl_per_effect,primary,logit_entropy,0.1566089567685007,0.006845360401715812,0.03919580044542153,0.2693245467251387,300,3,"effect_l2,act_max,frequency",10000,10000,0.1163711268291688,0.1163711268291688
llama_3_1_8b,kl_per_effect,primary,logit_top10_mass,-0.02177488367663785,0.7086101017147416,-0.13776858694392105,0.09442100425081723,300,3,"effect_l2,act_max,frequency",10000,10000,1.0,0.9266439791654313
llama_3_1_8b,kl_per_effect,robust,crowding,-0.06722556992592044,0.2473029167991585,-0.17995193192385786,0.050756347706823406,300,2,"frequency,act_max",10000,10000,1.0,0.4204149585585695
llama_3_1_8b,kl_per_effect,robust,crowd_max,-0.08595351955283531,0.13879517731554972,-0.19523445118858437,0.02917106638942005,300,2,"frequency,act_max",10000,10000,1.0,0.262168668262705
llama_3_1_8b,kl_per_effect,robust,dec_norm,0.15785402309240498,0.006320547951604533,0.04052534515940437,0.26822611198257035,300,2,"frequency,act_max",10000,10000,0.094808219274068,0.03420066139933653
llama_3_1_8b,kl_per_effect,robust,enc_norm,-0.15114325668049805,0.008969861867797314,-0.26233305812765184,-0.03426638838090223,300,2,"frequency,act_max",10000,10000,0.1255780661491624,0.03420066139933653
llama_3_1_8b,kl_per_effect,robust,enc_dec_cos,-0.031489981412296586,0.5881967318206656,-0.1417694710767636,0.08032135032839106,300,2,"frequency,act_max",10000,10000,1.0,0.7142388886393797
llama_3_1_8b,kl_per_effect,robust,bin_entropy,,,,,300,2,"frequency,act_max",10000,0,,
llama_3_1_8b,kl_per_effect,robust,act_entropy,0.016588687853553597,0.7755052794798379,-0.10797506962843825,0.13087568754027146,300,2,"frequency,act_max",10000,10000,1.0,0.8239743594473278
llama_3_1_8b,kl_per_effect,robust,act_kurtosis,0.05059662562402558,0.38412558543099523,-0.06409539668070209,0.15996415276943007,300,2,"frequency,act_max",10000,10000,1.0,0.59364863202972
llama_3_1_8b,kl_per_effect,robust,act_mag,0.03689636095439407,0.5257746851446191,-0.0735610769547317,0.15175421131907307,300,2,"frequency,act_max",10000,10000,1.0,0.6875515113429634
llama_3_1_8b,kl_per_effect,robust,act_mean_firing,0.09850112283164926,0.0896254552165342,-0.01618291401279566,0.21167791420611176,300,2,"frequency,act_max",10000,10000,0.896254552165342,0.19045409233513516
llama_3_1_8b,kl_per_effect,robust,act_std,0.017692382069958424,0.761007457571263,-0.0931028988681099,0.13819182826959045,300,2,"frequency,act_max",10000,10000,1.0,0.8239743594473278
llama_3_1_8b,kl_per_effect,robust,coact_entropy,-0.11469211854317679,0.04791696979183864,-0.2188167187084528,-0.006770448159993951,300,2,"frequency,act_max",10000,10000,0.527086667710225,0.11636978378017956
llama_3_1_8b,kl_per_effect,robust,coact_count,-0.1863079305221486,0.0012336163909902615,-0.2989336650518409,-0.070035001423049,300,2,"frequency,act_max",10000,10000,0.020971478646834445,0.014706638975031473
llama_3_1_8b,kl_per_effect,robust,logit_l2,0.1807532709346023,0.0017301928205919381,0.06589497293290733,0.29081967838406864,300,2,"frequency,act_max",10000,10000,0.02768308512947101,0.014706638975031473
llama_3_1_8b,kl_per_effect,robust,logit_linf,0.1297985787844599,0.025042844962285645,0.015002662839747972,0.24239125541585294,300,2,"frequency,act_max",10000,10000,0.3005141395474277,0.07095472739314267
llama_3_1_8b,kl_per_effect,robust,logit_entropy,0.14888968677013442,0.010059018058628392,0.03450143161679314,0.26040173092838076,300,2,"frequency,act_max",10000,10000,0.1307672347621691,0.03420066139933653
llama_3_1_8b,kl_per_effect,robust,logit_top10_mass,-0.03958040050773658,0.4960873861280607,-0.1520398977758357,0.07534225842848277,300,2,"frequency,act_max",10000,10000,1.0,0.6875515113429634
llama_3_1_8b,kl_per_effect,effect_only,crowding,-0.02074922933162109,0.7208497532419869,-0.13545289670555058,0.09421410575736312,300,1,effect_l2,10000,10000,1.0,0.7608969617554305
llama_3_1_8b,kl_per_effect,effect_only,crowd_max,-0.03923331033376502,0.49915113302801795,-0.15235577475235065,0.07213293863243372,300,1,effect_l2,10000,10000,1.0,0.597701947251337
llama_3_1_8b,kl_per_effect,effect_only,dec_norm,0.03885258145857562,0.5033279555800733,-0.07599746670962942,0.15424658147639844,300,1,effect_l2,10000,10000,1.0,0.597701947251337
llama_3_1_8b,kl_per_effect,effect_only,enc_norm,-0.08617295646032633,0.1371218455006638,-0.20623173570205125,0.036817549960581786,300,1,effect_l2,10000,10000,0.9598529185046467,0.20040885111635479
llama_3_1_8b,kl_per_effect,effect_only,enc_dec_cos,0.0009160022457533435,0.9874156339762576,-0.11314449884544797,0.11446689343462342,300,1,effect_l2,10000,10000,1.0,0.9874156339762576
llama_3_1_8b,kl_per_effect,effect_only,frequency,0.23024354246508863,5.8512680100758464e-05,0.12052858854989033,0.33746127652402563,300,1,effect_l2,10000,10000,0.0009947155617128938,0.0002779352304786027
llama_3_1_8b,kl_per_effect,effect_only,bin_entropy,0.23024354246508863,5.8512680100758464e-05,0.12052858854989033,0.33746127652402563,300,1,effect_l2,10000,10000,0.0009947155617128938,0.0002779352304786027
llama_3_1_8b,kl_per_effect,effect_only,act_entropy,0.21192838174416473,0.0002231550026544542,0.10072294237519477,0.32123136234434846,300,1,effect_l2,10000,10000,0.003347325039816813,0.0008479890100869259
llama_3_1_8b,kl_per_effect,effect_only,act_kurtosis,-0.11606194628846915,0.04493376240835177,-0.2248403016782341,-0.0037729235801970485,300,1,effect_l2,10000,10000,0.40440386167516595,0.07761286234169852
llama_3_1_8b,kl_per_effect,effect_only,act_mag,0.25626592719138097,7.194310285596093e-06,0.14782461945272582,0.36170013619493196,300,1,effect_l2,10000,10000,0.00013669189542632576,0.00013669189542632576
llama_3_1_8b,kl_per_effect,effect_only,act_mean_firing,0.17161807933490528,0.0029085293182742633,0.06061079715121037,0.2807534670888707,300,1,effect_l2,10000,10000,0.03781088113756542,0.007894579578173
llama_3_1_8b,kl_per_effect,effect_only,act_std,0.2400957844059609,2.7192391742699657e-05,0.13025655103039827,0.34593135758487054,300,1,effect_l2,10000,10000,0.0004894630513685938,0.00025832772155564676
llama_3_1_8b,kl_per_effect,effect_only,act_max,0.18695477822372683,0.0011626320153269682,0.07515379464251473,0.29585410991806643,300,1,effect_l2,10000,10000,0.016276848214577554,0.003681668048535399
llama_3_1_8b,kl_per_effect,effect_only,coact_entropy,0.15160999594176844,0.008644647745872737,0.04237710640690301,0.25861128573937775,300,1,effect_l2,10000,10000,0.10373577295047284,0.02053103839644775
llama_3_1_8b,kl_per_effect,effect_only,coact_count,-0.13847376450351107,0.016576921976970912,-0.24665043299117828,-0.026281291468893894,300,1,effect_l2,10000,10000,0.18234614174668004,0.03499572417360526
llama_3_1_8b,kl_per_effect,effect_only,logit_l2,0.08028543740404316,0.16614844624538902,-0.028438513534764644,0.19022397487897924,300,1,effect_l2,10000,10000,0.9968906774723341,0.22548717704731366
llama_3_1_8b,kl_per_effect,effect_only,logit_linf,0.1012049250658912,0.08061044273831931,-0.014834333085477408,0.21450821401829478,300,1,effect_l2,10000,10000,0.6448835419065545,0.1276332010023389
llama_3_1_8b,kl_per_effect,effect_only,logit_entropy,0.12348817354920666,0.03279840675366017,0.008088369055170387,0.23589486244974914,300,1,effect_l2,10000,10000,0.3279840675366017,0.06231697283195432
llama_3_1_8b,kl_per_effect,effect_only,logit_top10_mass,0.025338528827398055,0.6625618035557713,-0.08805621528724299,0.13821982547310352,300,1,effect_l2,10000,10000,1.0,0.7405102510329209
llama_3_1_8b,collateral_raw_nodense,none,crowding,0.24179095533760192,2.3014291654983872e-05,0.12825919678993872,0.3482105124446508,300,0,,10000,10000,0.00029918579151479033,6.246736306352766e-05
llama_3_1_8b,collateral_raw_nodense,none,crowd_max,0.16990961455772075,0.0031559023337658135,0.05297714570008494,0.28311191119025086,300,0,,10000,10000,0.015779511668829068,0.0039974762894366975
llama_3_1_8b,collateral_raw_nodense,none,dec_norm,0.47641904631324644,2.1013973947530857e-18,0.37839663682552893,0.5667276184092934,300,0,,10000,10000,3.782515310555554e-17,1.9963275250154314e-17
llama_3_1_8b,collateral_raw_nodense,none,enc_norm,-0.1054133871814041,0.06826186865810283,-0.21726437586326863,0.008733383305575066,300,0,,10000,10000,0.13652373731620565,0.07205419469466409
llama_3_1_8b,collateral_raw_nodense,none,enc_dec_cos,-0.2593052910614547,5.34872382555655e-06,-0.3636496905097964,-0.1511109842683586,300,0,,10000,10000,8.023085738334825e-05,2.032515053711489e-05
llama_3_1_8b,collateral_raw_nodense,none,frequency,0.23677871656853344,3.426844421764116e-05,0.12405869044553376,0.34464725701744825,300,0,,10000,10000,0.0003769528863940527,6.51100440135182e-05
llama_3_1_8b,collateral_raw_nodense,none,bin_entropy,0.23677871656853344,3.426844421764116e-05,0.12405869044553376,0.34464725701744825,300,0,,10000,10000,0.0003769528863940527,6.51100440135182e-05
llama_3_1_8b,collateral_raw_nodense,none,act_entropy,0.23814473756099475,3.0771061292845366e-05,0.12525323471840988,0.3465768876289504,300,0,,10000,10000,0.0003692527355141444,6.51100440135182e-05
llama_3_1_8b,collateral_raw_nodense,none,act_kurtosis,-0.21143973721956077,0.00022536252088417875,-0.3199419159354045,-0.09892659208993153,300,0,,10000,10000,0.00180290016707343,0.00035682399139994975
llama_3_1_8b,collateral_raw_nodense,none,act_mag,0.2837686875692388,5.804637469564817e-07,0.17186918475307786,0.38971168497148756,300,0,,10000,10000,9.867883698260188e-06,3.6762703973910505e-06
llama_3_1_8b,collateral_raw_nodense,none,act_mean_firing,0.20790064348100826,0.0002882847967664252,0.09551148292938744,0.32020859336651525,300,0,,10000,10000,0.0020179935773649766,0.0004213393183509292
llama_3_1_8b,collateral_raw_nodense,none,act_std,0.27695453195356307,1.1013249241635281e-06,0.1648922541602336,0.38417100430537604,300,0,,10000,10000,1.762119878661645e-05,5.231293389776759e-06
llama_3_1_8b,collateral_raw_nodense,none,act_max,0.1662998456239371,0.003870678418623364,0.05095522715812516,0.27792785252388225,300,0,,10000,10000,0.015779511668829068,0.004596430622115245
llama_3_1_8b,collateral_raw_nodense,none,coact_entropy,0.010563941445671873,0.8554147353031312,-0.10988043110313425,0.13114448826200828,300,0,,10000,10000,0.8554147353031312,0.8554147353031311
llama_3_1_8b,collateral_raw_nodense,none,coact_count,-0.24575525315120592,1.6695603106170686e-05,-0.35467831972402175,-0.13144026230094374,300,0,,10000,10000,0.00023373844348638958,5.286940983620717e-05
llama_3_1_8b,collateral_raw_nodense,none,logit_l2,0.48414264500717874,4.916687108684177e-19,0.3869911668233752,0.5726636072137964,300,0,,10000,10000,9.341705506499936e-18,9.341705506499936e-18
llama_3_1_8b,collateral_raw_nodense,none,logit_linf,0.17374696651011007,0.002529219965208202,0.05749069224918083,0.2869600805847832,300,0,,10000,10000,0.015175319791249212,0.003432512809925417
llama_3_1_8b,collateral_raw_nodense,none,logit_entropy,0.12119913719325721,0.035886799713625725,0.008857570512162186,0.23134345504051604,300,0,,10000,10000,0.10766039914087717,0.04010877615052287
llama_3_1_8b,collateral_raw_nodense,none,logit_top10_mass,-0.22401014301286212,9.09222091925251e-05,-0.3297022031266877,-0.11343872748594502,300,0,,10000,10000,0.0008182998827327259,0.00015704745224163425
llama_3_1_8b,collateral_raw_nodense,primary,crowding,0.16087066225446434,0.005455589178401837,0.04967325343491356,0.26798295890882456,300,3,"effect_l2,act_max,frequency",10000,10000,0.07092265931922388,0.018549003206566245
llama_3_1_8b,collateral_raw_nodense,primary,crowd_max,0.036361350209663384,0.5324935382956452,-0.08306680357922369,0.155097219751488,300,3,"effect_l2,act_max,frequency",10000,10000,1.0,0.6034926767350645
llama_3_1_8b,collateral_raw_nodense,primary,dec_norm,0.13721027178706774,0.017987867764546923,0.00010777259521474174,0.26440138567856925,300,3,"effect_l2,act_max,frequency",10000,10000,0.21585441317456308,0.05096562533288295
llama_3_1_8b,collateral_raw_nodense,primary,enc_norm,0.08317089766276996,0.15278152495439218,-0.03320811947136125,0.19867818982915786,300,3,"effect_l2,act_max,frequency",10000,10000,1.0,0.23611690220224243
llama_3_1_8b,collateral_raw_nodense,primary,enc_dec_cos,-0.23898437642995404,3.15922082772232e-05,-0.3473409372980705,-0.12242538052392261,300,3,"effect_l2,act_max,frequency",10000,10000,0.0005054753324355712,0.00026853377035639716
llama_3_1_8b,collateral_raw_nodense,primary,bin_entropy,,,,,300,3,"effect_l2,act_max,frequency",10000,0,,
llama_3_1_8b,collateral_raw_nodense,primary,act_entropy,0.10867125744696142,0.061421076497482456,-0.009324052421017354,0.21063076866966088,300,3,"effect_l2,act_max,frequency",10000,10000,0.5527896884773421,0.11601758893968908
llama_3_1_8b,collateral_raw_nodense,primary,act_kurtosis,-0.06293166200408322,0.2796779616265583,-0.1682869329620619,0.047057981791042654,300,3,"effect_l2,act_max,frequency",10000,10000,1.0,0.3657327190501147
llama_3_1_8b,collateral_raw_nodense,primary,act_mag,0.12603000412081172,0.02989580213636613,0.011545340090724126,0.22993795704873984,300,3,"effect_l2,act_max,frequency",10000,10000,0.2989580213636613,0.06352857953977803
llama_3_1_8b,collateral_raw_nodense,primary,act_mean_firing,0.08660560330524218,0.13647707315266583,-0.024402566812075033,0.19086628857700935,300,3,"effect_l2,act_max,frequency",10000,10000,1.0,0.23201102435953191
llama_3_1_8b,collateral_raw_nodense,primary,act_std,0.13096773240446521,0.023991190874919844,0.010120554234568048,0.23995208384059954,300,3,"effect_l2,act_max,frequency",10000,10000,0.2639030996241183,0.058264320696233905
llama_3_1_8b,collateral_raw_nodense,primary,coact_entropy,-0.07680830148274174,0.18681524400910615,-0.1965547337480084,0.045523616873488194,300,3,"effect_l2,act_max,frequency",10000,10000,1.0,0.2646549290129004
llama_3_1_8b,collateral_raw_nodense,primary,coact_count,0.02928355014122009,0.6152151167312059,-0.09262098259783827,0.1488630603031616,300,3,"effect_l2,act_max,frequency",10000,10000,1.0,0.6536660615269062
llama_3_1_8b,collateral_raw_nodense,primary,logit_l2,0.16993738454756482,0.0033066250573139397,0.03843031622735531,0.2912664800781463,300,3,"effect_l2,act_max,frequency",10000,10000,0.04629275080239516,0.014053156493584244
llama_3_1_8b,collateral_raw_nodense,primary,logit_linf,-0.04230759048288101,0.4676141348600363,-0.16164178261613496,0.08042847385329695,300,3,"effect_l2,act_max,frequency",10000,10000,1.0,0.5678171637586155
llama_3_1_8b,collateral_raw_nodense,primary,logit_entropy,0.2257179290527284,8.697820753958793e-05,0.10788655268106197,0.3354774054404823,300,3,"effect_l2,act_max,frequency",10000,10000,0.001304673113093819,0.0004928765093909982
llama_3_1_8b,collateral_raw_nodense,primary,logit_top10_mass,-0.2561181363071482,7.82098291122337e-06,-0.3651887522953275,-0.14267142906309735,300,3,"effect_l2,act_max,frequency",10000,10000,0.0001329567094907973,0.0001329567094907973
llama_3_1_8b,collateral_raw_nodense,robust,crowding,0.1976081323251428,0.000601803830941462,0.0804554028909484,0.3112788872206978,300,2,"frequency,act_max",10000,10000,0.006619842140356083,0.001461523589429265
llama_3_1_8b,collateral_raw_nodense,robust,crowd_max,0.1190778357807076,0.03994883613565834,0.001711012868346658,0.2369259656078264,300,2,"frequency,act_max",10000,10000,0.11984650840697503,0.045275347620412784
llama_3_1_8b,collateral_raw_nodense,robust,dec_norm,0.5106260836007067,3.4344693022860894e-21,0.41602262172762544,0.594260383022825,300,2,"frequency,act_max",10000,10000,5.495150883657743e-20,2.919298906943176e-20
llama_3_1_8b,collateral_raw_nodense,robust,enc_norm,-0.11703073951851271,0.04351684182003725,-0.22871714974549365,-0.0004579816412987257,300,2,"frequency,act_max",10000,10000,0.11984650840697503,0.046236644433789574
llama_3_1_8b,collateral_raw_nodense,robust,enc_dec_cos,-0.2992804931581533,1.3953842807074385e-07,-0.399582979987928,-0.1901672238714881,300,2,"frequency,act_max",10000,10000,2.0930764210611577e-06,7.907177590675485e-07
llama_3_1_8b,collateral_raw_nodense,robust,bin_entropy,,,,,300,2,"frequency,act_max",10000,0,,
llama_3_1_8b,collateral_raw_nodense,robust,act_entropy,0.17928834079045175,0.0018886590681710773,0.05875979382448212,0.276063731719833,300,2,"frequency,act_max",10000,10000,0.016997931613539696,0.0035674671287675907
llama_3_1_8b,collateral_raw_nodense,robust,act_kurtosis,-0.1445192229347543,0.012509792017300686,-0.24835930777394138,-0.03591833824871295,300,2,"frequency,act_max",10000,10000,0.05003916806920274,0.01519046173529369
llama_3_1_8b,collateral_raw_nodense,robust,act_mag,0.15013106442592644,0.009445380122726495,0.03841273190691145,0.2549966098022198,300,2,"frequency,act_max",10000,10000,0.04722690061363248,0.012351650929719264
llama_3_1_8b,collateral_raw_nodense,robust,act_mean_firing,0.19133890624749803,0.0009006097835816247,0.08424704351090744,0.2945035715809751,300,2,"frequency,act_max",10000,10000,0.009006097835816247,0.0019137957901109526
llama_3_1_8b,collateral_raw_nodense,robust,act_std,0.16403230296466817,0.004525653345707516,0.04900849059024609,0.27324692926999905,300,2,"frequency,act_max",10000,10000,0.036205226765660126,0.007693610687702776
llama_3_1_8b,collateral_raw_nodense,robust,coact_entropy,-0.29600288031172634,1.9353659686008354e-07,-0.39510058759084266,-0.1877554366884761,300,2,"frequency,act_max",10000,10000,2.7095123560411696e-06,8.225305366553551e-07
llama_3_1_8b,collateral_raw_nodense,robust,coact_count,-0.23703613084839328,3.5690170329645115e-05,-0.34744230067030873,-0.11915773699639043,300,2,"frequency,act_max",10000,10000,0.0004282820439557414,0.00010112214926732783
llama_3_1_8b,collateral_raw_nodense,robust,logit_l2,0.5138989699077006,1.7415948909100023e-21,0.42014547375827804,0.5972723795419778,300,2,"frequency,act_max",10000,10000,2.960711314547004e-20,2.919298906943176e-20
llama_3_1_8b,collateral_raw_nodense,robust,logit_linf,0.15721724315210173,0.006537743777664277,0.042712453723324835,0.2696219908798042,300,2,"frequency,act_max",10000,10000,0.04576420644364994,0.010103785838208429
llama_3_1_8b,collateral_raw_nodense,robust,logit_entropy,0.15550696737152753,0.007154517409584991,0.044898322193856116,0.26316834612482937,300,2,"frequency,act_max",10000,10000,0.04576420644364994,0.010135566330245404
llama_3_1_8b,collateral_raw_nodense,robust,logit_top10_mass,-0.27974214866099967,9.2423055659681e-07,-0.38132957455423677,-0.17334967534120385,300,2,"frequency,act_max",10000,10000,1.201499723575853e-05,3.142383892429154e-06
llama_3_1_8b,collateral_raw_nodense,effect_only,crowding,0.18333915409161408,0.0014526404146753928,0.07204040072514296,0.2922633102859632,300,1,effect_l2,10000,10000,0.01597904456142932,0.003066685319870274
llama_3_1_8b,collateral_raw_nodense,effect_only,crowd_max,0.062299153760111074,0.28291942217973376,-0.05493111802317463,0.18024363968690862,300,1,effect_l2,10000,10000,1.0,0.3162040600832319
llama_3_1_8b,collateral_raw_nodense,effect_only,dec_norm,0.07455979707752379,0.1985654739175087,-0.05344158953037683,0.20438740283454843,300,1,effect_l2,10000,10000,1.0,0.29021107726405115
llama_3_1_8b,collateral_raw_nodense,effect_only,enc_norm,0.0664021538010348,0.2523521443809573,-0.05179653578343062,0.18166018557626862,300,1,effect_l2,10000,10000,1.0,0.3149926265639945
llama_3_1_8b,collateral_raw_nodense,effect_only,enc_dec_cos,-0.16266715792740263,0.004805343458989737,-0.27906516290913314,-0.040403975366633725,300,1,effect_l2,10000,10000,0.043248091130907634,0.008300138701891365
llama_3_1_8b,collateral_raw_nodense,effect_only,frequency,0.24952871011809497,1.2657777595070215e-05,0.1282335390512526,0.36121092284086653,300,1,effect_l2,10000,10000,0.00022783999671126387,8.016592476877802e-05
llama_3_1_8b,collateral_raw_nodense,effect_only,bin_entropy,0.24952871011809497,1.2657777595070215e-05,0.1282335390512526,0.36121092284086653,300,1,effect_l2,10000,10000,0.00022783999671126387,8.016592476877802e-05
llama_3_1_8b,collateral_raw_nodense,effect_only,act_entropy,0.25811776869176895,6.142394988819553e-06,0.13724645818315453,0.36972741624475286,300,1,effect_l2,10000,10000,0.00011670550478757151,8.016592476877802e-05
llama_3_1_8b,collateral_raw_nodense,effect_only,act_kurtosis,-0.23705855917927457,3.455908604855953e-05,-0.3486932930622943,-0.1167496279715226,300,1,effect_l2,10000,10000,0.000518386290728393,0.0001313245269845262
llama_3_1_8b,collateral_raw_nodense,effect_only,act_mag,0.24551808115875529,1.7586359964244302e-05,0.1301167044657914,0.3544414086617495,300,1,effect_l2,10000,10000,0.00028138175942790883,8.353520983016044e-05
llama_3_1_8b,collateral_raw_nodense,effect_only,act_mean_firing,0.06463061642057027,0.26525694868546906,-0.03606557208662192,0.16805224884341605,300,1,effect_l2,10000,10000,1.0,0.3149926265639945
llama_3_1_8b,collateral_raw_nodense,effect_only,act_std,0.2076254220520355,0.0003008018078434466,0.09528982311777619,0.3134907022870347,300,1,effect_l2,10000,10000,0.004211225309808253,0.0009525390581709142
llama_3_1_8b,collateral_raw_nodense,effect_only,act_max,0.06478884109251644,0.26408629413765444,-0.040408624377605215,0.1711344752613524,300,1,effect_l2,10000,10000,1.0,0.3149926265639945
llama_3_1_8b,collateral_raw_nodense,effect_only,coact_entropy,0.16638790649523796,0.0039116125274932965,0.04104344695388054,0.28117751269913466,300,1,effect_l2,10000,10000,0.03911612527493297,0.007432063802237264
llama_3_1_8b,collateral_raw_nodense,effect_only,coact_count,0.023867881509664686,0.6810402010880152,-0.097626797107355,0.14069995328428,300,1,effect_l2,10000,10000,1.0,0.6810402010880152
llama_3_1_8b,collateral_raw_nodense,effect_only,logit_l2,0.11484364198207926,0.04724653711055103,-0.014197127404661067,0.24471028501673397,300,1,effect_l2,10000,10000,0.37797229688440825,0.0748070170917058
llama_3_1_8b,collateral_raw_nodense,effect_only,logit_linf,-0.033423769348637174,0.5648240357849058,-0.150344976070838,0.08641193635793942,300,1,effect_l2,10000,10000,1.0,0.5962031488840673
llama_3_1_8b,collateral_raw_nodense,effect_only,logit_entropy,0.19297756520177559,0.000795077997831145,0.07398714494671631,0.30594996824799164,300,1,effect_l2,10000,10000,0.00954093597397374,0.0018883102448489695
llama_3_1_8b,collateral_raw_nodense,effect_only,logit_top10_mass,-0.1981822104728819,0.0005672966931386599,-0.30809391789689394,-0.08011471252751658,300,1,effect_l2,10000,10000,0.007374857010802578,0.0015398053099477912
llama_3_1_8b,collateral_ctilde_nodense,none,crowding,0.24175468616317958,2.3081397964814624e-05,0.13147142716443208,0.3472314455625436,300,0,,10000,10000,0.00027697677557777546,5.4818320166434735e-05
llama_3_1_8b,collateral_ctilde_nodense,none,crowd_max,0.13796775519727997,0.01679608105934859,0.023979564109090336,0.25148090600341966,300,0,,10000,10000,0.10077648635609154,0.02279468143768737
llama_3_1_8b,collateral_ctilde_nodense,none,dec_norm,0.2984286492072134,1.3800765783884346e-07,0.19138923123291807,0.39729868131826557,300,0,,10000,10000,2.4841378410991825e-06,1.311072749469013e-06
llama_3_1_8b,collateral_ctilde_nodense,none,enc_norm,-0.019374437493749938,0.7382244509035802,-0.12978260926980867,0.09242763834144399,300,0,,10000,10000,0.7382244509035802,0.7382244509035802
llama_3_1_8b,collateral_ctilde_nodense,none,enc_dec_cos,-0.23973910821231348,2.711603538284824e-05,-0.34526581019496483,-0.130396288977069,300,0,,10000,10000,0.00029827638921133063,5.724496358601295e-05
llama_3_1_8b,collateral_ctilde_nodense,none,frequency,0.2488607927562368,1.2934739968847496e-05,0.13218059990229003,0.3565369597748486,300,0,,10000,10000,0.00018108635956386496,3.5108579915443205e-05
llama_3_1_8b,collateral_ctilde_nodense,none,bin_entropy,0.2488607927562368,1.2934739968847496e-05,0.13218059990229003,0.3565369597748486,300,0,,10000,10000,0.00018108635956386496,3.5108579915443205e-05
llama_3_1_8b,collateral_ctilde_nodense,none,act_entropy,0.2522885809842332,9.721263556906316e-06,0.13453662901052568,0.35878318949263177,300,0,,10000,10000,0.00015554021691050105,3.5108579915443205e-05
llama_3_1_8b,collateral_ctilde_nodense,none,act_kurtosis,-0.22215224613606818,0.0001043178057633476,-0.33086920371139983,-0.10390520846442595,300,0,,10000,10000,0.0009388602518701284,0.00018018530086396403
llama_3_1_8b,collateral_ctilde_nodense,none,act_mag,0.2725328059200658,1.6536661840608626e-06,0.1633272594153398,0.37712380969849174,300,0,,10000,10000,2.8112325129034665e-05,1.0473219165718796e-05
llama_3_1_8b,collateral_ctilde_nodense,none,act_mean_firing,0.1503834487049856,0.00908880671283709,0.042157075306190075,0.257177048100274,300,0,,10000,10000,0.06362164698985963,0.013283640580300361
llama_3_1_8b,collateral_ctilde_nodense,none,act_std,0.25218680207557864,9.804630406628529e-06,0.14458599095362462,0.35626176574047974,300,0,,10000,10000,0.00015554021691050105,3.5108579915443205e-05
llama_3_1_8b,collateral_ctilde_nodense,none,act_max,0.12961655129501443,0.024759701673570743,0.02056322292936862,0.2377568172002217,300,0,,10000,10000,0.11294149507014367,0.029402145737365257
llama_3_1_8b,collateral_ctilde_nodense,none,coact_entropy,0.07863731819242437,0.17431880198133057,-0.04841613243893297,0.19793305540226327,300,0,,10000,10000,0.4897952022180458,0.18400317986918224
llama_3_1_8b,collateral_ctilde_nodense,none,coact_count,-0.13163090530371663,0.022588299014028736,-0.2439107704515595,-0.01536676624862492,300,0,,10000,10000,0.11294149507014367,0.028611845417769732
llama_3_1_8b,collateral_ctilde_nodense,none,logit_l2,0.3153128368092979,2.3830896139086142e-08,0.2090869411504527,0.41270765545036603,300,0,,10000,10000,4.527870266426367e-07,4.527870266426367e-07
llama_3_1_8b,collateral_ctilde_nodense,none,logit_linf,0.08069822998033312,0.16326506740601526,-0.03509901508817739,0.19500975669942383,300,0,,10000,10000,0.4897952022180458,0.18247272239495824
llama_3_1_8b,collateral_ctilde_nodense,none,logit_entropy,0.15797984309819388,0.006104622969247412,0.04424695728091551,0.27057952349327896,300,0,,10000,10000,0.048836983753979296,0.009665653034641735
llama_3_1_8b,collateral_ctilde_nodense,none,logit_top10_mass,-0.22836031511461238,6.560864077986804e-05,-0.33776329061536775,-0.1171437853357125,300,0,,10000,10000,0.0006560864077986804,0.00012465641748174926
llama_3_1_8b,collateral_ctilde_nodense,primary,crowding,0.1774369331305507,0.0021449678693145615,0.06752777810371571,0.28560603534113516,300,3,"effect_l2,act_max,frequency",10000,10000,0.03002955017040386,0.009116113444586887
llama_3_1_8b,collateral_ctilde_nodense,primary,crowd_max,0.044939696676124935,0.4403509533400912,-0.07048702946114337,0.16277883977371999,300,3,"effect_l2,act_max,frequency",10000,10000,1.0,0.5043445529492396
llama_3_1_8b,collateral_ctilde_nodense,primary,dec_norm,0.10839080526488577,0.06209788588890801,-0.023409162562813775,0.23560954197082637,300,3,"effect_l2,act_max,frequency",10000,10000,0.6443752238173883,0.13195800751392953
llama_3_1_8b,collateral_ctilde_nodense,primary,enc_norm,0.10262279811873783,0.07743342559526269,-0.013428006236357419,0.2173792334934176,300,3,"effect_l2,act_max,frequency",10000,10000,0.6969008303573642,0.1462631372354962
llama_3_1_8b,collateral_ctilde_nodense,primary,enc_dec_cos,-0.2501491949182617,1.2866337590397953e-05,-0.35835094608594503,-0.1364826024249598,300,3,"effect_l2,act_max,frequency",10000,10000,0.00020586140144636725,0.0001093638695183826
llama_3_1_8b,collateral_ctilde_nodense,primary,bin_entropy,,,,,300,3,"effect_l2,act_max,frequency",10000,0,,
llama_3_1_8b,collateral_ctilde_nodense,primary,act_entropy,0.09512216013099965,0.10181769546468976,-0.0207404812955395,0.1982408252719871,300,3,"effect_l2,act_max,frequency",10000,10000,0.8145415637175181,0.17309008228997258
llama_3_1_8b,collateral_ctilde_nodense,primary,act_kurtosis,-0.04448352819758794,0.4450098996610938,-0.15119216852314843,0.06564290444015464,300,3,"effect_l2,act_max,frequency",10000,10000,1.0,0.5043445529492396
llama_3_1_8b,collateral_ctilde_nodense,primary,act_mag,0.10987725414913815,0.05857956580158076,1.193834291146578e-05,0.21662603493884897,300,3,"effect_l2,act_max,frequency",10000,10000,0.6443752238173883,0.13195800751392953
llama_3_1_8b,collateral_ctilde_nodense,primary,act_mean_firing,0.07443372720556514,0.20085009108992016,-0.03586512443740989,0.18102675608178737,300,3,"effect_l2,act_max,frequency",10000,10000,1.0,0.3104046862298766
llama_3_1_8b,collateral_ctilde_nodense,primary,act_std,0.11571496540349226,0.04631796072501688,-0.002777258472463699,0.22891794610990882,300,3,"effect_l2,act_max,frequency",10000,10000,0.5558155287002026,0.1312342220542145
llama_3_1_8b,collateral_ctilde_nodense,primary,coact_entropy,-0.06592765931423636,0.25737463917578646,-0.18768334612153537,0.056711657777598665,300,3,"effect_l2,act_max,frequency",10000,10000,1.0,0.36461407216569747
llama_3_1_8b,collateral_ctilde_nodense,primary,coact_count,0.04101361542454614,0.48135082698190496,-0.07987113442539891,0.16216819672128635,300,3,"effect_l2,act_max,frequency",10000,10000,1.0,0.511435253668274
llama_3_1_8b,collateral_ctilde_nodense,primary,logit_l2,0.14019041572716007,0.015616319020775898,0.012044813576725662,0.26156303735693975,300,3,"effect_l2,act_max,frequency",10000,10000,0.20301214727008668,0.05309548467063805
llama_3_1_8b,collateral_ctilde_nodense,primary,logit_linf,-0.05624932345605183,0.33401388922469355,-0.1748706684024564,0.06090876895085655,300,3,"effect_l2,act_max,frequency",10000,10000,1.0,0.43678739360152236
llama_3_1_8b,collateral_ctilde_nodense,primary,logit_entropy,0.22364094089564068,0.00010138481761258639,0.1071265507979358,0.3338027544713489,300,3,"effect_l2,act_max,frequency",10000,10000,0.001520772264188796,0.0005745139664713228
llama_3_1_8b,collateral_ctilde_nodense,primary,logit_top10_mass,-0.25960704430714265,5.813033736431304e-06,-0.3652650598059083,-0.1490476152255998,300,3,"effect_l2,act_max,frequency",10000,10000,9.882157351933216e-05,9.882157351933216e-05
llama_3_1_8b,collateral_ctilde_nodense,robust,crowding,0.2063668417557114,0.00033559685128490446,0.09638229065058343,0.31421656355497585,300,2,"frequency,act_max",10000,10000,0.004362759066703758,0.001141029294368675
llama_3_1_8b,collateral_ctilde_nodense,robust,crowd_max,0.09593379413811912,0.0983454334610023,-0.020529080291416063,0.21069507665151832,300,2,"frequency,act_max",10000,10000,0.45368924554175327,0.11941945491693137
llama_3_1_8b,collateral_ctilde_nodense,robust,dec_norm,0.3321523889086547,4.1664743889541855e-09,0.2261519195730374,0.42663274439256077,300,2,"frequency,act_max",10000,10000,6.666359022326697e-08,3.5415032306110574e-08
llama_3_1_8b,collateral_ctilde_nodense,robust,enc_norm,-0.017764550450085754,0.7600623142476356,-0.1306543568471206,0.09521353861656572,300,2,"frequency,act_max",10000,10000,1.0,0.8075662088881128
llama_3_1_8b,collateral_ctilde_nodense,robust,enc_dec_cos,-0.29632665541139225,1.8741636715037092e-07,-0.4000246312593808,-0.18587630152959497,300,2,"frequency,act_max",10000,10000,2.8112455072555637e-06,1.0620260805187686e-06
llama_3_1_8b,collateral_ctilde_nodense,robust,bin_entropy,,,,,300,2,"frequency,act_max",10000,0,,
llama_3_1_8b,collateral_ctilde_nodense,robust,act_entropy,0.14395139534292156,0.012864027358059258,0.024357424855910897,0.24051381273444036,300,2,"frequency,act_max",10000,10000,0.12864027358059257,0.02352718969843566
llama_3_1_8b,collateral_ctilde_nodense,robust,act_kurtosis,-0.09816279741162257,0.09073784910835066,-0.20370130768873185,0.013928606470544619,300,2,"frequency,act_max",10000,10000,0.45368924554175327,0.11865718729553547
llama_3_1_8b,collateral_ctilde_nodense,robust,act_mag,0.1320120162737018,0.022649992053736485,0.02327890068955787,0.2367461360291476,300,2,"frequency,act_max",10000,10000,0.15854994437615538,0.03500453317395638
llama_3_1_8b,collateral_ctilde_nodense,robust,act_mean_firing,0.142455962471782,0.013839523352020976,0.032622654560415826,0.24723969316646338,300,2,"frequency,act_max",10000,10000,0.12864027358059257,0.02352718969843566
llama_3_1_8b,collateral_ctilde_nodense,robust,act_std,0.14338082771942826,0.01322883652700345,0.024374701942403702,0.25303434885049036,300,2,"frequency,act_max",10000,10000,0.12864027358059257,0.02352718969843566
llama_3_1_8b,collateral_ctilde_nodense,robust,coact_entropy,-0.20101080124197554,0.00048103507584890966,-0.31201188737870517,-0.0829255219232886,300,2,"frequency,act_max",10000,10000,0.005772420910186916,0.001362932714905244
llama_3_1_8b,collateral_ctilde_nodense,robust,coact_count,-0.12137773377447698,0.036237938290879054,-0.238995205330408,0.0005341669049621072,300,2,"frequency,act_max",10000,10000,0.21742762974527433,0.051337079245412
llama_3_1_8b,collateral_ctilde_nodense,robust,logit_l2,0.34519722846365875,9.169791877224636e-10,0.24158632357655474,0.4389377857043099,300,2,"frequency,act_max",10000,10000,1.558864619128188e-08,1.558864619128188e-08
llama_3_1_8b,collateral_ctilde_nodense,robust,logit_linf,0.06456846658681778,0.2665253656475406,-0.05161085298469631,0.18214127863440127,300,2,"frequency,act_max",10000,10000,0.7995760969426218,0.30206208106721266
llama_3_1_8b,collateral_ctilde_nodense,robust,logit_entropy,0.19318494245764584,0.0008008261525897037,0.0810150894840473,0.2990742682410857,300,2,"frequency,act_max",10000,10000,0.008809087678486741,0.0019448635134321375
llama_3_1_8b,collateral_ctilde_nodense,robust,logit_top10_mass,-0.286149029289977,5.050393030333856e-07,-0.3864620895892591,-0.17699694648591624,300,2,"frequency,act_max",10000,10000,7.070550242467398e-06,2.1464170378918886e-06
llama_3_1_8b,collateral_ctilde_nodense,effect_only,crowding,0.19858552379327624,0.0005524523957529423,0.0890199885984826,0.3082967686001712,300,1,effect_l2,10000,10000,0.0066638310134347345,0.0013120744399132379
llama_3_1_8b,collateral_ctilde_nodense,effect_only,crowd_max,0.06994746774196088,0.22784983230114667,-0.04821043174437753,0.18558064915367176,300,1,effect_l2,10000,10000,1.0,0.30922477240869906
llama_3_1_8b,collateral_ctilde_nodense,effect_only,dec_norm,0.04912558862232124,0.39732188828405884,-0.07917516252765719,0.17902995173885716,300,1,effect_l2,10000,10000,1.0,0.44032278772470734
llama_3_1_8b,collateral_ctilde_nodense,effect_only,enc_norm,0.08545797041698996,0.14042373669830588,-0.0306187294383358,0.1990514797157762,300,1,effect_l2,10000,10000,1.0,0.20523469209752396
llama_3_1_8b,collateral_ctilde_nodense,effect_only,enc_dec_cos,-0.1748134101289578,0.0024170465814058826,-0.28727670844788855,-0.05802879409616071,300,1,effect_l2,10000,10000,0.024170465814058826,0.0045923885046711774
llama_3_1_8b,collateral_ctilde_nodense,effect_only,frequency,0.24332281182576812,2.1005401125342516e-05,0.12924272956640512,0.35725420348974146,300,1,effect_l2,10000,10000,0.0003780972202561653,0.00013303420712716926
llama_3_1_8b,collateral_ctilde_nodense,effect_only,bin_entropy,0.24332281182576812,2.1005401125342516e-05,0.12924272956640512,0.35725420348974146,300,1,effect_l2,10000,10000,0.0003780972202561653,0.00013303420712716926
llama_3_1_8b,collateral_ctilde_nodense,effect_only,act_entropy,0.2505820699756407,1.1599700562917206e-05,0.13638324902466903,0.36354203873042984,300,1,effect_l2,10000,10000,0.0002203943106954269,0.00013303420712716926
llama_3_1_8b,collateral_ctilde_nodense,effect_only,act_kurtosis,-0.22457880778876932,8.957695858514171e-05,-0.33725684087100277,-0.10740205788963038,300,1,effect_l2,10000,10000,0.0013436543787771257,0.00034039244262353853
llama_3_1_8b,collateral_ctilde_nodense,effect_only,act_mag,0.23665652090207576,3.566498810468764e-05,0.12470626816965844,0.34689377576402175,300,1,effect_l2,10000,10000,0.0005706398096750022,0.0001694086934972663
llama_3_1_8b,collateral_ctilde_nodense,effect_only,act_mean_firing,0.0596109713089107,0.3042479758212535,-0.042955325070322146,0.16199349119548556,300,1,effect_l2,10000,10000,1.0,0.36129447128773856
llama_3_1_8b,collateral_ctilde_nodense,effect_only,act_std,0.19972008728346,0.0005126023856488257,0.08900820536052528,0.3084813098831706,300,1,effect_l2,10000,10000,0.0066638310134347345,0.0013120744399132379
llama_3_1_8b,collateral_ctilde_nodense,effect_only,act_max,0.06446207771990939,0.2665078200838044,-0.04378433096529344,0.17272633932736933,300,1,effect_l2,10000,10000,1.0,0.3375765721061523
llama_3_1_8b,collateral_ctilde_nodense,effect_only,coact_entropy,0.16696213101377316,0.00378793749411491,0.049525825651177476,0.28423809955319534,300,1,effect_l2,10000,10000,0.03409143744703419,0.0065428011261984805
llama_3_1_8b,collateral_ctilde_nodense,effect_only,coact_count,0.03540607129012783,0.5419578412880874,-0.08344431626135726,0.15209785995986905,300,1,effect_l2,10000,10000,1.0,0.5419578412880874
llama_3_1_8b,collateral_ctilde_nodense,effect_only,logit_l2,0.08818870931499043,0.12813346353730454,-0.03807453026946464,0.21597418417338235,300,1,effect_l2,10000,10000,1.0,0.20287798393406553
llama_3_1_8b,collateral_ctilde_nodense,effect_only,logit_linf,-0.04709449574632107,0.41714790416024905,-0.167674401642713,0.07608583518719712,300,1,effect_l2,10000,10000,1.0,0.44032278772470734
llama_3_1_8b,collateral_ctilde_nodense,effect_only,logit_entropy,0.19189569769896125,0.0008519569518491969,0.07032109249540526,0.30495793748424715,300,1,effect_l2,10000,10000,0.009371526470341165,0.0017985757872371934
llama_3_1_8b,collateral_ctilde_nodense,effect_only,logit_top10_mass,-0.2029997220310413,0.0004119011310040684,-0.31324499904082237,-0.08756644793699489,300,1,effect_l2,10000,10000,0.005766615834056957,0.0013043535815128833
llama_3_1_8b,resid_delta_norm,none,crowding,0.171563239591551,0.002870344856232808,0.05696737719204701,0.2834607532650729,300,0,,10000,10000,0.022962758849862465,0.00454471268903528
llama_3_1_8b,resid_delta_norm,none,crowd_max,0.25562061800686675,7.335738829548206e-06,0.1447951184010992,0.36297656931769673,300,0,,10000,10000,9.536460478412667e-05,1.99112911087737e-05
llama_3_1_8b,resid_delta_norm,none,dec_norm,0.8838178201980021,2.5367923627872095e-100,0.8400348621346239,0.9164916109658696,300,0,,10000,10000,4.819905489295698e-99,4.819905489295698e-99
llama_3_1_8b,resid_delta_norm,none,enc_norm,-0.346541183790931,6.853686851001273e-10,-0.44572745131930935,-0.23838800151345652,300,0,,10000,10000,1.0965898961602037e-08,3.2555012542256048e-09
llama_3_1_8b,resid_delta_norm,none,enc_dec_cos,-0.2165428504761164,0.0001568789733889653,-0.32026207895075975,-0.11029045217998391,300,0,,10000,10000,0.0017256687072786181,0.00033118894382114895
llama_3_1_8b,resid_delta_norm,none,frequency,0.06979554651169925,0.22808056943903898,-0.050485358350179255,0.1858799297409704,300,0,,10000,10000,1.0,0.2708456762088588
llama_3_1_8b,resid_delta_norm,none,bin_entropy,0.06979554651169925,0.22808056943903898,-0.050485358350179255,0.1858799297409704,300,0,,10000,10000,1.0,0.2708456762088588
llama_3_1_8b,resid_delta_norm,none,act_entropy,0.05842420471338572,0.3131789051145056,-0.06073578692648021,0.1733120545857306,300,0,,10000,10000,1.0,0.35002348218680035
llama_3_1_8b,resid_delta_norm,none,act_kurtosis,-0.03423415815731286,0.5547544274466267,-0.1494063582196206,0.08284127911429884,300,0,,10000,10000,1.0,0.5712743079060122
llama_3_1_8b,resid_delta_norm,none,act_mag,0.18147668307425638,0.0015973200001948768,0.058213697762790804,0.30142801489071375,300,0,,10000,10000,0.014375880001753891,0.0027590072730638783
llama_3_1_8b,resid_delta_norm,none,act_mean_firing,0.29727752530583673,1.5494100284467083e-07,0.18277007105612042,0.4041059426026239,300,0,,10000,10000,2.3241150426700624e-06,5.887758108097492e-07
llama_3_1_8b,resid_delta_norm,none,act_std,0.22943410482338691,6.0472679337371993e-05,0.10826026507311372,0.34805100177370424,300,0,,10000,10000,0.0007256721520484639,0.00014362261342625848
llama_3_1_8b,resid_delta_norm,none,act_max,0.21262325136945967,0.00020736024901726343,0.09834401545660498,0.3251605062093843,300,0,,10000,10000,0.002073602490172634,0.00039398447313280046
llama_3_1_8b,resid_delta_norm,none,coact_entropy,-0.1308770097445527,0.023380881758155798,-0.2500386035979447,-0.009118867217247853,300,0,,10000,10000,0.16366617230709057,0.0341720579542277
llama_3_1_8b,resid_delta_norm,none,coact_count,-0.29441908872327455,2.0607788987284288e-07,-0.399185052882626,-0.18269847303571307,300,0,,10000,10000,2.8850904582198004e-06,6.525799845973358e-07
llama_3_1_8b,resid_delta_norm,none,logit_l2,0.8473916376848631,6.401405850552115e-84,0.7975405028827441,0.885971305035405,300,0,,10000,10000,1.1522530530993806e-82,6.081335558024509e-83
llama_3_1_8b,resid_delta_norm,none,logit_linf,0.4975548617206858,3.6105149463018325e-20,0.39768200892713224,0.5868437710283018,300,0,,10000,10000,6.137875408713115e-19,2.2866594659911607e-19
llama_3_1_8b,resid_delta_norm,none,logit_entropy,-0.08605144837802213,0.1370168935991659,-0.1997507405727484,0.035318843325555856,300,0,,10000,10000,0.8221013615949955,0.1859514984560109
llama_3_1_8b,resid_delta_norm,none,logit_top10_mass,-0.03281636462627364,0.5712743079060122,-0.14505559935278756,0.07773545165330639,300,0,,10000,10000,1.0,0.5712743079060122
llama_3_1_8b,resid_delta_norm,primary,crowding,0.04343368676145053,0.45583770761101045,-0.06674982345741418,0.15218669336793847,300,3,"effect_l2,act_max,frequency",10000,10000,1.0,0.5166160686258119
llama_3_1_8b,resid_delta_norm,primary,crowd_max,0.14237845584325737,0.014053894753357055,0.009656155158335044,0.26291911144596697,300,3,"effect_l2,act_max,frequency",10000,10000,0.14053894753357055,0.02986452635088374
llama_3_1_8b,resid_delta_norm,primary,dec_norm,0.7598688156622956,4.0678531005248425e-57,0.6866716647705411,0.8150561678527122,300,3,"effect_l2,act_max,frequency",10000,10000,6.915350270892232e-56,6.915350270892232e-56
llama_3_1_8b,resid_delta_norm,primary,enc_norm,-0.2754308748019662,1.4339483476512337e-06,-0.36971474973256163,-0.16972691421103916,300,3,"effect_l2,act_max,frequency",10000,10000,2.0075276867117272e-05,6.0942804775177434e-06
llama_3_1_8b,resid_delta_norm,primary,enc_dec_cos,-0.03630670087123249,0.5331101592722725,-0.15344767730254327,0.07749390705357413,300,3,"effect_l2,act_max,frequency",10000,10000,1.0,0.5664295442267895
llama_3_1_8b,resid_delta_norm,primary,bin_entropy,,,,,300,3,"effect_l2,act_max,frequency",10000,0,,
llama_3_1_8b,resid_delta_norm,primary,act_entropy,0.055784054574814765,0.33803391463293275,-0.07624997062092172,0.1794275747729772,300,3,"effect_l2,act_max,frequency",10000,10000,1.0,0.44204434990460434
llama_3_1_8b,resid_delta_norm,primary,act_kurtosis,-0.04452761164592939,0.44455844893562063,-0.1665751027941869,0.07643111651536617,300,3,"effect_l2,act_max,frequency",10000,10000,1.0,0.5166160686258119
llama_3_1_8b,resid_delta_norm,primary,act_mag,0.15857925635049297,0.006167665577020253,0.019844934695635648,0.28911080249610605,300,3,"effect_l2,act_max,frequency",10000,10000,0.06784432134722278,0.0149786164013349
llama_3_1_8b,resid_delta_norm,primary,act_mean_firing,0.1307208811692837,0.02426048542327277,0.01610883370407285,0.24491748509150882,300,3,"effect_l2,act_max,frequency",10000,10000,0.21834436880945493,0.04582536135507079
llama_3_1_8b,resid_delta_norm,primary,act_std,0.16990893909197757,0.003311950754470715,0.032587740465855844,0.2975185684313855,300,3,"effect_l2,act_max,frequency",10000,10000,0.043055359808119295,0.010809048576738716
llama_3_1_8b,resid_delta_norm,primary,coact_entropy,0.09742685645352393,0.09375133794828824,-0.014338861826379844,0.21007824668292266,300,3,"effect_l2,act_max,frequency",10000,10000,0.6562593656380177,0.14488843137462729
llama_3_1_8b,resid_delta_norm,primary,coact_count,0.16739279496900458,0.0038149583212019,0.05268599851210068,0.27491301154430126,300,3,"effect_l2,act_max,frequency",10000,10000,0.0457794998544228,0.010809048576738716
llama_3_1_8b,resid_delta_norm,primary,logit_l2,0.6899024060460922,2.7032176516442393e-43,0.6020475278008856,0.7596182922930751,300,3,"effect_l2,act_max,frequency",10000,10000,4.325148242630783e-42,2.2977350038976034e-42
llama_3_1_8b,resid_delta_norm,primary,logit_linf,0.4322781043749014,5.940089949765823e-15,0.3300659706547871,0.5232036724367699,300,3,"effect_l2,act_max,frequency",10000,10000,8.910134924648735e-14,3.3660509715339664e-14
llama_3_1_8b,resid_delta_norm,primary,logit_entropy,-0.0699015309556048,0.2297314726294844,-0.19257356844477955,0.05192127920628116,300,3,"effect_l2,act_max,frequency",10000,10000,1.0,0.32545291955843625
llama_3_1_8b,resid_delta_norm,primary,logit_top10_mass,0.11201164331008392,0.053817090985224844,0.005822427134054231,0.21694554523974935,300,3,"effect_l2,act_max,frequency",10000,10000,0.43053672788179875,0.09148905467488223
llama_3_1_8b,resid_delta_norm,robust,crowding,0.1213653465596927,0.03625711384084105,0.004483497895181325,0.2366022038699589,300,2,"frequency,act_max",10000,10000,0.1450284553633642,0.04402649537816413
llama_3_1_8b,resid_delta_norm,robust,crowd_max,0.2026033240442988,0.0004326142660539198,0.09012249112628483,0.30769133931391496,300,2,"frequency,act_max",10000,10000,0.004326142660539198,0.0009193053153645795
llama_3_1_8b,resid_delta_norm,robust,dec_norm,0.8930012012257831,1.2053554592558086e-104,0.8540600682906864,0.9215622360169612,300,2,"frequency,act_max",10000,10000,2.0491042807348747e-103,2.0491042807348747e-103
llama_3_1_8b,resid_delta_norm,robust,enc_norm,-0.39503612836743435,1.433310616401018e-12,-0.4923096631229758,-0.29172990648808983,300,2,"frequency,act_max",10000,10000,2.0066348629614252e-11,6.091570119704326e-12
llama_3_1_8b,resid_delta_norm,robust,enc_dec_cos,-0.17605945581921673,0.0022857781554475537,-0.2795420436818315,-0.06582490778195241,300,2,"frequency,act_max",10000,10000,0.020572003399027983,0.004248336020217706
llama_3_1_8b,resid_delta_norm,robust,bin_entropy,,,,,300,2,"frequency,act_max",10000,0,,
llama_3_1_8b,resid_delta_norm,robust,act_entropy,0.1611508886471293,0.005296059538746314,0.02467165269651256,0.275025590636048,300,2,"frequency,act_max",10000,10000,0.03707241677122419,0.008184819287153394
llama_3_1_8b,resid_delta_norm,robust,act_kurtosis,-0.1572157651436318,0.00653825557767452,-0.25786696784767327,-0.04633529386017086,300,2,"frequency,act_max",10000,10000,0.03922953346604712,0.009262528735038904
llama_3_1_8b,resid_delta_norm,robust,act_mag,0.15435523679164315,0.007598636445543211,0.03624971389256857,0.2630291044639302,300,2,"frequency,act_max",10000,10000,0.03922953346604712,0.009936678428787276
llama_3_1_8b,resid_delta_norm,robust,act_mean_firing,0.24258056660042568,2.301937183304178e-05,0.13343341601128708,0.3434082416285652,300,2,"frequency,act_max",10000,10000,0.0002532130901634596,5.590418873738718e-05
llama_3_1_8b,resid_delta_norm,robust,act_std,0.17453163753876702,0.0024990211883633567,0.05808799842866069,0.28220475977174075,300,2,"frequency,act_max",10000,10000,0.020572003399027983,0.004248336020217706
llama_3_1_8b,resid_delta_norm,robust,coact_entropy,-0.290486912272463,3.325722066205706e-07,-0.38600306174003035,-0.18967401147234,300,2,"frequency,act_max",10000,10000,4.323438686067418e-06,1.13074550250994e-06
llama_3_1_8b,resid_delta_norm,robust,coact_count,-0.283689649376346,6.380402884951752e-07,-0.39001820066609244,-0.17225998692281452,300,2,"frequency,act_max",10000,10000,7.656483461942103e-06,1.8077808174029965e-06
llama_3_1_8b,resid_delta_norm,robust,logit_l2,0.8522025175239074,2.907046355214333e-85,0.8061006887477582,0.8883173328720029,300,2,"frequency,act_max",10000,10000,4.651274168342932e-84,2.470989401932183e-84
llama_3_1_8b,resid_delta_norm,robust,logit_linf,0.4862669642163673,4.30473152651171e-19,0.3873171547085539,0.579198165014554,300,2,"frequency,act_max",10000,10000,6.457097289767565e-18,2.439347865023302e-18
llama_3_1_8b,resid_delta_norm,robust,logit_entropy,-0.0726755241011218,0.21095045074948965,-0.1876560575289178,0.044814287431458,300,2,"frequency,act_max",10000,10000,0.6328513522484689,0.23907717751608829
llama_3_1_8b,resid_delta_norm,robust,logit_top10_mass,-0.04839545826479908,0.4051764952623281,-0.1572331941528108,0.06234419494968874,300,2,"frequency,act_max",10000,10000,0.8103529905246561,0.4305000262162236
llama_3_1_8b,resid_delta_norm,effect_only,crowding,0.06540998982443359,0.2595249111585602,-0.04734941155640194,0.18199291561862796,300,1,effect_l2,10000,10000,1.0,0.3522123794294746
llama_3_1_8b,resid_delta_norm,effect_only,crowd_max,0.16331307844323717,0.004638090900752151,0.034844775498980546,0.2884817117273698,300,1,effect_l2,10000,10000,0.06493327261053011,0.014687287852381811
llama_3_1_8b,resid_delta_norm,effect_only,dec_norm,0.7378492811985401,1.2378013483626161e-52,0.661351460051313,0.7999572564631626,300,1,effect_l2,10000,10000,2.3518225618889706e-51,2.3518225618889706e-51
llama_3_1_8b,resid_delta_norm,effect_only,enc_norm,-0.2457112257517738,1.7312240703803467e-05,-0.3482026263067562,-0.13673436792544388,300,1,effect_l2,10000,10000,0.00027699585126085547,8.223314334306647e-05
llama_3_1_8b,resid_delta_norm,effect_only,enc_dec_cos,-0.05619335579804878,0.332859961586322,-0.17508349497803402,0.06367874435081339,300,1,effect_l2,10000,10000,1.0,0.42162261800934114
llama_3_1_8b,resid_delta_norm,effect_only,frequency,0.03138616049327179,0.5887989050778645,-0.09854559020811297,0.16209009786232492,300,1,effect_l2,10000,10000,1.0,0.6580693644987897
llama_3_1_8b,resid_delta_norm,effect_only,bin_entropy,0.03138616049327179,0.5887989050778645,-0.09854559020811297,0.16209009786232492,300,1,effect_l2,10000,10000,1.0,0.6580693644987897
llama_3_1_8b,resid_delta_norm,effect_only,act_entropy,0.024819448693472735,0.6690613546263743,-0.10631262751649173,0.1561412521443482,300,1,effect_l2,10000,10000,1.0,0.706231429883395
llama_3_1_8b,resid_delta_norm,effect_only,act_kurtosis,-0.005783092426521687,0.9206769895650254,-0.1381277524129089,0.12860938812364578,300,1,effect_l2,10000,10000,1.0,0.9206769895650254
llama_3_1_8b,resid_delta_norm,effect_only,act_mag,0.10484923213459192,0.07023196996533611,-0.021880883167469244,0.23053468292058563,300,1,effect_l2,10000,10000,0.702319699653361,0.1334407429341386
llama_3_1_8b,resid_delta_norm,effect_only,act_mean_firing,0.1446307610109004,0.012293647814981764,0.030656429413318614,0.2586002007082597,300,1,effect_l2,10000,10000,0.15981742159476292,0.03336847264066479
llama_3_1_8b,resid_delta_norm,effect_only,act_std,0.13180370320808693,0.02263699543416335,0.01142170926016618,0.24917434230244864,300,1,effect_l2,10000,10000,0.2716439452099602,0.05376286415613796
llama_3_1_8b,resid_delta_norm,effect_only,act_max,0.09501974234734237,0.10103113640212208,-0.018679662647796025,0.20781437432865973,300,1,effect_l2,10000,10000,0.9092802276190988,0.1745083265127563
llama_3_1_8b,resid_delta_norm,effect_only,coact_entropy,0.07598399551793332,0.19010192734228953,-0.05144006976480714,0.1994762518499878,300,1,effect_l2,10000,10000,1.0,0.28373859095834586
llama_3_1_8b,resid_delta_norm,effect_only,coact_count,0.16640331714723275,0.003908246331088845,0.05121325149803264,0.27265901125300623,300,1,effect_l2,10000,10000,0.05862369496633268,0.014687287852381811
llama_3_1_8b,resid_delta_norm,effect_only,logit_l2,0.6758916643072658,2.962278611165981e-41,0.5858471204403578,0.7485725836969583,300,1,effect_l2,10000,10000,5.3321015000987655e-40,2.8141646806076818e-40
llama_3_1_8b,resid_delta_norm,effect_only,logit_linf,0.43544633191905874,2.891017379049752e-15,0.33842674891085045,0.5254785780324264,300,1,effect_l2,10000,10000,4.9147295443845784e-14,1.8309776733981763e-14
llama_3_1_8b,resid_delta_norm,effect_only,logit_entropy,-0.07529935467258204,0.19413693065571033,-0.1983269599873381,0.045257672108548065,300,1,effect_l2,10000,10000,1.0,0.28373859095834586
llama_3_1_8b,resid_delta_norm,effect_only,logit_top10_mass,0.11803970507166395,0.04138182555245989,0.01065189698773702,0.2248417265797881,300,1,effect_l2,10000,10000,0.4552000810770588,0.08736163172185976
llama_3_1_8b,resid_error_delta_norm,none,crowding,0.169353437260414,0.003257587620873711,0.058164528559472115,0.28008553458177216,300,0,,10000,10000,0.02606070096698969,0.0051578470663833755
llama_3_1_8b,resid_error_delta_norm,none,crowd_max,0.21168412982366472,0.00022152959552594912,0.10249264789939314,0.3184486411188006,300,0,,10000,10000,0.002251961279711331,0.0004209062314993033
llama_3_1_8b,resid_error_delta_norm,none,dec_norm,0.7029109212324581,5.294334556274264e-46,0.628281404199361,0.7657787888167864,300,0,,10000,10000,1.0059235656921101e-44,1.0059235656921101e-44
llama_3_1_8b,resid_error_delta_norm,none,enc_norm,-0.2370488560984011,3.3548318418369096e-05,-0.3427125147979818,-0.12742664959684502,300,0,,10000,10000,0.00043612813943879827,9.105972142128755e-05
llama_3_1_8b,resid_error_delta_norm,none,enc_dec_cos,-0.22073756375070835,0.00011573767040037179,-0.3239887401399945,-0.11133726117058362,300,0,,10000,10000,0.0013888520448044615,0.000274876967200883
llama_3_1_8b,resid_error_delta_norm,none,frequency,0.12312847099253024,0.033018115711998745,0.005367572091310921,0.23850824417836655,300,0,,10000,10000,0.2311268099839912,0.044810299894855445
llama_3_1_8b,resid_error_delta_norm,none,bin_entropy,0.12312847099253024,0.033018115711998745,0.005367572091310921,0.23850824417836655,300,0,,10000,10000,0.2311268099839912,0.044810299894855445
llama_3_1_8b,resid_error_delta_norm,none,act_entropy,0.11745286058733986,0.042063445285075725,0.0010661486291898758,0.23105887743061865,300,0,,10000,10000,0.2311268099839912,0.05328036402776259
llama_3_1_8b,resid_error_delta_norm,none,act_kurtosis,-0.0952575028611429,0.09960590983024534,-0.20828609150168953,0.019843989294219273,300,0,,10000,10000,0.39842363932098135,0.11828201792341633
llama_3_1_8b,resid_error_delta_norm,none,act_mag,0.2128045867176302,0.0002047237527010301,0.09617052105437669,0.3269561665538831,300,0,,10000,10000,0.002251961279711331,0.0004209062314993033
llama_3_1_8b,resid_error_delta_norm,none,act_mean_firing,0.26567095189946555,3.0641421644667318e-06,0.15331185171012543,0.3739456946524549,300,0,,10000,10000,4.5962132467000976e-05,1.1643740224973582e-05
llama_3_1_8b,resid_error_delta_norm,none,act_std,0.2444169379659774,1.8617594062859965e-05,0.12911905833788814,0.3574768597999192,300,0,,10000,10000,0.0002606463168800395,5.8955714532389894e-05
llama_3_1_8b,resid_error_delta_norm,none,act_max,0.199474216380182,0.0005097799194860929,0.0842015385739121,0.31228468917242697,300,0,,10000,10000,0.004588019275374836,0.0008805289518396149
llama_3_1_8b,resid_error_delta_norm,none,coact_entropy,-0.06323492483249814,0.27492908301046926,-0.18356080883921475,0.05789682380265668,300,0,,10000,10000,0.8247872490314078,0.30727368101170094
llama_3_1_8b,resid_error_delta_norm,none,coact_count,-0.31552113718705793,2.330386342506191e-08,-0.42054057819741525,-0.20388547310056393,300,0,,10000,10000,3.7286181480099055e-07,1.1069335126904407e-07
llama_3_1_8b,resid_error_delta_norm,none,logit_l2,0.6779755330614785,1.0001556685847097e-41,0.6035905462390442,0.7427405764461777,300,0,,10000,10000,1.8002802034524775e-40,9.501478851554741e-41
llama_3_1_8b,resid_error_delta_norm,none,logit_linf,0.39229013655707284,1.7771035797972443e-12,0.2862925865045294,0.48994800774313835,300,0,,10000,10000,3.0210760856553154e-11,1.125498933871588e-11
llama_3_1_8b,resid_error_delta_norm,none,logit_entropy,-0.0399695774228539,0.4903961108915104,-0.1582410829295328,0.07924468259050531,300,0,,10000,10000,0.8247872490314078,0.4903961108915105
llama_3_1_8b,resid_error_delta_norm,none,logit_top10_mass,-0.057166857409526775,0.32372467672151245,-0.17089153495428988,0.0600248279669282,300,0,,10000,10000,0.8247872490314078,0.3417093809838187
llama_3_1_8b,resid_error_delta_norm,primary,crowding,0.052906374782945575,0.3635805489011843,-0.05451003919404921,0.16148729089397298,300,3,"effect_l2,act_max,frequency",10000,10000,1.0,0.5150724442766778
llama_3_1_8b,resid_error_delta_norm,primary,crowd_max,0.07402095538980866,0.20336588188613053,-0.043880112830767766,0.19181325833206925,300,3,"effect_l2,act_max,frequency",10000,10000,1.0,0.31429272655129264
llama_3_1_8b,resid_error_delta_norm,primary,dec_norm,0.4297159255877975,8.913384658288175e-15,0.321341928792433,0.5285367615380049,300,3,"effect_l2,act_max,frequency",10000,10000,1.5152753919089897e-13,1.5152753919089897e-13
llama_3_1_8b,resid_error_delta_norm,primary,enc_norm,-0.0931226185891479,0.10925282187526365,-0.20482663211003443,0.02357593563412096,300,3,"effect_l2,act_max,frequency",10000,10000,0.9832753968773729,0.20636644131994247
llama_3_1_8b,resid_error_delta_norm,primary,enc_dec_cos,-0.1053989056988024,0.06970738592138741,-0.22713870990319376,0.010944296216392004,300,3,"effect_l2,act_max,frequency",10000,10000,0.7667812451352615,0.15926811159169194
llama_3_1_8b,resid_error_delta_norm,primary,bin_entropy,,,,,300,3,"effect_l2,act_max,frequency",10000,0,,
llama_3_1_8b,resid_error_delta_norm,primary,act_entropy,0.11068364554417527,0.05674086327107029,-0.008638990578543376,0.21482449660728234,300,3,"effect_l2,act_max,frequency",10000,10000,0.6808903592528435,0.15926811159169194
llama_3_1_8b,resid_error_delta_norm,primary,act_kurtosis,-0.08035887763511324,0.16719453366075623,-0.19449676047348174,0.036888856453877635,300,3,"effect_l2,act_max,frequency",10000,10000,1.0,0.2842307072232856
llama_3_1_8b,resid_error_delta_norm,primary,act_mag,0.12106830568762594,0.037039218013253335,0.00040160989424610944,0.23216907525781255,300,3,"effect_l2,act_max,frequency",10000,10000,0.48150983417229337,0.12593334124506134
llama_3_1_8b,resid_error_delta_norm,primary,act_mean_firing,0.10348966365545957,0.07494969957256091,-0.005999379348413058,0.21006473771366607,300,3,"effect_l2,act_max,frequency",10000,10000,0.7667812451352615,0.15926811159169194
llama_3_1_8b,resid_error_delta_norm,primary,act_std,0.13531863341818146,0.01965101057638993,0.013914789103175763,0.24731041229471654,300,3,"effect_l2,act_max,frequency",10000,10000,0.275114148069459,0.08351679494965719
llama_3_1_8b,resid_error_delta_norm,primary,coact_entropy,0.03576715352100933,0.5392172137447552,-0.10081656875598621,0.1693984810116148,300,3,"effect_l2,act_max,frequency",10000,10000,1.0,0.7051302025892953
llama_3_1_8b,resid_error_delta_norm,primary,coact_count,-0.012279016345339348,0.8330992704796899,-0.1325985443386783,0.10334916028961992,300,3,"effect_l2,act_max,frequency",10000,10000,1.0,0.9643590213042398
llama_3_1_8b,resid_error_delta_norm,primary,logit_l2,0.3964141243616128,1.2870772434080127e-12,0.292406203877604,0.49339160219858413,300,3,"effect_l2,act_max,frequency",10000,10000,2.0593235894528204e-11,1.0940156568968109e-11
llama_3_1_8b,resid_error_delta_norm,primary,logit_linf,0.23324036904360193,4.933402974752953e-05,0.1219800067496055,0.3382352970558212,300,3,"effect_l2,act_max,frequency",10000,10000,0.0007400104462129429,0.00027955950190266735
llama_3_1_8b,resid_error_delta_norm,primary,logit_entropy,0.01095262590852424,0.8509050187978586,-0.11522676828283807,0.1413165375054654,300,3,"effect_l2,act_max,frequency",10000,10000,1.0,0.9643590213042398
llama_3_1_8b,resid_error_delta_norm,primary,logit_top10_mass,0.006617565956222278,0.9095823244774295,-0.11758383144311442,0.1270446913098994,300,3,"effect_l2,act_max,frequency",10000,10000,1.0,0.9664312197572689
llama_3_1_8b,resid_error_delta_norm,robust,crowding,0.11825956071243776,0.041344272438916405,0.007694402923437522,0.2301320810331973,300,2,"frequency,act_max",10000,10000,0.16537708975566562,0.050203759390112776
llama_3_1_8b,resid_error_delta_norm,robust,crowd_max,0.15693717116898653,0.0066353688837957675,0.044287886246101485,0.26420074239755176,300,2,"frequency,act_max",10000,10000,0.0398122133027746,0.00940010591871067
llama_3_1_8b,resid_error_delta_norm,robust,dec_norm,0.7147854642710071,6.899569025368233e-48,0.6436830561365091,0.7744314901190388,300,2,"frequency,act_max",10000,10000,1.1729267343125996e-46,1.1729267343125996e-46
llama_3_1_8b,resid_error_delta_norm,robust,enc_norm,-0.27212228474774697,1.859736078758897e-06,-0.3769266516577338,-0.16240143064127943,300,2,"frequency,act_max",10000,10000,2.417656902386566e-05,6.32310266778025e-06
llama_3_1_8b,resid_error_delta_norm,robust,enc_dec_cos,-0.20307251648043637,0.0004192364764530402,-0.3086714308236301,-0.09305687939671792,300,2,"frequency,act_max",10000,10000,0.004192364764530402,0.0008908775124627104
llama_3_1_8b,resid_error_delta_norm,robust,bin_entropy,,,,,300,2,"frequency,act_max",10000,0,,
llama_3_1_8b,resid_error_delta_norm,robust,act_entropy,0.18662234634095942,0.0012098749134170942,0.05202423917960367,0.2945070156354533,300,2,"frequency,act_max",10000,10000,0.010888874220753849,0.002285319280898956
llama_3_1_8b,resid_error_delta_norm,robust,act_kurtosis,-0.16655053385669677,0.003936714604822755,-0.26843553444160856,-0.059443958482801276,300,2,"frequency,act_max",10000,10000,0.03149371683858204,0.00619829593397909
llama_3_1_8b,resid_error_delta_norm,robust,act_mag,0.1444300538196714,0.012564844366783326,0.03256738025556804,0.2512151928409716,300,2,"frequency,act_max",10000,10000,0.06282422183391663,0.01643095032579358
llama_3_1_8b,resid_error_delta_norm,robust,act_mean_firing,0.21548458267747383,0.00017801161324099436,0.110660502655154,0.3181583700323071,300,2,"frequency,act_max",10000,10000,0.001958127745650938,0.00043231391787098634
llama_3_1_8b,resid_error_delta_norm,robust,act_std,0.16621636100107326,0.0040106620749276465,0.05679149174208569,0.27104175946236925,300,2,"frequency,act_max",10000,10000,0.03149371683858204,0.00619829593397909
llama_3_1_8b,resid_error_delta_norm,robust,coact_entropy,-0.2521278445354822,1.0554690825595973e-05,-0.3612526791429409,-0.13879563125857722,300,2,"frequency,act_max",10000,10000,0.00012665628990715167,2.990495733918859e-05
llama_3_1_8b,resid_error_delta_norm,robust,coact_count,-0.30525148393713375,7.608783511962745e-08,-0.4100710564871424,-0.19357429543409163,300,2,"frequency,act_max",10000,10000,1.0652296916747844e-06,3.233732992584167e-07
llama_3_1_8b,resid_error_delta_norm,robust,logit_l2,0.6854458464266621,1.0991034837052933e-42,0.6117663202816851,0.7476207427328295,300,2,"frequency,act_max",10000,10000,1.7585655739284693e-41,9.342379611494993e-42
llama_3_1_8b,resid_error_delta_norm,robust,logit_linf,0.37822513388755424,1.4352820820589667e-11,0.274263007460214,0.47393176148211424,300,2,"frequency,act_max",10000,10000,2.15292312308845e-10,8.133265131667477e-11
llama_3_1_8b,resid_error_delta_norm,robust,logit_entropy,-0.02093101403392231,0.7189621575512181,-0.13690286921594763,0.09389849127941777,300,2,"frequency,act_max",10000,10000,1.0,0.7638972923981692
llama_3_1_8b,resid_error_delta_norm,robust,logit_top10_mass,-0.08312993939803162,0.15228899261402004,-0.19469904304629748,0.032993482328068924,300,2,"frequency,act_max",10000,10000,0.4568669778420601,0.1725941916292227
llama_3_1_8b,resid_error_delta_norm,effect_only,crowding,0.079636562594715,0.1696096431293207,-0.035675459803217194,0.19153443786571453,300,1,effect_l2,10000,10000,0.8480482156466035,0.20642364959188422
llama_3_1_8b,resid_error_delta_norm,effect_only,crowd_max,0.10074694052358193,0.08199817120627197,-0.020768988732974385,0.22050497861381285,300,1,effect_l2,10000,10000,0.7379835408564477,0.1416332048108334
llama_3_1_8b,resid_error_delta_norm,effect_only,dec_norm,0.39705649866561216,9.868541508076202e-13,0.28584449590842137,0.5020634458093638,300,1,effect_l2,10000,10000,1.8750228865344783e-11,1.8750228865344783e-11
llama_3_1_8b,resid_error_delta_norm,effect_only,enc_norm,-0.07885851576876188,0.1738304417615867,-0.19824301630904514,0.041699594472926635,300,1,effect_l2,10000,10000,0.8480482156466035,0.20642364959188422
llama_3_1_8b,resid_error_delta_norm,effect_only,enc_dec_cos,-0.0952191806312243,0.10031409957986322,-0.2143548981902506,0.02552254773769096,300,1,effect_l2,10000,10000,0.7379835408564477,0.1466129147705693
llama_3_1_8b,resid_error_delta_norm,effect_only,frequency,0.1112112289948962,0.0547405654189108,-0.009209295364658388,0.22850868313883896,300,1,effect_l2,10000,10000,0.679773332083531,0.11210411475064437
llama_3_1_8b,resid_error_delta_norm,effect_only,bin_entropy,0.1112112289948962,0.0547405654189108,-0.009209295364658388,0.22850868313883896,300,1,effect_l2,10000,10000,0.679773332083531,0.11210411475064437
llama_3_1_8b,resid_error_delta_norm,effect_only,act_entropy,0.11235069360355049,0.05229025631411777,-0.009952662785181601,0.2305230021814384,300,1,effect_l2,10000,10000,0.679773332083531,0.11210411475064437
llama_3_1_8b,resid_error_delta_norm,effect_only,act_kurtosis,-0.0975527573852371,0.09222080726887777,-0.21836308171026633,0.02648754947542056,300,1,effect_l2,10000,10000,0.7379835408564477,0.14601627817572313
llama_3_1_8b,resid_error_delta_norm,effect_only,act_mag,0.15337662649307865,0.007889592542880837,0.03475590298478627,0.2707060165479136,300,1,effect_l2,10000,10000,0.11834388814321255,0.029980451662947178
llama_3_1_8b,resid_error_delta_norm,effect_only,act_mean_firing,0.11814837034302862,0.04119372775421071,0.006286666231542801,0.23365236189336533,300,1,effect_l2,10000,10000,0.5767121885589499,0.11210411475064437
llama_3_1_8b,resid_error_delta_norm,effect_only,act_std,0.15913194264491534,0.005820659498845697,0.04504989992909002,0.27489863475714055,300,1,effect_l2,10000,10000,0.09313055198153115,0.02764813261951706
llama_3_1_8b,resid_error_delta_norm,effect_only,act_max,0.09254206187559023,0.1102818238819364,-0.02007374735559826,0.21199601205469318,300,1,effect_l2,10000,10000,0.7379835408564477,0.14966818955405656
llama_3_1_8b,resid_error_delta_norm,effect_only,coact_entropy,0.10932651692993087,0.05900216565823388,-0.01221549887484155,0.22373832097440743,300,1,effect_l2,10000,10000,0.679773332083531,0.11210411475064437
llama_3_1_8b,resid_error_delta_norm,effect_only,coact_count,-0.01391243927710696,0.8106616869947816,-0.13342059953513594,0.10462704733229593,300,1,effect_l2,10000,10000,1.0,0.8556984473833806
llama_3_1_8b,resid_error_delta_norm,effect_only,logit_l2,0.37138481858589395,3.273682671447101e-11,0.2629449712701416,0.46864428520626294,300,1,effect_l2,10000,10000,5.892628808604781e-10,3.109998537874746e-10
llama_3_1_8b,resid_error_delta_norm,effect_only,logit_linf,0.23793632521167526,3.225615118294951e-05,0.12944836847097452,0.343674454459723,300,1,effect_l2,10000,10000,0.0005483545701101417,0.00020428895749201358
llama_3_1_8b,resid_error_delta_norm,effect_only,logit_entropy,-0.0022771309596413465,0.9687226451812332,-0.12570604648837186,0.11676362795613492,300,1,effect_l2,10000,10000,1.0,0.9687226451812332
llama_3_1_8b,resid_error_delta_norm,effect_only,logit_top10_mass,0.028738951475467983,0.6206257787693736,-0.09144179074021393,0.14761166055012026,300,1,effect_l2,10000,10000,1.0,0.6936405762716529
llama_3_1_8b,resid_change_explained_energy,none,crowding,0.0672643029366993,0.2454369601813104,-0.0525063123327146,0.1859708097820499,300,0,,10000,10000,1.0,0.3587155571880691
llama_3_1_8b,resid_change_explained_energy,none,crowd_max,0.16340003777819753,0.004547528723098234,0.04678878341795635,0.2781216737517971,300,0,,10000,10000,0.06366540212337528,0.01440050762314441
llama_3_1_8b,resid_change_explained_energy,none,dec_norm,0.5549243880487561,1.25417050918874e-25,0.4612687160426553,0.6361071783837131,300,0,,10000,10000,2.382923967458606e-24,2.382923967458606e-24
llama_3_1_8b,resid_change_explained_energy,none,enc_norm,-0.339360659562884,1.606011385611557e-09,-0.43746187927493657,-0.22861121257434297,300,0,,10000,10000,2.569618216978491e-08,7.628554081654896e-09
llama_3_1_8b,resid_change_explained_energy,none,enc_dec_cos,-0.010794342159357331,0.8522970180145071,-0.12427764122999845,0.10301316546001267,300,0,,10000,10000,1.0,0.8522970180145071
llama_3_1_8b,resid_change_explained_energy,none,frequency,-0.024472830200646473,0.6728969061799698,-0.1407041372121674,0.093605166995371,300,0,,10000,10000,1.0,0.7102800676344125
llama_3_1_8b,resid_change_explained_energy,none,bin_entropy,-0.024472830200646473,0.6728969061799698,-0.1407041372121674,0.093605166995371,300,0,,10000,10000,1.0,0.7102800676344125
llama_3_1_8b,resid_change_explained_energy,none,act_entropy,-0.034571495238835986,0.5508583387996852,-0.1514960306417232,0.0828295653622245,300,0,,10000,10000,1.0,0.6541442773246261
llama_3_1_8b,resid_change_explained_energy,none,act_kurtosis,0.03817864642940478,0.5100542845600091,-0.07972039780218913,0.15302155104929407,300,0,,10000,10000,1.0,0.6541442773246261
llama_3_1_8b,resid_change_explained_energy,none,act_mag,0.07328525872509693,0.2056056557885043,-0.04551368235466631,0.18883915820412836,300,0,,10000,10000,1.0,0.3255422883317985
llama_3_1_8b,resid_change_explained_energy,none,act_mean_firing,0.21586506516739074,0.00016469189485166685,0.09992562850448872,0.3265060997360715,300,0,,10000,10000,0.0024703784227750026,0.000625829200436334
llama_3_1_8b,resid_change_explained_energy,none,act_std,0.122326248069423,0.03418628842519325,0.0023940332119655973,0.23930354308178986,300,0,,10000,10000,0.3760491726771258,0.07217105334207465
llama_3_1_8b,resid_change_explained_energy,none,act_max,0.13975621951355016,0.01541652738893867,0.026009651172254764,0.2505289991615988,300,0,,10000,10000,0.2004148560562027,0.04184486005569067
llama_3_1_8b,resid_change_explained_energy,none,coact_entropy,-0.13283614262380694,0.021369466965927536,-0.24550654244403583,-0.018501415273505864,300,0,,10000,10000,0.25643360359113043,0.050752484044077895
llama_3_1_8b,resid_change_explained_energy,none,coact_count,-0.11670906628196762,0.04339073171888795,-0.22851722392963356,-0.00035509843215725115,300,0,,10000,10000,0.43390731718887954,0.08244239026588711
llama_3_1_8b,resid_change_explained_energy,none,logit_l2,0.5460576228624762,1.027116939592929e-24,0.454466993986747,0.6272202291979142,300,0,,10000,10000,1.8488104912672722e-23,9.757610926132825e-24
llama_3_1_8b,resid_change_explained_energy,none,logit_linf,0.34273314147934975,1.07950652751619e-09,0.23593680343166648,0.4433854820079735,300,0,,10000,10000,1.835161096777523e-08,6.836874674269203e-09
llama_3_1_8b,resid_change_explained_energy,none,logit_entropy,-0.09635134632127751,0.09576022754834122,-0.21134041655267147,0.023846232668229755,300,0,,10000,10000,0.861842047935071,0.16540402940168028
llama_3_1_8b,resid_change_explained_energy,none,logit_top10_mass,0.03608306758963988,0.5335666291621106,-0.07675575934013329,0.14387449995561216,300,0,,10000,10000,1.0,0.6541442773246261
llama_3_1_8b,resid_change_explained_energy,primary,crowding,-0.024454731332273296,0.6746821331069099,-0.138954504690427,0.08828777906348974,300,3,"effect_l2,act_max,frequency",10000,10000,1.0,0.7168497664260918
llama_3_1_8b,resid_change_explained_energy,primary,crowd_max,0.06458368802122053,0.2672230464915119,-0.05283447738967911,0.1809648314240732,300,3,"effect_l2,act_max,frequency",10000,10000,1.0,0.37856598252964185
llama_3_1_8b,resid_change_explained_energy,primary,dec_norm,0.30543998739929423,7.849873674361024e-08,0.18679433760192413,0.41358887024273816,300,3,"effect_l2,act_max,frequency",10000,10000,1.334478524641374e-06,9.79654660889729e-07
llama_3_1_8b,resid_change_explained_energy,primary,enc_norm,-0.27862942629783094,1.0688805169212397e-06,-0.3784879151296423,-0.1748455386088698,300,3,"effect_l2,act_max,frequency",10000,10000,1.6033207753818594e-05,6.056989595887025e-06
llama_3_1_8b,resid_change_explained_energy,primary,enc_dec_cos,0.16863884034243548,0.003557814673002974,0.056563057802052986,0.2750656704795891,300,3,"effect_l2,act_max,frequency",10000,10000,0.04625159074903866,0.012096569888210111
llama_3_1_8b,resid_change_explained_energy,primary,bin_entropy,,,,,300,3,"effect_l2,act_max,frequency",10000,0,,
llama_3_1_8b,resid_change_explained_energy,primary,act_entropy,0.02665623564118712,0.6472906001687204,-0.08857812795030369,0.13717000465743975,300,3,"effect_l2,act_max,frequency",10000,10000,1.0,0.7168497664260918
llama_3_1_8b,resid_change_explained_energy,primary,act_kurtosis,-0.05261959200405598,0.3661906882231749,-0.16827584511893148,0.061326929083181096,300,3,"effect_l2,act_max,frequency",10000,10000,1.0,0.47886474613799795
llama_3_1_8b,resid_change_explained_energy,primary,act_mag,0.09542420056258719,0.100730276473267,-0.023793305770157598,0.21448861185878967,300,3,"effect_l2,act_max,frequency",10000,10000,0.9335927600872571,0.18246604958042387
llama_3_1_8b,resid_change_explained_energy,primary,act_mean_firing,0.09362838842810203,0.1073329703414258,-0.02079843414410236,0.2063963573086023,300,3,"effect_l2,act_max,frequency",10000,10000,0.9335927600872571,0.18246604958042387
llama_3_1_8b,resid_change_explained_energy,primary,act_std,0.09754284148160845,0.0933592760087257,-0.022954506175222537,0.21684567446320951,300,3,"effect_l2,act_max,frequency",10000,10000,0.9335927600872571,0.18246604958042387
llama_3_1_8b,resid_change_explained_energy,primary,coact_entropy,0.03547086426796859,0.5425856362015035,-0.07684014562461726,0.15163198886596246,300,3,"effect_l2,act_max,frequency",10000,10000,1.0,0.6588539868161113
llama_3_1_8b,resid_change_explained_energy,primary,coact_count,0.13406788857243604,0.020822674318635735,0.01784962441709854,0.2452271001997925,300,3,"effect_l2,act_max,frequency",10000,10000,0.24987209182362882,0.05899757723613458
llama_3_1_8b,resid_change_explained_energy,primary,logit_l2,0.3016645225379545,1.1525348951643872e-07,0.18420372883815964,0.4079744045654608,300,3,"effect_l2,act_max,frequency",10000,10000,1.8440558322630195e-06,9.79654660889729e-07
llama_3_1_8b,resid_change_explained_energy,primary,logit_linf,0.21479603028035085,0.00019167447457018336,0.0965532934992922,0.325829064173629,300,3,"effect_l2,act_max,frequency",10000,10000,0.0026834426439825672,0.0008146165169232792
llama_3_1_8b,resid_change_explained_energy,primary,logit_entropy,-0.08460904219241851,0.14578378673874415,-0.1991080071360605,0.03215725984185613,300,3,"effect_l2,act_max,frequency",10000,10000,1.0,0.22530221586896823
llama_3_1_8b,resid_change_explained_energy,primary,logit_top10_mass,0.11977343539017843,0.039125429904210744,0.005756535770903119,0.23232729982706124,300,3,"effect_l2,act_max,frequency",10000,10000,0.4303797289463182,0.09501890119594038
llama_3_1_8b,resid_change_explained_energy,robust,crowding,0.036320411266608205,0.5322608319390109,-0.08214669290213825,0.15593723182090025,300,2,"frequency,act_max",10000,10000,1.0,0.565527133935199
llama_3_1_8b,resid_change_explained_energy,robust,crowd_max,0.1299571318631256,0.024864476953297875,0.015315889901017513,0.24157527111632535,300,2,"frequency,act_max",10000,10000,0.24864476953297876,0.05283701352575798
llama_3_1_8b,resid_change_explained_energy,robust,dec_norm,0.5412683639859284,4.423186004952055e-24,0.44639088881338757,0.6249292059445063,300,2,"frequency,act_max",10000,10000,7.519416208418493e-23,7.519416208418493e-23
llama_3_1_8b,resid_change_explained_energy,robust,enc_norm,-0.3798447396711822,1.1561253118890661e-11,-0.4741908489195317,-0.2763159794417296,300,2,"frequency,act_max",10000,10000,1.734187967833599e-10,6.551376767371375e-11
llama_3_1_8b,resid_change_explained_energy,robust,enc_dec_cos,0.05236451011309781,0.36771026520363104,-0.06245358842972076,0.16604583701593376,300,2,"frequency,act_max",10000,10000,1.0,0.44650532203298055
llama_3_1_8b,resid_change_explained_energy,robust,bin_entropy,,,,,300,2,"frequency,act_max",10000,0,,
llama_3_1_8b,resid_change_explained_energy,robust,act_entropy,0.09984480330341237,0.08531494523513418,-0.028594714278991937,0.20997563316578458,300,2,"frequency,act_max",10000,10000,0.5118896714108051,0.12086283908310676
llama_3_1_8b,resid_change_explained_energy,robust,act_kurtosis,-0.12330339641359274,0.03335975149776973,-0.23269350189677437,-0.006535871301868014,300,2,"frequency,act_max",10000,10000,0.2970248202396034,0.056711577546208536
llama_3_1_8b,resid_change_explained_energy,robust,act_mag,0.12355200049298118,0.03300275780440038,0.005375870304687493,0.23894838111835234,300,2,"frequency,act_max",10000,10000,0.2970248202396034,0.056711577546208536
llama_3_1_8b,resid_change_explained_energy,robust,act_mean_firing,0.18146565653077554,0.0016576137658568303,0.06955028871946123,0.2851207948941209,300,2,"frequency,act_max",10000,10000,0.021548978956138793,0.005635886803913223
llama_3_1_8b,resid_change_explained_energy,robust,act_std,0.13360257052691432,0.021054999218558548,0.016160997306547915,0.2463875231870478,300,2,"frequency,act_max",10000,10000,0.23160499140414403,0.05113356953078504
llama_3_1_8b,resid_change_explained_energy,robust,coact_entropy,-0.16929278479776252,0.003374904493489238,-0.27799138105860366,-0.05081647756962893,300,2,"frequency,act_max",10000,10000,0.04049885392187086,0.009562229398219508
llama_3_1_8b,resid_change_explained_energy,robust,coact_count,-0.10766568133399228,0.06342710772761023,-0.21798696017644664,0.004475897314635599,300,2,"frequency,act_max",10000,10000,0.4439897540932716,0.09802371194267036
llama_3_1_8b,resid_change_explained_energy,robust,logit_l2,0.5317001029606799,3.8011319820726107e-23,0.43682991050078307,0.614062905321048,300,2,"frequency,act_max",10000,10000,6.081811171316177e-22,3.2309621847617192e-22
llama_3_1_8b,resid_change_explained_energy,robust,logit_linf,0.33330347896918305,3.655802429298816e-09,0.22467934885892277,0.43673972005900497,300,2,"frequency,act_max",10000,10000,5.118123401018342e-08,1.5537160324519968e-08
llama_3_1_8b,resid_change_explained_energy,robust,logit_entropy,-0.09417021228900493,0.10471665105549818,-0.21398476140709907,0.026973643751254054,300,2,"frequency,act_max",10000,10000,0.5235832552774909,0.13693715907257456
llama_3_1_8b,resid_change_explained_energy,robust,logit_top10_mass,0.04036017549288849,0.48763244172080134,-0.06976453568179583,0.1526745528855353,300,2,"frequency,act_max",10000,10000,1.0,0.5526501006169082
llama_3_1_8b,resid_change_explained_energy,effect_only,crowding,-0.01700531839681847,0.7696452577056238,-0.13067915482783168,0.10037806262529426,300,1,effect_l2,10000,10000,1.0,0.8124033275781585
llama_3_1_8b,resid_change_explained_energy,effect_only,crowd_max,0.07271351665158005,0.20994092034277595,-0.043920453006023354,0.19265932337189373,300,1,effect_l2,10000,10000,1.0,0.35425010638417465
llama_3_1_8b,resid_change_explained_energy,effect_only,dec_norm,0.3171438806536225,2.0664170009530984e-08,0.20124307657428037,0.42486071526011543,300,1,effect_l2,10000,10000,3.926192301810887e-07,2.945223990767459e-07
llama_3_1_8b,resid_change_explained_energy,effect_only,enc_norm,-0.24908754240628073,1.3127607412131236e-05,-0.3508454972319402,-0.1376915395740955,300,1,effect_l2,10000,10000,0.00022316932600623102,8.31415136101645e-05
llama_3_1_8b,resid_change_explained_energy,effect_only,enc_dec_cos,0.11962451792794947,0.038709108860508164,0.0032093286757452362,0.2265093248051062,300,1,effect_l2,10000,10000,0.5419275240471143,0.12257884472494252
llama_3_1_8b,resid_change_explained_energy,effect_only,frequency,-0.06520470145913998,0.26102639417781287,-0.1794943651808809,0.04887113834891192,300,1,effect_l2,10000,10000,1.0,0.35425010638417465
llama_3_1_8b,resid_change_explained_energy,effect_only,bin_entropy,-0.06520470145913998,0.26102639417781287,-0.1794943651808809,0.04887113834891192,300,1,effect_l2,10000,10000,1.0,0.35425010638417465
llama_3_1_8b,resid_change_explained_energy,effect_only,act_entropy,-0.07141842818535067,0.2181956383642539,-0.18436937280169569,0.044453794005238384,300,1,effect_l2,10000,10000,1.0,0.35425010638417465
llama_3_1_8b,resid_change_explained_energy,effect_only,act_kurtosis,0.06575529687149098,0.25701277340703943,-0.05071931208073349,0.1802351468798321,300,1,effect_l2,10000,10000,1.0,0.35425010638417465
llama_3_1_8b,resid_change_explained_energy,effect_only,act_mag,-0.0025414141875364205,0.9650947885567218,-0.11301826401891577,0.11010549815511791,300,1,effect_l2,10000,10000,1.0,0.9650947885567218
llama_3_1_8b,resid_change_explained_energy,effect_only,act_mean_firing,0.09951008746041558,0.08584244274663015,-0.010735958564361298,0.21763236157282959,300,1,effect_l2,10000,10000,1.0,0.2038758015232466
llama_3_1_8b,resid_change_explained_energy,effect_only,act_std,0.031180583701830102,0.5912434903858246,-0.07996083499375628,0.14484605048483956,300,1,effect_l2,10000,10000,1.0,0.6608015480782745
llama_3_1_8b,resid_change_explained_energy,effect_only,act_max,0.050274869160431855,0.38635838062525685,-0.06296985359889107,0.16512141409921977,300,1,effect_l2,10000,10000,1.0,0.48938728212532534
llama_3_1_8b,resid_change_explained_energy,effect_only,coact_entropy,-0.03783007190109927,0.514635754001697,-0.1529748969917126,0.07365351164557606,300,1,effect_l2,10000,10000,1.0,0.6111299578770152
llama_3_1_8b,resid_change_explained_energy,effect_only,coact_count,0.13482987921791068,0.01968383138820003,0.019108215744999164,0.24323195318050198,300,1,effect_l2,10000,10000,0.29525747082300047,0.07479855927516012
llama_3_1_8b,resid_change_explained_energy,effect_only,logit_l2,0.3133507230410392,3.10023577975522e-08,0.20376067227774167,0.4167023951772283,300,1,effect_l2,10000,10000,5.580424403559397e-07,2.945223990767459e-07
llama_3_1_8b,resid_change_explained_energy,effect_only,logit_linf,0.21527277838606929,0.00017620556716496993,0.10179127851837429,0.32726866385407444,300,1,effect_l2,10000,10000,0.002819289074639519,0.0008369764440336072
llama_3_1_8b,resid_change_explained_energy,effect_only,logit_entropy,-0.0797058581705569,0.16923746466078646,-0.19103412616712562,0.03483962634366886,300,1,effect_l2,10000,10000,1.0,0.35425010638417465
llama_3_1_8b,resid_change_explained_energy,effect_only,logit_top10_mass,0.10735887673553492,0.0637399514961676,-0.004355070196506401,0.21616371161268044,300,1,effect_l2,10000,10000,0.8286193694501788,0.17300843977531205
llama_3_1_8b,stab_anti_frac,none,crowding,0.07484115232358414,0.196118704091717,-0.03640247648613422,0.18414667087073014,300,0,,10000,10000,1.0,0.4657819222178279
llama_3_1_8b,stab_anti_frac,none,crowd_max,0.03645435217989547,0.529361442064576,-0.07553186460290208,0.1464227717617405,300,0,,10000,10000,1.0,0.7184190999447818
llama_3_1_8b,stab_anti_frac,none,dec_norm,-0.1755267875005499,0.0022789487361302074,-0.2833414176621971,-0.06577226087590189,300,0,,10000,10000,0.041021077250343735,0.017871595758798407
llama_3_1_8b,stab_anti_frac,none,enc_norm,0.16680551990819215,0.0037624412123786117,0.05380081054559613,0.2755616129176158,300,0,,10000,10000,0.06019905939805779,0.017871595758798407
llama_3_1_8b,stab_anti_frac,none,enc_dec_cos,-0.05120780498781439,0.376792042851374,-0.1596915736866761,0.06319930989273485,300,0,,10000,10000,1.0,0.5965874011813422
llama_3_1_8b,stab_anti_frac,none,frequency,0.0569810975754311,0.3253019978509313,-0.05524559560903587,0.16925829785317104,300,0,,10000,10000,1.0,0.5618852690152449
llama_3_1_8b,stab_anti_frac,none,bin_entropy,0.0569810975754311,0.3253019978509313,-0.05524559560903587,0.16925829785317104,300,0,,10000,10000,1.0,0.5618852690152449
llama_3_1_8b,stab_anti_frac,none,act_entropy,0.06653837518477773,0.2505803385225203,-0.04590204074326886,0.1795164951144671,300,0,,10000,10000,1.0,0.5290029368808762
llama_3_1_8b,stab_anti_frac,none,act_kurtosis,-0.08370474799120345,0.14809432483591398,-0.19487519459625274,0.029763945932393572,300,0,,10000,10000,1.0,0.4076246203994075
llama_3_1_8b,stab_anti_frac,none,act_mag,0.04737963888610195,0.41354403199469436,-0.06367002370188506,0.1592826558637797,300,0,,10000,10000,1.0,0.6044105082999379
llama_3_1_8b,stab_anti_frac,none,act_mean_firing,-0.011019636446420166,0.8492506179460565,-0.12311625347886147,0.09928265457039316,300,0,,10000,10000,1.0,0.9403419059479814
llama_3_1_8b,stab_anti_frac,none,act_std,0.025899807153604217,0.6550194492920115,-0.08736629241928136,0.13706308743207693,300,0,,10000,10000,1.0,0.8296913024365479
llama_3_1_8b,stab_anti_frac,none,act_max,-0.018043067837754556,0.755621375270921,-0.13153099853076777,0.09320941405047624,300,0,,10000,10000,1.0,0.8973003831342187
llama_3_1_8b,stab_anti_frac,none,coact_entropy,0.00038382668038275354,0.9947177876447094,-0.1103226448891752,0.11569100593187195,300,0,,10000,10000,1.0,0.9947177876447094
llama_3_1_8b,stab_anti_frac,none,coact_count,-0.007955976288540912,0.8908502266875614,-0.1257258723259117,0.11216385215531156,300,0,,10000,10000,1.0,0.9403419059479814
llama_3_1_8b,stab_anti_frac,none,logit_l2,-0.14312419423737452,0.01308590375252609,-0.2523950156201331,-0.03353255592831188,300,0,,10000,10000,0.19628855628789135,0.04972643425959914
llama_3_1_8b,stab_anti_frac,none,logit_linf,-0.24538668675139128,1.7205250812092627e-05,-0.3512304265688704,-0.13468459475632785,300,0,,10000,10000,0.0003268997654297599,0.0003268997654297599
llama_3_1_8b,stab_anti_frac,none,logit_entropy,0.08327849871601348,0.15017749172609748,-0.0318654145540346,0.19293657237985784,300,0,,10000,10000,1.0,0.4076246203994075
llama_3_1_8b,stab_anti_frac,none,logit_top10_mass,-0.16894296621264432,0.0033345284330111506,-0.28157849362647996,-0.05543490443793185,300,0,,10000,10000,0.05668698336118956,0.017871595758798407
llama_3_1_8b,stab_anti_frac,primary,crowding,0.07924452583512254,0.17317916029477443,-0.03751495488988654,0.19344622641272205,300,3,"effect_l2,act_max,frequency",10000,10000,1.0,0.3271161916679073
llama_3_1_8b,stab_anti_frac,primary,crowd_max,0.04276452591385094,0.4628155091668368,-0.07033427547475347,0.15694716768720027,300,3,"effect_l2,act_max,frequency",10000,10000,1.0,0.6052202812181712
llama_3_1_8b,stab_anti_frac,primary,dec_norm,-0.2405271695420297,2.797483755263276e-05,-0.33735539492789113,-0.13193835059595915,300,3,"effect_l2,act_max,frequency",10000,10000,0.0004475974008421242,0.00023778611919737848
llama_3_1_8b,stab_anti_frac,primary,enc_norm,0.18817109093005124,0.0011205733755506625,0.07383139435811434,0.29365291756358314,300,3,"effect_l2,act_max,frequency",10000,10000,0.016808600633259937,0.005027810391493858
llama_3_1_8b,stab_anti_frac,primary,enc_dec_cos,-0.08262237317388282,0.15551651543950798,-0.19595846193168334,0.03214620945475018,300,3,"effect_l2,act_max,frequency",10000,10000,1.0,0.3271161916679073
llama_3_1_8b,stab_anti_frac,primary,bin_entropy,,,,,300,3,"effect_l2,act_max,frequency",10000,0,,
llama_3_1_8b,stab_anti_frac,primary,act_entropy,0.0597815382674967,0.3045002834319298,-0.06559247128320313,0.17160947660049677,300,3,"effect_l2,act_max,frequency",10000,10000,1.0,0.5176504818342806
llama_3_1_8b,stab_anti_frac,primary,act_kurtosis,-0.05581771462433062,0.33774205115784833,-0.16398559369266574,0.057830440319622686,300,3,"effect_l2,act_max,frequency",10000,10000,1.0,0.5219649881530383
llama_3_1_8b,stab_anti_frac,primary,act_mag,0.04959779073777256,0.3943957740253828,-0.06407244038317637,0.1621005898172654,300,3,"effect_l2,act_max,frequency",10000,10000,1.0,0.5587273465359589
llama_3_1_8b,stab_anti_frac,primary,act_mean_firing,0.02894755636507137,0.6192782003900525,-0.09158381793512085,0.14791666982111937,300,3,"effect_l2,act_max,frequency",10000,10000,1.0,0.7018486271087262
llama_3_1_8b,stab_anti_frac,primary,act_std,0.032394116481036565,0.5781685574997186,-0.0822514562082166,0.1467956029883302,300,3,"effect_l2,act_max,frequency",10000,10000,1.0,0.7018486271087262
llama_3_1_8b,stab_anti_frac,primary,coact_entropy,-0.09012161956550988,0.1212054911580918,-0.20259666590211275,0.024838013356023085,300,3,"effect_l2,act_max,frequency",10000,10000,1.0,0.3132408620373629
llama_3_1_8b,stab_anti_frac,primary,coact_count,-0.01027705574009944,0.8600037723713078,-0.12490119058054543,0.10460979403813415,300,3,"effect_l2,act_max,frequency",10000,10000,1.0,0.9137540081445145
llama_3_1_8b,stab_anti_frac,primary,logit_l2,-0.18452132823853723,0.0014029482545510619,-0.2870262331881625,-0.07277386307921144,300,3,"effect_l2,act_max,frequency",10000,10000,0.019641275563714866,0.005027810391493858
llama_3_1_8b,stab_anti_frac,primary,logit_linf,-0.25921264598374827,6.012597164436028e-06,-0.36633376170879695,-0.15055232676246638,300,3,"effect_l2,act_max,frequency",10000,10000,0.00010221415179541248,0.00010221415179541248
llama_3_1_8b,stab_anti_frac,primary,logit_entropy,0.08829106264701767,0.12898153142714944,-0.025165968023638057,0.20230043489453464,300,3,"effect_l2,act_max,frequency",10000,10000,1.0,0.3132408620373629
llama_3_1_8b,stab_anti_frac,primary,logit_top10_mass,-0.18365678584814002,0.0014787677622040759,-0.29516970748979376,-0.07441563362623638,300,3,"effect_l2,act_max,frequency",10000,10000,0.019641275563714866,0.005027810391493858
llama_3_1_8b,stab_anti_frac,robust,crowding,0.07849215852174848,0.17657505672170923,-0.03477069895850577,0.18915473306004585,300,2,"frequency,act_max",10000,10000,1.0,0.3335306626965619
llama_3_1_8b,stab_anti_frac,robust,crowd_max,0.04199795155483537,0.4701292241661453,-0.06980397237069606,0.15228349859744061,300,2,"frequency,act_max",10000,10000,1.0,0.6147843700634208
llama_3_1_8b,stab_anti_frac,robust,dec_norm,-0.16667102042614848,0.003910356367654403,-0.277679832018853,-0.05369500893171306,300,2,"frequency,act_max",10000,10000,0.05474498914716164,0.01661901456253121
llama_3_1_8b,stab_anti_frac,robust,enc_norm,0.17997916700407826,0.0018123472120221906,0.0703892929900327,0.2873913680814321,300,2,"frequency,act_max",10000,10000,0.02718520818033286,0.010269967534792413
llama_3_1_8b,stab_anti_frac,robust,enc_dec_cos,-0.08084247938652961,0.16393097125415623,-0.1949202624587499,0.029769515856413763,300,2,"frequency,act_max",10000,10000,1.0,0.3335306626965619
llama_3_1_8b,stab_anti_frac,robust,bin_entropy,,,,,300,2,"frequency,act_max",10000,0,,
llama_3_1_8b,stab_anti_frac,robust,act_entropy,0.05876407280623117,0.3119993151926706,-0.06683456275311288,0.16851811467140188,300,2,"frequency,act_max",10000,10000,1.0,0.53039883582754
llama_3_1_8b,stab_anti_frac,robust,act_kurtosis,-0.05482314934161984,0.3456162982948604,-0.1633298410888315,0.057553672234476765,300,2,"frequency,act_max",10000,10000,1.0,0.5341342791829661
llama_3_1_8b,stab_anti_frac,robust,act_mag,0.04927508969153614,0.3966830734052187,-0.0679793217733601,0.16176782797015582,300,2,"frequency,act_max",10000,10000,1.0,0.5619676873240599
llama_3_1_8b,stab_anti_frac,robust,act_mean_firing,0.027945791023392192,0.6308821967245762,-0.09116656159911933,0.14557829110763493,300,2,"frequency,act_max",10000,10000,1.0,0.7149998229545197
llama_3_1_8b,stab_anti_frac,robust,act_std,0.032049140858187206,0.5815854490213354,-0.08589174236660935,0.14976693326698318,300,2,"frequency,act_max",10000,10000,1.0,0.7062109023830502
llama_3_1_8b,stab_anti_frac,robust,coact_entropy,-0.0818594989924681,0.1586750501894492,-0.19551664309904004,0.033661981100128045,300,2,"frequency,act_max",10000,10000,1.0,0.3335306626965619
llama_3_1_8b,stab_anti_frac,robust,coact_count,-0.008478814829241125,0.8841151853446849,-0.12363398474080896,0.10930551377113693,300,2,"frequency,act_max",10000,10000,1.0,0.9393723844287277
llama_3_1_8b,stab_anti_frac,robust,logit_l2,-0.13406356586687784,0.020611312698288725,-0.2435927116470384,-0.021722054312005374,300,2,"frequency,act_max",10000,10000,0.26794706507775345,0.07007846317418168
llama_3_1_8b,stab_anti_frac,robust,logit_linf,-0.24650574015093102,1.6769187474771982e-05,-0.35572652381295133,-0.13336923911185142,300,2,"frequency,act_max",10000,10000,0.00028507618707112367,0.00028507618707112367
llama_3_1_8b,stab_anti_frac,robust,logit_entropy,0.08829074874961175,0.1283350788406579,-0.022055886341061468,0.20184373010764747,300,2,"frequency,act_max",10000,10000,1.0,0.3335306626965619
llama_3_1_8b,stab_anti_frac,robust,logit_top10_mass,-0.18192416964940322,0.001612385290949275,-0.2947350519388581,-0.06943887351116784,300,2,"frequency,act_max",10000,10000,0.0257981646551884,0.010269967534792413
llama_3_1_8b,stab_anti_frac,effect_only,crowding,0.07670419789234398,0.1859240332012752,-0.035158248898631735,0.18656632542486162,300,1,effect_l2,10000,10000,1.0,0.4415695788530286
llama_3_1_8b,stab_anti_frac,effect_only,crowd_max,0.03830495889992331,0.5093677558814016,-0.07261066890156913,0.14941365150411148,300,1,effect_l2,10000,10000,1.0,0.6912848115533308
llama_3_1_8b,stab_anti_frac,effect_only,dec_norm,-0.24931623249048732,1.288203102387229e-05,-0.34681014280051936,-0.1456419139803836,300,1,effect_l2,10000,10000,0.00023187655842970122,0.00012237929472678675
llama_3_1_8b,stab_anti_frac,effect_only,enc_norm,0.17136902869178852,0.0029504108767227635,0.05826552603218603,0.27720862657236345,300,1,effect_l2,10000,10000,0.047206574027564216,0.011730598285052494
llama_3_1_8b,stab_anti_frac,effect_only,enc_dec_cos,-0.053692738482753286,0.354855168282422,-0.1674114411096888,0.06123338429872059,300,1,effect_l2,10000,10000,1.0,0.5618540164471681
llama_3_1_8b,stab_anti_frac,effect_only,frequency,0.05742505486187283,0.32235516334442915,-0.055936115104888266,0.1683916699283999,300,1,effect_l2,10000,10000,1.0,0.5567952821403777
llama_3_1_8b,stab_anti_frac,effect_only,bin_entropy,0.05742505486187283,0.32235516334442915,-0.055936115104888266,0.1683916699283999,300,1,effect_l2,10000,10000,1.0,0.5567952821403777
llama_3_1_8b,stab_anti_frac,effect_only,act_entropy,0.06691571013140066,0.2486939323124946,-0.046091752556101234,0.1788635219712201,300,1,effect_l2,10000,10000,1.0,0.5250205237708219
llama_3_1_8b,stab_anti_frac,effect_only,act_kurtosis,-0.08395537995800435,0.14756075106549718,-0.19331963169814656,0.029335260929472678,300,1,effect_l2,10000,10000,1.0,0.41166711788816057
llama_3_1_8b,stab_anti_frac,effect_only,act_mag,0.048712765098338925,0.4013051223452132,-0.06438946347717983,0.16109335484828366,300,1,effect_l2,10000,10000,1.0,0.586522871119927
llama_3_1_8b,stab_anti_frac,effect_only,act_mean_firing,-0.009985004872899461,0.8634863039892987,-0.12465590726919662,0.10684066915901415,300,1,effect_l2,10000,10000,1.0,0.9114577653220375
llama_3_1_8b,stab_anti_frac,effect_only,act_std,0.027397834176202347,0.6370288339921946,-0.08692228214532405,0.14056097842960155,300,1,effect_l2,10000,10000,1.0,0.8069031897234464
llama_3_1_8b,stab_anti_frac,effect_only,act_max,-0.01735398003846463,0.7650591180333489,-0.13261278846725716,0.09830271452321684,300,1,effect_l2,10000,10000,1.0,0.9085077026646018
llama_3_1_8b,stab_anti_frac,effect_only,coact_entropy,-0.0006812376172307016,0.9906407417504993,-0.11546167322622294,0.1146338904096732,300,1,effect_l2,10000,10000,1.0,0.9906407417504993
llama_3_1_8b,stab_anti_frac,effect_only,coact_count,-0.011415621047998805,0.8441608194860853,-0.12615916674948488,0.10590549023370123,300,1,effect_l2,10000,10000,1.0,0.9114577653220375
llama_3_1_8b,stab_anti_frac,effect_only,logit_l2,-0.19435856850502614,0.0007275662551394368,-0.29818707312012566,-0.08639580664187063,300,1,effect_l2,10000,10000,0.012368626337370426,0.0046079196158831
llama_3_1_8b,stab_anti_frac,effect_only,logit_linf,-0.2582320934555891,6.082503076154287e-06,-0.36386262743130826,-0.14798322235868286,300,1,effect_l2,10000,10000,0.00011556755844693147,0.00011556755844693147
llama_3_1_8b,stab_anti_frac,effect_only,logit_entropy,0.08311582292979902,0.15166683290616442,-0.031325337746599784,0.19455668991187003,300,1,effect_l2,10000,10000,1.0,0.41166711788816057
llama_3_1_8b,stab_anti_frac,effect_only,logit_top10_mass,-0.170578517603742,0.0030869995486980245,-0.28233096985939105,-0.05505357548478193,300,1,effect_l2,10000,10000,0.047206574027564216,0.011730598285052494
llama_3_1_8b,effect_pc1_ratio,none,crowding,0.009708107867865204,0.8670149338229196,-0.10700068660675628,0.12467526941138585,300,0,,10000,10000,1.0,0.986100948331578
llama_3_1_8b,effect_pc1_ratio,none,crowd_max,0.02743897154412826,0.635954917745993,-0.08638830786892529,0.140059889687923,300,0,,10000,10000,1.0,0.986100948331578
llama_3_1_8b,effect_pc1_ratio,none,dec_norm,0.027590973233035897,0.6340848713267724,-0.08935310650184068,0.14518973704720622,300,0,,10000,10000,1.0,0.986100948331578
llama_3_1_8b,effect_pc1_ratio,none,enc_norm,-0.0694256602851143,0.2305610692345921,-0.18991955195033428,0.050407490453126924,300,0,,10000,10000,1.0,0.986100948331578
llama_3_1_8b,effect_pc1_ratio,none,enc_dec_cos,0.039689329881443136,0.4934452597722538,-0.07509570757450114,0.1518322155752495,300,0,,10000,10000,1.0,0.986100948331578
llama_3_1_8b,effect_pc1_ratio,none,frequency,0.004786596021083108,0.9342008984193897,-0.11218383079025879,0.12399526808495637,300,0,,10000,10000,1.0,0.986100948331578
llama_3_1_8b,effect_pc1_ratio,none,bin_entropy,0.004786596021083108,0.9342008984193897,-0.11218383079025879,0.12399526808495637,300,0,,10000,10000,1.0,0.986100948331578
llama_3_1_8b,effect_pc1_ratio,none,act_entropy,0.015976621962466263,0.7828663933509886,-0.10136459954131406,0.13694434886446064,300,0,,10000,10000,1.0,0.986100948331578
llama_3_1_8b,effect_pc1_ratio,none,act_kurtosis,-0.029997666640740453,0.6047916367537273,-0.14916937662370058,0.08671301884991851,300,0,,10000,10000,1.0,0.986100948331578
llama_3_1_8b,effect_pc1_ratio,none,act_mag,0.0002795586617629127,0.9961527081579412,-0.11595580415698581,0.11912505542763982,300,0,,10000,10000,1.0,0.9961527081579412
llama_3_1_8b,effect_pc1_ratio,none,act_mean_firing,0.007361415126834732,0.8989618597006337,-0.11161913855335344,0.12328300686229325,300,0,,10000,10000,1.0,0.986100948331578
llama_3_1_8b,effect_pc1_ratio,none,act_std,0.009807664529605886,0.8656640010114555,-0.10961633207242531,0.1282270660875762,300,0,,10000,10000,1.0,0.986100948331578
llama_3_1_8b,effect_pc1_ratio,none,act_max,0.01827220302447805,0.7526182029761593,-0.10015394136676178,0.13227205891452049,300,0,,10000,10000,1.0,0.986100948331578
llama_3_1_8b,effect_pc1_ratio,none,coact_entropy,-0.0404631162568473,0.48505091120550237,-0.15203346253619437,0.07358433982441341,300,0,,10000,10000,1.0,0.986100948331578
llama_3_1_8b,effect_pc1_ratio,none,coact_count,0.01930509867779674,0.7391272995986419,-0.09890002779626002,0.13571420309116086,300,0,,10000,10000,1.0,0.986100948331578
llama_3_1_8b,effect_pc1_ratio,none,logit_l2,0.027381193124368052,0.6366663610439967,-0.08981015863614397,0.14401606044402354,300,0,,10000,10000,1.0,0.986100948331578
llama_3_1_8b,effect_pc1_ratio,none,logit_linf,-0.021186013177924186,0.7147668445778147,-0.13752841772174837,0.09269090170941334,300,0,,10000,10000,1.0,0.986100948331578
llama_3_1_8b,effect_pc1_ratio,none,logit_entropy,0.05988469865482687,0.3012149916230972,-0.055771984234037376,0.1694107454510416,300,0,,10000,10000,1.0,0.986100948331578
llama_3_1_8b,effect_pc1_ratio,none,logit_top10_mass,-0.04567384082045357,0.43057797651593877,-0.16035351585484592,0.06642474782602525,300,0,,10000,10000,1.0,0.986100948331578
llama_3_1_8b,effect_pc1_ratio,primary,crowding,-0.00808183518212607,0.8896913609377639,-0.1253751947635348,0.10697930410419727,300,3,"effect_l2,act_max,frequency",10000,10000,1.0,0.9740276771362597
llama_3_1_8b,effect_pc1_ratio,primary,crowd_max,0.006092311051122264,0.9167319314223621,-0.10872383494608164,0.1200915260841459,300,3,"effect_l2,act_max,frequency",10000,10000,1.0,0.9740276771362597
llama_3_1_8b,effect_pc1_ratio,primary,dec_norm,-0.08226355578811484,0.15732551142327778,-0.20552772179081744,0.04005207499731241,300,3,"effect_l2,act_max,frequency",10000,10000,1.0,0.6007259106973046
llama_3_1_8b,effect_pc1_ratio,primary,enc_norm,-0.04215274022788529,0.46924653690998835,-0.1563714907887439,0.07428407770247136,300,3,"effect_l2,act_max,frequency",10000,10000,1.0,0.7251991934063456
llama_3_1_8b,effect_pc1_ratio,primary,enc_dec_cos,0.07129457751475089,0.22055760733796212,-0.048049338177689464,0.1855313360373291,300,3,"effect_l2,act_max,frequency",10000,10000,1.0,0.6007259106973046
llama_3_1_8b,effect_pc1_ratio,primary,bin_entropy,,,,,300,3,"effect_l2,act_max,frequency",10000,0,,
llama_3_1_8b,effect_pc1_ratio,primary,act_entropy,0.13060963872900352,0.024382691430334422,0.008533505417368959,0.233033344414717,300,3,"effect_l2,act_max,frequency",10000,10000,0.4145057543156852,0.4145057543156852
llama_3_1_8b,effect_pc1_ratio,primary,act_kurtosis,-0.07219679445706897,0.21475733049644927,-0.17773315421324223,0.042470319538153424,300,3,"effect_l2,act_max,frequency",10000,10000,1.0,0.6007259106973046
llama_3_1_8b,effect_pc1_ratio,primary,act_mag,-0.05169009411861698,0.3747301183102494,-0.16561280486283786,0.06287741232005756,300,3,"effect_l2,act_max,frequency",10000,10000,1.0,0.7078235568082488
llama_3_1_8b,effect_pc1_ratio,primary,act_mean_firing,-0.042771344326116234,0.4627441113323059,-0.1586672243765785,0.07404006699791149,300,3,"effect_l2,act_max,frequency",10000,10000,1.0,0.7251991934063456
llama_3_1_8b,effect_pc1_ratio,primary,act_std,-0.02682395185340266,0.6452226106049267,-0.13801856650717445,0.08545411145124669,300,3,"effect_l2,act_max,frequency",10000,10000,1.0,0.7834845985916967
llama_3_1_8b,effect_pc1_ratio,primary,coact_entropy,-0.029722194458064895,0.6099283401065343,-0.14945185500473235,0.09526093188737203,300,3,"effect_l2,act_max,frequency",10000,10000,1.0,0.7834845985916967
llama_3_1_8b,effect_pc1_ratio,primary,coact_count,0.07713920415487038,0.18491813571473717,-0.03883929441888491,0.19108887904382058,300,3,"effect_l2,act_max,frequency",10000,10000,1.0,0.6007259106973046
llama_3_1_8b,effect_pc1_ratio,primary,logit_l2,-0.07401947786178249,0.20337492804224253,-0.1946193664349952,0.0445515956333395,300,3,"effect_l2,act_max,frequency",10000,10000,1.0,0.6007259106973046
llama_3_1_8b,effect_pc1_ratio,primary,logit_linf,-0.06253907705089057,0.2826945462104963,-0.1784296302328026,0.05306088829504911,300,3,"effect_l2,act_max,frequency",10000,10000,1.0,0.6007259106973046
llama_3_1_8b,effect_pc1_ratio,primary,logit_entropy,0.0666553262807715,0.25214826999893036,-0.05087498376523536,0.18344066511123638,300,3,"effect_l2,act_max,frequency",10000,10000,1.0,0.6007259106973046
llama_3_1_8b,effect_pc1_ratio,primary,logit_top10_mass,-0.033613051604027194,0.5639413809843014,-0.1486496207241071,0.08055973003239539,300,3,"effect_l2,act_max,frequency",10000,10000,1.0,0.7834845985916967
llama_3_1_8b,effect_pc1_ratio,robust,crowding,0.005038662797963934,0.9309769089196003,-0.10758975656939392,0.12097363974859994,300,2,"frequency,act_max",10000,10000,1.0,0.9891629657270753
llama_3_1_8b,effect_pc1_ratio,robust,crowd_max,0.02285237077013788,0.6944033545320202,-0.09041436551769386,0.13408067987514227,300,2,"frequency,act_max",10000,10000,1.0,0.8971093943402504
llama_3_1_8b,effect_pc1_ratio,robust,dec_norm,0.02508858755417312,0.6662183473343611,-0.0942106491240351,0.14814079975654887,300,2,"frequency,act_max",10000,10000,1.0,0.8971093943402504
llama_3_1_8b,effect_pc1_ratio,robust,enc_norm,-0.07366403857308405,0.20479170419820894,-0.1910888605883293,0.04642851848149431,300,2,"frequency,act_max",10000,10000,1.0,0.8971093943402504
llama_3_1_8b,effect_pc1_ratio,robust,enc_dec_cos,0.048831502441764145,0.40095276183204176,-0.0670744112582651,0.16226681816390706,300,2,"frequency,act_max",10000,10000,1.0,0.8971093943402504
llama_3_1_8b,effect_pc1_ratio,robust,bin_entropy,,,,,300,2,"frequency,act_max",10000,0,,
llama_3_1_8b,effect_pc1_ratio,robust,act_entropy,0.14564002427745534,0.011835725189108833,0.01950358726064055,0.25174619135822784,300,2,"frequency,act_max",10000,10000,0.20120732821485016,0.20120732821485016
llama_3_1_8b,effect_pc1_ratio,robust,act_kurtosis,-0.08854222021457811,0.12724697682329567,-0.1959944526536855,0.028149270766025532,300,2,"frequency,act_max",10000,10000,1.0,0.8971093943402504
llama_3_1_8b,effect_pc1_ratio,robust,act_mag,-0.04193036673478448,0.4708446180895849,-0.15546613473069792,0.07037633505829194,300,2,"frequency,act_max",10000,10000,1.0,0.8971093943402504
llama_3_1_8b,effect_pc1_ratio,robust,act_mean_firing,-0.018523030940457014,0.750150778942152,-0.13417923724410366,0.09626410039310233,300,2,"frequency,act_max",10000,10000,1.0,0.8971093943402504
llama_3_1_8b,effect_pc1_ratio,robust,act_std,-0.015372811464796136,0.7915671126531622,-0.12751430360140298,0.09501765379105664,300,2,"frequency,act_max",10000,10000,1.0,0.8971093943402504
llama_3_1_8b,effect_pc1_ratio,robust,coact_entropy,-0.0718343207750174,0.2162954555240401,-0.1884951703744846,0.047724983371360996,300,2,"frequency,act_max",10000,10000,1.0,0.8971093943402504
llama_3_1_8b,effect_pc1_ratio,robust,coact_count,0.02093874178185687,0.7188627804637723,-0.09074216611639603,0.1346512351690908,300,2,"frequency,act_max",10000,10000,1.0,0.8971093943402504
llama_3_1_8b,effect_pc1_ratio,robust,logit_l2,0.024775909944731216,0.6701323246135112,-0.09567060423095983,0.14676429241179126,300,2,"frequency,act_max",10000,10000,1.0,0.8971093943402504
llama_3_1_8b,effect_pc1_ratio,robust,logit_linf,-0.0235880488089416,0.6850821214243414,-0.13943559981878342,0.09593059317429747,300,2,"frequency,act_max",10000,10000,1.0,0.8971093943402504
llama_3_1_8b,effect_pc1_ratio,robust,logit_entropy,0.06149626351521337,0.2899960434497519,-0.05159957260536427,0.17492410830042324,300,2,"frequency,act_max",10000,10000,1.0,0.8971093943402504
llama_3_1_8b,effect_pc1_ratio,robust,logit_top10_mass,-0.04739035693598947,0.41501262561718216,-0.1613943670124201,0.06606144433284318,300,2,"frequency,act_max",10000,10000,1.0,0.8971093943402504
llama_3_1_8b,effect_pc1_ratio,effect_only,crowding,-0.008789928063154808,0.8796930468752386,-0.12499766407433885,0.1065991742551631,300,1,effect_l2,10000,10000,1.0,0.9679245178450419
llama_3_1_8b,effect_pc1_ratio,effect_only,crowd_max,0.004709622236662153,0.9353653533506783,-0.1083103553654789,0.11675346663222341,300,1,effect_l2,10000,10000,1.0,0.9679245178450419
llama_3_1_8b,effect_pc1_ratio,effect_only,dec_norm,-0.07974077019200199,0.16905018728922072,-0.1996669000098356,0.037332067507582216,300,1,effect_l2,10000,10000,1.0,0.8872714234306519
llama_3_1_8b,effect_pc1_ratio,effect_only,enc_norm,-0.04155785281701784,0.4740519825373043,-0.15609065768695646,0.07560328296989946,300,1,effect_l2,10000,10000,1.0,0.9679245178450419
llama_3_1_8b,effect_pc1_ratio,effect_only,enc_dec_cos,0.06674332918428347,0.24991771536761206,-0.04876928891830245,0.18151887472326558,300,1,effect_l2,10000,10000,1.0,0.8872714234306519
llama_3_1_8b,effect_pc1_ratio,effect_only,frequency,-0.0023352689725757115,0.967924517845042,-0.12083500243261612,0.11082310825353867,300,1,effect_l2,10000,10000,1.0,0.9679245178450419
llama_3_1_8b,effect_pc1_ratio,effect_only,bin_entropy,-0.0023352689725757115,0.967924517845042,-0.12083500243261612,0.11082310825353867,300,1,effect_l2,10000,10000,1.0,0.9679245178450419
llama_3_1_8b,effect_pc1_ratio,effect_only,act_entropy,0.01000988223251392,0.8631495179261545,-0.10877594756598737,0.12368386765549313,300,1,effect_l2,10000,10000,1.0,0.9679245178450419
llama_3_1_8b,effect_pc1_ratio,effect_only,act_kurtosis,-0.02603039840919939,0.6539379349279812,-0.1391362933552292,0.0891481823810414,300,1,effect_l2,10000,10000,1.0,0.9679245178450419
llama_3_1_8b,effect_pc1_ratio,effect_only,act_mag,-0.016934140417140232,0.7705824930902908,-0.13482276569552978,0.09624319595694286,300,1,effect_l2,10000,10000,1.0,0.9679245178450419
llama_3_1_8b,effect_pc1_ratio,effect_only,act_mean_firing,-0.023434420678436402,0.6865237143904234,-0.1371349503918062,0.09269980510096129,300,1,effect_l2,10000,10000,1.0,0.9679245178450419
llama_3_1_8b,effect_pc1_ratio,effect_only,act_std,-0.011988327622906882,0.8364498197622771,-0.1284120708442337,0.10322927272245469,300,1,effect_l2,10000,10000,1.0,0.9679245178450419
llama_3_1_8b,effect_pc1_ratio,effect_only,act_max,-0.0036060487763229835,0.9504884271818357,-0.11925641783596717,0.11249375464406702,300,1,effect_l2,10000,10000,1.0,0.9679245178450419
llama_3_1_8b,effect_pc1_ratio,effect_only,coact_entropy,-0.018337762208383353,0.7521634835952332,-0.13620517999273066,0.09608975211128484,300,1,effect_l2,10000,10000,1.0,0.9679245178450419
llama_3_1_8b,effect_pc1_ratio,effect_only,coact_count,0.0771554949716106,0.18334070809033354,-0.038785014241328075,0.19143261032819056,300,1,effect_l2,10000,10000,1.0,0.8872714234306519
llama_3_1_8b,effect_pc1_ratio,effect_only,logit_l2,-0.07230606318133564,0.2125133566614395,-0.18900228282600798,0.04237082325663588,300,1,effect_l2,10000,10000,1.0,0.8872714234306519
llama_3_1_8b,effect_pc1_ratio,effect_only,logit_linf,-0.06265273362635634,0.28019097582020586,-0.1772941702519572,0.05040928368155533,300,1,effect_l2,10000,10000,1.0,0.8872714234306519
llama_3_1_8b,effect_pc1_ratio,effect_only,logit_entropy,0.06661856014708704,0.25080609448986724,-0.048954888933693465,0.18032893196619973,300,1,effect_l2,10000,10000,1.0,0.8872714234306519
llama_3_1_8b,effect_pc1_ratio,effect_only,logit_top10_mass,-0.03354399655702299,0.5634241431931305,-0.14399914059276092,0.07794845069864942,300,1,effect_l2,10000,10000,1.0,0.9679245178450419
pythia_70m_deduped,collateral_raw,none,crowding,-0.022496866886272723,0.6979571324071518,-0.13704505176546933,0.09153646694677801,300,0,,10000,10000,1.0,0.780069736219758
pythia_70m_deduped,collateral_raw,none,crowd_max,-0.02938200596801521,0.6122276597333196,-0.14586410028440516,0.0860917963536117,300,0,,10000,10000,1.0,0.7443371538199767
pythia_70m_deduped,collateral_raw,none,dec_norm,0.07360966087929836,0.20360075548507242,-0.038053257812019035,0.18261255003510238,300,0,,10000,10000,1.0,0.3468830274080328
pythia_70m_deduped,collateral_raw,none,enc_norm,-0.06411698175409729,0.26827576940968695,-0.18402677049329663,0.054888626774694464,300,0,,10000,10000,1.0,0.3920953552910809
pythia_70m_deduped,collateral_raw,none,enc_dec_cos,0.009157060838411495,0.8744992451933852,-0.10430976062300676,0.1236645333836461,300,0,,10000,10000,1.0,0.9230825365930178
pythia_70m_deduped,collateral_raw,none,frequency,0.17485284578036958,0.002370931836690006,0.05425250662684646,0.29368335980704885,300,0,,10000,10000,0.0379349093870401,0.009009540979422023
pythia_70m_deduped,collateral_raw,none,bin_entropy,0.17485284578036958,0.002370931836690006,0.05425250662684646,0.29368335980704885,300,0,,10000,10000,0.0379349093870401,0.009009540979422023
pythia_70m_deduped,collateral_raw,none,act_entropy,0.18578593309687053,0.0012264256803509596,0.06616160120192928,0.30340384050171665,300,0,,10000,10000,0.020849236565966312,0.007767362642222744
pythia_70m_deduped,collateral_raw,none,act_kurtosis,-0.21484381207345193,0.00017715462680501266,-0.3319231433628963,-0.09296968844058225,300,0,,10000,10000,0.003188783282490228,0.0016829689546476203
pythia_70m_deduped,collateral_raw,none,act_mag,0.11451703926776961,0.04750869428550361,-0.004747536444676072,0.23427918489650437,300,0,,10000,10000,0.617613025711547,0.1289521702035098
pythia_70m_deduped,collateral_raw,none,act_mean_firing,-0.08856410748417669,0.125873095353168,-0.1950992716801201,0.01891989693942513,300,0,,10000,10000,1.0,0.26573209019002136
pythia_70m_deduped,collateral_raw,none,act_std,0.028184084790864955,0.6268102347957698,-0.08420175398086326,0.14000097980942244,300,0,,10000,10000,1.0,0.7443371538199767
pythia_70m_deduped,collateral_raw,none,act_max,-0.05820309292645552,0.31501694674964553,-0.16645708578022556,0.05078175310375845,300,0,,10000,10000,1.0,0.42752299916023323
pythia_70m_deduped,collateral_raw,none,coact_entropy,0.10894982361655656,0.05945648803236517,-0.012758236021885628,0.23143614650184735,300,0,,10000,10000,0.713477856388382,0.14120915907686726
pythia_70m_deduped,collateral_raw,none,coact_count,0.14180251765477936,0.013960711647339275,0.03461602982537629,0.24525237484410287,300,0,,10000,10000,0.19544996306274984,0.044208920216574375
pythia_70m_deduped,collateral_raw,none,logit_l2,0.4322798950462892,4.332899674387829e-15,0.3257578095907612,0.5258281716882642,300,0,,10000,10000,8.232509381336875e-14,8.232509381336875e-14
pythia_70m_deduped,collateral_raw,none,logit_linf,0.07675899692119807,0.18486900268627912,-0.03928607763922769,0.191661032253512,300,0,,10000,10000,1.0,0.3468830274080328
pythia_70m_deduped,collateral_raw,none,logit_entropy,0.0034507318472556084,0.9525386592379258,-0.10842842580774674,0.11438817381599524,300,0,,10000,10000,1.0,0.9525386592379257
pythia_70m_deduped,collateral_raw,none,logit_top10_mass,-0.07116155848024507,0.2190840173103365,-0.18280239108664537,0.040614033081249425,300,0,,10000,10000,1.0,0.3468830274080328
pythia_70m_deduped,collateral_raw,primary,crowding,0.005541012600515979,0.9242432387734835,-0.11225952350329087,0.125168030371486,300,3,"effect_l2,act_max,frequency",10000,10000,1.0,0.9820084411968262
pythia_70m_deduped,collateral_raw,primary,crowd_max,0.035296767402978456,0.5445697456315924,-0.08082244172972515,0.15129086686887977,300,3,"effect_l2,act_max,frequency",10000,10000,1.0,0.661263262552648
pythia_70m_deduped,collateral_raw,primary,dec_norm,0.06978469698366425,0.23051297504726073,-0.04120715831854099,0.17769037352577202,300,3,"effect_l2,act_max,frequency",10000,10000,1.0,0.4354133973114925
pythia_70m_deduped,collateral_raw,primary,enc_norm,0.15319821412350093,0.00817715456768164,0.044453463571536574,0.259751257909891,300,3,"effect_l2,act_max,frequency",10000,10000,0.10630300937986133,0.027802325530117578
pythia_70m_deduped,collateral_raw,primary,enc_dec_cos,-0.10407229309528303,0.07331702700676036,-0.21891634370845445,0.009716420140159476,300,3,"effect_l2,act_max,frequency",10000,10000,0.806487297074364,0.16950163381900665
pythia_70m_deduped,collateral_raw,primary,bin_entropy,,,,,300,3,"effect_l2,act_max,frequency",10000,0,,
pythia_70m_deduped,collateral_raw,primary,act_entropy,0.01281543474464045,0.82592185785542,-0.08829496455247753,0.1148286202890303,300,3,"effect_l2,act_max,frequency",10000,10000,1.0,0.9360447722361427
pythia_70m_deduped,collateral_raw,primary,act_kurtosis,-0.05206799086567246,0.37124365648328084,-0.1612423977127605,0.055971844657371844,300,3,"effect_l2,act_max,frequency",10000,10000,1.0,0.4854724738627519
pythia_70m_deduped,collateral_raw,primary,act_mag,0.1269130696457282,0.028756618782533865,0.01604449914187971,0.23129200249531442,300,3,"effect_l2,act_max,frequency",10000,10000,0.34507942539040637,0.08147708655051263
pythia_70m_deduped,collateral_raw,primary,act_mean_firing,-0.052415654466263076,0.36805387295078235,-0.16356303913555223,0.060034602620674886,300,3,"effect_l2,act_max,frequency",10000,10000,1.0,0.4854724738627519
pythia_70m_deduped,collateral_raw,primary,act_std,0.10182915009602315,0.07976547473835607,-0.01249837858031198,0.2091084495673413,300,3,"effect_l2,act_max,frequency",10000,10000,0.806487297074364,0.16950163381900665
pythia_70m_deduped,collateral_raw,primary,coact_entropy,-0.22234158349614785,0.00011150671154849393,-0.3188053600423238,-0.11327347887060864,300,3,"effect_l2,act_max,frequency",10000,10000,0.0017841073847759028,0.0009478070481621984
pythia_70m_deduped,collateral_raw,primary,coact_count,0.16214942273420216,0.005091141678997421,0.05134330409250314,0.26854231847088705,300,3,"effect_l2,act_max,frequency",10000,10000,0.07636712518496132,0.02530516779548285
pythia_70m_deduped,collateral_raw,primary,logit_l2,0.3446568034932883,1.043194530287194e-09,0.2324754526130368,0.4501822443119993,300,3,"effect_l2,act_max,frequency",10000,10000,1.7734307014882297e-08,1.7734307014882297e-08
pythia_70m_deduped,collateral_raw,primary,logit_linf,0.1592402650697932,0.005954157128348906,0.035574880322799395,0.27802741075526355,300,3,"effect_l2,act_max,frequency",10000,10000,0.08335819979688469,0.02530516779548285
pythia_70m_deduped,collateral_raw,primary,logit_entropy,-0.06283965913715815,0.2803829421818869,-0.18356995753349586,0.057129507837545244,300,3,"effect_l2,act_max,frequency",10000,10000,1.0,0.4402318874744173
pythia_70m_deduped,collateral_raw,primary,logit_top10_mass,0.06225952455234197,0.28485592718932884,-0.061968743899116205,0.1851386610532708,300,3,"effect_l2,act_max,frequency",10000,10000,1.0,0.4402318874744173
pythia_70m_deduped,collateral_raw,robust,crowding,-0.018138852716460208,0.7551660611697396,-0.13866112634708422,0.10348389637269079,300,2,"frequency,act_max",10000,10000,1.0,0.855854869325705
pythia_70m_deduped,collateral_raw,robust,crowd_max,0.006618008882927909,0.9094235683721503,-0.11276287598243127,0.12323062603021023,300,2,"frequency,act_max",10000,10000,1.0,0.9662625413954097
pythia_70m_deduped,collateral_raw,robust,dec_norm,0.04283803486745578,0.4612868786787274,-0.0791260052374922,0.15706149753251977,300,2,"frequency,act_max",10000,10000,1.0,0.7128979034125787
pythia_70m_deduped,collateral_raw,robust,enc_norm,0.11708569311217983,0.04341767345446697,-0.004070216014585413,0.23152522897597066,300,2,"frequency,act_max",10000,10000,0.6078474283625376,0.16360165366328033
pythia_70m_deduped,collateral_raw,robust,enc_dec_cos,-0.09033562649973004,0.11969291263832464,-0.20629030719954733,0.028322007515189342,300,2,"frequency,act_max",10000,10000,1.0,0.22978554186031408
pythia_70m_deduped,collateral_raw,robust,bin_entropy,,,,,300,2,"frequency,act_max",10000,0,,
pythia_70m_deduped,collateral_raw,robust,act_entropy,0.026276649178518737,0.6514296947092816,-0.07958720205337048,0.13032463263328936,300,2,"frequency,act_max",10000,10000,1.0,0.7910217721469849
pythia_70m_deduped,collateral_raw,robust,act_kurtosis,-0.09376858299363205,0.1062122246346556,-0.20368162531662692,0.015663905420926334,300,2,"frequency,act_max",10000,10000,1.0,0.22978554186031408
pythia_70m_deduped,collateral_raw,robust,act_mag,0.11458957032101487,0.04811813343037657,-0.0049667757152401055,0.22665925253415312,300,2,"frequency,act_max",10000,10000,0.6255357345948954,0.16360165366328033
pythia_70m_deduped,collateral_raw,robust,act_mean_firing,0.0370620886080863,0.5239157952787821,-0.07983181181806964,0.1506265240523784,300,2,"frequency,act_max",10000,10000,1.0,0.7342230157269783
pythia_70m_deduped,collateral_raw,robust,act_std,0.11919514531167956,0.039752079672045505,-0.0036979158754094354,0.2310734295504012,300,2,"frequency,act_max",10000,10000,0.5962811950806826,0.16360165366328033
pythia_70m_deduped,collateral_raw,robust,coact_entropy,-0.22434898709302104,9.364302219441778e-05,-0.32057338559494963,-0.10761311881546022,300,2,"frequency,act_max",10000,10000,0.0014982883551106845,0.0007959656886525511
pythia_70m_deduped,collateral_raw,robust,coact_count,0.0912456722793734,0.11599575663605458,-0.019162686946156936,0.20189639289213174,300,2,"frequency,act_max",10000,10000,1.0,0.22978554186031408
pythia_70m_deduped,collateral_raw,robust,logit_l2,0.4117188038159163,1.2757497126100123e-13,0.30597982102539956,0.5104297749983165,300,2,"frequency,act_max",10000,10000,2.168774511437021e-12,2.168774511437021e-12
pythia_70m_deduped,collateral_raw,robust,logit_linf,0.060568747566296835,0.29734609240227045,-0.058323698841155534,0.1758137957331964,300,2,"frequency,act_max",10000,10000,1.0,0.5054883570838598
pythia_70m_deduped,collateral_raw,robust,logit_entropy,0.03376948658046353,0.5614646590853364,-0.0823763637305924,0.14734406386006632,300,2,"frequency,act_max",10000,10000,1.0,0.7342230157269783
pythia_70m_deduped,collateral_raw,robust,logit_top10_mass,-0.0898624567104534,0.12165116922016628,-0.20356832085515747,0.028783610323050497,300,2,"frequency,act_max",10000,10000,1.0,0.22978554186031408
pythia_70m_deduped,collateral_raw,effect_only,crowding,0.007629241565071152,0.8954816275846358,-0.10819019263949689,0.11862420551928442,300,1,effect_l2,10000,10000,1.0,0.909510819330363
pythia_70m_deduped,collateral_raw,effect_only,crowd_max,-0.0066004478946968615,0.909510819330363,-0.11934128863992355,0.10593089172018857,300,1,effect_l2,10000,10000,1.0,0.909510819330363
pythia_70m_deduped,collateral_raw,effect_only,dec_norm,0.11499657608641996,0.04695085488494755,0.012878807213239276,0.2190745115744529,300,1,effect_l2,10000,10000,0.42255769396452797,0.0810969311649094
pythia_70m_deduped,collateral_raw,effect_only,enc_norm,-0.10553163874785178,0.0684154396881901,-0.21924898053392722,0.005879664956168252,300,1,effect_l2,10000,10000,0.4829479370808858,0.09999179646735476
pythia_70m_deduped,collateral_raw,effect_only,enc_dec_cos,0.032230627189825646,0.5788061072442017,-0.07878381136622799,0.14344223413107418,300,1,effect_l2,10000,10000,1.0,0.6873322523524895
pythia_70m_deduped,collateral_raw,effect_only,frequency,0.29885081777636757,1.3880834422806236e-07,0.1896590444415484,0.4036866644845393,300,1,effect_l2,10000,10000,2.35974185187706e-06,6.593396350832962e-07
pythia_70m_deduped,collateral_raw,effect_only,bin_entropy,0.29885081777636757,1.3880834422806236e-07,0.1896590444415484,0.4036866644845393,300,1,effect_l2,10000,10000,2.35974185187706e-06,6.593396350832962e-07
pythia_70m_deduped,collateral_raw,effect_only,act_entropy,0.3033550423179933,8.789338698944342e-08,0.1956224204790316,0.4062180248914039,300,1,effect_l2,10000,10000,1.5820809658099816e-06,6.593396350832962e-07
pythia_70m_deduped,collateral_raw,effect_only,act_kurtosis,-0.29106579776276903,3.002853559870464e-07,-0.3974975566065864,-0.17995205959496502,300,1,effect_l2,10000,10000,4.504280339805696e-06,1.1410843527507765e-06
pythia_70m_deduped,collateral_raw,effect_only,act_mag,0.21834671903772823,0.00014136156739879795,0.10313387619248679,0.3289511968032466,300,1,effect_l2,10000,10000,0.0018377003761843734,0.00038364853133646517
pythia_70m_deduped,collateral_raw,effect_only,act_mean_firing,-0.12198389378363218,0.03500131802137458,-0.22822898925547333,-0.013201522637970012,300,1,effect_l2,10000,10000,0.3500131802137458,0.0665025042406117
pythia_70m_deduped,collateral_raw,effect_only,act_std,0.0895835727006689,0.12218535341447344,-0.022526888849495098,0.19625218310880782,300,1,effect_l2,10000,10000,0.7331121204868406,0.16582297963392825
pythia_70m_deduped,collateral_raw,effect_only,act_max,-0.022711420930809016,0.6957065603652006,-0.133412749840793,0.08836294610072769,300,1,effect_l2,10000,10000,1.0,0.7775543909964008
pythia_70m_deduped,collateral_raw,effect_only,coact_entropy,0.22521785686213816,8.542090742256086e-05,0.11263233999756325,0.3338401463083977,300,1,effect_l2,10000,10000,0.001195892703915852,0.00027049954017144273
pythia_70m_deduped,collateral_raw,effect_only,coact_count,0.21649062590130566,0.00016153622372061692,0.11411909061182846,0.31169360348623143,300,1,effect_l2,10000,10000,0.0019384346846474032,0.00038364853133646517
pythia_70m_deduped,collateral_raw,effect_only,logit_l2,0.3940063624599461,1.5203432584866956e-12,0.2912871801922726,0.48900310162852895,300,1,effect_l2,10000,10000,2.8886521911247215e-11,2.8886521911247215e-11
pythia_70m_deduped,collateral_raw,effect_only,logit_linf,0.18261640499262652,0.0015180300371282407,0.0668559182295747,0.29668118775277624,300,1,effect_l2,10000,10000,0.016698330408410646,0.003204730078381841
pythia_70m_deduped,collateral_raw,effect_only,logit_entropy,-0.10874609216599851,0.060368492135110724,-0.22109902266417145,0.004012188598713353,300,1,effect_l2,10000,10000,0.4829479370808858,0.09558344588059198
pythia_70m_deduped,collateral_raw,effect_only,logit_top10_mass,0.0837473331253877,0.14857029486078271,-0.03519431169959389,0.20267246845704548,300,1,effect_l2,10000,10000,0.7428514743039136,0.18818904015699145
pythia_70m_deduped,collateral_ctilde,none,crowding,0.030743452705030094,0.5958383466100193,-0.08429105746518974,0.14302861771480607,300,0,,10000,10000,1.0,0.6289404769772426
pythia_70m_deduped,collateral_ctilde,none,crowd_max,0.002908922179887369,0.959983906443454,-0.10823257059400124,0.11553658493127685,300,0,,10000,10000,1.0,0.959983906443454
pythia_70m_deduped,collateral_ctilde,none,dec_norm,0.10616976294042957,0.06629393835205948,-0.00262618215717545,0.2132284889857842,300,0,,10000,10000,0.3314696917602974,0.08397232191260867
pythia_70m_deduped,collateral_ctilde,none,enc_norm,-0.1545239391548795,0.00733184168902082,-0.26101297973260856,-0.04554624829742728,300,0,,10000,10000,0.06598657520118738,0.01266409019012687
pythia_70m_deduped,collateral_ctilde,none,enc_dec_cos,0.0626651407237858,0.279286039307324,-0.05020701079462312,0.17399814980409495,300,0,,10000,10000,1.0,0.3316521716774472
pythia_70m_deduped,collateral_ctilde,none,frequency,0.3743145673883833,2.0636908105549646e-11,0.2693896768978273,0.47443711856280096,300,0,,10000,10000,3.921012540054433e-10,1.9605062700272165e-10
pythia_70m_deduped,collateral_ctilde,none,bin_entropy,0.3743145673883833,2.0636908105549646e-11,0.2693896768978273,0.47443711856280096,300,0,,10000,10000,3.921012540054433e-10,1.9605062700272165e-10
pythia_70m_deduped,collateral_ctilde,none,act_entropy,0.3708361204013378,3.2604984474606034e-11,0.26610973246645037,0.471612687106209,300,0,,10000,10000,5.542847360683026e-10,2.0649823500583822e-10
pythia_70m_deduped,collateral_ctilde,none,act_kurtosis,-0.3191675463060701,1.571070431244601e-08,-0.4268558366246054,-0.20901329009016115,300,0,,10000,10000,2.5137126899913614e-07,7.462584548411855e-08
pythia_70m_deduped,collateral_ctilde,none,act_mag,0.28346848298314425,5.972904706760927e-07,0.17099806260429107,0.3877091760057201,300,0,,10000,10000,7.764776118789205e-06,1.621216991835109e-06
pythia_70m_deduped,collateral_ctilde,none,act_mean_firing,-0.11358348426093623,0.04935919816245906,-0.2224493536095025,-0.0035716780240494083,300,0,,10000,10000,0.29615518897475435,0.06698748322048016
pythia_70m_deduped,collateral_ctilde,none,act_std,0.1436220402448916,0.01276910899733465,0.03182266596532008,0.25372362780787483,300,0,,10000,10000,0.08938376298134255,0.01866254391918141
pythia_70m_deduped,collateral_ctilde,none,act_max,0.03081412015689064,0.5949930989447809,-0.08205415713954901,0.13994060228869537,300,0,,10000,10000,1.0,0.6289404769772426
pythia_70m_deduped,collateral_ctilde,none,coact_entropy,0.31473727485860953,2.534769272893132e-08,0.2060470951106095,0.4182918172937111,300,0,,10000,10000,3.8021539093396977e-07,9.6321232369939e-08
pythia_70m_deduped,collateral_ctilde,none,coact_count,0.24156163842664638,2.3441709164808177e-05,0.13651264478509914,0.34117462640686946,300,0,,10000,10000,0.00028130050997769815,5.567405926641942e-05
pythia_70m_deduped,collateral_ctilde,none,logit_l2,0.2972428582539806,1.5548076786450114e-07,0.18669391388207326,0.4014120195166622,300,0,,10000,10000,2.176730750103016e-06,4.923557649042536e-07
pythia_70m_deduped,collateral_ctilde,none,logit_linf,0.20744274936388182,0.00029752888121944944,0.09368422320135397,0.31927724834324483,300,0,,10000,10000,0.003272817693413944,0.0006281165270188376
pythia_70m_deduped,collateral_ctilde,none,logit_entropy,-0.15678709283293166,0.006505634582517774,-0.26558070163742736,-0.04105191326842797,300,0,,10000,10000,0.06505634582517775,0.012360705706783772
pythia_70m_deduped,collateral_ctilde,none,logit_top10_mass,0.1487696529961444,0.009869061358870593,0.0325918796746471,0.26168506176559014,300,0,,10000,10000,0.07895249087096474,0.015626013818211774
pythia_70m_deduped,collateral_ctilde,primary,crowding,0.007882637954148673,0.8923935273825202,-0.11341414137774013,0.12928801947821575,300,3,"effect_l2,act_max,frequency",10000,10000,1.0,0.9949943077213177
pythia_70m_deduped,collateral_ctilde,primary,crowd_max,0.027061525548869363,0.6422979269723826,-0.09175942337160861,0.14536593937966436,300,3,"effect_l2,act_max,frequency",10000,10000,1.0,0.7836478304989758
pythia_70m_deduped,collateral_ctilde,primary,dec_norm,0.04484090824576123,0.441357533176681,-0.06746619523499513,0.16023956582423923,300,3,"effect_l2,act_max,frequency",10000,10000,1.0,0.6252565053336315
pythia_70m_deduped,collateral_ctilde,primary,enc_norm,0.11908797606169141,0.04026942221431866,0.0024683279627905528,0.23081965807748683,300,3,"effect_l2,act_max,frequency",10000,10000,0.5235024887861426,0.13691603552868342
pythia_70m_deduped,collateral_ctilde,primary,enc_dec_cos,-0.08689410921529646,0.13517083705493765,-0.20182350479484493,0.030057826735260883,300,3,"effect_l2,act_max,frequency",10000,10000,1.0,0.340641282132644
pythia_70m_deduped,collateral_ctilde,primary,bin_entropy,,,,,300,3,"effect_l2,act_max,frequency",10000,0,,
pythia_70m_deduped,collateral_ctilde,primary,act_entropy,0.004645001176929875,0.9364652307965343,-0.10155306276637166,0.11126566076695395,300,3,"effect_l2,act_max,frequency",10000,10000,1.0,0.9949943077213177
pythia_70m_deduped,collateral_ctilde,primary,act_kurtosis,-0.026813043024850554,0.6453570368815095,-0.13837000445370926,0.08328715981357504,300,3,"effect_l2,act_max,frequency",10000,10000,1.0,0.7836478304989758
pythia_70m_deduped,collateral_ctilde,primary,act_mag,0.0857809857109518,0.14026405734873576,-0.023487358809171664,0.1905383306884356,300,3,"effect_l2,act_max,frequency",10000,10000,1.0,0.340641282132644
pythia_70m_deduped,collateral_ctilde,primary,act_mean_firing,-0.06633363147379932,0.2544496499964868,-0.18003112895693513,0.050074541537297505,300,3,"effect_l2,act_max,frequency",10000,10000,1.0,0.5407055062425344
pythia_70m_deduped,collateral_ctilde,primary,act_std,0.06120939037840563,0.29307427508672584,-0.05380330609445886,0.17192360120889102,300,3,"effect_l2,act_max,frequency",10000,10000,1.0,0.5535847418304821
pythia_70m_deduped,collateral_ctilde,primary,coact_entropy,-0.1721633545489571,0.0029131590277641454,-0.2924384868027372,-0.041215722665341535,300,3,"effect_l2,act_max,frequency",10000,10000,0.04369738541646218,0.016507901157330158
pythia_70m_deduped,collateral_ctilde,primary,coact_count,0.17893380487389882,0.0019634412576088685,0.0657762415949923,0.2846341844368645,300,3,"effect_l2,act_max,frequency",10000,10000,0.031415060121741896,0.016507901157330158
pythia_70m_deduped,collateral_ctilde,primary,logit_l2,0.31250355987300227,3.7706919639301014e-08,0.19568192102008983,0.4229634446646294,300,3,"effect_l2,act_max,frequency",10000,10000,6.410176338681173e-07,6.410176338681173e-07
pythia_70m_deduped,collateral_ctilde,primary,logit_linf,0.14526178954522767,0.01220551056483231,0.02670930525947795,0.2648280824884085,300,3,"effect_l2,act_max,frequency",10000,10000,0.17087714790765235,0.05187341990053732
pythia_70m_deduped,collateral_ctilde,primary,logit_entropy,-0.056162454660142025,0.3347621164724958,-0.1744899244104965,0.06384455764710685,300,3,"effect_l2,act_max,frequency",10000,10000,1.0,0.5681161887089158
pythia_70m_deduped,collateral_ctilde,primary,logit_top10_mass,0.05246477241153716,0.3676045926940043,-0.06958784830870728,0.17672517610393018,300,3,"effect_l2,act_max,frequency",10000,10000,1.0,0.5681161887089158
pythia_70m_deduped,collateral_ctilde,robust,crowding,0.017516321964328185,0.7633146913310905,-0.10085583343557747,0.1329413124516711,300,2,"frequency,act_max",10000,10000,1.0,0.9268821251877528
pythia_70m_deduped,collateral_ctilde,robust,crowd_max,0.035965381609344274,0.5362790395050295,-0.08233794510899714,0.14939544275500533,300,2,"frequency,act_max",10000,10000,1.0,0.7012879747373463
pythia_70m_deduped,collateral_ctilde,robust,dec_norm,0.0497934075216409,0.391728814285697,-0.05831029887341117,0.15937539680508372,300,2,"frequency,act_max",10000,10000,1.0,0.6053990766233499
pythia_70m_deduped,collateral_ctilde,robust,enc_norm,0.11931269885750809,0.03955573529024227,0.0029812911325331204,0.22933436677574084,300,2,"frequency,act_max",10000,10000,0.5142245587731495,0.13448949998682372
pythia_70m_deduped,collateral_ctilde,robust,enc_dec_cos,-0.08217004090885681,0.1570957466219886,-0.195913213952683,0.03416803414535209,300,2,"frequency,act_max",10000,10000,1.0,0.29673641028597847
pythia_70m_deduped,collateral_ctilde,robust,bin_entropy,,,,,300,2,"frequency,act_max",10000,0,,
pythia_70m_deduped,collateral_ctilde,robust,act_entropy,-0.0023506364981962747,0.9677680175604477,-0.1104182911418736,0.1066789468682269,300,2,"frequency,act_max",10000,10000,1.0,1.0
pythia_70m_deduped,collateral_ctilde,robust,act_kurtosis,-0.0036344977740992443,0.9501824358858244,-0.11594051098883007,0.10680591416220886,300,2,"frequency,act_max",10000,10000,1.0,1.0
pythia_70m_deduped,collateral_ctilde,robust,act_mag,0.07870255557845642,0.17541453475438198,-0.030789832612480215,0.18439677706529436,300,2,"frequency,act_max",10000,10000,1.0,0.2982047090824494
pythia_70m_deduped,collateral_ctilde,robust,act_mean_firing,-0.09838445675775212,0.09000780571068774,-0.21268417966772474,0.015264146211195631,300,2,"frequency,act_max",10000,10000,0.9900858628175652,0.2185903852973845
pythia_70m_deduped,collateral_ctilde,robust,act_std,0.04372625504745236,0.45203927972086805,-0.06769010843122229,0.15268261689444015,300,2,"frequency,act_max",10000,10000,1.0,0.6403889796045631
pythia_70m_deduped,collateral_ctilde,robust,coact_entropy,-0.14817420888169336,0.010428516169784139,-0.27130066836404887,-0.009981052509892094,300,2,"frequency,act_max",10000,10000,0.14599922637697793,0.04432119372158259
pythia_70m_deduped,collateral_ctilde,robust,coact_count,0.19115419238993286,0.0009112007948779545,0.08101263713300069,0.29841598749841164,300,2,"frequency,act_max",10000,10000,0.014579212718047272,0.007745206756462613
pythia_70m_deduped,collateral_ctilde,robust,logit_l2,0.23462087433400539,4.306282109482302e-05,0.11880230078003179,0.34725667140653943,300,2,"frequency,act_max",10000,10000,0.0007320679586119914,0.0007320679586119914
pythia_70m_deduped,collateral_ctilde,robust,logit_linf,0.16998333833750037,0.0032453899191508917,0.04962758338333714,0.2873941173538067,300,2,"frequency,act_max",10000,10000,0.04868084878726338,0.018390542875188386
pythia_70m_deduped,collateral_ctilde,robust,logit_entropy,-0.09079115004522474,0.11783098149356949,-0.2061947549598648,0.030054145289995286,300,2,"frequency,act_max",10000,10000,1.0,0.2503908356738352
pythia_70m_deduped,collateral_ctilde,robust,logit_top10_mass,0.11004807612679454,0.05776101693845625,-0.013008414928008317,0.22970609740118533,300,2,"frequency,act_max",10000,10000,0.693132203261475,0.16365621465895938
pythia_70m_deduped,collateral_ctilde,effect_only,crowding,0.01617726392632969,0.7805690241435771,-0.09706247836595043,0.12974325127832273,300,1,effect_l2,10000,10000,1.0,0.8632340826856151
pythia_70m_deduped,collateral_ctilde,effect_only,crowd_max,-0.010003635519904247,0.8632340826856151,-0.12098821456392247,0.10435431244788128,300,1,effect_l2,10000,10000,1.0,0.8632340826856151
pythia_70m_deduped,collateral_ctilde,effect_only,dec_norm,0.09756726942066699,0.09217216032713761,-0.013831036099568433,0.20959375719428153,300,1,effect_l2,10000,10000,0.5530329619628257,0.12509078901540105
pythia_70m_deduped,collateral_ctilde,effect_only,enc_norm,-0.14718054083015278,0.0108273723752485,-0.2559037494543303,-0.03560037189565617,300,1,effect_l2,10000,10000,0.10827372375248501,0.02057200751297215
pythia_70m_deduped,collateral_ctilde,effect_only,enc_dec_cos,0.05532414905296051,0.3404040205541529,-0.058245102003580664,0.16556088647751413,300,1,effect_l2,10000,10000,1.0,0.4042297744080566
pythia_70m_deduped,collateral_ctilde,effect_only,frequency,0.351701849291799,3.9232519770091073e-10,0.2418333397783363,0.45446715167699264,300,1,effect_l2,10000,10000,7.061853558616393e-09,1.9992719179948337e-09
pythia_70m_deduped,collateral_ctilde,effect_only,bin_entropy,0.351701849291799,3.9232519770091073e-10,0.2418333397783363,0.45446715167699264,300,1,effect_l2,10000,10000,7.061853558616393e-09,1.9992719179948337e-09
pythia_70m_deduped,collateral_ctilde,effect_only,act_entropy,0.35112456392037444,4.208993511568071e-10,0.24131774676861445,0.4534908416725267,300,1,effect_l2,10000,10000,7.061853558616393e-09,1.9992719179948337e-09
pythia_70m_deduped,collateral_ctilde,effect_only,act_kurtosis,-0.3155072589882729,2.4633975236327496e-08,-0.4227135997584231,-0.20265617759574128,300,1,effect_l2,10000,10000,3.6950962854491245e-07,9.360910589804449e-08
pythia_70m_deduped,collateral_ctilde,effect_only,act_mag,0.25948422592784226,5.461909792010167e-06,0.14050264652081415,0.36915820359030765,300,1,effect_l2,10000,10000,7.100482729613217e-05,1.4825183721170455e-05
pythia_70m_deduped,collateral_ctilde,effect_only,act_mean_firing,-0.11013922237197947,0.057132058842480356,-0.21822358065196998,0.0007103828433407419,300,1,effect_l2,10000,10000,0.4000911295361636,0.0835007013851636
pythia_70m_deduped,collateral_ctilde,effect_only,act_std,0.12401183887186341,0.03205977539702367,0.005909631030928521,0.23599108657737103,300,1,effect_l2,10000,10000,0.288537978573213,0.05537597568576816
pythia_70m_deduped,collateral_ctilde,effect_only,act_max,0.010768582356791307,0.8528905114406046,-0.10082803002013371,0.12312046615843464,300,1,effect_l2,10000,10000,1.0,0.8632340826856151
pythia_70m_deduped,collateral_ctilde,effect_only,coact_entropy,0.2872017389779459,4.367113015826526e-07,0.17240031369950753,0.3947630076305418,300,1,effect_l2,10000,10000,6.113958222157136e-06,1.3829191216783998e-06
pythia_70m_deduped,collateral_ctilde,effect_only,coact_count,0.22956621319930592,6.160395042012284e-05,0.12501510403987717,0.3274841347966705,300,1,effect_l2,10000,10000,0.000739247405041474,0.00014630938224779175
pythia_70m_deduped,collateral_ctilde,effect_only,logit_l2,0.37406922789649555,2.3023261879973125e-11,0.26801243690911003,0.47298918490146524,300,1,effect_l2,10000,10000,4.3744197571948935e-10,4.3744197571948935e-10
pythia_70m_deduped,collateral_ctilde,effect_only,logit_linf,0.17590735547117467,0.0022670085292406457,0.0572658269208443,0.2866622336922262,300,1,effect_l2,10000,10000,0.0249370938216471,0.004785906895063585
pythia_70m_deduped,collateral_ctilde,effect_only,logit_entropy,-0.11345102583682617,0.05001139119202045,-0.22392960092698244,0.0017240799410517447,300,1,effect_l2,10000,10000,0.4000911295361636,0.07918470272069904
pythia_70m_deduped,collateral_ctilde,effect_only,logit_top10_mass,0.08129124050376851,0.1608881937763502,-0.03729830490813771,0.1982010001203331,300,1,effect_l2,10000,10000,0.804440968881751,0.20379171211671024
pythia_70m_deduped,kl_mean,none,crowding,0.13468905210057888,0.019606841165665755,0.013310202220845863,0.24925483264981427,300,0,,10000,10000,0.19606841165665756,0.03725299821476494
pythia_70m_deduped,kl_mean,none,crowd_max,0.20137719353900388,0.0004490959242490359,0.08236863719259425,0.31578341491568124,300,0,,10000,10000,0.006287342939486503,0.0014221370934552804
pythia_70m_deduped,kl_mean,none,dec_norm,-0.06344394442850988,0.27334241500205364,-0.17125390407320462,0.04997593333960789,300,0,,10000,10000,1.0,0.3245941178149387
pythia_70m_deduped,kl_mean,none,enc_norm,0.34888298758875097,5.167342007754457e-10,0.24227691742700666,0.4476513111725175,300,0,,10000,10000,9.301215613958022e-09,4.908974907366734e-09
pythia_70m_deduped,kl_mean,none,enc_dec_cos,-0.3251369459660663,8.145139682531707e-09,-0.424945166214521,-0.2208878297631597,300,0,,10000,10000,1.3846737460303902e-07,5.1585884656034144e-08
pythia_70m_deduped,kl_mean,none,frequency,-0.08855584108734255,0.12590856916917545,-0.20288417060081904,0.02947009139923064,300,0,,10000,10000,0.7554514150150526,0.1594841876142889
pythia_70m_deduped,kl_mean,none,bin_entropy,-0.08855584108734255,0.12590856916917545,-0.20288417060081904,0.02947009139923064,300,0,,10000,10000,0.7554514150150526,0.1594841876142889
pythia_70m_deduped,kl_mean,none,act_entropy,-0.09978199757775086,0.08446112423798455,-0.21298430586248962,0.017310922777966153,300,0,,10000,10000,0.6756889939038764,0.13373011337680887
pythia_70m_deduped,kl_mean,none,act_kurtosis,0.09429882554250603,0.10307626958155212,-0.023484238933595997,0.20869499698624686,300,0,,10000,10000,0.7215338870708649,0.15064993246534542
pythia_70m_deduped,kl_mean,none,act_mag,0.1405962288469872,0.014803558332703023,0.021588693456820438,0.255842508074431,300,0,,10000,10000,0.16283914165973326,0.031251956480150826
pythia_70m_deduped,kl_mean,none,act_mean_firing,0.39012877920865785,2.4055829708490987e-12,0.28753847567260293,0.48526157124983055,300,0,,10000,10000,4.570607644613288e-11,4.570607644613288e-11
pythia_70m_deduped,kl_mean,none,act_std,0.2534832609251214,8.791736955752604e-06,0.14351851596087958,0.35975342475104577,300,0,,10000,10000,0.00013187605433628906,3.3408600431859894e-05
pythia_70m_deduped,kl_mean,none,act_max,0.2917703530039223,2.676760789365014e-07,0.18589812436695335,0.39339886538369856,300,0,,10000,10000,4.282817262984023e-06,1.2714613749483818e-06
pythia_70m_deduped,kl_mean,none,coact_entropy,-0.19484083156479517,0.0006907333249435094,-0.30443513508405506,-0.07744020369607786,300,0,,10000,10000,0.008979533224265621,0.00187484759627524
pythia_70m_deduped,kl_mean,none,coact_count,-0.10629162763398002,0.06598126511912865,-0.2097818220353198,0.002811956202548943,300,0,,10000,10000,0.5938313860721578,0.1139676397512222
pythia_70m_deduped,kl_mean,none,logit_l2,0.16936054845053833,0.0032562689614522946,0.04793237580762633,0.28326938154499587,300,0,,10000,10000,0.03907522753742754,0.0077336387834492
pythia_70m_deduped,kl_mean,none,logit_linf,0.05090278780875343,0.37964467502662724,-0.06695492672938999,0.1649986014497773,300,0,,10000,10000,1.0,0.4243087544415246
pythia_70m_deduped,kl_mean,none,logit_entropy,-0.0363926306284106,0.5300593393770466,-0.14576417979242326,0.07691849035318346,300,0,,10000,10000,1.0,0.5595070804535491
pythia_70m_deduped,kl_mean,none,logit_top10_mass,0.0021444682718696935,0.9704943655134767,-0.11598237798705605,0.11603308543518402,300,0,,10000,10000,1.0,0.9704943655134768
pythia_70m_deduped,kl_mean,primary,crowding,0.14349461349118062,0.013311073034903347,0.014267917909776948,0.27165028553667914,300,3,"effect_l2,act_max,frequency",10000,10000,0.1354902842303546,0.027611689569809382
pythia_70m_deduped,kl_mean,primary,crowd_max,0.16626872110981888,0.004061221325796704,0.035095922499849705,0.2925715867391357,300,3,"effect_l2,act_max,frequency",10000,10000,0.052795877235357155,0.013808152507708792
pythia_70m_deduped,kl_mean,primary,dec_norm,-0.025587343802295517,0.660533506589093,-0.14241720815058348,0.09193280037090028,300,3,"effect_l2,act_max,frequency",10000,10000,1.0,0.7018168507509114
pythia_70m_deduped,kl_mean,primary,enc_norm,0.2958371572590385,2.0628962165325815e-07,0.18892467524988343,0.3928295975673164,300,3,"effect_l2,act_max,frequency",10000,10000,3.5069235681053885e-06,3.5069235681053885e-06
pythia_70m_deduped,kl_mean,primary,enc_dec_cos,-0.26343731285108773,4.176407206463366e-06,-0.37682895581431713,-0.1413440864140732,300,3,"effect_l2,act_max,frequency",10000,10000,6.682251530341385e-05,3.549946125493861e-05
pythia_70m_deduped,kl_mean,primary,bin_entropy,,,,,300,3,"effect_l2,act_max,frequency",10000,0,,
pythia_70m_deduped,kl_mean,primary,act_entropy,0.14507683517172815,0.012317298566395874,0.014174866849269685,0.26028677820581536,300,3,"effect_l2,act_max,frequency",10000,10000,0.1354902842303546,0.027611689569809382
pythia_70m_deduped,kl_mean,primary,act_kurtosis,-0.09964435643431124,0.08647968306018419,-0.23195226981764605,0.036186797560636315,300,3,"effect_l2,act_max,frequency",10000,10000,0.5418119748450964,0.12251288433526093
pythia_70m_deduped,kl_mean,primary,act_mag,0.10263372407593124,0.07740171069215662,-0.014615496446823122,0.22240631300092534,300,3,"effect_l2,act_max,frequency",10000,10000,0.5418119748450964,0.11962082561515115
pythia_70m_deduped,kl_mean,primary,act_mean_firing,0.20896642880437064,0.0002876340014797842,0.07938950819911472,0.33178292712120866,300,3,"effect_l2,act_max,frequency",10000,10000,0.004026876020716979,0.001222444506289083
pythia_70m_deduped,kl_mean,primary,act_std,0.07968147523986796,0.17081381244918056,-0.042447186881494806,0.2016648578206049,300,3,"effect_l2,act_max,frequency",10000,10000,0.7114866806737751,0.20741677225971927
pythia_70m_deduped,kl_mean,primary,coact_entropy,-0.227447541814187,7.647317372689501e-05,-0.3309538471772942,-0.11187908386567948,300,3,"effect_l2,act_max,frequency",10000,10000,0.0011470976059034252,0.000433347984452405
pythia_70m_deduped,kl_mean,primary,coact_count,0.05740745465456652,0.32414119038985456,-0.057673288107140584,0.1714778567250679,300,3,"effect_l2,act_max,frequency",10000,10000,0.9724235711695637,0.36736001577516847
pythia_70m_deduped,kl_mean,primary,logit_l2,0.08534525164507141,0.142297336134755,-0.039396548752603094,0.21017731009455273,300,3,"effect_l2,act_max,frequency",10000,10000,0.7114866806737751,0.18608113186852576
pythia_70m_deduped,kl_mean,primary,logit_linf,0.13394978641211913,0.02093637718507478,0.018955192905850207,0.24434072794854184,300,3,"effect_l2,act_max,frequency",10000,10000,0.16749101748059825,0.03559184121462713
pythia_70m_deduped,kl_mean,primary,logit_entropy,-0.1415650071456995,0.01461795330166379,-0.2536723718709406,-0.029950779801469124,300,3,"effect_l2,act_max,frequency",10000,10000,0.1354902842303546,0.027611689569809382
pythia_70m_deduped,kl_mean,primary,logit_top10_mass,0.1535419128808879,0.008033211364946377,0.04572663031269997,0.2554539467065153,300,3,"effect_l2,act_max,frequency",10000,10000,0.09639853637935653,0.022760765534014737
pythia_70m_deduped,kl_mean,robust,crowding,0.09585934836935726,0.09860800569285387,-0.02171049251270236,0.21418175998084404,300,2,"frequency,act_max",10000,10000,0.788864045542831,0.15829281580836932
pythia_70m_deduped,kl_mean,robust,crowd_max,0.11492985970903037,0.0474533084923877,-0.006462262753068025,0.23604119591904438,300,2,"frequency,act_max",10000,10000,0.474533084923877,0.10083828054632386
pythia_70m_deduped,kl_mean,robust,dec_norm,-0.035630275961724994,0.5400856320964623,-0.14977373367886657,0.07463551806062574,300,2,"frequency,act_max",10000,10000,1.0,0.7062658265876814
pythia_70m_deduped,kl_mean,robust,enc_norm,0.23531165057561595,4.081922437625467e-05,0.12046748234178742,0.34684772929118685,300,2,"frequency,act_max",10000,10000,0.0006531075900200747,0.00034696340719816466
pythia_70m_deduped,kl_mean,robust,enc_dec_cos,-0.22217415232137985,0.00010988956212279976,-0.3303197111898058,-0.1083883295476342,300,2,"frequency,act_max",10000,10000,0.0015384538697191966,0.000467030639021899
pythia_70m_deduped,kl_mean,robust,bin_entropy,,,,,300,2,"frequency,act_max",10000,0,,
pythia_70m_deduped,kl_mean,robust,act_entropy,0.13539395879769836,0.019376054178448936,0.017223046307216158,0.24422975899376934,300,2,"frequency,act_max",10000,10000,0.23251265014138722,0.05329810439617256
pythia_70m_deduped,kl_mean,robust,act_kurtosis,-0.13270141271643776,0.021946278280776936,-0.24893770307667895,-0.01098054171370976,300,2,"frequency,act_max",10000,10000,0.2414090610885463,0.05329810439617256
pythia_70m_deduped,kl_mean,robust,act_mag,0.09479457374037319,0.10242476317012132,-0.026944709550618794,0.21881719674272437,300,2,"frequency,act_max",10000,10000,0.788864045542831,0.15829281580836932
pythia_70m_deduped,kl_mean,robust,act_mean_firing,0.25013744390213327,1.2450055052782492e-05,0.13575216897381215,0.35584188731965855,300,2,"frequency,act_max",10000,10000,0.00021165093589730236,0.00021165093589730236
pythia_70m_deduped,kl_mean,robust,act_std,0.10096636949314697,0.08184606578234595,-0.023588264055795494,0.22121877475302795,300,2,"frequency,act_max",10000,10000,0.7366145920411136,0.15459812425554234
pythia_70m_deduped,kl_mean,robust,coact_entropy,-0.22884115827023796,6.695926276209556e-05,-0.33202578221085915,-0.11145641503972757,300,2,"frequency,act_max",10000,10000,0.0010043889414314334,0.00037943582231854156
pythia_70m_deduped,kl_mean,robust,coact_count,0.00565533586119936,0.9225542965666397,-0.10868676792538183,0.11994008667348154,300,2,"frequency,act_max",10000,10000,1.0,0.9802139401020546
pythia_70m_deduped,kl_mean,robust,logit_l2,0.2037896298683464,0.00039953069613175005,0.07959608460328613,0.31992199719988484,300,2,"frequency,act_max",10000,10000,0.0051938990497127505,0.0013584043668479501
pythia_70m_deduped,kl_mean,robust,logit_linf,0.040683933300113724,0.48414486988705335,-0.07798090015122472,0.15821475099988214,300,2,"frequency,act_max",10000,10000,1.0,0.6858718990066589
pythia_70m_deduped,kl_mean,robust,logit_entropy,-0.031216537056073336,0.5914423634486773,-0.1457308479904826,0.08329377662998436,300,2,"frequency,act_max",10000,10000,1.0,0.7181800127591081
pythia_70m_deduped,kl_mean,robust,logit_top10_mass,-0.015741367465669263,0.786688807114139,-0.1317140977861665,0.10142591897888076,300,2,"frequency,act_max",10000,10000,1.0,0.8915806480626909
pythia_70m_deduped,kl_mean,effect_only,crowding,0.19224136256497593,0.000833387994317179,0.06857820698041925,0.3117209413018892,300,1,effect_l2,10000,10000,0.010000655931806149,0.0019792964865033
pythia_70m_deduped,kl_mean,effect_only,crowd_max,0.26453251562559166,3.5193850618184033e-06,0.144644845068414,0.3812833108119026,300,1,effect_l2,10000,10000,4.9271390865457645e-05,1.1144719362424943e-05
pythia_70m_deduped,kl_mean,effect_only,dec_norm,-0.04677225253795256,0.42034588955973945,-0.15764720069427873,0.06548060920703636,300,1,effect_l2,10000,10000,1.0,0.4991607438521906
pythia_70m_deduped,kl_mean,effect_only,enc_norm,0.3807671798886749,9.430965943563611e-12,0.2829039008484353,0.46973106969527667,300,1,effect_l2,10000,10000,1.6032642104058138e-10,5.972945097590287e-11
pythia_70m_deduped,kl_mean,effect_only,enc_dec_cos,-0.3609795290854345,1.2428265763075824e-10,-0.46185700805388996,-0.24885868530733418,300,1,effect_l2,10000,10000,1.988522522092132e-09,5.903426237461016e-10
pythia_70m_deduped,kl_mean,effect_only,frequency,-0.015551396637412061,0.7888543381587344,-0.11834429506778031,0.08907252434373797,300,1,effect_l2,10000,10000,1.0,0.7888543381587344
pythia_70m_deduped,kl_mean,effect_only,bin_entropy,-0.015551396637412061,0.7888543381587344,-0.11834429506778031,0.08907252434373797,300,1,effect_l2,10000,10000,1.0,0.7888543381587344
pythia_70m_deduped,kl_mean,effect_only,act_entropy,-0.036696746845576805,0.5273208056033453,-0.1411544798106707,0.06790572785897468,300,1,effect_l2,10000,10000,1.0,0.5893585474390329
pythia_70m_deduped,kl_mean,effect_only,act_kurtosis,0.07399225908929732,0.20201345184715705,-0.03721246284710485,0.18129404465206475,300,1,effect_l2,10000,10000,1.0,0.25588370567306556
pythia_70m_deduped,kl_mean,effect_only,act_mag,0.2478513075883285,1.4533933191417137e-05,0.144978727110843,0.3488969406437941,300,1,effect_l2,10000,10000,0.00018894113148842278,3.9449247233846515e-05
pythia_70m_deduped,kl_mean,effect_only,act_mean_firing,0.44110083352945,1.148080795142415e-15,0.34652303635280823,0.5298573831419952,300,1,effect_l2,10000,10000,2.1813535107705885e-14,2.1813535107705885e-14
pythia_70m_deduped,kl_mean,effect_only,act_std,0.3545547570330455,2.7659760920621175e-10,0.2573657173751491,0.4467673366327445,300,1,effect_l2,10000,10000,4.1489641380931766e-09,1.0510709149836047e-09
pythia_70m_deduped,kl_mean,effect_only,act_max,0.3892095614944236,2.9732632962300836e-12,0.29440603786951136,0.4765600744516858,300,1,effect_l2,10000,10000,5.3518739332141504e-11,2.8246001314185793e-11
pythia_70m_deduped,kl_mean,effect_only,coact_entropy,-0.13731740341942586,0.01751290244676557,-0.24323215100410853,-0.028805735424867546,300,1,effect_l2,10000,10000,0.14010321957412455,0.027728762207378816
pythia_70m_deduped,kl_mean,effect_only,coact_count,-0.07694853434374518,0.18452209295113736,-0.18906840679590484,0.03491334085455469,300,1,effect_l2,10000,10000,1.0,0.2504228404336864
pythia_70m_deduped,kl_mean,effect_only,logit_l2,0.07872210098065949,0.1745784486480609,-0.045384594480779486,0.203333222841125,300,1,effect_l2,10000,10000,1.0,0.2504228404336864
pythia_70m_deduped,kl_mean,effect_only,logit_linf,0.15056499799926634,0.009120930504513389,0.036720278075687306,0.2632783007096178,300,1,effect_l2,10000,10000,0.0820883745406205,0.015754334507795852
pythia_70m_deduped,kl_mean,effect_only,logit_entropy,-0.15501299035643118,0.007243241824047559,-0.2644639917301002,-0.04293877339311751,300,1,effect_l2,10000,10000,0.07243241824047558,0.01376215946569036
pythia_70m_deduped,kl_mean,effect_only,logit_top10_mass,0.1713265631633101,0.0029576064785671297,0.06245612383987492,0.2767556710582645,300,1,effect_l2,10000,10000,0.03253367126423843,0.006243835899197274
pythia_70m_deduped,kl_per_effect,none,crowding,0.15982044244936056,0.005529162556974541,0.03663142179415481,0.27863140995075086,300,0,,10000,10000,0.06082078812671995,0.011672676509168475
pythia_70m_deduped,kl_per_effect,none,crowd_max,0.23831028288436173,3.0370921341993732e-05,0.12032742161695205,0.3495601990855661,300,0,,10000,10000,0.00039482197744591854,8.24353579282687e-05
pythia_70m_deduped,kl_per_effect,none,dec_norm,-0.07722618830753587,0.1822019649460998,-0.18716271444849547,0.03221924971119746,300,0,,10000,10000,1.0,0.2472740952839926
pythia_70m_deduped,kl_per_effect,none,enc_norm,0.3859313992377693,4.304071841786552e-12,0.2855532202289655,0.47866583563429627,300,0,,10000,10000,7.316922131037138e-11,2.725912166464816e-11
pythia_70m_deduped,kl_per_effect,none,enc_dec_cos,-0.37546817186857634,1.771096753005034e-11,-0.47341377400164325,-0.2692203331608573,300,0,,10000,10000,2.8337548048080544e-10,8.412709576773911e-11
pythia_70m_deduped,kl_per_effect,none,frequency,-0.034003388271218786,0.557427412986378,-0.14369763430012503,0.07729075324454163,300,0,,10000,10000,1.0,0.557427412986378
pythia_70m_deduped,kl_per_effect,none,bin_entropy,-0.034003388271218786,0.557427412986378,-0.14369763430012503,0.07729075324454163,300,0,,10000,10000,1.0,0.557427412986378
pythia_70m_deduped,kl_per_effect,none,act_entropy,-0.05494949943888265,0.34287660134734455,-0.1654773676817751,0.05712661399603566,300,0,,10000,10000,1.0,0.40716596409997163
pythia_70m_deduped,kl_per_effect,none,act_kurtosis,0.07156435071500794,0.21648029525501156,-0.04453102776343736,0.18427815632484262,300,0,,10000,10000,1.0,0.27420837398968134
pythia_70m_deduped,kl_per_effect,none,act_mag,0.2437964866276292,1.9578127080624223e-05,0.13474761044006717,0.3462173433354246,300,0,,10000,10000,0.0002740937791287391,6.19974024219767e-05
pythia_70m_deduped,kl_per_effect,none,act_mean_firing,0.45584950943899377,8.448549002234099e-17,0.3588696861215286,0.5447627494393225,300,0,,10000,10000,1.6052243104244788e-15,1.6052243104244788e-15
pythia_70m_deduped,kl_per_effect,none,act_std,0.3568910765675174,1.932504206560437e-10,0.25433710326346287,0.451255567488963,300,0,,10000,10000,2.8987563098406556e-09,7.343515984929661e-10
pythia_70m_deduped,kl_per_effect,none,act_max,0.39198302203357815,1.855485879168478e-12,0.2952747923642319,0.4832340322905098,300,0,,10000,10000,3.339874582503261e-11,1.762711585210054e-11
pythia_70m_deduped,kl_per_effect,none,coact_entropy,-0.16296403293369927,0.00465804527884222,-0.2706035391898787,-0.05259753042541552,300,0,,10000,10000,0.055896543346106636,0.011062857537250271
pythia_70m_deduped,kl_per_effect,none,coact_count,-0.04643861402177777,0.42289143987639344,-0.15702058860470933,0.060074149393797564,300,0,,10000,10000,1.0,0.47264337397949857
pythia_70m_deduped,kl_per_effect,none,logit_l2,0.08994899943332706,0.1200386869936558,-0.032224964644565195,0.2074195949781283,300,0,,10000,10000,0.8402708089555906,0.17544115791380463
pythia_70m_deduped,kl_per_effect,none,logit_linf,0.14793008811209013,0.010298009998235706,0.03116157907294148,0.25925347291151557,300,0,,10000,10000,0.09288524592399568,0.0177874718151344
pythia_70m_deduped,kl_per_effect,none,logit_entropy,-0.13596063689159263,0.018471592891611006,-0.24563715775914674,-0.02274747009076688,300,0,,10000,10000,0.14777274313288805,0.02924668874505076
pythia_70m_deduped,kl_per_effect,none,logit_top10_mass,0.1499589995444394,0.009288524592399568,0.03456295172709407,0.26135509158971393,300,0,,10000,10000,0.09288524592399568,0.01764819672555918
pythia_70m_deduped,kl_per_effect,primary,crowding,0.10578134339783239,0.068694178379432,-0.01868305787333799,0.2283275087293741,300,3,"effect_l2,act_max,frequency",10000,10000,0.30192213695583126,0.08341435946073884
pythia_70m_deduped,kl_per_effect,primary,crowd_max,0.131232284259503,0.02370545328301206,0.004723949016457019,0.252159920072332,300,3,"effect_l2,act_max,frequency",10000,10000,0.2513420960295828,0.050374088226400625
pythia_70m_deduped,kl_per_effect,primary,dec_norm,-0.05755148773496138,0.3229267111054034,-0.17412407812869268,0.059271741300220414,300,3,"effect_l2,act_max,frequency",10000,10000,0.6458534222108068,0.3431096305494911
pythia_70m_deduped,kl_per_effect,primary,enc_norm,0.2827677679543014,7.268345096184226e-07,0.16934043828454026,0.39240461195397813,300,3,"effect_l2,act_max,frequency",10000,10000,1.2356186663513183e-05,1.2356186663513183e-05
pythia_70m_deduped,kl_per_effect,primary,enc_dec_cos,-0.273072194186703,1.7766561976376925e-06,-0.3835318726263529,-0.1573507800351391,300,3,"effect_l2,act_max,frequency",10000,10000,2.842649916220308e-05,1.5101577679920386e-05
pythia_70m_deduped,kl_per_effect,primary,bin_entropy,,,,,300,3,"effect_l2,act_max,frequency",10000,0,,
pythia_70m_deduped,kl_per_effect,primary,act_entropy,0.15072100659131668,0.00928434232740515,0.024756164894286347,0.26286882106792125,300,3,"effect_l2,act_max,frequency",10000,10000,0.12069645025626696,0.02967134376335159
pythia_70m_deduped,kl_per_effect,primary,act_kurtosis,-0.14833946792492816,0.01047223897530056,-0.2624922082351621,-0.027295039761478235,300,3,"effect_l2,act_max,frequency",10000,10000,0.12566686770360674,0.02967134376335159
pythia_70m_deduped,kl_per_effect,primary,act_mag,0.13204180176564362,0.022849281457234798,0.01596959299518912,0.2467478472754976,300,3,"effect_l2,act_max,frequency",10000,10000,0.2513420960295828,0.050374088226400625
pythia_70m_deduped,kl_per_effect,primary,act_mean_firing,0.2357496240684351,4.06611201299312e-05,0.11348307114988386,0.3487193859299833,300,3,"effect_l2,act_max,frequency",10000,10000,0.0005692556818190368,0.0001728097605522076
pythia_70m_deduped,kl_per_effect,primary,act_std,0.10910579484165449,0.06038442739116625,-0.00785396267084231,0.22602881974146696,300,3,"effect_l2,act_max,frequency",10000,10000,0.30192213695583126,0.0789642512038328
pythia_70m_deduped,kl_per_effect,primary,coact_entropy,-0.2638108484687894,4.0427657786275445e-06,-0.3619108612394778,-0.15189906557933736,300,3,"effect_l2,act_max,frequency",10000,10000,6.0641486679413164e-05,2.290900607888942e-05
pythia_70m_deduped,kl_per_effect,primary,coact_count,0.09496770632736232,0.10237734854393714,-0.014507408509677513,0.2042037949500968,300,3,"effect_l2,act_max,frequency",10000,10000,0.3071320456318114,0.11602766168312877
pythia_70m_deduped,kl_per_effect,primary,logit_l2,0.12092730327837758,0.03726172141895227,-0.0019134905968817564,0.24300808842868282,300,3,"effect_l2,act_max,frequency",10000,10000,0.2716329879590145,0.05758629673838078
pythia_70m_deduped,kl_per_effect,primary,logit_linf,0.1281271786523883,0.02725122530163573,0.008383805681666037,0.24587078328684261,300,3,"effect_l2,act_max,frequency",10000,10000,0.2513420960295828,0.05147453668086749
pythia_70m_deduped,kl_per_effect,primary,logit_entropy,-0.11767854996522174,0.042710518771020715,-0.22915865907228178,0.001972500648931456,300,3,"effect_l2,act_max,frequency",10000,10000,0.2716329879590145,0.060506568258946014
pythia_70m_deduped,kl_per_effect,primary,logit_top10_mass,0.12310135029443328,0.033954123494876816,0.003274762072781763,0.23719534155072303,300,3,"effect_l2,act_max,frequency",10000,10000,0.2716329879590145,0.05758629673838078
pythia_70m_deduped,kl_per_effect,robust,crowding,0.1073503971871702,0.06421008467080594,-0.013260172299132653,0.22951590569987204,300,2,"frequency,act_max",10000,10000,0.38526050802483564,0.082025826706309
pythia_70m_deduped,kl_per_effect,robust,crowd_max,0.13273760910796048,0.021909858931431776,0.011208468504971689,0.25379126707222355,300,2,"frequency,act_max",10000,10000,0.24100844824574955,0.04218660313885238
pythia_70m_deduped,kl_per_effect,robust,dec_norm,-0.056347728926339234,0.33234817109649367,-0.17136247955658593,0.0568882140217602,300,2,"frequency,act_max",10000,10000,0.6646963421929873,0.35311993179002454
pythia_70m_deduped,kl_per_effect,robust,enc_norm,0.2831581133919898,6.709073948796149e-07,0.17068182588212918,0.38973281030006807,300,2,"frequency,act_max",10000,10000,1.1405425712953452e-05,1.1405425712953452e-05
pythia_70m_deduped,kl_per_effect,robust,enc_dec_cos,-0.27244006342879973,1.8070466611533237e-06,-0.38224857368389037,-0.1584448241801505,300,2,"frequency,act_max",10000,10000,2.891274657845318e-05,1.535989661980325e-05
pythia_70m_deduped,kl_per_effect,robust,bin_entropy,,,,,300,2,"frequency,act_max",10000,0,,
pythia_70m_deduped,kl_per_effect,robust,act_entropy,0.14930127864803472,0.009851754829093753,0.025897344651658914,0.2598692929661109,300,2,"frequency,act_max",10000,10000,0.12807281277821878,0.03349596641891876
pythia_70m_deduped,kl_per_effect,robust,act_kurtosis,-0.14364490591128,0.01305887418443428,-0.2594679550373084,-0.024473466313493765,300,2,"frequency,act_max",10000,10000,0.15670649021321137,0.03700014352256379
pythia_70m_deduped,kl_per_effect,robust,act_mag,0.13111138300725467,0.02359866141024857,0.015304783343664231,0.24706148026778119,300,2,"frequency,act_max",10000,10000,0.24100844824574955,0.04218660313885238
pythia_70m_deduped,kl_per_effect,robust,act_mean_firing,0.22701171408620935,7.682164023467004e-05,0.10846632250755232,0.3432515393670238,300,2,"frequency,act_max",10000,10000,0.0010755029632853806,0.0003264919709973477
pythia_70m_deduped,kl_per_effect,robust,act_std,0.10603967763750487,0.06755068081696035,-0.00975987708087768,0.2198165007495274,300,2,"frequency,act_max",10000,10000,0.38526050802483564,0.082025826706309
pythia_70m_deduped,kl_per_effect,robust,coact_entropy,-0.2596096899589741,5.603704504947329e-06,-0.3579390655662328,-0.1457657732667082,300,2,"frequency,act_max",10000,10000,8.405556757420993e-05,3.175432552803487e-05
pythia_70m_deduped,kl_per_effect,robust,coact_count,0.09785776077939809,0.0917502375265411,-0.011601586269770507,0.20770604828818617,300,2,"frequency,act_max",10000,10000,0.38526050802483564,0.10398360253007992
pythia_70m_deduped,kl_per_effect,robust,logit_l2,0.10673977560319957,0.06574908083436617,-0.015916525256814498,0.23025844738473947,300,2,"frequency,act_max",10000,10000,0.38526050802483564,0.082025826706309
pythia_70m_deduped,kl_per_effect,robust,logit_linf,0.13241848231144007,0.022232761410486433,0.010438695895745701,0.2505091815998923,300,2,"frequency,act_max",10000,10000,0.24100844824574955,0.04218660313885238
pythia_70m_deduped,kl_per_effect,robust,logit_entropy,-0.12281015308045626,0.03407778343746038,-0.23748370142565228,-0.006188032617172442,300,2,"frequency,act_max",10000,10000,0.24100844824574955,0.05266566531243877
pythia_70m_deduped,kl_per_effect,robust,logit_top10_mass,0.1300007064200142,0.02481564890520728,0.010282962693059184,0.24511182253033093,300,2,"frequency,act_max",10000,10000,0.24100844824574955,0.04218660313885238
pythia_70m_deduped,kl_per_effect,effect_only,crowding,0.15733028399512505,0.00640880584769274,0.03896651995498074,0.2730544128524639,300,1,effect_l2,10000,10000,0.07049686432462014,0.013529701234018006
pythia_70m_deduped,kl_per_effect,effect_only,crowd_max,0.2364667184943234,3.619862545703795e-05,0.1237198888156435,0.3498275796610705,300,1,effect_l2,10000,10000,0.0004705821309414933,9.82534119548173e-05
pythia_70m_deduped,kl_per_effect,effect_only,dec_norm,-0.07985938387095978,0.16841506742132206,-0.19023825463106975,0.030957231211596985,300,1,effect_l2,10000,10000,1.0,0.22856330578607992
pythia_70m_deduped,kl_per_effect,effect_only,enc_norm,0.38952972976003714,2.844051257791082e-12,0.29030039549099956,0.48392185403900356,300,1,effect_l2,10000,10000,5.0479602500215936e-11,1.801232463267685e-11
pythia_70m_deduped,kl_per_effect,effect_only,enc_dec_cos,-0.3780970966526602,1.3493905847651218e-11,-0.4743211962737033,-0.27534543357663593,300,1,effect_l2,10000,10000,2.159024935624195e-10,6.409605277634329e-11
pythia_70m_deduped,kl_per_effect,effect_only,frequency,-0.04226832198840877,0.46652075455928776,-0.15046287469604563,0.06905611061510579,300,1,effect_l2,10000,10000,1.0,0.46652075455928776
pythia_70m_deduped,kl_per_effect,effect_only,bin_entropy,-0.04226832198840877,0.46652075455928776,-0.15046287469604563,0.06905611061510579,300,1,effect_l2,10000,10000,1.0,0.46652075455928776
pythia_70m_deduped,kl_per_effect,effect_only,act_entropy,-0.06266238782498078,0.280116728208914,-0.16985687356708934,0.04870552881471669,300,1,effect_l2,10000,10000,1.0,0.33263861474808537
pythia_70m_deduped,kl_per_effect,effect_only,act_kurtosis,0.07504191714958672,0.1956702340164373,-0.04151211704456263,0.18920847432593554,300,1,effect_l2,10000,10000,1.0,0.24784896308748725
pythia_70m_deduped,kl_per_effect,effect_only,act_mag,0.23913633907937307,2.934160672867472e-05,0.12923163343862482,0.3449152959987044,300,1,effect_l2,10000,10000,0.0004107824942014461,9.291508797413662e-05
pythia_70m_deduped,kl_per_effect,effect_only,act_mean_firing,0.4582199267070244,6.298793129016248e-17,0.36167068642580513,0.5450719359458007,300,1,effect_l2,10000,10000,1.196770694513087e-15,1.196770694513087e-15
pythia_70m_deduped,kl_per_effect,effect_only,act_std,0.3539866481429578,2.966179482570964e-10,0.24958591193239152,0.4505698076185139,300,1,effect_l2,10000,10000,4.449269223856446e-09,1.1271482033769663e-09
pythia_70m_deduped,kl_per_effect,effect_only,act_max,0.38963077249968114,2.8044223611231074e-12,0.2893476586928447,0.48269647073123323,300,1,effect_l2,10000,10000,5.0479602500215936e-11,1.801232463267685e-11
pythia_70m_deduped,kl_per_effect,effect_only,coact_entropy,-0.17336365359289785,0.0026298152601729663,-0.2767234007550294,-0.06234697694318139,300,1,effect_l2,10000,10000,0.03155778312207559,0.006245811242910795
pythia_70m_deduped,kl_per_effect,effect_only,coact_count,-0.05088580176206358,0.3806059641202723,-0.15730419931719938,0.05743457245609824,300,1,effect_l2,10000,10000,1.0,0.4253831363697161
pythia_70m_deduped,kl_per_effect,effect_only,logit_l2,0.10278981910069566,0.07595393116026428,-0.01806503677307461,0.22122000202106074,300,1,effect_l2,10000,10000,0.5316775181218499,0.11100959169577088
pythia_70m_deduped,kl_per_effect,effect_only,logit_linf,0.14181452723325622,0.014114044620745005,0.026290593811963536,0.25653277215969994,300,1,effect_l2,10000,10000,0.14114044620745006,0.025482623959856177
pythia_70m_deduped,kl_per_effect,effect_only,logit_entropy,-0.12858416269656367,0.026192053955186416,-0.23972621545021155,-0.019243983582480386,300,1,effect_l2,10000,10000,0.20953643164149133,0.04147075209571183
pythia_70m_deduped,kl_per_effect,effect_only,logit_top10_mass,0.1409013738544164,0.014753098082021996,0.02739316572929632,0.2551374700701662,300,1,effect_l2,10000,10000,0.14114044620745006,0.025482623959856177
pythia_70m_deduped,collateral_raw_nodense,none,crowding,-0.09261330908876608,0.10940898573134158,-0.20230099934088416,0.022305177548120596,300,0,,10000,10000,0.9846808715820743,0.18897915717231728
pythia_70m_deduped,collateral_raw_nodense,none,crowd_max,-0.08434338299964458,0.1450143930932711,-0.19554099560563534,0.031307070009103405,300,0,,10000,10000,1.0,0.21194411298247318
pythia_70m_deduped,collateral_raw_nodense,none,dec_norm,0.054015581190973556,0.35115442465207874,-0.056390716974521,0.16478510540234734,300,0,,10000,10000,1.0,0.4169958792743435
pythia_70m_deduped,collateral_raw_nodense,none,enc_norm,-0.11260951345328174,0.05135355922378224,-0.22854821687077587,0.006825473079973851,300,0,,10000,10000,0.5648891514616047,0.10332242456968418
pythia_70m_deduped,collateral_raw_nodense,none,enc_dec_cos,0.07942080542577638,0.1700528042794226,-0.03641609591164922,0.192906786589787,300,0,,10000,10000,1.0,0.23078594866493066
pythia_70m_deduped,collateral_raw_nodense,none,frequency,0.20611272224252952,0.00032597007070680665,0.08338913557710473,0.3230582395081528,300,0,,10000,10000,0.005215521131308906,0.0012386862686858651
pythia_70m_deduped,collateral_raw_nodense,none,bin_entropy,0.20611272224252952,0.00032597007070680665,0.08338913557710473,0.3230582395081528,300,0,,10000,10000,0.005215521131308906,0.0012386862686858651
pythia_70m_deduped,collateral_raw_nodense,none,act_entropy,0.20955113710187348,0.000257139372815708,0.08659887945129531,0.3269945243409798,300,0,,10000,10000,0.004371369337867036,0.0012386862686858651
pythia_70m_deduped,collateral_raw_nodense,none,act_kurtosis,-0.2186502201050085,0.0001347469390472514,-0.3362071775301339,-0.09591642642803494,300,0,,10000,10000,0.0024254449028505254,0.0012386862686858651
pythia_70m_deduped,collateral_raw_nodense,none,act_mag,0.1312174659794634,0.02302002847087936,0.011385941048118381,0.24690160887535162,300,0,,10000,10000,0.27624034165055233,0.05467256761833848
pythia_70m_deduped,collateral_raw_nodense,none,act_mean_firing,-0.08664073722914323,0.1343377075555427,-0.1943808321805573,0.02284912331268317,300,0,,10000,10000,1.0,0.21194411298247318
pythia_70m_deduped,collateral_raw_nodense,none,act_std,0.046336766297879806,0.4239104460011476,-0.06563187684025674,0.16027262424118735,300,0,,10000,10000,1.0,0.4737822631777532
pythia_70m_deduped,collateral_raw_nodense,none,act_max,-0.03281536672953807,0.571286016776492,-0.14123654233610225,0.07801869779720345,300,0,,10000,10000,1.0,0.6030241288196305
pythia_70m_deduped,collateral_raw_nodense,none,coact_entropy,0.1542857358815377,0.007424032240422493,0.02978835885480595,0.276394937971308,300,0,,10000,10000,0.09651241912549241,0.020150944652575338
pythia_70m_deduped,collateral_raw_nodense,none,coact_count,0.17387385415941167,0.0025105819410770457,0.06935770741875162,0.2759147813348266,300,0,,10000,10000,0.03514814717507864,0.007950176146743978
pythia_70m_deduped,collateral_raw_nodense,none,logit_l2,0.45848533660002466,5.3357257328308966e-17,0.35755237363148396,0.5478635720314605,300,0,,10000,10000,1.0137878892378703e-15,1.0137878892378703e-15
pythia_70m_deduped,collateral_raw_nodense,none,logit_linf,0.11118992761315408,0.05438022345772852,-0.0007915449230104057,0.22053855709840967,300,0,,10000,10000,0.5648891514616047,0.10332242456968418
pythia_70m_deduped,collateral_raw_nodense,none,logit_entropy,0.022533038765205373,0.697495321829023,-0.08683580395093814,0.1296839751929926,300,0,,10000,10000,1.0,0.697495321829023
pythia_70m_deduped,collateral_raw_nodense,none,logit_top10_mass,-0.06312779117395446,0.2757447551723998,-0.1721700342415707,0.04600290032007559,300,0,,10000,10000,1.0,0.34927668988503974
pythia_70m_deduped,collateral_raw_nodense,primary,crowding,-0.08861365147498472,0.1275839028669281,-0.20603543459989546,0.0315443670831151,300,3,"effect_l2,act_max,frequency",10000,10000,1.0,0.4337852697475556
pythia_70m_deduped,collateral_raw_nodense,primary,crowd_max,-0.04294540114838819,0.46092357580197424,-0.15943573590849658,0.07593735470398066,300,3,"effect_l2,act_max,frequency",10000,10000,1.0,0.728020364381495
pythia_70m_deduped,collateral_raw_nodense,primary,dec_norm,0.03802490939930982,0.5138967277987023,-0.06970306253347922,0.14481106084305384,300,3,"effect_l2,act_max,frequency",10000,10000,1.0,0.728020364381495
pythia_70m_deduped,collateral_raw_nodense,primary,enc_norm,0.07693180690166547,0.18610550519810454,-0.03784085742474352,0.18639982075150216,300,3,"effect_l2,act_max,frequency",10000,10000,1.0,0.4519705126239682
pythia_70m_deduped,collateral_raw_nodense,primary,enc_dec_cos,-0.00891439524936459,0.8784115964837809,-0.1338850113817306,0.11310573277305438,300,3,"effect_l2,act_max,frequency",10000,10000,1.0,0.9333123212640172
pythia_70m_deduped,collateral_raw_nodense,primary,bin_entropy,,,,,300,3,"effect_l2,act_max,frequency",10000,0,,
pythia_70m_deduped,collateral_raw_nodense,primary,act_entropy,-0.02011549224279603,0.7299160581714468,-0.12537240065514868,0.08775393026294899,300,3,"effect_l2,act_max,frequency",10000,10000,1.0,0.8906110193643676
pythia_70m_deduped,collateral_raw_nodense,primary,act_kurtosis,-0.015832878321488022,0.7858332523803243,-0.12028886252737638,0.08803725479696253,300,3,"effect_l2,act_max,frequency",10000,10000,1.0,0.8906110193643676
pythia_70m_deduped,collateral_raw_nodense,primary,act_mag,0.05342702788173643,0.3588715312156502,-0.05506122299229072,0.15755144693516085,300,3,"effect_l2,act_max,frequency",10000,10000,1.0,0.7267432124896264
pythia_70m_deduped,collateral_raw_nodense,primary,act_mean_firing,-0.08289701763144508,0.15414252820548324,-0.18790569656108555,0.02476531572318853,300,3,"effect_l2,act_max,frequency",10000,10000,1.0,0.4367371632488692
pythia_70m_deduped,collateral_raw_nodense,primary,act_std,0.039810729630912325,0.49431399314334196,-0.06933153626822154,0.14468015104913728,300,3,"effect_l2,act_max,frequency",10000,10000,1.0,0.728020364381495
pythia_70m_deduped,collateral_raw_nodense,primary,coact_entropy,-0.14729489706539106,0.011034397087938273,-0.2493310423776568,-0.03028175324295319,300,3,"effect_l2,act_max,frequency",10000,10000,0.15448155923113582,0.04689618762373766
pythia_70m_deduped,collateral_raw_nodense,primary,coact_count,0.19686713767210665,0.0006451430569806381,0.08967166829381891,0.29888750962122523,300,3,"effect_l2,act_max,frequency",10000,10000,0.01032228891169021,0.005483715984335424
pythia_70m_deduped,collateral_raw_nodense,primary,logit_l2,0.3720218100599535,3.507460251253036e-11,0.2633027423877484,0.47247737102634585,300,3,"effect_l2,act_max,frequency",10000,10000,5.962682427130161e-10,5.962682427130161e-10
pythia_70m_deduped,collateral_raw_nodense,primary,logit_linf,0.18385516835902885,0.0014610450356376341,0.06296225146733199,0.3007183340971486,300,3,"effect_l2,act_max,frequency",10000,10000,0.021915675534564513,0.008279255201946592
pythia_70m_deduped,collateral_raw_nodense,primary,logit_entropy,-0.019672935702700498,0.7356343292132954,-0.1352328958992489,0.10011386651500113,300,3,"effect_l2,act_max,frequency",10000,10000,1.0,0.8906110193643676
pythia_70m_deduped,collateral_raw_nodense,primary,logit_top10_mass,0.05061628896853528,0.38474640661215515,-0.0737626726151773,0.17214990423486942,300,3,"effect_l2,act_max,frequency",10000,10000,1.0,0.7267432124896264
pythia_70m_deduped,collateral_raw_nodense,robust,crowding,-0.09630050473716129,0.09706013395369022,-0.2131244638707899,0.02526520012785656,300,2,"frequency,act_max",10000,10000,1.0,0.36295339395238607
pythia_70m_deduped,collateral_raw_nodense,robust,crowd_max,-0.05730986718398237,0.32414566687260576,-0.17261277660361984,0.06434282171385013,300,2,"frequency,act_max",10000,10000,1.0,0.4903687081390416
pythia_70m_deduped,collateral_raw_nodense,robust,dec_norm,0.018666322621695746,0.748282841678634,-0.09796065411753371,0.13560639733799093,300,2,"frequency,act_max",10000,10000,1.0,0.9785237160412906
pythia_70m_deduped,collateral_raw_nodense,robust,enc_norm,0.05687929762570683,0.3278000424181934,-0.06084999808819059,0.1706639308897166,300,2,"frequency,act_max",10000,10000,1.0,0.4903687081390416
pythia_70m_deduped,collateral_raw_nodense,robust,enc_dec_cos,-0.011898981011247008,0.8379219868810217,-0.13317349254212535,0.10674797393514708,300,2,"frequency,act_max",10000,10000,1.0,1.0
pythia_70m_deduped,collateral_raw_nodense,robust,bin_entropy,,,,,300,2,"frequency,act_max",10000,0,,
pythia_70m_deduped,collateral_raw_nodense,robust,act_entropy,-0.002416435670598165,0.9668662869259609,-0.1041862620889228,0.1031288025739709,300,2,"frequency,act_max",10000,10000,1.0,1.0
pythia_70m_deduped,collateral_raw_nodense,robust,act_kurtosis,-0.06095890250026204,0.29423936940473505,-0.166483503024408,0.045548975447326716,300,2,"frequency,act_max",10000,10000,1.0,0.4903687081390416
pythia_70m_deduped,collateral_raw_nodense,robust,act_mag,0.0547634472601365,0.3461426175099117,-0.056832821732070625,0.16578857827253388,300,2,"frequency,act_max",10000,10000,1.0,0.4903687081390416
pythia_70m_deduped,collateral_raw_nodense,robust,act_mean_firing,0.004657108936544666,0.9361921427274642,-0.10447996934193168,0.11450979805902817,300,2,"frequency,act_max",10000,10000,1.0,1.0
pythia_70m_deduped,collateral_raw_nodense,robust,act_std,0.06681215662651793,0.25022850377343625,-0.0461536505504684,0.17839571611613902,300,2,"frequency,act_max",10000,10000,1.0,0.4903687081390416
pythia_70m_deduped,collateral_raw_nodense,robust,coact_entropy,-0.16360897359497947,0.004632109977085631,-0.2631508694371024,-0.04785551015597963,300,2,"frequency,act_max",10000,10000,0.0741137596333701,0.03937293480522786
pythia_70m_deduped,collateral_raw_nodense,robust,coact_count,0.12762603122070074,0.027600134997155527,0.016807960853780602,0.23655408685144197,300,2,"frequency,act_max",10000,10000,0.4140020249573329,0.1564007649838813
pythia_70m_deduped,collateral_raw_nodense,robust,logit_l2,0.43346194826865186,4.425342357638625e-15,0.3284424206186472,0.5304021229376434,300,2,"frequency,act_max",10000,10000,7.523082007985663e-14,7.523082007985663e-14
pythia_70m_deduped,collateral_raw_nodense,robust,logit_linf,0.09009757022626363,0.12067503730453094,-0.029719004561688366,0.20713562952974277,300,2,"frequency,act_max",10000,10000,1.0,0.36295339395238607
pythia_70m_deduped,collateral_raw_nodense,robust,logit_entropy,0.06259711822411597,0.28143158380664224,-0.052867777804227134,0.17564568461098737,300,2,"frequency,act_max",10000,10000,1.0,0.4903687081390416
pythia_70m_deduped,collateral_raw_nodense,robust,logit_top10_mass,-0.08834466145427829,0.12810119786554802,-0.2035598851362183,0.0286864395808217,300,2,"frequency,act_max",10000,10000,1.0,0.36295339395238607
pythia_70m_deduped,collateral_raw_nodense,effect_only,crowding,-0.0756814077544936,0.19187761592333183,-0.1900926808958059,0.04085142572536313,300,1,effect_l2,10000,10000,0.9352439432443378,0.22653521881486383
pythia_70m_deduped,collateral_raw_nodense,effect_only,crowd_max,-0.07159542831137934,0.21705397018982514,-0.1859565833122623,0.041254533927055456,300,1,effect_l2,10000,10000,0.9352439432443378,0.22911252408925986
pythia_70m_deduped,collateral_raw_nodense,effect_only,dec_norm,0.08673715232719591,0.13455864224740047,-0.01676200409160851,0.1919486114685563,300,1,effect_l2,10000,10000,0.8073518534844029,0.18261530019290065
pythia_70m_deduped,collateral_raw_nodense,effect_only,enc_norm,-0.1552983753607329,0.0071354900211222224,-0.2629573539075762,-0.048536703591694465,300,1,effect_l2,10000,10000,0.07135490021122222,0.013557431040132222
pythia_70m_deduped,collateral_raw_nodense,effect_only,enc_dec_cos,0.10979442037850658,0.057919399603015474,-0.006737860114123339,0.2256813484208576,300,1,effect_l2,10000,10000,0.4633551968241238,0.09170571603810784
pythia_70m_deduped,collateral_raw_nodense,effect_only,frequency,0.3182921406374059,1.825573456272199e-08,0.21197149041349916,0.4246225644336149,300,1,effect_l2,10000,10000,3.286032221289958e-07,1.156196522305726e-07
pythia_70m_deduped,collateral_raw_nodense,effect_only,bin_entropy,0.3182921406374059,1.825573456272199e-08,0.21197149041349916,0.4246225644336149,300,1,effect_l2,10000,10000,3.286032221289958e-07,1.156196522305726e-07
pythia_70m_deduped,collateral_raw_nodense,effect_only,act_entropy,0.3146330690188493,2.7046457603567577e-08,0.20719135751207837,0.4214579876855319,300,1,effect_l2,10000,10000,4.3274332165708123e-07,1.28470673616946e-07
pythia_70m_deduped,collateral_raw_nodense,effect_only,act_kurtosis,-0.28343594444828074,6.257441535635458e-07,-0.39369186839076414,-0.171146237678439,300,1,effect_l2,10000,10000,9.386162303453187e-06,2.3778277835414743e-06
pythia_70m_deduped,collateral_raw_nodense,effect_only,act_mag,0.22409601772472837,9.2842009356946e-05,0.11261243696210625,0.33320190828474394,300,1,effect_l2,10000,10000,0.001114104112283352,0.00022049977222274674
pythia_70m_deduped,collateral_raw_nodense,effect_only,act_mean_firing,-0.11460469549345631,0.047711633507789786,-0.22287780288036857,-0.007667354619688864,300,1,effect_l2,10000,10000,0.42940470157010807,0.0824110033316369
pythia_70m_deduped,collateral_raw_nodense,effect_only,act_std,0.10299890250814153,0.07535627079708757,-0.009234066728610935,0.2113667116417012,300,1,effect_l2,10000,10000,0.5274938955796129,0.11013608808805106
pythia_70m_deduped,collateral_raw_nodense,effect_only,act_max,0.0032347890660582913,0.9555803330469541,-0.10971972806602304,0.11415396581991359,300,1,effect_l2,10000,10000,0.9555803330469541,0.9555803330469541
pythia_70m_deduped,collateral_raw_nodense,effect_only,coact_entropy,0.26282206758051746,4.088642388205491e-06,0.14954237630598508,0.37730562958603964,300,1,effect_l2,10000,10000,5.724099343487688e-05,1.2947367562650723e-05
pythia_70m_deduped,collateral_raw_nodense,effect_only,coact_count,0.24258148402921045,2.2295829636556885e-05,0.1409582833795457,0.33720592190024484,300,1,effect_l2,10000,10000,0.00028984578527523953,6.0517251870654396e-05
pythia_70m_deduped,collateral_raw_nodense,effect_only,logit_l2,0.42299475673854353,2.081214239108173e-14,0.3272093442882259,0.5135532289527018,300,1,effect_l2,10000,10000,3.9543070543055287e-13,3.9543070543055287e-13
pythia_70m_deduped,collateral_raw_nodense,effect_only,logit_linf,0.20922028617880353,0.00026947636669449713,0.09405791294281725,0.3179723208460265,300,1,effect_l2,10000,10000,0.0029642400336394683,0.000568894551910605
pythia_70m_deduped,collateral_raw_nodense,effect_only,logit_entropy,-0.0738818225673987,0.20268940630803606,-0.18822728020762777,0.04201168131476421,300,1,effect_l2,10000,10000,0.9352439432443378,0.22653521881486383
pythia_70m_deduped,collateral_raw_nodense,effect_only,logit_top10_mass,0.07650914837719801,0.18704878864886756,-0.042498268823537744,0.1925278991919607,300,1,effect_l2,10000,10000,0.9352439432443378,0.22653521881486383
pythia_70m_deduped,collateral_ctilde_nodense,none,crowding,-0.0656256180624229,0.2571530593392691,-0.17972404769580805,0.049831185696699414,300,0,,10000,10000,0.6125318716288034,0.2714393404136729
pythia_70m_deduped,collateral_ctilde_nodense,none,crowd_max,-0.08268139068703136,0.15313296790720085,-0.19565406543544073,0.030594835354612576,300,0,,10000,10000,0.6125318716288034,0.17336944428641046
pythia_70m_deduped,collateral_ctilde_nodense,none,dec_norm,0.0822848229105516,0.15512002909836725,-0.02647893183711363,0.18836711174520543,300,0,,10000,10000,0.6125318716288034,0.17336944428641046
pythia_70m_deduped,collateral_ctilde_nodense,none,enc_norm,-0.203930710341226,0.00037817100183811165,-0.3083810156763559,-0.09505076508840388,300,0,,10000,10000,0.0037817100183811167,0.0007185249034924121
pythia_70m_deduped,collateral_ctilde_nodense,none,enc_dec_cos,0.15654929499216658,0.006588346905903925,0.03761577034033591,0.2674070527752348,300,0,,10000,10000,0.05929512215313532,0.011379871928379505
pythia_70m_deduped,collateral_ctilde_nodense,none,frequency,0.38486005849761545,4.986486578682494e-12,0.2816137855881139,0.4833305573353302,300,0,,10000,10000,9.474324499496739e-11,4.7371622497483694e-11
pythia_70m_deduped,collateral_ctilde_nodense,none,bin_entropy,0.38486005849761545,4.986486578682494e-12,0.2816137855881139,0.4833305573353302,300,0,,10000,10000,9.474324499496739e-11,4.7371622497483694e-11
pythia_70m_deduped,collateral_ctilde_nodense,none,act_entropy,0.3749988333203702,1.8849048090058395e-11,0.2709335550039037,0.47421486464418844,300,0,,10000,10000,3.204338175309927e-10,1.1937730457036985e-10
pythia_70m_deduped,collateral_ctilde_nodense,none,act_kurtosis,-0.31768441871576353,1.8455205734500704e-08,-0.4219488657243976,-0.2084383296056418,300,0,,10000,10000,2.583728802830099e-07,5.84414848259189e-08
pythia_70m_deduped,collateral_ctilde_nodense,none,act_mag,0.2792177690863232,8.919855325482191e-07,0.16926748100696348,0.38618953082082785,300,0,,10000,10000,1.1595811923126848e-05,2.4211035883451662e-06
pythia_70m_deduped,collateral_ctilde_nodense,none,act_mean_firing,-0.12137068189646552,0.03562344390466123,-0.22866615777693067,-0.009585902282571303,300,0,,10000,10000,0.17811721952330617,0.04512302894590423
pythia_70m_deduped,collateral_ctilde_nodense,none,act_std,0.14324870276336404,0.013006033372864717,0.03044348842948708,0.25166670341779607,300,0,,10000,10000,0.09104223361005302,0.019008818006494586
pythia_70m_deduped,collateral_ctilde_nodense,none,act_max,0.03550083889820996,0.5401946277324687,-0.07715173929012294,0.14710741422982096,300,0,,10000,10000,0.6125318716288034,0.5401946277324687
pythia_70m_deduped,collateral_ctilde_nodense,none,coact_entropy,0.3433558150646118,1.0026402336373757e-09,0.23453816443945258,0.44538624753764405,300,0,,10000,10000,1.6042243738198012e-08,4.762541109777535e-09
pythia_70m_deduped,collateral_ctilde_nodense,none,coact_count,0.25572227010614124,7.2725522606387735e-06,0.15340971716326715,0.35417044334684084,300,0,,10000,10000,8.727062712766528e-05,1.7272311619017086e-05
pythia_70m_deduped,collateral_ctilde_nodense,none,logit_l2,0.33754775053056146,1.9844395767917664e-09,0.23298954010862583,0.4328987954658412,300,0,,10000,10000,2.9766593651876494e-08,7.540870391808711e-09
pythia_70m_deduped,collateral_ctilde_nodense,none,logit_linf,0.23954177268636312,2.7545053168860182e-05,0.12733549235387304,0.3477880516123597,300,0,,10000,10000,0.000302995584857462,5.8150667800927055e-05
pythia_70m_deduped,collateral_ctilde_nodense,none,logit_entropy,-0.13047790869653172,0.02381010396387514,-0.24336348302613595,-0.01865368376507863,300,0,,10000,10000,0.14286062378325082,0.03231371252240197
pythia_70m_deduped,collateral_ctilde_nodense,none,logit_top10_mass,0.14628429204768942,0.011187032667277299,0.031817381552247594,0.2578731857580909,300,0,,10000,10000,0.08949626133821839,0.017712801723189057
pythia_70m_deduped,collateral_ctilde_nodense,primary,crowding,-0.09976442581472697,0.0860992613537412,-0.21669719253556657,0.024035602231123915,300,3,"effect_l2,act_max,frequency",10000,10000,1.0,0.25826724184472616
pythia_70m_deduped,collateral_ctilde_nodense,primary,crowd_max,-0.07108928167352518,0.22189290375464624,-0.18766260713577407,0.04939268957530778,300,3,"effect_l2,act_max,frequency",10000,10000,1.0,0.5388827662612837
pythia_70m_deduped,collateral_ctilde_nodense,primary,dec_norm,0.01728680400702229,0.7667098579993331,-0.09511193311051638,0.13382674115196921,300,3,"effect_l2,act_max,frequency",10000,10000,1.0,0.8689378390659108
pythia_70m_deduped,collateral_ctilde_nodense,primary,enc_norm,0.0461422218744733,0.42820359017100734,-0.0701653827353616,0.1638035409961774,300,3,"effect_l2,act_max,frequency",10000,10000,1.0,0.8060694494008351
pythia_70m_deduped,collateral_ctilde_nodense,primary,enc_dec_cos,0.0291849668348914,0.6164060495418151,-0.09736432775375964,0.148116515873942,300,3,"effect_l2,act_max,frequency",10000,10000,1.0,0.8060694494008351
pythia_70m_deduped,collateral_ctilde_nodense,primary,bin_entropy,,,,,300,3,"effect_l2,act_max,frequency",10000,0,,
pythia_70m_deduped,collateral_ctilde_nodense,primary,act_entropy,-0.03566046818233132,0.5404288851120184,-0.1377453256025042,0.07047004646146855,300,3,"effect_l2,act_max,frequency",10000,10000,1.0,0.8060694494008351
pythia_70m_deduped,collateral_ctilde_nodense,primary,act_kurtosis,-0.0017131175746300012,0.9765464840727677,-0.10574944650020113,0.10041009951162813,300,3,"effect_l2,act_max,frequency",10000,10000,1.0,1.0
pythia_70m_deduped,collateral_ctilde_nodense,primary,act_mag,0.035339033572527684,0.5440877262092442,-0.06756900840382345,0.14075086504418124,300,3,"effect_l2,act_max,frequency",10000,10000,1.0,0.8060694494008351
pythia_70m_deduped,collateral_ctilde_nodense,primary,act_mean_firing,-0.09820284096936369,0.09115314418049159,-0.2054351292992789,0.012463369829274693,300,3,"effect_l2,act_max,frequency",10000,10000,1.0,0.25826724184472616
pythia_70m_deduped,collateral_ctilde_nodense,primary,act_std,0.0247045117515459,0.6715518003626474,-0.08350161656796573,0.13302475798152963,300,3,"effect_l2,act_max,frequency",10000,10000,1.0,0.8154557575832148
pythia_70m_deduped,collateral_ctilde_nodense,primary,coact_entropy,-0.09945035043260606,0.08709721465333302,-0.22280895061576084,0.03228134987360375,300,3,"effect_l2,act_max,frequency",10000,10000,1.0,0.25826724184472616
pythia_70m_deduped,collateral_ctilde_nodense,primary,coact_count,0.1970341926119219,0.000638188797368267,0.08583766428114599,0.3010695882670646,300,3,"effect_l2,act_max,frequency",10000,10000,0.010211020757892273,0.00542460477763027
pythia_70m_deduped,collateral_ctilde_nodense,primary,logit_l2,0.3430457840303781,1.2611979552943884e-09,0.22834941248368687,0.44830059663653,300,3,"effect_l2,act_max,frequency",10000,10000,2.1440365240004604e-08,2.1440365240004604e-08
pythia_70m_deduped,collateral_ctilde_nodense,primary,logit_linf,0.18457987694387015,0.0013979448180261032,0.06542464205944387,0.2982517298337452,300,3,"effect_l2,act_max,frequency",10000,10000,0.020969172270391547,0.007921687302147918
pythia_70m_deduped,collateral_ctilde_nodense,primary,logit_entropy,-0.030049058446965288,0.6060019057236742,-0.15021226367254872,0.08685327014148232,300,3,"effect_l2,act_max,frequency",10000,10000,1.0,0.8060694494008351
pythia_70m_deduped,collateral_ctilde_nodense,primary,logit_top10_mass,0.059438614732462425,0.307287676123166,-0.06112176801302889,0.17852542977891808,300,3,"effect_l2,act_max,frequency",10000,10000,1.0,0.6529863117617277
pythia_70m_deduped,collateral_ctilde_nodense,robust,crowding,-0.08959481124500653,0.12276983005182211,-0.20653397201088106,0.03170463887965619,300,2,"frequency,act_max",10000,10000,1.0,0.347847851813496
pythia_70m_deduped,collateral_ctilde_nodense,robust,crowd_max,-0.061628458304845264,0.28895846687561544,-0.1755443693524427,0.05799749081789566,300,2,"frequency,act_max",10000,10000,1.0,0.5822302765369007
pythia_70m_deduped,collateral_ctilde_nodense,robust,dec_norm,0.0221052796678642,0.7039164782510283,-0.08541158713906331,0.1320076224664555,300,2,"frequency,act_max",10000,10000,1.0,0.8547557235905343
pythia_70m_deduped,collateral_ctilde_nodense,robust,enc_norm,0.04839587144098302,0.40517248055624155,-0.0711921425522383,0.1650782118091269,300,2,"frequency,act_max",10000,10000,1.0,0.6887932169456106
pythia_70m_deduped,collateral_ctilde_nodense,robust,enc_dec_cos,0.030236195214745725,0.6031452044854696,-0.0977517150515369,0.1545142426720247,300,2,"frequency,act_max",10000,10000,1.0,0.7887283443271526
pythia_70m_deduped,collateral_ctilde_nodense,robust,bin_entropy,,,,,300,2,"frequency,act_max",10000,0,,
pythia_70m_deduped,collateral_ctilde_nodense,robust,act_entropy,-0.040495593658907356,0.48617205612051895,-0.14609231512592338,0.07413645056760454,300,2,"frequency,act_max",10000,10000,1.0,0.7513568140044384
pythia_70m_deduped,collateral_ctilde_nodense,robust,act_kurtosis,0.016441702790452414,0.7774420448830145,-0.09226274188176975,0.11752450383773441,300,2,"frequency,act_max",10000,10000,1.0,0.8811009842007498
pythia_70m_deduped,collateral_ctilde_nodense,robust,act_mag,0.03102376639842831,0.5937353524082037,-0.07493340350186763,0.13476237510770803,300,2,"frequency,act_max",10000,10000,1.0,0.7887283443271526
pythia_70m_deduped,collateral_ctilde_nodense,robust,act_mean_firing,-0.1235351588462094,0.033026839124542635,-0.2302576234950477,-0.014167221897692423,300,2,"frequency,act_max",10000,10000,0.4623757477435969,0.1403640662793062
pythia_70m_deduped,collateral_ctilde_nodense,robust,act_std,0.011554648933133677,0.8425502287932543,-0.09660182298770387,0.11827879392128673,300,2,"frequency,act_max",10000,10000,1.0,0.8952096180928326
pythia_70m_deduped,collateral_ctilde_nodense,robust,coact_entropy,-0.08233271179779565,0.1562732071872469,-0.21241115882088266,0.05585030950190299,300,2,"frequency,act_max",10000,10000,1.0,0.3795206460261711
pythia_70m_deduped,collateral_ctilde_nodense,robust,coact_count,0.20733328330612602,0.0003141815999446672,0.09870023935813904,0.3134375295804717,300,2,"frequency,act_max",10000,10000,0.005026905599114675,0.0022162521500274143
pythia_70m_deduped,collateral_ctilde_nodense,robust,logit_l2,0.27787915515607503,1.098679649985406e-06,0.16259018745881326,0.38594940633729513,300,2,"frequency,act_max",10000,10000,1.8677554049751903e-05,1.8677554049751903e-05
pythia_70m_deduped,collateral_ctilde_nodense,robust,logit_linf,0.20410639653808968,0.0003911033205930731,0.08329789238545164,0.3200632516723896,300,2,"frequency,act_max",10000,10000,0.005866549808896096,0.0022162521500274143
pythia_70m_deduped,collateral_ctilde_nodense,robust,logit_entropy,-0.05922169393441541,0.30823955816659454,-0.18039755233000584,0.06333756984870294,300,2,"frequency,act_max",10000,10000,1.0,0.5822302765369007
pythia_70m_deduped,collateral_ctilde_nodense,robust,logit_top10_mass,0.10592618940945688,0.06784649746209966,-0.016266265960055027,0.2267935576337342,300,2,"frequency,act_max",10000,10000,0.8820044670072955,0.23067809137113882
pythia_70m_deduped,collateral_ctilde_nodense,effect_only,crowding,-0.08102617761951385,0.16226214166472372,-0.19229368528987947,0.03349725812441785,300,1,effect_l2,10000,10000,0.5816546433432944,0.18135180538998535
pythia_70m_deduped,collateral_ctilde_nodense,effect_only,crowd_max,-0.0961724427813492,0.09694244055721574,-0.20384870356872564,0.016396752921649407,300,1,effect_l2,10000,10000,0.5816546433432944,0.13156474075622135
pythia_70m_deduped,collateral_ctilde_nodense,effect_only,dec_norm,0.07376794609339042,0.20338813111766765,-0.03898879649075616,0.18382106206979174,300,1,effect_l2,10000,10000,0.5816546433432944,0.21468747173531585
pythia_70m_deduped,collateral_ctilde_nodense,effect_only,enc_norm,-0.1984624972401316,0.0005569418923276366,-0.3039249007120898,-0.08704967850496934,300,1,effect_l2,10000,10000,0.005569418923276366,0.0010581895954225097
pythia_70m_deduped,collateral_ctilde_nodense,effect_only,enc_dec_cos,0.15285136333770022,0.008107702572942386,0.037576900346131294,0.26260080419543586,300,1,effect_l2,10000,10000,0.07296932315648147,0.014004213535082301
pythia_70m_deduped,collateral_ctilde_nodense,effect_only,frequency,0.36485537740708807,7.603801890298843e-11,0.2545334653036094,0.4678721250614574,300,1,effect_l2,10000,10000,1.3686843402537918e-09,4.815741197189267e-10
pythia_70m_deduped,collateral_ctilde_nodense,effect_only,bin_entropy,0.36485537740708807,7.603801890298843e-11,0.2545334653036094,0.4678721250614574,300,1,effect_l2,10000,10000,1.3686843402537918e-09,4.815741197189267e-10
pythia_70m_deduped,collateral_ctilde_nodense,effect_only,act_entropy,0.3570854405404606,2.0226572096841589e-10,0.24482729964065006,0.4610888922249157,300,1,effect_l2,10000,10000,3.236251535494654e-09,9.607621745999754e-10
pythia_70m_deduped,collateral_ctilde_nodense,effect_only,act_kurtosis,-0.31295354321946245,3.233701368553193e-08,-0.424815426052624,-0.19908281852799364,300,1,effect_l2,10000,10000,4.52718191597447e-07,1.0240054333751778e-07
pythia_70m_deduped,collateral_ctilde_nodense,effect_only,act_mag,0.25772736650344,6.351177632230562e-06,0.14104952486199018,0.36762998484355597,300,1,effect_l2,10000,10000,8.256530921899731e-05,1.7238910716054382e-05
pythia_70m_deduped,collateral_ctilde_nodense,effect_only,act_mean_firing,-0.11810702474507954,0.041265211203779975,-0.22653266586591858,-0.007340460492071598,300,1,effect_l2,10000,10000,0.28885647842645984,0.06031069329783227
pythia_70m_deduped,collateral_ctilde_nodense,effect_only,act_std,0.12604756340018686,0.029321636734424443,0.00963775708487717,0.23855611220831907,300,1,effect_l2,10000,10000,0.23457309387539554,0.04642592482950537
pythia_70m_deduped,collateral_ctilde_nodense,effect_only,act_max,0.018617147086090663,0.7485135840745107,-0.09368999349898316,0.13218733613253283,300,1,effect_l2,10000,10000,0.7485135840745107,0.7485135840745107
pythia_70m_deduped,collateral_ctilde_nodense,effect_only,coact_entropy,0.32023641111674256,1.4782695010406792e-08,0.2077121188802749,0.4273851097698332,300,1,effect_l2,10000,10000,2.2174042515610188e-07,5.61742410395458e-08
pythia_70m_deduped,collateral_ctilde_nodense,effect_only,coact_count,0.24491326094485583,1.8471608255286714e-05,0.14085586029866357,0.34175355179078787,300,1,effect_l2,10000,10000,0.00022165929906344057,4.387006960630595e-05
pythia_70m_deduped,collateral_ctilde_nodense,effect_only,logit_l2,0.4036119989153151,3.839672293556558e-13,0.3035009180624575,0.4983879342629855,300,1,effect_l2,10000,10000,7.29537735775746e-12,7.29537735775746e-12
pythia_70m_deduped,collateral_ctilde_nodense,effect_only,logit_linf,0.2135115131412646,0.00019963750244775364,0.10240406153019317,0.3210122626904916,300,1,effect_l2,10000,10000,0.00219601252692529,0.0004214569496119243
pythia_70m_deduped,collateral_ctilde_nodense,effect_only,logit_entropy,-0.09232331204237652,0.1111295329861145,-0.20577324719051776,0.020168257311938987,300,1,effect_l2,10000,10000,0.5816546433432944,0.14076407511574504
pythia_70m_deduped,collateral_ctilde_nodense,effect_only,logit_top10_mass,0.08932805384296556,0.12325859262020114,-0.02458630226656778,0.20336616337695299,300,1,effect_l2,10000,10000,0.5816546433432944,0.14636957873648884
pythia_70m_deduped,resid_delta_norm,none,crowding,0.1443176035289281,0.012337814894314776,0.025539951001979835,0.257378229137989,300,0,,10000,10000,0.13571596383746254,0.02604649811022008
pythia_70m_deduped,resid_delta_norm,none,crowd_max,0.13869114279864195,0.016225610447603112,0.024441394953576532,0.2515339760858086,300,0,,10000,10000,0.14603049402842802,0.028026054409496282
pythia_70m_deduped,resid_delta_norm,none,dec_norm,0.010980648373093342,0.8497776506945081,-0.10572434625405043,0.1286044851883093,300,0,,10000,10000,1.0,0.9001876512526499
pythia_70m_deduped,resid_delta_norm,none,enc_norm,0.2521152457249525,9.863648314933312e-06,0.1397719950824691,0.3606859475373442,300,0,,10000,10000,0.00018740931798373294,9.53098906621679e-05
pythia_70m_deduped,resid_delta_norm,none,enc_dec_cos,-0.24702363359592885,1.5048930104552825e-05,-0.3516183508630564,-0.13689251635497965,300,0,,10000,10000,0.00025583181177739805,9.53098906621679e-05
pythia_70m_deduped,resid_delta_norm,none,frequency,-0.18844169751547932,0.0010391321350914074,-0.30247901509745745,-0.07076197371850923,300,0,,10000,10000,0.016626114161462518,0.003948702113347348
pythia_70m_deduped,resid_delta_norm,none,bin_entropy,-0.18844169751547932,0.0010391321350914074,-0.30247901509745745,-0.07076197371850923,300,0,,10000,10000,0.016626114161462518,0.003948702113347348
pythia_70m_deduped,resid_delta_norm,none,act_entropy,-0.17113612373470818,0.0029417618511465623,-0.28516422706524563,-0.05313109431559982,300,0,,10000,10000,0.04118466591605187,0.008731012991801772
pythia_70m_deduped,resid_delta_norm,none,act_kurtosis,0.09014455716174624,0.11923208161153985,-0.025822177292976974,0.20596173713495805,300,0,,10000,10000,0.8346245712807789,0.17426227312455825
pythia_70m_deduped,resid_delta_norm,none,act_mag,-0.07083634262602918,0.22120253854875288,-0.1871956625088901,0.04844359926866144,300,0,,10000,10000,1.0,0.2801898821617536
pythia_70m_deduped,resid_delta_norm,none,act_mean_firing,0.14165179613106813,0.014063664810537455,0.029122859255708313,0.24807939602764492,300,0,,10000,10000,0.14063664810537455,0.026720963140021165
pythia_70m_deduped,resid_delta_norm,none,act_std,-0.007734308158979552,0.8938731756033633,-0.1225884480809822,0.10980688034207318,300,0,,10000,10000,1.0,0.9001876512526499
pythia_70m_deduped,resid_delta_norm,none,act_max,0.007271636351515037,0.9001876512526499,-0.10624580399219663,0.12181851266458507,300,0,,10000,10000,1.0,0.9001876512526499
pythia_70m_deduped,resid_delta_norm,none,coact_entropy,-0.2478174201935577,1.4098083053910359e-05,-0.35696015224530514,-0.13622843320317005,300,0,,10000,10000,0.00025376549497038644,9.53098906621679e-05
pythia_70m_deduped,resid_delta_norm,none,coact_count,-0.1362009119901398,0.018263631962628726,-0.24505639060227355,-0.025815300413243106,300,0,,10000,10000,0.1461090557010298,0.02891741727416215
pythia_70m_deduped,resid_delta_norm,none,logit_l2,0.08718407982310918,0.13190329733599238,-0.033774902721674875,0.2018842960466489,300,0,,10000,10000,0.8346245712807789,0.1790116178131325
pythia_70m_deduped,resid_delta_norm,none,logit_linf,-0.1524941388237647,0.008151225378210546,-0.2658905497121031,-0.04090934211311151,300,0,,10000,10000,0.09781470453852656,0.019359160273250048
pythia_70m_deduped,resid_delta_norm,none,logit_entropy,0.05863221353928564,0.3114562103594855,-0.053760628247994026,0.16913748574809265,300,0,,10000,10000,1.0,0.369854249801889
pythia_70m_deduped,resid_delta_norm,none,logit_top10_mass,-0.1695752175024167,0.0032166889969796,-0.28013937805683364,-0.05661639341631103,300,0,,10000,10000,0.0418169569607348,0.008731012991801772
pythia_70m_deduped,resid_delta_norm,primary,crowding,0.25206156140995634,1.0984301509506493e-05,0.1359187648490388,0.3635941768887301,300,3,"effect_l2,act_max,frequency",10000,10000,0.00016476452264259738,6.224437522053679e-05
pythia_70m_deduped,resid_delta_norm,primary,crowd_max,0.21291689282220636,0.0002187284406138526,0.09712619463990499,0.3274196797274281,300,3,"effect_l2,act_max,frequency",10000,10000,0.0028434697279800837,0.0007436766980870988
pythia_70m_deduped,resid_delta_norm,primary,dec_norm,0.08641560041545368,0.1373426073721764,-0.03502368686338688,0.20028479468807778,300,3,"effect_l2,act_max,frequency",10000,10000,0.8240556442330584,0.19456869377724992
pythia_70m_deduped,resid_delta_norm,primary,enc_norm,0.27776079923786434,1.158088582945194e-06,0.16927605051524644,0.3831584124353699,300,3,"effect_l2,act_max,frequency",10000,10000,1.9687505910068297e-05,1.7698753919933402e-05
pythia_70m_deduped,resid_delta_norm,primary,enc_dec_cos,-0.27131118120230047,2.0822063435215766e-06,-0.3764104500389101,-0.16246861842157903,300,3,"effect_l2,act_max,frequency",10000,10000,3.3315301496345226e-05,1.7698753919933402e-05
pythia_70m_deduped,resid_delta_norm,primary,bin_entropy,,,,,300,3,"effect_l2,act_max,frequency",10000,0,,
pythia_70m_deduped,resid_delta_norm,primary,act_entropy,0.12857872724896152,0.026708866096675693,0.0018414399496554888,0.24536972769296653,300,3,"effect_l2,act_max,frequency",10000,10000,0.24037979487008124,0.04979884066309346
pythia_70m_deduped,resid_delta_norm,primary,act_kurtosis,-0.12649328204590704,0.02929343568417262,-0.24457243725969374,-0.001149549736902754,300,3,"effect_l2,act_max,frequency",10000,10000,0.24037979487008124,0.04979884066309346
pythia_70m_deduped,resid_delta_norm,primary,act_mag,0.1971419848304278,0.0006337384528947938,0.08450015391402355,0.30111652847035336,300,3,"effect_l2,act_max,frequency",10000,10000,0.0076048614347375264,0.001795592283201916
pythia_70m_deduped,resid_delta_norm,primary,act_mean_firing,0.1542284202699555,0.007752437300461145,0.029215837069864005,0.27463468809427727,300,3,"effect_l2,act_max,frequency",10000,10000,0.07752437300461144,0.016473929263479934
pythia_70m_deduped,resid_delta_norm,primary,act_std,0.16410847421950975,0.004575161124950535,0.046830291145369345,0.2723056495173806,300,3,"effect_l2,act_max,frequency",10000,10000,0.05032677237445588,0.011111105589165584
pythia_70m_deduped,resid_delta_norm,primary,coact_entropy,-0.22369084224718225,0.00010101385211372205,-0.32346937941508386,-0.11602282224119137,300,3,"effect_l2,act_max,frequency",10000,10000,0.0014141939295921086,0.0004293088714833187
pythia_70m_deduped,resid_delta_norm,primary,coact_count,-0.06651259212176328,0.2531675912438913,-0.18014480379553105,0.04867245548926649,300,3,"effect_l2,act_max,frequency",10000,10000,1.0,0.3093556983350981
pythia_70m_deduped,resid_delta_norm,primary,logit_l2,-0.044002782125152594,0.44994998763470884,-0.16189188439812574,0.08005213296229774,300,3,"effect_l2,act_max,frequency",10000,10000,1.0,0.5099433193193367
pythia_70m_deduped,resid_delta_norm,primary,logit_linf,-0.06628991452032189,0.2547635162759631,-0.17827318778949702,0.0453804232926558,300,3,"effect_l2,act_max,frequency",10000,10000,1.0,0.3093556983350981
pythia_70m_deduped,resid_delta_norm,primary,logit_entropy,-0.11284997176280717,0.0520366471066247,-0.2246450157313997,0.0005506376149924276,300,3,"effect_l2,act_max,frequency",10000,10000,0.3642565297463729,0.08042027280114726
pythia_70m_deduped,resid_delta_norm,primary,logit_top10_mass,0.02677390310973133,0.6458394413774063,-0.08671921791311547,0.1347915177834605,300,3,"effect_l2,act_max,frequency",10000,10000,1.0,0.6862044064634942
pythia_70m_deduped,resid_delta_norm,robust,crowding,0.15310434391890634,0.00810870136344045,0.03760428142461016,0.2690384429051548,300,2,"frequency,act_max",10000,10000,0.09292295143699487,0.01587349263634339
pythia_70m_deduped,resid_delta_norm,robust,crowd_max,0.1253489222106876,0.03051787796209212,0.010195368682563316,0.24021783983409786,300,2,"frequency,act_max",10000,10000,0.1831072677725527,0.04323366044629717
pythia_70m_deduped,resid_delta_norm,robust,dec_norm,0.0441608857343856,0.4475524460990992,-0.07168661997583975,0.1564164822764567,300,2,"frequency,act_max",10000,10000,1.0,0.5072261055789791
pythia_70m_deduped,resid_delta_norm,robust,enc_norm,0.18843402255745761,0.0010810641870661031,0.06956106163527481,0.2990045086941617,300,2,"frequency,act_max",10000,10000,0.015134898618925443,0.004594522795030938
pythia_70m_deduped,resid_delta_norm,robust,enc_dec_cos,-0.20059356167620548,0.0004945278701466041,-0.312069025776325,-0.08735203852718602,300,2,"frequency,act_max",10000,10000,0.007417918052199062,0.002802324597497423
pythia_70m_deduped,resid_delta_norm,robust,bin_entropy,,,,,300,2,"frequency,act_max",10000,0,,
pythia_70m_deduped,resid_delta_norm,robust,act_entropy,0.11161060375758418,0.05427721130621833,-0.011373055444031253,0.21695666130648317,300,2,"frequency,act_max",10000,10000,0.27138605653109166,0.07097789170813165
pythia_70m_deduped,resid_delta_norm,robust,act_kurtosis,-0.15310206531144596,0.00810965766071284,-0.2595956708854436,-0.03954449834042749,300,2,"frequency,act_max",10000,10000,0.09292295143699487,0.01587349263634339
pythia_70m_deduped,resid_delta_norm,robust,act_mag,0.1539923439924174,0.007743579286416239,0.03903333917612934,0.2644433151621311,300,2,"frequency,act_max",10000,10000,0.09292295143699487,0.01587349263634339
pythia_70m_deduped,resid_delta_norm,robust,act_mean_firing,0.20749467933512725,0.0003107317752676763,0.09196885233200205,0.31349976496220544,300,2,"frequency,act_max",10000,10000,0.004971708404282821,0.0026412200897752485
pythia_70m_deduped,resid_delta_norm,robust,act_std,0.161195716993373,0.0052832227318962794,0.04160766804501372,0.27232802234760495,300,2,"frequency,act_max",10000,10000,0.06868189551465163,0.01587349263634339
pythia_70m_deduped,resid_delta_norm,robust,coact_entropy,-0.21146912279010371,0.00023613332725553801,-0.31648633252871106,-0.08945501515588933,300,2,"frequency,act_max",10000,10000,0.004014266563344146,0.0026412200897752485
pythia_70m_deduped,resid_delta_norm,robust,coact_count,-0.0990032878396482,0.08799453620125142,-0.20865852764532597,0.012679065054901446,300,2,"frequency,act_max",10000,10000,0.35197814480500567,0.10685050824437672
pythia_70m_deduped,resid_delta_norm,robust,logit_l2,0.13631951430121822,0.018555115853518607,0.015609577777290391,0.25549216259682445,300,2,"frequency,act_max",10000,10000,0.14844092682814886,0.03154369695098163
pythia_70m_deduped,resid_delta_norm,robust,logit_linf,-0.13251656192497188,0.022133085932517945,-0.24799077816989812,-0.013731548993156316,300,2,"frequency,act_max",10000,10000,0.1549316015276256,0.034205678259345916
pythia_70m_deduped,resid_delta_norm,robust,logit_entropy,0.023945010606276584,0.6805763466435681,-0.09739194793587792,0.1393336806052404,300,2,"frequency,act_max",10000,10000,1.0,0.7231123683087911
pythia_70m_deduped,resid_delta_norm,robust,logit_top10_mass,-0.15241273164922087,0.008403613748652382,-0.2651370012042656,-0.0347486634216069,300,2,"frequency,act_max",10000,10000,0.09292295143699487,0.01587349263634339
pythia_70m_deduped,resid_delta_norm,effect_only,crowding,0.2559869637770377,7.366913638241457e-06,0.13891597106822595,0.368808543134147,300,1,effect_l2,10000,10000,0.00012523753185010478,4.6657119708862564e-05
pythia_70m_deduped,resid_delta_norm,effect_only,crowd_max,0.23839315538752942,3.11157607178308e-05,0.11993556504041587,0.34862689108755296,300,1,effect_l2,10000,10000,0.0004978521714852928,0.0001477998634096963
pythia_70m_deduped,resid_delta_norm,effect_only,dec_norm,0.05960703864179703,0.3042799367934884,-0.060711848763030186,0.18011713400589452,300,1,effect_l2,10000,10000,1.0,0.34007757641625175
pythia_70m_deduped,resid_delta_norm,effect_only,enc_norm,0.30636226493298724,6.45018568598559e-08,0.19429818738877747,0.4127719888469939,300,1,effect_l2,10000,10000,1.1610334234774062e-06,6.12767640168631e-07
pythia_70m_deduped,resid_delta_norm,effect_only,enc_dec_cos,-0.31230471877712995,3.4637383784903856e-08,-0.41433863616841043,-0.2037170329472748,300,1,effect_l2,10000,10000,6.581102919131733e-07,6.12767640168631e-07
pythia_70m_deduped,resid_delta_norm,effect_only,frequency,-0.1242162837695718,0.03177528004837469,-0.23425433585215305,-0.013003570630799252,300,1,effect_l2,10000,10000,0.41307864062887095,0.07546629011488988
pythia_70m_deduped,resid_delta_norm,effect_only,bin_entropy,-0.1242162837695718,0.03177528004837469,-0.23425433585215305,-0.013003570630799252,300,1,effect_l2,10000,10000,0.41307864062887095,0.07546629011488988
pythia_70m_deduped,resid_delta_norm,effect_only,act_entropy,-0.112068393717713,0.05288864764614191,-0.22125219860697856,-0.001050530399000769,300,1,effect_l2,10000,10000,0.5288864764614191,0.10048843052766962
pythia_70m_deduped,resid_delta_norm,effect_only,act_kurtosis,0.06764464373926808,0.2435651410402691,-0.0436090659741568,0.17879982400553798,300,1,effect_l2,10000,10000,1.0,0.2892336049853196
pythia_70m_deduped,resid_delta_norm,effect_only,act_mag,0.029114863733452942,0.6160610573495463,-0.07812293605096889,0.13244732414838875,300,1,effect_l2,10000,10000,1.0,0.6502866716467434
pythia_70m_deduped,resid_delta_norm,effect_only,act_mean_firing,0.17075837827771767,0.003055427676073167,0.05903971236264084,0.280128667475568,300,1,effect_l2,10000,10000,0.04277598746502434,0.009675520974231695
pythia_70m_deduped,resid_delta_norm,effect_only,act_std,0.07744365141834117,0.18170513570885014,-0.03157169610272504,0.17988060610026035,300,1,effect_l2,10000,10000,1.0,0.2655690444975502
pythia_70m_deduped,resid_delta_norm,effect_only,act_max,0.08255559729880386,0.1544545528887038,-0.024986443076593864,0.18734461211256043,300,1,effect_l2,10000,10000,1.0,0.244553042073781
pythia_70m_deduped,resid_delta_norm,effect_only,coact_entropy,-0.20119067447719383,0.0004649135963358933,-0.308669575893111,-0.08919479722020202,300,1,effect_l2,10000,10000,0.0069737039450383995,0.0017666716660763946
pythia_70m_deduped,resid_delta_norm,effect_only,coact_count,-0.11448833335319616,0.047939508801202214,-0.22962266605941153,-0.0005753224510700401,300,1,effect_l2,10000,10000,0.5273345968132244,0.10048843052766962
pythia_70m_deduped,resid_delta_norm,effect_only,logit_l2,-0.07290030037716731,0.20876919782357967,-0.19292307404474787,0.04657374650071076,300,1,effect_l2,10000,10000,1.0,0.26762397185206804
pythia_70m_deduped,resid_delta_norm,effect_only,logit_linf,-0.07250064178302179,0.21128208304110635,-0.18696794472862086,0.039168084385339474,300,1,effect_l2,10000,10000,1.0,0.26762397185206804
pythia_70m_deduped,resid_delta_norm,effect_only,logit_entropy,-0.0938723376783151,0.10523561807028954,-0.20463004292306258,0.022166703660805403,300,1,effect_l2,10000,10000,0.9471205626326059,0.1817706130305001
pythia_70m_deduped,resid_delta_norm,effect_only,logit_top10_mass,0.02198971405696886,0.7049174787829561,-0.09441132374307327,0.13179407375989888,300,1,effect_l2,10000,10000,1.0,0.7049174787829561
pythia_70m_deduped,resid_error_delta_norm,none,crowding,0.07328881432015912,0.20558360408110507,-0.050078739923778655,0.19883632254890599,300,0,,10000,10000,0.6167508122433152,0.22976991044358802
pythia_70m_deduped,resid_error_delta_norm,none,crowd_max,0.148171029068452,0.010173250937830653,0.0337299420171895,0.26102087441149596,300,0,,10000,10000,0.08138600750264523,0.016107647318231867
pythia_70m_deduped,resid_error_delta_norm,none,dec_norm,-0.11640034508571376,0.04395188660378065,-0.23619527749275976,0.006811648700846878,300,0,,10000,10000,0.1758075464151226,0.052192865341989525
pythia_70m_deduped,resid_error_delta_norm,none,enc_norm,0.4356061734019267,2.5317146460680465e-15,0.33142438049397005,0.5304057875024751,300,0,,10000,10000,4.557086362922484e-14,2.405128913764644e-14
pythia_70m_deduped,resid_error_delta_norm,none,enc_dec_cos,-0.3413189035433727,1.2759219356783972e-09,-0.44102924444517605,-0.2338196421037732,300,0,,10000,10000,1.786290709949756e-08,4.040419462981591e-09
pythia_70m_deduped,resid_error_delta_norm,none,frequency,-0.38460544391566004,5.163575871000849e-12,-0.48149419398931925,-0.2794860440561543,300,0,,10000,10000,8.778078980701444e-11,2.4526985387254035e-11
pythia_70m_deduped,resid_error_delta_norm,none,bin_entropy,-0.38460544391566004,5.163575871000849e-12,-0.48149419398931925,-0.2794860440561543,300,0,,10000,10000,8.778078980701444e-11,2.4526985387254035e-11
pythia_70m_deduped,resid_error_delta_norm,none,act_entropy,-0.3678329759219547,4.8181563347607175e-11,-0.46613601264424964,-0.26181819256093886,300,0,,10000,10000,7.227234502141077e-10,1.8308994072090727e-10
pythia_70m_deduped,resid_error_delta_norm,none,act_kurtosis,0.266195846620518,2.924683420206133e-06,0.15365715102101565,0.37451115092469894,300,0,,10000,10000,3.802088446267972e-05,7.938426426273789e-06
pythia_70m_deduped,resid_error_delta_norm,none,act_mag,-0.17129523661374016,0.002914970533881362,-0.28396192176177015,-0.05326809755506319,300,0,,10000,10000,0.02623473480493226,0.005034949103976899
pythia_70m_deduped,resid_error_delta_norm,none,act_mean_firing,0.22790964344048273,6.788429212627533e-05,0.11349931003312626,0.3387417767982848,300,0,,10000,10000,0.000814611505515304,0.00016122519379990392
pythia_70m_deduped,resid_error_delta_norm,none,act_std,-0.02548339425993623,0.6602166277486265,-0.14270675583864084,0.09261114807639052,300,0,,10000,10000,0.7687239870862373,0.6602166277486265
pythia_70m_deduped,resid_error_delta_norm,none,act_max,0.050401448904987836,0.3843619935431187,-0.0673527379626117,0.16607179493075386,300,0,,10000,10000,0.7687239870862373,0.4057154376288475
pythia_70m_deduped,resid_error_delta_norm,none,coact_entropy,-0.4667962977366415,1.2203131664827576e-17,-0.5524744330575364,-0.37311962355658845,300,0,,10000,10000,2.3185950163172395e-16,2.3185950163172395e-16
pythia_70m_deduped,resid_error_delta_norm,none,coact_count,-0.18266063740216823,0.001486325101922936,-0.28899923045988707,-0.07280690409813823,300,0,,10000,10000,0.014863251019229359,0.002824017693653578
pythia_70m_deduped,resid_error_delta_norm,none,logit_l2,0.13707885643173814,0.017521003776490008,0.019847240542193088,0.2534810589544387,300,0,,10000,10000,0.09368620467573174,0.022193271450220674
pythia_70m_deduped,resid_error_delta_norm,none,logit_linf,-0.1442762697363304,0.012363081029807694,-0.2589754805986343,-0.02758885960286533,300,0,,10000,10000,0.08654156720865386,0.018069118428180476
pythia_70m_deduped,resid_error_delta_norm,none,logit_entropy,0.1394913431806299,0.01561436744595529,0.02972647718456494,0.24622891851963297,300,0,,10000,10000,0.09368620467573174,0.02119092724808218
pythia_70m_deduped,resid_error_delta_norm,none,logit_top10_mass,-0.22347937199302215,9.457421852292125e-05,-0.3342813276602358,-0.10910047201327577,300,0,,10000,10000,0.0010403164037521338,0.00019965668354838932
pythia_70m_deduped,resid_error_delta_norm,primary,crowding,0.16397513266160846,0.004608725910400037,0.02136913767711491,0.30701094010106367,300,3,"effect_l2,act_max,frequency",10000,10000,0.04172288158333533,0.00870537116408896
pythia_70m_deduped,resid_error_delta_norm,primary,crowd_max,0.19855957973112903,0.0005778225039050054,0.06967182141572434,0.32588508117178283,300,3,"effect_l2,act_max,frequency",10000,10000,0.007511692550765069,0.001964596513277018
pythia_70m_deduped,resid_error_delta_norm,primary,dec_norm,-0.05306617913234341,0.36213113408491865,-0.16171791925662168,0.053942011228514115,300,3,"effect_l2,act_max,frequency",10000,10000,1.0,0.4735560984187398
pythia_70m_deduped,resid_error_delta_norm,primary,enc_norm,0.39320100601230845,2.020853546289407e-12,0.28844204495736436,0.48583169853258756,300,3,"effect_l2,act_max,frequency",10000,10000,3.435451028691992e-11,3.435451028691992e-11
pythia_70m_deduped,resid_error_delta_norm,primary,enc_dec_cos,-0.31345517280901664,3.41097442926416e-08,-0.42226862454310443,-0.19829656177476562,300,3,"effect_l2,act_max,frequency",10000,10000,5.11646164389624e-07,1.9328855099163575e-07
pythia_70m_deduped,resid_error_delta_norm,primary,bin_entropy,,,,,300,3,"effect_l2,act_max,frequency",10000,0,,
pythia_70m_deduped,resid_error_delta_norm,primary,act_entropy,0.18766020294700567,0.0011566711792312082,0.05576069801463958,0.29872436828831916,300,3,"effect_l2,act_max,frequency",10000,10000,0.012866123695056764,0.002809058578132934
pythia_70m_deduped,resid_error_delta_norm,primary,act_kurtosis,-0.165781779971091,0.004172288158333533,-0.28350441480067584,-0.03787145326764984,300,3,"effect_l2,act_max,frequency",10000,10000,0.04172288158333533,0.00870537116408896
pythia_70m_deduped,resid_error_delta_norm,primary,act_mag,0.2302977761912738,6.172354540655962e-05,0.11044989466973865,0.3354659195215004,300,3,"effect_l2,act_max,frequency",10000,10000,0.0008641296356918346,0.00026232506797787836
pythia_70m_deduped,resid_error_delta_norm,primary,act_mean_firing,0.1412505009276623,0.014841302683394666,0.020554011854767296,0.25821032215103157,300,3,"effect_l2,act_max,frequency",10000,10000,0.11873042146715733,0.02523021456177093
pythia_70m_deduped,resid_error_delta_norm,primary,act_std,0.18888033069889607,0.0010721769745880637,0.06564922262487784,0.3012645538089493,300,3,"effect_l2,act_max,frequency",10000,10000,0.012866123695056764,0.002809058578132934
pythia_70m_deduped,resid_error_delta_norm,primary,coact_entropy,-0.37216007187750155,3.4449920823654717e-11,-0.4758204172277916,-0.2459720030118393,300,3,"effect_l2,act_max,frequency",10000,10000,5.511987331784755e-10,2.928243270010651e-10
pythia_70m_deduped,resid_error_delta_norm,primary,coact_count,-0.05673517515069093,0.3298489034607959,-0.16863458090553482,0.05188378595452465,300,3,"effect_l2,act_max,frequency",10000,10000,1.0,0.4672859465694608
pythia_70m_deduped,resid_error_delta_norm,primary,logit_l2,0.11649536783285597,0.0448547783440082,-0.009064672510452107,0.23781664726527482,300,3,"effect_l2,act_max,frequency",10000,10000,0.3139834484080574,0.06932102107710358
pythia_70m_deduped,resid_error_delta_norm,primary,logit_linf,-0.02796338168815627,0.631245965976746,-0.1488677609932192,0.08785788420632767,300,3,"effect_l2,act_max,frequency",10000,10000,1.0,0.6706988388502926
pythia_70m_deduped,resid_error_delta_norm,primary,logit_entropy,-0.04550063356151975,0.43466032174411806,-0.1581949821949041,0.07175699276164817,300,3,"effect_l2,act_max,frequency",10000,10000,1.0,0.5278018192607148
pythia_70m_deduped,resid_error_delta_norm,primary,logit_top10_mass,-0.03383153154959698,0.5614091673814442,-0.1518302107933177,0.07689110892776072,300,3,"effect_l2,act_max,frequency",10000,10000,1.0,0.6362637230323035
pythia_70m_deduped,resid_error_delta_norm,robust,crowding,0.08325591953243744,0.1516664980991204,-0.03866668920249827,0.20653912934327034,300,2,"frequency,act_max",10000,10000,0.6066659923964816,0.18416646197750333
pythia_70m_deduped,resid_error_delta_norm,robust,crowd_max,0.10731197434167639,0.06430604441055925,-0.009798270896682991,0.22339654791959065,300,2,"frequency,act_max",10000,10000,0.4343971418277279,0.0911002295816256
pythia_70m_deduped,resid_error_delta_norm,robust,dec_norm,-0.055102748338214935,0.34315817882469524,-0.17183246568806113,0.06100646404586199,300,2,"frequency,act_max",10000,10000,0.6863163576493905,0.3646055650012387
pythia_70m_deduped,resid_error_delta_norm,robust,enc_norm,0.2580347649482627,6.413022814471963e-06,0.13283935263141147,0.3737824239054964,300,2,"frequency,act_max",10000,10000,0.0001026083650315514,5.451069392301168e-05
pythia_70m_deduped,resid_error_delta_norm,robust,enc_dec_cos,-0.22092145621317458,0.00012041217124086234,-0.3310212397625781,-0.1023083785514581,300,2,"frequency,act_max",10000,10000,0.0016857703973720728,0.000511751727773665
pythia_70m_deduped,resid_error_delta_norm,robust,bin_entropy,,,,,300,2,"frequency,act_max",10000,0,,
pythia_70m_deduped,resid_error_delta_norm,robust,act_entropy,0.14881670776776645,0.01009616829399789,0.021838177732550108,0.2546272636735254,300,2,"frequency,act_max",10000,10000,0.08076934635198312,0.017163486099796413
pythia_70m_deduped,resid_error_delta_norm,robust,act_kurtosis,-0.1787243881696614,0.0019531205150717776,-0.29070499028847385,-0.0553888743186402,300,2,"frequency,act_max",10000,10000,0.021484325665789554,0.004743292679460031
pythia_70m_deduped,resid_error_delta_norm,robust,act_mag,0.17087919442628202,0.00308408782433581,0.0442143720195882,0.28460259470963606,300,2,"frequency,act_max",10000,10000,0.02775679041902229,0.0058254992237454185
pythia_70m_deduped,resid_error_delta_norm,robust,act_mean_firing,0.1982264379891457,0.0005779583671598276,0.08102045147810834,0.30876149588973856,300,2,"frequency,act_max",10000,10000,0.00693550040591793,0.0016375487069528445
pythia_70m_deduped,resid_error_delta_norm,robust,act_std,0.1748268421699209,0.0024564584596966925,0.047612363576264756,0.2892922103698941,300,2,"frequency,act_max",10000,10000,0.024564584596966924,0.0052199742268554715
pythia_70m_deduped,resid_error_delta_norm,robust,coact_entropy,-0.30811086390767733,5.66349724200926e-08,-0.41872290069802875,-0.17003960384940567,300,2,"frequency,act_max",10000,10000,9.627945311415742e-07,9.627945311415742e-07
pythia_70m_deduped,resid_error_delta_norm,robust,coact_count,-0.09252757019792804,0.11094012294653272,-0.19957706316930013,0.01301576545666295,300,2,"frequency,act_max",10000,10000,0.5547006147326636,0.1450755453916197
pythia_70m_deduped,resid_error_delta_norm,robust,logit_l2,0.2522728202276665,1.042792514746685e-05,0.1376992712131916,0.3614862650644428,300,2,"frequency,act_max",10000,10000,0.00015641887721200274,5.9091575835645484e-05
pythia_70m_deduped,resid_error_delta_norm,robust,logit_linf,-0.10822528012300821,0.06205673454681827,-0.22164384724693023,0.006898866183805969,300,2,"frequency,act_max",10000,10000,0.4343971418277279,0.0911002295816256
pythia_70m_deduped,resid_error_delta_norm,robust,logit_entropy,0.07805419353274234,0.1790090559650811,-0.037972449500303374,0.19397916937444387,300,2,"frequency,act_max",10000,10000,0.6066659923964816,0.2028769300937586
pythia_70m_deduped,resid_error_delta_norm,robust,logit_top10_mass,-0.20144436436089583,0.00046737693702192894,-0.31421954968453986,-0.08463357507055434,300,2,"frequency,act_max",10000,10000,0.006075900181285076,0.0015890815858745585
pythia_70m_deduped,resid_error_delta_norm,effect_only,crowding,0.15868065284409263,0.005963249621535646,0.0272354284674608,0.2878456874365958,300,1,effect_l2,10000,10000,0.053669246593820816,0.010300158437197934
pythia_70m_deduped,resid_error_delta_norm,effect_only,crowd_max,0.25484936501333066,8.112435245095881e-06,0.13454060440406454,0.368089768232089,300,1,effect_l2,10000,10000,8.923678769605469e-05,1.7126252184091306e-05
pythia_70m_deduped,resid_error_delta_norm,effect_only,dec_norm,-0.1196527468819032,0.03866285711634685,-0.22488312600499333,-0.011015967473669697,300,1,effect_l2,10000,10000,0.27063999981442793,0.056507252708506935
pythia_70m_deduped,resid_error_delta_norm,effect_only,enc_norm,0.5689916419524197,4.7631705647104634e-27,0.49333756420490804,0.6327947215430756,300,1,effect_l2,10000,10000,9.05002407294988e-26,9.05002407294988e-26
pythia_70m_deduped,resid_error_delta_norm,effect_only,enc_dec_cos,-0.44874367456237996,3.205300805891016e-16,-0.5343381474901414,-0.35094914602587923,300,1,effect_l2,10000,10000,5.449011370014727e-15,2.0300238437309767e-15
pythia_70m_deduped,resid_error_delta_norm,effect_only,frequency,-0.40439363397975786,3.426174612843437e-13,-0.4919845680575402,-0.3096909555112706,300,1,effect_l2,10000,10000,5.481879380549499e-12,1.301946352880506e-12
pythia_70m_deduped,resid_error_delta_norm,effect_only,bin_entropy,-0.40439363397975786,3.426174612843437e-13,-0.4919845680575402,-0.3096909555112706,300,1,effect_l2,10000,10000,5.481879380549499e-12,1.301946352880506e-12
pythia_70m_deduped,resid_error_delta_norm,effect_only,act_entropy,-0.3925202858373724,1.873657828005925e-12,-0.48109743895767415,-0.29685579306836773,300,1,effect_l2,10000,10000,2.6231209592082948e-11,5.93324978868543e-12
pythia_70m_deduped,resid_error_delta_norm,effect_only,act_kurtosis,0.3172193568935374,2.0496862027079412e-08,0.21351532705106227,0.4104655914965079,300,1,effect_l2,10000,10000,2.6645920635203234e-07,5.5634339787786976e-08
pythia_70m_deduped,resid_error_delta_norm,effect_only,act_mag,-0.11249601629282374,0.05198441850146595,-0.22387008841822498,0.0022709702301958808,300,1,effect_l2,10000,10000,0.3119065110087957,0.0705502822519895
pythia_70m_deduped,resid_error_delta_norm,effect_only,act_mean_firing,0.29435177177946686,2.174186140384363e-07,0.18226447880509672,0.39598706898764174,300,1,effect_l2,10000,10000,2.6090233684612357e-06,5.163692083412861e-07
pythia_70m_deduped,resid_error_delta_norm,effect_only,act_std,0.05403311238109853,0.3518087363174379,-0.06755254682841391,0.17019168867072157,300,1,effect_l2,10000,10000,1.0,0.3946991338886506
pythia_70m_deduped,resid_error_delta_norm,effect_only,act_max,0.14541451375147002,0.011825340293667141,0.02808722928898636,0.25585033068428115,300,1,effect_l2,10000,10000,0.09460272234933713,0.018723455464972973
pythia_70m_deduped,resid_error_delta_norm,effect_only,coact_entropy,-0.5150680918441656,1.1672535525959502e-21,-0.5882804072361596,-0.43261241348226237,300,1,effect_l2,10000,10000,2.1010563946727104e-20,1.1088908749661526e-20
pythia_70m_deduped,resid_error_delta_norm,effect_only,coact_count,-0.18079168684762628,0.001695299990034992,-0.2885408258468737,-0.06817161004519863,300,1,effect_l2,10000,10000,0.01695299990034992,0.003221069981066485
pythia_70m_deduped,resid_error_delta_norm,effect_only,logit_l2,-0.003850457641587861,0.9471373923200049,-0.1293446511157172,0.11625553387652314,300,1,effect_l2,10000,10000,1.0,0.9471373923200049
pythia_70m_deduped,resid_error_delta_norm,effect_only,logit_linf,-0.05994813342277641,0.3015160895856359,-0.18160600563179513,0.05712570785621888,300,1,effect_l2,10000,10000,1.0,0.38192038014180546
pythia_70m_deduped,resid_error_delta_norm,effect_only,logit_entropy,0.019418428221953964,0.7380769137066829,-0.09093097323245072,0.135118061267862,300,1,effect_l2,10000,10000,1.0,0.7790811866903876
pythia_70m_deduped,resid_error_delta_norm,effect_only,logit_top10_mass,-0.05388281965781266,0.35315185663721366,-0.17215265519003953,0.057147531424980025,300,1,effect_l2,10000,10000,1.0,0.3946991338886506
pythia_70m_deduped,resid_change_explained_energy,none,crowding,0.1713494594384382,0.0029058912741446534,0.05896895110579025,0.2823680957210904,300,0,,10000,10000,0.05521193420874842,0.05521193420874842
pythia_70m_deduped,resid_change_explained_energy,none,crowd_max,0.10978258973408861,0.05752548213496221,-0.0035182179207807708,0.22283298693980919,300,0,,10000,10000,1.0,0.3857287144408623
pythia_70m_deduped,resid_change_explained_energy,none,dec_norm,0.098489168042265,0.08858614561916521,-0.01020571781217841,0.20685186133789749,300,0,,10000,10000,1.0,0.42078419169103476
pythia_70m_deduped,resid_change_explained_energy,none,enc_norm,-0.013115256836187071,0.8210269633850251,-0.1298927882240394,0.1026184832227861,300,0,,10000,10000,1.0,0.8326256908345459
pythia_70m_deduped,resid_change_explained_energy,none,enc_dec_cos,-0.09185257613973488,0.11236560130976388,-0.20141568689182676,0.0204750750951116,300,0,,10000,10000,1.0,0.42698928497710276
pythia_70m_deduped,resid_change_explained_energy,none,frequency,0.05649174868444955,0.32948091890754516,-0.06009918405332441,0.17512480478965628,300,0,,10000,10000,1.0,0.5840391951233979
pythia_70m_deduped,resid_change_explained_energy,none,bin_entropy,0.05649174868444955,0.32948091890754516,-0.06009918405332441,0.17512480478965628,300,0,,10000,10000,1.0,0.5840391951233979
pythia_70m_deduped,resid_change_explained_energy,none,act_entropy,0.06896254402826699,0.23369359844381696,-0.045353216950682236,0.18386610531366715,300,0,,10000,10000,1.0,0.5840391951233979
pythia_70m_deduped,resid_change_explained_energy,none,act_kurtosis,-0.08493383259813997,0.14221050287834133,-0.1968727760522939,0.028811601992935414,300,0,,10000,10000,1.0,0.45033325911474753
pythia_70m_deduped,resid_change_explained_energy,none,act_mag,0.03120879120879121,0.5902825199752664,-0.08383783677605296,0.147766652975266,300,0,,10000,10000,1.0,0.7476911919686707
pythia_70m_deduped,resid_change_explained_energy,none,act_mean_firing,-0.018018422426915853,0.7559446114939015,-0.1334204226063675,0.1013396565953507,300,0,,10000,10000,1.0,0.8326256908345459
pythia_70m_deduped,resid_change_explained_energy,none,act_std,-0.012252136134845949,0.8326256908345459,-0.1269967140822302,0.10573323655784461,300,0,,10000,10000,1.0,0.8326256908345459
pythia_70m_deduped,resid_change_explained_energy,none,act_max,-0.055491727685863176,0.33812795507144083,-0.17121859727489316,0.06265474863126054,300,0,,10000,10000,1.0,0.5840391951233979
pythia_70m_deduped,resid_change_explained_energy,none,coact_entropy,0.041843131590351,0.4702729492584432,-0.07085967955298007,0.1590669694988558,300,0,,10000,10000,1.0,0.6382275739936015
pythia_70m_deduped,resid_change_explained_energy,none,coact_count,-0.05647030221856628,0.329664854549942,-0.16523952253286397,0.056080767212613854,300,0,,10000,10000,1.0,0.5840391951233979
pythia_70m_deduped,resid_change_explained_energy,none,logit_l2,-0.015213946821631354,0.7929911827538283,-0.13675811144248487,0.1053012220708558,300,0,,10000,10000,1.0,0.8326256908345459
pythia_70m_deduped,resid_change_explained_energy,none,logit_linf,-0.10833987044300493,0.06090453385908352,-0.22184984357875917,0.007354003129341151,300,0,,10000,10000,1.0,0.3857287144408623
pythia_70m_deduped,resid_change_explained_energy,none,logit_entropy,-0.04697097156312561,0.41758837637901935,-0.15863747771890802,0.06619848590763851,300,0,,10000,10000,1.0,0.6382275739936015
pythia_70m_deduped,resid_change_explained_energy,none,logit_top10_mass,-0.042292914365715174,0.4655104415741218,-0.15453612847925047,0.07040273534383183,300,0,,10000,10000,1.0,0.6382275739936015
pythia_70m_deduped,resid_change_explained_energy,primary,crowding,0.20838986202713258,0.00029923796245359647,0.09472057541802106,0.3157900939969575,300,3,"effect_l2,act_max,frequency",10000,10000,0.00508704536171114,0.00508704536171114
pythia_70m_deduped,resid_change_explained_energy,primary,crowd_max,0.16263102240178037,0.004959663717478699,0.04865621896452246,0.27399303979721107,300,3,"effect_l2,act_max,frequency",10000,10000,0.07935461947965919,0.03474071027949756
pythia_70m_deduped,resid_change_explained_energy,primary,dec_norm,0.10251146990558098,0.07775718008340018,-0.012704423992838073,0.2111878773510737,300,3,"effect_l2,act_max,frequency",10000,10000,1.0,0.24420626481221197
pythia_70m_deduped,resid_change_explained_energy,primary,enc_norm,0.08490387295979054,0.14437983312485678,-0.02582814117398634,0.19077844678498562,300,3,"effect_l2,act_max,frequency",10000,10000,1.0,0.30680714539032067
pythia_70m_deduped,resid_change_explained_energy,primary,enc_dec_cos,-0.1586921748951758,0.006130713578734863,-0.266801469565714,-0.04734299313626033,300,3,"effect_l2,act_max,frequency",10000,10000,0.09196070368102295,0.03474071027949756
pythia_70m_deduped,resid_change_explained_energy,primary,bin_entropy,,,,,300,3,"effect_l2,act_max,frequency",10000,0,,
pythia_70m_deduped,resid_change_explained_energy,primary,act_entropy,0.029912335804912343,0.607642909621441,-0.08777667775946321,0.14455802206446353,300,3,"effect_l2,act_max,frequency",10000,10000,1.0,0.6886619642376332
pythia_70m_deduped,resid_change_explained_energy,primary,act_kurtosis,-0.01064505034132845,0.8550451529819648,-0.12777080428796295,0.10229103864636216,300,3,"effect_l2,act_max,frequency",10000,10000,1.0,0.9084854750433377
pythia_70m_deduped,resid_change_explained_energy,primary,act_mag,0.08565765762504093,0.14083727757632378,-0.029244520891335977,0.19372775793700486,300,3,"effect_l2,act_max,frequency",10000,10000,1.0,0.30680714539032067
pythia_70m_deduped,resid_change_explained_energy,primary,act_mean_firing,0.08096778454530164,0.1639904197464005,-0.032912226125757435,0.19171164683323905,300,3,"effect_l2,act_max,frequency",10000,10000,1.0,0.3097596817432009
pythia_70m_deduped,resid_change_explained_energy,primary,act_std,0.06340771637105089,0.2760493082630997,-0.052967950355185964,0.1739591663831667,300,3,"effect_l2,act_max,frequency",10000,10000,1.0,0.3910698533727246
pythia_70m_deduped,resid_change_explained_energy,primary,coact_entropy,-0.04467652497649356,0.4430353779238417,-0.14902433926871736,0.05864921372015052,300,3,"effect_l2,act_max,frequency",10000,10000,1.0,0.5659682690281626
pythia_70m_deduped,resid_change_explained_energy,primary,coact_count,-0.07233053743664482,0.21390690576046512,-0.18807097866747452,0.04584508029613856,300,3,"effect_l2,act_max,frequency",10000,10000,1.0,0.3305833998116279
pythia_70m_deduped,resid_change_explained_energy,primary,logit_l2,-0.12047420305910428,0.03798439705097365,-0.23739931537953524,0.006528653099008119,300,3,"effect_l2,act_max,frequency",10000,10000,0.5317815587136311,0.16143368746663803
pythia_70m_deduped,resid_change_explained_energy,primary,logit_linf,-0.07673653953015323,0.18722854535581787,-0.1913145871910836,0.0386650252212523,300,3,"effect_l2,act_max,frequency",10000,10000,1.0,0.3182885271048904
pythia_70m_deduped,resid_change_explained_energy,primary,logit_entropy,-0.09973560703617122,0.0861904464043101,-0.2101426074565284,0.011942310345692835,300,3,"effect_l2,act_max,frequency",10000,10000,1.0,0.24420626481221197
pythia_70m_deduped,resid_change_explained_energy,primary,logit_top10_mass,0.04245229557691448,0.4660915156702515,-0.06886233345270938,0.15038906720570053,300,3,"effect_l2,act_max,frequency",10000,10000,1.0,0.5659682690281626
pythia_70m_deduped,resid_change_explained_energy,robust,crowding,0.18231264160616875,0.0015749531922732319,0.07080348920603693,0.29485402460062204,300,2,"frequency,act_max",10000,10000,0.026774204268644942,0.026774204268644942
pythia_70m_deduped,resid_change_explained_energy,robust,crowd_max,0.13946943362876366,0.015983864355725165,0.025421494076961145,0.2525331384606093,300,2,"frequency,act_max",10000,10000,0.23975796533587748,0.09057523134910928
pythia_70m_deduped,resid_change_explained_energy,robust,dec_norm,0.08767601253475998,0.13102529719345155,-0.024265668641078028,0.1962123121728889,300,2,"frequency,act_max",10000,10000,1.0,0.2885545264183707
pythia_70m_deduped,resid_change_explained_energy,robust,enc_norm,0.0744610263316954,0.1999217721947371,-0.041775436662690936,0.18424589955282053,300,2,"frequency,act_max",10000,10000,1.0,0.33986701273105313
pythia_70m_deduped,resid_change_explained_energy,robust,enc_dec_cos,-0.15205858226977112,0.00855829184448618,-0.2573089620891043,-0.0393432625243931,300,2,"frequency,act_max",10000,10000,0.13693266951177888,0.07274548067813252
pythia_70m_deduped,resid_change_explained_energy,robust,bin_entropy,,,,,300,2,"frequency,act_max",10000,0,,
pythia_70m_deduped,resid_change_explained_energy,robust,act_entropy,0.03752901397409159,0.518696600358104,-0.07858625389654719,0.15183764410768127,300,2,"frequency,act_max",10000,10000,1.0,0.587856147072518
pythia_70m_deduped,resid_change_explained_energy,robust,act_kurtosis,-0.04049798766071226,0.48614625975256437,-0.15019674273706043,0.06881544435833693,300,2,"frequency,act_max",10000,10000,1.0,0.587856147072518
pythia_70m_deduped,resid_change_explained_energy,robust,act_mag,0.08661064163030661,0.13579036537335093,-0.026982516936330365,0.19495024976826028,300,2,"frequency,act_max",10000,10000,1.0,0.2885545264183707
pythia_70m_deduped,resid_change_explained_energy,robust,act_mean_firing,0.12309909204470451,0.03365558691419029,0.010369438698672639,0.22868607867181903,300,2,"frequency,act_max",10000,10000,0.471178216798664,0.1430362443853087
pythia_70m_deduped,resid_change_explained_energy,robust,act_std,0.08076021766833277,0.1643617354709662,-0.03399812867896571,0.18935608809783105,300,2,"frequency,act_max",10000,10000,1.0,0.3104610558896028
pythia_70m_deduped,resid_change_explained_energy,robust,coact_entropy,-0.06688554888576635,0.24970738341074772,-0.16750134643264802,0.0399881907232902,300,2,"frequency,act_max",10000,10000,1.0,0.385911410725701
pythia_70m_deduped,resid_change_explained_energy,robust,coact_count,-0.09289622853897256,0.10951869531164234,-0.2031882904814389,0.02629716582474455,300,2,"frequency,act_max",10000,10000,1.0,0.2885545264183707
pythia_70m_deduped,resid_change_explained_energy,robust,logit_l2,-0.028587428693944615,0.6230573177237269,-0.14844423405252735,0.09186356500281445,300,2,"frequency,act_max",10000,10000,1.0,0.6619984000814598
pythia_70m_deduped,resid_change_explained_energy,robust,logit_linf,-0.1132127443514518,0.05088803516388964,-0.22550318022349672,0.00167295203944546,300,2,"frequency,act_max",10000,10000,0.6615444571305653,0.17301931955722477
pythia_70m_deduped,resid_change_explained_energy,robust,logit_entropy,-0.04200842931104124,0.4700183692938781,-0.15454591553738536,0.07340001737111056,300,2,"frequency,act_max",10000,10000,1.0,0.587856147072518
pythia_70m_deduped,resid_change_explained_energy,robust,logit_top10_mass,-0.044695758791728886,0.4420655102352829,-0.15402409486749624,0.0678085362693386,300,2,"frequency,act_max",10000,10000,1.0,0.587856147072518
pythia_70m_deduped,resid_change_explained_energy,effect_only,crowding,0.20082828659566385,0.0004762669400293432,0.08762403262824471,0.3075713046662591,300,1,effect_l2,10000,10000,0.00904907186055752,0.00904907186055752
pythia_70m_deduped,resid_change_explained_energy,effect_only,crowd_max,0.13205567506773747,0.02237726464284312,0.01692377636593479,0.24284327298641192,300,1,effect_l2,10000,10000,0.40279076357117616,0.13105165236576508
pythia_70m_deduped,resid_change_explained_energy,effect_only,dec_norm,0.12013872390224847,0.03787390474584092,0.005608318569354287,0.22681895395258855,300,1,effect_l2,10000,10000,0.6438563806792956,0.13105165236576508
pythia_70m_deduped,resid_change_explained_energy,effect_only,enc_norm,-0.030602707404261537,0.5981399558034597,-0.14736655949212338,0.0911543311100779,300,1,effect_l2,10000,10000,1.0,0.6529641068594829
pythia_70m_deduped,resid_change_explained_energy,effect_only,enc_dec_cos,-0.08535084941692464,0.1409236312584706,-0.19631977727336114,0.03049167368784816,300,1,effect_l2,10000,10000,1.0,0.24341354490099468
pythia_70m_deduped,resid_change_explained_energy,effect_only,frequency,0.11108980478853085,0.055007203967835525,-0.004632255080973993,0.21899745732223133,300,1,effect_l2,10000,10000,0.7701008555496973,0.13105165236576508
pythia_70m_deduped,resid_change_explained_energy,effect_only,bin_entropy,0.11108980478853085,0.055007203967835525,-0.004632255080973993,0.21899745732223133,300,1,effect_l2,10000,10000,0.7701008555496973,0.13105165236576508
pythia_70m_deduped,resid_change_explained_energy,effect_only,act_entropy,0.11976448525920418,0.03848023755260131,0.0068697935823381654,0.2272126900432076,300,1,effect_l2,10000,10000,0.6438563806792956,0.13105165236576508
pythia_70m_deduped,resid_change_explained_energy,effect_only,act_kurtosis,-0.11101153767056986,0.05517964310137477,-0.22084805778616926,0.0034374235175922067,300,1,effect_l2,10000,10000,0.7701008555496973,0.13105165236576508
pythia_70m_deduped,resid_change_explained_energy,effect_only,act_mag,0.07927890298289249,0.17154030475822618,-0.03255210572533186,0.18586472597259557,300,1,effect_l2,10000,10000,1.0,0.27160548253385813
pythia_70m_deduped,resid_change_explained_energy,effect_only,act_mean_firing,-0.028905828438402996,0.6185975749195102,-0.14130975868744283,0.08746491570619096,300,1,effect_l2,10000,10000,1.0,0.6529641068594829
pythia_70m_deduped,resid_change_explained_energy,effect_only,act_std,0.0183956011925045,0.7514074161100902,-0.09330457991601677,0.12661640856420248,300,1,effect_l2,10000,10000,1.0,0.7514074161100902
pythia_70m_deduped,resid_change_explained_energy,effect_only,act_max,-0.0331816835358199,0.5676478559080315,-0.14614630427470685,0.0800335580809936,300,1,effect_l2,10000,10000,1.0,0.6529641068594829
pythia_70m_deduped,resid_change_explained_energy,effect_only,coact_entropy,0.09809416937536561,0.09041974440477836,-0.017674030713198955,0.20793981680381546,300,1,effect_l2,10000,10000,0.994617188452562,0.19088612707675431
pythia_70m_deduped,resid_change_explained_energy,effect_only,coact_count,-0.03268012850655036,0.5735195696469708,-0.14593796970710987,0.08332438434529868,300,1,effect_l2,10000,10000,1.0,0.6529641068594829
pythia_70m_deduped,resid_change_explained_energy,effect_only,logit_l2,-0.08666757439169086,0.13487273559113885,-0.21180288081234125,0.03945997540590014,300,1,effect_l2,10000,10000,1.0,0.24341354490099468
pythia_70m_deduped,resid_change_explained_energy,effect_only,logit_linf,-0.0649916245730935,0.2625911526633079,-0.1849004269537504,0.05177686345930935,300,1,effect_l2,10000,10000,1.0,0.38378706927714235
pythia_70m_deduped,resid_change_explained_energy,effect_only,logit_entropy,-0.11362566496575682,0.049657433325080005,-0.2250051917480403,0.0015068998723790274,300,1,effect_l2,10000,10000,0.7448614998762001,0.13105165236576508
pythia_70m_deduped,resid_change_explained_energy,effect_only,logit_top10_mass,0.048950009485178046,0.39901310157277287,-0.06574536629304188,0.16087192818204807,300,1,effect_l2,10000,10000,1.0,0.5415177807059061
pythia_70m_deduped,stab_anti_frac,none,crowding,0.08380692628874756,0.14759823787729545,,,300,0,,10000,6253,1.0,0.6206535825206253
pythia_70m_deduped,stab_anti_frac,none,crowd_max,0.07646132477075503,0.18658323675026608,,,300,0,,10000,6253,1.0,0.6206535825206253
pythia_70m_deduped,stab_anti_frac,none,dec_norm,0.02189598509713244,0.7056448258620918,,,300,0,,10000,6253,1.0,0.7565269905066933
pythia_70m_deduped,stab_anti_frac,none,enc_norm,-0.05108549690110909,0.37793432938924565,,,300,0,,10000,6253,1.0,0.6206535825206253
pythia_70m_deduped,stab_anti_frac,none,enc_dec_cos,-0.033055321524247054,0.5684737718861665,,,300,0,,10000,6253,1.0,0.6750626041148228
pythia_70m_deduped,stab_anti_frac,none,frequency,-0.04944852944439332,0.3934262374020794,,,300,0,,10000,6253,1.0,0.6206535825206253
pythia_70m_deduped,stab_anti_frac,none,bin_entropy,-0.04944852944439332,0.3934262374020794,,,300,0,,10000,6253,1.0,0.6206535825206253
pythia_70m_deduped,stab_anti_frac,none,act_entropy,-0.03839759570998396,0.507629175013284,,,300,0,,10000,6253,1.0,0.6429969550168264
pythia_70m_deduped,stab_anti_frac,none,act_kurtosis,0.021035204606339026,0.7167097804800252,,,300,0,,10000,6253,1.0,0.7565269905066933
pythia_70m_deduped,stab_anti_frac,none,act_mag,-0.059766692452931536,0.3021702621699676,,,300,0,,10000,6253,1.0,0.6206535825206253
pythia_70m_deduped,stab_anti_frac,none,act_mean_firing,-0.010350656234865242,0.8583028544967239,,,300,0,,10000,6253,1.0,0.8583028544967239
pythia_70m_deduped,stab_anti_frac,none,act_std,-0.059098908179714436,0.3076137880075507,,,300,0,,10000,6253,1.0,0.6206535825206253
pythia_70m_deduped,stab_anti_frac,none,act_max,-0.04373986989572085,0.45037177696276004,,,300,0,,10000,6253,1.0,0.6206535825206253
pythia_70m_deduped,stab_anti_frac,none,coact_entropy,-0.04307208562250374,0.4573236923836186,,,300,0,,10000,6253,1.0,0.6206535825206253
pythia_70m_deduped,stab_anti_frac,none,coact_count,0.07445810365495044,0.19842415891351672,,,300,0,,10000,6253,1.0,0.6206535825206253
pythia_70m_deduped,stab_anti_frac,none,logit_l2,0.05041771262789195,0.3842084033106593,,,300,0,,10000,6253,1.0,0.6206535825206253
pythia_70m_deduped,stab_anti_frac,none,logit_linf,-0.04440765416893796,0.44347982093135274,,,300,0,,10000,6253,1.0,0.6206535825206253
pythia_70m_deduped,stab_anti_frac,none,logit_entropy,0.06978346430499306,0.2281612940922933,,,300,0,,10000,6253,1.0,0.6206535825206253
pythia_70m_deduped,stab_anti_frac,none,logit_top10_mass,-0.08714584765483313,0.13207347383514995,,,300,0,,10000,6253,1.0,0.6206535825206253
pythia_70m_deduped,stab_anti_frac,primary,crowding,0.09730990376448202,0.09414800005109757,,,300,3,"effect_l2,act_max,frequency",10000,6247,1.0,0.6448458309322492
pythia_70m_deduped,stab_anti_frac,primary,crowd_max,0.09250786557530022,0.11162261998424515,,,300,3,"effect_l2,act_max,frequency",10000,6247,1.0,0.6448458309322492
pythia_70m_deduped,stab_anti_frac,primary,dec_norm,0.030374006110940946,0.6021096853153174,,,300,3,"effect_l2,act_max,frequency",10000,6247,1.0,0.8639161719998879
pythia_70m_deduped,stab_anti_frac,primary,enc_norm,-0.09104994442620308,0.11740403767870893,,,300,3,"effect_l2,act_max,frequency",10000,6247,1.0,0.6448458309322492
pythia_70m_deduped,stab_anti_frac,primary,enc_dec_cos,-0.03407140798902452,0.5586352825945758,,,300,3,"effect_l2,act_max,frequency",10000,6247,1.0,0.8639161719998879
pythia_70m_deduped,stab_anti_frac,primary,bin_entropy,,,,,300,3,"effect_l2,act_max,frequency",10000,0,,
pythia_70m_deduped,stab_anti_frac,primary,act_entropy,0.03527172830101714,0.5448554005827398,,,300,3,"effect_l2,act_max,frequency",10000,6247,1.0,0.8639161719998879
pythia_70m_deduped,stab_anti_frac,primary,act_kurtosis,-0.012696720568281883,0.8275090588676971,,,300,3,"effect_l2,act_max,frequency",10000,6247,1.0,1.0
pythia_70m_deduped,stab_anti_frac,primary,act_mag,-0.008499949492176258,0.8840237041428297,,,300,3,"effect_l2,act_max,frequency",10000,6247,1.0,1.0
pythia_70m_deduped,stab_anti_frac,primary,act_mean_firing,0.029730936533310992,0.609823180235215,,,300,3,"effect_l2,act_max,frequency",10000,6247,1.0,0.8639161719998879
pythia_70m_deduped,stab_anti_frac,primary,act_std,-0.032399982482727255,0.5780996903316832,,,300,3,"effect_l2,act_max,frequency",10000,6247,1.0,0.8639161719998879
pythia_70m_deduped,stab_anti_frac,primary,coact_entropy,0.0008339498748150424,0.9885815219225766,,,300,3,"effect_l2,act_max,frequency",10000,6247,1.0,1.0
pythia_70m_deduped,stab_anti_frac,primary,coact_count,0.08338408600125904,0.15172843080758805,,,300,3,"effect_l2,act_max,frequency",10000,6247,1.0,0.6448458309322492
pythia_70m_deduped,stab_anti_frac,primary,logit_l2,0.0464411594466471,0.4252142484032538,,,300,3,"effect_l2,act_max,frequency",10000,6247,1.0,0.8639161719998879
pythia_70m_deduped,stab_anti_frac,primary,logit_linf,-0.025324860600832975,0.6638019547241507,,,300,3,"effect_l2,act_max,frequency",10000,6247,1.0,0.8680487100238893
pythia_70m_deduped,stab_anti_frac,primary,logit_entropy,0.04701815815393578,0.4194787422342311,,,300,3,"effect_l2,act_max,frequency",10000,6247,1.0,0.8639161719998879
pythia_70m_deduped,stab_anti_frac,primary,logit_top10_mass,-0.06095850997553926,0.2950608652483498,,,300,3,"effect_l2,act_max,frequency",10000,6247,1.0,0.8639161719998879
pythia_70m_deduped,stab_anti_frac,robust,crowding,0.09378045432933106,0.10616777817730642,,,300,2,"frequency,act_max",10000,6305,1.0,0.6272490541909044
pythia_70m_deduped,stab_anti_frac,robust,crowd_max,0.08903733427867806,0.12512553583391675,,,300,2,"frequency,act_max",10000,6305,1.0,0.6272490541909044
pythia_70m_deduped,stab_anti_frac,robust,dec_norm,0.028243691673954748,0.6272440563574935,,,300,2,"frequency,act_max",10000,6305,1.0,0.8352365813910131
pythia_70m_deduped,stab_anti_frac,robust,enc_norm,-0.09200917247354956,0.11296336487604043,,,300,2,"frequency,act_max",10000,6305,1.0,0.6272490541909044
pythia_70m_deduped,stab_anti_frac,robust,enc_dec_cos,-0.03460984018562968,0.5517593613869795,,,300,2,"frequency,act_max",10000,6305,1.0,0.8352365813910131
pythia_70m_deduped,stab_anti_frac,robust,bin_entropy,,,,,300,2,"frequency,act_max",10000,0,,
pythia_70m_deduped,stab_anti_frac,robust,act_entropy,0.037331325572773376,0.5209030534422785,,,300,2,"frequency,act_max",10000,6305,1.0,0.8352365813910131
pythia_70m_deduped,stab_anti_frac,robust,act_kurtosis,-0.01969301051384404,0.7349426031181681,,,300,2,"frequency,act_max",10000,6305,1.0,0.8924303037863469
pythia_70m_deduped,stab_anti_frac,robust,act_mag,-0.007068900026726231,0.9032817097891807,,,300,2,"frequency,act_max",10000,6305,1.0,0.9901782881348924
pythia_70m_deduped,stab_anti_frac,robust,act_mean_firing,0.04041623474885927,0.4870275981856662,,,300,2,"frequency,act_max",10000,6305,1.0,0.8352365813910131
pythia_70m_deduped,stab_anti_frac,robust,act_std,-0.027307256368441554,0.6387103269460689,,,300,2,"frequency,act_max",10000,6305,1.0,0.8352365813910131
pythia_70m_deduped,stab_anti_frac,robust,coact_entropy,-0.004968734274622011,0.9319325064798987,,,300,2,"frequency,act_max",10000,6305,1.0,0.9901782881348924
pythia_70m_deduped,stab_anti_frac,robust,coact_count,0.0770847288039193,0.18448501593850128,,,300,2,"frequency,act_max",10000,6305,1.0,0.6272490541909044
pythia_70m_deduped,stab_anti_frac,robust,logit_l2,0.06384913922712097,0.27190062271150056,,,300,2,"frequency,act_max",10000,6305,1.0,0.7703850976825849
pythia_70m_deduped,stab_anti_frac,robust,logit_linf,-0.03470738805774066,0.5506381089938025,,,300,2,"frequency,act_max",10000,6305,1.0,0.8352365813910131
pythia_70m_deduped,stab_anti_frac,robust,logit_entropy,0.058129091028465536,0.31726585067067464,,,300,2,"frequency,act_max",10000,6305,1.0,0.7705027802002098
pythia_70m_deduped,stab_anti_frac,robust,logit_top10_mass,-0.07826811381484909,0.1778171059843954,,,300,2,"frequency,act_max",10000,6305,1.0,0.6272490541909044
pythia_70m_deduped,stab_anti_frac,effect_only,crowding,0.08900624881413995,0.1246206524585123,,,300,1,effect_l2,10000,6278,1.0,0.7324042397746523
pythia_70m_deduped,stab_anti_frac,effect_only,crowd_max,0.08073251976924804,0.16379457618071466,,,300,1,effect_l2,10000,6278,1.0,0.7324042397746523
pythia_70m_deduped,stab_anti_frac,effect_only,dec_norm,0.02592015335540957,0.6553090566404783,,,300,1,effect_l2,10000,6278,1.0,0.7324042397746523
pythia_70m_deduped,stab_anti_frac,effect_only,enc_norm,-0.055495840498131596,0.33890529442167777,,,300,1,effect_l2,10000,6278,1.0,0.7324042397746523
pythia_70m_deduped,stab_anti_frac,effect_only,enc_dec_cos,-0.03021593729333746,0.6027759307227967,,,300,1,effect_l2,10000,6278,1.0,0.7324042397746523
pythia_70m_deduped,stab_anti_frac,effect_only,frequency,-0.03754205148844695,0.5178444809154887,,,300,1,effect_l2,10000,6278,1.0,0.7324042397746523
pythia_70m_deduped,stab_anti_frac,effect_only,bin_entropy,-0.03754205148844695,0.5178444809154887,,,300,1,effect_l2,10000,6278,1.0,0.7324042397746523
pythia_70m_deduped,stab_anti_frac,effect_only,act_entropy,-0.0273948107341496,0.6370660180441678,,,300,1,effect_l2,10000,6278,1.0,0.7324042397746523
pythia_70m_deduped,stab_anti_frac,effect_only,act_kurtosis,0.015944468811938887,0.7836479569888449,,,300,1,effect_l2,10000,6278,1.0,0.825023719847664
pythia_70m_deduped,stab_anti_frac,effect_only,act_mag,-0.04906624016124395,0.39789306272509933,,,300,1,effect_l2,10000,6278,1.0,0.7324042397746523
pythia_70m_deduped,stab_anti_frac,effect_only,act_mean_firing,-0.01283911528807905,0.825023719847664,,,300,1,effect_l2,10000,6278,1.0,0.825023719847664
pythia_70m_deduped,stab_anti_frac,effect_only,act_std,-0.05173448552312878,0.37270233188097435,,,300,1,effect_l2,10000,6278,1.0,0.7324042397746523
pythia_70m_deduped,stab_anti_frac,effect_only,act_max,-0.03761151686602277,0.5170696521579327,,,300,1,effect_l2,10000,6278,1.0,0.7324042397746523
pythia_70m_deduped,stab_anti_frac,effect_only,coact_entropy,-0.030467277995585726,0.5997614320597169,,,300,1,effect_l2,10000,6278,1.0,0.7324042397746523
pythia_70m_deduped,stab_anti_frac,effect_only,coact_count,0.08176846086702973,0.15843660579169372,,,300,1,effect_l2,10000,6278,1.0,0.7324042397746523
pythia_70m_deduped,stab_anti_frac,effect_only,logit_l2,0.034130280227255345,0.5566215664959813,,,300,1,effect_l2,10000,6278,1.0,0.7324042397746523
pythia_70m_deduped,stab_anti_frac,effect_only,logit_linf,-0.032355256630083734,0.5773380731953305,,,300,1,effect_l2,10000,6278,1.0,0.7324042397746523
pythia_70m_deduped,stab_anti_frac,effect_only,logit_entropy,0.055472073894424934,0.33911250586551545,,,300,1,effect_l2,10000,6278,1.0,0.7324042397746523
pythia_70m_deduped,stab_anti_frac,effect_only,logit_top10_mass,-0.06693131235412733,0.2485833736801137,,,300,1,effect_l2,10000,6278,1.0,0.7324042397746523
pythia_70m_deduped,effect_pc1_ratio,none,crowding,-0.06549228324759164,0.25812307143721536,-0.17681197273875895,0.05015737268446634,300,0,,10000,10000,1.0,0.5496222588552505
pythia_70m_deduped,effect_pc1_ratio,none,crowd_max,-0.1102788176353635,0.05639970920399595,-0.21747702215517647,0.002065846507835516,300,0,,10000,10000,0.8459956380599393,0.19006690109088567
pythia_70m_deduped,effect_pc1_ratio,none,dec_norm,-0.05659252662912876,0.3286174826702431,-0.1663465936888379,0.054860386052337604,300,0,,10000,10000,1.0,0.567612015521329
pythia_70m_deduped,effect_pc1_ratio,none,enc_norm,-0.03379015322392472,0.5599028264423712,-0.15262899368520869,0.08410550910069516,300,0,,10000,10000,1.0,0.6257737472002972
pythia_70m_deduped,effect_pc1_ratio,none,enc_dec_cos,0.13387037633751486,0.020369412075962302,0.022604066160837235,0.24092162280601073,300,0,,10000,10000,0.32591059321539684,0.09675470736082094
pythia_70m_deduped,effect_pc1_ratio,none,frequency,-0.03990755575200282,0.49107004923508,-0.16040358694491666,0.07789949915975067,300,0,,10000,10000,1.0,0.5893304710975327
pythia_70m_deduped,effect_pc1_ratio,none,bin_entropy,-0.03990755575200282,0.49107004923508,-0.16040358694491666,0.07789949915975067,300,0,,10000,10000,1.0,0.5893304710975327
pythia_70m_deduped,effect_pc1_ratio,none,act_entropy,-0.03942977144190491,0.49627829145055385,-0.15759098619158302,0.07835775432623261,300,0,,10000,10000,1.0,0.5893304710975327
pythia_70m_deduped,effect_pc1_ratio,none,act_kurtosis,0.04881209791219902,0.39955114797054425,-0.07179117461220515,0.1676496333920627,300,0,,10000,10000,1.0,0.5893304710975327
pythia_70m_deduped,effect_pc1_ratio,none,act_mag,-0.10871054122823587,0.060021126660279686,-0.22843490156443508,0.007389596182300174,300,0,,10000,10000,0.8459956380599393,0.19006690109088567
pythia_70m_deduped,effect_pc1_ratio,none,act_mean_firing,-0.042095134390382115,0.46760133535908754,-0.1582488912455644,0.06890791204042411,300,0,,10000,10000,1.0,0.5893304710975327
pythia_70m_deduped,effect_pc1_ratio,none,act_std,-0.09385837620418004,0.10470241641524952,-0.2059922495753238,0.01625458288231447,300,0,,10000,10000,1.0,0.2841922731271059
pythia_70m_deduped,effect_pc1_ratio,none,act_max,-0.06518783542039357,0.2603473857735397,-0.17760354274425835,0.044541372692656234,300,0,,10000,10000,1.0,0.5496222588552505
pythia_70m_deduped,effect_pc1_ratio,none,coact_entropy,0.015557950643896054,0.7884199962876658,-0.10384758953481583,0.13445988047966148,300,0,,10000,10000,1.0,0.7884199962876658
pythia_70m_deduped,effect_pc1_ratio,none,coact_count,0.06113125273558907,0.2912463251426584,-0.05226100092646213,0.17284264010831593,300,0,,10000,10000,1.0,0.5533680177710509
pythia_70m_deduped,effect_pc1_ratio,none,logit_l2,-0.02930610340114891,0.6131471993539566,-0.15382435444356796,0.09797072926689875,300,0,,10000,10000,1.0,0.6472109326513986
pythia_70m_deduped,effect_pc1_ratio,none,logit_linf,0.1599355548394982,0.005494846498705137,0.039038798610489096,0.2807032001878467,300,0,,10000,10000,0.09341239047798733,0.034800694491799206
pythia_70m_deduped,effect_pc1_ratio,none,logit_entropy,-0.16739076738527947,0.003640593807338868,-0.28637801326738316,-0.04367634370643317,300,0,,10000,10000,0.06553068853209963,0.034585641169719246
pythia_70m_deduped,effect_pc1_ratio,none,logit_top10_mass,0.21771397459971778,0.00014419144016796078,0.09742362187605487,0.33596578035094793,300,0,,10000,10000,0.002739637363191255,0.002739637363191255
pythia_70m_deduped,effect_pc1_ratio,primary,crowding,-0.051053545023023124,0.38064824572921646,-0.16743273911831028,0.0663632397213363,300,3,"effect_l2,act_max,frequency",10000,10000,1.0,0.5392516814497234
pythia_70m_deduped,effect_pc1_ratio,primary,crowd_max,-0.0960303333906215,0.09857584249925844,-0.20503353648936845,0.01765069564536286,300,3,"effect_l2,act_max,frequency",10000,10000,0.9857584249925844,0.20947366531092418
pythia_70m_deduped,effect_pc1_ratio,primary,dec_norm,-0.052005426330234736,0.3718194873017024,-0.16898003173915585,0.06342178496856599,300,3,"effect_l2,act_max,frequency",10000,10000,1.0,0.5392516814497234
pythia_70m_deduped,effect_pc1_ratio,primary,enc_norm,-0.040797064834169935,0.48367086022829053,-0.15346720902388175,0.07163443316862154,300,3,"effect_l2,act_max,frequency",10000,10000,1.0,0.5481603082587293
pythia_70m_deduped,effect_pc1_ratio,primary,enc_dec_cos,0.14383871877581533,0.013089137673848368,0.034561707664296316,0.24808268920823034,300,3,"effect_l2,act_max,frequency",10000,10000,0.15706965208618043,0.03708589007590371
pythia_70m_deduped,effect_pc1_ratio,primary,bin_entropy,,,,,300,3,"effect_l2,act_max,frequency",10000,0,,
pythia_70m_deduped,effect_pc1_ratio,primary,act_entropy,-0.04354451276867251,0.4546877593729966,-0.1485488776893899,0.06424087516657963,300,3,"effect_l2,act_max,frequency",10000,10000,1.0,0.5481603082587293
pythia_70m_deduped,effect_pc1_ratio,primary,act_kurtosis,0.07317163725922392,0.20861400786433285,-0.03981908828334751,0.18317191345148381,300,3,"effect_l2,act_max,frequency",10000,10000,1.0,0.3940486815215176
pythia_70m_deduped,effect_pc1_ratio,primary,act_mag,-0.14657585551455204,0.011436707453454967,-0.258611382986109,-0.022483553144679345,300,3,"effect_l2,act_max,frequency",10000,10000,0.14867719689491457,0.03708589007590371
pythia_70m_deduped,effect_pc1_ratio,primary,act_mean_firing,0.003580073296830563,0.951010479650887,-0.11364260001134283,0.12173784898883055,300,3,"effect_l2,act_max,frequency",10000,10000,1.0,1.0
pythia_70m_deduped,effect_pc1_ratio,primary,act_std,-0.10941133170431626,0.05966420066524618,-0.22020571897480704,0.014542745167141964,300,3,"effect_l2,act_max,frequency",10000,10000,0.656306207317708,0.1448987730441693
pythia_70m_deduped,effect_pc1_ratio,primary,coact_entropy,0.15271161410709316,0.008384872805308604,0.04440824701324048,0.25254119796834207,300,3,"effect_l2,act_max,frequency",10000,10000,0.11738821927432046,0.03563570942256157
pythia_70m_deduped,effect_pc1_ratio,primary,coact_count,0.06118348503972352,0.29327899135285845,-0.05244372432806868,0.1811500507430872,300,3,"effect_l2,act_max,frequency",10000,10000,1.0,0.49857428529985937
pythia_70m_deduped,effect_pc1_ratio,primary,logit_l2,-0.04573467074599888,0.4322985937310239,-0.17263824971813752,0.08351859104455024,300,3,"effect_l2,act_max,frequency",10000,10000,1.0,0.5481603082587293
pythia_70m_deduped,effect_pc1_ratio,primary,logit_linf,0.18825832810820273,0.0011145140540936005,0.06485948851842811,0.3099384916789407,300,3,"effect_l2,act_max,frequency",10000,10000,0.016717710811404007,0.006315579639863737
pythia_70m_deduped,effect_pc1_ratio,primary,logit_entropy,-0.20399952403847668,0.00040299176778907657,-0.32072868365727086,-0.08064390850604726,300,3,"effect_l2,act_max,frequency",10000,10000,0.006447868284625225,0.0034254300262071507
pythia_70m_deduped,effect_pc1_ratio,primary,logit_top10_mass,0.2664449146806849,3.2097404644969925e-06,0.14646896655664768,0.3799413133299399,300,3,"effect_l2,act_max,frequency",10000,10000,5.456558789644887e-05,5.456558789644887e-05
pythia_70m_deduped,effect_pc1_ratio,robust,crowding,-0.05473518953493009,0.34639190784653934,-0.17140645793194692,0.055813325256067595,300,2,"frequency,act_max",10000,10000,1.0,0.5078849561734825
pythia_70m_deduped,effect_pc1_ratio,robust,crowd_max,-0.09940685259519301,0.08670117912806855,-0.21072634236533994,0.008543312652836027,300,2,"frequency,act_max",10000,10000,0.8670117912806854,0.18424000564714565
pythia_70m_deduped,effect_pc1_ratio,robust,dec_norm,-0.0542877201888774,0.35035464754304646,-0.1664038373098127,0.057642849102687306,300,2,"frequency,act_max",10000,10000,1.0,0.5078849561734825
pythia_70m_deduped,effect_pc1_ratio,robust,enc_norm,-0.042171965365698005,0.46829001803920906,-0.15529119315650688,0.06843915196797566,300,2,"frequency,act_max",10000,10000,1.0,0.5895419966623
pythia_70m_deduped,effect_pc1_ratio,robust,enc_dec_cos,0.14230705898002644,0.01394012470636355,0.036567159074823316,0.24722947320032881,300,2,"frequency,act_max",10000,10000,0.1776863825865682,0.03949702000136339
pythia_70m_deduped,effect_pc1_ratio,robust,bin_entropy,,,,,300,2,"frequency,act_max",10000,0,,
pythia_70m_deduped,effect_pc1_ratio,robust,act_entropy,-0.04055750487853766,0.48550517372189417,-0.142839842584093,0.06619400717711374,300,2,"frequency,act_max",10000,10000,1.0,0.5895419966623
pythia_70m_deduped,effect_pc1_ratio,robust,act_kurtosis,0.06356928334851142,0.27401169568060185,-0.05052587862495961,0.1715147909859285,300,2,"frequency,act_max",10000,10000,1.0,0.5078849561734825
pythia_70m_deduped,effect_pc1_ratio,robust,act_mag,-0.1440557390621264,0.012798278568852533,-0.25462241267245805,-0.02202501119021193,300,2,"frequency,act_max",10000,10000,0.1776863825865682,0.03949702000136339
pythia_70m_deduped,effect_pc1_ratio,robust,act_mean_firing,0.017500936092920125,0.7635164199574566,-0.10066809811903739,0.13349824342535654,300,2,"frequency,act_max",10000,10000,1.0,0.8112361962047976
pythia_70m_deduped,effect_pc1_ratio,robust,act_std,-0.10243549966714643,0.07747538533729181,-0.21328017334069477,0.019497597381768827,300,2,"frequency,act_max",10000,10000,0.85222923871021,0.18424000564714565
pythia_70m_deduped,effect_pc1_ratio,robust,coact_entropy,0.14422559120355213,0.012691884470469155,0.036943999974011814,0.24255397054702357,300,2,"frequency,act_max",10000,10000,0.1776863825865682,0.03949702000136339
pythia_70m_deduped,effect_pc1_ratio,robust,coact_count,0.05337709004073769,0.35850702788716415,-0.06711424633054489,0.1725892318946154,300,2,"frequency,act_max",10000,10000,1.0,0.5078849561734825
pythia_70m_deduped,effect_pc1_ratio,robust,logit_l2,-0.020316076149128698,0.7268851487099465,-0.14828062582476786,0.1066406526777802,300,2,"frequency,act_max",10000,10000,1.0,0.8112361962047976
pythia_70m_deduped,effect_pc1_ratio,robust,logit_linf,0.17373289784294546,0.0026175703577544004,0.049060995457491506,0.29576735081872274,300,2,"frequency,act_max",10000,10000,0.039263555366316004,0.014832898693941603
pythia_70m_deduped,effect_pc1_ratio,robust,logit_entropy,-0.18583033537114235,0.001270499432333593,-0.3054045555106217,-0.06541268171236547,300,2,"frequency,act_max",10000,10000,0.020327990917337488,0.01079924517483554
pythia_70m_deduped,effect_pc1_ratio,robust,logit_top10_mass,0.23254575214225304,5.0523221733101366e-05,0.11313882839457394,0.35066312030881946,300,2,"frequency,act_max",10000,10000,0.0008588947694627233,0.0008588947694627233
pythia_70m_deduped,effect_pc1_ratio,effect_only,crowding,-0.06009347911495219,0.30034344101411786,-0.1759242561096928,0.0524849965268135,300,1,effect_l2,10000,10000,1.0,0.5912139212597896
pythia_70m_deduped,effect_pc1_ratio,effect_only,crowd_max,-0.10620113720400298,0.06667079454555015,-0.214740350101834,0.004189445009549553,300,1,effect_l2,10000,10000,1.0,0.2533490192730906
pythia_70m_deduped,effect_pc1_ratio,effect_only,dec_norm,-0.05213679458426125,0.3689913109835108,-0.1667627492144862,0.06579167645960719,300,1,effect_l2,10000,10000,1.0,0.5912139212597896
pythia_70m_deduped,effect_pc1_ratio,effect_only,enc_norm,-0.03915630070913106,0.4999944937526994,-0.15694201001890395,0.07986811510993243,300,1,effect_l2,10000,10000,1.0,0.6333263587534191
pythia_70m_deduped,effect_pc1_ratio,effect_only,enc_dec_cos,0.13839811152765202,0.01663679266946141,0.026929454936312117,0.248733285920729,300,1,effect_l2,10000,10000,0.2661886827113826,0.0790247651799417
pythia_70m_deduped,effect_pc1_ratio,effect_only,frequency,-0.024988906992126136,0.6669367755025895,-0.14015424157581124,0.09516394819956576,300,1,effect_l2,10000,10000,1.0,0.6669367755025895
pythia_70m_deduped,effect_pc1_ratio,effect_only,bin_entropy,-0.024988906992126136,0.6669367755025895,-0.14015424157581124,0.09516394819956576,300,1,effect_l2,10000,10000,1.0,0.6669367755025895
pythia_70m_deduped,effect_pc1_ratio,effect_only,act_entropy,-0.025827991497380003,0.656456165130007,-0.1397813475800606,0.09163752624254413,300,1,effect_l2,10000,10000,1.0,0.6669367755025895
pythia_70m_deduped,effect_pc1_ratio,effect_only,act_kurtosis,0.04275195057112165,0.4614321509599282,-0.07632062246534783,0.15940736283847684,300,1,effect_l2,10000,10000,1.0,0.6262293477313311
pythia_70m_deduped,effect_pc1_ratio,effect_only,act_mag,-0.0961535524378783,0.0970083682182412,-0.20906255191140946,0.020342355307073033,300,1,effect_l2,10000,10000,1.0,0.3071931660244305
pythia_70m_deduped,effect_pc1_ratio,effect_only,act_mean_firing,-0.04537110513710108,0.434416653193014,-0.1582887112926577,0.06416159324910527,300,1,effect_l2,10000,10000,1.0,0.6262293477313311
pythia_70m_deduped,effect_pc1_ratio,effect_only,act_std,-0.08511756180829806,0.14201700803761577,-0.19671834499282892,0.02735422890781568,300,1,effect_l2,10000,10000,1.0,0.3854747361021
pythia_70m_deduped,effect_pc1_ratio,effect_only,act_max,-0.057824915484225727,0.31899165552242814,-0.1705830934441667,0.05470504549115392,300,1,effect_l2,10000,10000,1.0,0.5912139212597896
pythia_70m_deduped,effect_pc1_ratio,effect_only,coact_entropy,0.03220607173781797,0.5790955562392293,-0.08150703794422515,0.14916665822713096,300,1,effect_l2,10000,10000,1.0,0.6669367755025895
pythia_70m_deduped,effect_pc1_ratio,effect_only,coact_count,0.07006408722221708,0.22707356033528314,-0.04328612496190789,0.1837381087088587,300,1,effect_l2,10000,10000,1.0,0.5392997057962975
pythia_70m_deduped,effect_pc1_ratio,effect_only,logit_l2,-0.05165931540066849,0.37339826605881443,-0.17799925947831724,0.07616371301006154,300,1,effect_l2,10000,10000,1.0,0.5912139212597896
pythia_70m_deduped,effect_pc1_ratio,effect_only,logit_linf,0.1782285382854796,0.0019763875818950773,0.05670435435549557,0.297570784113935,300,1,effect_l2,10000,10000,0.03359858889221631,0.012517121352002156
pythia_70m_deduped,effect_pc1_ratio,effect_only,logit_entropy,-0.1904770348630381,0.0009322357514230402,-0.3066588501397719,-0.07290449912143379,300,1,effect_l2,10000,10000,0.016780243525614726,0.008856239638518882
pythia_70m_deduped,effect_pc1_ratio,effect_only,logit_top10_mass,0.2563403443491769,7.148920352062011e-06,0.1374793930544745,0.3707212519088957,300,1,effect_l2,10000,10000,0.0001358294866891782,0.0001358294866891782
