setting,target,control,predictor_set,cv_spearman_mean,cv_spearman_sd,oof_spearman,n_pred,n_defined_folds,controls
gemma_2_2b,collateral_raw,none,frequency_only,0.3806974429242647,0.10836240656097748,0.358429210157559,1,5,
gemma_2_2b,collateral_raw,none,actmag_only,0.4829398187535806,0.079028534083156,0.448679143866868,1,5,
gemma_2_2b,collateral_raw,none,geometry_only,0.5553332809663878,0.1154376218322449,0.5631891407948623,5,5,
gemma_2_2b,collateral_raw,none,direct_logit_only,0.28187711916176456,0.05668202439953482,0.2653128757036843,4,5,
gemma_2_2b,collateral_raw,none,coactivation_only,0.27683757181536456,0.11885385274305668,0.2742601463472421,2,5,
gemma_2_2b,collateral_raw,none,full_no_magnitude,0.7290324659102811,0.06469027198315029,0.7316047710567183,15,5,
gemma_2_2b,collateral_raw,none,full_all,0.7335418647042579,0.07852609139862318,0.741387410676435,19,5,
gemma_2_2b,collateral_raw,primary,frequency_only,,,,1,0,"effect_l2,act_max,frequency"
gemma_2_2b,collateral_raw,primary,actmag_only,0.2299861072520145,0.0957311437808781,0.1472856365070723,1,5,"effect_l2,act_max,frequency"
gemma_2_2b,collateral_raw,primary,geometry_only,0.4808113364823562,0.169198671653931,0.5058007311192346,5,5,"effect_l2,act_max,frequency"
gemma_2_2b,collateral_raw,primary,direct_logit_only,0.16167824395665467,0.13117912128427045,0.14422026911410127,4,5,"effect_l2,act_max,frequency"
gemma_2_2b,collateral_raw,primary,coactivation_only,0.16722422895248684,0.0671010594668267,0.16710763452927255,2,5,"effect_l2,act_max,frequency"
gemma_2_2b,collateral_raw,primary,full_no_magnitude,0.5756821339260908,0.12209641534695839,0.5949741663796263,15,5,"effect_l2,act_max,frequency"
gemma_2_2b,collateral_raw,primary,full_all,0.5826285079188664,0.12009439135791956,0.5973426371404127,19,5,"effect_l2,act_max,frequency"
gemma_2_2b,collateral_raw,robust,frequency_only,,,,1,0,"frequency,act_max"
gemma_2_2b,collateral_raw,robust,actmag_only,0.17039177549319257,0.12292710596512943,0.15656218402426694,1,5,"frequency,act_max"
gemma_2_2b,collateral_raw,robust,geometry_only,0.542039455404279,0.14926809107551475,0.5497029966999634,5,5,"frequency,act_max"
gemma_2_2b,collateral_raw,robust,direct_logit_only,0.2466907474298417,0.09576773589688951,0.24812497916643517,4,5,"frequency,act_max"
gemma_2_2b,collateral_raw,robust,coactivation_only,0.10037232564601281,0.1099252678172617,0.11364615162390693,2,5,"frequency,act_max"
gemma_2_2b,collateral_raw,robust,full_no_magnitude,0.6529146985273688,0.11036850273959195,0.6665505172279692,15,5,"frequency,act_max"
gemma_2_2b,collateral_raw,robust,full_all,0.6642956376771327,0.11691260319365444,0.6812155690618783,19,5,"frequency,act_max"
gemma_2_2b,collateral_raw,effect_only,frequency_only,0.4556679627917939,0.0990927785962709,0.4102644341325005,1,5,effect_l2
gemma_2_2b,collateral_raw,effect_only,actmag_only,0.4680300083356489,0.05081658236298851,0.431699907776753,1,5,effect_l2
gemma_2_2b,collateral_raw,effect_only,geometry_only,0.413926090580717,0.1841995520937773,0.4422120245780508,5,5,effect_l2
gemma_2_2b,collateral_raw,effect_only,direct_logit_only,0.15776604612392334,0.101169294688441,0.14897721085789842,4,5,effect_l2
gemma_2_2b,collateral_raw,effect_only,coactivation_only,0.3700472353431509,0.1417408845223767,0.35307992311025677,2,5,effect_l2
gemma_2_2b,collateral_raw,effect_only,full_no_magnitude,0.6170936371214226,0.11700541490350685,0.6252438360426226,15,5,effect_l2
gemma_2_2b,collateral_raw,effect_only,full_all,0.6081244790219505,0.10451061632151551,0.6137157079523106,19,5,effect_l2
gemma_2_2b,collateral_ctilde,none,frequency_only,0.47399449551370826,0.04073203797926878,0.4287505041016078,1,5,
gemma_2_2b,collateral_ctilde,none,actmag_only,0.41820505696026683,0.06577379977033015,0.36787742086023173,1,5,
gemma_2_2b,collateral_ctilde,none,geometry_only,0.3708474576271187,0.15584130109200553,0.36913165701841133,5,5,
gemma_2_2b,collateral_ctilde,none,direct_logit_only,0.21748263406501808,0.09584179072426319,0.19845020500227778,4,5,
gemma_2_2b,collateral_ctilde,none,coactivation_only,0.38227285357043633,0.06748581164097976,0.36979921999133325,2,5,
gemma_2_2b,collateral_ctilde,none,full_no_magnitude,0.5859516532370105,0.06710876313282273,0.5852069467438527,15,5,
gemma_2_2b,collateral_ctilde,none,full_all,0.5752153375937762,0.053503386262286054,0.5762988477649751,19,5,
gemma_2_2b,collateral_ctilde,primary,frequency_only,,,,1,0,"effect_l2,act_max,frequency"
gemma_2_2b,collateral_ctilde,primary,actmag_only,0.23934426229508202,0.10346946826920111,0.15872443027144745,1,5,"effect_l2,act_max,frequency"
gemma_2_2b,collateral_ctilde,primary,geometry_only,0.4459460961378162,0.16007413975611678,0.44999966666296287,5,5,"effect_l2,act_max,frequency"
gemma_2_2b,collateral_ctilde,primary,direct_logit_only,0.10604056682411782,0.12637399949580203,0.08933432593695485,4,5,"effect_l2,act_max,frequency"
gemma_2_2b,collateral_ctilde,primary,coactivation_only,0.15884412336760215,0.11672846637850218,0.1375668618540206,2,5,"effect_l2,act_max,frequency"
gemma_2_2b,collateral_ctilde,primary,full_no_magnitude,0.5852736871353155,0.09733153505684823,0.5885527616973522,15,5,"effect_l2,act_max,frequency"
gemma_2_2b,collateral_ctilde,primary,full_all,0.5945873853848291,0.10086501278908226,0.596265291836576,19,5,"effect_l2,act_max,frequency"
gemma_2_2b,collateral_ctilde,robust,frequency_only,,,,1,0,"frequency,act_max"
gemma_2_2b,collateral_ctilde,robust,actmag_only,-0.24271186440677975,0.10153378720719863,-0.24405737841531572,1,5,"frequency,act_max"
gemma_2_2b,collateral_ctilde,robust,geometry_only,0.38617393720477916,0.15826697490678962,0.3903852265025166,5,5,"frequency,act_max"
gemma_2_2b,collateral_ctilde,robust,direct_logit_only,0.1988330091692137,0.11572726517473607,0.18293758819542438,4,5,"frequency,act_max"
gemma_2_2b,collateral_ctilde,robust,coactivation_only,0.19362045012503476,0.1212668826300009,0.17863709596773295,2,5,"frequency,act_max"
gemma_2_2b,collateral_ctilde,robust,full_no_magnitude,0.5094303973325924,0.056395444632610925,0.5208102312247913,15,5,"frequency,act_max"
gemma_2_2b,collateral_ctilde,robust,full_all,0.5199555432064464,0.05149008639266726,0.5261387348748319,19,5,"frequency,act_max"
gemma_2_2b,collateral_ctilde,effect_only,frequency_only,0.5046116070205178,0.054664281772349235,0.47894882239741693,1,5,effect_l2
gemma_2_2b,collateral_ctilde,effect_only,actmag_only,0.4958599611003057,0.04264713581503822,0.4873854153935043,1,5,effect_l2
gemma_2_2b,collateral_ctilde,effect_only,geometry_only,0.41049180327868856,0.16106093110993563,0.42421582462027346,5,5,effect_l2
gemma_2_2b,collateral_ctilde,effect_only,direct_logit_only,0.1129869408168936,0.09640620843293772,0.09688285425393615,4,5,effect_l2
gemma_2_2b,collateral_ctilde,effect_only,coactivation_only,0.39578771881078084,0.10000356843089885,0.3846251625018055,2,5,effect_l2
gemma_2_2b,collateral_ctilde,effect_only,full_no_magnitude,0.648257849402612,0.08258702444331327,0.6440853787264302,15,5,effect_l2
gemma_2_2b,collateral_ctilde,effect_only,full_all,0.6403445401500418,0.08487330510568976,0.6437658196202181,19,5,effect_l2
gemma_2_2b,kl_mean,none,frequency_only,0.077191864310181,0.10868037771623378,0.04251849429635688,1,5,
gemma_2_2b,kl_mean,none,actmag_only,0.22790775215337597,0.11189378625615314,0.1923408037867087,1,5,
gemma_2_2b,kl_mean,none,geometry_only,0.45676021116976945,0.10988092917894585,0.4520899121101345,5,5,
gemma_2_2b,kl_mean,none,direct_logit_only,0.49942761878299535,0.06111419074569239,0.48471249680552003,4,5,
gemma_2_2b,kl_mean,none,coactivation_only,-0.023762156154487363,0.09894125458393369,-0.08456449516105734,2,5,
gemma_2_2b,kl_mean,none,full_no_magnitude,0.5625229230341763,0.10911429914161357,0.5369637440416004,15,5,
gemma_2_2b,kl_mean,none,full_all,0.5370158377327037,0.10341011529087145,0.5061109567884087,19,5,
gemma_2_2b,kl_mean,primary,frequency_only,,,,1,0,"effect_l2,act_max,frequency"
gemma_2_2b,kl_mean,primary,actmag_only,-0.23443178660739097,0.25863602359044224,-0.2550063889598773,1,5,"effect_l2,act_max,frequency"
gemma_2_2b,kl_mean,primary,geometry_only,0.035465407057515975,0.09431390746829128,0.045305836731519236,5,5,"effect_l2,act_max,frequency"
gemma_2_2b,kl_mean,primary,direct_logit_only,0.09524868018894139,0.11129177458138659,0.07786708741208236,4,5,"effect_l2,act_max,frequency"
gemma_2_2b,kl_mean,primary,coactivation_only,0.21573770491803282,0.11694206910583986,0.20366537405971175,2,5,"effect_l2,act_max,frequency"
gemma_2_2b,kl_mean,primary,full_no_magnitude,0.23146429563767718,0.08087506246513855,0.23591506572295246,15,5,"effect_l2,act_max,frequency"
gemma_2_2b,kl_mean,primary,full_all,0.28260072242289536,0.1049853592242647,0.2826262514027934,19,5,"effect_l2,act_max,frequency"
gemma_2_2b,kl_mean,robust,frequency_only,,,,1,0,"frequency,act_max"
gemma_2_2b,kl_mean,robust,actmag_only,-0.3186329535982218,0.1876636179410684,-0.315518172424138,1,5,"frequency,act_max"
gemma_2_2b,kl_mean,robust,geometry_only,0.29111419838844127,0.13099164987583198,0.28928988099867775,5,5,"frequency,act_max"
gemma_2_2b,kl_mean,robust,direct_logit_only,0.4231286468463463,0.0718963603013681,0.41357259525105833,4,5,"frequency,act_max"
gemma_2_2b,kl_mean,robust,coactivation_only,0.3108752431230898,0.16612828989209794,0.31843998266647405,2,5,"frequency,act_max"
gemma_2_2b,kl_mean,robust,full_no_magnitude,0.5424951375382052,0.03462490045890355,0.5462642918254648,15,5,"frequency,act_max"
gemma_2_2b,kl_mean,robust,full_all,0.5854959711030843,0.11121043182639732,0.586748741652685,19,5,"frequency,act_max"
gemma_2_2b,kl_mean,effect_only,frequency_only,0.12851128762917344,0.17489741677749385,0.05696341718654984,1,5,effect_l2
gemma_2_2b,kl_mean,effect_only,actmag_only,0.10679633231453185,0.2116025672626432,0.052683696485516504,1,5,effect_l2
gemma_2_2b,kl_mean,effect_only,geometry_only,0.10983050847457629,0.17158842490328685,0.10172646362737363,5,5,effect_l2
gemma_2_2b,kl_mean,effect_only,direct_logit_only,0.09205890525145874,0.11049064828032566,0.09426326959188434,4,5,effect_l2
gemma_2_2b,kl_mean,effect_only,coactivation_only,0.17756043345373718,0.16148578547182205,0.167754752830587,2,5,effect_l2
gemma_2_2b,kl_mean,effect_only,full_no_magnitude,0.1410169491525424,0.1537024668075506,0.14481983133145923,15,5,effect_l2
gemma_2_2b,kl_mean,effect_only,full_all,0.1601333703806613,0.11354738853233762,0.16269114101267793,19,5,effect_l2
gemma_2_2b,kl_per_effect,none,frequency_only,0.14714564423725243,0.13664457287651885,0.02543295825220116,1,5,
gemma_2_2b,kl_per_effect,none,actmag_only,0.216371214226174,0.15770624008775536,0.09963755152835031,1,5,
gemma_2_2b,kl_per_effect,none,geometry_only,0.14143928869130312,0.1288162702373254,0.12347159412882364,5,5,
gemma_2_2b,kl_per_effect,none,direct_logit_only,0.33475965545985004,0.02416953593183513,0.307501638907099,4,5,
gemma_2_2b,kl_per_effect,none,coactivation_only,0.09158099472075579,0.08768706690680773,0.011607240080445336,2,5,
gemma_2_2b,kl_per_effect,none,full_no_magnitude,0.312164490136149,0.12779662648049608,0.2757443971599684,15,5,
gemma_2_2b,kl_per_effect,none,full_all,0.28461239233120317,0.12216104611307348,0.24669918554650602,19,5,
gemma_2_2b,kl_per_effect,primary,frequency_only,,,,1,0,"effect_l2,act_max,frequency"
gemma_2_2b,kl_per_effect,primary,actmag_only,0.013814948596832455,0.22308947576826277,0.020180668674096378,1,5,"effect_l2,act_max,frequency"
gemma_2_2b,kl_per_effect,primary,geometry_only,-0.002811892192275628,0.1406730223587976,0.015538839320436893,5,5,"effect_l2,act_max,frequency"
gemma_2_2b,kl_per_effect,primary,direct_logit_only,0.21890525145873863,0.07912400240006254,0.20507605640062668,4,5,"effect_l2,act_max,frequency"
gemma_2_2b,kl_per_effect,primary,coactivation_only,0.07475409836065575,0.04389601020202394,0.05741886020955789,2,5,"effect_l2,act_max,frequency"
gemma_2_2b,kl_per_effect,primary,full_no_magnitude,0.18511808835787724,0.09660468271914771,0.18589717663529595,15,5,"effect_l2,act_max,frequency"
gemma_2_2b,kl_per_effect,primary,full_all,0.21857182550708534,0.07165462907294858,0.2117912421249125,19,5,"effect_l2,act_max,frequency"
gemma_2_2b,kl_per_effect,robust,frequency_only,,,,1,0,"frequency,act_max"
gemma_2_2b,kl_per_effect,robust,actmag_only,-0.007879966657404836,0.20511203411525908,-0.002763586262069578,1,5,"frequency,act_max"
gemma_2_2b,kl_per_effect,robust,geometry_only,0.09115865518199502,0.11529641743769956,0.10245002722252469,5,5,"frequency,act_max"
gemma_2_2b,kl_per_effect,robust,direct_logit_only,0.3077188107807725,0.04053676810806417,0.2985570950788342,4,5,"frequency,act_max"
gemma_2_2b,kl_per_effect,robust,coactivation_only,0.09088080022228398,0.08314495044306221,0.07358748430538117,2,5,"frequency,act_max"
gemma_2_2b,kl_per_effect,robust,full_no_magnitude,0.28973603778827456,0.0691520600771518,0.27755775064167376,15,5,"frequency,act_max"
gemma_2_2b,kl_per_effect,robust,full_all,0.31185329258127265,0.07908505742909286,0.2905610062334026,19,5,"frequency,act_max"
gemma_2_2b,kl_per_effect,effect_only,frequency_only,0.16641861304889588,0.14079093764449604,0.07514191194903487,1,5,effect_l2
gemma_2_2b,kl_per_effect,effect_only,actmag_only,0.1847402056126702,0.17679460425513605,0.10434115934621495,1,5,effect_l2
gemma_2_2b,kl_per_effect,effect_only,geometry_only,0.03137538205056961,0.15119227300722424,0.03384482049800553,5,5,effect_l2
gemma_2_2b,kl_per_effect,effect_only,direct_logit_only,0.20621283689913872,0.08430789746313219,0.19757686196513294,4,5,effect_l2
gemma_2_2b,kl_per_effect,effect_only,coactivation_only,0.13754931925534872,0.10145137087233465,0.10574161935132612,2,5,effect_l2
gemma_2_2b,kl_per_effect,effect_only,full_no_magnitude,0.19422061683801056,0.1537582608185125,0.1880634229269214,15,5,effect_l2
gemma_2_2b,kl_per_effect,effect_only,full_all,0.16361211447624344,0.12990493307681925,0.16703918932432582,19,5,effect_l2
gemma_2_2b,collateral_raw_nodense,none,frequency_only,0.37015924942989564,0.09720354062695813,0.3572292789124716,1,5,
gemma_2_2b,collateral_raw_nodense,none,actmag_only,0.4966816035546051,0.09528459551470901,0.4724498486238557,1,5,
gemma_2_2b,collateral_raw_nodense,none,geometry_only,0.5533876532754615,0.11058833645818326,0.5422125797035732,5,5,
gemma_2_2b,collateral_raw_nodense,none,direct_logit_only,0.3343860276771715,0.0761226118950474,0.3164366420310843,4,5,
gemma_2_2b,collateral_raw_nodense,none,coactivation_only,0.23508143787131516,0.09918558883413066,0.22579749434661414,2,5,
gemma_2_2b,collateral_raw_nodense,none,full_no_magnitude,0.7386347760482953,0.036388322094016365,0.7401784076505789,15,5,
gemma_2_2b,collateral_raw_nodense,none,full_all,0.7523519710074118,0.052099907291537004,0.7511800896358916,19,5,
gemma_2_2b,collateral_raw_nodense,primary,frequency_only,,,,1,0,"effect_l2,act_max,frequency"
gemma_2_2b,collateral_raw_nodense,primary,actmag_only,0.23154209502639628,0.1117390331837562,0.17545750508338978,1,5,"effect_l2,act_max,frequency"
gemma_2_2b,collateral_raw_nodense,primary,geometry_only,0.39217560433453746,0.18541001892451878,0.41760864009600107,5,5,"effect_l2,act_max,frequency"
gemma_2_2b,collateral_raw_nodense,primary,direct_logit_only,0.10691858849680466,0.14072139927310806,0.09638595984399827,4,5,"effect_l2,act_max,frequency"
gemma_2_2b,collateral_raw_nodense,primary,coactivation_only,0.11442067240900251,0.10312534631140366,0.11849198324425828,2,5,"effect_l2,act_max,frequency"
gemma_2_2b,collateral_raw_nodense,primary,full_no_magnitude,0.5121200333425953,0.12166614341611755,0.5316067956310625,15,5,"effect_l2,act_max,frequency"
gemma_2_2b,collateral_raw_nodense,primary,full_all,0.5154209502639624,0.11633215578778149,0.5436789297658863,19,5,"effect_l2,act_max,frequency"
gemma_2_2b,collateral_raw_nodense,robust,frequency_only,,,,1,0,"frequency,act_max"
gemma_2_2b,collateral_raw_nodense,robust,actmag_only,0.16803556543484305,0.11675049027164934,0.16046356070623005,1,5,"frequency,act_max"
gemma_2_2b,collateral_raw_nodense,robust,geometry_only,0.48477910530702983,0.14761688013049482,0.49448416093512143,5,5,"frequency,act_max"
gemma_2_2b,collateral_raw_nodense,robust,direct_logit_only,0.28581272575715483,0.11438460306632268,0.2707683418704652,4,5,"frequency,act_max"
gemma_2_2b,collateral_raw_nodense,robust,coactivation_only,0.06548485690469577,0.13981246153444563,0.07997599973333036,2,5,"frequency,act_max"
gemma_2_2b,collateral_raw_nodense,robust,full_no_magnitude,0.6377771603223119,0.09400599898909907,0.640562672918588,15,5,"frequency,act_max"
gemma_2_2b,collateral_raw_nodense,robust,full_all,0.6756210058349543,0.08348439126686079,0.6718159090656562,19,5,"frequency,act_max"
gemma_2_2b,collateral_raw_nodense,effect_only,frequency_only,0.4584572879891705,0.08645736740284234,0.41434380587582165,1,5,effect_l2
gemma_2_2b,collateral_raw_nodense,effect_only,actmag_only,0.49121422617393734,0.052044322348771724,0.4501387793197702,1,5,effect_l2
gemma_2_2b,collateral_raw_nodense,effect_only,geometry_only,0.3389941650458461,0.1839196993018951,0.3526936965966288,5,5,effect_l2
gemma_2_2b,collateral_raw_nodense,effect_only,direct_logit_only,0.09688246735204226,0.08780124295643559,0.08970277447527195,4,5,effect_l2
gemma_2_2b,collateral_raw_nodense,effect_only,coactivation_only,0.3509196999166436,0.11856983660780647,0.3285236502627807,2,5,effect_l2
gemma_2_2b,collateral_raw_nodense,effect_only,full_no_magnitude,0.5908863573214782,0.08653361697498077,0.58909454549495,15,5,effect_l2
gemma_2_2b,collateral_raw_nodense,effect_only,full_all,0.5913642678521812,0.06767592828260588,0.5855940621562462,19,5,effect_l2
gemma_2_2b,collateral_ctilde_nodense,none,frequency_only,0.4884870310720757,0.05789568490903975,0.4460464980364218,1,5,
gemma_2_2b,collateral_ctilde_nodense,none,actmag_only,0.4676521255904419,0.034542824887209396,0.42204868942988255,1,5,
gemma_2_2b,collateral_ctilde_nodense,none,geometry_only,0.29548207835509865,0.15087707255408309,0.29064900721119125,5,5,
gemma_2_2b,collateral_ctilde_nodense,none,direct_logit_only,0.14531814392886916,0.08405827759198409,0.12016133512594583,4,5,
gemma_2_2b,collateral_ctilde_nodense,none,coactivation_only,0.3760600166712976,0.07084801882696766,0.37243213813486814,2,5,
gemma_2_2b,collateral_ctilde_nodense,none,full_no_magnitude,0.5725368157821619,0.02748295192071403,0.5704752275025278,15,5,
gemma_2_2b,collateral_ctilde_nodense,none,full_all,0.5577993887190887,0.032915043322786136,0.5561532905921176,19,5,
gemma_2_2b,collateral_ctilde_nodense,primary,frequency_only,,,,1,0,"effect_l2,act_max,frequency"
gemma_2_2b,collateral_ctilde_nodense,primary,actmag_only,0.2459460961378161,0.09222482798805388,0.20310892343248255,1,5,"effect_l2,act_max,frequency"
gemma_2_2b,collateral_ctilde_nodense,primary,geometry_only,0.39388719088635743,0.15511548410834142,0.40660096223291364,5,5,"effect_l2,act_max,frequency"
gemma_2_2b,collateral_ctilde_nodense,primary,direct_logit_only,0.09012503473186997,0.13006148374191195,0.0564037378193091,4,5,"effect_l2,act_max,frequency"
gemma_2_2b,collateral_ctilde_nodense,primary,coactivation_only,0.15365379272020008,0.08259222482820329,0.14987855420615784,2,5,"effect_l2,act_max,frequency"
gemma_2_2b,collateral_ctilde_nodense,primary,full_no_magnitude,0.5404167824395667,0.08065238744807304,0.5495954399493328,15,5,"effect_l2,act_max,frequency"
gemma_2_2b,collateral_ctilde_nodense,primary,full_all,0.5434065018060574,0.08310179557993551,0.5498385537617084,19,5,"effect_l2,act_max,frequency"
gemma_2_2b,collateral_ctilde_nodense,robust,frequency_only,,,,1,0,"frequency,act_max"
gemma_2_2b,collateral_ctilde_nodense,robust,actmag_only,-0.17283689913864966,0.2151553324164009,-0.14874743052700584,1,5,"frequency,act_max"
gemma_2_2b,collateral_ctilde_nodense,robust,geometry_only,0.36368991386496263,0.1490598839532797,0.36336537072634134,5,5,"frequency,act_max"
gemma_2_2b,collateral_ctilde_nodense,robust,direct_logit_only,0.14418449569324815,0.11127294090817026,0.12603473371926355,4,5,"frequency,act_max"
gemma_2_2b,collateral_ctilde_nodense,robust,coactivation_only,0.18310641844956935,0.1184987941089323,0.19238169312992365,2,5,"frequency,act_max"
gemma_2_2b,collateral_ctilde_nodense,robust,full_no_magnitude,0.5050291747707697,0.05659456333097623,0.5109203435593729,15,5,"frequency,act_max"
gemma_2_2b,collateral_ctilde_nodense,robust,full_all,0.48705751597666025,0.060813493419231854,0.49639129323659154,19,5,"frequency,act_max"
gemma_2_2b,collateral_ctilde_nodense,effect_only,frequency_only,0.5025905640261898,0.07692962421849493,0.4794521878909135,1,5,effect_l2
gemma_2_2b,collateral_ctilde_nodense,effect_only,actmag_only,0.5189663795498751,0.053481164642993836,0.5083523150257224,1,5,effect_l2
gemma_2_2b,collateral_ctilde_nodense,effect_only,geometry_only,0.3482745207001946,0.1618054929769542,0.34937721530239224,5,5,effect_l2
gemma_2_2b,collateral_ctilde_nodense,effect_only,direct_logit_only,0.08184495693248126,0.08168886217298346,0.05871976355292836,4,5,effect_l2
gemma_2_2b,collateral_ctilde_nodense,effect_only,coactivation_only,0.3827841066963046,0.09324992207399727,0.3773006366737408,2,5,effect_l2
gemma_2_2b,collateral_ctilde_nodense,effect_only,full_no_magnitude,0.6205946096137818,0.02784816716526948,0.6212557917310191,15,5,effect_l2
gemma_2_2b,collateral_ctilde_nodense,effect_only,full_all,0.6243845512642401,0.02879635826137654,0.6230660340670452,19,5,effect_l2
gemma_2_2b,resid_delta_norm,none,frequency_only,0.07416909651777479,0.1007309034809476,0.016444606206078915,1,5,
gemma_2_2b,resid_delta_norm,none,actmag_only,0.26891914420672414,0.12359566492773277,0.23192791031011456,1,5,
gemma_2_2b,resid_delta_norm,none,geometry_only,0.6827785495971105,0.05711623858552013,0.6869076323070256,5,5,
gemma_2_2b,resid_delta_norm,none,direct_logit_only,0.5877410391775494,0.06314699434780892,0.596410626784742,4,5,
gemma_2_2b,resid_delta_norm,none,coactivation_only,0.035043067518755217,0.08049580929140679,0.02524250269447438,2,5,
gemma_2_2b,resid_delta_norm,none,full_no_magnitude,0.8070575159766603,0.02833632393977923,0.8063494038822653,15,5,
gemma_2_2b,resid_delta_norm,none,full_all,0.8268852459016396,0.016263205642931322,0.8230140334892609,19,5,
gemma_2_2b,resid_delta_norm,primary,frequency_only,,,,1,0,"effect_l2,act_max,frequency"
gemma_2_2b,resid_delta_norm,primary,actmag_only,0.09153653792720202,0.23957881487904584,0.0393044367159635,1,5,"effect_l2,act_max,frequency"
gemma_2_2b,resid_delta_norm,primary,geometry_only,0.3980439010836344,0.0756303634632945,0.392287914310159,5,5,"effect_l2,act_max,frequency"
gemma_2_2b,resid_delta_norm,primary,direct_logit_only,0.4426340650180606,0.049191439556125066,0.43925465838509314,4,5,"effect_l2,act_max,frequency"
gemma_2_2b,resid_delta_norm,primary,coactivation_only,0.05076965823839956,0.08223336429119961,0.03301636684852054,2,5,"effect_l2,act_max,frequency"
gemma_2_2b,resid_delta_norm,primary,full_no_magnitude,0.557754931925535,0.06663706145009747,0.5490172113023477,15,5,"effect_l2,act_max,frequency"
gemma_2_2b,resid_delta_norm,primary,full_all,0.5769713809391499,0.084332649342751,0.5740774897498861,19,5,"effect_l2,act_max,frequency"
gemma_2_2b,resid_delta_norm,robust,frequency_only,,,,1,0,"frequency,act_max"
gemma_2_2b,resid_delta_norm,robust,actmag_only,0.04168935815504308,0.17699528047077157,0.06281180902010021,1,5,"frequency,act_max"
gemma_2_2b,resid_delta_norm,robust,geometry_only,0.5924868018894138,0.012157652906498156,0.5935172613029034,5,5,"frequency,act_max"
gemma_2_2b,resid_delta_norm,robust,direct_logit_only,0.5549541539316478,0.09313058033767316,0.5581586462071799,4,5,"frequency,act_max"
gemma_2_2b,resid_delta_norm,robust,coactivation_only,0.092014448457905,0.13583807825990382,0.08722852476138623,2,5,"frequency,act_max"
gemma_2_2b,resid_delta_norm,robust,full_no_magnitude,0.7534092803556545,0.028296487174351737,0.7607431193679929,15,5,"frequency,act_max"
gemma_2_2b,resid_delta_norm,robust,full_all,0.7888635732147821,0.03975007620299982,0.7899123323592484,19,5,"frequency,act_max"
gemma_2_2b,resid_delta_norm,effect_only,frequency_only,-0.12337994394000114,0.13010590458730653,-0.15876192112164542,1,5,effect_l2
gemma_2_2b,resid_delta_norm,effect_only,actmag_only,0.02231731036398999,0.30869376925586733,0.020532672585250943,1,5,effect_l2
gemma_2_2b,resid_delta_norm,effect_only,geometry_only,0.4313198110586275,0.08202720858287386,0.42585673174146377,5,5,effect_l2
gemma_2_2b,resid_delta_norm,effect_only,direct_logit_only,0.4313642678521812,0.03318286459678568,0.4381755352837253,4,5,effect_l2
gemma_2_2b,resid_delta_norm,effect_only,coactivation_only,-0.047735482078355096,0.12489768538293493,-0.0707670085223169,2,5,effect_l2
gemma_2_2b,resid_delta_norm,effect_only,full_no_magnitude,0.5464629063628786,0.08111463463849541,0.5405580062000689,15,5,effect_l2
gemma_2_2b,resid_delta_norm,effect_only,full_all,0.5791053070297305,0.08418891935666024,0.5778557539528216,19,5,effect_l2
gemma_2_2b,resid_error_delta_norm,none,frequency_only,0.18954409279543458,0.11310641251451732,0.12352922565036137,1,5,
gemma_2_2b,resid_error_delta_norm,none,actmag_only,0.29657126979716597,0.14187418731041918,0.23152657251747238,1,5,
gemma_2_2b,resid_error_delta_norm,none,geometry_only,0.3654015004167825,0.04573436052664555,0.3588457649529439,5,5,
gemma_2_2b,resid_error_delta_norm,none,direct_logit_only,0.3365601555987775,0.06430701119348803,0.3377326414737941,4,5,
gemma_2_2b,resid_error_delta_norm,none,coactivation_only,0.08570158377327038,0.10020704754533047,0.0034613717930199223,2,5,
gemma_2_2b,resid_error_delta_norm,none,full_no_magnitude,0.48818005001389286,0.05672233691890163,0.47959777330859227,15,5,
gemma_2_2b,resid_error_delta_norm,none,full_all,0.47713253681578227,0.07170649623925611,0.4712639029322548,19,5,
gemma_2_2b,resid_error_delta_norm,primary,frequency_only,,,,1,0,"effect_l2,act_max,frequency"
gemma_2_2b,resid_error_delta_norm,primary,actmag_only,-0.1258460683523201,0.13735831177198865,-0.0757799531105901,1,5,"effect_l2,act_max,frequency"
gemma_2_2b,resid_error_delta_norm,primary,geometry_only,0.09442622950819675,0.12751322475056048,0.073015477949755,5,5,"effect_l2,act_max,frequency"
gemma_2_2b,resid_error_delta_norm,primary,direct_logit_only,0.10363989997221452,0.09165591073352343,0.10027889198768873,4,5,"effect_l2,act_max,frequency"
gemma_2_2b,resid_error_delta_norm,primary,coactivation_only,0.1119310919699917,0.09609258026674934,0.10123401371126345,2,5,"effect_l2,act_max,frequency"
gemma_2_2b,resid_error_delta_norm,primary,full_no_magnitude,0.2421450402889692,0.1371483731949478,0.22318914654607272,15,5,"effect_l2,act_max,frequency"
gemma_2_2b,resid_error_delta_norm,primary,full_all,0.2640066685190331,0.10293110127022577,0.24789430993677708,19,5,"effect_l2,act_max,frequency"
gemma_2_2b,resid_error_delta_norm,robust,frequency_only,,,,1,0,"frequency,act_max"
gemma_2_2b,resid_error_delta_norm,robust,actmag_only,0.18407335370936376,0.044217466393507716,0.17787486527628085,1,5,"frequency,act_max"
gemma_2_2b,resid_error_delta_norm,robust,geometry_only,0.276799110864129,0.07941795868734229,0.27459993999933335,5,5,"frequency,act_max"
gemma_2_2b,resid_error_delta_norm,robust,direct_logit_only,0.26918588496804674,0.0825422489983754,0.2787706530072556,4,5,"frequency,act_max"
gemma_2_2b,resid_error_delta_norm,robust,coactivation_only,0.0849569324812448,0.0952774106625943,0.053416149068322975,2,5,"frequency,act_max"
gemma_2_2b,resid_error_delta_norm,robust,full_no_magnitude,0.4117921644901362,0.052666061857463524,0.4076614184602051,15,5,"frequency,act_max"
gemma_2_2b,resid_error_delta_norm,robust,full_all,0.4368546818560712,0.06698548114447438,0.4364724052489472,19,5,"frequency,act_max"
gemma_2_2b,resid_error_delta_norm,effect_only,frequency_only,0.2067348619569232,0.12250288815630532,0.12207846629427073,1,5,effect_l2
gemma_2_2b,resid_error_delta_norm,effect_only,actmag_only,0.25032509030286193,0.12210353247566931,0.16504538939321547,1,5,effect_l2
gemma_2_2b,resid_error_delta_norm,effect_only,geometry_only,0.12577938316198947,0.10993656738164291,0.10655851731685907,5,5,effect_l2
gemma_2_2b,resid_error_delta_norm,effect_only,direct_logit_only,0.11093081411503196,0.08927369698705186,0.1204537828198091,4,5,effect_l2
gemma_2_2b,resid_error_delta_norm,effect_only,coactivation_only,0.15565434843011952,0.10243304939361485,0.12485649840553782,2,5,effect_l2
gemma_2_2b,resid_error_delta_norm,effect_only,full_no_magnitude,0.24589052514587392,0.11959129185446225,0.22923676929743664,15,5,effect_l2
gemma_2_2b,resid_error_delta_norm,effect_only,full_all,0.2472686857460406,0.11630671996575422,0.22690696563295146,19,5,effect_l2
gemma_2_2b,resid_change_explained_energy,none,frequency_only,0.1247934933206287,0.13539411397202752,0.017851140514396575,1,5,
gemma_2_2b,resid_change_explained_energy,none,actmag_only,0.04101139205334816,0.12931838599682724,0.02035533728152535,1,5,
gemma_2_2b,resid_change_explained_energy,none,geometry_only,0.5173214781883858,0.10993082448048978,0.5131301458905099,5,5,
gemma_2_2b,resid_change_explained_energy,none,direct_logit_only,0.3863406501806058,0.14507357834762796,0.4064774053045033,4,5,
gemma_2_2b,resid_change_explained_energy,none,coactivation_only,0.20742428452347877,0.10194150090705852,0.18794297714419048,2,5,
gemma_2_2b,resid_change_explained_energy,none,full_no_magnitude,0.5073298138371771,0.13180470556055882,0.5109136768186313,15,5,
gemma_2_2b,resid_change_explained_energy,none,full_all,0.5083189774937483,0.12877936543803872,0.5174168601873355,19,5,
gemma_2_2b,resid_change_explained_energy,primary,frequency_only,,,,1,0,"effect_l2,act_max,frequency"
gemma_2_2b,resid_change_explained_energy,primary,actmag_only,-0.020116699083078643,0.201971425848636,-0.04450849453882821,1,5,"effect_l2,act_max,frequency"
gemma_2_2b,resid_change_explained_energy,primary,geometry_only,0.2395887746596277,0.1433441240892423,0.22038778208646762,5,5,"effect_l2,act_max,frequency"
gemma_2_2b,resid_change_explained_energy,primary,direct_logit_only,0.1865962767435399,0.08420386481071028,0.16995922176913075,4,5,"effect_l2,act_max,frequency"
gemma_2_2b,resid_change_explained_energy,primary,coactivation_only,0.09139205334815229,0.1483029033014926,0.08477116412404583,2,5,"effect_l2,act_max,frequency"
gemma_2_2b,resid_change_explained_energy,primary,full_no_magnitude,0.21646012781328153,0.12407618200590874,0.19572884143157146,15,5,"effect_l2,act_max,frequency"
gemma_2_2b,resid_change_explained_energy,primary,full_all,0.22718532925812726,0.11928181786447402,0.20561472905254502,19,5,"effect_l2,act_max,frequency"
gemma_2_2b,resid_change_explained_energy,robust,frequency_only,,,,1,0,"frequency,act_max"
gemma_2_2b,resid_change_explained_energy,robust,actmag_only,-0.03536537927202003,0.15122959752864068,-0.03737908198979988,1,5,"frequency,act_max"
gemma_2_2b,resid_change_explained_energy,robust,geometry_only,0.42654070575159775,0.11423493829945162,0.4276749741663797,5,5,"frequency,act_max"
gemma_2_2b,resid_change_explained_energy,robust,direct_logit_only,0.32833564879133104,0.1395460996628367,0.34854076156401737,4,5,"frequency,act_max"
gemma_2_2b,resid_change_explained_energy,robust,coactivation_only,0.15234231731036402,0.11615559600715687,0.15218124645829395,2,5,"frequency,act_max"
gemma_2_2b,resid_change_explained_energy,robust,full_no_magnitude,0.44447902195054195,0.13217062761728446,0.45221969132990364,15,5,"frequency,act_max"
gemma_2_2b,resid_change_explained_energy,robust,full_all,0.4681744929146987,0.13861750760173286,0.47714752386137615,19,5,"frequency,act_max"
gemma_2_2b,resid_change_explained_energy,effect_only,frequency_only,0.1473930385873485,0.14104728913721437,0.07581551054099424,1,5,effect_l2
gemma_2_2b,resid_change_explained_energy,effect_only,actmag_only,-0.026829674909697142,0.16434568727180562,-0.07285458727319191,1,5,effect_l2
gemma_2_2b,resid_change_explained_energy,effect_only,geometry_only,0.2634398444012226,0.13447738505974766,0.2554117267969644,5,5,effect_l2
gemma_2_2b,resid_change_explained_energy,effect_only,direct_logit_only,0.2055682133926091,0.1179953537293794,0.20765164057378416,4,5,effect_l2
gemma_2_2b,resid_change_explained_energy,effect_only,coactivation_only,0.19632120033342598,0.11023055798305724,0.16074578606428958,2,5,effect_l2
gemma_2_2b,resid_change_explained_energy,effect_only,full_no_magnitude,0.21916087802167272,0.07968172128556458,0.22128156979521993,15,5,effect_l2
gemma_2_2b,resid_change_explained_energy,effect_only,full_all,0.24509030286190617,0.0714427605781634,0.23452927254747277,19,5,effect_l2
gemma_2_2b,stab_anti_frac,none,frequency_only,-0.15906588586111917,0.1290718506010979,-0.24859569492824685,1,5,
gemma_2_2b,stab_anti_frac,none,actmag_only,0.09124436400062856,0.2218064654887803,-0.12523549728878247,1,5,
gemma_2_2b,stab_anti_frac,none,geometry_only,0.20129557767027006,0.07317982067106904,0.136711386121896,5,5,
gemma_2_2b,stab_anti_frac,none,direct_logit_only,0.337237303465613,0.053336621854280925,0.2874933998521577,4,5,
gemma_2_2b,stab_anti_frac,none,coactivation_only,-0.13614080149622873,0.08968518280521116,-0.20182354423677362,2,5,
gemma_2_2b,stab_anti_frac,none,full_no_magnitude,0.30331557514416974,0.08708200559580326,0.25598041113326647,15,5,
gemma_2_2b,stab_anti_frac,none,full_all,0.2772612118517071,0.09311102866818023,0.23267079228004164,19,5,
gemma_2_2b,stab_anti_frac,primary,frequency_only,,,,1,0,"effect_l2,act_max,frequency"
gemma_2_2b,stab_anti_frac,primary,actmag_only,0.013826062795220907,0.2625860193650391,0.005508950099445549,1,5,"effect_l2,act_max,frequency"
gemma_2_2b,stab_anti_frac,primary,geometry_only,0.22026118366212843,0.04675132562055173,0.2255936177068634,5,5,"effect_l2,act_max,frequency"
gemma_2_2b,stab_anti_frac,primary,direct_logit_only,0.3815948874687414,0.04386075011032598,0.3686409848998322,4,5,"effect_l2,act_max,frequency"
gemma_2_2b,stab_anti_frac,primary,coactivation_only,-0.010469574881911647,0.13798041003012676,-0.03974710830120334,2,5,"effect_l2,act_max,frequency"
gemma_2_2b,stab_anti_frac,primary,full_no_magnitude,0.3091303139761045,0.08198070652472023,0.2956170624118046,15,5,"effect_l2,act_max,frequency"
gemma_2_2b,stab_anti_frac,primary,full_all,0.3281133648235621,0.05642666153229833,0.31542350470560787,19,5,"effect_l2,act_max,frequency"
gemma_2_2b,stab_anti_frac,robust,frequency_only,,,,1,0,"frequency,act_max"
gemma_2_2b,stab_anti_frac,robust,actmag_only,0.1589886079466519,0.2016983398956751,0.0313861265125168,1,5,"frequency,act_max"
gemma_2_2b,stab_anti_frac,robust,geometry_only,0.08912475687691027,0.09518797628433114,0.10782208691207679,5,5,"frequency,act_max"
gemma_2_2b,stab_anti_frac,robust,direct_logit_only,0.27416504584606843,0.05508436671538577,0.2704670051889465,4,5,"frequency,act_max"
gemma_2_2b,stab_anti_frac,robust,coactivation_only,-0.02055015282022784,0.08235357320631656,-0.04168801875576396,2,5,"frequency,act_max"
gemma_2_2b,stab_anti_frac,robust,full_no_magnitude,0.20188941372603503,0.08170871876015368,0.18515361281792017,15,5,"frequency,act_max"
gemma_2_2b,stab_anti_frac,robust,full_all,0.20368991386496252,0.038756049631238354,0.1859865109612329,19,5,"frequency,act_max"
gemma_2_2b,stab_anti_frac,effect_only,frequency_only,-0.1742677889864441,0.1125135743827498,-0.11098153508598733,1,5,effect_l2
gemma_2_2b,stab_anti_frac,effect_only,actmag_only,0.11944429008057796,0.22727270063559496,0.05989488772097467,1,5,effect_l2
gemma_2_2b,stab_anti_frac,effect_only,geometry_only,0.31130869686023904,0.07711805817252411,0.3061109567884087,5,5,effect_l2
gemma_2_2b,stab_anti_frac,effect_only,direct_logit_only,0.42995276465684923,0.05478181508339422,0.4273065256280625,4,5,effect_l2
gemma_2_2b,stab_anti_frac,effect_only,coactivation_only,-0.13471519866629622,0.10483368520707595,-0.15581728685874288,2,5,effect_l2
gemma_2_2b,stab_anti_frac,effect_only,full_no_magnitude,0.4039121978327314,0.06923147030120308,0.38729230324781383,15,5,effect_l2
gemma_2_2b,stab_anti_frac,effect_only,full_all,0.3764378994165047,0.06494798435996994,0.36047689418771317,19,5,effect_l2
gemma_2_2b,effect_pc1_ratio,none,frequency_only,0.22310773026118777,0.16252604386143948,0.06586154124575835,1,5,
gemma_2_2b,effect_pc1_ratio,none,actmag_only,0.18875243123089752,0.18359260556779183,-0.00029778108645651615,1,5,
gemma_2_2b,effect_pc1_ratio,none,geometry_only,0.02382884134481801,0.048999655891516315,-0.017744197157746198,5,5,
gemma_2_2b,effect_pc1_ratio,none,direct_logit_only,0.1660572381217005,0.10827005986967661,0.1234235935954844,4,5,
gemma_2_2b,effect_pc1_ratio,none,coactivation_only,0.19243123089747155,0.15589837548368576,0.13653707263414036,2,5,
gemma_2_2b,effect_pc1_ratio,none,full_no_magnitude,0.25345929424840236,0.13616203984494427,0.22452738363759597,15,5,
gemma_2_2b,effect_pc1_ratio,none,full_all,0.21166990830786334,0.1214236016448289,0.19653418371315234,19,5,
gemma_2_2b,effect_pc1_ratio,primary,frequency_only,,,,1,0,"effect_l2,act_max,frequency"
gemma_2_2b,effect_pc1_ratio,primary,actmag_only,0.11495415393164769,0.19215546678937648,0.11199635551506126,1,5,"effect_l2,act_max,frequency"
gemma_2_2b,effect_pc1_ratio,primary,geometry_only,0.18132814670741876,0.1404834368548192,0.18624784719830217,5,5,"effect_l2,act_max,frequency"
gemma_2_2b,effect_pc1_ratio,primary,direct_logit_only,0.32761322589608227,0.12458544749888031,0.32229291436571517,4,5,"effect_l2,act_max,frequency"
gemma_2_2b,effect_pc1_ratio,primary,coactivation_only,0.028841344818005005,0.09862997274508355,0.015533061478460872,2,5,"effect_l2,act_max,frequency"
gemma_2_2b,effect_pc1_ratio,primary,full_no_magnitude,0.39512086690747444,0.15194829645793959,0.39014122379137545,15,5,"effect_l2,act_max,frequency"
gemma_2_2b,effect_pc1_ratio,primary,full_all,0.3773159210891915,0.13149737602993344,0.38671407460082885,19,5,"effect_l2,act_max,frequency"
gemma_2_2b,effect_pc1_ratio,robust,frequency_only,,,,1,0,"frequency,act_max"
gemma_2_2b,effect_pc1_ratio,robust,actmag_only,-0.09702695193109198,0.19280285619875578,-0.06416960188446538,1,5,"frequency,act_max"
gemma_2_2b,effect_pc1_ratio,robust,geometry_only,0.04813559322033899,0.059398391875811335,0.024065156279514215,5,5,"frequency,act_max"
gemma_2_2b,effect_pc1_ratio,robust,direct_logit_only,0.15235343150875244,0.11875609964114951,0.17014544606051177,4,5,"frequency,act_max"
gemma_2_2b,effect_pc1_ratio,robust,coactivation_only,0.08874687413170326,0.1639589585159192,0.0822773586373182,2,5,"frequency,act_max"
gemma_2_2b,effect_pc1_ratio,robust,full_no_magnitude,0.24007779938871915,0.14702427493709577,0.2308674540828231,15,5,"frequency,act_max"
gemma_2_2b,effect_pc1_ratio,robust,full_all,0.20765768268963605,0.12102370707729752,0.20907210080112,19,5,"frequency,act_max"
gemma_2_2b,effect_pc1_ratio,effect_only,frequency_only,0.24008908345160665,0.15422773465991463,0.20359345208745558,1,5,effect_l2
gemma_2_2b,effect_pc1_ratio,effect_only,actmag_only,0.2815893303695472,0.18620842677319446,0.2615264614051267,1,5,effect_l2
gemma_2_2b,effect_pc1_ratio,effect_only,geometry_only,0.1759266462906363,0.1196680630547025,0.18877054189490994,5,5,effect_l2
gemma_2_2b,effect_pc1_ratio,effect_only,direct_logit_only,0.3245679355376494,0.14307047578351312,0.3242102690029889,4,5,effect_l2
gemma_2_2b,effect_pc1_ratio,effect_only,coactivation_only,0.1506751875520978,0.15232092055016744,0.1215875731952577,2,5,effect_l2
gemma_2_2b,effect_pc1_ratio,effect_only,full_no_magnitude,0.39424284523478753,0.17453393542710902,0.3926848076089734,15,5,effect_l2
gemma_2_2b,effect_pc1_ratio,effect_only,full_all,0.36078910808557946,0.15043158706637755,0.37649929443660485,19,5,effect_l2
gpt2_small,collateral_raw,none,frequency_only,0.09316283378160088,0.055244676734937964,0.0027577520538759528,1,5,
gpt2_small,collateral_raw,none,actmag_only,0.07103322217198373,0.03999912689835257,0.011824901851281272,1,5,
gpt2_small,collateral_raw,none,geometry_only,0.547138144620068,0.11579406005944128,0.5387756045577806,5,5,
gpt2_small,collateral_raw,none,direct_logit_only,0.20185428615507672,0.11581005933022982,0.18618125850109182,4,5,
gpt2_small,collateral_raw,none,coactivation_only,0.19993998633900772,0.0929379478956522,0.1660619694611236,2,5,
gpt2_small,collateral_raw,none,full_no_magnitude,0.5790440129363477,0.10495426228900581,0.5788452903897425,15,5,
gpt2_small,collateral_raw,none,full_all,0.5812837271275223,0.10228845766357217,0.5835078275670503,19,5,
gpt2_small,collateral_raw,primary,frequency_only,,,,1,0,"effect_l2,act_max,frequency"
gpt2_small,collateral_raw,primary,actmag_only,0.04407891080855795,0.06322773981320222,0.024782942032689253,1,5,"effect_l2,act_max,frequency"
gpt2_small,collateral_raw,primary,geometry_only,0.46036121144762443,0.07168833200879608,0.4601828909210102,5,5,"effect_l2,act_max,frequency"
gpt2_small,collateral_raw,primary,direct_logit_only,0.21808280077799394,0.11331047954049282,0.21921132457027295,4,5,"effect_l2,act_max,frequency"
gpt2_small,collateral_raw,primary,coactivation_only,0.19340928035565436,0.11471584676388465,0.18464694052156136,2,5,"effect_l2,act_max,frequency"
gpt2_small,collateral_raw,primary,full_no_magnitude,0.5147096415671021,0.0871242741840819,0.5095469949666107,15,5,"effect_l2,act_max,frequency"
gpt2_small,collateral_raw,primary,full_all,0.5125868296749098,0.0888129257923853,0.5190093223258035,19,5,"effect_l2,act_max,frequency"
gpt2_small,collateral_raw,robust,frequency_only,,,,1,0,"frequency,act_max"
gpt2_small,collateral_raw,robust,actmag_only,0.030875243123089757,0.05848745500477608,0.012022355803953378,1,5,"frequency,act_max"
gpt2_small,collateral_raw,robust,geometry_only,0.5492081133648237,0.09266003247042412,0.5461358459538439,5,5,"frequency,act_max"
gpt2_small,collateral_raw,robust,direct_logit_only,0.2092025562656294,0.08814970978469905,0.20713385704285603,4,5,"frequency,act_max"
gpt2_small,collateral_raw,robust,coactivation_only,0.1979661016949153,0.10960373455818535,0.18514961277347525,2,5,"frequency,act_max"
gpt2_small,collateral_raw,robust,full_no_magnitude,0.5436621283689915,0.10395440986905842,0.5494847720530228,15,5,"frequency,act_max"
gpt2_small,collateral_raw,robust,full_all,0.5366046123923313,0.09812939944516554,0.5492269914110157,19,5,"frequency,act_max"
gpt2_small,collateral_raw,effect_only,frequency_only,0.05279779356478655,0.08142627334585426,0.06049286903438944,1,5,effect_l2
gpt2_small,collateral_raw,effect_only,actmag_only,0.0494026118366213,0.06971809170369221,0.07899554439493772,1,5,effect_l2
gpt2_small,collateral_raw,effect_only,geometry_only,0.46617393720477923,0.07912087220783001,0.4629682552028356,5,5,effect_l2
gpt2_small,collateral_raw,effect_only,direct_logit_only,0.2281522645179217,0.09029066008572031,0.23929065878509762,4,5,effect_l2
gpt2_small,collateral_raw,effect_only,coactivation_only,0.17323701028063354,0.09137338383198146,0.18129045878287534,2,5,effect_l2
gpt2_small,collateral_raw,effect_only,full_no_magnitude,0.5334148374548486,0.08908737808359181,0.5380357559528439,15,5,effect_l2
gpt2_small,collateral_raw,effect_only,full_all,0.5386051681022507,0.09125670199003574,0.5456047289414326,19,5,effect_l2
gpt2_small,collateral_ctilde,none,frequency_only,0.04841598006774386,0.07700132633681146,-0.029986164574955846,1,5,
gpt2_small,collateral_ctilde,none,actmag_only,0.05413726035009726,0.07015391191817462,-0.041179124212491244,1,5,
gpt2_small,collateral_ctilde,none,geometry_only,0.35839955543206453,0.04199198905092681,0.349936332625918,5,5,
gpt2_small,collateral_ctilde,none,direct_logit_only,0.24784662406223953,0.07549763789743184,0.2339061545128279,4,5,
gpt2_small,collateral_ctilde,none,coactivation_only,0.14757432620172273,0.08164572592009739,0.13746063845153833,2,5,
gpt2_small,collateral_ctilde,none,full_no_magnitude,0.4665407057515978,0.0660547358135639,0.4672611917910198,15,5,
gpt2_small,collateral_ctilde,none,full_all,0.4653959433175883,0.06488294822049034,0.48009244547161634,19,5,
gpt2_small,collateral_ctilde,primary,frequency_only,,,,1,0,"effect_l2,act_max,frequency"
gpt2_small,collateral_ctilde,primary,actmag_only,0.039477632675743266,0.0477543569577609,0.022049133879265326,1,5,"effect_l2,act_max,frequency"
gpt2_small,collateral_ctilde,primary,geometry_only,0.45331480966935267,0.07942962787464201,0.4533734819275769,5,5,"effect_l2,act_max,frequency"
gpt2_small,collateral_ctilde,primary,direct_logit_only,0.22796332314531814,0.10820760605667523,0.23627062522916917,4,5,"effect_l2,act_max,frequency"
gpt2_small,collateral_ctilde,primary,coactivation_only,0.17946096137816064,0.12548389011189284,0.17553483927599195,2,5,"effect_l2,act_max,frequency"
gpt2_small,collateral_ctilde,primary,full_no_magnitude,0.5119088635732149,0.09672119509713493,0.5140310447893865,15,5,"effect_l2,act_max,frequency"
gpt2_small,collateral_ctilde,primary,full_all,0.5150986385106975,0.09764594921973606,0.5256236180402004,19,5,"effect_l2,act_max,frequency"
gpt2_small,collateral_ctilde,robust,frequency_only,,,,1,0,"frequency,act_max"
gpt2_small,collateral_ctilde,robust,actmag_only,0.03901083634342874,0.06276119042390811,0.009584550939454883,1,5,"frequency,act_max"
gpt2_small,collateral_ctilde,robust,geometry_only,0.3489191442067242,0.04682386059775211,0.3535048167201857,5,5,"frequency,act_max"
gpt2_small,collateral_ctilde,robust,direct_logit_only,0.2379883300916922,0.09122580210868764,0.2358941766019622,4,5,"frequency,act_max"
gpt2_small,collateral_ctilde,robust,coactivation_only,0.16621283689913868,0.11523348605833553,0.1561670685229836,2,5,"frequency,act_max"
gpt2_small,collateral_ctilde,robust,full_no_magnitude,0.45868296749096976,0.07059325521233373,0.45562772919699107,15,5,"frequency,act_max"
gpt2_small,collateral_ctilde,robust,full_all,0.47240900250069473,0.04673291128555313,0.47785819842442695,19,5,"frequency,act_max"
gpt2_small,collateral_ctilde,effect_only,frequency_only,0.06561649711603033,0.08730276204641063,0.0561360702233165,1,5,effect_l2
gpt2_small,collateral_ctilde,effect_only,actmag_only,0.06247290914142818,0.07044253465405793,0.08272891921021344,1,5,effect_l2
gpt2_small,collateral_ctilde,effect_only,geometry_only,0.4474687413170327,0.07575760311264627,0.4497894421049123,5,5,effect_l2
gpt2_small,collateral_ctilde,effect_only,direct_logit_only,0.25095859961100314,0.08453841692346457,0.2573815264614051,4,5,effect_l2
gpt2_small,collateral_ctilde,effect_only,coactivation_only,0.1756043345373715,0.09938048718774192,0.17915221280236446,2,5,effect_l2
gpt2_small,collateral_ctilde,effect_only,full_no_magnitude,0.5286246179494305,0.08802237852631677,0.5296605517839087,15,5,effect_l2
gpt2_small,collateral_ctilde,effect_only,full_all,0.5288246735204225,0.09206594612141408,0.5421349126101401,19,5,effect_l2
gpt2_small,kl_mean,none,frequency_only,0.36170932683126944,0.11136170922509539,0.251455437226655,1,5,
gpt2_small,kl_mean,none,actmag_only,0.201989441511531,0.10579409465761982,0.14526872520805786,1,5,
gpt2_small,kl_mean,none,geometry_only,0.40533481522645187,0.11505743798517853,0.3977644196046622,5,5,
gpt2_small,kl_mean,none,direct_logit_only,0.12267852181161434,0.1153164075147738,0.11581017566861854,4,5,
gpt2_small,kl_mean,none,coactivation_only,0.3212559044178939,0.12063106915680247,0.3068736319292436,2,5,
gpt2_small,kl_mean,none,full_no_magnitude,0.446724090025007,0.06819105892122426,0.4530112556806186,15,5,
gpt2_small,kl_mean,none,full_all,0.4470686301750487,0.07298672164667093,0.4590242113801264,19,5,
gpt2_small,kl_mean,primary,frequency_only,,,,1,0,"effect_l2,act_max,frequency"
gpt2_small,kl_mean,primary,actmag_only,-0.07947763267574329,0.10187494802609799,-0.07934799275547505,1,5,"effect_l2,act_max,frequency"
gpt2_small,kl_mean,primary,geometry_only,0.12353431508752433,0.09649771782824092,0.12420982455360614,5,5,"effect_l2,act_max,frequency"
gpt2_small,kl_mean,primary,direct_logit_only,0.5666129480411227,0.14094169274589893,0.5619084656496183,4,5,"effect_l2,act_max,frequency"
gpt2_small,kl_mean,primary,coactivation_only,0.09911642122811895,0.1059763533047727,0.07563995155501728,2,5,"effect_l2,act_max,frequency"
gpt2_small,kl_mean,primary,full_no_magnitude,0.5771603223117533,0.07568742989829366,0.5721050233891487,15,5,"effect_l2,act_max,frequency"
gpt2_small,kl_mean,primary,full_all,0.5958766323978885,0.059724328903630663,0.5924554717274637,19,5,"effect_l2,act_max,frequency"
gpt2_small,kl_mean,robust,frequency_only,,,,1,0,"frequency,act_max"
gpt2_small,kl_mean,robust,actmag_only,0.15048624617949433,0.06277502521410765,0.16309736774853054,1,5,"frequency,act_max"
gpt2_small,kl_mean,robust,geometry_only,0.3557766046123924,0.10138171951201377,0.3538781542017133,5,5,"frequency,act_max"
gpt2_small,kl_mean,robust,direct_logit_only,0.13876076687968883,0.16862281807260604,0.1466696296625518,4,5,"frequency,act_max"
gpt2_small,kl_mean,robust,coactivation_only,0.08247846624062241,0.13116959045315638,0.05964066267402971,2,5,"frequency,act_max"
gpt2_small,kl_mean,robust,full_no_magnitude,0.34086135037510423,0.09940569359063153,0.3562679585328726,15,5,"frequency,act_max"
gpt2_small,kl_mean,robust,full_all,0.35955543206446244,0.08538703366595264,0.3839620440227114,19,5,"frequency,act_max"
gpt2_small,kl_mean,effect_only,frequency_only,0.1743360606893877,0.1040283366241879,0.17682775437784942,1,5,effect_l2
gpt2_small,kl_mean,effect_only,actmag_only,-0.08305640455682135,0.1002589567319998,-0.06569095212169024,1,5,effect_l2
gpt2_small,kl_mean,effect_only,geometry_only,0.17385940539038627,0.1018801326294323,0.16862720696896633,5,5,effect_l2
gpt2_small,kl_mean,effect_only,direct_logit_only,0.5904529035843291,0.13941127609971243,0.5777966421849132,4,5,effect_l2
gpt2_small,kl_mean,effect_only,coactivation_only,0.15682133926090586,0.10406850151989491,0.14824431382570916,2,5,effect_l2
gpt2_small,kl_mean,effect_only,full_no_magnitude,0.5777160322311754,0.08227609937032658,0.5710534561495128,15,5,effect_l2
gpt2_small,kl_mean,effect_only,full_all,0.5899083078632954,0.06002151401124319,0.5775104167824087,19,5,effect_l2
gpt2_small,kl_per_effect,none,frequency_only,0.3903477688880934,0.13287993404373435,0.27915896106139454,1,5,
gpt2_small,kl_per_effect,none,actmag_only,0.21640455682133924,0.12662707902605402,0.17102056689518771,1,5,
gpt2_small,kl_per_effect,none,geometry_only,0.35447624340094486,0.0876919648450816,0.36484316492405466,5,5,
gpt2_small,kl_per_effect,none,direct_logit_only,0.1964767991108642,0.17516991295050283,0.1816837964866276,4,5,
gpt2_small,kl_per_effect,none,coactivation_only,0.3632564601278133,0.12577931196117553,0.347381193124368,2,5,
gpt2_small,kl_per_effect,none,full_no_magnitude,0.4475909974993055,0.09503390028362957,0.4593162146246069,15,5,
gpt2_small,kl_per_effect,none,full_all,0.4554820783550987,0.09079546816904667,0.4770186335403727,19,5,
gpt2_small,kl_per_effect,primary,frequency_only,,,,1,0,"effect_l2,act_max,frequency"
gpt2_small,kl_per_effect,primary,actmag_only,-0.15423173103639903,0.03201482609920041,-0.14040422671363012,1,5,"effect_l2,act_max,frequency"
gpt2_small,kl_per_effect,primary,geometry_only,0.17928313420394557,0.0771770000115237,0.17770953010589005,5,5,"effect_l2,act_max,frequency"
gpt2_small,kl_per_effect,primary,direct_logit_only,0.4487024173381496,0.18575658745046825,0.43212702363359595,4,5,"effect_l2,act_max,frequency"
gpt2_small,kl_per_effect,primary,coactivation_only,0.1250791886635177,0.11741548795200046,0.106498516650185,2,5,"effect_l2,act_max,frequency"
gpt2_small,kl_per_effect,primary,full_no_magnitude,0.4943595443178662,0.10609259485875817,0.486437404860054,15,5,"effect_l2,act_max,frequency"
gpt2_small,kl_per_effect,primary,full_all,0.5338371769936094,0.08773877657239469,0.5253342814920166,19,5,"effect_l2,act_max,frequency"
gpt2_small,kl_per_effect,robust,frequency_only,,,,1,0,"frequency,act_max"
gpt2_small,kl_per_effect,robust,actmag_only,0.1266018338427341,0.07251523788971051,0.1352268358537317,1,5,"frequency,act_max"
gpt2_small,kl_per_effect,robust,geometry_only,0.30626285079188664,0.08045903136988998,0.30845453838375986,5,5,"frequency,act_max"
gpt2_small,kl_per_effect,robust,direct_logit_only,0.16433453737149212,0.19873194740815062,0.1576030844787164,4,5,"frequency,act_max"
gpt2_small,kl_per_effect,robust,coactivation_only,0.15968880244512368,0.15051888587772794,0.14905943399371102,2,5,"frequency,act_max"
gpt2_small,kl_per_effect,robust,full_no_magnitude,0.3405946096137817,0.11727431759686516,0.36659473994155484,15,5,"frequency,act_max"
gpt2_small,kl_per_effect,robust,full_all,0.3739816615726591,0.10536685287264928,0.40966632962588473,19,5,"frequency,act_max"
gpt2_small,kl_per_effect,effect_only,frequency_only,0.2632338084467023,0.13594911037741783,0.26032773061204467,1,5,effect_l2
gpt2_small,kl_per_effect,effect_only,actmag_only,0.12950263962211728,0.12305584342504171,0.11678396426626961,1,5,effect_l2
gpt2_small,kl_per_effect,effect_only,geometry_only,0.22838566268407892,0.081602215675399,0.2281345348281647,5,5,effect_l2
gpt2_small,kl_per_effect,effect_only,direct_logit_only,0.47722145040288977,0.17044766898210945,0.45231213680152,4,5,effect_l2
gpt2_small,kl_per_effect,effect_only,coactivation_only,0.22782995276465692,0.11760917648533331,0.21213613484594274,2,5,effect_l2
gpt2_small,kl_per_effect,effect_only,full_no_magnitude,0.5118755209780496,0.12063862291882602,0.4974210824564717,15,5,effect_l2
gpt2_small,kl_per_effect,effect_only,full_all,0.5263573214781885,0.08867883987720228,0.521662685140946,19,5,effect_l2
gpt2_small,collateral_raw_nodense,none,frequency_only,0.09077369069847877,0.06059840693402316,-0.0030316982897483145,1,5,
gpt2_small,collateral_raw_nodense,none,actmag_only,0.07029998856452115,0.047094425809636874,0.01146513475294627,1,5,
gpt2_small,collateral_raw_nodense,none,geometry_only,0.5460598893937452,0.1158474869775918,0.537393079680289,5,5,
gpt2_small,collateral_raw_nodense,none,direct_logit_only,0.20657473940801713,0.11281023776717136,0.18339215497489245,4,5,
gpt2_small,collateral_raw_nodense,none,coactivation_only,0.19919637400456686,0.09539350446055968,0.16877228590358626,2,5,
gpt2_small,collateral_raw_nodense,none,full_no_magnitude,0.5791867445533071,0.10502713351872911,0.5771208205106301,15,5,
gpt2_small,collateral_raw_nodense,none,full_all,0.5798925854052548,0.10441766633537664,0.5812582425689019,19,5,
gpt2_small,collateral_raw_nodense,primary,frequency_only,,,,1,0,"effect_l2,act_max,frequency"
gpt2_small,collateral_raw_nodense,primary,actmag_only,0.047168657960544605,0.05932727868312195,0.025345170501894464,1,5,"effect_l2,act_max,frequency"
gpt2_small,collateral_raw_nodense,primary,geometry_only,0.46046123923312043,0.0738060015976524,0.45892776586406514,5,5,"effect_l2,act_max,frequency"
gpt2_small,collateral_raw_nodense,primary,direct_logit_only,0.2205501528202279,0.10858353634650567,0.22180468671874132,4,5,"effect_l2,act_max,frequency"
gpt2_small,collateral_raw_nodense,primary,coactivation_only,0.1975104195609892,0.11990250142003465,0.18665540728230315,2,5,"effect_l2,act_max,frequency"
gpt2_small,collateral_raw_nodense,primary,full_no_magnitude,0.5100639066407336,0.09250045989886164,0.5060980677563084,15,5,"effect_l2,act_max,frequency"
gpt2_small,collateral_raw_nodense,primary,full_all,0.5100527924423452,0.09128662661416657,0.5166724074711941,19,5,"effect_l2,act_max,frequency"
gpt2_small,collateral_raw_nodense,robust,frequency_only,,,,1,0,"frequency,act_max"
gpt2_small,collateral_raw_nodense,robust,actmag_only,0.028830230619616565,0.05605028539447398,0.009760108445649396,1,5,"frequency,act_max"
gpt2_small,collateral_raw_nodense,robust,geometry_only,0.5472631286468465,0.09212271363096053,0.5442611584573162,5,5,"frequency,act_max"
gpt2_small,collateral_raw_nodense,robust,direct_logit_only,0.2148707974437344,0.08945492749256614,0.21065789619884664,4,5,"frequency,act_max"
gpt2_small,collateral_raw_nodense,robust,coactivation_only,0.2010891914420673,0.10893543776378162,0.19013544594939943,2,5,"frequency,act_max"
gpt2_small,collateral_raw_nodense,robust,full_no_magnitude,0.5403612114476244,0.10269104564925195,0.5499336659296213,15,5,"frequency,act_max"
gpt2_small,collateral_raw_nodense,robust,full_all,0.5364601278132815,0.09786425997036022,0.550004333381482,19,5,"frequency,act_max"
gpt2_small,collateral_raw_nodense,effect_only,frequency_only,0.05206997471063944,0.08583893310855766,0.05868387069119372,1,5,effect_l2
gpt2_small,collateral_raw_nodense,effect_only,actmag_only,0.052392331203111986,0.0719530439705101,0.08226580295336615,1,5,effect_l2
gpt2_small,collateral_raw_nodense,effect_only,geometry_only,0.4643178660739096,0.07922612393479501,0.46123579150879446,5,5,effect_l2
gpt2_small,collateral_raw_nodense,effect_only,direct_logit_only,0.22640733537093644,0.09399554540898171,0.23790308781208677,4,5,effect_l2
gpt2_small,collateral_raw_nodense,effect_only,coactivation_only,0.18266185051403172,0.09227809772565433,0.18926388070978564,2,5,effect_l2
gpt2_small,collateral_raw_nodense,effect_only,full_no_magnitude,0.5317143651014171,0.0897280796473243,0.5337477083078701,15,5,effect_l2
gpt2_small,collateral_raw_nodense,effect_only,full_all,0.5366268407891082,0.09457908952988142,0.5427406971188569,19,5,effect_l2
gpt2_small,collateral_ctilde_nodense,none,frequency_only,0.047478945978557965,0.08065525430256754,-0.030595831911899685,1,5,
gpt2_small,collateral_ctilde_nodense,none,actmag_only,0.05421505973881634,0.06677479022707786,-0.04232402582250914,1,5,
gpt2_small,collateral_ctilde_nodense,none,geometry_only,0.3564434565156989,0.0397261843826722,0.349074989722108,5,5,
gpt2_small,collateral_ctilde_nodense,none,direct_logit_only,0.24060016671297588,0.07682920337579258,0.2278123090256558,4,5,
gpt2_small,collateral_ctilde_nodense,none,coactivation_only,0.15430953042511814,0.08715925155071141,0.14260025111390126,2,5,
gpt2_small,collateral_ctilde_nodense,none,full_no_magnitude,0.46045012503473204,0.06935270837332068,0.4610709007877865,15,5,
gpt2_small,collateral_ctilde_nodense,none,full_all,0.46185051403167554,0.06827668361956807,0.4749443882709808,19,5,
gpt2_small,collateral_ctilde_nodense,primary,frequency_only,,,,1,0,"effect_l2,act_max,frequency"
gpt2_small,collateral_ctilde_nodense,primary,actmag_only,0.04007779938871909,0.05238023244681223,0.018701541128234758,1,5,"effect_l2,act_max,frequency"
gpt2_small,collateral_ctilde_nodense,primary,geometry_only,0.45481522645179223,0.07843863603213672,0.450930788119868,5,5,"effect_l2,act_max,frequency"
gpt2_small,collateral_ctilde_nodense,primary,direct_logit_only,0.23020839121978334,0.10438456428129445,0.23488483205368949,4,5,"effect_l2,act_max,frequency"
gpt2_small,collateral_ctilde_nodense,primary,coactivation_only,0.1825729369269242,0.12472274298799046,0.17958732874809719,2,5,"effect_l2,act_max,frequency"
gpt2_small,collateral_ctilde_nodense,primary,full_no_magnitude,0.510652959155321,0.09557335912469936,0.5087478749763886,15,5,"effect_l2,act_max,frequency"
gpt2_small,collateral_ctilde_nodense,primary,full_all,0.5153987218671854,0.09734700820810444,0.5224946943854931,19,5,"effect_l2,act_max,frequency"
gpt2_small,collateral_ctilde_nodense,robust,frequency_only,,,,1,0,"frequency,act_max"
gpt2_small,collateral_ctilde_nodense,robust,actmag_only,0.04434565156988054,0.05531095592389263,0.00805120056889521,1,5,"frequency,act_max"
gpt2_small,collateral_ctilde_nodense,robust,geometry_only,0.35010836343428736,0.04037532055514779,0.3534825942510472,5,5,"frequency,act_max"
gpt2_small,collateral_ctilde_nodense,robust,direct_logit_only,0.2342428452347875,0.09483086724624283,0.2344132712585695,4,5,"frequency,act_max"
gpt2_small,collateral_ctilde_nodense,robust,coactivation_only,0.1723145318143929,0.12159640302025991,0.1608093423260258,2,5,"frequency,act_max"
gpt2_small,collateral_ctilde_nodense,robust,full_no_magnitude,0.4532925812725758,0.06666701613971132,0.45162724030267004,15,5,"frequency,act_max"
gpt2_small,collateral_ctilde_nodense,robust,full_all,0.4695081967213116,0.046039745492957994,0.47470483005366726,19,5,"frequency,act_max"
gpt2_small,collateral_ctilde_nodense,effect_only,frequency_only,0.06215842226447984,0.08570851334818948,0.054263504669633734,1,5,effect_l2
gpt2_small,collateral_ctilde_nodense,effect_only,actmag_only,0.060939149763823294,0.06258264481110119,0.08451827242524916,1,5,effect_l2
gpt2_small,collateral_ctilde_nodense,effect_only,geometry_only,0.44510141706029466,0.07161713478444703,0.4488529872554139,5,5,effect_l2
gpt2_small,collateral_ctilde_nodense,effect_only,direct_logit_only,0.24413448180050015,0.09005119971322109,0.25444238269314107,4,5,effect_l2
gpt2_small,collateral_ctilde_nodense,effect_only,coactivation_only,0.18488469019171996,0.1022576739902198,0.18612206802297804,2,5,effect_l2
gpt2_small,collateral_ctilde_nodense,effect_only,full_no_magnitude,0.5223117532647958,0.0887692841237482,0.5250098334425938,15,5,effect_l2
gpt2_small,collateral_ctilde_nodense,effect_only,full_all,0.5196332314531815,0.09354298862503146,0.5375499727774753,19,5,effect_l2
gpt2_small,resid_delta_norm,none,frequency_only,0.2691449663475289,0.09424961795153389,0.20633605355928383,1,5,
gpt2_small,resid_delta_norm,none,actmag_only,0.22283967768824678,0.07811467887383934,0.1616866854076156,1,5,
gpt2_small,resid_delta_norm,none,geometry_only,0.4182606279522091,0.11036587928285098,0.408429871443016,5,5,
gpt2_small,resid_delta_norm,none,direct_logit_only,0.04570158377327037,0.10756316147379884,0.04332270358559539,4,5,
gpt2_small,resid_delta_norm,none,coactivation_only,0.2272409002500695,0.1076342169998643,0.2100636673740819,2,5,
gpt2_small,resid_delta_norm,none,full_no_magnitude,0.4325201444845792,0.14343738058635502,0.43211991244347153,15,5,
gpt2_small,resid_delta_norm,none,full_all,0.41587107529869416,0.14267381621834027,0.4242669362992922,19,5,
gpt2_small,resid_delta_norm,primary,frequency_only,,,,1,0,"effect_l2,act_max,frequency"
gpt2_small,resid_delta_norm,primary,actmag_only,0.029385940539038626,0.07136843317501135,0.035506616740186,1,5,"effect_l2,act_max,frequency"
gpt2_small,resid_delta_norm,primary,geometry_only,0.15917754931925537,0.11003902622798876,0.16912365692952144,5,5,"effect_l2,act_max,frequency"
gpt2_small,resid_delta_norm,primary,direct_logit_only,0.5575882189497083,0.07975836680516933,0.5564870720785786,4,5,"effect_l2,act_max,frequency"
gpt2_small,resid_delta_norm,primary,coactivation_only,0.062083912197832734,0.10201395953341394,0.0849471660796231,2,5,"effect_l2,act_max,frequency"
gpt2_small,resid_delta_norm,primary,full_no_magnitude,0.5466518477354821,0.09649210448658371,0.5705925621395793,15,5,"effect_l2,act_max,frequency"
gpt2_small,resid_delta_norm,primary,full_all,0.5410614059460963,0.09593243113952715,0.5629729219213546,19,5,"effect_l2,act_max,frequency"
gpt2_small,resid_delta_norm,robust,frequency_only,,,,1,0,"frequency,act_max"
gpt2_small,resid_delta_norm,robust,actmag_only,0.0884579049736038,0.13271229881804275,0.040197335525950284,1,5,"frequency,act_max"
gpt2_small,resid_delta_norm,robust,geometry_only,0.41247013059183113,0.11406437208589529,0.4139410437893754,5,5,"frequency,act_max"
gpt2_small,resid_delta_norm,robust,direct_logit_only,0.03021950541817172,0.10673947561363753,0.06493227702530027,4,5,"frequency,act_max"
gpt2_small,resid_delta_norm,robust,coactivation_only,0.15929980550152822,0.07209942999566706,0.14110823453593926,2,5,"frequency,act_max"
gpt2_small,resid_delta_norm,robust,full_no_magnitude,0.35080855793275917,0.17164367791822477,0.35418082423138036,15,5,"frequency,act_max"
gpt2_small,resid_delta_norm,robust,full_all,0.33025840511253135,0.1403701872685151,0.34793453260591783,19,5,"frequency,act_max"
gpt2_small,resid_delta_norm,effect_only,frequency_only,0.03288185065933935,0.03993127901275785,0.027216545659295203,1,5,effect_l2
gpt2_small,resid_delta_norm,effect_only,actmag_only,0.025495971103084197,0.017185203245836327,0.02047133857042856,1,5,effect_l2
gpt2_small,resid_delta_norm,effect_only,geometry_only,0.15803278688524594,0.09072632129928129,0.16240447116079065,5,5,effect_l2
gpt2_small,resid_delta_norm,effect_only,direct_logit_only,0.6241178105029175,0.05595869203034687,0.6251913910154557,4,5,effect_l2
gpt2_small,resid_delta_norm,effect_only,coactivation_only,0.018105029174770772,0.08709387818874348,0.009048100534450381,2,5,effect_l2
gpt2_small,resid_delta_norm,effect_only,full_no_magnitude,0.6026785218116144,0.08724552573377518,0.616757075078612,15,5,effect_l2
gpt2_small,resid_delta_norm,effect_only,full_all,0.5978216171158657,0.07613487440316752,0.6128156979521995,19,5,effect_l2
gpt2_small,resid_error_delta_norm,none,frequency_only,-0.15667642444544666,0.14547804361688474,-0.16439947567573912,1,5,
gpt2_small,resid_error_delta_norm,none,actmag_only,-0.08262295081967215,0.10243199662564514,-0.12458849542772696,1,5,
gpt2_small,resid_error_delta_norm,none,geometry_only,0.5795832175604335,0.09101941946395853,0.5717467971866353,5,5,
gpt2_small,resid_error_delta_norm,none,direct_logit_only,0.10874131703250907,0.08053655527761758,0.09757663974044156,4,5,
gpt2_small,resid_error_delta_norm,none,coactivation_only,0.35303139761044744,0.07049550740306629,0.3330134779275325,2,5,
gpt2_small,resid_error_delta_norm,none,full_no_magnitude,0.5853070297304808,0.10089094776605168,0.5818446871631906,15,5,
gpt2_small,resid_error_delta_norm,none,full_all,0.5704918032786888,0.10879688745676314,0.5673845264947388,19,5,
gpt2_small,resid_error_delta_norm,primary,frequency_only,,,,1,0,"effect_l2,act_max,frequency"
gpt2_small,resid_error_delta_norm,primary,actmag_only,0.07128646846346208,0.12920770406855922,0.04117645751619462,1,5,"effect_l2,act_max,frequency"
gpt2_small,resid_error_delta_norm,primary,geometry_only,0.4748763545429287,0.09528637670717631,0.4667345192724363,5,5,"effect_l2,act_max,frequency"
gpt2_small,resid_error_delta_norm,primary,direct_logit_only,0.17333703806612952,0.046952988369325585,0.16938277091967688,4,5,"effect_l2,act_max,frequency"
gpt2_small,resid_error_delta_norm,primary,coactivation_only,0.34121700472353433,0.09962787149318796,0.33223258036200404,2,5,"effect_l2,act_max,frequency"
gpt2_small,resid_error_delta_norm,primary,full_no_magnitude,0.5380828007779941,0.08690773991164602,0.5337881532017021,15,5,"effect_l2,act_max,frequency"
gpt2_small,resid_error_delta_norm,primary,full_all,0.5526646290636289,0.08192563094438247,0.5546932743697152,19,5,"effect_l2,act_max,frequency"
gpt2_small,resid_error_delta_norm,robust,frequency_only,,,,1,0,"frequency,act_max"
gpt2_small,resid_error_delta_norm,robust,actmag_only,0.04918032786885247,0.1423841122399089,0.016205513394593273,1,5,"frequency,act_max"
gpt2_small,resid_error_delta_norm,robust,geometry_only,0.5590441789385941,0.09361357417038049,0.5566710741230457,5,5,"frequency,act_max"
gpt2_small,resid_error_delta_norm,robust,direct_logit_only,0.12473464851347597,0.09264664447873763,0.1209306770075223,4,5,"frequency,act_max"
gpt2_small,resid_error_delta_norm,robust,coactivation_only,0.3581994998610726,0.07396543200260394,0.3519630218113534,2,5,"frequency,act_max"
gpt2_small,resid_error_delta_norm,robust,full_no_magnitude,0.5499305362600724,0.10906966594004265,0.5605733397037744,15,5,"frequency,act_max"
gpt2_small,resid_error_delta_norm,robust,full_all,0.5512642400666854,0.0977332835040412,0.5623209146768297,19,5,"frequency,act_max"
gpt2_small,resid_error_delta_norm,effect_only,frequency_only,0.2786922403027544,0.07555455071997716,0.1708150964124813,1,5,effect_l2
gpt2_small,resid_error_delta_norm,effect_only,actmag_only,-0.013337038066129481,0.16492884730720705,-0.04051600573339704,1,5,effect_l2
gpt2_small,resid_error_delta_norm,effect_only,geometry_only,0.5250125034731872,0.09725197058831114,0.5134688163201814,5,5,effect_l2
gpt2_small,resid_error_delta_norm,effect_only,direct_logit_only,0.1368602389552654,0.041876234737129106,0.13729708107867863,4,5,effect_l2
gpt2_small,resid_error_delta_norm,effect_only,coactivation_only,0.3983995554320645,0.08703866037782777,0.38633673707485633,2,5,effect_l2
gpt2_small,resid_error_delta_norm,effect_only,full_no_magnitude,0.5643901083634344,0.09067798819556755,0.5593355481727574,15,5,effect_l2
gpt2_small,resid_error_delta_norm,effect_only,full_all,0.5463406501806058,0.11420130405576664,0.5464722941366015,19,5,effect_l2
gpt2_small,resid_change_explained_energy,none,frequency_only,0.36269403833027025,0.07833142741013792,0.25863764295979497,1,5,
gpt2_small,resid_change_explained_energy,none,actmag_only,0.02017227007502086,0.16837333789243353,0.0047902754475049715,1,5,
gpt2_small,resid_change_explained_energy,none,geometry_only,0.5479855515420952,0.07683274365299028,0.5264974055267281,5,5,
gpt2_small,resid_change_explained_energy,none,direct_logit_only,0.28790219505418174,0.05993183882388769,0.2883960932899254,4,5,
gpt2_small,resid_change_explained_energy,none,coactivation_only,0.47702139483189787,0.07186290619251373,0.4678820875787509,2,5,
gpt2_small,resid_change_explained_energy,none,full_no_magnitude,0.5956543484301196,0.07493539555058021,0.5865042944921609,15,5,
gpt2_small,resid_change_explained_energy,none,full_all,0.6009558210614061,0.08022967461545129,0.5940701563350703,19,5,
gpt2_small,resid_change_explained_energy,primary,frequency_only,,,,1,0,"effect_l2,act_max,frequency"
gpt2_small,resid_change_explained_energy,primary,actmag_only,0.021617115865518198,0.10344884869535413,0.006813409037878198,1,5,"effect_l2,act_max,frequency"
gpt2_small,resid_change_explained_energy,primary,geometry_only,0.44052236732425687,0.10221916473622168,0.4316976855298392,5,5,"effect_l2,act_max,frequency"
gpt2_small,resid_change_explained_energy,primary,direct_logit_only,0.29862739649902753,0.05580115049444396,0.2985562061800686,4,5,"effect_l2,act_max,frequency"
gpt2_small,resid_change_explained_energy,primary,coactivation_only,0.3304584606835233,0.08983577475887952,0.32687874309714554,2,5,"effect_l2,act_max,frequency"
gpt2_small,resid_change_explained_energy,primary,full_no_magnitude,0.5339816615726592,0.10448102577973753,0.5372544139379326,15,5,"effect_l2,act_max,frequency"
gpt2_small,resid_change_explained_energy,primary,full_all,0.5884301194776327,0.0785749962400354,0.5909758997322192,19,5,"effect_l2,act_max,frequency"
gpt2_small,resid_change_explained_energy,robust,frequency_only,,,,1,0,"frequency,act_max"
gpt2_small,resid_change_explained_energy,robust,actmag_only,0.015193109196999174,0.11039584274490764,0.00393426593628818,1,5,"frequency,act_max"
gpt2_small,resid_change_explained_energy,robust,geometry_only,0.40461239233120316,0.09399715261578176,0.3817953532817031,5,5,"frequency,act_max"
gpt2_small,resid_change_explained_energy,robust,direct_logit_only,0.2799555432064463,0.0472473763336768,0.2814569050767231,4,5,"frequency,act_max"
gpt2_small,resid_change_explained_energy,robust,coactivation_only,0.32320088913587114,0.09347328276424877,0.31458527316970186,2,5,"frequency,act_max"
gpt2_small,resid_change_explained_energy,robust,full_no_magnitude,0.48291191997777166,0.0796293495328189,0.4820360226224735,15,5,"frequency,act_max"
gpt2_small,resid_change_explained_energy,robust,full_all,0.5449069185884969,0.0661712491344488,0.5408993433260368,19,5,"frequency,act_max"
gpt2_small,resid_change_explained_energy,effect_only,frequency_only,0.33112950791522355,0.07930804436103442,0.2905228223823076,1,5,effect_l2
gpt2_small,resid_change_explained_energy,effect_only,actmag_only,0.008035565434843014,0.15550461803888085,-0.011736130401448905,1,5,effect_l2
gpt2_small,resid_change_explained_energy,effect_only,geometry_only,0.5803389830508475,0.09644820674991576,0.5610764564050711,5,5,effect_l2
gpt2_small,resid_change_explained_energy,effect_only,direct_logit_only,0.3161211447624341,0.04647160675198088,0.3220462449582773,4,5,effect_l2
gpt2_small,resid_change_explained_energy,effect_only,coactivation_only,0.4656849124756878,0.06251017834018008,0.45870109667885195,2,5,effect_l2
gpt2_small,resid_change_explained_energy,effect_only,full_no_magnitude,0.6359766601833845,0.0882761297429894,0.6321350237224859,15,5,effect_l2
gpt2_small,resid_change_explained_energy,effect_only,full_all,0.6372547929980551,0.0925102078282491,0.6320896898854431,19,5,effect_l2
gpt2_small,stab_anti_frac,none,frequency_only,0.09372029729092837,0.1067216478259207,0.0297953112060272,1,5,
gpt2_small,stab_anti_frac,none,actmag_only,0.07474490772133081,0.14743555563060817,0.014134061269865513,1,5,
gpt2_small,stab_anti_frac,none,geometry_only,0.2329513449236586,0.1175962236426098,0.20002511711857185,5,5,
gpt2_small,stab_anti_frac,none,direct_logit_only,-0.06553079698115513,0.0942439674617682,-0.08877962172602116,4,5,
gpt2_small,stab_anti_frac,none,coactivation_only,0.08586512727834149,0.10189278156209802,0.03375016016532369,2,5,
gpt2_small,stab_anti_frac,none,full_no_magnitude,0.11826144336496942,0.05851977983559718,0.09203018721983976,15,5,
gpt2_small,stab_anti_frac,none,full_all,0.13680186698245178,0.06929322664332085,0.1114482607384872,19,5,
gpt2_small,stab_anti_frac,primary,frequency_only,,,,1,0,"effect_l2,act_max,frequency"
gpt2_small,stab_anti_frac,primary,actmag_only,-0.09703806612948043,0.21863445131063514,-0.15320925788064313,1,5,"effect_l2,act_max,frequency"
gpt2_small,stab_anti_frac,primary,geometry_only,0.11525423728813564,0.10617230897910007,0.1197324414715719,5,5,"effect_l2,act_max,frequency"
gpt2_small,stab_anti_frac,primary,direct_logit_only,0.3797165879410948,0.09159075958806837,0.38235313725708064,4,5,"effect_l2,act_max,frequency"
gpt2_small,stab_anti_frac,primary,coactivation_only,0.2544706863017505,0.1779534332268991,0.23037811531239233,2,5,"effect_l2,act_max,frequency"
gpt2_small,stab_anti_frac,primary,full_no_magnitude,0.33836065573770496,0.07493291462935633,0.3519016877965311,15,5,"effect_l2,act_max,frequency"
gpt2_small,stab_anti_frac,primary,full_all,0.34242845234787445,0.1228961250226869,0.34602384470938563,19,5,"effect_l2,act_max,frequency"
gpt2_small,stab_anti_frac,robust,frequency_only,,,,1,0,"frequency,act_max"
gpt2_small,stab_anti_frac,robust,actmag_only,-0.25710475131981114,0.40765758496806764,-0.2781297569972999,1,5,"frequency,act_max"
gpt2_small,stab_anti_frac,robust,geometry_only,0.2122589608224507,0.1657200610576871,0.2135685952066134,5,5,"frequency,act_max"
gpt2_small,stab_anti_frac,robust,direct_logit_only,-0.031297582661850516,0.1270725793335665,-0.00111645684952055,4,5,"frequency,act_max"
gpt2_small,stab_anti_frac,robust,coactivation_only,0.5594109474854128,0.419502308864182,0.4585810953455038,2,5,"frequency,act_max"
gpt2_small,stab_anti_frac,robust,full_no_magnitude,0.1297804945818283,0.1559064738386383,0.16767252969477436,15,5,"frequency,act_max"
gpt2_small,stab_anti_frac,robust,full_all,0.09345929424840235,0.0758422295164208,0.11120345781619795,19,5,"frequency,act_max"
gpt2_small,stab_anti_frac,effect_only,frequency_only,-0.11006015764512689,0.08237663207687995,-0.08461484731042944,1,5,effect_l2
gpt2_small,stab_anti_frac,effect_only,actmag_only,-0.043123089747151996,0.07982309049241819,-0.034092378804208935,1,5,effect_l2
gpt2_small,stab_anti_frac,effect_only,geometry_only,0.10499583217560435,0.10318329005473872,0.11078967544083822,5,5,effect_l2
gpt2_small,stab_anti_frac,effect_only,direct_logit_only,0.5126535148652405,0.1135868541432635,0.4966481849798331,4,5,effect_l2
gpt2_small,stab_anti_frac,effect_only,coactivation_only,-0.031642122811892194,0.14997267448905624,-0.07191724352492805,2,5,effect_l2
gpt2_small,stab_anti_frac,effect_only,full_no_magnitude,0.34313976104473476,0.1307423412461265,0.3471629684774275,15,5,effect_l2
gpt2_small,stab_anti_frac,effect_only,full_all,0.3508752431230898,0.16913889681534727,0.3578879765330726,19,5,effect_l2
gpt2_small,effect_pc1_ratio,none,frequency_only,0.2537173597790453,0.06150497791466103,0.1975075459797191,1,5,
gpt2_small,effect_pc1_ratio,none,actmag_only,0.0001333703806612796,0.17205695068928717,-0.10967810753452815,1,5,
gpt2_small,effect_pc1_ratio,none,geometry_only,0.419672131147541,0.07121854835149287,0.43228569206324513,5,5,
gpt2_small,effect_pc1_ratio,none,direct_logit_only,0.09951653237010281,0.11462941651178675,0.07291369904110045,4,5,
gpt2_small,effect_pc1_ratio,none,coactivation_only,0.2777549319255349,0.05706239220064038,0.25877131968132977,2,5,
gpt2_small,effect_pc1_ratio,none,full_no_magnitude,0.35796610169491533,0.11869015595885446,0.36235691507683415,15,5,
gpt2_small,effect_pc1_ratio,none,full_all,0.3624340094470687,0.12234830952537315,0.36474938610429003,19,5,
gpt2_small,effect_pc1_ratio,primary,frequency_only,,,,1,0,"effect_l2,act_max,frequency"
gpt2_small,effect_pc1_ratio,primary,actmag_only,0.018382884134481803,0.18485917254295636,0.03743152701696685,1,5,"effect_l2,act_max,frequency"
gpt2_small,effect_pc1_ratio,primary,geometry_only,0.309897193664907,0.14741264398450707,0.3156648407204524,5,5,"effect_l2,act_max,frequency"
gpt2_small,effect_pc1_ratio,primary,direct_logit_only,0.0313976104473465,0.10867617540673402,0.008096534405937843,4,5,"effect_l2,act_max,frequency"
gpt2_small,effect_pc1_ratio,primary,coactivation_only,0.09742706307307587,0.07369980240114961,0.0964326270291892,2,5,"effect_l2,act_max,frequency"
gpt2_small,effect_pc1_ratio,primary,full_no_magnitude,0.28464573492636847,0.14467150752343974,0.2744399382215358,15,5,"effect_l2,act_max,frequency"
gpt2_small,effect_pc1_ratio,primary,full_all,0.32746874131703263,0.12158646238489561,0.3168430760341781,19,5,"effect_l2,act_max,frequency"
gpt2_small,effect_pc1_ratio,robust,frequency_only,,,,1,0,"frequency,act_max"
gpt2_small,effect_pc1_ratio,robust,actmag_only,0.01295915532092248,0.18668196627877687,0.04546583850931677,1,5,"frequency,act_max"
gpt2_small,effect_pc1_ratio,robust,geometry_only,0.2760211169769381,0.1735846979305979,0.2847267191857687,5,5,"frequency,act_max"
gpt2_small,effect_pc1_ratio,robust,direct_logit_only,0.014348430119477628,0.11465293286173117,0.0001693352148357204,4,5,"frequency,act_max"
gpt2_small,effect_pc1_ratio,robust,coactivation_only,0.09924979160878022,0.0730896338656627,0.09083523150257225,2,5,"frequency,act_max"
gpt2_small,effect_pc1_ratio,robust,full_no_magnitude,0.2648068908030009,0.15081640581551484,0.2529703663374037,15,5,"frequency,act_max"
gpt2_small,effect_pc1_ratio,robust,full_all,0.2917032509030286,0.13643686187009024,0.2897281080900899,19,5,"frequency,act_max"
gpt2_small,effect_pc1_ratio,effect_only,frequency_only,0.25939835863627314,0.060958961608555594,0.23434496671992963,1,5,effect_l2
gpt2_small,effect_pc1_ratio,effect_only,actmag_only,0.03369824951375382,0.17247438556271247,0.033855487283192036,1,5,effect_l2
gpt2_small,effect_pc1_ratio,effect_only,geometry_only,0.43588774659627677,0.05776881284620745,0.4478538650429449,5,5,effect_l2
gpt2_small,effect_pc1_ratio,effect_only,direct_logit_only,0.08843567657682691,0.1218503942829338,0.06668429649218324,4,5,effect_l2
gpt2_small,effect_pc1_ratio,effect_only,coactivation_only,0.2840011114198389,0.06260055445176219,0.2734657051745019,2,5,effect_l2
gpt2_small,effect_pc1_ratio,effect_only,full_no_magnitude,0.36802445123645466,0.10969695567227002,0.3752512805697841,15,5,effect_l2
gpt2_small,effect_pc1_ratio,effect_only,full_all,0.37324812447902206,0.11219499276721474,0.375212613473483,19,5,effect_l2
llama_3_1_8b,collateral_raw,none,frequency_only,0.13241952870161702,0.07350964989332934,0.08485934299136066,1,5,
llama_3_1_8b,collateral_raw,none,actmag_only,0.15934069369548323,0.12532063282651712,0.1431041940507786,1,5,
llama_3_1_8b,collateral_raw,none,geometry_only,0.4955488239187959,0.10964209619076355,0.48432906521657293,5,5,
llama_3_1_8b,collateral_raw,none,direct_logit_only,0.493286188174938,0.13810178524589656,0.4675959915183821,4,5,
llama_3_1_8b,collateral_raw,none,coactivation_only,0.2148836143309183,0.04689628396533713,0.22940576670689947,2,5,
llama_3_1_8b,collateral_raw,none,full_no_magnitude,0.6165084571502542,0.07025798681695189,0.6256411204722151,15,5,
llama_3_1_8b,collateral_raw,none,full_all,0.6212608312346823,0.05722571760583859,0.6235013992024266,19,5,
llama_3_1_8b,collateral_raw,primary,frequency_only,,,,1,0,"effect_l2,act_max,frequency"
llama_3_1_8b,collateral_raw,primary,actmag_only,-0.12121144762434011,0.08278423483365407,-0.03546306070067445,1,5,"effect_l2,act_max,frequency"
llama_3_1_8b,collateral_raw,primary,geometry_only,0.15734370658516256,0.06264395051019704,0.18528961432904809,5,5,"effect_l2,act_max,frequency"
llama_3_1_8b,collateral_raw,primary,direct_logit_only,0.32529035843289805,0.12995459431620518,0.3072136357070634,4,5,"effect_l2,act_max,frequency"
llama_3_1_8b,collateral_raw,primary,coactivation_only,0.1394720755765491,0.14244406644205584,0.12819253547261636,2,5,"effect_l2,act_max,frequency"
llama_3_1_8b,collateral_raw,primary,full_no_magnitude,0.306296193387052,0.10138295619968107,0.31292258802875583,15,5,"effect_l2,act_max,frequency"
llama_3_1_8b,collateral_raw,primary,full_all,0.2893025840511254,0.06735416967067301,0.30079800886676517,19,5,"effect_l2,act_max,frequency"
llama_3_1_8b,collateral_raw,robust,frequency_only,,,,1,0,"frequency,act_max"
llama_3_1_8b,collateral_raw,robust,actmag_only,-0.013136982495137544,0.20139496553121264,0.019923332481472017,1,5,"frequency,act_max"
llama_3_1_8b,collateral_raw,robust,geometry_only,0.5307585440400112,0.08808325825889232,0.5283885376504183,5,5,"frequency,act_max"
llama_3_1_8b,collateral_raw,robust,direct_logit_only,0.5211892192275633,0.11766090834169815,0.5086709852331692,4,5,"frequency,act_max"
llama_3_1_8b,collateral_raw,robust,coactivation_only,0.25642678521811624,0.07569119656791254,0.26162646251625016,2,5,"frequency,act_max"
llama_3_1_8b,collateral_raw,robust,full_no_magnitude,0.6185829397054738,0.05222545857426602,0.6243647151635018,15,5,"frequency,act_max"
llama_3_1_8b,collateral_raw,robust,full_all,0.6262072797999446,0.038408032490538424,0.6283429815886843,19,5,"frequency,act_max"
llama_3_1_8b,collateral_raw,effect_only,frequency_only,0.08891505281989151,0.06509780618932474,0.09408032199225397,1,5,effect_l2
llama_3_1_8b,collateral_raw,effect_only,actmag_only,0.05567101972770215,0.08520504608311874,0.061496683296481065,1,5,effect_l2
llama_3_1_8b,collateral_raw,effect_only,geometry_only,0.05525979438732982,0.1473520263062287,0.07593684374270825,5,5,effect_l2
llama_3_1_8b,collateral_raw,effect_only,direct_logit_only,0.27093081411503195,0.1228636784674166,0.27313636818186865,4,5,effect_l2
llama_3_1_8b,collateral_raw,effect_only,coactivation_only,-0.01474854126146152,0.10523942021132257,0.0030520339114879056,2,5,effect_l2
llama_3_1_8b,collateral_raw,effect_only,full_no_magnitude,0.3116198944151154,0.12422223543655193,0.3257800642229358,15,5,effect_l2
llama_3_1_8b,collateral_raw,effect_only,full_all,0.32302306196165603,0.10195637257594944,0.34852609473438595,19,5,effect_l2
llama_3_1_8b,collateral_ctilde,none,frequency_only,0.13315054341222518,0.03572537691081968,0.08430366123610275,1,5,
llama_3_1_8b,collateral_ctilde,none,actmag_only,0.12731314253959436,0.07558422235207442,0.09992244358270648,1,5,
llama_3_1_8b,collateral_ctilde,none,geometry_only,0.2179049736037789,0.14035296202168965,0.21620862454027268,5,5,
llama_3_1_8b,collateral_ctilde,none,direct_logit_only,0.31698805223673243,0.12939873856213235,0.3061251791686574,4,5,
llama_3_1_8b,collateral_ctilde,none,coactivation_only,0.04452347874409559,0.06271319174416184,0.033511927910310116,2,5,
llama_3_1_8b,collateral_ctilde,none,full_no_magnitude,0.4190386218393999,0.0899694572354762,0.42653629484772054,15,5,
llama_3_1_8b,collateral_ctilde,none,full_all,0.4124479021950543,0.07598462960165094,0.4368630762564028,19,5,
llama_3_1_8b,collateral_ctilde,primary,frequency_only,,,,1,0,"effect_l2,act_max,frequency"
llama_3_1_8b,collateral_ctilde,primary,actmag_only,0.046246179494303985,0.10161125956084346,0.12777608640096,1,5,"effect_l2,act_max,frequency"
llama_3_1_8b,collateral_ctilde,primary,geometry_only,0.19430953042511817,0.0650417817339711,0.21422193579928664,5,5,"effect_l2,act_max,frequency"
llama_3_1_8b,collateral_ctilde,primary,direct_logit_only,0.2963601000277855,0.11441067243218833,0.3048949432771475,4,5,"effect_l2,act_max,frequency"
llama_3_1_8b,collateral_ctilde,primary,coactivation_only,0.1589441511530981,0.1029122763168757,0.14877676418626873,2,5,"effect_l2,act_max,frequency"
llama_3_1_8b,collateral_ctilde,primary,full_no_magnitude,0.3373381494859683,0.08254728909445418,0.3426362515139057,15,5,"effect_l2,act_max,frequency"
llama_3_1_8b,collateral_ctilde,primary,full_all,0.33427063073075863,0.08089219000368672,0.3500701118901321,19,5,"effect_l2,act_max,frequency"
llama_3_1_8b,collateral_ctilde,robust,frequency_only,,,,1,0,"frequency,act_max"
llama_3_1_8b,collateral_ctilde,robust,actmag_only,0.09080300083356489,0.1070924790317216,0.1325063611817909,1,5,"frequency,act_max"
llama_3_1_8b,collateral_ctilde,robust,geometry_only,0.2996721311475411,0.06897884305247479,0.3133710374559718,5,5,"frequency,act_max"
llama_3_1_8b,collateral_ctilde,robust,direct_logit_only,0.3570880800222284,0.1134355313980195,0.3600151112790142,4,5,"frequency,act_max"
llama_3_1_8b,collateral_ctilde,robust,coactivation_only,0.14620727979994447,0.1262684465329935,0.14044511605684507,2,5,"frequency,act_max"
llama_3_1_8b,collateral_ctilde,robust,full_no_magnitude,0.43364267852181176,0.06757128800879775,0.4436800408893432,15,5,"frequency,act_max"
llama_3_1_8b,collateral_ctilde,robust,full_all,0.3944540150041679,0.055367734979050405,0.4141788242091579,19,5,"frequency,act_max"
llama_3_1_8b,collateral_ctilde,effect_only,frequency_only,0.10597792759437985,0.06769128614399753,0.10180840402493446,1,5,effect_l2
llama_3_1_8b,collateral_ctilde,effect_only,actmag_only,0.07993331480966936,0.07918690160511944,0.0812515694618829,1,5,effect_l2
llama_3_1_8b,collateral_ctilde,effect_only,geometry_only,0.08105584884690195,0.15317614105284555,0.10537405971177458,5,5,effect_l2
llama_3_1_8b,collateral_ctilde,effect_only,direct_logit_only,0.27942206168380107,0.11038889843648848,0.2885427615862398,4,5,effect_l2
llama_3_1_8b,collateral_ctilde,effect_only,coactivation_only,-0.004812447902195052,0.09257456512081944,0.0047956088400982234,2,5,effect_l2
llama_3_1_8b,collateral_ctilde,effect_only,full_no_magnitude,0.3339149763823285,0.1090081767773343,0.34774475271947464,15,5,effect_l2
llama_3_1_8b,collateral_ctilde,effect_only,full_all,0.34230619616560165,0.09306120402882521,0.3738428204757831,19,5,effect_l2
llama_3_1_8b,kl_mean,none,frequency_only,0.21683309400149117,0.1585829212864331,0.1099251246085838,1,5,
llama_3_1_8b,kl_mean,none,actmag_only,0.27429841622672974,0.18463504681357407,0.20218046867187414,1,5,
llama_3_1_8b,kl_mean,none,geometry_only,0.5068407891080856,0.03374213887804699,0.5084554272825252,5,5,
llama_3_1_8b,kl_mean,none,direct_logit_only,0.49759377604890265,0.09841805230295325,0.49339303770041887,4,5,
llama_3_1_8b,kl_mean,none,coactivation_only,0.3411725479299806,0.0906346667103176,0.3452278358648429,2,5,
llama_3_1_8b,kl_mean,none,full_no_magnitude,0.5843178660739096,0.0776244721244472,0.5910892343248257,15,5,
llama_3_1_8b,kl_mean,none,full_all,0.6011558766323979,0.08703444524701863,0.6104298936654852,19,5,
llama_3_1_8b,kl_mean,primary,frequency_only,,,,1,0,"effect_l2,act_max,frequency"
llama_3_1_8b,kl_mean,primary,actmag_only,-0.02102806335093082,0.17116782270674966,-0.013215257947310525,1,5,"effect_l2,act_max,frequency"
llama_3_1_8b,kl_mean,primary,geometry_only,0.04445679355376495,0.06104897757520654,0.043859153990599885,5,5,"effect_l2,act_max,frequency"
llama_3_1_8b,kl_mean,primary,direct_logit_only,0.16491247568769105,0.11131692039741396,0.18443760486227623,4,5,"effect_l2,act_max,frequency"
llama_3_1_8b,kl_mean,primary,coactivation_only,0.1273242567379828,0.15791613541991195,0.11056345070500784,2,5,"effect_l2,act_max,frequency"
llama_3_1_8b,kl_mean,primary,full_no_magnitude,0.262617393720478,0.15376815164242094,0.28614451271680796,15,5,"effect_l2,act_max,frequency"
llama_3_1_8b,kl_mean,primary,full_all,0.2822450680744652,0.1083071476275784,0.3075087500972233,19,5,"effect_l2,act_max,frequency"
llama_3_1_8b,kl_mean,robust,frequency_only,,,,1,0,"frequency,act_max"
llama_3_1_8b,kl_mean,robust,actmag_only,0.030597388163378703,0.24877076520859165,0.03461371793019922,1,5,"frequency,act_max"
llama_3_1_8b,kl_mean,robust,geometry_only,0.4719199777716033,0.07758318229194561,0.4711732352581695,5,5,"frequency,act_max"
llama_3_1_8b,kl_mean,robust,direct_logit_only,0.46176160044456804,0.1219018665253954,0.45857309525661394,4,5,"frequency,act_max"
llama_3_1_8b,kl_mean,robust,coactivation_only,0.31658794109474864,0.08792874272332031,0.3183568706318959,2,5,"frequency,act_max"
llama_3_1_8b,kl_mean,robust,full_no_magnitude,0.5890080577938317,0.0709671497346487,0.6009822331359237,15,5,"frequency,act_max"
llama_3_1_8b,kl_mean,robust,full_all,0.6155265351486525,0.05997298689052944,0.6233015922399137,19,5,"frequency,act_max"
llama_3_1_8b,kl_mean,effect_only,frequency_only,0.21865608607138887,0.12741221292134947,0.15344619465234544,1,5,effect_l2
llama_3_1_8b,kl_mean,effect_only,actmag_only,0.24661294804112255,0.08973119773682353,0.13724908054533938,1,5,effect_l2
llama_3_1_8b,kl_mean,effect_only,geometry_only,0.005957210336204502,0.05421395468732919,-0.014094378826431404,5,5,effect_l2
llama_3_1_8b,kl_mean,effect_only,direct_logit_only,0.1613114754098361,0.11784989092385127,0.17738685985399835,4,5,effect_l2
llama_3_1_8b,kl_mean,effect_only,coactivation_only,0.18216171158655184,0.14733534484128916,0.17758686207624527,2,5,effect_l2
llama_3_1_8b,kl_mean,effect_only,full_no_magnitude,0.2877243678799667,0.1393082133891544,0.29980510894565493,15,5,effect_l2
llama_3_1_8b,kl_mean,effect_only,full_all,0.335237565990553,0.10601529447513129,0.3416486849853887,19,5,effect_l2
llama_3_1_8b,kl_per_effect,none,frequency_only,0.2381392409368977,0.1342426354841644,0.06332051448279317,1,5,
llama_3_1_8b,kl_per_effect,none,actmag_only,0.28324534592942496,0.11006619668272932,0.13569972999699995,1,5,
llama_3_1_8b,kl_per_effect,none,geometry_only,0.16326757432620181,0.17533560143758442,0.14074867498527763,5,5,
llama_3_1_8b,kl_per_effect,none,direct_logit_only,0.2537371492081134,0.22389605755541492,0.22845987177635302,4,5,
llama_3_1_8b,kl_per_effect,none,coactivation_only,0.2464351208669075,0.13862852234947573,0.20958677318636873,2,5,
llama_3_1_8b,kl_per_effect,none,full_no_magnitude,0.34067240900250084,0.25308764550041024,0.3389335437060411,15,5,
llama_3_1_8b,kl_per_effect,none,full_all,0.3622006112809114,0.24958671417782344,0.36667207413415703,19,5,
llama_3_1_8b,kl_per_effect,primary,frequency_only,,,,1,0,"effect_l2,act_max,frequency"
llama_3_1_8b,kl_per_effect,primary,actmag_only,-0.15762156154487358,0.08269269534565299,-0.0884272047467194,1,5,"effect_l2,act_max,frequency"
llama_3_1_8b,kl_per_effect,primary,geometry_only,0.07945540427896639,0.06360881493887759,0.06935010389004322,5,5,"effect_l2,act_max,frequency"
llama_3_1_8b,kl_per_effect,primary,direct_logit_only,0.15854404001111422,0.11922744600908461,0.18134601495572172,4,5,"effect_l2,act_max,frequency"
llama_3_1_8b,kl_per_effect,primary,coactivation_only,0.1511530980828008,0.15599870012327785,0.12441560461782909,2,5,"effect_l2,act_max,frequency"
llama_3_1_8b,kl_per_effect,primary,full_no_magnitude,0.2857349263684357,0.14281043203802293,0.30544783830931455,15,5,"effect_l2,act_max,frequency"
llama_3_1_8b,kl_per_effect,primary,full_all,0.30135037510419566,0.10905540863549884,0.3205391171013011,19,5,"effect_l2,act_max,frequency"
llama_3_1_8b,kl_per_effect,robust,frequency_only,,,,1,0,"frequency,act_max"
llama_3_1_8b,kl_per_effect,robust,actmag_only,0.11447624340094473,0.1702437377872684,0.13350815009055655,1,5,"frequency,act_max"
llama_3_1_8b,kl_per_effect,robust,geometry_only,0.20297860516810226,0.1639431764492612,0.1702916699074434,5,5,"frequency,act_max"
llama_3_1_8b,kl_per_effect,robust,direct_logit_only,0.2352097804945819,0.23645377691607092,0.2312345692729919,4,5,"frequency,act_max"
llama_3_1_8b,kl_per_effect,robust,coactivation_only,0.17515976660183386,0.14624323494325978,0.16439560439560438,2,5,"frequency,act_max"
llama_3_1_8b,kl_per_effect,robust,full_no_magnitude,0.3572881355932204,0.2033523473053075,0.3551946132734808,15,5,"frequency,act_max"
llama_3_1_8b,kl_per_effect,robust,full_all,0.3541872742428453,0.19559234051954089,0.3583839820442449,19,5,"frequency,act_max"
llama_3_1_8b,kl_per_effect,effect_only,frequency_only,0.21242590599629713,0.12463504714675024,0.10665482458215332,1,5,effect_l2
llama_3_1_8b,kl_per_effect,effect_only,actmag_only,0.2447902195054182,0.08429818722205895,0.1092541028233647,1,5,effect_l2
llama_3_1_8b,kl_per_effect,effect_only,geometry_only,0.044556821339260914,0.06326181220369026,0.024758497316636846,5,5,effect_l2
llama_3_1_8b,kl_per_effect,effect_only,direct_logit_only,0.1629674909697138,0.1290171871277009,0.17197479971999688,4,5,effect_l2
llama_3_1_8b,kl_per_effect,effect_only,coactivation_only,0.17734926368435683,0.14695558842636958,0.1681294236602629,2,5,effect_l2
llama_3_1_8b,kl_per_effect,effect_only,full_no_magnitude,0.2854459572103362,0.13144710607743323,0.30578028644762717,15,5,effect_l2
llama_3_1_8b,kl_per_effect,effect_only,full_all,0.33503751041956104,0.1137593828983997,0.3535830398115534,19,5,effect_l2
llama_3_1_8b,collateral_raw_nodense,none,frequency_only,0.23085855871597533,0.11988951463477833,0.14032044962895807,1,5,
llama_3_1_8b,collateral_raw_nodense,none,actmag_only,0.27103841091584796,0.1529589163900751,0.21431830680645675,1,5,
llama_3_1_8b,collateral_raw_nodense,none,geometry_only,0.5702657726887045,0.11405636206778877,0.5691262335369272,5,5,
llama_3_1_8b,collateral_raw_nodense,none,direct_logit_only,0.5032137079404613,0.09772697441555209,0.49254299203280477,4,5,
llama_3_1_8b,collateral_raw_nodense,none,coactivation_only,0.22957745816185476,0.08256865010550975,0.23647942549223222,2,5,
llama_3_1_8b,collateral_raw_nodense,none,full_no_magnitude,0.6652467835723049,0.0842419120359044,0.6791239516995623,15,5,
llama_3_1_8b,collateral_raw_nodense,none,full_all,0.6647699773139513,0.07345596316482728,0.6757879935850386,19,5,
llama_3_1_8b,collateral_raw_nodense,primary,frequency_only,,,,1,0,"effect_l2,act_max,frequency"
llama_3_1_8b,collateral_raw_nodense,primary,actmag_only,0.012981383717699363,0.1622789339898874,0.010762341803797818,1,5,"effect_l2,act_max,frequency"
llama_3_1_8b,collateral_raw_nodense,primary,geometry_only,0.23358710752986944,0.08530024969867141,0.2687052078356426,5,5,"effect_l2,act_max,frequency"
llama_3_1_8b,collateral_raw_nodense,primary,direct_logit_only,0.2734426229508197,0.07161533234325938,0.2642296025511395,4,5,"effect_l2,act_max,frequency"
llama_3_1_8b,collateral_raw_nodense,primary,coactivation_only,0.08586829674909698,0.09635251976941563,0.06329448104978944,2,5,"effect_l2,act_max,frequency"
llama_3_1_8b,collateral_raw_nodense,primary,full_no_magnitude,0.29294804112253414,0.09730828580755986,0.30607717863531814,15,5,"effect_l2,act_max,frequency"
llama_3_1_8b,collateral_raw_nodense,primary,full_all,0.27400944706863023,0.05749012255275967,0.2887840976010845,19,5,"effect_l2,act_max,frequency"
llama_3_1_8b,collateral_raw_nodense,robust,frequency_only,,,,1,0,"frequency,act_max"
llama_3_1_8b,collateral_raw_nodense,robust,actmag_only,0.027607668796888023,0.20547501651423777,0.03155368392982144,1,5,"frequency,act_max"
llama_3_1_8b,collateral_raw_nodense,robust,geometry_only,0.5998110586273967,0.08852807226520298,0.60265780730897,5,5,"frequency,act_max"
llama_3_1_8b,collateral_raw_nodense,robust,direct_logit_only,0.5228896915809949,0.09311902695723603,0.5216862409582329,4,5,"frequency,act_max"
llama_3_1_8b,collateral_raw_nodense,robust,coactivation_only,0.23238677410391784,0.0791377940665893,0.23824620273558594,2,5,"frequency,act_max"
llama_3_1_8b,collateral_raw_nodense,robust,full_no_magnitude,0.6425562656293416,0.0816068778941712,0.6622526916965743,15,5,"frequency,act_max"
llama_3_1_8b,collateral_raw_nodense,robust,full_all,0.6635065295915534,0.06154217173785135,0.6788084312047912,19,5,"frequency,act_max"
llama_3_1_8b,collateral_raw_nodense,effect_only,frequency_only,0.17832023884489695,0.09784500911364709,0.17471481732066874,1,5,effect_l2
llama_3_1_8b,collateral_raw_nodense,effect_only,actmag_only,0.1633342595165324,0.09954209770061408,0.16040044889387658,1,5,effect_l2
llama_3_1_8b,collateral_raw_nodense,effect_only,geometry_only,0.16081133648235624,0.11024955067714952,0.19781019789108767,5,5,effect_l2
llama_3_1_8b,collateral_raw_nodense,effect_only,direct_logit_only,0.22830786329535985,0.07882894837872047,0.21984999833331478,4,5,effect_l2
llama_3_1_8b,collateral_raw_nodense,effect_only,coactivation_only,0.10131703250903032,0.10402740313782316,0.11418349092767696,2,5,effect_l2
llama_3_1_8b,collateral_raw_nodense,effect_only,full_no_magnitude,0.35485412614615175,0.09370555657862137,0.38121579128656985,15,5,effect_l2
llama_3_1_8b,collateral_raw_nodense,effect_only,full_all,0.344506807446513,0.07452207681739278,0.3769530772564139,19,5,effect_l2
llama_3_1_8b,collateral_ctilde_nodense,none,frequency_only,0.24295652408403318,0.0984170777473134,0.16716638056784108,1,5,
llama_3_1_8b,collateral_ctilde_nodense,none,actmag_only,0.2596832453459295,0.12120360750940641,0.21327614751275015,1,5,
llama_3_1_8b,collateral_ctilde_nodense,none,geometry_only,0.41532647957766056,0.1235161745638816,0.4171246347181635,5,5,
llama_3_1_8b,collateral_ctilde_nodense,none,direct_logit_only,0.34908585718255075,0.10557702490451475,0.3378993099923332,4,5,
llama_3_1_8b,collateral_ctilde_nodense,none,coactivation_only,0.13932759099749933,0.12055524114873448,0.1308801208902321,2,5,
llama_3_1_8b,collateral_ctilde_nodense,none,full_no_magnitude,0.5471631008613504,0.09006453874269041,0.5673400815564618,15,5,
llama_3_1_8b,collateral_ctilde_nodense,none,full_all,0.5503528757988332,0.07821406259110414,0.5695098834431493,19,5,
llama_3_1_8b,collateral_ctilde_nodense,primary,frequency_only,,,,1,0,"effect_l2,act_max,frequency"
llama_3_1_8b,collateral_ctilde_nodense,primary,actmag_only,0.14212836899138653,0.07064453777305935,0.14916876854187266,1,5,"effect_l2,act_max,frequency"
llama_3_1_8b,collateral_ctilde_nodense,primary,geometry_only,0.260527924423451,0.08833941730237259,0.28697118856876186,5,5,"effect_l2,act_max,frequency"
llama_3_1_8b,collateral_ctilde_nodense,primary,direct_logit_only,0.2806112809113643,0.06682195478150132,0.27129101434460384,4,5,"effect_l2,act_max,frequency"
llama_3_1_8b,collateral_ctilde_nodense,primary,coactivation_only,0.08432342317310366,0.08746772168577362,0.055649062767364074,2,5,"effect_l2,act_max,frequency"
llama_3_1_8b,collateral_ctilde_nodense,primary,full_no_magnitude,0.34037232564601283,0.060791302386406065,0.3510381226458072,15,5,"effect_l2,act_max,frequency"
llama_3_1_8b,collateral_ctilde_nodense,primary,full_all,0.310652959155321,0.0657403040242834,0.3308525650285003,19,5,"effect_l2,act_max,frequency"
llama_3_1_8b,collateral_ctilde_nodense,robust,frequency_only,,,,1,0,"frequency,act_max"
llama_3_1_8b,collateral_ctilde_nodense,robust,actmag_only,0.06955265351486525,0.19960248962166854,0.1183399815553506,1,5,"frequency,act_max"
llama_3_1_8b,collateral_ctilde_nodense,robust,geometry_only,0.4462239510975272,0.09021806624293797,0.4549259436215958,5,5,"frequency,act_max"
llama_3_1_8b,collateral_ctilde_nodense,robust,direct_logit_only,0.3861628230063908,0.07931874099368107,0.38312292358803984,4,5,"frequency,act_max"
llama_3_1_8b,collateral_ctilde_nodense,robust,coactivation_only,0.08594609613781606,0.14181995692690122,0.09935977066411847,2,5,"frequency,act_max"
llama_3_1_8b,collateral_ctilde_nodense,robust,full_no_magnitude,0.5128091136426786,0.09089819023337577,0.5326992522139135,15,5,"frequency,act_max"
llama_3_1_8b,collateral_ctilde_nodense,robust,full_all,0.5054070575159768,0.08497725519171961,0.530719230213669,19,5,"frequency,act_max"
llama_3_1_8b,collateral_ctilde_nodense,effect_only,frequency_only,0.18017339623995215,0.09877547652160597,0.17356468732972952,1,5,effect_l2
llama_3_1_8b,collateral_ctilde_nodense,effect_only,actmag_only,0.1683467629897194,0.10718797985333953,0.1731788130979233,1,5,effect_l2
llama_3_1_8b,collateral_ctilde_nodense,effect_only,geometry_only,0.19901083634342878,0.11625055391580036,0.23593195479949775,5,5,effect_l2
llama_3_1_8b,collateral_ctilde_nodense,effect_only,direct_logit_only,0.2458349541539317,0.06951684905007123,0.2444711607906754,4,5,effect_l2
llama_3_1_8b,collateral_ctilde_nodense,effect_only,coactivation_only,0.09577104751319812,0.10290507547687808,0.10207891198791097,2,5,effect_l2
llama_3_1_8b,collateral_ctilde_nodense,effect_only,full_no_magnitude,0.37627118644067803,0.070513190594793,0.39910932343692707,15,5,effect_l2
llama_3_1_8b,collateral_ctilde_nodense,effect_only,full_all,0.3723701028063351,0.05918276099024276,0.4051369459660663,19,5,effect_l2
llama_3_1_8b,resid_delta_norm,none,frequency_only,0.017443239827542294,0.11091782040961427,-0.03875513412924916,1,5,
llama_3_1_8b,resid_delta_norm,none,actmag_only,0.17412614615170885,0.11809143372422266,0.10404960055111723,1,5,
llama_3_1_8b,resid_delta_norm,none,geometry_only,0.9108530147263132,0.014625009762223775,0.9146181624240268,5,5,
llama_3_1_8b,resid_delta_norm,none,direct_logit_only,0.884078910808558,0.018422433402890518,0.8853267258525094,4,5,
llama_3_1_8b,resid_delta_norm,none,coactivation_only,0.24636843567657687,0.09656854844945767,0.250193446593851,2,5,
llama_3_1_8b,resid_delta_norm,none,full_no_magnitude,0.917454848569047,0.02264376023660203,0.9227400304447826,15,5,
llama_3_1_8b,resid_delta_norm,none,full_all,0.9140872464573494,0.0304675432246586,0.9207462305136723,19,5,
llama_3_1_8b,resid_delta_norm,primary,frequency_only,,,,1,0,"effect_l2,act_max,frequency"
llama_3_1_8b,resid_delta_norm,primary,actmag_only,-0.0743873298138372,0.1717344220008429,-0.09034055933954821,1,5,"effect_l2,act_max,frequency"
llama_3_1_8b,resid_delta_norm,primary,geometry_only,0.4771103084190054,0.11390225376691626,0.4748092756586184,5,5,"effect_l2,act_max,frequency"
llama_3_1_8b,resid_delta_norm,primary,direct_logit_only,0.4896804667963324,0.12412335267437302,0.4931819242436027,4,5,"effect_l2,act_max,frequency"
llama_3_1_8b,resid_delta_norm,primary,coactivation_only,0.16754654070575165,0.053995047522143826,0.1683400926676963,2,5,"effect_l2,act_max,frequency"
llama_3_1_8b,resid_delta_norm,primary,full_no_magnitude,0.5525534870797445,0.08668938236754861,0.5558963988488761,15,5,"effect_l2,act_max,frequency"
llama_3_1_8b,resid_delta_norm,primary,full_all,0.5461739372047792,0.07712834565621086,0.5491447682752031,19,5,"effect_l2,act_max,frequency"
llama_3_1_8b,resid_delta_norm,robust,frequency_only,,,,1,0,"frequency,act_max"
llama_3_1_8b,resid_delta_norm,robust,actmag_only,-0.02695193109197,0.15032788402835254,-0.04234402604473383,1,5,"frequency,act_max"
llama_3_1_8b,resid_delta_norm,robust,geometry_only,0.8723089747151989,0.00885288982935715,0.8718670207446749,5,5,"frequency,act_max"
llama_3_1_8b,resid_delta_norm,robust,direct_logit_only,0.8426451792164492,0.02397002029111206,0.8420973566372958,4,5,"frequency,act_max"
llama_3_1_8b,resid_delta_norm,robust,coactivation_only,0.2587718810780773,0.10841062003001627,0.2766941854909498,2,5,"frequency,act_max"
llama_3_1_8b,resid_delta_norm,robust,full_no_magnitude,0.9106529591553212,0.015019037017041208,0.9172457471749685,15,5,"frequency,act_max"
llama_3_1_8b,resid_delta_norm,robust,full_all,0.9250458460683527,0.01727038431080588,0.9333085923176924,19,5,"frequency,act_max"
llama_3_1_8b,resid_delta_norm,effect_only,frequency_only,-0.005206724742740238,0.12796371535488962,-0.012926678485056452,1,5,effect_l2
llama_3_1_8b,resid_delta_norm,effect_only,actmag_only,0.0692636843567658,0.1482021266108708,0.05485616506850076,1,5,effect_l2
llama_3_1_8b,resid_delta_norm,effect_only,geometry_only,0.4476243400944708,0.11069574769066237,0.44160490672118574,5,5,effect_l2
llama_3_1_8b,resid_delta_norm,effect_only,direct_logit_only,0.47283134203945554,0.10961859892056011,0.4827266969632995,4,5,effect_l2
llama_3_1_8b,resid_delta_norm,effect_only,coactivation_only,0.1360600166712976,0.11793775781690179,0.12644273825264724,2,5,effect_l2
llama_3_1_8b,resid_delta_norm,effect_only,full_no_magnitude,0.5203223117532649,0.06874635642246905,0.5174075267502971,15,5,effect_l2
llama_3_1_8b,resid_delta_norm,effect_only,full_all,0.49884968046679645,0.08320684094293784,0.5013437927088078,19,5,effect_l2
llama_3_1_8b,resid_error_delta_norm,none,frequency_only,0.11624393777414385,0.10226279904833954,0.054865847333083986,1,5,
llama_3_1_8b,resid_error_delta_norm,none,actmag_only,0.20068908030008342,0.1534778589481452,0.1556919521328015,1,5,
llama_3_1_8b,resid_error_delta_norm,none,geometry_only,0.7337371492081134,0.07413294963028959,0.7304636718185759,5,5,
llama_3_1_8b,resid_error_delta_norm,none,direct_logit_only,0.7090525145873856,0.0507408572881756,0.6974761941799353,4,5,
llama_3_1_8b,resid_error_delta_norm,none,coactivation_only,0.2974937482634065,0.12298754491752793,0.308714096823298,2,5,
llama_3_1_8b,resid_error_delta_norm,none,full_no_magnitude,0.7444067796610171,0.06023503440946287,0.7467527416971299,15,5,
llama_3_1_8b,resid_error_delta_norm,none,full_all,0.7455959988885803,0.049424079203610735,0.7413113479038655,19,5,
llama_3_1_8b,resid_error_delta_norm,primary,frequency_only,,,,1,0,"effect_l2,act_max,frequency"
llama_3_1_8b,resid_error_delta_norm,primary,actmag_only,-0.018382884134481806,0.10964243967292053,0.015247724974721941,1,5,"effect_l2,act_max,frequency"
llama_3_1_8b,resid_error_delta_norm,primary,geometry_only,0.3396276743539873,0.10019162649218433,0.340901121123568,5,5,"effect_l2,act_max,frequency"
llama_3_1_8b,resid_error_delta_norm,primary,direct_logit_only,0.339872186718533,0.12621952324927263,0.32954366159623993,4,5,"effect_l2,act_max,frequency"
llama_3_1_8b,resid_error_delta_norm,primary,coactivation_only,-0.011658794109474856,0.13234436967597266,-0.02880876454182824,2,5,"effect_l2,act_max,frequency"
llama_3_1_8b,resid_error_delta_norm,primary,full_no_magnitude,0.32485690469574885,0.19537277995629387,0.3222906921188013,15,5,"effect_l2,act_max,frequency"
llama_3_1_8b,resid_error_delta_norm,primary,full_all,0.31360933592664636,0.20792392204007826,0.3163986266514072,19,5,"effect_l2,act_max,frequency"
llama_3_1_8b,resid_error_delta_norm,robust,frequency_only,,,,1,0,"frequency,act_max"
llama_3_1_8b,resid_error_delta_norm,robust,actmag_only,0.01032509030286191,0.1701678702282939,0.02722830253669485,1,5,"frequency,act_max"
llama_3_1_8b,resid_error_delta_norm,robust,geometry_only,0.7216671297582663,0.06604357069430955,0.7223840264891831,5,5,"frequency,act_max"
llama_3_1_8b,resid_error_delta_norm,robust,direct_logit_only,0.686168380105585,0.04583918511565496,0.6809528994766608,4,5,"frequency,act_max"
llama_3_1_8b,resid_error_delta_norm,robust,coactivation_only,0.28181161433731594,0.1262876946051197,0.2838173757486194,2,5,"frequency,act_max"
llama_3_1_8b,resid_error_delta_norm,robust,full_no_magnitude,0.7370158377327037,0.054878019959182726,0.7432984810942344,15,5,"frequency,act_max"
llama_3_1_8b,resid_error_delta_norm,robust,full_all,0.7452848013337039,0.05879301275166512,0.7484958721763575,19,5,"frequency,act_max"
llama_3_1_8b,resid_error_delta_norm,effect_only,frequency_only,0.06369936826371798,0.058233942162073817,0.05278191762013728,1,5,effect_l2
llama_3_1_8b,resid_error_delta_norm,effect_only,actmag_only,0.09671575437621563,0.09051260554226134,0.09865442949366104,1,5,effect_l2
llama_3_1_8b,resid_error_delta_norm,effect_only,geometry_only,0.2914476243400945,0.12925142129427175,0.2817862420693563,5,5,effect_l2
llama_3_1_8b,resid_error_delta_norm,effect_only,direct_logit_only,0.301761600444568,0.13739322599319015,0.2936850409448994,4,5,effect_l2
llama_3_1_8b,resid_error_delta_norm,effect_only,coactivation_only,0.06692970269519312,0.08680804825421133,0.06748519427993643,2,5,effect_l2
llama_3_1_8b,resid_error_delta_norm,effect_only,full_no_magnitude,0.3237899416504585,0.15771062629753865,0.33403971155235057,15,5,effect_l2
llama_3_1_8b,resid_error_delta_norm,effect_only,full_all,0.3251903306474021,0.15889919877917633,0.3375321948021644,19,5,effect_l2
llama_3_1_8b,resid_change_explained_energy,none,frequency_only,0.01530113531992754,0.1543400058360791,-0.06158720433213356,1,5,
llama_3_1_8b,resid_change_explained_energy,none,actmag_only,-0.10218393998332873,0.1498867049788257,-0.17262458471760797,1,5,
llama_3_1_8b,resid_change_explained_energy,none,geometry_only,0.5551097527090859,0.08950101450260714,0.5665800731119235,5,5,
llama_3_1_8b,resid_change_explained_energy,none,direct_logit_only,0.5210225062517366,0.10455576854203508,0.5387628751430571,4,5,
llama_3_1_8b,resid_change_explained_energy,none,coactivation_only,0.13210336204501255,0.1397762984157323,0.10203580039778218,2,5,
llama_3_1_8b,resid_change_explained_energy,none,full_no_magnitude,0.5526757432620173,0.07022833746642357,0.578336203735597,15,5,
llama_3_1_8b,resid_change_explained_energy,none,full_all,0.5394276187829954,0.07237115059549976,0.5641329348103868,19,5,
llama_3_1_8b,resid_change_explained_energy,primary,frequency_only,,,,1,0,"effect_l2,act_max,frequency"
llama_3_1_8b,resid_change_explained_energy,primary,actmag_only,-0.12101139205334817,0.12768490889501086,-0.108522094689941,1,5,"effect_l2,act_max,frequency"
llama_3_1_8b,resid_change_explained_energy,primary,geometry_only,0.2101806057238122,0.07638101666296493,0.2364524050267225,5,5,"effect_l2,act_max,frequency"
llama_3_1_8b,resid_change_explained_energy,primary,direct_logit_only,0.18080577938316206,0.08094633742753324,0.19848620540228226,4,5,"effect_l2,act_max,frequency"
llama_3_1_8b,resid_change_explained_energy,primary,coactivation_only,0.1376938038343985,0.0828855262598598,0.13132545917176855,2,5,"effect_l2,act_max,frequency"
llama_3_1_8b,resid_change_explained_energy,primary,full_no_magnitude,0.2813781606001668,0.062066291325091894,0.30002777808642317,15,5,"effect_l2,act_max,frequency"
llama_3_1_8b,resid_change_explained_energy,primary,full_all,0.27238677410391776,0.05970729642686933,0.2917210191224347,19,5,"effect_l2,act_max,frequency"
llama_3_1_8b,resid_change_explained_energy,robust,frequency_only,,,,1,0,"frequency,act_max"
llama_3_1_8b,resid_change_explained_energy,robust,actmag_only,0.042934148374548495,0.16446460380230896,-0.01366237402637807,1,5,"frequency,act_max"
llama_3_1_8b,resid_change_explained_energy,robust,geometry_only,0.5323701028063351,0.06809638605725415,0.5475367504083378,5,5,"frequency,act_max"
llama_3_1_8b,resid_change_explained_energy,robust,direct_logit_only,0.5033953876076689,0.09397048887847145,0.5179119767997422,4,5,"frequency,act_max"
llama_3_1_8b,resid_change_explained_energy,robust,coactivation_only,0.1045734926368436,0.09302505308621868,0.10950343892709918,2,5,"frequency,act_max"
llama_3_1_8b,resid_change_explained_energy,robust,full_no_magnitude,0.533170325090303,0.1046275701550972,0.5565861842909365,15,5,"frequency,act_max"
llama_3_1_8b,resid_change_explained_energy,robust,full_all,0.5291025284801335,0.09761782979934908,0.556980855342837,19,5,"frequency,act_max"
llama_3_1_8b,resid_change_explained_energy,effect_only,frequency_only,0.1297538403867107,0.14667880342260295,0.14530768540851596,1,5,effect_l2
llama_3_1_8b,resid_change_explained_energy,effect_only,actmag_only,0.06019449847179773,0.15397599938031592,0.07446482738697097,1,5,effect_l2
llama_3_1_8b,resid_change_explained_energy,effect_only,geometry_only,0.18689636010002783,0.11767071870957627,0.20845876065289612,5,5,effect_l2
llama_3_1_8b,resid_change_explained_energy,effect_only,direct_logit_only,0.1733259238677411,0.1102896744508955,0.19239547106078955,4,5,effect_l2
llama_3_1_8b,resid_change_explained_energy,effect_only,coactivation_only,0.20278966379549876,0.07778521206127537,0.18987410971233012,2,5,effect_l2
llama_3_1_8b,resid_change_explained_energy,effect_only,full_no_magnitude,0.2976493470408447,0.06571998899826013,0.31219813553483927,15,5,effect_l2
llama_3_1_8b,resid_change_explained_energy,effect_only,full_all,0.2917477076965825,0.07172045698222196,0.3101385570950788,19,5,effect_l2
llama_3_1_8b,stab_anti_frac,none,frequency_only,0.053034419906511164,0.12828326544995391,-0.16775794084980897,1,5,
llama_3_1_8b,stab_anti_frac,none,actmag_only,-0.04671255419590759,0.11653814220130615,-0.18870292384859436,1,5,
llama_3_1_8b,stab_anti_frac,none,geometry_only,0.15949146280864385,0.07856919478163195,0.11947546628702004,5,5,
llama_3_1_8b,stab_anti_frac,none,direct_logit_only,0.17492704462938818,0.16356274757192252,0.11740780665172836,4,5,
llama_3_1_8b,stab_anti_frac,none,coactivation_only,-0.08745703845910016,0.07518007517917208,-0.1786348194537212,2,5,
llama_3_1_8b,stab_anti_frac,none,full_no_magnitude,0.14450433495160508,0.1273465683190584,0.11433719320866614,15,5,
llama_3_1_8b,stab_anti_frac,none,full_all,0.13628310946107774,0.13305941177373715,0.09995103865948672,19,5,
llama_3_1_8b,stab_anti_frac,primary,frequency_only,,,,1,0,"effect_l2,act_max,frequency"
llama_3_1_8b,stab_anti_frac,primary,actmag_only,0.16113364823562104,0.12350250378575744,0.10677585306503407,1,5,"effect_l2,act_max,frequency"
llama_3_1_8b,stab_anti_frac,primary,geometry_only,0.1648457904973604,0.08123189307671681,0.1548968321870243,5,5,"effect_l2,act_max,frequency"
llama_3_1_8b,stab_anti_frac,primary,direct_logit_only,0.16281189219227568,0.2218849722748861,0.15562484027600307,4,5,"effect_l2,act_max,frequency"
llama_3_1_8b,stab_anti_frac,primary,coactivation_only,0.009146985273687142,0.10427302545953865,-0.011386793186590962,2,5,"effect_l2,act_max,frequency"
llama_3_1_8b,stab_anti_frac,primary,full_no_magnitude,0.1731814392886913,0.14827326481794983,0.16290714341270457,15,5,"effect_l2,act_max,frequency"
llama_3_1_8b,stab_anti_frac,primary,full_all,0.15827729924979167,0.17152028352408064,0.14473760819564663,19,5,"effect_l2,act_max,frequency"
llama_3_1_8b,stab_anti_frac,robust,frequency_only,,,,1,0,"frequency,act_max"
llama_3_1_8b,stab_anti_frac,robust,actmag_only,0.12064462350652963,0.18306752474364496,0.12731563684040934,1,5,"frequency,act_max"
llama_3_1_8b,stab_anti_frac,robust,geometry_only,0.15996665740483468,0.08133684147960679,0.14882565361837352,5,5,"frequency,act_max"
llama_3_1_8b,stab_anti_frac,robust,direct_logit_only,0.16994720755765494,0.20045061610046297,0.15690263225146944,4,5,"frequency,act_max"
llama_3_1_8b,stab_anti_frac,robust,coactivation_only,-0.026685190330647413,0.10032030581525234,-0.04792853253925043,2,5,"frequency,act_max"
llama_3_1_8b,stab_anti_frac,robust,full_no_magnitude,0.1760489024729092,0.14945575035105316,0.15969777441971575,15,5,"frequency,act_max"
llama_3_1_8b,stab_anti_frac,robust,full_all,0.1650569602667408,0.1719058915278819,0.1470123001366682,19,5,"frequency,act_max"
llama_3_1_8b,stab_anti_frac,effect_only,frequency_only,0.08739469719803457,0.1266056220081407,-0.104031959029648,1,5,effect_l2
llama_3_1_8b,stab_anti_frac,effect_only,actmag_only,0.0994609613781606,0.1289540519042978,-0.06452782808697874,1,5,effect_l2
llama_3_1_8b,stab_anti_frac,effect_only,geometry_only,0.1806057238121701,0.057234528356549894,0.14320914676829744,5,5,effect_l2
llama_3_1_8b,stab_anti_frac,effect_only,direct_logit_only,0.18870797443734372,0.21910967001669213,0.16538005977844197,4,5,effect_l2
llama_3_1_8b,stab_anti_frac,effect_only,coactivation_only,-0.0401555987774382,0.11569700409027996,-0.04111290125445838,2,5,effect_l2
llama_3_1_8b,stab_anti_frac,effect_only,full_no_magnitude,0.16574604056682418,0.09445414169561304,0.13762908476760854,15,5,effect_l2
llama_3_1_8b,stab_anti_frac,effect_only,full_all,0.14283967768824676,0.126055881911745,0.11034655940621563,19,5,effect_l2
llama_3_1_8b,effect_pc1_ratio,none,frequency_only,-0.002981600361568542,0.10177954972626099,-0.09954127169986059,1,5,
llama_3_1_8b,effect_pc1_ratio,none,actmag_only,-0.01627118644067797,0.08345000515032908,-0.0946766075178613,1,5,
llama_3_1_8b,effect_pc1_ratio,none,geometry_only,-0.08052236732425674,0.11311390435450365,-0.15516172401915573,5,5,
llama_3_1_8b,effect_pc1_ratio,none,direct_logit_only,-0.027452070019449853,0.11671227647407412,-0.05171257458416204,4,5,
llama_3_1_8b,effect_pc1_ratio,none,coactivation_only,-0.0934704084467908,0.10043571538617793,-0.17775219724663605,2,5,
llama_3_1_8b,effect_pc1_ratio,none,full_no_magnitude,-0.044145595998888586,0.13721046032822326,-0.03715330170335225,15,5,
llama_3_1_8b,effect_pc1_ratio,none,full_all,-0.013370380661294808,0.1471411180193976,-0.020490449893887708,19,5,
llama_3_1_8b,effect_pc1_ratio,primary,frequency_only,,,,1,0,"effect_l2,act_max,frequency"
llama_3_1_8b,effect_pc1_ratio,primary,actmag_only,-0.1280466796332315,0.08093584386136506,-0.07934843720485782,1,5,"effect_l2,act_max,frequency"
llama_3_1_8b,effect_pc1_ratio,primary,geometry_only,-0.06088357877188109,0.08942954354564496,-0.09281125345837177,5,5,"effect_l2,act_max,frequency"
llama_3_1_8b,effect_pc1_ratio,primary,direct_logit_only,0.07127535426507364,0.16247051565758755,0.06265891843242702,4,5,"effect_l2,act_max,frequency"
llama_3_1_8b,effect_pc1_ratio,primary,coactivation_only,0.05668241178105031,0.12011108079252952,0.04762097356637296,2,5,"effect_l2,act_max,frequency"
llama_3_1_8b,effect_pc1_ratio,primary,full_no_magnitude,0.0025229230341761665,0.14059340417935007,0.02019666885187613,15,5,"effect_l2,act_max,frequency"
llama_3_1_8b,effect_pc1_ratio,primary,full_all,0.025984995832175624,0.16138175277320613,0.03813464594051045,19,5,"effect_l2,act_max,frequency"
llama_3_1_8b,effect_pc1_ratio,robust,frequency_only,,,,1,0,"frequency,act_max"
llama_3_1_8b,effect_pc1_ratio,robust,actmag_only,-0.1156765768268964,0.10891967496510907,-0.05823531372570806,1,5,"frequency,act_max"
llama_3_1_8b,effect_pc1_ratio,robust,geometry_only,-0.06501806057238123,0.10008890109126992,-0.0678998655540617,5,5,"frequency,act_max"
llama_3_1_8b,effect_pc1_ratio,robust,direct_logit_only,-0.02879688802445124,0.12746969729537383,-0.017519750219446878,4,5,"frequency,act_max"
llama_3_1_8b,effect_pc1_ratio,robust,coactivation_only,-0.0023117532647957727,0.1486067351485809,0.017902865587395417,2,5,"frequency,act_max"
llama_3_1_8b,effect_pc1_ratio,robust,full_no_magnitude,-0.03609891636565714,0.1197046872948839,-0.008429426993633263,15,5,"frequency,act_max"
llama_3_1_8b,effect_pc1_ratio,robust,full_all,0.002133926090580729,0.16442342466436047,0.02897765530728119,19,5,"frequency,act_max"
llama_3_1_8b,effect_pc1_ratio,effect_only,frequency_only,-0.009002895675335623,0.09817040507098591,-0.013754425238635945,1,5,effect_l2
llama_3_1_8b,effect_pc1_ratio,effect_only,actmag_only,-0.035887746596276755,0.06151711719580156,-0.021237569306325626,1,5,effect_l2
llama_3_1_8b,effect_pc1_ratio,effect_only,geometry_only,-0.043034176160044464,0.09637103157425708,-0.07055545061611797,5,5,effect_l2
llama_3_1_8b,effect_pc1_ratio,effect_only,direct_logit_only,0.09599333148096698,0.16926439798977003,0.07739019322436914,4,5,effect_l2
llama_3_1_8b,effect_pc1_ratio,effect_only,coactivation_only,-0.1225006946373993,0.09952160276811892,-0.12709830109223436,2,5,effect_l2
llama_3_1_8b,effect_pc1_ratio,effect_only,full_no_magnitude,0.01633787163100861,0.18010309008822983,0.0220433560372893,15,5,effect_l2
llama_3_1_8b,effect_pc1_ratio,effect_only,full_all,0.01335926646290635,0.1639926565477302,0.022399359992888807,19,5,effect_l2
pythia_70m_deduped,collateral_raw,none,frequency_only,0.17300897245704405,0.10771575500636103,0.0980908615906533,1,5,
pythia_70m_deduped,collateral_raw,none,actmag_only,0.13208979366144036,0.14609160922529965,0.0366300211648073,1,5,
pythia_70m_deduped,collateral_raw,none,geometry_only,0.07400512224856509,0.06720747712191893,0.03881450662909855,5,5,
pythia_70m_deduped,collateral_raw,none,direct_logit_only,0.6286759320229905,0.03717595174848081,0.6309267363094799,4,5,
pythia_70m_deduped,collateral_raw,none,coactivation_only,0.11771820710075016,0.11308733110740325,0.08649717978291803,2,5,
pythia_70m_deduped,collateral_raw,none,full_no_magnitude,0.6631198027000883,0.06238176308891109,0.6593190472325973,15,5,
pythia_70m_deduped,collateral_raw,none,full_all,0.6676099863315115,0.04663851678739901,0.6654127172139127,19,5,
pythia_70m_deduped,collateral_raw,primary,frequency_only,,,,1,0,"effect_l2,act_max,frequency"
pythia_70m_deduped,collateral_raw,primary,actmag_only,-0.028307863295359826,0.16674729145764264,0.028008311203457814,1,5,"effect_l2,act_max,frequency"
pythia_70m_deduped,collateral_raw,primary,geometry_only,0.004012225618227288,0.10857730776879307,0.01619395771064123,5,5,"effect_l2,act_max,frequency"
pythia_70m_deduped,collateral_raw,primary,direct_logit_only,0.49729369269241464,0.06928919131101274,0.4991117679085323,4,5,"effect_l2,act_max,frequency"
pythia_70m_deduped,collateral_raw,primary,coactivation_only,0.1971547652125591,0.13479446430012615,0.21579973110812342,2,5,"effect_l2,act_max,frequency"
pythia_70m_deduped,collateral_raw,primary,full_no_magnitude,0.5200777993887191,0.05350614975264909,0.5412131245902732,15,5,"effect_l2,act_max,frequency"
pythia_70m_deduped,collateral_raw,primary,full_all,0.5285023617671577,0.0654179356835624,0.5403686707630084,19,5,"effect_l2,act_max,frequency"
pythia_70m_deduped,collateral_raw,robust,frequency_only,,,,1,0,"frequency,act_max"
pythia_70m_deduped,collateral_raw,robust,actmag_only,0.06805223673242569,0.14919437044990105,0.008581873131923688,1,5,"frequency,act_max"
pythia_70m_deduped,collateral_raw,robust,geometry_only,0.06310641844956935,0.09487111644256609,0.0733483705374504,5,5,"frequency,act_max"
pythia_70m_deduped,collateral_raw,robust,direct_logit_only,0.6264629063628787,0.03759122577548985,0.633793264369604,4,5,"frequency,act_max"
pythia_70m_deduped,collateral_raw,robust,coactivation_only,0.0997277021394832,0.127559522428292,0.10108556761741795,2,5,"frequency,act_max"
pythia_70m_deduped,collateral_raw,robust,full_no_magnitude,0.6499027507641012,0.044994442707773495,0.6569419660218446,15,5,"frequency,act_max"
pythia_70m_deduped,collateral_raw,robust,full_all,0.6608613503751043,0.04331426274310546,0.6639038211535684,19,5,"frequency,act_max"
pythia_70m_deduped,collateral_raw,effect_only,frequency_only,0.2816507909728566,0.12332137988527457,0.26835961626642557,1,5,effect_l2
pythia_70m_deduped,collateral_raw,effect_only,actmag_only,0.2298749652681301,0.14074040062949864,0.1978924210269003,1,5,effect_l2
pythia_70m_deduped,collateral_raw,effect_only,geometry_only,0.03856626840789109,0.1120751103336808,0.03655773953043922,5,5,effect_l2
pythia_70m_deduped,collateral_raw,effect_only,direct_logit_only,0.5112420116699083,0.07041208622387328,0.5245284947610529,4,5,effect_l2
pythia_70m_deduped,collateral_raw,effect_only,coactivation_only,0.24323423173103645,0.06868071928955552,0.2665771841909354,2,5,effect_l2
pythia_70m_deduped,collateral_raw,effect_only,full_no_magnitude,0.5600555709919423,0.0876277007921947,0.5917296858853986,15,5,effect_l2
pythia_70m_deduped,collateral_raw,effect_only,full_all,0.5637565990552933,0.08504473493174625,0.5894425493616594,19,5,effect_l2
pythia_70m_deduped,collateral_ctilde,none,frequency_only,0.3837598958918606,0.09346932248975168,0.34329338225219386,1,5,
pythia_70m_deduped,collateral_ctilde,none,actmag_only,0.30367324256737993,0.10248811831158096,0.25585528728096973,1,5,
pythia_70m_deduped,collateral_ctilde,none,geometry_only,0.09225896082245069,0.1450884612323555,0.0436711519016878,5,5,
pythia_70m_deduped,collateral_ctilde,none,direct_logit_only,0.30898582939705477,0.11870039013928645,0.3054842831587018,4,5,
pythia_70m_deduped,collateral_ctilde,none,coactivation_only,0.3369602667407614,0.0504270986157844,0.3324103601151124,2,5,
pythia_70m_deduped,collateral_ctilde,none,full_no_magnitude,0.4947040844679078,0.0884129794404594,0.5033509261214013,15,5,
pythia_70m_deduped,collateral_ctilde,none,full_all,0.5024729091414283,0.09666869469384733,0.5096438849320547,19,5,
pythia_70m_deduped,collateral_ctilde,primary,frequency_only,,,,1,0,"effect_l2,act_max,frequency"
pythia_70m_deduped,collateral_ctilde,primary,actmag_only,-0.11873298138371773,0.11262958653383691,-0.0808631207013411,1,5,"effect_l2,act_max,frequency"
pythia_70m_deduped,collateral_ctilde,primary,geometry_only,0.04683523200889136,0.10571928329278524,0.04067156301736685,5,5,"effect_l2,act_max,frequency"
pythia_70m_deduped,collateral_ctilde,primary,direct_logit_only,0.42581828285634904,0.09166010605256923,0.43286747630529226,4,5,"effect_l2,act_max,frequency"
pythia_70m_deduped,collateral_ctilde,primary,coactivation_only,0.1918755209780495,0.1306413361441668,0.2027791419904665,2,5,"effect_l2,act_max,frequency"
pythia_70m_deduped,collateral_ctilde,primary,full_no_magnitude,0.4737427063073077,0.04733457370317077,0.5022420249113878,15,5,"effect_l2,act_max,frequency"
pythia_70m_deduped,collateral_ctilde,primary,full_all,0.4802445123645458,0.04551794135284129,0.5035433727041412,19,5,"effect_l2,act_max,frequency"
pythia_70m_deduped,collateral_ctilde,robust,frequency_only,,,,1,0,"frequency,act_max"
pythia_70m_deduped,collateral_ctilde,robust,actmag_only,-0.09659349819394278,0.10688773347922557,-0.061635351503905596,1,5,"frequency,act_max"
pythia_70m_deduped,collateral_ctilde,robust,geometry_only,-0.00204501250347318,0.11284394771772457,-0.016216180179779775,5,5,"frequency,act_max"
pythia_70m_deduped,collateral_ctilde,robust,direct_logit_only,0.29914976382328434,0.13518258209529396,0.3061011789019878,4,5,"frequency,act_max"
pythia_70m_deduped,collateral_ctilde,robust,coactivation_only,0.20306751875520979,0.11470872785380953,0.2243553817264636,2,5,"frequency,act_max"
pythia_70m_deduped,collateral_ctilde,robust,full_no_magnitude,0.38874131703250914,0.06515760395127916,0.40655340614895724,15,5,"frequency,act_max"
pythia_70m_deduped,collateral_ctilde,robust,full_all,0.3784940261183663,0.04217781911668041,0.40382493138812653,19,5,"frequency,act_max"
pythia_70m_deduped,collateral_ctilde,effect_only,frequency_only,0.32351126363205374,0.12201774684755788,0.3107123148531609,1,5,effect_l2
pythia_70m_deduped,collateral_ctilde,effect_only,actmag_only,0.2503584328980273,0.13720165007841656,0.22313847931643682,1,5,effect_l2
pythia_70m_deduped,collateral_ctilde,effect_only,geometry_only,0.10009447068630177,0.11653650353609127,0.10399893332148136,5,5,effect_l2
pythia_70m_deduped,collateral_ctilde,effect_only,direct_logit_only,0.4517588218949709,0.07949912069223321,0.46912343470483003,4,5,effect_l2
pythia_70m_deduped,collateral_ctilde,effect_only,coactivation_only,0.2636732425673799,0.07208203654802763,0.2762092912143468,2,5,effect_l2
pythia_70m_deduped,collateral_ctilde,effect_only,full_no_magnitude,0.5435176437899416,0.10678686186659694,0.5752961699574439,15,5,effect_l2
pythia_70m_deduped,collateral_ctilde,effect_only,full_all,0.5466518477354823,0.10014648879661776,0.5781815353503927,19,5,effect_l2
pythia_70m_deduped,kl_mean,none,frequency_only,0.08865283050420895,0.14099252202478382,0.04540530550041009,1,5,
pythia_70m_deduped,kl_mean,none,actmag_only,0.14698527368713535,0.06371736106810834,-0.0444658273980822,1,5,
pythia_70m_deduped,kl_mean,none,geometry_only,0.3645234787440957,0.10312412213404511,0.32654762830698114,5,5,
pythia_70m_deduped,kl_mean,none,direct_logit_only,0.15335370936371218,0.07516262603962846,0.10329403660040666,4,5,
pythia_70m_deduped,kl_mean,none,coactivation_only,0.17776048902472913,0.15898196842442022,0.09820020222446914,2,5,
pythia_70m_deduped,kl_mean,none,full_no_magnitude,0.3239121978327314,0.11577200339006427,0.2922868031867021,15,5,
pythia_70m_deduped,kl_mean,none,full_all,0.3695915532092249,0.08706014443851444,0.3511279014211269,19,5,
pythia_70m_deduped,kl_mean,primary,frequency_only,,,,1,0,"effect_l2,act_max,frequency"
pythia_70m_deduped,kl_mean,primary,actmag_only,0.13538205056960267,0.09539893664735455,0.13619929110323448,1,5,"effect_l2,act_max,frequency"
pythia_70m_deduped,kl_mean,primary,geometry_only,0.26070575159766607,0.0269640073431299,0.239266658518428,5,5,"effect_l2,act_max,frequency"
pythia_70m_deduped,kl_mean,primary,direct_logit_only,0.05877188107807727,0.1482833865513438,0.0770164112934588,4,5,"effect_l2,act_max,frequency"
pythia_70m_deduped,kl_mean,primary,coactivation_only,0.021083634342873026,0.09710015707956467,0.05180413115701285,2,5,"effect_l2,act_max,frequency"
pythia_70m_deduped,kl_mean,primary,full_no_magnitude,0.2789997221450403,0.10461609980268216,0.2815324614717941,15,5,"effect_l2,act_max,frequency"
pythia_70m_deduped,kl_mean,primary,full_all,0.3211225340372326,0.09208737201019335,0.3152208357870643,19,5,"effect_l2,act_max,frequency"
pythia_70m_deduped,kl_mean,robust,frequency_only,,,,1,0,"frequency,act_max"
pythia_70m_deduped,kl_mean,robust,actmag_only,0.09716032231175328,0.08555206170658843,0.0903116701296681,1,5,"frequency,act_max"
pythia_70m_deduped,kl_mean,robust,geometry_only,0.22520700194498472,0.08277902860454325,0.19182613140146,5,5,"frequency,act_max"
pythia_70m_deduped,kl_mean,robust,direct_logit_only,0.26690747429841627,0.10506944278939206,0.24670051889465439,4,5,"frequency,act_max"
pythia_70m_deduped,kl_mean,robust,coactivation_only,-0.041022506251736604,0.0844487950181638,-0.041534239269325215,2,5,"frequency,act_max"
pythia_70m_deduped,kl_mean,robust,full_no_magnitude,0.26649624895804397,0.0779931822062171,0.23056167290747673,15,5,"frequency,act_max"
pythia_70m_deduped,kl_mean,robust,full_all,0.29859405390386223,0.07268143951162388,0.28584050933899263,19,5,"frequency,act_max"
pythia_70m_deduped,kl_mean,effect_only,frequency_only,0.037052382536733305,0.1704303342067582,0.041178191631379236,1,5,effect_l2
pythia_70m_deduped,kl_mean,effect_only,actmag_only,0.23006390664073356,0.07558653481584064,0.23942754919499104,1,5,effect_l2
pythia_70m_deduped,kl_mean,effect_only,geometry_only,0.38579605445957216,0.10356532219574395,0.38556695074389713,5,5,effect_l2
pythia_70m_deduped,kl_mean,effect_only,direct_logit_only,0.04085579327590999,0.21193382605914782,0.058431760352892805,4,5,effect_l2
pythia_70m_deduped,kl_mean,effect_only,coactivation_only,0.11234231731036401,0.16282388869630948,0.08146223846931633,2,5,effect_l2
pythia_70m_deduped,kl_mean,effect_only,full_no_magnitude,0.36900250069463747,0.1372670562497344,0.364303158923988,15,5,effect_l2
pythia_70m_deduped,kl_mean,effect_only,full_all,0.41390386218394004,0.1448040215899658,0.41895798842209353,19,5,effect_l2
pythia_70m_deduped,kl_per_effect,none,frequency_only,0.035493592881901806,0.1866797993133735,-0.00347618501337367,1,5,
pythia_70m_deduped,kl_per_effect,none,actmag_only,0.2347318699638789,0.07459790015592598,0.14632740363781818,1,5,
pythia_70m_deduped,kl_per_effect,none,geometry_only,0.37098082800778,0.11147192149668798,0.35954088378759763,5,5,
pythia_70m_deduped,kl_per_effect,none,direct_logit_only,0.07594331758821896,0.20420560614928857,0.07024344714941276,4,5,
pythia_70m_deduped,kl_per_effect,none,coactivation_only,0.017993887190886355,0.10212428862385162,-0.004428049200546672,2,5,
pythia_70m_deduped,kl_per_effect,none,full_no_magnitude,0.3468296749096972,0.13600498835487135,0.34927632529250324,15,5,
pythia_70m_deduped,kl_per_effect,none,full_all,0.38647402056126706,0.14407636179067013,0.39649773886376516,19,5,
pythia_70m_deduped,kl_per_effect,primary,frequency_only,,,,1,0,"effect_l2,act_max,frequency"
pythia_70m_deduped,kl_per_effect,primary,actmag_only,0.1370491803278689,0.09539381545721898,0.13743086034289267,1,5,"effect_l2,act_max,frequency"
pythia_70m_deduped,kl_per_effect,primary,geometry_only,0.2478466240622396,0.05573261298638318,0.2167810753452816,5,5,"effect_l2,act_max,frequency"
pythia_70m_deduped,kl_per_effect,primary,direct_logit_only,0.023161989441511537,0.17664144627844833,0.04786808742319359,4,5,"effect_l2,act_max,frequency"
pythia_70m_deduped,kl_per_effect,primary,coactivation_only,0.030675187552097805,0.11039711496289747,0.04415960177335304,2,5,"effect_l2,act_max,frequency"
pythia_70m_deduped,kl_per_effect,primary,full_no_magnitude,0.2470352875798834,0.08904167350944281,0.23922176913076812,15,5,"effect_l2,act_max,frequency"
pythia_70m_deduped,kl_per_effect,primary,full_all,0.276699083078633,0.08032168506812416,0.2759648440538228,19,5,"effect_l2,act_max,frequency"
pythia_70m_deduped,kl_per_effect,robust,frequency_only,,,,1,0,"frequency,act_max"
pythia_70m_deduped,kl_per_effect,robust,actmag_only,0.13552653514865243,0.11043248055888547,0.13510639007100078,1,5,"frequency,act_max"
pythia_70m_deduped,kl_per_effect,robust,geometry_only,0.22348430119477639,0.07271997668413088,0.20062622918032422,5,5,"frequency,act_max"
pythia_70m_deduped,kl_per_effect,robust,direct_logit_only,0.06389552653514867,0.17752442066154725,0.08720585784286491,4,5,"frequency,act_max"
pythia_70m_deduped,kl_per_effect,robust,coactivation_only,0.041155876632397906,0.10109787649945315,0.06560561784019822,2,5,"frequency,act_max"
pythia_70m_deduped,kl_per_effect,robust,full_no_magnitude,0.26008335648791336,0.1181137525282808,0.2698572206357848,15,5,"frequency,act_max"
pythia_70m_deduped,kl_per_effect,robust,full_all,0.2828674631842179,0.09948186924891417,0.2868618540206002,19,5,"frequency,act_max"
pythia_70m_deduped,kl_per_effect,effect_only,frequency_only,0.052901321987911795,0.1765171258908479,0.06015653505115194,1,5,effect_l2
pythia_70m_deduped,kl_per_effect,effect_only,actmag_only,0.2143706585162546,0.07526871751002984,0.21329836998188867,1,5,effect_l2
pythia_70m_deduped,kl_per_effect,effect_only,geometry_only,0.39507641011392064,0.10294050465614327,0.3865029611440127,5,5,effect_l2
pythia_70m_deduped,kl_per_effect,effect_only,direct_logit_only,0.02641844956932482,0.22716809401194946,0.034365270725230275,4,5,effect_l2
pythia_70m_deduped,kl_per_effect,effect_only,coactivation_only,0.1041511530980828,0.160494567878294,0.09711707907865642,2,5,effect_l2
pythia_70m_deduped,kl_per_effect,effect_only,full_no_magnitude,0.3373270352875799,0.1257718528388301,0.33252680585339833,15,5,effect_l2
pythia_70m_deduped,kl_per_effect,effect_only,full_all,0.38906362878577394,0.13034903869767633,0.38655229502550026,19,5,effect_l2
pythia_70m_deduped,collateral_raw_nodense,none,frequency_only,0.20130041980175517,0.10267221014915301,0.11104271176628762,1,5,
pythia_70m_deduped,collateral_raw_nodense,none,actmag_only,0.13819021951739505,0.13063388103087,0.042296680109163355,1,5,
pythia_70m_deduped,collateral_raw_nodense,none,geometry_only,0.07650810766708235,0.05311534852170525,0.04314825383166949,5,5,
pythia_70m_deduped,collateral_raw_nodense,none,direct_logit_only,0.6708347715571207,0.034926658072468725,0.6769306634450774,4,5,
pythia_70m_deduped,collateral_raw_nodense,none,coactivation_only,0.16373119956119053,0.09329861333634423,0.1256455693342661,2,5,
pythia_70m_deduped,collateral_raw_nodense,none,full_no_magnitude,0.7043066049869136,0.06219301197184913,0.7103778214306398,15,5,
pythia_70m_deduped,collateral_raw_nodense,none,full_all,0.7157882971588363,0.0451706936598062,0.7151405897032784,19,5,
pythia_70m_deduped,collateral_raw_nodense,primary,frequency_only,,,,1,0,"effect_l2,act_max,frequency"
pythia_70m_deduped,collateral_raw_nodense,primary,actmag_only,0.010558488469019167,0.1307066730030712,0.047444971610795666,1,5,"effect_l2,act_max,frequency"
pythia_70m_deduped,collateral_raw_nodense,primary,geometry_only,0.015737704918032787,0.08077992829729283,0.02771941910465672,5,5,"effect_l2,act_max,frequency"
pythia_70m_deduped,collateral_raw_nodense,primary,direct_logit_only,0.5583995554320647,0.04440066754394123,0.5670200780008667,4,5,"effect_l2,act_max,frequency"
pythia_70m_deduped,collateral_raw_nodense,primary,coactivation_only,0.2084690191719923,0.09401034959607281,0.22842076023066923,2,5,"effect_l2,act_max,frequency"
pythia_70m_deduped,collateral_raw_nodense,primary,full_no_magnitude,0.5651792164490137,0.05699704665790574,0.5821229124768053,15,5,"effect_l2,act_max,frequency"
pythia_70m_deduped,collateral_raw_nodense,primary,full_all,0.570880800222284,0.052300942487335494,0.5828455871731908,19,5,"effect_l2,act_max,frequency"
pythia_70m_deduped,collateral_raw_nodense,robust,frequency_only,,,,1,0,"frequency,act_max"
pythia_70m_deduped,collateral_raw_nodense,robust,actmag_only,0.058460683523200906,0.12444687097199572,0.011800575561950686,1,5,"frequency,act_max"
pythia_70m_deduped,collateral_raw_nodense,robust,geometry_only,0.031664351208669075,0.06281937635221946,0.05433793708818987,5,5,"frequency,act_max"
pythia_70m_deduped,collateral_raw_nodense,robust,direct_logit_only,0.673520422339539,0.034931273104469175,0.6851022789142102,4,5,"frequency,act_max"
pythia_70m_deduped,collateral_raw_nodense,robust,coactivation_only,0.12451236454570716,0.1103476846106601,0.13229035878176423,2,5,"frequency,act_max"
pythia_70m_deduped,collateral_raw_nodense,robust,full_no_magnitude,0.6932370102806337,0.050933297316880066,0.7071927465860731,15,5,"frequency,act_max"
pythia_70m_deduped,collateral_raw_nodense,robust,full_all,0.7049513753820508,0.04294481673709523,0.7092261025122502,19,5,"frequency,act_max"
pythia_70m_deduped,collateral_raw_nodense,effect_only,frequency_only,0.31066947910307074,0.10404487801786544,0.292058655380744,1,5,effect_l2
pythia_70m_deduped,collateral_raw_nodense,effect_only,actmag_only,0.2347318699638789,0.11141036227047273,0.200228891432127,1,5,effect_l2
pythia_70m_deduped,collateral_raw_nodense,effect_only,geometry_only,0.10717421505973886,0.08916267277399066,0.10680163112923477,5,5,effect_l2
pythia_70m_deduped,collateral_raw_nodense,effect_only,direct_logit_only,0.5680244512364547,0.05198893178900167,0.5863349592773253,4,5,effect_l2
pythia_70m_deduped,collateral_raw_nodense,effect_only,coactivation_only,0.2893914976382329,0.05029219104558984,0.29658996211069005,2,5,effect_l2
pythia_70m_deduped,collateral_raw_nodense,effect_only,full_no_magnitude,0.62160600166713,0.0837666183424124,0.6420973566372958,15,5,effect_l2
pythia_70m_deduped,collateral_raw_nodense,effect_only,full_all,0.6251514309530426,0.07781091170173182,0.6399191102123357,19,5,effect_l2
pythia_70m_deduped,collateral_ctilde_nodense,none,frequency_only,0.3963599242965933,0.08139974544817401,0.3371639449133715,1,5,
pythia_70m_deduped,collateral_ctilde_nodense,none,actmag_only,0.29617115865518207,0.08425431528433092,0.2357008411204569,1,5,
pythia_70m_deduped,collateral_ctilde_nodense,none,geometry_only,0.12607946651847737,0.1046209218724413,0.08443827153635039,5,5,
pythia_70m_deduped,collateral_ctilde_nodense,none,direct_logit_only,0.3712475687691026,0.12195025300973764,0.37697885532061465,4,5,
pythia_70m_deduped,collateral_ctilde_nodense,none,coactivation_only,0.36492358988607954,0.034382602182753755,0.35229191435460394,2,5,
pythia_70m_deduped,collateral_ctilde_nodense,none,full_no_magnitude,0.5110197277021395,0.07593556262753715,0.5322841364904054,15,5,
pythia_70m_deduped,collateral_ctilde_nodense,none,full_all,0.512564601278133,0.08024283136291631,0.5276214180157557,19,5,
pythia_70m_deduped,collateral_ctilde_nodense,primary,frequency_only,,,,1,0,"effect_l2,act_max,frequency"
pythia_70m_deduped,collateral_ctilde_nodense,primary,actmag_only,-0.10163934426229511,0.11616157455648082,-0.032064800720007995,1,5,"effect_l2,act_max,frequency"
pythia_70m_deduped,collateral_ctilde_nodense,primary,geometry_only,0.03236454570714088,0.05873636291977815,0.03355326170290781,5,5,"effect_l2,act_max,frequency"
pythia_70m_deduped,collateral_ctilde_nodense,primary,direct_logit_only,0.4785996110030565,0.08761833449988592,0.49840731563684043,4,5,"effect_l2,act_max,frequency"
pythia_70m_deduped,collateral_ctilde_nodense,primary,coactivation_only,0.20100027785495977,0.10019511798010881,0.22253047256080621,2,5,"effect_l2,act_max,frequency"
pythia_70m_deduped,collateral_ctilde_nodense,primary,full_no_magnitude,0.516421228118922,0.04729487773607189,0.5378361981799797,15,5,"effect_l2,act_max,frequency"
pythia_70m_deduped,collateral_ctilde_nodense,primary,full_all,0.5208335648791331,0.032016292250516235,0.5385122056911743,19,5,"effect_l2,act_max,frequency"
pythia_70m_deduped,collateral_ctilde_nodense,robust,frequency_only,,,,1,0,"frequency,act_max"
pythia_70m_deduped,collateral_ctilde_nodense,robust,actmag_only,-0.054592942484023355,0.13264014500413723,-0.029023433593706596,1,5,"frequency,act_max"
pythia_70m_deduped,collateral_ctilde_nodense,robust,geometry_only,0.004723534315087522,0.06369936789287405,0.015645062722919142,5,5,"frequency,act_max"
pythia_70m_deduped,collateral_ctilde_nodense,robust,direct_logit_only,0.3610447346485135,0.12728083643722923,0.38487360970677453,4,5,"frequency,act_max"
pythia_70m_deduped,collateral_ctilde_nodense,robust,coactivation_only,0.20955821061405952,0.1034645674631149,0.23623195813286813,2,5,"frequency,act_max"
pythia_70m_deduped,collateral_ctilde_nodense,robust,full_no_magnitude,0.41240344540150053,0.03625085224706339,0.4371555239502661,15,5,"frequency,act_max"
pythia_70m_deduped,collateral_ctilde_nodense,robust,full_all,0.41284801333703813,0.0414262180943615,0.4349154990611006,19,5,"frequency,act_max"
pythia_70m_deduped,collateral_ctilde_nodense,effect_only,frequency_only,0.33998439487239823,0.11309876206208418,0.3278578940608576,1,5,effect_l2
pythia_70m_deduped,collateral_ctilde_nodense,effect_only,actmag_only,0.2522478466240623,0.11850646814982879,0.22550383893154366,1,5,effect_l2
pythia_70m_deduped,collateral_ctilde_nodense,effect_only,geometry_only,0.13966101694915256,0.09089632438629515,0.1336374848609429,5,5,effect_l2
pythia_70m_deduped,collateral_ctilde_nodense,effect_only,direct_logit_only,0.5152431230897473,0.0730390871619461,0.534098823320259,4,5,effect_l2
pythia_70m_deduped,collateral_ctilde_nodense,effect_only,coactivation_only,0.3065740483467631,0.05820808638652801,0.31155101723352474,2,5,effect_l2
pythia_70m_deduped,collateral_ctilde_nodense,effect_only,full_no_magnitude,0.6003445401500417,0.09872224740717353,0.6252531694796609,15,5,effect_l2
pythia_70m_deduped,collateral_ctilde_nodense,effect_only,full_all,0.5974881911642125,0.0912542113253125,0.6240269336325959,19,5,effect_l2
pythia_70m_deduped,resid_delta_norm,none,frequency_only,0.1867089548771772,0.04371079949976162,0.14075015782765038,1,5,
pythia_70m_deduped,resid_delta_norm,none,actmag_only,0.05649347040844681,0.10973250527141606,0.002688918765764064,1,5,
pythia_70m_deduped,resid_delta_norm,none,geometry_only,0.22687413170325094,0.08655525921762064,0.19960044000488894,5,5,
pythia_70m_deduped,resid_delta_norm,none,direct_logit_only,0.27463184217838293,0.14924502573689982,0.23870576339737104,4,5,
pythia_70m_deduped,resid_delta_norm,none,coactivation_only,0.25059183106418453,0.049269889550114625,0.2405320059111768,2,5,
pythia_70m_deduped,resid_delta_norm,none,full_no_magnitude,0.30581828285634904,0.2152300155950832,0.2992553250591673,15,5,
pythia_70m_deduped,resid_delta_norm,none,full_all,0.33424840233398173,0.15909656626120525,0.3201448904987833,19,5,
pythia_70m_deduped,resid_delta_norm,primary,frequency_only,,,,1,0,"effect_l2,act_max,frequency"
pythia_70m_deduped,resid_delta_norm,primary,actmag_only,-0.024040011114198394,0.09183478324616327,-0.06623673596373293,1,5,"effect_l2,act_max,frequency"
pythia_70m_deduped,resid_delta_norm,primary,geometry_only,0.24048902472909145,0.06993216309695272,0.24367204080045332,5,5,"effect_l2,act_max,frequency"
pythia_70m_deduped,resid_delta_norm,primary,direct_logit_only,0.3204890247290915,0.11462528920453867,0.3455327281414238,4,5,"effect_l2,act_max,frequency"
pythia_70m_deduped,resid_delta_norm,primary,coactivation_only,0.02552931369824951,0.07513178052390812,0.0304310047889421,2,5,"effect_l2,act_max,frequency"
pythia_70m_deduped,resid_delta_norm,primary,full_no_magnitude,0.33128091136426796,0.06948218349203093,0.3534554828386982,15,5,"effect_l2,act_max,frequency"
pythia_70m_deduped,resid_delta_norm,primary,full_all,0.3506863017504863,0.0737610889270822,0.37098412204580045,19,5,"effect_l2,act_max,frequency"
pythia_70m_deduped,resid_delta_norm,robust,frequency_only,,,,1,0,"frequency,act_max"
pythia_70m_deduped,resid_delta_norm,robust,actmag_only,0.09086968602389554,0.13289530279418724,0.07008611206791186,1,5,"frequency,act_max"
pythia_70m_deduped,resid_delta_norm,robust,geometry_only,0.1380272297860517,0.11138726144258676,0.11423238035978177,5,5,"frequency,act_max"
pythia_70m_deduped,resid_delta_norm,robust,direct_logit_only,0.3059627674353988,0.11602170947005143,0.27776175290836563,4,5,"frequency,act_max"
pythia_70m_deduped,resid_delta_norm,robust,coactivation_only,0.09125868296749098,0.11717403923831743,0.0806128956988411,2,5,"frequency,act_max"
pythia_70m_deduped,resid_delta_norm,robust,full_no_magnitude,0.23845512642400674,0.1743296542821773,0.22145357170635224,15,5,"frequency,act_max"
pythia_70m_deduped,resid_delta_norm,robust,full_all,0.2748207835509865,0.13395408344473847,0.2574824164712941,19,5,"frequency,act_max"
pythia_70m_deduped,resid_delta_norm,effect_only,frequency_only,0.14855122484055888,0.09769170646731977,0.13341087831948867,1,5,effect_l2
pythia_70m_deduped,resid_delta_norm,effect_only,actmag_only,0.016382328424562376,0.08581829131272564,0.003394704385604284,1,5,effect_l2
pythia_70m_deduped,resid_delta_norm,effect_only,geometry_only,0.2913920533481523,0.06092842279731128,0.30249224991388796,5,5,effect_l2
pythia_70m_deduped,resid_delta_norm,effect_only,direct_logit_only,0.3379938871908864,0.12082421579189857,0.3610053445038278,4,5,effect_l2
pythia_70m_deduped,resid_delta_norm,effect_only,coactivation_only,0.15237565990552934,0.06533795150668369,0.15696396626629183,2,5,effect_l2
pythia_70m_deduped,resid_delta_norm,effect_only,full_no_magnitude,0.3749930536260073,0.06480352557804346,0.38061711796797737,15,5,effect_l2
pythia_70m_deduped,resid_delta_norm,effect_only,full_all,0.37964990275076416,0.06400038933545422,0.39364170713007923,19,5,effect_l2
pythia_70m_deduped,resid_error_delta_norm,none,frequency_only,0.38481005298984694,0.08525917804675794,0.3778985573805331,1,5,
pythia_70m_deduped,resid_error_delta_norm,none,actmag_only,0.15583217560433454,0.1756854824973175,0.10712652362804032,1,5,
pythia_70m_deduped,resid_error_delta_norm,none,geometry_only,0.4180828007779939,0.06679690189165476,0.4369506327848087,5,5,
pythia_70m_deduped,resid_error_delta_norm,none,direct_logit_only,0.4427007502083913,0.07411169332692813,0.420714896832187,4,5,
pythia_70m_deduped,resid_error_delta_norm,none,coactivation_only,0.4571158655181996,0.03258887656394215,0.45576150846120506,2,5,
pythia_70m_deduped,resid_error_delta_norm,none,full_no_magnitude,0.6267407613225897,0.046138026814321054,0.6241171568572984,15,5,
pythia_70m_deduped,resid_error_delta_norm,none,full_all,0.6229285912753545,0.04653124245957723,0.6217602417804642,19,5,
pythia_70m_deduped,resid_error_delta_norm,primary,frequency_only,,,,1,0,"effect_l2,act_max,frequency"
pythia_70m_deduped,resid_error_delta_norm,primary,actmag_only,-0.0870575159766602,0.22034687945620868,-0.09074189713219034,1,5,"effect_l2,act_max,frequency"
pythia_70m_deduped,resid_error_delta_norm,primary,geometry_only,0.339494303973326,0.15104262425785675,0.3607822309136768,5,5,"effect_l2,act_max,frequency"
pythia_70m_deduped,resid_error_delta_norm,primary,direct_logit_only,0.2590052792442346,0.11041991841046593,0.2491009900110001,4,5,"effect_l2,act_max,frequency"
pythia_70m_deduped,resid_error_delta_norm,primary,coactivation_only,0.30596276743539874,0.06309480991507264,0.3019335770397449,2,5,"effect_l2,act_max,frequency"
pythia_70m_deduped,resid_error_delta_norm,primary,full_no_magnitude,0.5024062239510976,0.06658529518818154,0.5113550150557228,15,5,"effect_l2,act_max,frequency"
pythia_70m_deduped,resid_error_delta_norm,primary,full_all,0.5103417616004446,0.04315171935572966,0.520696452182802,19,5,"effect_l2,act_max,frequency"
pythia_70m_deduped,resid_error_delta_norm,robust,frequency_only,,,,1,0,"frequency,act_max"
pythia_70m_deduped,resid_error_delta_norm,robust,actmag_only,-0.032220061128091136,0.1585906087920717,-0.05568150757230635,1,5,"frequency,act_max"
pythia_70m_deduped,resid_error_delta_norm,robust,geometry_only,0.22585162545151433,0.10079366822313464,0.2235971510794564,5,5,"frequency,act_max"
pythia_70m_deduped,resid_error_delta_norm,robust,direct_logit_only,0.5172214504028898,0.0705978798319669,0.5044411604573384,4,5,"frequency,act_max"
pythia_70m_deduped,resid_error_delta_norm,robust,coactivation_only,0.19946651847735486,0.06379775059366019,0.1838100423338037,2,5,"frequency,act_max"
pythia_70m_deduped,resid_error_delta_norm,robust,full_no_magnitude,0.5523089747151988,0.0253244613526922,0.5433855931732574,15,5,"frequency,act_max"
pythia_70m_deduped,resid_error_delta_norm,robust,full_all,0.5527646568491248,0.03905857285804613,0.5518394648829431,19,5,"frequency,act_max"
pythia_70m_deduped,resid_error_delta_norm,effect_only,frequency_only,0.4887422134006112,0.10753540683427848,0.4870710345458453,1,5,effect_l2
pythia_70m_deduped,resid_error_delta_norm,effect_only,actmag_only,0.19107529869408174,0.22279394014680962,0.11627906976744186,1,5,effect_l2
pythia_70m_deduped,resid_error_delta_norm,effect_only,geometry_only,0.5768380105584886,0.11428890435097162,0.6075365281836466,5,5,effect_l2
pythia_70m_deduped,resid_error_delta_norm,effect_only,direct_logit_only,0.13807168657960547,0.08449423113910301,0.12789119879109767,4,5,effect_l2
pythia_70m_deduped,resid_error_delta_norm,effect_only,coactivation_only,0.5700916921367047,0.049388343846236527,0.5675200835564839,2,5,effect_l2
pythia_70m_deduped,resid_error_delta_norm,effect_only,full_no_magnitude,0.6376882467352043,0.06879418932205683,0.6571779686440959,15,5,effect_l2
pythia_70m_deduped,resid_error_delta_norm,effect_only,full_all,0.6160044456793555,0.07600084386075033,0.6415449060545118,19,5,effect_l2
pythia_70m_deduped,resid_change_explained_energy,none,frequency_only,-0.05758940123214444,0.10369303804171724,-0.1325606108433879,1,5,
pythia_70m_deduped,resid_change_explained_energy,none,actmag_only,-0.06486246179494305,0.07716898885865028,-0.13372504138934874,1,5,
pythia_70m_deduped,resid_change_explained_energy,none,geometry_only,0.20113364823562105,0.1356282328314929,0.1666054067267414,5,5,
pythia_70m_deduped,resid_change_explained_energy,none,direct_logit_only,0.22815226451792175,0.1626803468321778,0.20960721785797617,4,5,
pythia_70m_deduped,resid_change_explained_energy,none,coactivation_only,0.06509585996110032,0.09200774599910251,0.0008533428149201657,2,5,
pythia_70m_deduped,resid_change_explained_energy,none,full_no_magnitude,0.19733259238677417,0.1908000272322679,0.16562006244513824,15,5,
pythia_70m_deduped,resid_change_explained_energy,none,full_all,0.23299805501528206,0.1880947489909088,0.19725596951077234,19,5,
pythia_70m_deduped,resid_change_explained_energy,primary,frequency_only,,,,1,0,"effect_l2,act_max,frequency"
pythia_70m_deduped,resid_change_explained_energy,primary,actmag_only,-0.021761600444567944,0.07166407714525054,-0.015573506372293025,1,5,"effect_l2,act_max,frequency"
pythia_70m_deduped,resid_change_explained_energy,primary,geometry_only,0.16826896360100027,0.12613742162005645,0.15722485805397834,5,5,"effect_l2,act_max,frequency"
pythia_70m_deduped,resid_change_explained_energy,primary,direct_logit_only,0.3102417338149487,0.1857906741309992,0.33150590562117355,4,5,"effect_l2,act_max,frequency"
pythia_70m_deduped,resid_change_explained_energy,primary,coactivation_only,0.03358710752986941,0.09003045136683063,0.030507005633395926,2,5,"effect_l2,act_max,frequency"
pythia_70m_deduped,resid_change_explained_energy,primary,full_no_magnitude,0.2694637399277578,0.19568568399541073,0.2818755763952933,15,5,"effect_l2,act_max,frequency"
pythia_70m_deduped,resid_change_explained_energy,primary,full_all,0.3098193942761879,0.1821270142166351,0.3153199479994222,19,5,"effect_l2,act_max,frequency"
pythia_70m_deduped,resid_change_explained_energy,robust,frequency_only,,,,1,0,"frequency,act_max"
pythia_70m_deduped,resid_change_explained_energy,robust,actmag_only,-0.04313420394554043,0.11062771489969066,-0.03505950066111845,1,5,"frequency,act_max"
pythia_70m_deduped,resid_change_explained_energy,robust,geometry_only,0.20775771047513203,0.1595341444306245,0.17847576084178712,5,5,"frequency,act_max"
pythia_70m_deduped,resid_change_explained_energy,robust,direct_logit_only,0.2233064740205613,0.16645135200039074,0.2181979799775553,4,5,"frequency,act_max"
pythia_70m_deduped,resid_change_explained_energy,robust,coactivation_only,0.06376215615448737,0.09508280580848855,0.07587817642418247,2,5,"frequency,act_max"
pythia_70m_deduped,resid_change_explained_energy,robust,full_no_magnitude,0.21190330647402061,0.1987593628786759,0.18993411037900423,15,5,"frequency,act_max"
pythia_70m_deduped,resid_change_explained_energy,robust,full_all,0.23547652125590451,0.18073907095566685,0.21392726585850952,19,5,"frequency,act_max"
pythia_70m_deduped,resid_change_explained_energy,effect_only,frequency_only,0.10221354386428705,0.10032210130213615,0.08867138603350559,1,5,effect_l2
pythia_70m_deduped,resid_change_explained_energy,effect_only,actmag_only,0.0699416504584607,0.07823585423708063,0.06491716574628607,1,5,effect_l2
pythia_70m_deduped,resid_change_explained_energy,effect_only,geometry_only,0.18400666851903308,0.10834254556044377,0.17642418249091654,5,5,effect_l2
pythia_70m_deduped,resid_change_explained_energy,effect_only,direct_logit_only,0.3017727146429564,0.17561056892925497,0.3237809308992322,4,5,effect_l2
pythia_70m_deduped,resid_change_explained_energy,effect_only,coactivation_only,0.1039844401222562,0.0857889012723459,0.0953383926488072,2,5,effect_l2
pythia_70m_deduped,resid_change_explained_energy,effect_only,full_no_magnitude,0.2719533203667686,0.18115121042617188,0.27227902532250353,15,5,effect_l2
pythia_70m_deduped,resid_change_explained_energy,effect_only,full_all,0.3023395387607669,0.1813043264245058,0.3065242947143857,19,5,effect_l2
pythia_70m_deduped,stab_anti_frac,none,frequency_only,,,-0.07174320681157342,1,0,
pythia_70m_deduped,stab_anti_frac,none,actmag_only,,,-0.07039943649767406,1,0,
pythia_70m_deduped,stab_anti_frac,none,geometry_only,,,-0.028159774599069626,5,0,
pythia_70m_deduped,stab_anti_frac,none,direct_logit_only,,,-0.037546366132092834,4,0,
pythia_70m_deduped,stab_anti_frac,none,coactivation_only,,,-0.04358060354617919,2,0,
pythia_70m_deduped,stab_anti_frac,none,full_no_magnitude,,,-0.008045649885448465,15,0,
pythia_70m_deduped,stab_anti_frac,none,full_all,,,-0.010057062356810581,19,0,
pythia_70m_deduped,stab_anti_frac,primary,frequency_only,,,,1,0,"effect_l2,act_max,frequency"
pythia_70m_deduped,stab_anti_frac,primary,actmag_only,,,-0.09007255747966238,1,4,"effect_l2,act_max,frequency"
pythia_70m_deduped,stab_anti_frac,primary,geometry_only,,,0.07777828946401283,5,4,"effect_l2,act_max,frequency"
pythia_70m_deduped,stab_anti_frac,primary,direct_logit_only,,,-0.4153985270339044,4,4,"effect_l2,act_max,frequency"
pythia_70m_deduped,stab_anti_frac,primary,coactivation_only,,,-0.10673696608995878,2,4,"effect_l2,act_max,frequency"
pythia_70m_deduped,stab_anti_frac,primary,full_no_magnitude,,,-0.2280648085215977,15,4,"effect_l2,act_max,frequency"
pythia_70m_deduped,stab_anti_frac,primary,full_all,,,-0.10593201091892758,19,4,"effect_l2,act_max,frequency"
pythia_70m_deduped,stab_anti_frac,robust,frequency_only,,,,1,0,"frequency,act_max"
pythia_70m_deduped,stab_anti_frac,robust,actmag_only,,,0.8390419093143311,1,4,"frequency,act_max"
pythia_70m_deduped,stab_anti_frac,robust,geometry_only,,,0.12995613764833505,5,4,"frequency,act_max"
pythia_70m_deduped,stab_anti_frac,robust,direct_logit_only,,,-0.07701768073813024,4,4,"frequency,act_max"
pythia_70m_deduped,stab_anti_frac,robust,coactivation_only,,,-0.31689790525655037,2,4,"frequency,act_max"
pythia_70m_deduped,stab_anti_frac,robust,full_no_magnitude,,,-0.19228125878166658,15,4,"frequency,act_max"
pythia_70m_deduped,stab_anti_frac,robust,full_all,,,-0.047671980590887154,19,4,"frequency,act_max"
pythia_70m_deduped,stab_anti_frac,effect_only,frequency_only,,,-0.23424200753311689,1,4,effect_l2
pythia_70m_deduped,stab_anti_frac,effect_only,actmag_only,,,-0.250503437850969,1,4,effect_l2
pythia_70m_deduped,stab_anti_frac,effect_only,geometry_only,,,0.06318136587981242,5,4,effect_l2
pythia_70m_deduped,stab_anti_frac,effect_only,direct_logit_only,,,-0.5078704959624419,4,4,effect_l2
pythia_70m_deduped,stab_anti_frac,effect_only,coactivation_only,,,0.05761252743448139,2,4,effect_l2
pythia_70m_deduped,stab_anti_frac,effect_only,full_no_magnitude,,,-0.1851036298539991,15,4,effect_l2
pythia_70m_deduped,stab_anti_frac,effect_only,full_all,,,-0.18024075097992306,19,4,effect_l2
pythia_70m_deduped,effect_pc1_ratio,none,frequency_only,0.024567960371225574,0.08399259435705127,0.011408829435594176,1,5,
pythia_70m_deduped,effect_pc1_ratio,none,actmag_only,0.09810502917477079,0.06725316700171,0.07282969810775675,1,5,
pythia_70m_deduped,effect_pc1_ratio,none,geometry_only,0.10825229230341767,0.057944808889284216,0.09750997233302591,5,5,
pythia_70m_deduped,effect_pc1_ratio,none,direct_logit_only,0.2818227285357044,0.05244727217472667,0.2481903132257025,4,5,
pythia_70m_deduped,effect_pc1_ratio,none,coactivation_only,1.1114198388445517e-05,0.07466091632289332,-0.08119245769397437,2,5,
pythia_70m_deduped,effect_pc1_ratio,none,full_no_magnitude,0.3803278688524591,0.07279301909495658,0.36796008844542716,15,5,
pythia_70m_deduped,effect_pc1_ratio,none,full_all,0.40772436787996674,0.05923845846236411,0.3931999244436049,19,5,
pythia_70m_deduped,effect_pc1_ratio,primary,frequency_only,,,,1,0,"effect_l2,act_max,frequency"
pythia_70m_deduped,effect_pc1_ratio,primary,actmag_only,0.08587941094748544,0.10132637722186205,0.08121290236558183,1,5,"effect_l2,act_max,frequency"
pythia_70m_deduped,effect_pc1_ratio,primary,geometry_only,0.1728591275354265,0.08532854860343696,0.17779930888120976,5,5,"effect_l2,act_max,frequency"
pythia_70m_deduped,effect_pc1_ratio,primary,direct_logit_only,0.39792164490136156,0.06480426516101424,0.3897674418604651,4,5,"effect_l2,act_max,frequency"
pythia_70m_deduped,effect_pc1_ratio,primary,coactivation_only,0.1309363712142262,0.09303177851709994,0.10678207535639284,2,5,"effect_l2,act_max,frequency"
pythia_70m_deduped,effect_pc1_ratio,primary,full_no_magnitude,0.4237954987496527,0.06424288747603404,0.4329252547250525,15,5,"effect_l2,act_max,frequency"
pythia_70m_deduped,effect_pc1_ratio,primary,full_all,0.44991386496248964,0.07187835231888805,0.4577748641651574,19,5,"effect_l2,act_max,frequency"
pythia_70m_deduped,effect_pc1_ratio,robust,frequency_only,,,,1,0,"frequency,act_max"
pythia_70m_deduped,effect_pc1_ratio,robust,actmag_only,0.08949152542372883,0.11139104408343457,0.08790853231702574,1,5,"frequency,act_max"
pythia_70m_deduped,effect_pc1_ratio,robust,geometry_only,0.1506085023617672,0.06886144577080144,0.1589666551850576,5,5,"frequency,act_max"
pythia_70m_deduped,effect_pc1_ratio,robust,direct_logit_only,0.2851458738538483,0.042174617946133086,0.26820342448249423,4,5,"frequency,act_max"
pythia_70m_deduped,effect_pc1_ratio,robust,coactivation_only,0.1267352042233954,0.0968030384626577,0.0994224380270892,2,5,"frequency,act_max"
pythia_70m_deduped,effect_pc1_ratio,robust,full_no_magnitude,0.3290691858849681,0.04663971884066158,0.33116767964088484,15,5,"frequency,act_max"
pythia_70m_deduped,effect_pc1_ratio,robust,full_all,0.36124479021950545,0.053967068353253225,0.36790053222813585,19,5,"frequency,act_max"
pythia_70m_deduped,effect_pc1_ratio,effect_only,frequency_only,0.013802456752927189,0.07488961619462019,0.035937468259343824,1,5,effect_l2
pythia_70m_deduped,effect_pc1_ratio,effect_only,actmag_only,0.08106696304529039,0.058040067915308496,0.08821520239113767,1,5,effect_l2
pythia_70m_deduped,effect_pc1_ratio,effect_only,geometry_only,0.13512642400666858,0.08229523638305301,0.14321048011644574,5,5,effect_l2
pythia_70m_deduped,effect_pc1_ratio,effect_only,direct_logit_only,0.3947207557654905,0.07212462257777727,0.395331948132757,4,5,effect_l2
pythia_70m_deduped,effect_pc1_ratio,effect_only,coactivation_only,0.04411225340372327,0.08492946823685078,0.018115756841742686,2,5,effect_l2
pythia_70m_deduped,effect_pc1_ratio,effect_only,full_no_magnitude,0.46519588774659637,0.09370521911132504,0.4708518983544261,15,5,effect_l2
pythia_70m_deduped,effect_pc1_ratio,effect_only,full_all,0.477754931925535,0.07845697876853763,0.48894143268258533,19,5,effect_l2
