feature,crowding,crowd_max,dec_norm,enc_norm,enc_dec_cos,frequency,act_mag,act_mean_firing,act_std,act_max,act_kurtosis,bin_entropy,act_entropy,coact_entropy,coact_count,logit_l2,logit_linf,logit_entropy,logit_top10_mass,collateral_raw,effect_l2,collateral_ctilde,collateral_raw_nodense,collateral_ctilde_nodense,resid_delta_norm,resid_reconstruction_norm_ratio,stab_signed,stab_abs,stab_anti_frac,effect_pc1_ratio,kl_mean,kl_per_effect,effect_cv,ctx_mean_act,intervention_value,n_ctx
0,0.07102334499359131,0.0798429548740387,1.0000001192092896,,,,,,,,,,,,,57.45167541503906,0.6452319025993347,12.163028717041016,0.0002404113474767655,3.5,4.223496913909912,0.8286971822297119,2.0,0.47354124698840677,0.6760834455490112,3.0566518306732178,0.35039782524108887,0.35039782524108887,0.0,0.21540696918964386,4.044729394081514e-06,9.576731005020116e-07,0.3420450687408447,,1.0,48
1,0.07124856114387512,0.08632606267929077,0.9999998807907104,,,,,,,,,,,,,69.71648406982422,1.0085781812667847,12.158658981323242,0.00029614538652822375,3.0833334922790527,4.673382759094238,0.6597648094801023,2.2291667461395264,0.47699211818927634,0.7329003810882568,2.8686444759368896,0.3634641170501709,0.3694600462913513,0.0625,0.42070823907852173,6.017305167915765e-06,1.2875695112561894e-06,0.41028472781181335,,1.0,48
2,0.07196273654699326,0.07966068387031555,1.0,,,,,,,,,,,,,56.79689025878906,0.8051708936691284,12.163954734802246,0.000286884605884552,3.75,9.137317657470703,0.410404906173962,2.5,0.27360327078264135,0.7383214831352234,1.9679641723632812,0.26949402689933777,0.3439646363258362,0.1458333432674408,0.9634954929351807,6.920985470060259e-06,7.574417046590494e-07,2.2051281929016113,,1.0,48
3,0.07593043893575668,0.09118878841400146,1.0000001192092896,,,,,,,,,,,,,80.74555206298828,0.9929752945899963,12.172798156738281,0.00025351575459353626,3.125,4.613763332366943,0.677321259914649,2.1041667461395264,0.456062998901034,0.7138971090316772,2.493769645690918,0.3216651678085327,0.32988977432250977,0.0416666679084301,0.529670774936676,6.3265106291510165e-06,1.3712256480639952e-06,0.6852937340736389,,1.0,48
4,0.07111673802137375,0.08288704603910446,1.0,,,,,,,,,,,,,59.18016815185547,0.5853582620620728,12.161199569702148,0.00023129367036744952,4.1875,4.540460586547852,0.9222632618337862,2.8541667461395264,0.6286073153700689,0.7141172289848328,3.3182263374328613,0.36813968420028687,0.3807523846626282,0.0625,0.38683614134788513,5.995653737045359e-06,1.3204946083231958e-06,0.45692476630210876,,1.0,48
5,0.073580302298069,0.09046707302331924,0.9999999403953552,,,,,,,,,,,,,63.784149169921875,0.6871156096458435,12.164506912231445,0.0002433780609862879,3.0,4.663500785827637,0.6432935537791812,1.7291667461395264,0.37078727373362635,0.7128521203994751,2.4077208042144775,0.33795222640037537,0.3740696907043457,0.0833333358168602,0.3521120250225067,4.541126600088319e-06,9.73759156243995e-07,0.35213354229927063,,1.0,48
6,0.0726410299539566,0.08406632393598557,0.9999998807907104,,,,,,,,,,,,,57.608856201171875,0.9836037158966064,12.163688659667969,0.00030476588290184736,3.1875,4.282135963439941,0.7443715051951995,2.0625,0.4816521504204232,0.7226051092147827,2.070449113845825,0.35206323862075806,0.3743058443069458,0.0833333358168602,0.21796481311321259,5.855589733982924e-06,1.3674460059891536e-06,0.23059581220149994,,1.0,48
7,0.07127056270837784,0.0882311463356018,1.0,,,,,,,,,,,,,57.65442657470703,0.6001037359237671,12.161733627319336,0.0002424097910989076,3.7708334922790527,4.968966484069824,0.7588768201152746,1.9791667461395264,0.3983055125248979,0.7335028648376465,3.222886562347412,0.38699424266815186,0.400078147649765,0.0625,0.35102924704551697,5.2739410421054345e-06,1.0613758511754064e-06,0.4436597228050232,,1.0,48
8,0.07112063467502594,0.08362802118062973,1.0000001192092896,,,,,,,,,,,,,70.38150024414062,0.95145583152771,12.166135787963867,0.00022704036382492632,2.9375,5.555663585662842,0.5287397174827554,1.875,0.3374934366911205,0.7268714904785156,2.160459518432617,0.2733401656150818,0.34524643421173096,0.2291666716337204,0.6438541412353516,5.983914888929576e-06,1.0770837337237371e-06,0.7530859708786011,,1.0,48
9,0.07134373486042023,0.08128011971712112,1.0000001192092896,,,,,,,,,,,,,56.916358947753906,0.7131919264793396,12.16335391998291,0.00026138598332181573,4.375,5.5284528732299805,0.7913606378506243,2.9375,0.5313421425568478,0.7427038550376892,3.0609498023986816,0.305973619222641,0.36882397532463074,0.1041666716337204,0.6460690498352051,7.040483978926204e-06,1.273499861106318e-06,0.7701528668403625,,1.0,48
10,0.07323747873306274,0.083997942507267,1.0,,,,,,,,,,,,,61.37950897216797,0.6518120765686035,12.164376258850098,0.0002397750795353204,2.4583334922790527,4.523996829986572,0.5433985874062524,1.7291667461395264,0.3822210331483474,0.7071118354797363,3.266631603240967,0.4252646863460541,0.4630718231201172,0.0416666679084301,0.3251104950904846,4.024128884339007e-06,8.895074480978087e-07,0.3886425197124481,,1.0,48
11,0.07028605043888092,0.08177964389324188,1.0,,,,,,,,,,,,,59.76970291137695,0.7389793992042542,12.159751892089844,0.00028021010803058743,3.0625,5.0894622802734375,0.601733508440135,1.8958333730697632,0.37250170350862494,0.7163562774658203,2.7472140789031982,0.3883976340293884,0.4087720811367035,0.0833333358168602,0.3660978674888611,5.108160166855669e-06,1.0036738412657002e-06,0.36546704173088074,,1.0,48
12,0.07049454748630524,0.08216991275548935,1.0,,,,,,,,,,,,,61.3873291015625,0.7444781064987183,12.161369323730469,0.00025192942121066153,3.1458334922790527,4.823711395263672,0.6521603860559101,1.8958333730697632,0.3930237971950426,0.7098128199577332,3.1087379455566406,0.32696202397346497,0.32709598541259766,0.02083333395421505,0.5344241261482239,5.637470167130232e-06,1.1686997196761356e-06,0.558036744594574,,1.0,48
13,0.07413750886917114,0.09041133522987366,0.9999998807907104,,,,,,,,,,,,,56.996036529541016,0.6579995155334473,12.163288116455078,0.0002489433391019702,3.0625,5.409783840179443,0.5661039488478669,2.0,0.36970053802309677,0.7037832736968994,2.633523464202881,0.38891905546188354,0.46821320056915283,0.125,0.630643904209137,5.799112841486931e-06,1.0719675687771838e-06,0.713526725769043,,1.0,48
14,0.07159870117902756,0.10083647817373276,1.0000001192092896,,,,,,,,,,,,,59.92230224609375,0.85120689868927,12.16145133972168,0.0002701779012568295,2.875,5.257734298706055,0.5468134810919243,1.9583333730697632,0.37246716134496255,0.6985213160514832,2.5049355030059814,0.44292134046554565,0.4776906669139862,0.0625,0.6070637702941895,4.878344952885527e-06,9.278416645754972e-07,0.8151252865791321,,1.0,48
15,0.0722755417227745,0.08011705428361893,1.0,,,,,,,,,,,,,115.2081069946289,1.3281055688858032,12.202465057373047,0.00025458811433054507,3.4166667461395264,4.689970016479492,0.7285050281449739,1.9583333730697632,0.4175577587944157,0.7055522799491882,2.427361249923706,0.3081725537776947,0.3139805793762207,0.0416666679084301,0.24903959035873413,5.803310159535613e-06,1.237387473005205e-06,0.2885785698890686,,1.0,48
16,0.07393579930067062,0.08754292875528336,1.0000001192092896,,,,,,,,,,,,,58.01703643798828,0.6651979684829712,12.161392211914062,0.0002584995236247778,3.0625,4.611946105957031,0.6640363792204663,1.75,0.37944935955455217,0.7084974050521851,2.318418264389038,0.31335127353668213,0.31448543071746826,0.02083333395421505,0.452445387840271,4.647437890525907e-06,1.0076956177883511e-06,0.4918827712535858,,1.0,48
17,0.06914015859365463,0.07687297463417053,0.9999999403953552,,,,,,,,,,,,,56.26934051513672,0.5693963766098022,12.160430908203125,0.00023315433645620942,3.3333334922790527,4.407744407653809,0.7562447311891436,2.0833334922790527,0.4726529705159237,0.7104434370994568,2.2005090713500977,0.355069100856781,0.35810860991477966,0.02083333395421505,0.26304134726524353,4.189947503618896e-06,9.505876717437162e-07,0.3316481411457062,,1.0,48
18,0.07671675831079483,0.08756013214588165,0.9999998807907104,,,,,,,,,,,,,57.71198654174805,0.6561516523361206,12.161142349243164,0.0002548532502260059,3.0625,4.921036243438721,0.6223282744279697,2.3125,0.46992135007826286,0.7257742881774902,2.0269927978515625,0.3220929503440857,0.3220929503440857,0.0,0.3398924171924591,8.057932973315474e-06,1.6374463747721333e-06,0.40363916754722595,,1.0,48
19,0.07485832273960114,0.08553081005811691,1.0000001192092896,,,,,,,,,,,,,59.36172866821289,0.7280844449996948,12.161255836486816,0.0002604968030937016,3.625,5.304988861083984,0.6833190583601154,2.7916667461395264,0.5262342323385679,0.7411133646965027,2.4203310012817383,0.23884645104408264,0.3046092092990875,0.2083333432674408,0.7085878252983093,4.9641416808299255e-06,9.357496879754222e-07,0.9056023955345154,,1.0,48
20,0.07176967710256577,0.10496129840612411,0.9999999403953552,,,,,,,,,,,,,64.03741455078125,0.7192187309265137,12.170681953430176,0.0002365686377743259,3.4791667461395264,7.731905937194824,0.4499753062052942,2.1458334922790527,0.2775296940927705,0.7272893786430359,2.8507328033447266,0.5030087232589722,0.5766265988349915,0.0833333358168602,0.929053008556366,5.111046448291745e-06,6.61033189384056e-07,1.5731254816055298,,1.0,48
21,0.07134679704904556,0.08746505528688431,0.9999998807907104,,,,,,,,,,,,,64.37864685058594,0.7684359550476074,12.157011032104492,0.00025613224715925753,3.1458334922790527,4.126655101776123,0.7623204283056934,1.8958333730697632,0.45941163526355167,0.710803210735321,2.4390103816986084,0.3363270163536072,0.3363270163536072,0.0,0.3036641776561737,3.8213920561247505e-06,9.260265160564905e-07,0.23456509411334991,,1.0,48
22,0.0704747661948204,0.07807208597660065,1.000000238418579,,,,,,,,,,,,,93.62696838378906,1.1040229797363281,12.185754776000977,0.0002519186236895621,3.375,4.46697998046875,0.755544015688738,2.0625,0.46172134292089545,0.7151780128479004,3.2593142986297607,0.3628842532634735,0.3628842532634735,0.0,0.2640721797943115,4.893190634902567e-06,1.0954136005406848e-06,0.2660685181617737,,1.0,48
23,0.0778980702161789,0.09241140633821487,1.0,,,,,,,,,,,,,70.59781646728516,0.9752765893936157,12.16886043548584,0.0002743533405009657,3.0,5.522587776184082,0.5432235966452417,1.9791667461395264,0.3583766927328578,0.7269934415817261,2.2133114337921143,0.27233999967575073,0.2815069258213043,0.0625,0.5326424837112427,4.8348551899835e-06,8.754691418539168e-07,0.5229817032814026,,1.0,48
24,0.07536500692367554,0.09788206219673157,1.0000001192092896,,,,,,,,,,,,,63.61225891113281,0.9174627065658569,12.165742874145508,0.0002805726253427565,2.9791667461395264,4.881270408630371,0.6103261017396054,2.0,0.4097294000280315,0.7149761915206909,2.8560409545898438,0.3239295780658722,0.3819701075553894,0.1458333432674408,0.44933244585990906,8.95895209396258e-06,1.835373033169582e-06,0.47213783860206604,,1.0,48
25,0.07063192129135132,0.0866025760769844,1.0,,,,,,,,,,,,,61.59331130981445,0.6936367750167847,12.162933349609375,0.0002602862077765167,3.3125,5.279069900512695,0.6274779565626731,2.0833334922790527,0.39464025436191325,0.7286152839660645,2.8144211769104004,0.32474368810653687,0.3261640667915344,0.02083333395421505,0.5583735108375549,7.950728104333393e-06,1.5060850185939725e-06,0.5968376398086548,,1.0,48
26,0.07358237355947495,0.08917703479528427,1.0000001192092896,,,,,,,,,,,,,98.02983093261719,0.9385740756988525,12.212078094482422,0.00019492916180752218,2.9375,5.140483379364014,0.5714443132095075,2.0416667461395264,0.39717407712353753,0.7049118876457214,3.1320407390594482,0.3584291636943817,0.4052765369415283,0.1041666716337204,0.45439934730529785,5.873211193829775e-06,1.1425406423804075e-06,0.4309360682964325,,1.0,48
27,0.07134874165058136,0.07860614359378815,1.0,,,,,,,,,,,,,59.58265686035156,0.7388200759887695,12.163318634033203,0.00024850908084772527,2.8125,6.575409889221191,0.4277299884122996,2.1041667461395264,0.32000541082446426,0.7090207934379578,2.3745064735412598,0.37426885962486267,0.48063167929649353,0.1458333432674408,0.9156129956245422,5.7962424762081355e-06,8.8150283633187e-07,1.8404524326324463,,1.0,48
28,0.07171937078237534,0.08107583969831467,1.0000001192092896,,,,,,,,,,,,,57.72221374511719,0.6165871620178223,12.161355972290039,0.00024584756465628743,3.2708334922790527,5.081164360046387,0.6437173163617206,1.4791667461395264,0.2911078324604608,0.7116190791130066,1.900610327720642,0.43421733379364014,0.5083179473876953,0.0833333358168602,0.4416258633136749,4.687785349233309e-06,9.2258092984906e-07,0.3765844702720642,,1.0,48
29,0.0732254832983017,0.07901792228221893,1.0,,,,,,,,,,,,,59.11602783203125,0.6408168077468872,12.162471771240234,0.00025131364236585796,3.0833334922790527,4.870635986328125,0.6330453547757451,2.1041667461395264,0.43201067534626186,0.733547568321228,2.283572196960449,0.3167578876018524,0.32518887519836426,0.0416666679084301,0.4286454916000366,4.943643943988718e-06,1.0149894074851072e-06,0.5527433156967163,,1.0,48
30,0.07462000846862793,0.09122239798307419,0.9999999403953552,,,,,,,,,,,,,71.63441467285156,0.780734121799469,12.172748565673828,0.00023318571038544178,3.4375,4.702705383300781,0.7309622254664041,2.3541667461395264,0.5005983894915349,0.7203726768493652,2.3080546855926514,0.32204747200012207,0.32204747200012207,0.0,0.5039522647857666,4.974931471224409e-06,1.0578871213815405e-06,0.5290062427520752,,1.0,48
31,0.07865798473358154,0.08746294677257538,0.9999999403953552,,,,,,,,,,,,,61.91949462890625,0.909650444984436,12.163716316223145,0.0002928505127783865,4.0416669845581055,4.983471870422363,0.8110143051947075,2.1875,0.4389510069463065,0.7348885536193848,2.7374706268310547,0.36165952682495117,0.3806242346763611,0.0625,0.3768210709095001,4.722595804196317e-06,9.476517410982288e-07,0.3348282277584076,,1.0,48
32,0.07281335443258286,0.08024345338344574,0.9999998807907104,,,,,,,,,,,,,63.30295944213867,0.6761672496795654,12.168155670166016,0.00023354952281806618,2.7708334922790527,5.192197799682617,0.533653299400861,1.8958333730697632,0.36513119156098744,0.6972723007202148,2.380476474761963,0.291744202375412,0.29371416568756104,0.0416666679084301,0.5977045893669128,6.162075351312524e-06,1.1867951833077777e-06,0.6529701948165894,,1.0,48
33,0.06939589977264404,0.07665161043405533,0.9999999403953552,,,,,,,,,,,,,79.41899871826172,0.7665618062019348,12.1795654296875,0.00022127192642074078,3.5416667461395264,4.7963433265686035,0.738409762941054,2.3125,0.4821381285132117,0.7270147800445557,2.626227855682373,0.33059993386268616,0.33059993386268616,0.0,0.24716846644878387,4.336969141149893e-06,9.04224080057756e-07,0.3390686511993408,,1.0,48
34,0.07232584059238434,0.08261114358901978,1.0,,,,,,,,,,,,,56.0509033203125,0.645915150642395,12.161407470703125,0.0002554419916123152,4.0416669845581055,7.506427764892578,0.5384274791901191,2.5416667461395264,0.3385987079820933,0.755598247051239,2.763401508331299,0.24272537231445312,0.371253103017807,0.3125,0.9481958150863647,6.712117283314001e-06,8.941826238260256e-07,2.2631494998931885,,1.0,48
35,0.07415727525949478,0.09062263369560242,0.9999999403953552,,,,,,,,,,,,,61.019073486328125,0.8049178123474121,12.161706924438477,0.0002821396919898689,4.2291669845581055,6.583075523376465,0.6424302688182832,2.6666667461395264,0.4050791659034468,0.7404462099075317,3.0176808834075928,0.3769950866699219,0.42354416847229004,0.125,0.7523458003997803,1.2788148524123244e-05,1.942579643707079e-06,1.0115467309951782,,1.0,48
36,0.07001090049743652,0.07858429849147797,1.0,,,,,,,,,,,,,57.73664855957031,0.7607673406600952,12.162694931030273,0.0002751863794401288,2.9791667461395264,4.324265480041504,0.6889416833911677,1.6458333730697632,0.3806041458046478,0.7307804822921753,1.72110915184021,0.3694368302822113,0.3949480950832367,0.0833333358168602,0.27047452330589294,5.2788273023907095e-06,1.2207454224416837e-06,0.317442387342453,,1.0,48
37,0.07577434927225113,0.09631959348917007,0.9999999403953552,,,,,,,,,,,,,56.40651321411133,0.8263479471206665,12.162160873413086,0.00025942636420950294,3.875,5.074155807495117,0.763673828588282,2.7291667461395264,0.5378563142916635,0.7400070428848267,3.17679762840271,0.3970488905906677,0.43253904581069946,0.0833333358168602,0.3944259285926819,4.30949694418814e-06,8.493032337181056e-07,0.4417058229446411,,1.0,48
38,0.07293397188186646,0.08061401546001434,0.9999997615814209,,,,,,,,,,,,,66.87638854980469,0.6578841209411621,12.168326377868652,0.0002289655531058088,3.7083334922790527,5.934410095214844,0.6248866233596438,2.4791667461395264,0.4177612773948613,0.7572920322418213,2.4110960960388184,0.2727518081665039,0.3518960475921631,0.2083333432674408,0.7330760359764099,4.779345545102842e-06,8.053615204151475e-07,1.134691834449768,,1.0,48
39,0.07017422467470169,0.09108513593673706,1.0000001192092896,,,,,,,,,,,,,61.41252136230469,0.6756598353385925,12.16680908203125,0.00023665637127123773,3.5208334922790527,9.043301582336426,0.3893305399946758,1.8333333730697632,0.20272832375991823,0.725115180015564,2.5826985836029053,0.39321169257164,0.4882090985774994,0.2291666716337204,0.9665651917457581,4.703841113951057e-06,5.201464383248302e-07,2.5793533325195312,,1.0,48
40,0.07294436544179916,0.08477337658405304,1.0,,,,,,,,,,,,,59.42743682861328,0.8996608853340149,12.163450241088867,0.00026103289565071464,3.0625,4.828660011291504,0.6342339254567946,1.8541667461395264,0.38399198493241593,0.7206255793571472,2.466248035430908,0.3136182725429535,0.34991323947906494,0.125,0.5829670429229736,4.507156518229749e-06,9.334176559036841e-07,0.5952829718589783,,1.0,48
41,0.07402925938367844,0.10122264921665192,1.0000001192092896,,,,,,,,,,,,,60.1645622253418,0.9689203500747681,12.160237312316895,0.00029515032656490803,3.2916667461395264,4.4603986740112305,0.7379759029027726,2.1041667461395264,0.47174409625806185,0.7196254134178162,2.0648646354675293,0.3688231408596039,0.3916139602661133,0.0625,0.2588668763637543,4.195716428512242e-06,9.406595073109114e-07,0.3507254421710968,,1.0,48
42,0.06894145160913467,0.07670637220144272,0.9999998807907104,,,,,,,,,,,,,73.98681640625,0.9718884229660034,12.168257713317871,0.00026799135957844555,3.4791667461395264,4.275479316711426,0.8137489343950588,2.5625,0.5993480038578506,0.7210983037948608,1.8780925273895264,0.3361474871635437,0.3371243476867676,0.02083333395421505,0.24177004396915436,4.317163529776735e-06,1.0097495976193554e-06,0.31736090779304504,,1.0,48
43,0.07575477659702301,0.09028977155685425,1.0000001192092896,,,,,,,,,,,,,58.320133209228516,0.6947020888328552,12.160621643066406,0.0002648714289534837,3.1875,4.876288414001465,0.6536733931304968,1.7916667461395264,0.36742427648881587,0.6983593702316284,2.0478689670562744,0.3200121819972992,0.3200121819972992,0.0,0.5783019065856934,6.489277438959107e-06,1.3307821184281033e-06,0.7020694017410278,,1.0,48
44,0.07138252258300781,0.08125060051679611,1.000000238418579,,,,,,,,,,,,,58.91511917114258,0.8436796069145203,12.163232803344727,0.0003054642293136567,3.2083334922790527,5.0237345695495605,0.6386351510964418,2.0416667461395264,0.4064041827469689,0.7237498164176941,2.938544273376465,0.3507032096385956,0.39312824606895447,0.125,0.5072757005691528,5.3960029617883265e-06,1.0741019208606647e-06,0.5151082277297974,,1.0,48
45,0.073655866086483,0.08362217247486115,1.0,,,,,,,,,,,,,66.74325561523438,0.7830538749694824,12.169990539550781,0.00025248731253668666,2.8958334922790527,4.9661993980407715,0.5831085815020657,2.0,0.40272245145086216,0.7115656733512878,2.1003997325897217,0.32795852422714233,0.34429678320884705,0.0416666679084301,0.43412715196609497,6.819450845796382e-06,1.3731729810838871e-06,0.4570397734642029,,1.0,48
46,0.07153397798538208,0.09060116112232208,0.9999998807907104,,,,,,,,,,,,,61.440006256103516,0.795058012008667,12.160327911376953,0.00028033286798745394,2.625,4.2487688064575195,0.6178260369997342,1.7291667461395264,0.4069806621253748,0.7111787796020508,2.4152374267578125,0.32683342695236206,0.3346010148525238,0.0416666679084301,0.3768209218978882,4.727822670247406e-06,1.1127512167605545e-06,0.4046039283275604,,1.0,48
47,0.07393883168697357,0.09270559996366501,1.0,,,,,,,,,,,,,59.39567947387695,0.6508746147155762,12.164097785949707,0.00024966802448034286,3.3541667461395264,4.823842525482178,0.6953308947105283,2.4166667461395264,0.500983754831036,0.7356127500534058,2.3193933963775635,0.32800018787384033,0.33119574189186096,0.0416666679084301,0.26096609234809875,7.119459041859955e-06,1.4758896024263184e-06,0.3539491593837738,,1.0,48
48,0.07288418710231781,0.0875055268406868,0.9999998211860657,,,,,,,,,,,,,57.249393463134766,0.558940052986145,12.162832260131836,0.00023062436957843602,3.4166667461395264,5.204726219177246,0.6564546521171445,1.9791667461395264,0.38026337197996857,0.7216787338256836,2.0407934188842773,0.3234846591949463,0.34963732957839966,0.0833333358168602,0.4268304705619812,7.563141480204649e-06,1.4531295494095983e-06,0.4790326654911041,,1.0,48
49,0.0699964389204979,0.08180396258831024,1.0,,,,,,,,,,,,,58.9704704284668,0.6665281653404236,12.161123275756836,0.00025062350323423743,3.3333334922790527,4.853379249572754,0.6868067204318354,2.1458334922790527,0.4421318379450016,0.7348350882530212,2.888502836227417,0.3526965081691742,0.3777488172054291,0.0625,0.3715595602989197,5.567872904066462e-06,1.1472157040034423e-06,0.40309441089630127,,1.0,48
50,0.07162072509527206,0.08584915846586227,0.9999998211860657,,,,,,,,,,,,,59.02415084838867,0.6497941613197327,12.162792205810547,0.000245038972934708,3.3333334922790527,4.75620698928833,0.7008386079028559,2.3125,0.4862067610484613,0.7083274722099304,1.245682954788208,0.33025190234184265,0.3680802583694458,0.0625,0.3804088234901428,6.664482498308644e-06,1.4012179241369958e-06,0.39913809299468994,,1.0,48
51,0.07178259640932083,0.08201698958873749,0.9999997615814209,,,,,,,,,,,,,62.19520568847656,0.8124425411224365,12.164631843566895,0.0002813208557199687,3.4375,4.903517246246338,0.7010274095846498,2.25,0.4588543044554072,0.7325021624565125,2.991520404815674,0.337627112865448,0.3607777953147888,0.0833333358168602,0.32738858461380005,8.82365566212684e-06,1.7994543918218783e-06,0.39565905928611755,,1.0,48
52,0.07203684002161026,0.08183835446834564,1.0000001192092896,,,,,,,,,,,,,68.22673797607422,1.066145896911621,12.163653373718262,0.0003323999117128551,3.0208334922790527,4.471649646759033,0.6755523630329519,1.9375,0.4332852859059319,0.7069711685180664,2.661911964416504,0.32600054144859314,0.32692989706993103,0.02083333395421505,0.3760593831539154,3.5203279367124196e-06,7.872548627308801e-07,0.4136601388454437,,1.0,48
53,0.06876692920923233,0.07889298349618912,0.9999998807907104,,,,,,,,,,,,,59.247901916503906,0.7313302159309387,12.16268539428711,0.00027625044458545744,3.4166667461395264,4.697988510131836,0.7272616209040135,2.2291667461395264,0.4744938682985481,0.7150923013687134,2.9778995513916016,0.30767640471458435,0.3358840346336365,0.1041666716337204,0.3373725116252899,6.270770427363459e-06,1.3347777246564e-06,0.4532705545425415,,1.0,48
54,0.0729498639702797,0.08632908016443253,0.9999999403953552,,,,,,,,,,,,,75.62714385986328,0.8718863129615784,12.168191909790039,0.0002389534201938659,3.2291667461395264,5.423001289367676,0.5954574907655008,1.875,0.34574950225784123,0.7202048301696777,2.3798482418060303,0.3354315757751465,0.36746299266815186,0.125,0.6544992327690125,8.00574434833834e-06,1.4762571326088033e-06,0.7424963712692261,,1.0,48
55,0.07189663499593735,0.09225171059370041,1.0000001192092896,,,,,,,,,,,,,58.4195671081543,0.6116250157356262,12.1614990234375,0.00024030133499763906,3.5625,4.696298599243164,0.7585761248205888,1.8125,0.38594223894380836,0.7292560935020447,2.2141342163085938,0.3480500876903534,0.3707096576690674,0.0416666679084301,0.36808526515960693,4.894667199550895e-06,1.0422393477955821e-06,0.42790478467941284,,1.0,48
56,0.074702188372612,0.0887836217880249,1.0000001192092896,,,,,,,,,,,,,59.741268157958984,0.675234317779541,12.162569999694824,0.0002493422362022102,2.8958334922790527,4.868762016296387,0.5947781954916949,1.7291667461395264,0.3551553221948875,0.697634220123291,2.9494071006774902,0.4053458869457245,0.4290434718132019,0.0416666679084301,0.6079456210136414,3.954863132094033e-06,8.122933737023195e-07,0.706557035446167,,1.0,48
57,0.07256342470645905,0.09242670238018036,1.0,,,,,,,,,,,,,59.17924499511719,0.7020469903945923,12.161983489990234,0.0002535590319894254,2.9583334922790527,5.0961012840271,0.5805091621209288,2.1875,0.42924970949142355,0.7061327695846558,2.554107189178467,0.3125510811805725,0.3433105945587158,0.1041666716337204,0.5327357649803162,7.269792604347458e-06,1.4265400518761352e-06,0.7317028641700745,,1.0,48
58,0.07478109002113342,0.08939711004495621,1.0,,,,,,,,,,,,,85.89344024658203,0.9641333818435669,12.183032035827637,0.00023569770564790815,2.7708334922790527,4.639604568481445,0.5972132851860306,1.9791667461395264,0.4265809106489228,0.7158582210540771,1.6679929494857788,0.2975877821445465,0.2975877821445465,0.0,0.42543935775756836,3.6364549487188924e-06,7.837855332725604e-07,0.406790554523468,,1.0,48
59,0.0721246749162674,0.08003164082765579,1.0000001192092896,,,,,,,,,,,,,57.36903762817383,0.9832477569580078,12.162809371948242,0.00027221738127991557,4.125,4.838108062744141,0.8526060058969144,2.6041667461395264,0.5382613837855965,0.7225915789604187,3.537472724914551,0.3170989751815796,0.33068597316741943,0.0416666679084301,0.3566601574420929,4.764685854752315e-06,9.84824188114884e-07,0.3832762837409973,,1.0,48
60,0.07299073040485382,0.08544477075338364,0.9999999403953552,,,,,,,,,,,,,70.46976470947266,0.7344465851783752,12.17659854888916,0.00022099024499766529,4.1666669845581055,4.870317459106445,0.8555226658196805,2.7083334922790527,0.5560897229921131,0.7420403361320496,3.1193838119506836,0.48200568556785583,0.49207907915115356,0.0416666679084301,0.25069594383239746,5.00291571370326e-06,1.0272257908109515e-06,0.27221938967704773,,1.0,48
61,0.06974079459905624,0.07702415436506271,0.9999998807907104,,,,,,,,,,,,,63.621089935302734,0.7462887167930603,12.16688060760498,0.0002570531505625695,3.6458334922790527,4.804267883300781,0.7588738957215344,2.125,0.44231505136571697,0.7257710695266724,2.2383646965026855,0.3469710350036621,0.3526601791381836,0.0416666679084301,0.3205881416797638,6.2044323385634925e-06,1.2914417922479185e-06,0.29420050978660583,,1.0,48
62,0.07251205295324326,0.08424460142850876,0.9999998807907104,,,,,,,,,,,,,60.27976608276367,0.8001409769058228,12.162881851196289,0.0002755354798864573,3.3541667461395264,9.382177352905273,0.3575040863543086,2.2708334922790527,0.2420369392351659,0.7453968524932861,2.4574172496795654,0.11408580839633942,0.1856602430343628,0.1875,0.9643039107322693,5.614488145511132e-06,5.98420593465796e-07,2.441359519958496,,1.0,48
63,0.07195527106523514,0.07798584550619125,0.9999998807907104,,,,,,,,,,,,,61.26778793334961,0.8425074815750122,12.160892486572266,0.00027094013057649136,4.583333492279053,5.99282169342041,0.76480391359935,2.9583334922790527,0.49364617181762316,0.7580599784851074,2.1218175888061523,0.3199516534805298,0.41651463508605957,0.1666666716337204,0.6509735584259033,6.402714461728465e-06,1.0683972890556895e-06,0.7143144011497498,,1.0,48
64,0.07406159490346909,0.09306984394788742,0.9999998211860657,,,,,,,,,,,,,58.501712799072266,0.5948590040206909,12.162147521972656,0.0002402185054961592,3.6458334922790527,5.500407695770264,0.6628296823259757,2.6875,0.48860014452758627,0.7394241094589233,2.450321674346924,0.36130762100219727,0.3898516595363617,0.0625,0.5168231129646301,7.007153726590332e-06,1.2739335157354608e-06,0.5489382743835449,,1.0,48
65,0.07366231828927994,0.0855320394039154,1.0000001192092896,,,,,,,,,,,,,56.72209930419922,0.6136685609817505,12.163330078125,0.0002450979663990438,2.5416667461395264,4.808387756347656,0.5285902197671798,1.5416667461395264,0.32062030373863587,0.6981320381164551,2.3023767471313477,0.3869647979736328,0.44217199087142944,0.1458333432674408,0.45281606912612915,7.5320544965507e-06,1.5664407411700658e-06,0.471648633480072,,1.0,48
66,0.07240517437458038,0.07974211871623993,1.0,,,,,,,,,,,,,67.22425079345703,0.8971682786941528,12.16813850402832,0.00029040779918432236,3.6458334922790527,5.297483444213867,0.6882198922922517,2.4791667461395264,0.46798952135801025,0.7240597009658813,2.2961182594299316,0.38456296920776367,0.3972345292568207,0.0833333358168602,0.5467946529388428,6.104753992985934e-06,1.152387552646328e-06,0.5798654556274414,,1.0,48
67,0.07164859026670456,0.08473093062639236,1.0,,,,,,,,,,,,,73.5197525024414,0.9354201555252075,12.166213035583496,0.00027524333563633263,3.75,5.175393104553223,0.7245826388443783,2.1875,0.42267320599255404,0.7170548439025879,3.111994504928589,0.3591398596763611,0.3862083852291107,0.125,0.5527732968330383,5.215041710471269e-06,1.0076609824684726e-06,0.7483846545219421,,1.0,48
68,0.0737045407295227,0.10623033344745636,0.9999999403953552,,,,,,,,,,,,,60.3804817199707,0.7120781540870667,12.161745071411133,0.0002652564144227654,3.875,6.405994415283203,0.6049021811049562,2.875,0.44879839243270947,0.7444974780082703,2.8179233074188232,0.44661855697631836,0.5416880249977112,0.1041666716337204,0.6588835120201111,5.536347998713609e-06,8.642448980072055e-07,0.7985946536064148,,1.0,48
69,0.06856163591146469,0.08018860965967178,0.9999998807907104,,,,,,,,,,,,,59.0797233581543,0.7625932693481445,12.164680480957031,0.00025828450452536345,3.4375,4.74067497253418,0.7251077141260688,2.3333334922790527,0.4921943606924396,0.7179319262504578,2.6321969032287598,0.3253958225250244,0.3253958225250244,0.0,0.38289013504981995,5.694248102372512e-06,1.2011471200517925e-06,0.49350517988204956,,1.0,48
70,0.07318960875272751,0.08068451285362244,1.0000001192092896,,,,,,,,,,,,,65.45411682128906,0.852638840675354,12.163595199584961,0.0002735462912824005,3.1458334922790527,5.150546073913574,0.6107766906705808,2.2708334922790527,0.4408917919153128,0.7262369394302368,3.193685531616211,0.2866020202636719,0.2914084196090698,0.02083333395421505,0.40208175778388977,6.908391696924809e-06,1.341293055992921e-06,0.4187133014202118,,1.0,48
71,0.07512021064758301,0.09216535836458206,0.9999998807907104,,,,,,,,,,,,,63.56632614135742,0.9443754553794861,12.165724754333496,0.0003002905286848545,3.2708334922790527,4.9094743728637695,0.666228854089901,2.3125,0.47102802044790065,0.713798999786377,2.635887622833252,0.3719345033168793,0.40617021918296814,0.0416666679084301,0.48921337723731995,6.536001819767989e-06,1.33130378326884e-06,0.5275132060050964,,1.0,48
72,0.07737457752227783,0.09316922724246979,1.0,,,,,,,,,,,,,60.313873291015625,0.9482958316802979,12.163825035095215,0.00030389102175831795,3.375,5.981868267059326,0.5642050014613733,2.25,0.3761366676409156,0.7298479080200195,2.8469810485839844,0.3418452739715576,0.3418452739715576,0.0,0.8359652161598206,5.485267593030585e-06,9.169823438049912e-07,1.3070600032806396,,1.0,48
73,0.0719749704003334,0.08217459172010422,1.0,,,,,,,,,,,,,59.257083892822266,0.7575477361679077,12.16319751739502,0.0002621575549710542,2.7083334922790527,4.19634485244751,0.6454029830854804,1.7083333730697632,0.4071003287545298,0.6932828426361084,1.8977124691009521,0.38084015250205994,0.38621753454208374,0.0625,0.28112709522247314,4.769448423758149e-06,1.136572083586185e-06,0.3606764078140259,,1.0,48
74,0.07361312955617905,0.08923932909965515,1.0,,,,,,,,,,,,,68.58133697509766,0.7760251760482788,12.165129661560059,0.00026568860630504787,3.9583334922790527,5.302934169769287,0.7464421314863966,2.125,0.40072154923341924,0.7262558937072754,2.8202121257781982,0.3700554370880127,0.4174571931362152,0.125,0.5078867673873901,5.025409336667508e-06,9.476657952571733e-07,0.5311951637268066,,1.0,48
75,0.07180576771497726,0.09229593724012375,1.0,,,,,,,,,,,,,75.34503936767578,0.976517915725708,12.166646957397461,0.0002680261677596718,3.3541667461395264,6.05560302734375,0.5538947525878132,2.0208334922790527,0.33371300592475395,0.7070640325546265,2.4576125144958496,0.2689934968948364,0.2893672585487366,0.0833333358168602,0.8879454731941223,5.053779204899911e-06,8.345624991820331e-07,1.57277250289917,,1.0,48
76,0.07388728857040405,0.08612701296806335,0.9999998211860657,,,,,,,,,,,,,58.183956146240234,0.8226776123046875,12.16118335723877,0.00027826055884361267,3.1666667461395264,5.445014953613281,0.581571725202045,2.0416667461395264,0.3749607227497292,0.7076351046562195,1.8930442333221436,0.29847002029418945,0.32125163078308105,0.0833333358168602,0.6168627142906189,5.830062946188264e-06,1.0707156885973858e-06,0.6174694895744324,,1.0,48
77,0.06782635301351547,0.07353392243385315,0.9999999403953552,,,,,,,,,,,,,77.3475570678711,0.8171989917755127,12.187585830688477,0.0002226965152658522,3.0,5.213207244873047,0.5754614872055488,2.0208334922790527,0.3876372822872289,0.7172383666038513,3.467648506164551,0.36307233572006226,0.41841912269592285,0.125,0.558339536190033,6.6465231611800846e-06,1.274939367692939e-06,0.6416131854057312,,1.0,48
78,0.06995569169521332,0.08222048729658127,0.9999999403953552,,,,,,,,,,,,,74.37136840820312,0.7517831325531006,12.172943115234375,0.00023632150259800255,3.3541667461395264,4.715035915374756,0.7113767104272771,2.3958334922790527,0.508126243404737,0.7166050672531128,2.271900177001953,0.3567260205745697,0.3836309313774109,0.0833333358168602,0.4518968164920807,5.573472208197927e-06,1.1820635720299294e-06,0.4165119230747223,,1.0,48
79,0.0704440027475357,0.08331675082445145,1.0000001192092896,,,,,,,,,,,,,68.15240478515625,0.7717188000679016,12.164458274841309,0.0002526866737753153,3.0416667461395264,4.455153942108154,0.6827298851704612,2.2083334922790527,0.4956806242877604,0.7171545028686523,3.0595321655273438,0.36887043714523315,0.3713228106498718,0.02083333395421505,0.31534749269485474,4.462570359464735e-06,1.0016646803761005e-06,0.4284977912902832,,1.0,48
80,0.07433976233005524,0.08866924047470093,0.9999999403953552,,,,,,,,,,,,,58.511512756347656,0.771291971206665,12.163616180419922,0.00027569825761020184,2.75,5.640986442565918,0.48750338670802984,2.0416667461395264,0.36193434664442997,0.7189928889274597,2.569605588912964,0.29961490631103516,0.4027028977870941,0.25,0.798285722732544,5.858210897713434e-06,1.0385082373400679e-06,1.1569092273712158,,1.0,48
81,0.07310616970062256,0.07990563660860062,0.9999998211860657,,,,,,,,,,,,,56.976078033447266,0.8306641578674316,12.161842346191406,0.0002874183701351285,3.4166667461395264,5.095396995544434,0.6705398504614583,2.3958334922790527,0.4701956471050409,0.7081270217895508,2.721102476119995,0.3878592848777771,0.4189419746398926,0.0833333358168602,0.4352724552154541,5.302078989188885e-06,1.0405624887363155e-06,0.47108256816864014,,1.0,48
82,0.07168073952198029,0.07623427361249924,1.0,,,,,,,,,,,,,57.71048355102539,0.6409729719161987,12.162186622619629,0.00025567246484570205,3.1666667461395264,5.1201558113098145,0.6184707764088017,2.1041667461395264,0.4109575605847965,0.7256433367729187,3.1059508323669434,0.3110729157924652,0.36676034331321716,0.125,0.6546616554260254,5.926714493398322e-06,1.1575261965137182e-06,0.8422309160232544,,1.0,48
83,0.07114764302968979,0.07736624032258987,1.0,,,,,,,,,,,,,71.40499877929688,1.0715852975845337,12.17403793334961,0.00027764542028307915,3.5625,4.439274787902832,0.8024959395807101,2.5833334922790527,0.5819269159682233,0.7267643809318542,2.981192111968994,0.3065131902694702,0.3065131902694702,0.0,0.26180773973464966,4.4778198571293615e-06,1.0086827378302282e-06,0.3242221474647522,,1.0,48
84,0.07233693450689316,0.08723363280296326,0.9999999403953552,,,,,,,,,,,,,91.76747131347656,0.8659769892692566,12.188928604125977,0.0002077086828649044,3.5833334922790527,5.159838676452637,0.6944661858688022,2.2291667461395264,0.4320225653550552,0.7300148010253906,2.1400065422058105,0.346228688955307,0.3616587519645691,0.0833333358168602,0.6126381754875183,7.05391721567139e-06,1.3670809582074208e-06,0.7699794769287109,,1.0,48
85,0.07253161817789078,0.08644217997789383,0.9999998211860657,,,,,,,,,,,,,62.03654098510742,0.750342845916748,12.165726661682129,0.0002577951527200639,3.8958334922790527,5.392953395843506,0.7223933157029956,2.3958334922790527,0.44425258517588156,0.7270482778549194,2.7288930416107178,0.2930634617805481,0.2964889705181122,0.0416666679084301,0.35657328367233276,1.1473559425212443e-05,2.1275094668498953e-06,0.4679042100906372,,1.0,48
86,0.07364139705896378,0.09365759044885635,0.9999999403953552,,,,,,,,,,,,,61.445377349853516,0.6871365904808044,12.164795875549316,0.00024277763441205025,3.1458334922790527,5.174842357635498,0.6079090470375922,2.0833334922790527,0.40258878324654646,0.7110991477966309,1.8233497142791748,0.3871506452560425,0.44281452894210815,0.1041666716337204,0.44877105951309204,6.374255463015288e-06,1.2317777064826477e-06,0.4430493414402008,,1.0,48
87,0.07136794179677963,0.08541212975978851,0.9999998807907104,,,,,,,,,,,,,60.403202056884766,0.7444525361061096,12.16170883178711,0.0002726599923335016,3.8958334922790527,4.706178665161133,0.8278124910218512,2.3541667461395264,0.500228934903098,0.7338460683822632,2.4653823375701904,0.3207858204841614,0.3207858204841614,0.0,0.2570514678955078,6.002253940096125e-06,1.275398652366427e-06,0.3410355746746063,,1.0,48
88,0.071668840944767,0.09928610175848007,1.0,,,,,,,,,,,,,61.80464172363281,0.7641750574111938,12.165291786193848,0.0002539660199545324,3.5833334922790527,4.869404315948486,0.7358874417521436,1.9583333730697632,0.4021710340696158,0.726442813873291,2.351428985595703,0.34955307841300964,0.35152149200439453,0.02083333395421505,0.2730013430118561,5.698921995644923e-06,1.1703530070969943e-06,0.34223997592926025,,1.0,48
89,0.07630954682826996,0.08882665634155273,1.0,,,,,,,,,,,,,58.498146057128906,0.8002861738204956,12.160820960998535,0.00029713561525568366,3.1041667461395264,4.233437538146973,0.7332496844079484,1.9583333730697632,0.4625870467669825,0.7202484011650085,2.2332050800323486,0.3517392575740814,0.38143953680992126,0.1041666716337204,0.30096232891082764,3.5836744700645795e-06,8.465164371287815e-07,0.2686912715435028,,1.0,48
90,0.07387308776378632,0.08566349744796753,1.0000001192092896,,,,,,,,,,,,,61.32147216796875,0.7082427144050598,12.16506576538086,0.00023452765890397131,3.0625,5.446173667907715,0.5623213986771969,2.0416667461395264,0.37488094704388575,0.7104524970054626,2.537531852722168,0.3857816457748413,0.3967455327510834,0.0416666679084301,0.7137709259986877,6.654504886682844e-06,1.2218679168599963e-06,0.9679467082023621,,1.0,48
91,0.07314522564411163,0.08196081966161728,1.0,,,,,,,,,,,,,59.98051071166992,0.7707428336143494,12.162673950195312,0.0002590985386632383,3.5416667461395264,4.885680198669434,0.7249076064894686,2.3958334922790527,0.49037869650734556,0.7344657778739929,2.523885488510132,0.3430113196372986,0.3430113196372986,0.0,0.2580423057079315,4.276780146028614e-06,8.753704629377191e-07,0.31007546186447144,,1.0,48
92,0.07765261083841324,0.09060215204954147,0.9999998807907104,,,,,,,,,,,,,77.17648315429688,1.0994744300842285,12.179821014404297,0.0002682073973119259,3.1875,5.508182048797607,0.5786845761405,1.875,0.34040269184735295,0.7205051183700562,3.344351291656494,0.3262932598590851,0.3569405674934387,0.1666666716337204,0.4845939576625824,5.7811703300103545e-06,1.0495605025939064e-06,0.6095808148384094,,1.0,48
93,0.07272958010435104,0.08210911601781845,0.9999998807907104,,,,,,,,,,,,,60.48029708862305,0.6992197036743164,12.165718078613281,0.000254824262810871,2.4583334922790527,5.255490303039551,0.4677648222811123,1.5208333730697632,0.28937992127896783,0.6877012252807617,2.6639628410339355,0.2850165367126465,0.2863144278526306,0.02083333395421505,0.5316539406776428,6.779541763535235e-06,1.2899922480523494e-06,0.531342089176178,,1.0,48
94,0.07618311792612076,0.10868825018405914,0.9999998211860657,,,,,,,,,,,,,58.33202362060547,0.748242974281311,12.162209510803223,0.0002782551455311477,2.6666667461395264,4.977370262145996,0.5357581615059936,1.5208333730697632,0.3055495753612188,0.7160434722900391,2.518667697906494,0.383968323469162,0.4266689717769623,0.0625,0.6127721071243286,4.75402339361608e-06,9.551275339550699e-07,0.655872106552124,,1.0,48
95,0.0725344568490982,0.0833066999912262,1.0,,,,,,,,,,,,,71.82874298095703,1.1568090915679932,12.15688705444336,0.0003041653544642031,3.3958334922790527,4.778380393981934,0.7106662101345526,1.9166667461395264,0.40111221462031865,0.7314807772636414,2.346294403076172,0.4391699731349945,0.47649502754211426,0.1041666716337204,0.3943060040473938,4.384545718494337e-06,9.175798801704014e-07,0.42227932810783386,,1.0,48
96,0.07118409126996994,0.08361003547906876,1.0,,,,,,,,,,,,,58.358036041259766,0.6239542365074158,12.164278030395508,0.00024400137772317976,4.2291669845581055,7.3224639892578125,0.5775606387394685,1.7291667461395264,0.23614547593744273,0.7145833969116211,2.301525115966797,0.279377281665802,0.4400396943092346,0.2083333432674408,0.9512912034988403,6.097335244703572e-06,8.326890026801885e-07,2.032923460006714,,1.0,48
97,0.07449845224618912,0.09185820072889328,1.0,,,,,,,,,,,,,91.52521514892578,0.9897880554199219,12.190147399902344,0.00024482657318003476,3.0208334922790527,4.85832405090332,0.6217850959323166,2.1041667461395264,0.4331054741845058,0.7075988054275513,2.9192070960998535,0.3850986957550049,0.4274749755859375,0.0833333358168602,0.466804563999176,4.037293365399819e-06,8.310053662104118e-07,0.5140786170959473,,1.0,48
98,0.07068286836147308,0.08153988420963287,1.0,,,,,,,,,,,,,69.82181549072266,0.7919178605079651,12.179086685180664,0.00023554240760859102,4.0625,5.079625606536865,0.7997636650178344,2.3333334922790527,0.4593514696600512,0.7210933566093445,2.3319664001464844,0.37438032031059265,0.40914294123649597,0.0625,0.4711869955062866,5.39406573807355e-06,1.0619022237609433e-06,0.4429832398891449,,1.0,48
99,0.07106036692857742,0.09066033363342285,1.0,,,,,,,,,,,,,70.67510223388672,1.1185657978057861,12.165419578552246,0.0003389539197087288,3.2916667461395264,4.558738708496094,0.7220564610962025,2.2083334922790527,0.4844176489692683,0.7121714353561401,3.1430280208587646,0.32516372203826904,0.32973581552505493,0.02083333395421505,0.5485944747924805,7.729246135568246e-06,1.6954790815732663e-06,0.6928255558013916,,1.0,48
100,0.07183147966861725,0.08325202018022537,1.0,,,,,,,,,,,,,60.29265213012695,0.707979679107666,12.162711143493652,0.0002756925532594323,3.625,5.5087103843688965,0.6580487519738814,2.6041667461395264,0.47273618682179275,0.7235146760940552,2.7010607719421387,0.2897617220878601,0.35269784927368164,0.1666666716337204,0.6141716837882996,4.301713033783017e-06,7.808929360636395e-07,0.865961492061615,,1.0,48
101,0.07301732897758484,0.08313196152448654,0.9999998211860657,,,,,,,,,,,,,64.5789566040039,0.6895297765731812,12.162245750427246,0.0002419871452730149,4.375,5.508401870727539,0.7942412508620664,2.8333334922790527,0.5143657913181947,0.762852132320404,2.8147754669189453,0.30204394459724426,0.30400899052619934,0.0625,0.5107408761978149,7.13451800038456e-06,1.2952065144967685e-06,0.602601945400238,,1.0,48
102,0.07212819159030914,0.08070873469114304,1.0000001192092896,,,,,,,,,,,,,70.03707885742188,0.9077656269073486,12.172481536865234,0.00023231407976709306,2.7708334922790527,4.928456783294678,0.5622111765388427,2.0208334922790527,0.4100337239495456,0.7119979858398438,2.9855246543884277,0.4096487760543823,0.4567829966545105,0.125,0.5028250813484192,9.412587132828776e-06,1.909844709531572e-06,0.630903959274292,,1.0,48
103,0.07286546379327774,0.08671136200428009,1.0000001192092896,,,,,,,,,,,,,79.0136947631836,0.8884226679801941,12.168830871582031,0.00026427945704199374,3.7291667461395264,5.578766822814941,0.6684571802148359,2.2916667461395264,0.41078374752278257,0.7444047927856445,2.2823801040649414,0.2860311269760132,0.29402849078178406,0.0416666679084301,0.6477600932121277,6.507703801617026e-06,1.1665129582648932e-06,0.7569932341575623,,1.0,48
104,0.06996923685073853,0.08545827865600586,1.0,,,,,,,,,,,,,82.8895263671875,0.9936448335647583,12.18506145477295,0.0002631444949656725,4.4791669845581055,5.372384548187256,0.8337390847667578,2.9791667461395264,0.5545334132120939,0.7654829025268555,2.7062010765075684,0.29317158460617065,0.30788856744766235,0.0416666679084301,0.4650901257991791,8.947998139774427e-06,1.6655542883910103e-06,0.5304569005966187,,1.0,48
105,0.07391517609357834,0.08524245023727417,0.9999998807907104,,,,,,,,,,,,,57.587791442871094,0.6762264966964722,12.163398742675781,0.00025411060778424144,2.9583334922790527,4.195544719696045,0.7051130861125096,1.9375,0.4617993907409411,0.7106754183769226,2.9173457622528076,0.3166392147541046,0.3166392147541046,0.0,0.22762908041477203,5.687728389602853e-06,1.3556590993644139e-06,0.27947020530700684,,1.0,48
106,0.07675577700138092,0.10441553592681885,1.0,,,,,,,,,,,,,62.03512191772461,0.8903285264968872,12.159791946411133,0.0003021826269105077,3.6458334922790527,4.830260276794434,0.7547902754322549,2.3541667461395264,0.4873788587699177,0.7586151361465454,2.5587217807769775,0.36314451694488525,0.4074828028678894,0.0833333358168602,0.4294269382953644,4.5124152165954e-06,9.341971133381781e-07,0.48304980993270874,,1.0,48
107,0.07243036478757858,0.08787602186203003,1.0,,,,,,,,,,,,,70.35700988769531,0.6969778537750244,12.175361633300781,0.00021408214524853975,2.3541667461395264,5.29883337020874,0.44428019853056544,1.4375,0.2712861297675625,0.7085791826248169,2.7606844902038574,0.3198147416114807,0.3495479226112366,0.0625,0.6988796591758728,6.053894594515441e-06,1.1424957457856423e-06,0.863830029964447,,1.0,48
108,0.06998401135206223,0.07621520757675171,0.9999998807907104,,,,,,,,,,,,,59.92155456542969,0.6028032302856445,12.163446426391602,0.0002312531869392842,3.6458334922790527,4.776750564575195,0.7632455233657,2.2708334922790527,0.4753929385314413,0.7332507967948914,2.514791965484619,0.32476353645324707,0.3464093804359436,0.0625,0.3609262704849243,7.020181328698527e-06,1.4696562483425973e-06,0.4432078003883362,,1.0,48
109,0.07399502396583557,0.08998288214206696,0.9999999403953552,,,,,,,,,,,,,57.998207092285156,0.6982909440994263,12.161406517028809,0.0002501283888705075,3.3125,5.275820732116699,0.6278643953075251,2.2708334922790527,0.4304227916902228,0.72934889793396,2.963357448577881,0.3112964332103729,0.31632402539253235,0.02083333395421505,0.39637044072151184,7.768975592625793e-06,1.4725624641880499e-06,0.5542391538619995,,1.0,48
110,0.07431145757436752,0.08188027143478394,1.0,,,,,,,,,,,,,63.42411804199219,0.725365161895752,12.164810180664062,0.00024743261747062206,3.2708334922790527,5.994937896728516,0.5455992277431231,2.1666667461395264,0.3614160446445547,0.7234287261962891,2.5356431007385254,0.4878856837749481,0.5730403661727905,0.0833333358168602,0.6638927459716797,5.9385033637227025e-06,9.905863006616845e-07,0.7904599905014038,,1.0,48
111,0.07082373648881912,0.07933787256479263,0.9999997615814209,,,,,,,,,,,,,66.36712646484375,0.8402814865112305,12.166498184204102,0.0002788938581943512,3.2083334922790527,4.493368148803711,0.7140152729290763,2.2083334922790527,0.4914650690156195,0.7139768004417419,3.9482219219207764,0.3999963700771332,0.42943310737609863,0.0833333358168602,0.3443191647529602,5.91910065850243e-06,1.3172970585339924e-06,0.4185483753681183,,1.0,48
112,0.0732080489397049,0.08555914461612701,1.0000001192092896,,,,,,,,,,,,,60.5051383972168,0.8843969106674194,12.165282249450684,0.0002443426928948611,3.125,5.230720520019531,0.5974320329418041,2.4166667461395264,0.4620141206684775,0.7303328514099121,2.6445634365081787,0.31025904417037964,0.3183259963989258,0.0416666679084301,0.4777316749095917,5.452168807096314e-06,1.0423360941969415e-06,0.49883654713630676,,1.0,48
113,0.07156594097614288,0.09022244065999985,0.9999998211860657,,,,,,,,,,,,,63.96571350097656,0.8942689299583435,12.160897254943848,0.000276279664831236,3.1875,4.406108379364014,0.7234275052548332,2.1458334922790527,0.48701332392523977,0.7092442512512207,2.640089988708496,0.37378448247909546,0.3880416750907898,0.02083333395421505,0.25405365228652954,4.295110556995496e-06,9.748081929540232e-07,0.2764309048652649,,1.0,48
114,0.07365065068006516,0.09194432199001312,0.9999999403953552,,,,,,,,,,,,,57.55165100097656,0.8291791677474976,12.159995079040527,0.0003198714985046536,3.3958334922790527,5.621266841888428,0.6041046585678893,2.0416667461395264,0.36320402498836035,0.6918905973434448,1.4891507625579834,0.3373105227947235,0.3750055730342865,0.125,0.7099323272705078,5.832190709043061e-06,1.0375224771767907e-06,0.8003307580947876,,1.0,48
115,0.06985148042440414,0.0772697851061821,1.0,,,,,,,,,,,,,62.35201644897461,0.8007280826568604,12.162970542907715,0.00027990961098112166,3.2708334922790527,5.0387396812438965,0.6491372233344314,2.375,0.471348024611625,0.7259793281555176,3.096919059753418,0.2692120671272278,0.3163047432899475,0.125,0.6379119157791138,3.5212603961554123e-06,6.988375292088428e-07,0.8011206984519958,,1.0,48
116,0.07278849929571152,0.08422596007585526,0.9999998211860657,,,,,,,,,,,,,86.90660858154297,0.8166278600692749,12.205101013183594,0.000191305618500337,3.8958334922790527,5.4393157958984375,0.7162359442440132,2.4583334922790527,0.4519563820165059,0.7333229780197144,3.071911334991455,0.32583117485046387,0.32583117485046387,0.0,0.4532751142978668,6.686906544928206e-06,1.2293653804173075e-06,0.519081175327301,,1.0,48
117,0.06970595568418503,0.07907778024673462,1.0000001192092896,,,,,,,,,,,,,64.1249771118164,0.9545238614082336,12.165010452270508,0.00027022312860935926,3.25,4.81814432144165,0.6745335499377949,2.1875,0.45401296630428506,0.7008764147758484,1.9793846607208252,0.34907907247543335,0.3616853654384613,0.0416666679084301,0.6165881752967834,5.600225449597929e-06,1.1623199855290075e-06,0.8263694047927856,,1.0,48
118,0.07323548197746277,0.08945097774267197,0.9999999403953552,,,,,,,,,,,,,61.51800537109375,0.7585601210594177,12.169055938720703,0.00025372469099238515,2.8541667461395264,4.664875030517578,0.6118420582221749,1.9791667461395264,0.42427004559589093,0.7109648585319519,1.5294809341430664,0.3188712000846863,0.3302004337310791,0.0625,0.4076254069805145,5.897141818422824e-06,1.2641585824276492e-06,0.38872969150543213,,1.0,48
119,0.07340800762176514,0.08374671638011932,1.0,,,,,,,,,,,,,59.97746658325195,0.7196700572967529,12.165628433227539,0.00025967962574213743,3.3541667461395264,6.374014854431152,0.5262251214468839,2.2083334922790527,0.3464587923385922,0.7389048337936401,2.7882442474365234,0.24052762985229492,0.31904715299606323,0.2708333432674408,0.8903334140777588,4.376336164568784e-06,6.865902037646642e-07,1.7019659280776978,,1.0,48
120,0.07848717272281647,0.09990189224481583,0.9999998807907104,,,,,,,,,,,,,73.53579711914062,0.9306028485298157,12.164615631103516,0.00027689465787261724,2.5208334922790527,7.326631546020508,0.34406445485956094,1.7708333730697632,0.24169816095291669,0.7139329314231873,2.4172756671905518,0.3478255271911621,0.42102259397506714,0.1458333432674408,0.9374411106109619,5.773481461801566e-06,7.880130749931498e-07,2.062206506729126,,1.0,48
121,0.07581613957881927,0.10310965031385422,1.000000238418579,,,,,,,,,,,,,59.841060638427734,0.6670751571655273,12.163360595703125,0.0002453253255225718,3.8541667461395264,5.702317714691162,0.6758947733569631,2.7291667461395264,0.4786065733100374,0.7549413442611694,2.1698317527770996,0.3084462583065033,0.3165972828865051,0.0416666679084301,0.5238979458808899,6.432362170016859e-06,1.1280259151756115e-06,0.572686493396759,,1.0,48
122,0.07359494268894196,0.08376118540763855,1.0,,,,,,,,,,,,,59.60151672363281,0.804631233215332,12.161273956298828,0.00027578792651183903,2.875,4.976236343383789,0.5777458697364787,1.8125,0.3642310917903887,0.7183308601379395,1.621185302734375,0.4000469148159027,0.4466348886489868,0.1041666716337204,0.4199448227882385,5.3070248213771265e-06,1.0664736247442115e-06,0.5512164831161499,,1.0,48
123,0.0688486322760582,0.07935472577810287,1.0000001192092896,,,,,,,,,,,,,61.98453903198242,0.6466095447540283,12.167694091796875,0.00022757964325137436,3.25,4.993727684020996,0.6508164239494344,1.5833333730697632,0.31706441962494125,0.7287213206291199,1.7796924114227295,0.40263575315475464,0.4764120578765869,0.1458333432674408,0.567938506603241,5.171509656065609e-06,1.0356010525478737e-06,0.6625759601593018,,1.0,48
124,0.06889773160219193,0.08221421390771866,1.0000001192092896,,,,,,,,,,,,,64.81382751464844,0.6745091080665588,12.172954559326172,0.0002311848511453718,3.5833334922790527,4.420832633972168,0.8105562415182013,2.0833334922790527,0.47125364384007856,0.7083157300949097,1.8510193824768066,0.35226553678512573,0.37214455008506775,0.1041666716337204,0.2815091907978058,5.2588416110666e-06,1.1895590796084675e-06,0.28576695919036865,,1.0,48
125,0.07085468620061874,0.0817660465836525,1.0,,,,,,,,,,,,,59.45317459106445,0.6867936849594116,12.163252830505371,0.0002548604679759592,2.8125,4.2734808921813965,0.658128599232621,2.0416667461395264,0.47775263137302393,0.6947659850120544,2.2895359992980957,0.3181250989437103,0.32747429609298706,0.0416666679084301,0.29783064126968384,4.4409548536350485e-06,1.039189118961118e-06,0.31548064947128296,,1.0,48
126,0.07700958102941513,0.09866700321435928,1.0,,,,,,,,,,,,,71.80194854736328,0.8541469573974609,12.169301986694336,0.000256947532761842,2.8541667461395264,4.900705337524414,0.5823991739436662,2.0625,0.4208577855107877,0.7148584127426147,3.0418267250061035,0.36748942732810974,0.39349812269210815,0.0625,0.34435543417930603,7.181764885899611e-06,1.4654553531824703e-06,0.4220074415206909,,1.0,48
127,0.07224345207214355,0.08189664781093597,0.9999998807907104,,,,,,,,,,,,,76.59048461914062,1.0044660568237305,12.177289962768555,0.00029166159220039845,3.2916667461395264,5.619897842407227,0.5857164725386556,2.5208334922790527,0.44855503756163095,0.7169763445854187,2.9882655143737793,0.2960246801376343,0.3057449758052826,0.0625,0.5638862252235413,4.147935214859899e-06,7.380801793547143e-07,0.5492163896560669,,1.0,48
128,0.07113369554281235,0.0813588947057724,0.9999999403953552,,,,,,,,,,,,,60.616127014160156,0.6362878084182739,12.163200378417969,0.0002418421790935099,2.6041667461395264,4.274840354919434,0.6091845598516533,1.6875,0.3947515827370091,0.7067772746086121,1.8884738683700562,0.35445159673690796,0.3555228114128113,0.02083333395421505,0.2323017567396164,5.679348760168068e-06,1.328552244143298e-06,0.36987122893333435,,1.0,48
129,0.07332246750593185,0.0872158408164978,1.0,,,,,,,,,,,,,60.60377502441406,0.6774215698242188,12.164026260375977,0.00024232424038928002,3.5,4.7597975730896,0.735325387036341,2.25,0.4727091773805049,0.7243725657463074,2.980210304260254,0.3194757401943207,0.3208540081977844,0.02083333395421505,0.33591246604919434,4.572262696456164e-06,9.606002391152722e-07,0.3709771931171417,,1.0,48
130,0.07419808954000473,0.08811227977275848,0.9999998807907104,,,,,,,,,,,,,64.50251770019531,0.7604190111160278,12.164854049682617,0.00024978123838081956,3.9791667461395264,5.186009883880615,0.7672886916075615,2.3125,0.44591122024828805,0.7486640810966492,2.051908254623413,0.28667306900024414,0.29947835206985474,0.0625,0.6730248332023621,7.112873390724417e-06,1.3715502932451905e-06,1.009607195854187,,1.0,48
131,0.07165901362895966,0.07775058597326279,0.9999998807907104,,,,,,,,,,,,,58.13186264038086,0.7831398248672485,12.161086082458496,0.0002888345916289836,3.0625,5.265093803405762,0.5816610507874315,1.9375,0.36798964437572196,0.7179173231124878,2.4687681198120117,0.27040496468544006,0.32418757677078247,0.1875,0.7019822597503662,4.330689989728853e-06,8.22528551856423e-07,1.009207010269165,,1.0,48
132,0.0750890001654625,0.08752225339412689,1.0000001192092896,,,,,,,,,,,,,57.8004150390625,0.7171261310577393,12.160870552062988,0.00026656442787498236,2.7916667461395264,4.674745559692383,0.5971804677967167,1.9166667461395264,0.4100045056068476,0.71439528465271,2.568721294403076,0.3621910810470581,0.3984527289867401,0.1041666716337204,0.29756563901901245,5.536523531191051e-06,1.1843475647286141e-06,0.31500205397605896,,1.0,48
133,0.07233232259750366,0.08869394659996033,0.9999999403953552,,,,,,,,,,,,,60.81604766845703,0.7722112536430359,12.166655540466309,0.00029122873093001544,3.0,5.534958839416504,0.5420094496847543,1.8125,0.32746404251787237,0.7264900207519531,2.4561285972595215,0.38241228461265564,0.4151035249233246,0.0625,0.5233797430992126,6.208228114701342e-06,1.1216394346555646e-06,0.6397377848625183,,1.0,48
134,0.0683121457695961,0.09233038127422333,0.9999998807907104,,,,,,,,,,,,,64.11643981933594,0.687686026096344,12.16539192199707,0.0002500238479115069,2.6041667461395264,4.085027694702148,0.6374905959981498,2.0416667461395264,0.49979263146475783,0.702481746673584,1.953931212425232,0.3590993881225586,0.3590993881225586,0.0,0.26917940378189087,4.624157099897275e-06,1.1319769250462001e-06,0.27313533425331116,,1.0,48
135,0.0728546604514122,0.09720855206251144,0.9999999403953552,,,,,,,,,,,,,60.17093276977539,0.6797014474868774,12.167062759399414,0.00023951804905664176,3.125,4.6828484535217285,0.6673288756497255,2.1458334922790527,0.45823252855491337,0.7082686424255371,2.2390122413635254,0.4024741053581238,0.43328413367271423,0.0833333358168602,0.2656071186065674,9.233121090801433e-06,1.9716890612039322e-06,0.323122501373291,,1.0,48
136,0.0728432685136795,0.08227026462554932,1.0,,,,,,,,,,,,,63.048545837402344,0.8724031448364258,12.16267204284668,0.00028306274907663465,3.1875,8.030524253845215,0.3969230270993223,2.0208334922790527,0.25164403043736366,0.7141858339309692,2.96588397026062,0.09071199595928192,0.3475930392742157,0.4791666865348816,0.9553452134132385,5.9441786106617656e-06,7.401980761609136e-07,2.1689987182617188,,1.0,48
137,0.07217992842197418,0.08555641770362854,0.9999999403953552,,,,,,,,,,,,,63.870819091796875,0.6541886925697327,12.172489166259766,0.00024064379977062345,2.9583334922790527,6.001462459564209,0.49293543153555197,1.9583333730697632,0.3263093592605547,0.707275390625,2.5230610370635986,0.241595059633255,0.32044553756713867,0.1875,0.9035341739654541,4.342605734564131e-06,7.235912507305016e-07,1.8345104455947876,,1.0,48
138,0.07218009233474731,0.08464930206537247,0.9999998211860657,,,,,,,,,,,,,60.4787712097168,0.5595671534538269,12.164161682128906,0.00022204348351806402,2.875,4.586390972137451,0.6268545379574528,2.0833334922790527,0.45424245346569464,0.7167105674743652,2.7777538299560547,0.4129427373409271,0.432631254196167,0.1041666716337204,0.3093827962875366,3.892049335263437e-06,8.486082740049297e-07,0.3420071005821228,,1.0,48
139,0.07462946325540543,0.09257018566131592,0.9999999403953552,,,,,,,,,,,,,67.65702056884766,0.8989085555076599,12.165027618408203,0.00028519329498521984,4.4166669845581055,4.893825531005859,0.9024978409120648,2.6041667461395264,0.5321331388540417,0.7391209006309509,3.1577279567718506,0.3519178330898285,0.3927329480648041,0.0833333358168602,0.2493051141500473,5.446446266432758e-06,1.1129220322213029e-06,0.3172297477722168,,1.0,48
140,0.07623495906591415,0.09243504703044891,0.9999999403953552,,,,,,,,,,,,,75.95437622070312,0.8410183191299438,12.170055389404297,0.00022846076171845198,2.9166667461395264,5.086302757263184,0.5734355345324663,1.9375,0.3809250232743266,0.7007855176925659,2.531343936920166,0.345669686794281,0.37815892696380615,0.125,0.6892857551574707,4.4189573600306176e-06,8.687955794673135e-07,0.9475333094596863,,1.0,48
141,0.06923292577266693,0.07946450263261795,0.9999998807907104,,,,,,,,,,,,,58.342281341552734,0.5975279808044434,12.164198875427246,0.0002361855295021087,3.0208334922790527,3.9051923751831055,0.7735428102698743,1.9375,0.496134328068233,0.7162117958068848,2.649993419647217,0.40456733107566833,0.40704917907714844,0.02083333395421505,0.19045481085777283,5.951347702648491e-06,1.5239576224794481e-06,0.2966272532939911,,1.0,48
142,0.07357326149940491,0.09178358316421509,0.9999998807907104,,,,,,,,,,,,,59.358787536621094,0.6594119071960449,12.163580894470215,0.0002416343049844727,2.9375,4.504203796386719,0.652168535498945,2.3958334922790527,0.5319105429647499,0.7038183212280273,2.7157301902770996,0.3003128468990326,0.3021015524864197,0.02083333395421505,0.26991379261016846,4.264225935912691e-06,9.467213561398461e-07,0.30415454506874084,,1.0,48
143,0.07165195792913437,0.08821016550064087,1.0000001192092896,,,,,,,,,,,,,57.5919075012207,0.7817968130111694,12.16258430480957,0.000267956405878067,3.1041667461395264,5.109317779541016,0.6075501415265036,1.9791667461395264,0.38736418983195026,0.7136675715446472,2.590466260910034,0.3887328803539276,0.4166872501373291,0.0625,0.4830968976020813,6.395795026037376e-06,1.2517904130234047e-06,0.5518560409545898,,1.0,48
144,0.0703967958688736,0.07789630442857742,0.9999998807907104,,,,,,,,,,,,,60.585289001464844,0.6767838001251221,12.167343139648438,0.0002529199991840869,4.020833492279053,4.624398231506348,0.8694825320600653,2.625,0.5676414233616988,0.7388027906417847,2.3515465259552,0.3122207522392273,0.31555435061454773,0.02083333395421505,0.34964072704315186,6.1685050241067074e-06,1.333904370246751e-06,0.4932984709739685,,1.0,48
145,0.07215148210525513,0.0891668051481247,0.9999999403953552,,,,,,,,,,,,,57.605587005615234,0.6967213749885559,12.162450790405273,0.0002495034714229405,3.1875,4.982389450073242,0.639753280136624,1.9791667461395264,0.3972324447937541,0.6935067176818848,2.2776975631713867,0.29531556367874146,0.3234608769416809,0.1458333432674408,0.30496060848236084,1.0564936928858515e-05,2.120455860289815e-06,0.41186442971229553,,1.0,48
146,0.0707504078745842,0.08400928229093552,1.0000001192092896,,,,,,,,,,,,,59.787925720214844,0.6781907081604004,12.162784576416016,0.0002462973352521658,3.8958334922790527,5.756740570068359,0.6767429308466061,2.4791667461395264,0.4306545885918811,0.7438399195671082,3.034040927886963,0.38414284586906433,0.4440697431564331,0.1666666716337204,0.5639247298240662,7.380479473795276e-06,1.282058722491128e-06,0.5476154088973999,,1.0,48
147,0.07364268600940704,0.08448043465614319,0.9999998807907104,,,,,,,,,,,,,64.46319580078125,0.7715193033218384,12.165958404541016,0.00027538451831787825,4.1875,4.699269771575928,0.8910958924762343,2.4166667461395264,0.5142643130671853,0.7263818979263306,1.9384348392486572,0.3388298451900482,0.33986732363700867,0.0416666679084301,0.3490726947784424,4.900978638033848e-06,1.0429234467977866e-06,0.37830784916877747,,1.0,48
148,0.07393763959407806,0.08440262079238892,1.0,,,,,,,,,,,,,74.19847869873047,0.755804717540741,12.17982292175293,0.00023008219432085752,3.1875,5.106511116027832,0.6242030853028689,2.0208334922790527,0.3957366276906529,0.7272936701774597,3.127889394760132,0.5098017454147339,0.5331017374992371,0.0833333358168602,0.49233365058898926,5.26811618328793e-06,1.0316468628524863e-06,0.571096658706665,,1.0,48
149,0.0715489313006401,0.08327487856149673,1.0000001192092896,,,,,,,,,,,,,58.80329513549805,0.7391558885574341,12.158065795898438,0.0002879642997868359,3.1041667461395264,5.6402482986450195,0.550359944504864,1.7916667461395264,0.3176574235913287,0.6972439289093018,2.2465646266937256,0.25420907139778137,0.275316447019577,0.0625,0.8483118414878845,5.574230726779206e-06,9.882952703049214e-07,1.4252222776412964,,1.0,48
150,0.074192576110363,0.10671057552099228,0.9999998211860657,,,,,,,,,,,,,77.42325592041016,1.0052615404129028,12.169670104980469,0.0002720261109061539,2.7083334922790527,6.138461589813232,0.4412072061119444,1.9166667461395264,0.31223894048597495,0.7184292674064636,3.190042495727539,0.3105127811431885,0.3903408646583557,0.125,0.8754417896270752,5.391222657635808e-06,8.782693464759705e-07,1.5332815647125244,,1.0,48
151,0.07022138684988022,0.09022799134254456,0.9999999403953552,,,,,,,,,,,,,57.59442901611328,0.6655418872833252,12.164525985717773,0.00025074632139876485,3.7708334922790527,4.529439926147461,0.8325165021365434,2.1666667461395264,0.4783520207097384,0.7102930545806885,2.0115602016448975,0.3417627513408661,0.35399001836776733,0.0416666679084301,0.41060200333595276,3.911441126547288e-06,8.635595529883955e-07,0.45577889680862427,,1.0,48
152,0.07291443645954132,0.08291130512952805,0.9999999403953552,,,,,,,,,,,,,59.1246223449707,0.9208616018295288,12.161922454833984,0.0002954813535325229,3.25,6.36181640625,0.5108603875614076,2.2291667461395264,0.3503978424221047,0.7252548933029175,2.4428975582122803,0.25326263904571533,0.2887413501739502,0.125,0.8399103879928589,4.7800331230973825e-06,7.51362945791352e-07,1.2811182737350464,,1.0,48
153,0.07072322815656662,0.08491861820220947,1.0,,,,,,,,,,,,,57.16280746459961,0.7687917351722717,12.163007736206055,0.0002819850342348218,3.5625,10.91293716430664,0.32644740303165404,2.4166667461395264,0.2214497075846192,0.7342628240585327,2.5488688945770264,-0.031493887305259705,0.316914439201355,0.5416666865348816,0.9896494150161743,7.132267455745023e-06,6.535607547102162e-07,3.671320676803589,,1.0,48
154,0.07077838480472565,0.08011163026094437,0.9999999403953552,,,,,,,,,,,,,57.48875045776367,0.7458767890930176,12.160285949707031,0.00029163219733163714,3.5416667461395264,5.401242733001709,0.6557133079657268,2.0208334922790527,0.3741423202831255,0.7074915766716003,2.7345638275146484,0.38904374837875366,0.43537935614585876,0.0833333358168602,0.6225308179855347,6.479147032223409e-06,1.1995659777776737e-06,0.6196418404579163,,1.0,48
155,0.07485748827457428,0.08942726999521255,0.9999999403953552,,,,,,,,,,,,,59.70668411254883,0.7183313369750977,12.16063117980957,0.0002501319977454841,2.8541667461395264,5.7912445068359375,0.4928416919441192,1.6041667461395264,0.27699862119031493,0.707687258720398,2.7793586254119873,0.3229970335960388,0.36550652980804443,0.1666666716337204,0.7455689907073975,6.136671345302602e-06,1.059646389901594e-06,0.913905680179596,,1.0,48
156,0.07448609173297882,0.0874621644616127,1.0,,,,,,,,,,,,,85.18663787841797,1.006441354751587,12.182303428649902,0.00023483872064389288,2.9583334922790527,4.724201202392578,0.6262081903960227,2.2291667461395264,0.47186109268418774,0.7288985252380371,2.11059832572937,0.36575931310653687,0.3839755058288574,0.0416666679084301,0.4506068527698517,5.694404535461217e-06,1.205368755361984e-06,0.5082371830940247,,1.0,48
157,0.07131951302289963,0.08390972018241882,0.9999999403953552,,,,,,,,,,,,,63.753150939941406,0.8491954803466797,12.160238265991211,0.00027389966999180615,3.25,5.496194362640381,0.5913182430698306,1.9583333730697632,0.3563071536949623,0.6913299560546875,2.366642475128174,0.5251980423927307,0.5436525344848633,0.0833333358168602,0.41491344571113586,4.918455488223117e-06,8.948838332040799e-07,0.5314540863037109,,1.0,48
158,0.07466556876897812,0.09328312426805496,1.0000001192092896,,,,,,,,,,,,,81.12174987792969,0.8727821707725525,12.178812980651855,0.00023318575404118747,2.6666667461395264,5.482321739196777,0.4864119378856638,2.0416667461395264,0.37240914334125935,0.7245612144470215,2.079623222351074,0.3776141405105591,0.3972564935684204,0.0416666679084301,0.7061313390731812,5.382736617320916e-06,9.81835226673726e-07,0.8832800984382629,,1.0,48
159,0.07393010705709457,0.09081076085567474,0.9999998807907104,,,,,,,,,,,,,57.04148483276367,0.6078957915306091,12.163551330566406,0.00023833525483496487,2.5416667461395264,4.621848106384277,0.5499243337593491,1.6666667461395264,0.36060612641753753,0.7064024806022644,2.216085433959961,0.43486613035202026,0.46382904052734375,0.0625,0.27710816264152527,5.4536876632482745e-06,1.1799798534952193e-06,0.40671008825302124,,1.0,48
160,0.07580722123384476,0.09996458142995834,0.9999998211860657,,,,,,,,,,,,,56.12837600708008,0.6892420053482056,12.161179542541504,0.0002722214558161795,2.8333334922790527,5.110931396484375,0.5543673485197487,1.875,0.3668607247636189,0.7205718755722046,2.8015193939208984,0.31893908977508545,0.31893908977508545,0.0,0.5680822134017944,5.0707831178442575e-06,9.921446238567827e-07,0.8322396874427795,,1.0,48
161,0.07208964228630066,0.08183358609676361,1.0000001192092896,,,,,,,,,,,,,60.05288314819336,0.7441480755805969,12.16549301147461,0.0002759808849077672,3.1875,4.957452774047852,0.6429713279885941,1.7708333730697632,0.3572063013424901,0.7083794474601746,1.8343305587768555,0.34988030791282654,0.37517666816711426,0.0833333358168602,0.5245473384857178,6.384121661540121e-06,1.2877826455721416e-06,0.5918139815330505,,1.0,48
162,0.07303036749362946,0.09695348888635635,1.0000001192092896,,,,,,,,,,,,,64.07247924804688,0.6646567583084106,12.169576644897461,0.00022115618048701435,3.0416667461395264,5.34387731552124,0.5691872325760852,2.2916667461395264,0.4288396994435118,0.7280120253562927,3.0600905418395996,0.3444792628288269,0.40295666456222534,0.1041666716337204,0.5661548376083374,6.060812211217126e-06,1.1341600568321347e-06,0.5821774005889893,,1.0,48
163,0.07410264015197754,0.08265148103237152,0.9999997615814209,,,,,,,,,,,,,57.29936218261719,0.7822171449661255,12.160184860229492,0.00028220610693097115,2.9583334922790527,4.377678871154785,0.675776723828285,2.0,0.4568631126896227,0.7144347429275513,2.3230395317077637,0.3822280764579773,0.41322219371795654,0.0625,0.32127630710601807,5.16857062393683e-06,1.1806646317039628e-06,0.32176709175109863,,1.0,48
164,0.06952150911092758,0.07526444643735886,0.9999998807907104,,,,,,,,,,,,,60.13150405883789,0.7068346738815308,12.167746543884277,0.00024340044183190912,3.0416667461395264,5.313464641571045,0.5724450891454015,2.2291667461395264,0.41953167891696114,0.7118587493896484,2.623290538787842,0.4727122187614441,0.53791344165802,0.0833333358168602,0.48356518149375916,7.080988780217012e-06,1.3326500211351475e-06,0.5253275036811829,,1.0,48
165,0.07000119984149933,0.07643600553274155,1.0,,,,,,,,,,,,,66.05658721923828,0.7161989212036133,12.159416198730469,0.00024734827456995845,3.8541667461395264,4.579305648803711,0.8416487199822301,2.1458334922790527,0.4685936367129567,0.7193459272384644,2.8222060203552246,0.3491416871547699,0.372617244720459,0.0625,0.3766399323940277,3.944046511605848e-06,8.612760984896088e-07,0.4671632647514343,,1.0,48
166,0.07327326387166977,0.09039322286844254,1.0,,,,,,,,,,,,,56.75551223754883,0.620204508304596,12.164360046386719,0.0002450327738188207,3.3958334922790527,5.121518611907959,0.6630520638454648,2.2708334922790527,0.4433906542026946,0.7378246188163757,2.9825692176818848,0.3608716130256653,0.4176919460296631,0.125,0.45330673456192017,5.527913344849367e-06,1.0793504335223935e-06,0.43556591868400574,,1.0,48
167,0.07475229352712631,0.08964312821626663,1.0,,,,,,,,,,,,,67.30165100097656,0.7503855228424072,12.163824081420898,0.00024217451573349535,3.1875,5.444580078125,0.5854445978216308,2.2083334922790527,0.40560216886065803,0.7256473302841187,1.7864971160888672,0.35037779808044434,0.4071968197822571,0.1458333432674408,0.6151756048202515,9.263716492569074e-06,1.7014565572786541e-06,0.80341637134552,,1.0,48
168,0.07494254410266876,0.09028496593236923,1.0,,,,,,,,,,,,,73.71646118164062,0.6834026575088501,12.187458992004395,0.00021384279534686357,2.4791667461395264,5.642249584197998,0.4393933137394147,1.6875,0.29908283421833715,0.7073202133178711,1.819989562034607,0.32383638620376587,0.4005758762359619,0.1666666716337204,0.7307661175727844,4.684437499236083e-06,8.302428705127035e-07,0.9066638946533203,,1.0,48
169,0.07158582657575607,0.08128403127193451,1.0,,,,,,,,,,,,,71.10497283935547,0.7754111289978027,12.17629337310791,0.0002519360859878361,2.9791667461395264,4.738986968994141,0.6286505447988929,1.875,0.39565417847971646,0.7272113561630249,2.2180633544921875,0.3304349184036255,0.3391512334346771,0.1041666716337204,0.3255414366722107,8.963780601334292e-06,1.8914971999431137e-06,0.376095712184906,,1.0,48
170,0.07202491909265518,0.08835852891206741,1.0,,,,,,,,,,,,,58.20832061767578,0.7108682990074158,12.163549423217773,0.00027430651243776083,3.9375,4.524788856506348,0.8702063491064498,2.0833334922790527,0.4604266748666272,0.7116773128509521,2.5037343502044678,0.3367932438850403,0.3383179306983948,0.02083333395421505,0.20822307467460632,6.337278136925306e-06,1.4005688052840368e-06,0.32251840829849243,,1.0,48
171,0.07388486713171005,0.08838847279548645,0.9999999403953552,,,,,,,,,,,,,62.117271423339844,0.8047865629196167,12.155410766601562,0.0002931266790255904,2.8125,5.319963455200195,0.5286690441386637,1.875,0.35244602942577574,0.7132024168968201,2.335996389389038,0.3396683931350708,0.36353999376296997,0.0833333358168602,0.5942256450653076,7.590875611640513e-06,1.426866116900083e-06,0.6277408003807068,,1.0,48
172,0.0758381113409996,0.08896122872829437,1.0,,,,,,,,,,,,,61.2406120300293,0.7258647680282593,12.162382125854492,0.0002584666362963617,3.6041667461395264,4.868825912475586,0.7402537703190186,2.3958334922790527,0.4920762274985744,0.7530907392501831,2.801849126815796,0.31001850962638855,0.31005096435546875,0.02083333395421505,0.39668023586273193,5.012527253711596e-06,1.0295145756952725e-06,0.5887114405632019,,1.0,48
173,0.07267355918884277,0.09114495664834976,0.9999999403953552,,,,,,,,,,,,,57.30448532104492,0.921034574508667,12.160200119018555,0.0002977154799737036,2.7291667461395264,4.846982955932617,0.5630650582685517,2.0625,0.42552243622402547,0.7265028357505798,1.7126314640045166,0.42066800594329834,0.4436189532279968,0.0625,0.28599146008491516,1.0551453669904731e-05,2.1769116467019616e-06,0.3091571033000946,,1.0,48
174,0.07436006516218185,0.08537019789218903,0.9999998807907104,,,,,,,,,,,,,57.80594253540039,0.7082943916320801,12.1629638671875,0.00024868559557944536,3.0,4.820501327514648,0.6223419080196207,1.8958333730697632,0.39328551956116997,0.7106363773345947,1.9061979055404663,0.35905009508132935,0.4003254771232605,0.0833333358168602,0.2806394100189209,6.437191586883273e-06,1.3353780314895954e-06,0.3113431930541992,,1.0,48
175,0.07224004715681076,0.08564246445894241,0.9999998807907104,,,,,,,,,,,,,59.337223052978516,0.8095369338989258,12.161844253540039,0.00028212962206453085,3.7291667461395264,4.6052398681640625,0.8097660154081281,2.3541667461395264,0.5111930775423679,0.7196716666221619,3.041877508163452,0.37614572048187256,0.3894670605659485,0.0416666679084301,0.3566315770149231,6.3696597862872295e-06,1.383133116797941e-06,0.44919759035110474,,1.0,48
176,0.07301562279462814,0.09614036977291107,0.9999998807907104,,,,,,,,,,,,,70.66337585449219,1.0313652753829956,12.159825325012207,0.0003186061803717166,3.4375,6.892486572265625,0.4987314750593336,2.0833334922790527,0.3022615230966821,0.7167192697525024,1.4485082626342773,0.2846219539642334,0.3089625835418701,0.1041666716337204,0.896226167678833,6.602139364986215e-06,9.578748229954523e-07,1.4532818794250488,,1.0,48
177,0.07174166291952133,0.0852673128247261,1.0,,,,,,,,,,,,,64.4531021118164,0.8309600949287415,12.162863731384277,0.0002974758972413838,3.2083334922790527,6.334483623504639,0.5064869810870438,2.0416667461395264,0.32230989363373674,0.7143000364303589,2.6647210121154785,0.27900898456573486,0.46256792545318604,0.25,0.7930921912193298,7.792941687512212e-06,1.2302410327960169e-06,0.9512619972229004,,1.0,48
178,0.07073920220136642,0.08421944081783295,1.0000001192092896,,,,,,,,,,,,,60.30345153808594,0.6711328029632568,12.162124633789062,0.0002445478457957506,3.625,8.325501441955566,0.43540920879288636,2.3541667461395264,0.2827657600836234,0.7219605445861816,2.43032169342041,0.051118623465299606,0.30467066168785095,0.4791666865348816,0.9631692171096802,2.637124225657317e-06,3.16752599332967e-07,2.602512836456299,,1.0,48
179,0.0709836557507515,0.08112168312072754,0.9999999403953552,,,,,,,,,,,,,61.99835205078125,0.6503421068191528,12.164043426513672,0.00024297184427268803,3.25,7.014365196228027,0.4633348712887572,2.3958334922790527,0.3415609854690488,0.7108511924743652,3.1590518951416016,0.579261302947998,0.648199737071991,0.0625,0.7784287333488464,5.7977645155915525e-06,8.265558386443495e-07,0.9518957138061523,,1.0,48
180,0.07202941179275513,0.08162020891904831,1.0,,,,,,,,,,,,,70.35958099365234,0.6552982926368713,12.179973602294922,0.00021338931401260197,3.5625,4.628291130065918,0.7697225373659751,2.1458334922790527,0.4636340773170313,0.7286755442619324,2.7034029960632324,0.3390192687511444,0.35700851678848267,0.1041666716337204,0.41237539052963257,6.238788046175614e-06,1.3479679340325074e-06,0.46826526522636414,,1.0,48
181,0.07426803559064865,0.08695825934410095,1.0000001192092896,,,,,,,,,,,,,60.3306770324707,0.6429142951965332,12.165474891662598,0.00024569506058469415,3.7083334922790527,5.8752875328063965,0.6311748089367089,2.625,0.4467866433556952,0.7611097693443298,2.5566039085388184,0.27955538034439087,0.3619532585144043,0.2083333432674408,0.6256325244903564,8.746455023356248e-06,1.4886854404369129e-06,0.6757640242576599,,1.0,48
182,0.07407420873641968,0.087723009288311,0.9999999403953552,,,,,,,,,,,,,58.006351470947266,0.725112795829773,12.162391662597656,0.0002498753892723471,3.1041667461395264,4.778141021728516,0.6496599253824409,2.125,0.4447336288086229,0.7283677458763123,1.6331219673156738,0.2930584251880646,0.3009517192840576,0.0625,0.5376569628715515,6.8863460001011845e-06,1.4412186568737623e-06,0.6179553270339966,,1.0,48
183,0.07077739387750626,0.0871642455458641,0.9999998807907104,,,,,,,,,,,,,61.0109977722168,0.7161581516265869,12.162090301513672,0.000262345711234957,3.5625,5.581036567687988,0.6383222812482997,2.0625,0.36955500493322613,0.7137719988822937,2.415903329849243,0.3857007920742035,0.42664647102355957,0.1041666716337204,0.5777783989906311,7.231710242194822e-06,1.2957647099296821e-06,0.7439611554145813,,1.0,48
184,0.0718691498041153,0.0842638835310936,1.0,,,,,,,,,,,,,63.478538513183594,0.7311592102050781,12.170814514160156,0.00023777360911481082,4.520833492279053,4.41879940032959,1.0230909060300277,2.6875,0.6081968766714271,0.7506709098815918,2.002794027328491,0.3210611343383789,0.3210611343383789,0.0,0.2940141558647156,4.246794560458511e-06,9.610743023390037e-07,0.29212814569473267,,1.0,48
185,0.07036000490188599,0.08267770707607269,0.9999998807907104,,,,,,,,,,,,,65.07442474365234,0.7309963703155518,12.164444923400879,0.00023650159710086882,2.7083334922790527,9.7859525680542,0.2767572671824215,1.5833333730697632,0.16179655076405314,0.719667911529541,2.0344767570495605,0.20649254322052002,0.3172834515571594,0.2916666865348816,0.9898185729980469,5.51290486328071e-06,5.633488226423507e-07,3.8241543769836426,,1.0,48
186,0.07516783475875854,0.08926010131835938,0.9999999403953552,,,,,,,,,,,,,58.048484802246094,0.7403513193130493,12.163734436035156,0.00027480494463816285,3.0833334922790527,5.469623565673828,0.5637195045728906,2.3333334922790527,0.42659855106968647,0.7079954147338867,2.8299052715301514,0.3158794939517975,0.3206162750720978,0.0416666679084301,0.754589319229126,5.473330020322464e-06,1.000677641632437e-06,0.9768964052200317,,1.0,48
187,0.07266636192798615,0.10225065052509308,1.0000001192092896,,,,,,,,,,,,,60.08104705810547,0.5565154552459717,12.164692878723145,0.00022150788572616875,3.8125,5.722728729248047,0.6662031652580048,2.25,0.3931690811358717,0.745947003364563,3.2240524291992188,0.3032597303390503,0.3545088768005371,0.1875,0.6208266019821167,4.670593170885695e-06,8.161479223807138e-07,0.8247314691543579,,1.0,48
188,0.07305591553449631,0.08433600515127182,1.0,,,,,,,,,,,,,56.70420837402344,0.5535742044448853,12.162483215332031,0.00023020547814667225,3.1875,5.545804500579834,0.5747588098208559,2.0625,0.371902759295848,0.7204210162162781,2.683661937713623,0.31300532817840576,0.33493897318840027,0.0833333358168602,0.6145941019058228,6.99267638992751e-06,1.2608948578312582e-06,0.6996456384658813,,1.0,48
189,0.0726957693696022,0.08110715448856354,0.9999998807907104,,,,,,,,,,,,,57.27696990966797,0.632323145866394,12.162105560302734,0.0002526318421587348,3.1458334922790527,4.065106391906738,0.7738625219756854,2.1666667461395264,0.5329913984842441,0.7330318689346313,1.6080982685089111,0.3633078932762146,0.3646354079246521,0.02083333395421505,0.20207062363624573,3.96015047954279e-06,9.74181260713196e-07,0.24014824628829956,,1.0,48
190,0.07362350076436996,0.08055242896080017,1.0000001192092896,,,,,,,,,,,,,57.8111572265625,0.6859788298606873,12.160781860351562,0.00027089554350823164,3.3958334922790527,4.541614532470703,0.7477150384567138,2.3125,0.5091801557298095,0.7206867933273315,2.7721762657165527,0.3378981053829193,0.33920273184776306,0.02083333395421505,0.5636332631111145,5.161109584150836e-06,1.1364041434795826e-06,0.7007410526275635,,1.0,48
191,0.07051539421081543,0.08143257349729538,1.0000001192092896,,,,,,,,,,,,,60.69874572753906,0.5949658155441284,12.169469833374023,0.00022802635794505477,3.1041667461395264,5.691058158874512,0.5454463219365442,2.0208334922790527,0.3550892351322955,0.7075454592704773,2.032810926437378,0.42849481105804443,0.4786157011985779,0.1041666716337204,0.4027939736843109,6.346454028971493e-06,1.115162389954379e-06,0.5659523010253906,,1.0,48
192,0.07332014292478561,0.08923432976007462,1.0,,,,,,,,,,,,,69.74405670166016,0.8775104880332947,12.172601699829102,0.00025142604135908186,2.7291667461395264,5.320725917816162,0.5129312772664623,2.0416667461395264,0.3837195852291358,0.723296582698822,2.097775459289551,0.31039655208587646,0.37542638182640076,0.125,0.627640426158905,5.546900410990929e-06,1.042508200242443e-06,0.7732895612716675,,1.0,48
193,0.07244046032428741,0.08802305161952972,0.9999999403953552,,,,,,,,,,,,,65.42799377441406,0.7867891788482666,12.166677474975586,0.00028184312395751476,2.9791667461395264,5.444745063781738,0.5471636790646466,1.8541667461395264,0.34054243513951776,0.7164916396141052,2.6541805267333984,0.3107236921787262,0.3170815110206604,0.0416666679084301,0.6773560047149658,4.201766387268435e-06,7.71710397884621e-07,0.780677855014801,,1.0,48
194,0.07468705624341965,0.08600975573062897,0.9999998211860657,,,,,,,,,,,,,61.2695426940918,0.6261377930641174,12.165884017944336,0.00024218045291490853,3.7916667461395264,5.847348690032959,0.6484420445317643,2.25,0.38478977660205516,0.7452192306518555,2.590601921081543,0.5024324655532837,0.5460225343704224,0.0833333358168602,0.48560264706611633,6.341345851978986e-06,1.0844822461063837e-06,0.5361859798431396,,1.0,48
195,0.07011708617210388,0.07842777669429779,0.9999998211860657,,,,,,,,,,,,,57.50566101074219,0.7021468877792358,12.161211967468262,0.0002765099925454706,2.7916667461395264,5.607667446136475,0.4978302953903951,2.0208334922790527,0.36036970952470676,0.7131476402282715,2.973553419113159,0.5455021262168884,0.6152815818786621,0.0833333358168602,0.5480970740318298,5.056733243691269e-06,9.017534087471044e-07,0.5144724249839783,,1.0,48
196,0.07501906156539917,0.0927511528134346,0.9999998211860657,,,,,,,,,,,,,57.44888687133789,0.6008868217468262,12.162933349609375,0.00023837844491936266,2.7916667461395264,4.997485160827637,0.5586143131420631,2.0208334922790527,0.40437008279193776,0.7274249792098999,2.853787422180176,0.3914559781551361,0.41941210627555847,0.1458333432674408,0.36901092529296875,5.11369580635801e-06,1.0232538229845568e-06,0.448622465133667,,1.0,48
197,0.07123196870088577,0.08543122559785843,1.0000001192092896,,,,,,,,,,,,,57.367637634277344,0.6095250844955444,12.163154602050781,0.00023958820383995771,2.5833334922790527,4.332631587982178,0.596250438990054,1.6875,0.38948614989234576,0.70317542552948,1.9360569715499878,0.3252829611301422,0.3358488976955414,0.1041666716337204,0.31075507402420044,4.112445367354667e-06,9.49179563125086e-07,0.39580240845680237,,1.0,48
198,0.07074593752622604,0.08513349294662476,0.9999999403953552,,,,,,,,,,,,,67.8592300415039,0.6774812936782837,12.167215347290039,0.00022763136075809598,3.0208334922790527,4.230489730834961,0.7140623609414164,1.9583333730697632,0.4629093776464878,0.7053186893463135,2.035923957824707,0.33911916613578796,0.33911916613578796,0.0,0.27233657240867615,3.2378420655732043e-06,7.65358685146973e-07,0.3177485764026642,,1.0,48
199,0.0744168758392334,0.09057492762804031,1.0,,,,,,,,,,,,,58.03053665161133,0.9587266445159912,12.16122055053711,0.0003056759596802294,3.5625,4.642434120178223,0.7673776084063116,2.5625,0.551973367450154,0.735074520111084,1.9610984325408936,0.3544146418571472,0.35855960845947266,0.0416666679084301,0.33520057797431946,4.8991269068210386e-06,1.0552927127116742e-06,0.4407346844673157,,1.0,48
200,0.0710999146103859,0.08699829131364822,1.0,,,,,,,,,,,,,67.07534790039062,0.8638813495635986,12.171006202697754,0.00027145855710841715,3.4166667461395264,5.789041042327881,0.5901956326196065,2.6666667461395264,0.4606404967653857,0.7428784370422363,2.684931755065918,0.3790774345397949,0.4724152982234955,0.2083333432674408,0.7370079755783081,5.78325580136152e-06,9.990006547001364e-07,0.9709219336509705,,1.0,48
201,0.06864999979734421,0.07858126610517502,0.9999999403953552,,,,,,,,,,,,,56.69532775878906,0.6249032616615295,12.162483215332031,0.0002540131099522114,3.7291667461395264,4.845512390136719,0.7696124657599279,2.0416667461395264,0.42135208364793775,0.6973454356193542,2.331498146057129,0.31190118193626404,0.33962953090667725,0.0833333358168602,0.43587857484817505,6.062314241717104e-06,1.2511193329205086e-06,0.46351903676986694,,1.0,48
202,0.07285022735595703,0.0897892564535141,0.9999999403953552,,,,,,,,,,,,,83.25984191894531,0.994001030921936,12.18227767944336,0.0002403120743110776,3.2708334922790527,5.40384578704834,0.6052788356887664,1.9583333730697632,0.3623962353143818,0.720554530620575,2.3860933780670166,0.3621971607208252,0.4136068820953369,0.1041666716337204,0.5402524471282959,5.424639311968349e-06,1.0038479104883723e-06,0.6257402896881104,,1.0,48
203,0.07396820932626724,0.09029626846313477,1.0,,,,,,,,,,,,,60.03230667114258,0.6886049509048462,12.165107727050781,0.0002471820334903896,3.0,5.497541427612305,0.5456984788645743,1.7291667461395264,0.3145345543571817,0.7152047157287598,1.2253326177597046,0.2625401020050049,0.3059377670288086,0.1041666716337204,0.7559986710548401,5.229028829489835e-06,9.511576927305362e-07,1.1956933736801147,,1.0,48
204,0.07273279130458832,0.09125011414289474,1.0,,,,,,,,,,,,,56.775428771972656,0.6929547786712646,12.162364959716797,0.0002513545914553106,3.25,5.5090179443359375,0.5899418057699466,2.1666667461395264,0.393294551605922,0.7233232855796814,2.8431267738342285,0.2646850347518921,0.3412795662879944,0.1875,0.7384982705116272,5.132816113473382e-06,9.317116328207895e-07,0.9428763389587402,,1.0,48
205,0.07343704998493195,0.08149193227291107,0.9999998807907104,,,,,,,,,,,,,58.25901794433594,0.6658306121826172,12.160024642944336,0.00024596526054665446,2.8333334922790527,5.183326721191406,0.5466245211263773,1.9166667461395264,0.3697754059387596,0.7263857126235962,2.8426856994628906,0.3208155035972595,0.3636648654937744,0.1041666716337204,0.5139237642288208,8.09132143331226e-06,1.5610286314041486e-06,0.5878636837005615,,1.0,48
206,0.07178118079900742,0.08640526980161667,0.9999999403953552,,,,,,,,,,,,,64.07217407226562,0.9564329385757446,12.169551849365234,0.0002660474565345794,3.7291667461395264,4.515402793884277,0.8258768725863375,2.2291667461395264,0.49368059572048234,0.7091625928878784,2.6698215007781982,0.33500704169273376,0.34360235929489136,0.0833333358168602,0.2100261151790619,6.887501513119787e-06,1.525334906377558e-06,0.31754377484321594,,1.0,48
207,0.07281201332807541,0.08788841217756271,1.0,,,,,,,,,,,,,60.56879806518555,0.8544062972068787,12.160009384155273,0.0002766976540442556,2.8541667461395264,5.667986869812012,0.503559166007489,1.9791667461395264,0.3491833675883824,0.7330399751663208,2.934870481491089,0.49765127897262573,0.5012189149856567,0.02083333395421505,0.6818339228630066,4.452196662896313e-06,7.854987594897145e-07,0.8998216390609741,,1.0,48
208,0.07503103464841843,0.09053404629230499,1.0000001192092896,,,,,,,,,,,,,79.82992553710938,1.0618118047714233,12.169523239135742,0.00027804539422504604,2.9166667461395264,4.547534942626953,0.641373134351539,2.1458334922790527,0.4718673995104709,0.7223644256591797,3.020846366882324,0.44321030378341675,0.44868868589401245,0.0416666679084301,0.2511782944202423,5.941521067143185e-06,1.3065366465651847e-06,0.37775948643684387,,1.0,48
209,0.07119954377412796,0.08869137614965439,1.0000001192092896,,,,,,,,,,,,,60.45140838623047,0.6675134897232056,12.162995338439941,0.00024243583902716637,4.708333492279053,6.5919599533081055,0.7142539576220704,2.7916667461395264,0.4234957071460364,0.7546286582946777,3.3356728553771973,0.5348199605941772,0.5858972072601318,0.0833333358168602,0.6275699138641357,6.0427496464399155e-06,9.166848221279891e-07,0.7000776529312134,,1.0,48
210,0.07187773287296295,0.0846274122595787,0.9999999403953552,,,,,,,,,,,,,64.76956939697266,0.7793358564376831,12.163971900939941,0.0002647030050866306,3.2708334922790527,4.946659088134766,0.6612207203670826,2.0625,0.4169480772947758,0.7308840751647949,2.790390729904175,0.40577277541160583,0.4195668697357178,0.0625,0.35220491886138916,6.602636858588085e-06,1.334766905824931e-06,0.39821913838386536,,1.0,48
211,0.07386001199483871,0.08868322521448135,1.0,,,,,,,,,,,,,58.97740936279297,0.6212666034698486,12.159856796264648,0.0002476971421856433,3.1458334922790527,4.507885932922363,0.6978511728359476,2.0625,0.45753154053026607,0.720019519329071,2.9337565898895264,0.3440883755683899,0.3620331883430481,0.0625,0.28926417231559753,4.894062385574216e-06,1.0856668619263032e-06,0.34399715065956116,,1.0,48
212,0.0699625238776207,0.07939013838768005,1.0000001192092896,,,,,,,,,,,,,58.10871887207031,0.8012514710426331,12.162477493286133,0.0002890494361054152,2.9375,5.839323997497559,0.5030548050131003,2.1666667461395264,0.37104752936428526,0.7256183624267578,2.3849191665649414,0.35216420888900757,0.36975738406181335,0.0416666679084301,0.7273809909820557,5.332221007847693e-06,9.131572423453884e-07,0.9542762041091919,,1.0,48
213,0.06982770562171936,0.080075703561306,1.0000001192092896,,,,,,,,,,,,,74.13188934326172,0.8139286637306213,12.175580978393555,0.00024554081028327346,2.3541667461395264,5.334018230438232,0.4413495867509656,1.5416667461395264,0.28902539823577095,0.6900179386138916,2.391792058944702,0.3138788938522339,0.3184097707271576,0.02083333395421505,0.8081773519515991,2.5992146674980177e-06,4.8729017231191e-07,1.2142950296401978,,1.0,48
214,0.07067620009183884,0.07514635473489761,1.000000238418579,,,,,,,,,,,,,70.74358367919922,1.1764655113220215,12.167329788208008,0.0002857978397514671,3.9375,6.791358947753906,0.5797808692624667,2.6041667461395264,0.38345296756347536,0.7482940554618835,2.481212615966797,0.30009135603904724,0.3351791799068451,0.125,0.7717905044555664,6.553410457854625e-06,9.649630506383987e-07,0.9859418272972107,,1.0,48
215,0.07204209268093109,0.08280646800994873,0.9999999403953552,,,,,,,,,,,,,57.102962493896484,0.6167569756507874,12.162641525268555,0.000249665230512619,3.6458334922790527,4.5814056396484375,0.7957892775896896,2.1666667461395264,0.472926195982185,0.7232270240783691,2.470688581466675,0.44487303495407104,0.44487303495407104,0.0,0.24605806171894073,5.901303211430786e-06,1.2880988200387e-06,0.37119030952453613,,1.0,48
216,0.07542464882135391,0.09041794389486313,0.9999998211860657,,,,,,,,,,,,,62.81649398803711,0.8453456163406372,12.164323806762695,0.0002671030815690756,3.4166667461395264,5.108975887298584,0.6687576560981857,2.0625,0.40370125862025796,0.7487782835960388,2.1863009929656982,0.3137378990650177,0.31901639699935913,0.0416666679084301,0.4546622335910797,5.5605096349609084e-06,1.0883804791291101e-06,0.5282443165779114,,1.0,48
217,0.07153142243623734,0.08746714144945145,0.9999998807907104,,,,,,,,,,,,,56.18056869506836,0.7782619595527649,12.162496566772461,0.00027121533639729023,3.3333334922790527,7.374632835388184,0.4519999248997994,2.2916667461395264,0.31074994432741804,0.7237221598625183,2.237790822982788,0.4290071427822113,0.5549559593200684,0.1666666716337204,0.8757941722869873,7.49870014260523e-06,1.0168235219051799e-06,1.3540842533111572,,1.0,48
218,0.0737333670258522,0.08581863343715668,0.9999997615814209,,,,,,,,,,,,,56.906402587890625,0.7239993214607239,12.161842346191406,0.00026051176246255636,3.625,11.197349548339844,0.3237373256156035,2.3541667461395264,0.21024321281335107,0.7241472005844116,3.2632670402526855,0.24295580387115479,0.3742966055870056,0.3125,0.9866946935653687,7.4968484113924205e-06,6.695199048964876e-07,3.2181644439697266,,1.0,48
219,0.0751267597079277,0.08443234860897064,1.0,,,,,,,,,,,,,66.76824188232422,0.748622715473175,12.165682792663574,0.00024173122073989362,3.375,5.814661026000977,0.5804293627958665,2.0,0.3439581409160691,0.7200393676757812,3.1759982109069824,0.2755971848964691,0.35464033484458923,0.1666666716337204,0.8210413455963135,4.756635007652221e-06,8.18041667124175e-07,1.2469286918640137,,1.0,48
220,0.07395447045564651,0.08508389443159103,1.0000001192092896,,,,,,,,,,,,,82.29436492919922,1.2219792604446411,12.180963516235352,0.0002698382013477385,3.3333334922790527,5.132816314697266,0.6494160868839688,2.2708334922790527,0.4424147190602981,0.7099546194076538,2.4107723236083984,0.49479198455810547,0.5339738130569458,0.0625,0.30910319089889526,5.5499394875369035e-06,1.0812659437729325e-06,0.37373125553131104,,1.0,48
221,0.07068412750959396,0.07801950722932816,1.0,,,,,,,,,,,,,58.087894439697266,0.8675403594970703,12.162117004394531,0.0002809598227031529,3.125,4.858245372772217,0.6432363443562436,1.7083333730697632,0.3516358764272529,0.7097164988517761,2.571104049682617,0.30580639839172363,0.3108278512954712,0.0416666679084301,0.6164480447769165,5.046053502155701e-06,1.038657602608849e-06,0.6794427037239075,,1.0,48
222,0.07457344979047775,0.09385458379983902,1.0000001192092896,,,,,,,,,,,,,58.43478775024414,0.6587303280830383,12.16281509399414,0.00024460747954435647,2.5833334922790527,5.0714006423950195,0.5093925069909528,1.8333333730697632,0.3615043453930135,0.7104341387748718,3.519683361053467,0.30729466676712036,0.3564578890800476,0.1458333432674408,0.4741605818271637,6.035476872057188e-06,1.1901005828058318e-06,0.4645985960960388,,1.0,48
223,0.07276387512683868,0.0826081782579422,1.0000001192092896,,,,,,,,,,,,,66.71263122558594,0.8286968469619751,12.168703079223633,0.00024205600493587554,2.9166667461395264,5.572608947753906,0.5233933994383695,1.6666667461395264,0.29908194864821314,0.7037386894226074,1.683197021484375,0.2828664183616638,0.2903018891811371,0.1041666716337204,0.7807289958000183,4.883595465798862e-06,8.763571072044579e-07,1.1792097091674805,,1.0,48
224,0.07166023552417755,0.07838358730077744,0.9999998211860657,,,,,,,,,,,,,57.91249084472656,0.648979127407074,12.160926818847656,0.0002456015208736062,2.8958334922790527,5.394010066986084,0.5368609718832981,1.9791667461395264,0.36691936386692675,0.710554838180542,2.7862136363983154,0.3420027494430542,0.3989923596382141,0.1666666716337204,0.7922468185424805,6.645196663157549e-06,1.2319585184888213e-06,1.2817744016647339,,1.0,48
225,0.07012514024972916,0.08271026611328125,0.9999998807907104,,,,,,,,,,,,,58.99235534667969,0.6377973556518555,12.162303924560547,0.0002413673500996083,2.5833334922790527,5.131082057952881,0.5034675840430888,1.3541667461395264,0.26391445862798113,0.711174488067627,2.591482162475586,0.4126032292842865,0.4923705756664276,0.125,0.5446854829788208,5.161090484762099e-06,1.0058483603286412e-06,0.49640583992004395,,1.0,48
226,0.07627937942743301,0.09146208316087723,1.0,,,,,,,,,,,,,64.58961486816406,0.8156853318214417,12.158960342407227,0.00029850995633751154,3.625,4.294390678405762,0.8441244085655689,2.3958334922790527,0.5578983530183826,0.7158994078636169,2.3111560344696045,0.3996672034263611,0.43845099210739136,0.0833333358168602,0.3207605183124542,3.718665084306849e-06,8.659354386052278e-07,0.31341058015823364,,1.0,48
227,0.07245965301990509,0.08755314350128174,1.0,,,,,,,,,,,,,68.76290893554688,0.8447596430778503,12.175524711608887,0.00026015116600319743,3.2083334922790527,4.483979225158691,0.7155103366943909,2.2291667461395264,0.4971402919667255,0.7359513640403748,2.6899516582489014,0.3484646677970886,0.36792609095573425,0.0625,0.21812915802001953,4.181973963568453e-06,9.326479326170317e-07,0.2760218679904938,,1.0,48
228,0.07224813103675842,0.08079646527767181,0.9999999403953552,,,,,,,,,,,,,59.59779357910156,0.7823371887207031,12.164050102233887,0.0002573602832853794,2.8125,6.1109819412231445,0.46023699995334855,1.9166667461395264,0.3136430055657251,0.7126712799072266,2.44132399559021,0.2629101574420929,0.36214694380760193,0.2083333432674408,0.8674007058143616,5.119325123814633e-06,8.377254530738671e-07,1.4823237657546997,,1.0,48
229,0.07176075130701065,0.07814446836709976,1.0,,,,,,,,,,,,,61.136348724365234,0.8311305642127991,12.15995979309082,0.00025394558906555176,3.0208334922790527,4.275949478149414,0.7064708085657105,1.6875,0.39464918953715994,0.702269434928894,2.3596835136413574,0.3412889242172241,0.3412889242172241,0.0,0.29750892519950867,4.863634785579052e-06,1.1374397193087474e-06,0.30628934502601624,,1.0,48
230,0.07262863963842392,0.08207613974809647,1.0,,,,,,,,,,,,,58.98210525512695,0.6519526243209839,12.161831855773926,0.00025797306443564594,3.5,5.068620681762695,0.6905231645540274,2.2916667461395264,0.45212827818499907,0.7201425433158875,2.9482064247131348,0.33138948678970337,0.3317893147468567,0.02083333395421505,0.4799324572086334,7.357365575444419e-06,1.4515518171247839e-06,0.5014693140983582,,1.0,48
231,0.07319048047065735,0.08011344075202942,0.9999999403953552,,,,,,,,,,,,,60.99995422363281,0.8611804842948914,12.166072845458984,0.0002689555403776467,3.0416667461395264,5.943553924560547,0.5117589206102527,1.9791667461395264,0.33299382287608725,0.715699315071106,2.582935094833374,0.30677932500839233,0.4127017855644226,0.2291666716337204,0.8215420842170715,6.422501428460237e-06,1.0805826781708346e-06,1.2972825765609741,,1.0,48
232,0.07164987176656723,0.08608908206224442,0.9999998211860657,,,,,,,,,,,,,58.47072982788086,0.8341026902198792,12.158885955810547,0.00031555493478663266,2.6875,4.48085880279541,0.5997734167221813,1.7916667461395264,0.3998489622175318,0.7157946825027466,2.8882851600646973,0.3183295428752899,0.3255157470703125,0.0416666679084301,0.3269887864589691,6.059421139070764e-06,1.3522901283494266e-06,0.3606848418712616,,1.0,48
233,0.07181727141141891,0.0916295200586319,1.0,,,,,,,,,,,,,57.14040756225586,0.6552184224128723,12.16364860534668,0.0002528004697524011,3.5625,4.664750099182129,0.7637065044465187,2.6041667461395264,0.5582650056673916,0.709348201751709,2.2478408813476562,0.3174058198928833,0.3174058198928833,0.0,0.4625849425792694,4.509490281634498e-06,9.6671636766951e-07,0.4459170699119568,,1.0,48
234,0.07087147235870361,0.08094334602355957,1.0,,,,,,,,,,,,,59.91411590576172,0.7964383959770203,12.162729263305664,0.00025439716409891844,3.2291667461395264,8.226733207702637,0.39252114547617356,2.1875,0.2659014145849343,0.696076512336731,2.560560941696167,0.05284024402499199,0.3414953351020813,0.4375,0.9649093747138977,9.917212082655169e-06,1.2054860441219714e-06,2.623116970062256,,1.0,48
235,0.07154528051614761,0.0849510058760643,1.000000238418579,,,,,,,,,,,,,59.55891036987305,0.9138897657394409,12.162456512451172,0.0003063508775085211,3.1666667461395264,4.544647216796875,0.696790441173898,2.25,0.4950879326195421,0.7132095098495483,3.053342342376709,0.4345501661300659,0.45060276985168457,0.0625,0.2884169816970825,4.7913599701132625e-06,1.054286445350847e-06,0.2851862907409668,,1.0,48
236,0.07359576225280762,0.08985387533903122,1.0,,,,,,,,,,,,,66.6573715209961,0.7451938986778259,12.167412757873535,0.00023828903795219958,3.7291667461395264,5.5965375900268555,0.6663346184115035,2.3958334922790527,0.4280920925587199,0.7317919731140137,2.499472141265869,0.4574136734008789,0.5402144193649292,0.0833333358168602,0.5704736709594727,6.436244802898727e-06,1.1500404826848377e-06,0.6454555988311768,,1.0,48
237,0.07569452375173569,0.08529874682426453,1.0,,,,,,,,,,,,,62.48540496826172,0.6140618324279785,12.168479919433594,0.0002302020729985088,4.4166669845581055,5.505748748779297,0.8021918867103089,2.7083334922790527,0.4919101126727637,0.7547640800476074,2.4745121002197266,0.4281114935874939,0.4963303804397583,0.1041666716337204,0.3874785900115967,5.234847776591778e-06,9.50796704670632e-07,0.30448484420776367,,1.0,48
238,0.07524964958429337,0.08530988544225693,0.9999999403953552,,,,,,,,,,,,,61.2862548828125,0.8038493394851685,12.161785125732422,0.0002933797659352422,2.8958334922790527,5.7877702713012695,0.5003366325085004,1.8958333730697632,0.3275585036943659,0.7192054986953735,2.4165210723876953,0.29279300570487976,0.3141832947731018,0.1041666716337204,0.7392386794090271,3.652926807262702e-06,6.311457832153994e-07,0.9130523800849915,,1.0,48
239,0.07284113764762878,0.08735192567110062,1.0000001192092896,,,,,,,,,,,,,56.54146194458008,0.5957054495811462,12.161745071411133,0.00024209092953242362,3.4791667461395264,4.571126937866211,0.7611179443974077,2.2291667461395264,0.4876624017585193,0.7178249359130859,2.600080966949463,0.3191491961479187,0.3302192687988281,0.1041666716337204,0.30292457342147827,7.014054972387385e-06,1.534425766858548e-06,0.3032187819480896,,1.0,48
240,0.07527527213096619,0.08685771375894547,1.0000001192092896,,,,,,,,,,,,,61.90577697753906,0.8308091163635254,12.163694381713867,0.0002566755283623934,2.9375,5.100736141204834,0.5758972652028158,1.7291667461395264,0.33900337027452077,0.7237853407859802,2.6367859840393066,0.3060635030269623,0.3338298797607422,0.125,0.642360270023346,3.879796622641152e-06,7.606346432415865e-07,0.7626445293426514,,1.0,48
241,0.07118559628725052,0.08039485663175583,1.0,,,,,,,,,,,,,57.866676330566406,0.6369192600250244,12.161497116088867,0.00025195523630827665,3.8958334922790527,6.079479217529297,0.6408169756774251,2.6666667461395264,0.43863407478460303,0.7498266100883484,3.9089314937591553,0.2632046341896057,0.3337094187736511,0.1875,0.8768665194511414,4.308700226829387e-06,7.087285054480636e-07,1.6297380924224854,,1.0,48
242,0.07253866642713547,0.08388970792293549,1.0000001192092896,,,,,,,,,,,,,58.92421340942383,0.8897892236709595,12.163637161254883,0.00026025008992291987,3.7708334922790527,5.335868835449219,0.7066953108292886,2.375,0.44510089524137325,0.7371198534965515,2.627674102783203,0.3300043046474457,0.3520720899105072,0.0625,0.5687189102172852,4.531501872406807e-06,8.492528590299912e-07,0.5913462042808533,,1.0,48
243,0.07646965235471725,0.09873246401548386,1.0000003576278687,,,,,,,,,,,,,73.18683624267578,0.914954662322998,12.179604530334473,0.0002556897234171629,3.1875,4.678987979888916,0.6812370552965823,1.7708333730697632,0.3784650392128501,0.7211159467697144,2.64078950881958,0.3278801143169403,0.33629006147384644,0.02083333395421505,0.3678511679172516,5.023846824769862e-06,1.0737037230328804e-06,0.35600271821022034,,1.0,48
244,0.0725940465927124,0.08348345756530762,1.0000001192092896,,,,,,,,,,,,,59.428123474121094,0.7686593532562256,12.16401481628418,0.0002772844454739243,3.1458334922790527,6.639751434326172,0.4737878395986108,2.125,0.32004210064457517,0.7212108969688416,2.3481359481811523,0.2081519365310669,0.3315882384777069,0.2916666865348816,0.8336008787155151,7.504500899813138e-06,1.130238226948377e-06,1.1695061922073364,,1.0,48
245,0.07048193365335464,0.08776504546403885,1.0,,,,,,,,,,,,,82.32003021240234,1.1173170804977417,12.176915168762207,0.00026712348335422575,3.5625,5.7711286544799805,0.6172969287492062,2.5625,0.444020597872236,0.7504016160964966,2.216520071029663,0.45914730429649353,0.5199861526489258,0.1041666716337204,0.5176777839660645,5.0886628741864115e-06,8.817448319088786e-07,0.5272671580314636,,1.0,48
246,0.07544945925474167,0.09012111276388168,0.9999999403953552,,,,,,,,,,,,,57.06401443481445,0.6987992525100708,12.161741256713867,0.00025048793759196997,3.2083334922790527,5.62286376953125,0.5705870919296067,2.1041667461395264,0.3742162052367807,0.7283935546875,1.7823407649993896,0.34049901366233826,0.4165307283401489,0.1458333432674408,0.48362410068511963,7.086022378643975e-06,1.260215907139529e-06,0.4434255361557007,,1.0,48
247,0.0741976723074913,0.08890184760093689,0.9999998807907104,,,,,,,,,,,,,67.8680648803711,0.7644802331924438,12.171869277954102,0.00023825978860259056,3.625,6.165682792663574,0.5879316396934984,2.2708334922790527,0.3683020299549067,0.7357438802719116,2.5612285137176514,0.2124626636505127,0.26559188961982727,0.1666666716337204,0.7825664281845093,4.479419203562429e-06,7.265082144068976e-07,1.0274150371551514,,1.0,48
248,0.0716530978679657,0.0821593701839447,1.0,,,,,,,,,,,,,60.63909912109375,0.6524631381034851,12.164588928222656,0.00023821207287255675,4.8125,5.357082366943359,0.8983434753052861,2.5208334922790527,0.47056089768725723,0.7386788129806519,2.6558115482330322,0.3130452334880829,0.3176954984664917,0.0416666679084301,0.510037899017334,6.389852842403343e-06,1.1927859967031647e-06,0.6154292225837708,,1.0,48
249,0.0761033222079277,0.09204540401697159,0.9999999403953552,,,,,,,,,,,,,59.30638885498047,0.6878657341003418,12.164102554321289,0.0002579473366495222,3.8125,4.745011806488037,0.803475343676125,2.2083334922790527,0.4654010522387959,0.7378697395324707,2.279590129852295,0.4188699424266815,0.43160247802734375,0.0833333358168602,0.2716899514198303,3.5255957300250884e-06,7.430109484183572e-07,0.3255210816860199,,1.0,48
250,0.07278158515691757,0.09578029811382294,1.0,,,,,,,,,,,,,67.6778335571289,0.7984967231750488,12.177335739135742,0.00024195719743147492,3.0,4.510589122772217,0.6651015891035489,1.8125,0.40183221008339415,0.7104916572570801,3.335388660430908,0.5006465911865234,0.5112038850784302,0.0416666679084301,0.15716968476772308,5.10347217641538e-06,1.1314424848265388e-06,0.24181458353996277,,1.0,48
251,0.06867951154708862,0.07770922780036926,1.0000001192092896,,,,,,,,,,,,,59.582340240478516,0.7098545432090759,12.162752151489258,0.00026585900923237205,2.875,4.7144083976745605,0.6098326134239458,2.1458334922790527,0.45516495532840595,0.711418628692627,1.912899374961853,0.3474811911582947,0.3566572070121765,0.02083333395421505,0.42370086908340454,9.49594505073037e-06,2.014238952075508e-06,0.4957005977630615,,1.0,48
252,0.073042131960392,0.08488409221172333,0.9999998807907104,,,,,,,,,,,,,57.863746643066406,0.6987314820289612,12.163335800170898,0.00026136552332900465,3.6458334922790527,4.692075729370117,0.7770193182705282,2.0833334922790527,0.4440110535297386,0.6974875330924988,3.173569440841675,0.3356003761291504,0.3370489478111267,0.02083333395421505,0.3054197132587433,5.319450337992748e-06,1.133709392915054e-06,0.3233282268047333,,1.0,48
253,0.0693441778421402,0.08595965057611465,1.0,,,,,,,,,,,,,58.30855178833008,0.8461074233055115,12.164034843444824,0.0002576723927631974,3.6666667461395264,6.102519989013672,0.6008446914933759,2.5625,0.4199084968855764,0.7194393873214722,2.0014686584472656,0.2089681625366211,0.27499303221702576,0.1458333432674408,0.8446293473243713,9.396617315360345e-06,1.5397929571519776e-06,1.4163472652435303,,1.0,48
254,0.0737830400466919,0.08506380766630173,1.0,,,,,,,,,,,,,65.61832427978516,0.8913350105285645,12.17022705078125,0.0002621416933834553,2.875,5.723278045654297,0.5023344964272095,2.0416667461395264,0.356730308450149,0.7158554792404175,2.4592220783233643,0.4261777102947235,0.518496036529541,0.1458333432674408,0.7235602736473083,5.4280335461953655e-06,9.484133906149736e-07,0.8224547505378723,,1.0,48
255,0.0747954398393631,0.08634073287248611,0.9999998807907104,,,,,,,,,,,,,65.56351470947266,0.6828122735023499,12.16612720489502,0.00023809789854567498,3.3125,4.892951965332031,0.6769941778909891,2.1041667461395264,0.43004034307872796,0.7139827609062195,2.3055224418640137,0.37429189682006836,0.4340798258781433,0.125,0.48738986253738403,3.949291112803621e-06,8.071387442006574e-07,0.559088945388794,,1.0,48
256,0.06982415169477463,0.07962221652269363,0.9999999403953552,,,,,,,,,,,,,56.8675537109375,0.693236768245697,12.160591125488281,0.0002455546346027404,3.7291667461395264,5.427896499633789,0.687037186416645,2.5833334922790527,0.47593639408820376,0.7368862628936768,2.224790573120117,0.3290139436721802,0.33611854910850525,0.0625,0.3373354971408844,5.977020009595435e-06,1.1011669067357908e-06,0.43428006768226624,,1.0,48
257,0.06888115406036377,0.07868222892284393,1.0000001192092896,,,,,,,,,,,,,69.05201721191406,0.7857997417449951,12.162370681762695,0.00024521688465029,3.5625,5.122671127319336,0.6954379667370636,2.1458334922790527,0.418889566547884,0.7279989123344421,2.426934003829956,0.31136059761047363,0.31136059761047363,0.0,0.7192490696907043,5.774390501755988e-06,1.1272225655261745e-06,0.9691917896270752,,1.0,48
258,0.07229206711053848,0.09542035311460495,0.9999999403953552,,,,,,,,,,,,,93.40583038330078,1.2050230503082275,12.187969207763672,0.0002859459491446614,3.875,4.385644912719727,0.8835644627602333,2.6041667461395264,0.5937933398686027,0.7242886424064636,2.4825823307037354,0.3149302005767822,0.31556642055511475,0.02083333395421505,0.21908767521381378,5.917039288760861e-06,1.3491833910464989e-06,0.35374122858047485,,1.0,48
259,0.07702144235372543,0.08817525207996368,0.9999998807907104,,,,,,,,,,,,,58.479515075683594,0.8618090748786926,12.15776252746582,0.0002943938015960157,2.8125,5.075572490692139,0.5541246824109929,1.9791667461395264,0.3899396069841647,0.6929742693901062,1.8627718687057495,0.2842337489128113,0.2977414131164551,0.0833333358168602,0.5600503087043762,4.379746314953081e-06,8.62906857178344e-07,0.6440231800079346,,1.0,48
260,0.07523379474878311,0.08953603357076645,1.0000001192092896,,,,,,,,,,,,,58.81488037109375,0.6372805237770081,12.164291381835938,0.00024298677453771234,3.4166667461395264,4.896404266357422,0.6977909815652078,2.0416667461395264,0.416972666247727,0.7148423194885254,2.800523281097412,0.32622942328453064,0.4169287085533142,0.1875,0.5938224792480469,4.2332590055593755e-06,8.645648452681731e-07,0.5831962823867798,,1.0,48
261,0.07339228689670563,0.08276305347681046,1.0,,,,,,,,,,,,,65.40049743652344,0.8142321705818176,12.169145584106445,0.00025917982566170394,3.6458334922790527,5.444683074951172,0.6696135358834662,2.5625,0.47064263613113133,0.7320809364318848,3.316964864730835,0.3256438970565796,0.32894766330718994,0.02083333395421505,0.6416312456130981,4.978283413947793e-06,9.143385090139619e-07,0.6665734648704529,,1.0,48
262,0.07315069437026978,0.08087526261806488,1.0,,,,,,,,,,,,,68.14180755615234,0.8533713817596436,12.162426948547363,0.00027873931685462594,3.125,5.5720438957214355,0.5608354946362171,1.6875,0.3028511671035572,0.7163750529289246,2.2082982063293457,0.4519965648651123,0.49924835562705994,0.1041666716337204,0.45098796486854553,5.3106778068467975e-06,9.530933166900813e-07,0.5257960557937622,,1.0,48
263,0.07233602553606033,0.0898924320936203,1.0,,,,,,,,,,,,,57.36697769165039,0.6099826097488403,12.161653518676758,0.00023697259894106537,2.9791667461395264,5.292782306671143,0.5628734695465903,1.8541667461395264,0.3503198573459736,0.7395299673080444,2.241673231124878,0.33164870738983154,0.35303783416748047,0.0625,0.389839768409729,5.0819821808545385e-06,9.601721508264891e-07,0.4851154088973999,,1.0,48
264,0.07208416610956192,0.07885926961898804,1.0000001192092896,,,,,,,,,,,,,62.82466506958008,0.9044576287269592,12.163841247558594,0.00029133723000995815,2.6041667461395264,6.449655532836914,0.4037683452772534,1.7083333730697632,0.2648720325796413,0.7160961627960205,1.7820110321044922,0.5488826632499695,0.6128232479095459,0.0416666679084301,0.6878705024719238,5.170300028112251e-06,8.016397145200205e-07,0.7072032690048218,,1.0,48
265,0.07320583611726761,0.08660370111465454,1.0,,,,,,,,,,,,,58.404022216796875,0.6834539175033569,12.161447525024414,0.00026227254420518875,3.2708334922790527,4.524345397949219,0.7229407123806769,2.1666667461395264,0.4788906572722586,0.7277731895446777,2.4818575382232666,0.384125679731369,0.3875208795070648,0.02083333395421505,0.21076326072216034,6.821755050623324e-06,1.5077882954377411e-06,0.288887083530426,,1.0,48
266,0.07424475997686386,0.08473584055900574,0.9999998807907104,,,,,,,,,,,,,62.62419128417969,0.7014968395233154,12.163982391357422,0.00025257840752601624,3.1041667461395264,4.7837419509887695,0.6488992866784802,2.0208334922790527,0.4224378130674421,0.7228869199752808,2.6809241771698,0.41344738006591797,0.41701740026474,0.02083333395421505,0.444656640291214,5.663921911036596e-06,1.1839940275260789e-06,0.5301179885864258,,1.0,48
267,0.07316487282514572,0.08289692550897598,1.0000001192092896,,,,,,,,,,,,,57.70623779296875,0.6989033222198486,12.163089752197266,0.0002550825010985136,3.2291667461395264,5.838988780975342,0.5530352706157753,2.1458334922790527,0.3675008754248034,0.735410213470459,2.917340040206909,0.30964329838752747,0.3471931219100952,0.1458333432674408,0.8132525682449341,4.890797299594851e-06,8.376103251223908e-07,1.3685553073883057,,1.0,48
268,0.07143185287714005,0.07939893007278442,1.0,,,,,,,,,,,,,61.08261489868164,0.6747437715530396,12.165694236755371,0.00023181221331469715,3.7083334922790527,4.846277236938477,0.7651921884208558,2.3958334922790527,0.4943657513182031,0.7340855598449707,2.9438772201538086,0.331081748008728,0.331081748008728,0.0,0.4310826361179352,5.701887403120054e-06,1.1765499810647625e-06,0.42023229598999023,,1.0,48
269,0.07223855704069138,0.08583512157201767,1.0,,,,,,,,,,,,,59.19923782348633,0.7745447158813477,12.16295051574707,0.0002502249553799629,4.375,4.909835338592529,0.8910685775347137,2.5208334922790527,0.5134252603810194,0.7319769263267517,2.614513397216797,0.3553711175918579,0.385675847530365,0.1041666716337204,0.3604869842529297,4.912141776003409e-06,1.0004697565696457e-06,0.38058021664619446,,1.0,48
270,0.0721716657280922,0.08257672190666199,0.9999997615814209,,,,,,,,,,,,,57.05229187011719,0.6329036355018616,12.16146183013916,0.0002489908365532756,4.208333492279053,5.0301947593688965,0.8366144225479053,2.1666667461395264,0.43073217747617415,0.7474387884140015,1.8574085235595703,0.34483712911605835,0.392805278301239,0.1041666716337204,0.42032429575920105,1.0801999451359734e-05,2.147431649592961e-06,0.5318682193756104,,1.0,48
271,0.07340347766876221,0.08521389961242676,1.0000001192092896,,,,,,,,,,,,,59.157894134521484,0.5995897054672241,12.162440299987793,0.00023320766922552139,3.0833334922790527,5.5894598960876465,0.5516335288353894,1.6458333730697632,0.29445302421388464,0.7076131701469421,1.9436252117156982,0.3630978465080261,0.3847799301147461,0.0833333358168602,0.8196343779563904,4.566244570014533e-06,8.169384245947091e-07,1.1803213357925415,,1.0,48
272,0.07235363870859146,0.08602685481309891,0.9999998211860657,,,,,,,,,,,,,68.53439331054688,0.9336624145507812,12.165501594543457,0.0002844600530806929,3.2291667461395264,5.4740400314331055,0.5899055764477253,1.8125,0.33110828314757573,0.7220678329467773,2.795259475708008,0.26904529333114624,0.28714045882225037,0.0833333358168602,0.7524634599685669,1.4272067346610129e-05,2.6072274295738797e-06,1.0583890676498413,,1.0,48
273,0.07289856672286987,0.08038546144962311,0.9999998211860657,,,,,,,,,,,,,62.43219757080078,0.7729562520980835,12.164387702941895,0.0002535096718929708,3.5833334922790527,4.754032135009766,0.7537461638833096,2.25,0.47328245400313296,0.7233006954193115,1.9158926010131836,0.324817955493927,0.3270215094089508,0.02083333395421505,0.20584575831890106,4.7669236664660275e-06,1.002711702626957e-06,0.40868547558784485,,1.0,48
274,0.07062234729528427,0.0842665508389473,1.0000001192092896,,,,,,,,,,,,,58.959251403808594,0.738487958908081,12.164176940917969,0.00024908524937927723,3.0625,4.594022274017334,0.6666271538678598,2.1458334922790527,0.4670925301656539,0.7217625379562378,3.1062374114990234,0.3418121337890625,0.34203657507896423,0.02083333395421505,0.2904570400714874,5.401252110459609e-06,1.1757130846427625e-06,0.29913851618766785,,1.0,48
275,0.0726511999964714,0.08456512540578842,1.0000001192092896,,,,,,,,,,,,,58.14052963256836,0.7442901134490967,12.162468910217285,0.0002577376726549119,3.1666667461395264,4.918766021728516,0.6437929199545034,2.1666667461395264,0.4404898977026831,0.7167478799819946,2.500403881072998,0.33159589767456055,0.3556520938873291,0.125,0.47567203640937805,5.964202046015998e-06,1.2125403012755424e-06,0.533532440662384,,1.0,48
276,0.07443460822105408,0.0877452865242958,1.0,,,,,,,,,,,,,58.274871826171875,0.6321804523468018,12.164042472839355,0.00024508178466930985,3.1458334922790527,4.85219669342041,0.6483318143432834,2.25,0.46370749941236517,0.7298225164413452,2.6161656379699707,0.4335819184780121,0.4639539122581482,0.0833333358168602,0.3261018395423889,4.6949280658736825e-06,9.675881570432078e-07,0.3797104060649872,,1.0,48
277,0.07193591445684433,0.07939226925373077,1.0,,,,,,,,,,,,,65.3599624633789,0.7577947974205017,12.164562225341797,0.0002443582925479859,4.083333492279053,5.496663570404053,0.7428749154007516,2.7083334922790527,0.49272316791124526,0.7145420908927917,2.0499274730682373,0.43405812978744507,0.5226185321807861,0.1666666716337204,0.5494769811630249,4.4619787331612315e-06,8.117612926263967e-07,0.6947559118270874,,1.0,48
278,0.07095745950937271,0.08094903826713562,1.0,,,,,,,,,,,,,57.78076171875,0.8028554916381836,12.162824630737305,0.0002998478594236076,3.0208334922790527,4.3673601150512695,0.6916840850726937,2.0,0.4579425425734777,0.7191983461380005,3.059314489364624,0.35144421458244324,0.3687669634819031,0.0833333358168602,0.21394911408424377,6.534944077429827e-06,1.4963144531968524e-06,0.296005517244339,,1.0,48
279,0.0720658227801323,0.07848972082138062,0.9999998807907104,,,,,,,,,,,,,58.47312927246094,0.696544349193573,12.16283130645752,0.0002519256086088717,2.8958334922790527,4.514370918273926,0.6414699940011969,1.9791667461395264,0.43841473764236355,0.699028491973877,2.665879249572754,0.4034607410430908,0.442757785320282,0.0625,0.45351943373680115,3.784894033742603e-06,8.384100672892117e-07,0.4767729341983795,,1.0,48
280,0.07315466552972794,0.08244706690311432,1.0000001192092896,,,,,,,,,,,,,78.33055877685547,0.8289903402328491,12.167156219482422,0.0002475699584465474,3.8125,5.079381465911865,0.7505835145637627,2.3333334922790527,0.4593735484023999,0.7303786277770996,2.4659438133239746,0.37093186378479004,0.40079784393310547,0.0625,0.49854323267936707,6.762477823940571e-06,1.3313585238695923e-06,0.5738019943237305,,1.0,48
281,0.07577121257781982,0.0895216166973114,1.0000001192092896,,,,,,,,,,,,,70.11254119873047,0.8841688632965088,12.16716480255127,0.00023997480457182974,3.2083334922790527,4.61500883102417,0.6951955246020839,2.2916667461395264,0.49656822447840776,0.7178235054016113,2.4752845764160156,0.36302655935287476,0.37318500876426697,0.02083333395421505,0.265095978975296,5.498113750945777e-06,1.191354976846724e-06,0.30702757835388184,,1.0,48
282,0.07064379751682281,0.08038104325532913,0.9999999403953552,,,,,,,,,,,,,67.50446319580078,0.6965582966804504,12.160612106323242,0.00024079976719804108,3.6666667461395264,4.664674282073975,0.7860498968534154,2.4583334922790527,0.527010748951144,0.7122797966003418,2.6091508865356445,0.3643752336502075,0.4490833282470703,0.1041666716337204,0.46180880069732666,4.786240424436983e-06,1.026061011927364e-06,0.4971294105052948,,1.0,48
283,0.07669838517904282,0.08672524243593216,0.9999999403953552,,,,,,,,,,,,,60.37211227416992,0.875615119934082,12.160665512084961,0.000263730064034462,4.458333492279053,4.819831848144531,0.924997722637436,2.8333334922790527,0.5878490320136994,0.7328879833221436,2.9670073986053467,0.3541121482849121,0.37125688791275024,0.0416666679084301,0.5125776529312134,6.181597200338729e-06,1.2825337858815744e-06,0.5759138464927673,,1.0,48
284,0.07084091752767563,0.0828031674027443,0.9999999403953552,,,,,,,,,,,,,72.10221862792969,1.0419996976852417,12.165189743041992,0.00026537341182120144,3.2083334922790527,5.1278581619262695,0.6256673614422235,2.0208334922790527,0.3940891936798499,0.7161898016929626,2.572793960571289,0.39666908979415894,0.4107564091682434,0.1041666716337204,0.3834398686885834,4.9155091801367234e-06,9.585891448885808e-07,0.4887518584728241,,1.0,48
285,0.06886323541402817,0.07817063480615616,1.0,,,,,,,,,,,,,61.197242736816406,0.7920963764190674,12.162642478942871,0.00026876607444137335,3.2708334922790527,5.288032531738281,0.6185350537203511,1.9583333730697632,0.3703330790067378,0.7328212261199951,2.9758810997009277,0.3487452268600464,0.3487452268600464,0.0,0.5625317096710205,4.431923571246443e-06,8.381044436215935e-07,0.7818060517311096,,1.0,48
286,0.07394694536924362,0.10085777193307877,1.0,,,,,,,,,,,,,63.33641052246094,0.6166353225708008,12.16349983215332,0.0002231003309134394,2.5416667461395264,5.5219268798828125,0.46028620023860295,1.6041667461395264,0.2905085087378928,0.7005712389945984,2.8623061180114746,0.33365964889526367,0.4336525797843933,0.1458333432674408,0.7138688564300537,4.048909886478214e-06,7.332422118620517e-07,0.747440755367279,,1.0,48
287,0.07229241728782654,0.08729234337806702,1.0,,,,,,,,,,,,,75.2580337524414,0.9605684876441956,12.182537078857422,0.0002476344525348395,3.2708334922790527,4.636899948120117,0.7053922926569043,2.3125,0.4987168196178917,0.7162652015686035,2.024634599685669,0.3179187774658203,0.33548733592033386,0.0625,0.47571998834609985,3.533548351697391e-06,7.6204972796738e-07,0.4960446357727051,,1.0,48
288,0.07382208853960037,0.09765786677598953,1.0,,,,,,,,,,,,,58.465755462646484,0.7934764623641968,12.160318374633789,0.0002904127468355,3.875,5.394082546234131,0.7183798096529921,2.3333334922790527,0.4325728180749361,0.7325533628463745,1.906270980834961,0.44402989745140076,0.4984317719936371,0.1041666716337204,0.4166352152824402,6.7470609792508185e-06,1.250826421159054e-06,0.4270749092102051,,1.0,48
289,0.07263944298028946,0.08340831845998764,0.9999999403953552,,,,,,,,,,,,,59.92209243774414,0.8507877588272095,12.164287567138672,0.0002587162016425282,3.6041667461395264,4.991676330566406,0.7220353444892145,1.9583333730697632,0.3923197818646132,0.7494217753410339,2.516554832458496,0.37904173135757446,0.37904173135757446,0.0,0.2798197865486145,5.977216915198369e-06,1.1974367942533978e-06,0.37592968344688416,,1.0,48
290,0.07421276718378067,0.08715739846229553,0.9999998807907104,,,,,,,,,,,,,59.04351043701172,0.7972014546394348,12.159463882446289,0.00030706817051395774,3.7291667461395264,5.305337429046631,0.7029084933775028,2.2291667461395264,0.42017435681529575,0.7414462566375732,3.502113103866577,0.469727486371994,0.527490496635437,0.0833333358168602,0.37470027804374695,5.353210781322559e-06,1.0090236187284878e-06,0.3643406629562378,,1.0,48
291,0.07597493380308151,0.08879508078098297,0.9999999403953552,,,,,,,,,,,,,59.71687698364258,0.7537266612052917,12.164569854736328,0.0002463242271915078,3.875,5.517729759216309,0.7022815835633741,2.5833334922790527,0.46818775118194444,0.7412105798721313,3.151662826538086,0.4685278534889221,0.4864329993724823,0.0625,0.3294866383075714,6.16030865785433e-06,1.1164571147037684e-06,0.40650123357772827,,1.0,48
292,0.07427782565355301,0.08984566479921341,1.0000001192092896,,,,,,,,,,,,,58.49708557128906,0.5756317377090454,12.164194107055664,0.00022712649661116302,3.0416667461395264,5.175737380981445,0.5876779512499093,1.7083333730697632,0.33006569770067523,0.7121785879135132,2.5337071418762207,0.4188084602355957,0.48276418447494507,0.125,0.32711678743362427,5.4101219575386494e-06,1.0452852509413658e-06,0.261808305978775,,1.0,48
293,0.07690667361021042,0.10425250232219696,0.9999998807907104,,,,,,,,,,,,,77.65855407714844,0.7143690586090088,12.176322937011719,0.00020985443552490324,3.6458334922790527,4.497025489807129,0.8107211071930585,2.3541667461395264,0.5234941954944425,0.7304610013961792,2.2544102668762207,0.3456401824951172,0.36304908990859985,0.0625,0.3453221023082733,4.598537088895682e-06,1.0225730516967063e-06,0.44593366980552673,,1.0,48
294,0.07130440324544907,0.08042300492525101,0.9999999403953552,,,,,,,,,,,,,62.55375289916992,0.7985881567001343,12.158206939697266,0.00029056266066618264,3.2291667461395264,5.833271026611328,0.5535773540904108,2.0833334922790527,0.3571466985167392,0.7280284762382507,3.0580692291259766,0.3640620708465576,0.3678298592567444,0.0416666679084301,0.6799047589302063,4.510282451519743e-06,7.731995347399222e-07,0.736764669418335,,1.0,48
295,0.06967683881521225,0.07798566669225693,0.9999999403953552,,,,,,,,,,,,,67.0648193359375,0.7864799499511719,12.161205291748047,0.00024925285833887756,3.2916667461395264,4.977383613586426,0.6613247029104288,2.25,0.4520447227209654,0.723469614982605,2.1372785568237305,0.3503495156764984,0.3503495156764984,0.0,0.4466215670108795,5.302913450577762e-06,1.0654017957243121e-06,0.4364123046398163,,1.0,48
296,0.07264111191034317,0.08427980542182922,1.0000001192092896,,,,,,,,,,,,,59.314476013183594,0.8693026304244995,12.161307334899902,0.00030777128995396197,3.0625,5.406838893890381,0.5664122890357323,2.0208334922790527,0.37375507726427787,0.723806619644165,1.517754316329956,0.34298205375671387,0.34298205375671387,0.0,0.6669862270355225,5.9297317420714535e-06,1.0967095279655614e-06,0.7987432479858398,,1.0,48
297,0.07160943001508713,0.08761131018400192,0.9999998807907104,,,,,,,,,,,,,61.318115234375,0.7290716171264648,12.158622741699219,0.0002558223786763847,3.2083334922790527,4.914480686187744,0.6528326573279284,2.1875,0.4451131533992768,0.7018146514892578,2.1460721492767334,0.4207956790924072,0.4781850278377533,0.1041666716337204,0.38169246912002563,5.386321390687954e-06,1.096010285454214e-06,0.3832683861255646,,1.0,48
298,0.07404401153326035,0.09094616025686264,1.0,,,,,,,,,,,,,56.89973831176758,0.6564311981201172,12.162337303161621,0.00025977648328989744,3.1458334922790527,4.5175886154174805,0.6963523581097071,2.1041667461395264,0.4657721011383757,0.7080926895141602,3.0931363105773926,0.3519996106624603,0.35310110449790955,0.02083333395421505,0.33554887771606445,4.49860544904368e-06,9.957979404616448e-07,0.3313520848751068,,1.0,48
299,0.07392966002225876,0.08238758891820908,1.0,,,,,,,,,,,,,56.92512893676758,0.7708641886711121,12.16040325164795,0.0003049583174288273,3.5,5.139787673950195,0.6809619803808836,2.0625,0.40128116701016353,0.7181941866874695,1.9641644954681396,0.3607749342918396,0.4035149812698364,0.125,0.49115994572639465,4.409561825013952e-06,8.579268437066984e-07,0.4845850467681885,,1.0,48
