feature,crowding,crowd_max,dec_norm,enc_norm,enc_dec_cos,frequency,act_mag,act_mean_firing,act_std,act_max,act_kurtosis,bin_entropy,act_entropy,coact_entropy,coact_count,logit_l2,logit_linf,logit_entropy,logit_top10_mass,collateral_raw,effect_l2,collateral_ctilde,collateral_raw_nodense,collateral_ctilde_nodense,resid_delta_norm,resid_sae_frac,stab_signed,stab_abs,stab_anti_frac,effect_pc1_ratio,kl_mean,kl_per_effect,effect_cv,ctx_mean_act,intervention_value,n_ctx
126,0.3971406817436218,0.4564843773841858,0.9999999403953552,1.4469830989837646,0.5252593159675598,0.009765625,0.005864354781806469,0.6005099415779114,0.09392973780632019,3.054150104522705,642.8326416015625,0.05492175742983818,0.3156740665435791,6.554227352142334,73.30000305175781,169.51275634765625,8.603974342346191,10.203840255737305,0.0050710709765553474,66.3125,129.37962341308594,0.5125420699606664,53.145835876464844,0.4107743898950144,7.251535415649414,0.9517824649810791,0.7625335454940796,0.7625335454940796,0.0,0.4079248011112213,0.192733496427536,0.0014896742727197139,0.44801419973373413,0.2462475746870041,4.0,48
223,0.5500428080558777,0.7056220769882202,1.0,0.7507638335227966,0.6549824476242065,0.00927734375,0.0028523108921945095,0.3074491024017334,0.03808970749378204,0.913124144077301,342.4960632324219,0.05265381559729576,0.3451736867427826,6.69476842880249,71.2631607055664,77.00659942626953,2.29451322555542,10.528626441955566,0.0012210661079734564,64.75,162.8427734375,0.39762280283733437,55.8125,0.34273857426036636,5.397154808044434,0.7308154106140137,0.8994278907775879,0.8994278907775879,0.0,0.42802050709724426,0.09616288542747498,0.0005905259618934062,0.30204156041145325,0.11900054663419724,4.0,48
284,0.3058057725429535,0.42315077781677246,1.0,0.7764350771903992,0.7006055116653442,0.02490234375,0.003333969507366419,0.13388176262378693,0.02642257697880268,0.3880637288093567,106.62073516845703,0.11654888093471527,0.476826012134552,7.183524131774902,79.66666412353516,97.29232025146484,3.1106767654418945,10.463662147521973,0.001798134413547814,65.77083587646484,156.94284057617188,0.41907509530740494,54.4375,0.3468619517569535,6.205312252044678,0.8608829975128174,0.8730508685112,0.8730508685112,0.0,0.38086873292922974,0.12855231761932373,0.0008191027837854132,0.27076494693756104,0.08745425194501877,4.0,48
486,0.39887735247612,0.5394905805587769,1.0,1.1521222591400146,0.664055585861206,0.02001953125,0.003707065712660551,0.1851724535226822,0.03404298797249794,0.7285072207450867,176.24208068847656,0.09811511635780334,0.4424766004085541,7.103082656860352,69.65853881835938,81.36784362792969,1.901536226272583,10.50585651397705,0.0012961442116647959,67.77083587646484,121.74556732177734,0.556659575882363,51.375,0.4219866162354347,6.92657470703125,0.8673826456069946,0.8215818405151367,0.8215818405151367,0.0,0.5203388333320618,0.06946022808551788,0.0005705359924622715,0.48648184537887573,0.11446162313222885,4.0,48
506,0.5356070399284363,0.667957067489624,1.0,1.887632966041565,0.4374640882015228,0.00537109375,0.001227706205099821,0.22857657074928284,0.02719808928668499,1.0275568962097168,1081.100830078125,0.03342986851930618,0.23172138631343842,6.064304828643799,64.54545593261719,99.90543365478516,4.452057361602783,10.374926567077637,0.0031037195585668087,61.375,119.21188354492188,0.5148396130468322,50.3125,0.4220426563163951,4.813325881958008,0.8380289077758789,0.7991334199905396,0.7991334199905396,0.0,0.30977240204811096,0.10636429488658905,0.0008922289600229844,0.23696549236774445,0.052382126450538635,4.0,48
507,0.38641127943992615,0.5125128030776978,0.9999999403953552,1.1743422746658325,0.5903093814849854,0.013671875,0.005005348939448595,0.3661055266857147,0.06584049761295319,1.9712475538253784,492.6988525390625,0.07226333767175674,0.36838147044181824,6.630892753601074,56.75,82.10780334472656,1.7331788539886475,10.52508544921875,0.0011053907219320536,45.770835876464844,174.48092651367188,0.26232572687682915,37.41666793823242,0.21444560550952882,6.211528778076172,0.7400352358818054,0.7972021102905273,0.7972021102905273,0.0,0.42542070150375366,0.11623798310756683,0.0006661930643278467,0.3432033956050873,0.19378481805324554,4.0,48
516,0.4385647475719452,0.5362486243247986,1.0,0.5958173274993896,0.7502241134643555,0.0302734375,0.003907819278538227,0.12908409535884857,0.028762327507138252,0.4344422221183777,103.82534790039062,0.13569138944149017,0.49854764342308044,7.308859825134277,70.48387145996094,76.70452880859375,2.3837056159973145,10.4574613571167,0.001972125843167305,51.10416793823242,90.25132751464844,0.5662428391900987,41.41666793823242,0.45890369786440166,5.0585222244262695,0.8540904521942139,0.8163672685623169,0.8163672685623169,0.0,0.486005038022995,0.0564572736620903,0.0006255561575719906,0.3954108655452728,0.09231986850500107,4.0,48
668,0.4167118966579437,0.49322062730789185,0.9999999403953552,0.6549992561340332,0.7109930515289307,0.05126953125,0.006767600774765015,0.13200044631958008,0.039861228317022324,0.543915331363678,73.8601303100586,0.20223647356033325,0.5603039860725403,7.397939682006836,79.30476379394531,69.789794921875,1.659989356994629,10.529838562011719,0.0011265040375292301,62.25,78.68085479736328,0.791170865548024,48.8125,0.6203859899528179,4.4291510581970215,0.817853569984436,0.7773771286010742,0.7773771286010742,0.0,0.13300693035125732,0.09888549894094467,0.0012567923821245846,0.16956664621829987,0.11862514168024063,4.0,48
835,0.3513922691345215,0.4526571035385132,0.9999999403953552,1.6628966331481934,0.5084258913993835,0.0029296875,0.0004365040804259479,0.1489933878183365,0.009438314475119114,0.26083528995513916,551.720947265625,0.020013848319649696,0.2030934989452362,5.655332565307617,58.5,97.76055145263672,3.0646886825561523,10.505596160888672,0.0015609179390594363,65.3125,130.72972106933594,0.49959947486129647,51.708335876464844,0.3955361906194583,6.74468994140625,0.7810632586479187,0.7859639525413513,0.7859639525413513,0.0,0.3236733675003052,0.10617803037166595,0.0008121950348783327,0.3461587429046631,0.01862417347729206,4.0,48
849,0.41135159134864807,0.5396222472190857,1.0,1.0726418495178223,0.6123852729797363,0.00390625,0.0006402861326932907,0.16391324996948242,0.012274607084691525,0.30583155155181885,463.8414306640625,0.02555946074426174,0.23645325005054474,6.067176818847656,76.875,102.89286041259766,3.0132973194122314,10.51217269897461,0.0014800253557041287,64.3125,161.3963623046875,0.3984755237209419,52.833335876464844,0.32735146640697776,6.2656683921813965,0.6141314506530762,0.8368238210678101,0.8368238210678101,0.0,0.22013764083385468,0.1503792703151703,0.0009317389076091052,0.23579272627830505,0.02731887437403202,4.0,48
863,0.3340027928352356,0.43343180418014526,1.0,1.264206051826477,0.6213938593864441,0.00537109375,0.003826851723715663,0.7124902009963989,0.07166306674480438,2.4055659770965576,718.06591796875,0.03342986851930618,0.2606050372123718,6.382568836212158,92.63636016845703,97.31310272216797,2.9010214805603027,10.506383895874023,0.0014989003539085388,55.35416793823242,152.64871215820312,0.362624532837446,45.29166793823242,0.2967052082845329,6.2451934814453125,0.7830737829208374,0.8391749262809753,0.8391749262809753,0.0,0.23802940547466278,0.14558212459087372,0.0009537068641002175,0.2212391197681427,0.16327901184558868,4.0,48
1021,0.6046813726425171,0.7703503966331482,1.0,0.9849209189414978,0.5274862051010132,0.0107421875,0.005388378165662289,0.5016090273857117,0.07015683501958847,1.5916669368743896,294.8258056640625,0.05938481166958809,0.3526773154735565,6.500941276550293,60.90909194946289,75.98921203613281,1.7945066690444946,10.529386520385742,0.0011921771802008152,57.85416793823242,159.02113342285156,0.36381433517238754,47.72916793823242,0.3001435526705423,6.483907222747803,0.8374728560447693,0.8248230814933777,0.8248230814933777,0.0,0.46712440252304077,0.07720309495925903,0.000485489527666201,0.424201637506485,0.22004751861095428,4.0,48
1262,0.3299877643585205,0.40840625762939453,1.0,0.6456860303878784,0.747459888458252,0.0263671875,0.005533037707209587,0.20984557271003723,0.04951024800539017,1.1403694152832031,247.01638793945312,0.12187793850898743,0.4630333185195923,7.137818813323975,69.88888549804688,101.36421203613281,3.8449347019195557,10.502321243286133,0.0016863546334207058,64.10417175292969,162.27536010742188,0.3950333045420089,53.79166793823242,0.33148389194335454,6.252758026123047,0.7368800640106201,0.8133625984191895,0.8133625984191895,0.0,0.190630242228508,0.14057599008083344,0.0008662805615043044,0.25787365436553955,0.1549244076013565,4.0,48
1310,0.2831075191497803,0.34963592886924744,1.0,1.4561902284622192,0.6589696407318115,0.00537109375,0.0012521948665380478,0.23313592374324799,0.020904602482914925,0.4966697096824646,367.53668212890625,0.03342986851930618,0.2750915288925171,6.276314735412598,62.54545593261719,81.2821273803711,2.151437520980835,10.52794075012207,0.0013283552834764123,54.833335876464844,131.95361328125,0.41555008998075615,44.083335876464844,0.33408206700004067,6.367311000823975,0.8477190732955933,0.8395592570304871,0.8395592570304871,0.0,0.42335325479507446,0.11408104747533798,0.0008645541765009236,0.41145506501197815,0.05342698097229004,4.0,48
1396,0.3447171151638031,0.4091061055660248,1.0,0.8003730773925781,0.7491769194602966,0.009765625,0.0017929354216903448,0.18359658122062683,0.023660199716687202,0.6408416032791138,366.76995849609375,0.05492175742983818,0.35106930136680603,6.839373588562012,72.94999694824219,88.547607421875,3.55527663230896,10.459451675415039,0.0024315654300153255,46.895835876464844,126.67504119873047,0.3702058071502153,38.395835876464844,0.3031049803504512,5.931195259094238,0.7935428619384766,0.8370487093925476,0.8370487093925476,0.0,0.5127747058868408,0.09757936000823975,0.0007703124394287907,0.5007572770118713,0.07431238889694214,4.0,48
1454,0.4149390161037445,0.5465508103370667,1.0,1.2120558023452759,0.536927342414856,0.00634765625,0.001789758913218975,0.28195586800575256,0.03339029848575592,1.188244104385376,844.7275390625,0.03844451159238815,0.2718278765678406,6.428088188171387,83.76923370361328,119.81504821777344,5.293776512145996,10.398449897766113,0.0030627422966063023,74.64583587646484,110.96244812011719,0.672712590019043,58.9375,0.5311481586174857,7.578921318054199,0.964523196220398,0.7989692091941833,0.7989692091941833,0.0,0.5971680879592896,0.1535933017730713,0.0013841917185619785,0.5954844951629639,0.07636303454637527,4.0,48
1555,0.36295706033706665,0.5784325003623962,1.0,1.5154674053192139,0.5873456001281738,0.0029296875,0.0009451768128201365,0.32262036204338074,0.023612746968865395,0.9463467597961426,1281.0050048828125,0.020013848319649696,0.18654046952724457,5.5963358879089355,65.16666412353516,86.61016082763672,3.188551187515259,10.503227233886719,0.0018294298788532615,54.770835876464844,139.23794555664062,0.393361419213493,44.0,0.31600581164091635,6.368760585784912,0.7609539031982422,0.8286737203598022,0.8286737203598022,0.0,0.30910563468933105,0.11783845722675323,0.0008463099390557627,0.322666734457016,0.04032754525542259,4.0,48
1591,0.4742295742034912,0.6523661017417908,1.0000001192092896,1.49453866481781,0.4774061143398285,0.0107421875,0.012454911135137081,1.159438967704773,0.15841786563396454,3.091550588607788,233.9973907470703,0.05938481166958809,0.35262858867645264,6.2901082038879395,61.818180084228516,101.30614471435547,2.5292317867279053,10.499771118164062,0.0013625468127429485,62.3125,155.1819305419922,0.40154481761085453,49.72916793823242,0.320457206334156,6.873871803283691,0.8498846292495728,0.8325850367546082,0.8325850367546082,0.0,0.266901433467865,0.14842595160007477,0.0009564641390406347,0.32546088099479675,0.516624391078949,4.0,48
1624,0.3701462745666504,0.4993637204170227,1.0,0.8264673948287964,0.6314593553543091,0.046875,0.015133862383663654,0.32285574078559875,0.09539303183555603,1.6864123344421387,107.74298095703125,0.189208984375,0.5470271110534668,7.36715030670166,71.875,120.21382141113281,3.358713150024414,10.507232666015625,0.001383087015710771,80.58333587646484,164.80657958984375,0.48895703115812517,65.85417175292969,0.39958460343528734,8.688599586486816,0.8854092359542847,0.823372483253479,0.823372483253479,0.0,0.23091459274291992,0.1507837474346161,0.0009149133960593345,0.1508769989013672,0.2860707938671112,4.0,48
1671,0.2671179473400116,0.40582913160324097,0.9999999403953552,1.1646008491516113,0.7703777551651001,0.00244140625,0.0015076777199283242,0.6175447702407837,0.04052663967013359,1.386940836906433,960.1329345703125,0.01712392456829548,0.15323947370052338,5.8321709632873535,78.19999694824219,86.46420288085938,3.5255448818206787,10.519404411315918,0.002084990032017231,70.5,132.49627685546875,0.5320904229753021,58.583335876464844,0.44215080802570733,5.542093276977539,0.7945379018783569,0.8886971473693848,0.8886971473693848,0.0,0.6101438999176025,0.10329081118106842,0.000779575197316266,0.45683345198631287,0.06432759016752243,4.0,48
1859,0.3780933916568756,0.47391173243522644,1.0,0.6502215266227722,0.756757378578186,0.06689453125,0.010488662868738174,0.15679402649402618,0.052882686257362366,0.7796804904937744,57.975379943847656,0.24553094804286957,0.5980756282806396,7.427116394042969,74.09488677978516,94.63825225830078,3.3610901832580566,10.437079429626465,0.002210977952927351,67.20833587646484,94.70613861083984,0.7096513156928121,53.72916793823242,0.5673250828369161,4.107135772705078,0.8072957992553711,0.857121467590332,0.857121467590332,0.0,0.1606084257364273,0.06032077968120575,0.000636925763837787,0.15191972255706787,0.1464272141456604,4.0,48
1984,0.3068901300430298,0.40655517578125,1.0,1.598311424255371,0.5944228172302246,0.00244140625,0.0004694269155152142,0.19227726757526398,0.010916631668806076,0.3142159581184387,672.0733032226562,0.01712392456829548,0.1870456039905548,5.622119426727295,71.80000305175781,95.93254089355469,3.1505966186523438,10.523738861083984,0.0013694034423679113,59.020835876464844,133.163818359375,0.4432197619382657,47.8125,0.35905023290467547,6.192891597747803,0.8357192873954773,0.8321928977966309,0.8321928977966309,0.0,0.29351019859313965,0.10088761895895004,0.0007576203520922179,0.3227376341819763,0.02002888172864914,4.0,48
2122,0.465334951877594,0.5241722464561462,0.9999999403953552,1.6721100807189941,0.5210375189781189,0.00244140625,0.00047237303806468844,0.19348399341106415,0.011695182882249355,0.4130402207374573,944.3907470703125,0.01712392456829548,0.1790141463279724,5.782157897949219,73.0,83.19657897949219,3.0977914333343506,10.441242218017578,0.0023544623982161283,50.5625,113.47541809082031,0.44558108572093014,40.35416793823242,0.35562035032449646,5.2634711265563965,0.6167646646499634,0.7757267951965332,0.7757267951965332,0.0,0.5277402400970459,0.07300025224685669,0.0006433133578058082,0.556647777557373,0.02015458233654499,4.0,48
2142,0.38557353615760803,0.7057226896286011,1.0,1.6686899662017822,0.4854462146759033,0.00732421875,0.0029222096782177687,0.3989790380001068,0.04407111182808876,1.157914638519287,398.5434265136719,0.0433073565363884,0.31248730421066284,5.91514778137207,66.0,81.43054962158203,2.5115907192230225,10.523028373718262,0.0013883351348340511,60.0,131.2111053466797,0.45727836707798547,47.97916793823242,0.36566392614258925,7.3994460105896,0.7882634401321411,0.8085205554962158,0.8085205554962158,0.0,0.2810308337211609,0.17066273093223572,0.0013006729153627057,0.26940301060676575,0.12468093633651733,4.0,48
2261,0.4472469389438629,0.5341590642929077,1.0,0.9135991930961609,0.5897877216339111,0.017578125,0.006390755996108055,0.36356300115585327,0.07023229449987411,1.8952548503875732,338.86785888671875,0.08845767378807068,0.40751001238822937,6.80284309387207,68.66666412353516,119.11939239501953,4.9937896728515625,10.366809844970703,0.0031389263458549976,61.645835876464844,126.7216796875,0.48646637279130867,49.97916793823242,0.39440108478311486,5.231990814208984,0.8024603128433228,0.789463460445404,0.789463460445404,0.0,0.34185999631881714,0.11177393049001694,0.0008820426840682262,0.35962021350860596,0.22319446504116058,4.0,48
2300,0.4210266172885895,0.5322754979133606,1.0,2.3478379249572754,0.41952502727508545,0.0380859375,0.016812767833471298,0.44144293665885925,0.11915164440870285,3.3767080307006836,329.1822509765625,0.1618127077817917,0.5268170237541199,6.564559459686279,70.70513153076172,93.97766876220703,2.65932035446167,10.532182693481445,0.0013183834962546825,78.22917175292969,195.19920349121094,0.40076583484852374,60.5625,0.31025997500868024,11.104166030883789,1.0557887554168701,0.8662697672843933,0.8662697672843933,0.0,0.4057407081127167,0.17149564623832703,0.0008785673463942343,0.2631630599498749,0.331484317779541,4.0,48
2468,0.425295352935791,0.518122136592865,1.0,0.9843056797981262,0.5532126426696777,0.02099609375,0.003969346638768911,0.18905167281627655,0.036477722227573395,0.5866270661354065,133.4405517578125,0.10189082473516464,0.4401383697986603,6.623524188995361,74.97674560546875,80.2293701171875,2.0543439388275146,10.531808853149414,0.0011663478799164295,64.77083587646484,236.3839569091797,0.27400690267068406,50.79166793823242,0.21486935323448464,8.600370407104492,0.857040524482727,0.9159971475601196,0.9159971475601196,0.0,0.3389475345611572,0.2511503994464874,0.0010624680402162674,0.30525505542755127,0.12811735272407532,4.0,48
2479,0.3416309356689453,0.45201748609542847,1.0,0.6846328377723694,0.7255685329437256,0.0087890625,0.001860468415543437,0.21167996525764465,0.026352889835834503,0.7352107167243958,411.1032409667969,0.05035991966724396,0.33200889825820923,6.763774394989014,79.05555725097656,94.33123779296875,3.0158326625823975,10.489603042602539,0.001671337871812284,58.4375,142.97662353515625,0.4087206604200141,48.10416793823242,0.336447782479908,6.2208404541015625,0.8928008079528809,0.8448609113693237,0.8448609113693237,0.0,0.2678772509098053,0.1671294867992401,0.0011689287567100482,0.26222118735313416,0.0784640908241272,4.0,48
2481,0.4515605568885803,0.5207884907722473,1.0,1.4982082843780518,0.5385042428970337,0.009765625,0.0054710195399820805,0.560232400894165,0.08210798352956772,2.782778263092041,699.46337890625,0.05492175742983818,0.3311706483364105,6.345582962036133,71.6500015258789,79.35340881347656,2.9849436283111572,10.498571395874023,0.001811597147025168,67.02083587646484,119.9395751953125,0.5587883378921312,56.35416793823242,0.4698546567449934,5.701623439788818,1.0417771339416504,0.7802233099937439,0.7802233099937439,0.0,0.3615128695964813,0.1463577151298523,0.0012202620767942296,0.2771458625793457,0.22988982498645782,4.0,48
2665,0.4142076075077057,0.5567740797996521,0.9999999403953552,0.9762164950370789,0.5904297828674316,0.00439453125,0.0012398931430652738,0.28214457631111145,0.02310957759618759,0.6695764660835266,573.8654174804688,0.02823571488261223,0.2549195885658264,6.407366752624512,93.0,94.31491088867188,2.8566908836364746,10.495092391967773,0.0014685691567137837,51.35416793823242,159.60214233398438,0.3217636504374155,42.708335876464844,0.2675924975018017,7.300372123718262,0.7748259902000427,0.8328539133071899,0.8328539133071899,0.0,0.34542733430862427,0.1286516785621643,0.0008060773913979568,0.334317147731781,0.05290210619568825,4.0,48
2668,0.3192610740661621,0.38204872608184814,1.0,0.8616521954536438,0.8228265643119812,0.0341796875,0.01351369172334671,0.3953720033168793,0.10313285142183304,1.557840347290039,111.63932800292969,0.1489836424589157,0.4970570504665375,7.349559783935547,76.31428527832031,101.66915893554688,3.9839930534362793,10.482288360595703,0.001982530578970909,89.6875,130.9213104248047,0.6850489022920525,75.16667175292969,0.5741362617231109,6.973763942718506,0.8854386210441589,0.8398981094360352,0.8398981094360352,0.0,0.35740482807159424,0.10842200368642807,0.0008281463371115532,0.1434403657913208,0.3628060519695282,4.0,48
2712,0.2795531749725342,0.4229075014591217,1.0,0.8717843890190125,0.6279935836791992,0.00537109375,0.0012195520102977753,0.22705841064453125,0.022533228620886803,0.7056134343147278,624.719970703125,0.03342986851930618,0.26231932640075684,6.48649787902832,82.0,88.85739135742188,2.6104164123535156,10.514532089233398,0.00137099321000278,53.083335876464844,160.93231201171875,0.32984883650525654,44.125,0.27418359585889174,6.743175029754639,0.7642027735710144,0.8183205127716064,0.8183205127716064,0.0,0.285082072019577,0.14944365620613098,0.0009286118761902998,0.3116145133972168,0.05203421786427498,4.0,48
2749,0.4256351590156555,0.6112198233604431,1.0,0.9445763230323792,0.7201673984527588,0.0078125,0.0035904410760849714,0.45957645773887634,0.06784491240978241,2.5046260356903076,955.615478515625,0.04568839073181152,0.2773299217224121,6.548847198486328,64.8125,79.24882507324219,4.160985469818115,10.477192878723145,0.0028839122969657183,45.4375,167.76095581054688,0.27084669241277026,38.083335876464844,0.22700953085414233,6.634838104248047,0.8913599848747253,0.8476190567016602,0.8476190567016602,0.0,0.40696752071380615,0.33063727617263794,0.001970883359333736,0.22609299421310425,0.15319214761257172,4.0,48
2877,0.36442095041275024,0.44165104627609253,0.9999999403953552,0.6919901967048645,0.7136977910995483,0.01953125,0.005409647710621357,0.2769739627838135,0.05018623545765877,1.0074009895324707,161.02830505371094,0.09620917588472366,0.4378431737422943,7.074071884155273,77.92500305175781,177.22491455078125,8.69537353515625,10.240309715270996,0.004607729613780975,74.33333587646484,143.86093139648438,0.516702729154681,61.79166793823242,0.42952361933232436,6.967374801635742,0.9211169481277466,0.802019476890564,0.802019476890564,0.0,0.46666598320007324,0.12386400997638702,0.0008609982485543951,0.4407004415988922,0.17084448039531708,4.0,48
2961,0.32506701350212097,0.3990030586719513,0.9999999403953552,1.635240912437439,0.6309553384780884,0.00341796875,0.005845059175044298,1.710097312927246,0.21917982399463654,9.864749908447266,1998.0439453125,0.02282176911830902,0.09695762395858765,5.946246147155762,62.14285659790039,83.99517822265625,2.7474706172943115,10.525854110717773,0.0014474592171609402,52.958335876464844,204.642822265625,0.25878423336606177,43.333335876464844,0.21175106653924541,9.693869590759277,0.8696520328521729,0.8762692213058472,0.8762692213058472,0.0,0.3002500534057617,0.15396970510482788,0.0007523826313216714,0.2952646315097809,0.2493891716003418,4.0,48
3327,0.22555004060268402,0.3346090316772461,1.0,0.8957451581954956,0.880630612373352,0.009765625,0.0016932305879890919,0.173386812210083,0.022929321974515915,0.5904273390769958,347.04547119140625,0.05492175742983818,0.3419923782348633,6.946199417114258,78.4000015258789,83.18099975585938,2.8191006183624268,10.515043258666992,0.001729015726596117,72.16667175292969,141.26296997070312,0.5108675809576129,60.25,0.4265095092381981,7.121554374694824,0.9073507189750671,0.8678932189941406,0.8678932189941406,0.0,0.6560705900192261,0.10711153596639633,0.0007582421350834406,0.526782214641571,0.07070721685886383,4.0,48
3641,0.19989989697933197,0.2645747661590576,0.9999999403953552,1.1530370712280273,0.811689019203186,0.0107421875,0.0018655231688171625,0.17366324365139008,0.03275419399142265,1.3005919456481934,1222.865966796875,0.05938481166958809,0.31966927647590637,6.887351989746094,84.59091186523438,80.46673583984375,4.498745441436768,10.497932434082031,0.002267921343445778,69.41667175292969,110.39739990234375,0.6287890095966661,55.8125,0.5055599139501065,6.538062572479248,0.979148268699646,0.7933549880981445,0.7933549880981445,0.0,0.648436963558197,0.28337058424949646,0.0025668229910712982,0.6347689628601074,0.07636905461549759,4.0,48
3766,0.2836500108242035,0.31666892766952515,1.0,0.8093608021736145,0.7654501795768738,0.00732421875,0.001562347519211471,0.2133125215768814,0.02660873904824257,0.7136768698692322,478.14666748046875,0.0433073565363884,0.28627151250839233,6.51223087310791,60.400001525878906,90.13290405273438,4.179526329040527,10.42725944519043,0.0027444364968687296,52.79166793823242,166.39596557617188,0.31726531200597574,42.583335876464844,0.25591567515747315,8.102203369140625,0.8924789428710938,0.8396657705307007,0.8396657705307007,0.0,0.691624641418457,0.14530867338180542,0.0008732704117549897,0.6365809440612793,0.06666015833616257,4.0,48
3782,0.4962279498577118,0.6748627424240112,1.0,1.6012791395187378,0.4777488708496094,0.0029296875,0.0012393257347866893,0.42302319407463074,0.027747951447963715,0.8673668503761292,644.3937377929688,0.020013848319649696,0.19510821998119354,5.704253196716309,65.83333587646484,82.88131713867188,3.290414810180664,10.485527992248535,0.002125535160303116,67.20833587646484,113.9579086303711,0.589764560251463,52.9375,0.46453555204369723,7.995912075042725,0.9434942007064819,0.7477254867553711,0.7477254867553711,0.0,0.49508199095726013,0.13906630873680115,0.0012203304746111765,0.5766160488128662,0.05287789925932884,4.0,48
3948,0.4895782470703125,0.6452363133430481,1.0,1.1099040508270264,0.451210081577301,0.00341796875,0.000942762300837785,0.2758253216743469,0.026453854516148567,1.116170048713684,1559.7724609375,0.02282176911830902,0.17028895020484924,5.9510698318481445,61.85714340209961,90.22584533691406,3.077619791030884,10.49300765991211,0.0017704528290778399,56.47916793823242,147.83364868164062,0.38204541684579335,46.208335876464844,0.31256981266050377,5.755269527435303,0.6952961683273315,0.8232800364494324,0.8232800364494324,0.0,0.21089236438274384,0.10042458772659302,0.0006793080507406269,0.2647973597049713,0.040224526077508926,4.0,48
3960,0.41071024537086487,0.5027211308479309,1.0,1.093618392944336,0.5632433891296387,0.02001953125,0.007229316979646683,0.36111319065093994,0.06976782530546188,1.4849897623062134,192.1688232421875,0.09811511635780334,0.4350125789642334,6.772679805755615,81.60975646972656,156.15194702148438,7.6225810050964355,10.228824615478516,0.004647258669137955,67.0,111.89346313476562,0.5987838620502494,53.54166793823242,0.4785057717711466,5.993202209472656,0.905216634273529,0.7897847890853882,0.7897847890853882,0.0,0.3305186927318573,0.10335644334554672,0.0009237040345406607,0.3514636158943176,0.23396627604961395,4.0,48
4041,0.4126538336277008,0.6214321255683899,0.9999999403953552,1.9095209836959839,0.4567870497703552,0.00390625,0.0056672608479857445,1.4508187770843506,0.147648423910141,5.167090892791748,1014.8883666992188,0.02555946074426174,0.17991308867931366,5.848477363586426,67.75,84.25615692138672,2.0577375888824463,10.496828079223633,0.0013814226258546114,73.08333587646484,134.8810577392578,0.5418354296444341,59.5,0.44112939943435014,8.173796653747559,0.9766542315483093,0.7989645004272461,0.7989645004272461,0.0,0.49024632573127747,0.18345610797405243,0.0013601324829102023,0.4515739381313324,0.2418031245470047,4.0,48
4122,0.22087502479553223,0.2700625956058502,1.0,1.0317318439483643,0.7650852203369141,0.01318359375,0.0027469221968203783,0.20835913717746735,0.03067188709974289,0.5802001357078552,202.76316833496094,0.07016520947217941,0.3864012062549591,7.019894599914551,74.59259033203125,75.25788879394531,1.941570520401001,10.524639129638672,0.0012945274356752634,51.333335876464844,149.492919921875,0.34338305720336326,41.375,0.2767689601544667,7.4798102378845215,0.9422752857208252,0.8613550066947937,0.8613550066947937,0.0,0.5588774085044861,0.09697787463665009,0.0006487121576115016,0.4667787551879883,0.10557595640420914,4.0,48
4413,0.5206024050712585,0.582963228225708,1.0,1.864173173904419,0.4366080164909363,0.00341796875,0.0006297466461546719,0.18424586951732635,0.015189386904239655,0.6181104779243469,1352.9483642578125,0.02282176911830902,0.20576594769954681,5.8420867919921875,76.42857360839844,82.3727035522461,1.9061306715011597,10.499531745910645,0.0012371620396152139,74.16667175292969,149.66458129882812,0.49555259570658944,59.41666793823242,0.3969988585049926,10.48016357421875,0.9456344842910767,0.7638888359069824,0.7638888359069824,0.0,0.3315821588039398,0.14931967854499817,0.0009976954950809754,0.3909199833869934,0.026869190856814384,4.0,48
4471,0.35501980781555176,0.49473875761032104,1.0000001192092896,1.0381238460540771,0.668865442276001,0.015625,0.00403076084330678,0.2579686939716339,0.04701783135533333,1.1803839206695557,285.1448974609375,0.08048483729362488,0.38636043667793274,6.967369079589844,82.5,117.85942077636719,4.35478401184082,10.419683456420898,0.002328119706362486,70.79167175292969,137.46002197265625,0.5149982571795433,59.29166793823242,0.43133754151234915,5.731533050537109,0.8568466901779175,0.833413302898407,0.833413302898407,0.0,0.39443618059158325,0.0896049290895462,0.0006518617398508195,0.3369408845901489,0.154472216963768,4.0,48
4658,0.27928677201271057,0.47906821966171265,1.0,1.027840495109558,0.870032787322998,0.02685546875,0.006537911016494036,0.24344803392887115,0.06344606727361679,1.6334962844848633,373.50897216796875,0.12363549321889877,0.4584287405014038,7.282739639282227,71.69091033935547,92.96481323242188,4.565457820892334,10.476591110229492,0.0028604818508028984,72.45833587646484,111.777099609375,0.6482395421173123,61.458335876464844,0.5498294023171443,4.905808448791504,0.8750877380371094,0.8576390147209167,0.8576390147209167,0.0,0.4436538517475128,0.089911088347435,0.0008043784339869396,0.3319920003414154,0.19083847105503082,4.0,48
4701,0.4126313626766205,0.5160491466522217,1.0,0.9263197183609009,0.5665699243545532,0.00732421875,0.00135786272585392,0.1853935271501541,0.01874481700360775,0.42786097526550293,289.67706298828125,0.0433073565363884,0.3261740505695343,6.422846794128418,81.0,109.63983917236328,3.787954092025757,10.461278915405273,0.0019758217968046665,65.5625,157.36619567871094,0.41662378449873966,54.458335876464844,0.34606120862316525,6.211777687072754,0.7132372856140137,0.8368339538574219,0.8368339538574219,0.0,0.21153312921524048,0.15188615024089813,0.000965176476283045,0.22101236879825592,0.057935476303100586,4.0,48
4708,0.31357476115226746,0.43292364478111267,1.0,1.0058255195617676,0.6840130090713501,0.005859375,0.0015524148475378752,0.26494547724723816,0.02510153129696846,0.6718530058860779,430.2630615234375,0.03595767915248871,0.29082614183425903,6.169483184814453,63.5,96.86947631835938,2.9542934894561768,10.490232467651367,0.0015210385899990797,58.04166793823242,132.2401580810547,0.4389110598179073,47.1875,0.3568318480647065,5.562437057495117,0.7388520240783691,0.7996653914451599,0.7996653914451599,0.0,0.3830301761627197,0.09264712035655975,0.0007005974712520161,0.36396118998527527,0.06623636931180954,4.0,48
4717,0.45573684573173523,0.5882776975631714,0.9999999403953552,2.2351696491241455,0.46012941002845764,0.00439453125,0.008659514598548412,1.9705206155776978,0.1750975102186203,4.48593807220459,458.87762451171875,0.02823571488261223,0.2189413607120514,5.820638656616211,56.66666793823242,100.14498138427734,3.9027960300445557,10.463708877563477,0.0016918356996029615,63.4375,149.42633056640625,0.4245403052814876,50.833335876464844,0.34018994965865273,6.855274200439453,0.8524308204650879,0.8197687864303589,0.8197687864303589,0.0,0.3043888807296753,0.20078611373901367,0.001343713072284443,0.34531790018081665,0.3694726228713989,4.0,48
4734,0.2793271243572235,0.3896133601665497,1.0,1.45152747631073,0.6494855880737305,0.00390625,0.002275897655636072,0.5826297998428345,0.045439232140779495,1.366531491279602,607.8764038085938,0.02555946074426174,0.23189221322536469,5.965092182159424,66.75,84.02587127685547,3.1261842250823975,10.474198341369629,0.0018247554544359446,60.333335876464844,120.4243392944336,0.5010061605896939,50.41666793823242,0.4186584558357321,5.198599815368652,0.7616332769393921,0.8232426643371582,0.8232426643371582,0.0,0.3839073181152344,0.14475858211517334,0.0012020708018934828,0.35450518131256104,0.09710496664047241,4.0,48
5406,0.3207186758518219,0.44728097319602966,1.0,1.1786006689071655,0.6114109754562378,0.0048828125,0.001195615390315652,0.24486203491687775,0.024825531989336014,0.9110662937164307,962.3279418945312,0.03085736557841301,0.24064159393310547,6.332801818847656,84.19999694824219,74.53372955322266,4.260732173919678,10.511611938476562,0.0019940068013966084,60.145835876464844,103.49923706054688,0.5811234708471175,48.9375,0.4728295723247057,5.1588134765625,0.7272180318832397,0.7857617735862732,0.7857617735862732,0.0,0.3642459511756897,0.09719296544790268,0.0009390693902569956,0.3788893520832062,0.051012929528951645,4.0,48
5467,0.3730459213256836,0.5903826951980591,1.0,1.7199498414993286,0.5635737180709839,0.0078125,0.002092262962833047,0.26780965924263,0.030607905238866806,0.8579737544059753,415.5240783691406,0.04568839073181152,0.31996387243270874,6.579596519470215,80.1875,91.17321014404297,2.7989983558654785,10.506689071655273,0.0014300363836809993,58.208335876464844,120.6021728515625,0.48264748880835967,48.833335876464844,0.4049125709577383,5.40861701965332,0.9012295603752136,0.8246155977249146,0.8246155977249146,0.0,0.2485305815935135,0.13024578988552094,0.0010799622162282947,0.26750320196151733,0.08926988393068314,4.0,48
5930,0.2800604999065399,0.3640485405921936,1.0,0.8559418320655823,0.7702310085296631,0.02685546875,0.00556282140314579,0.20713923871517181,0.05352058634161949,1.2912540435791016,293.0570068359375,0.12363549321889877,0.450235515832901,7.121723175048828,71.01818084716797,100.42791748046875,3.229797840118408,10.478849411010742,0.0017891873139888048,87.20833587646484,131.29318237304688,0.6642259277563641,71.16667175292969,0.5420439238444343,7.040644645690918,0.938685417175293,0.8262028694152832,0.8262028694152832,0.0,0.5796849131584167,0.102371446788311,0.0007797163944860676,0.5532286763191223,0.16740132868289948,4.0,48
5937,0.4618894159793854,0.5227976441383362,1.0,0.6215419173240662,0.7083361744880676,0.017578125,0.002917502075433731,0.1659734547138214,0.027151986956596375,0.514633059501648,158.46456909179688,0.08845767378807068,0.43321046233177185,7.078819274902344,70.41666412353516,120.7445297241211,5.836671352386475,10.297325134277344,0.004243090748786926,46.458335876464844,103.53746795654297,0.44871037305526307,36.5,0.35252938590109806,5.607466697692871,0.8486678004264832,0.7753709554672241,0.7753709554672241,0.0,0.8487467765808105,0.048861220479011536,0.000471918247940934,1.175715684890747,0.09246020764112473,4.0,48
6200,0.3187291622161865,0.5082952976226807,0.9999999403953552,0.9644684791564941,0.7630879282951355,0.005859375,0.0009442833252251148,0.16115768253803253,0.016078468412160873,0.4793766736984253,549.01318359375,0.03595767915248871,0.28422510623931885,6.515714168548584,90.58333587646484,116.53240966796875,5.201480865478516,10.363361358642578,0.0032129313331097364,66.91667175292969,130.40670776367188,0.5131382648587932,55.0625,0.4222367157337032,5.564753532409668,0.8462177515029907,0.7978018522262573,0.7978018522262573,0.0,0.3709139823913574,0.1153670996427536,0.000884671514313356,0.37461766600608826,0.04028942435979843,4.0,48
6240,0.4126339852809906,0.4897337555885315,0.9999999403953552,0.913684606552124,0.6095356345176697,0.0029296875,0.0005767935654148459,0.19687886536121368,0.012613164260983467,0.4054626226425171,711.8410034179688,0.020013848319649696,0.20727919042110443,5.885389804840088,70.66666412353516,94.08062744140625,2.5754234790802,10.511421203613281,0.0013781830202788115,55.770835876464844,172.56478881835938,0.32318780821467,45.75,0.2651178163901385,8.16617488861084,0.803386926651001,0.8291001319885254,0.8291001319885254,0.0,0.47720223665237427,0.13443775475025177,0.0007790566990115784,0.4416675567626953,0.02460985817015171,4.0,48
6287,0.2945566773414612,0.3643245995044708,1.0,0.7908466458320618,0.7894936800003052,0.08251953125,0.024461429566144943,0.2964319884777069,0.14159974455833435,2.629629611968994,149.51309204101562,0.28488022089004517,0.5934818387031555,7.444354057312012,69.5147933959961,100.8086929321289,3.5313656330108643,10.4971923828125,0.0020161522552371025,89.52083587646484,139.63345336914062,0.6411130979722518,74.9375,0.5366729690235869,6.079861640930176,0.9652493000030518,0.874513566493988,0.874513566493988,0.0,0.22034120559692383,0.13789668679237366,0.0009875619592244044,0.2100091129541397,0.42877307534217834,4.0,48
6700,0.3240821361541748,0.4549383819103241,1.0,1.5161702632904053,0.6603270769119263,0.00244140625,0.0002147044287994504,0.087942935526371,0.005736455786973238,0.22527861595153809,1230.21923828125,0.01712392456829548,0.16566810011863708,5.615238189697266,62.400001525878906,96.37806701660156,3.101970911026001,10.461511611938477,0.001922727795317769,51.208335876464844,193.48739624023438,0.2646598014593047,40.895835876464844,0.21136175621266237,9.724491119384766,0.8391575813293457,0.8746436834335327,0.8746436834335327,0.0,0.4475439786911011,0.10870002210140228,0.0005617938129717873,0.36985665559768677,0.009160722605884075,4.0,48
7054,0.6085488200187683,0.7930508852005005,1.0,0.6610838174819946,0.4638366997241974,0.052734375,0.012696350924670696,0.2407604306936264,0.07484253495931625,1.2515695095062256,88.79615020751953,0.20648905634880066,0.5622097253799438,7.185580730438232,78.75,71.57530212402344,2.2988457679748535,10.488443374633789,0.001784035237506032,50.958335876464844,70.74205017089844,0.7203401053002627,38.625,0.5459977467606588,4.863066673278809,0.8680025935173035,0.6851345896720886,0.6851345896720886,0.0,0.11129004508256912,0.07578673958778381,0.0010713110433467129,0.22483450174331665,0.22028104960918427,4.0,48
7057,0.2980196177959442,0.33315199613571167,1.0,1.214387059211731,0.6897948980331421,0.0048828125,0.0007055358728393912,0.14449374377727509,0.013012634590268135,0.39491212368011475,653.3840942382812,0.03085736557841301,0.2642413079738617,6.365112781524658,73.5,83.3122329711914,3.2183122634887695,10.475601196289062,0.0022607864812016487,46.91666793823242,205.4838104248047,0.22832294105777257,37.958335876464844,0.18472664973529948,9.286798477172852,0.8992237448692322,0.8232142329216003,0.8232142329216003,0.0,0.8559439182281494,0.13692450523376465,0.0006663517916279232,1.0936660766601562,0.030102869495749474,4.0,48
7194,0.3842889368534088,0.4603870213031769,1.0,0.9920400381088257,0.5938832759857178,0.0029296875,0.0005491788033396006,0.187453031539917,0.015667013823986053,0.667449951171875,1612.3817138671875,0.020013848319649696,0.16384851932525635,5.359332084655762,57.5,93.7151870727539,2.2488276958465576,10.501527786254883,0.0013210949255153537,58.97916793823242,154.9043426513672,0.38074573588401855,47.625,0.3074478041207141,6.590550899505615,0.7383801937103271,0.8158621788024902,0.8158621788024902,0.0,0.28345924615859985,0.11194145679473877,0.000722648925598241,0.29874247312545776,0.023431628942489624,4.0,48
7277,0.32323870062828064,0.43798962235450745,1.0,1.1318562030792236,0.7162616848945618,0.0048828125,0.0006996982265263796,0.1432981938123703,0.015050732530653477,0.5764918923377991,1086.4637451171875,0.03085736557841301,0.2320486605167389,6.078525543212891,70.0,104.1736831665039,3.5978243350982666,10.458869934082031,0.0021337727084755898,74.58333587646484,130.84707641601562,0.5700038389366401,59.1875,0.4523410198887108,8.34017562866211,0.9232534766197205,0.7785223722457886,0.7785223722457886,0.0,0.3853064477443695,0.11324971914291382,0.0008655120331018491,0.385206013917923,0.029853790998458862,4.0,48
7292,0.3910519778728485,0.5359328389167786,0.9999999403953552,2.2363975048065186,0.4272885322570801,0.00537109375,0.0021955487318336964,0.40877124667167664,0.040964674204587936,1.2863245010375977,634.2495727539062,0.03342986851930618,0.2607042193412781,6.19807243347168,67.0,92.98992919921875,2.4475042819976807,10.536567687988281,0.0012019714340567589,63.8125,161.8323974609375,0.3943122699610237,52.5,0.32440970300417227,6.062132835388184,0.8126548528671265,0.8465992212295532,0.8465992212295532,0.0,0.2275601327419281,0.14431069791316986,0.0008917293457206906,0.24855126440525055,0.09367674589157104,4.0,48
7305,0.3564452826976776,0.528373658657074,1.0,1.1900941133499146,0.5884143114089966,0.00732421875,0.0026851114816963673,0.3666072189807892,0.04776129871606827,1.789690613746643,994.4876098632812,0.0433073565363884,0.29411622881889343,6.300344944000244,55.79999923706055,93.95864868164062,2.702315330505371,10.516864776611328,0.0015512104146182537,47.270835876464844,193.52899169921875,0.2442571289137404,39.0,0.20152019423838208,7.363303184509277,0.7834687232971191,0.8221814036369324,0.8221814036369324,0.0,0.3825841546058655,0.15883769094944,0.000820743649551468,0.3978697657585144,0.11456475406885147,4.0,48
7509,0.37394335865974426,0.5423142910003662,1.0,0.9907776713371277,0.7906677722930908,0.01416015625,0.005077267996966839,0.358560174703598,0.06345749646425247,1.8050179481506348,407.559326171875,0.07434378564357758,0.37303662300109863,6.947999000549316,76.24137878417969,101.54576110839844,3.8366334438323975,10.472122192382812,0.0021165874786674976,69.70833587646484,144.12472534179688,0.48366673869672533,58.875,0.4085003447971252,6.051180839538574,0.8011536598205566,0.8114941120147705,0.8114941120147705,0.0,0.2900748550891876,0.11067651957273483,0.0007679218073275237,0.28114309906959534,0.19630081951618195,4.0,48
7551,0.26048049330711365,0.46061667799949646,1.0,0.9345479011535645,0.8282089233398438,0.0078125,0.004092846065759659,0.5238842964172363,0.07467992603778839,2.3663830757141113,639.6932983398438,0.04568839073181152,0.2756074070930481,6.75799560546875,86.4375,85.29566955566406,3.693047285079956,10.50279426574707,0.0017286238726228476,75.41667175292969,149.76307678222656,0.5035731995380865,61.708335876464844,0.41203971765400993,7.059050559997559,1.0137183666229248,0.8363151550292969,0.8363151550292969,0.0,0.7082061171531677,0.13515381515026093,0.0009024508446615733,0.6562954783439636,0.1746280938386917,4.0,48
7634,0.4524381756782532,0.5303478837013245,1.0,1.0126433372497559,0.6261873841285706,0.01416015625,0.005277580581605434,0.3727063834667206,0.0646352767944336,1.4262045621871948,287.1371765136719,0.07434378564357758,0.3748560845851898,7.041718006134033,70.24137878417969,82.71676635742188,2.1596477031707764,10.517071723937988,0.0013634547358378768,50.16666793823242,230.8424530029297,0.21731993956684623,41.6875,0.1805885332437749,8.053329467773438,0.893190860748291,0.8644210696220398,0.8644210696220398,0.0,0.69908207654953,0.15571342408657074,0.000674544140621522,0.5860875248908997,0.20111125707626343,4.0,48
7838,0.3944407105445862,0.5142583250999451,1.0,0.8074232935905457,0.6773852109909058,0.12548828125,0.03092198818922043,0.24641335010528564,0.11354315280914307,1.3131595849990845,32.6387825012207,0.3777192234992981,0.6789222359657288,7.516666412353516,68.3190689086914,106.44366455078125,3.3423523902893066,10.522237777709961,0.0013964467216283083,87.52083587646484,158.27830505371094,0.5529553519115303,69.75,0.4406794726031713,6.438185691833496,0.993938684463501,0.878477931022644,0.878477931022644,0.0,0.1494387537240982,0.13016346096992493,0.0008223708291387813,0.14923527836799622,0.2770759165287018,4.0,48
7980,0.4038509428501129,0.496407687664032,1.0,1.1069798469543457,0.5955649018287659,0.017578125,0.006964757107198238,0.3962172865867615,0.07848341017961502,2.249260425567627,405.6554260253906,0.08845767378807068,0.4070618152618408,6.800439357757568,65.47222137451172,102.43211364746094,4.360062599182129,10.378389358520508,0.002975133480504155,73.9375,135.29644775390625,0.5464851533206676,59.458335876464844,0.4394670877111295,7.3612470626831055,0.9370395541191101,0.8297181129455566,0.8297181129455566,0.0,0.4410720765590668,0.1577657163143158,0.0011660743420966871,0.4189727306365967,0.24364697933197021,4.0,48
7996,0.30132123827934265,0.3642306327819824,1.0,1.1004074811935425,0.6827006936073303,0.00439453125,0.00039203750202432275,0.08921030908823013,0.008055279031395912,0.27972763776779175,830.5045166015625,0.02823571488261223,0.23582758009433746,6.02779483795166,57.55555725097656,80.94023895263672,1.9520602226257324,10.531856536865234,0.0011871701572090387,48.708335876464844,137.62899780273438,0.3539104160501125,40.3125,0.2929070227979965,5.628140926361084,0.6107451319694519,0.8242236971855164,0.8242236971855164,0.0,0.5641050934791565,0.09090834110975266,0.0006605318832114695,0.540635347366333,0.016726933419704437,4.0,48
8271,0.393757164478302,0.5523722767829895,1.0,0.8594858050346375,0.675275981426239,0.03857421875,0.009643818251788616,0.2500068247318268,0.07603418827056885,1.2197017669677734,138.52658081054688,0.16338615119457245,0.49868255853652954,7.243547439575195,65.32911682128906,111.0296859741211,3.406698703765869,10.470277786254883,0.0016365015180781484,62.54166793823242,153.83346557617188,0.40655437163767766,53.208335876464844,0.345882709420334,6.041522026062012,0.74805748462677,0.8227359056472778,0.8227359056472778,0.0,0.2307887077331543,0.12722642719745636,0.0008270399858227777,0.25948813557624817,0.25789734721183777,4.0,48
8417,0.43407830595970154,0.5273542404174805,1.0,2.13098406791687,0.3827003538608551,0.00244140625,0.0020230524241924286,0.8286422491073608,0.05251752957701683,1.8314564228057861,882.5442504882812,0.01712392456829548,0.15973207354545593,5.522665500640869,63.400001525878906,89.11466979980469,2.9813108444213867,10.465771675109863,0.0017170682549476624,47.35416793823242,112.90892028808594,0.41940147698883967,38.208335876464844,0.3383996213549176,5.220858573913574,0.7058581113815308,0.7911507487297058,0.7911507487297058,0.0,0.34262534976005554,0.1019366979598999,0.0009028223606317487,0.3485023081302643,0.08631690591573715,4.0,48
8539,0.4062134921550751,0.6002733111381531,1.0,0.7839837074279785,0.7383142709732056,0.0166015625,0.004100181628018618,0.24697564542293549,0.04531419277191162,1.0341860055923462,283.7461853027344,0.08450048416852951,0.4070624113082886,7.088634490966797,80.32353210449219,106.08744049072266,3.261018753051758,10.462499618530273,0.0017535225488245487,72.83333587646484,159.7736053466797,0.4558533664798463,61.25,0.3833549343977378,6.335627555847168,0.8358844518661499,0.8690547943115234,0.8690547943115234,0.0,0.2556908428668976,0.1343332827091217,0.0008407726821287857,0.24217772483825684,0.14295946061611176,4.0,48
8576,0.4787103831768036,0.5529351234436035,0.9999999403953552,0.8580322861671448,0.6665114760398865,0.00341796875,0.0005371573497541249,0.15715689957141876,0.01136743649840355,0.33416688442230225,640.2804565429688,0.02282176911830902,0.2158430814743042,6.021292686462402,66.14286041259766,84.82828521728516,3.209754467010498,10.440464973449707,0.0024505031760782003,49.04166793823242,111.1290512084961,0.44130375811280237,40.47916793823242,0.36425369868986296,4.526050090789795,0.8399721384048462,0.8068628311157227,0.8068628311157227,0.0,0.6047473549842834,0.054555218666791916,0.0004909177039541921,0.6112815141677856,0.022918714210391045,4.0,48
8664,0.24771299958229065,0.3320404887199402,1.0,0.9530880451202393,0.8450513482093811,0.005859375,0.003528160508722067,0.602139413356781,0.08293043822050095,3.3827171325683594,1367.14697265625,0.03595767915248871,0.22495776414871216,6.484344005584717,73.66666412353516,85.48837280273438,2.516967535018921,10.522438049316406,0.0015037230914458632,73.77083587646484,152.21829223632812,0.4846384412005146,61.54166793823242,0.40429876744801646,6.583636283874512,0.8954412341117859,0.9085559844970703,0.9085559844970703,0.0,0.4733501970767975,0.1655343472957611,0.0010874799924038313,0.3454659879207611,0.15053485333919525,4.0,48
8903,0.4681873023509979,0.6041176319122314,1.0,1.1577019691467285,0.538479208946228,0.0185546875,0.010961465537548065,0.5907652974128723,0.11953911185264587,2.6608071327209473,255.45880126953125,0.09235962480306625,0.4086640179157257,6.786208152770996,77.86842346191406,122.19190979003906,5.3121466636657715,10.374277114868164,0.0030294680036604404,61.35416793823242,131.5570526123047,0.46636928021166535,50.6875,0.38528911213541617,6.080793380737305,0.8926281929016113,0.7817480564117432,0.7817480564117432,0.0,0.33866873383522034,0.15476304292678833,0.00117639487843428,0.3282955586910248,0.38745608925819397,4.0,48
8993,0.309000164270401,0.38766714930534363,1.0,0.748272180557251,0.7976782321929932,0.0263671875,0.00415635434910655,0.15763358771800995,0.03909175097942352,0.994978666305542,268.0943908691406,0.12187793850898743,0.45217564702033997,7.281876087188721,77.79629516601562,83.7561264038086,2.620281457901001,10.474365234375,0.0016900041373446584,53.35416793823242,131.93292236328125,0.4044037453159423,42.47916793823242,0.3219754946232829,8.296085357666016,0.896776556968689,0.8259531855583191,0.8259531855583191,0.0,0.6598727107048035,0.09595231711864471,0.0007272810712641104,0.6512843370437622,0.13004398345947266,4.0,48
9295,0.3775815963745117,0.586184024810791,1.0,1.641287922859192,0.5566508769989014,0.00244140625,0.0004654584627132863,0.1906517893075943,0.011634353548288345,0.4422978162765503,1090.450927734375,0.01712392456829548,0.17847539484500885,5.5563740730285645,71.5999984741211,80.9625473022461,2.3135459423065186,10.525882720947266,0.0014566467143595219,59.85416793823242,121.04507446289062,0.49447834369863125,48.708335876464844,0.4023983304448593,5.664223670959473,0.8484877943992615,0.812650203704834,0.812650203704834,0.0,0.26277434825897217,0.12118597328662872,0.001001164019389898,0.3100779056549072,0.019859561696648598,4.0,48
9466,0.35974058508872986,0.5898807644844055,1.0,1.9264111518859863,0.4944610893726349,0.00390625,0.0023815969470888376,0.6096888184547424,0.04615002125501633,1.6226294040679932,804.81591796875,0.02555946074426174,0.24675625562667847,5.952539443969727,65.25,108.93458557128906,3.969797134399414,10.437047958374023,0.002244060393422842,57.22916793823242,144.15765380859375,0.39699014531860316,47.145835876464844,0.3270435847672201,6.280470848083496,0.8386117815971375,0.8600753545761108,0.8600753545761108,0.0,0.2737116515636444,0.1420658677816391,0.0009854895943326955,0.2376588135957718,0.10161479562520981,4.0,48
9478,0.315883606672287,0.46346399188041687,1.0,1.1154422760009766,0.6504299640655518,0.0146484375,0.007543326821178198,0.5149577856063843,0.10082542896270752,3.1585609912872314,536.6677856445312,0.07640714943408966,0.3659965991973877,6.69757604598999,60.733333587646484,92.30719757080078,2.6144611835479736,10.521284103393555,0.001398397609591484,61.4375,152.68222045898438,0.402388043685023,51.520835876464844,0.33743834559264024,6.2720489501953125,0.9026877284049988,0.8413389921188354,0.8413389921188354,0.0,0.2459331899881363,0.13163360953330994,0.0008621410477852578,0.28173619508743286,0.2936977446079254,4.0,48
9497,0.3216419219970703,0.3666699230670929,1.0,0.9774584174156189,0.6874252557754517,0.0068359375,0.002253486542031169,0.32965287566185,0.0350828617811203,1.1080445051193237,583.7922973632812,0.04089350998401642,0.31046995520591736,6.562196731567383,85.14286041259766,90.562744140625,2.8561933040618896,10.512516021728516,0.0014943000860512257,57.020835876464844,131.12783813476562,0.43484920275672984,47.020835876464844,0.3585877456818411,5.058689117431641,0.7227794528007507,0.7924841642379761,0.7924841642379761,0.0,0.24319806694984436,0.09815685451030731,0.0007485584746843899,0.33156999945640564,0.0961487665772438,4.0,48
9505,0.33088400959968567,0.43967685103416443,1.0,0.6159484386444092,0.7339193820953369,0.0029296875,0.0003870574582833797,0.13211561739444733,0.008407456800341606,0.2785082459449768,745.65283203125,0.020013848319649696,0.21036450564861298,6.001940727233887,83.83333587646484,167.06187438964844,7.981253147125244,10.265131950378418,0.004249860532581806,54.958335876464844,153.79771423339844,0.35734169488038314,45.04166793823242,0.29286305170277116,5.878825664520264,0.684075117111206,0.8261858820915222,0.8261858820915222,0.0,0.2335909903049469,0.12791231274604797,0.000831691897212565,0.27079835534095764,0.016514452174305916,4.0,48
9739,0.2400677502155304,0.27796489000320435,1.0,1.420305609703064,0.6879627704620361,0.0029296875,0.0034517841413617134,1.1782089471817017,0.09756823629140854,3.562183380126953,1073.0423583984375,0.020013848319649696,0.14410583674907684,5.8314900398254395,75.66666412353516,87.96275329589844,3.2158544063568115,10.512069702148438,0.0017395166214555502,51.208335876464844,140.738525390625,0.3638544295579029,41.895835876464844,0.29768562486500794,6.092671871185303,0.7882325649261475,0.8640708923339844,0.8640708923339844,0.0,0.45544013381004333,0.11224031448364258,0.000797509524589236,0.4397943913936615,0.1472761183977127,4.0,48
9995,0.47999367117881775,0.6191103458404541,1.0,2.659649133682251,0.36496251821517944,0.0048828125,0.008399469777941704,1.720211386680603,0.15179261565208435,4.756258964538574,594.766357421875,0.03085736557841301,0.26161637902259827,5.852067470550537,61.599998474121094,88.92788696289062,2.613769292831421,10.494733810424805,0.0015304781263694167,68.33333587646484,143.24407958984375,0.47704125760279853,55.5,0.38745056797489125,6.8015546798706055,0.8200840950012207,0.8351046442985535,0.8351046442985535,0.0,0.2944706082344055,0.19542424380779266,0.0013642744911602324,0.3001510798931122,0.3583773672580719,4.0,48
10099,0.46384868025779724,0.7813845276832581,1.0,1.3808932304382324,0.4366082549095154,0.00732421875,0.005690150894224644,0.77689528465271,0.08216776698827744,2.0975890159606934,386.2262268066406,0.0433073565363884,0.3238600194454193,6.050130844116211,59.66666793823242,138.07725524902344,6.189840793609619,10.359434127807617,0.0035055316984653473,58.708335876464844,120.75749206542969,0.48616723374640314,47.020835876464844,0.389382348609011,6.199029922485352,0.893075168132782,0.7240383625030518,0.7240383625030518,0.0,0.5127785205841064,0.10619613528251648,0.0008794165352173956,0.559505820274353,0.24277977645397186,4.0,48
10137,0.31634730100631714,0.3736104667186737,0.9999999403953552,0.7661263346672058,0.6931748390197754,0.0087890625,0.0024795245844870806,0.28211480379104614,0.04060884192585945,1.2644917964935303,594.72216796875,0.05035991966724396,0.3084418773651123,6.60868501663208,64.55555725097656,124.85018920898438,4.400357246398926,10.432632446289062,0.002175660105422139,62.645835876464844,175.34442138671875,0.35727304796727993,51.04166793823242,0.29109376581049057,6.618838310241699,0.7120081782341003,0.8495515584945679,0.8495515584945679,0.0,0.2084088921546936,0.15199190378189087,0.000866819158380907,0.21597495675086975,0.10396474599838257,4.0,48
10359,0.3361895978450775,0.41016119718551636,1.0,1.6789193153381348,0.5958755016326904,0.00341796875,0.0011242610635235906,0.3289266526699066,0.027940761297941208,1.0632731914520264,1122.8851318359375,0.02282176911830902,0.1907956898212433,6.173545837402344,81.14286041259766,84.42759704589844,2.7737154960632324,10.506153106689453,0.0016204133862629533,57.0,138.32005310058594,0.4120877538590076,45.083335876464844,0.3259349231193616,7.124533653259277,0.8060797452926636,0.8623847961425781,0.8623847961425781,0.0,0.2921624183654785,0.09831313788890839,0.0007107656169731781,0.25471067428588867,0.04796846583485603,4.0,48
10544,0.3588266372680664,0.4685644805431366,1.0,1.4402709007263184,0.5860417485237122,0.00537109375,0.0010279084090143442,0.19137786328792572,0.027957431972026825,1.206951379776001,1692.9183349609375,0.03342986851930618,0.19333946704864502,6.327088832855225,72.0,80.01571655273438,2.993309736251831,10.512226104736328,0.0014272755943238735,61.10416793823242,109.37022399902344,0.5586910742103912,48.208335876464844,0.44078117525376453,6.538412094116211,0.7998582720756531,0.7862348556518555,0.7862348556518555,0.0,0.30684494972229004,0.10702040046453476,0.0009785149608517324,0.36855602264404297,0.043857425451278687,4.0,48
10601,0.45586615800857544,0.7888389825820923,1.0,1.1373577117919922,0.6985699534416199,0.02978515625,0.01755174994468689,0.5892783999443054,0.14340895414352417,2.157644033432007,120.30268096923828,0.13399454951286316,0.4768238365650177,7.330615043640137,71.18032836914062,93.44896697998047,5.631789207458496,10.29160213470459,0.004395528230816126,54.125,105.99187469482422,0.5106523509536199,43.0,0.4056914751225063,5.126593589782715,1.0152992010116577,0.7936060428619385,0.7936060428619385,0.0,0.441196471452713,0.18638287484645844,0.0017584638007914699,0.2362251728773117,0.49057626724243164,4.0,48
11150,0.28659144043922424,0.3510984480381012,1.0,0.9975060224533081,0.6981897354125977,0.0224609375,0.004207269288599491,0.1873149424791336,0.04018177464604378,0.7621502876281738,199.43487548828125,0.10746800154447556,0.44111740589141846,7.199771881103516,71.63043212890625,89.6304702758789,3.5165934562683105,10.48121452331543,0.0019156518392264843,48.4375,164.82298278808594,0.2938758853753889,39.47916793823242,0.2395246540744613,5.823699474334717,0.7301472425460815,0.8546373248100281,0.8546373248100281,0.0,0.4210096001625061,0.13964658975601196,0.0008472519267964227,0.2689778804779053,0.13446809351444244,4.0,48
11216,0.3320828378200531,0.4598962962627411,1.0,1.0417475700378418,0.6393829584121704,0.0107421875,0.0036271943245083094,0.3376588225364685,0.04697585478425026,1.0804555416107178,288.7081298828125,0.05938481166958809,0.3530632257461548,6.654603004455566,81.5,88.72381591796875,2.5800421237945557,10.504386901855469,0.001511738752014935,60.395835876464844,128.81674194335938,0.4688508260698934,48.583335876464844,0.3771507890958412,5.279804229736328,0.7523669600486755,0.8299633860588074,0.8299633860588074,0.0,0.3047288656234741,0.13401183485984802,0.0010403293300832715,0.2982075810432434,0.14865799248218536,4.0,48
11570,0.42010602355003357,0.6267198920249939,1.0,1.2869172096252441,0.5847470760345459,0.00927734375,0.004081893712282181,0.4399851858615875,0.06468972563743591,1.9200371503829956,579.4105224609375,0.05265381559729576,0.3160538077354431,6.597344875335693,72.31578826904297,73.91126251220703,4.551904201507568,10.511528015136719,0.0029082242399454117,56.97916793823242,103.26914978027344,0.5517540141847773,47.35416793823242,0.45855096158342296,4.687024116516113,0.8826152682304382,0.7661393880844116,0.7661393880844116,0.0,0.28765347599983215,0.11213766783475876,0.0010858777094853223,0.2670688331127167,0.17253415286540985,4.0,48
11579,0.5361087918281555,0.749924898147583,1.0,2.2682945728302,0.38018375635147095,0.00732421875,0.003827017731964588,0.5225154757499695,0.04967878386378288,1.003165602684021,247.06454467773438,0.0433073565363884,0.33983126282691956,5.723889350891113,67.06666564941406,92.02704620361328,3.5737357139587402,10.481449127197266,0.0022823158651590347,63.395835876464844,254.68626403808594,0.248917373355068,49.958335876464844,0.19615638111929146,7.158120632171631,0.9027190208435059,0.922879159450531,0.922879159450531,0.0,0.3374234735965729,0.2773335576057434,0.0010889223203391194,0.233117014169693,0.16328610479831696,4.0,48
11654,0.32550033926963806,0.4288749694824219,1.0,1.5077499151229858,0.5927280783653259,0.0068359375,0.003475179197266698,0.5083690881729126,0.06972615420818329,2.6600310802459717,1075.2789306640625,0.04089350998401642,0.2640210688114166,6.476207733154297,73.85713958740234,125.6304931640625,5.539922714233398,10.396500587463379,0.0027760090306401253,62.520835876464844,130.81195068359375,0.47794437392734845,51.35416793823242,0.39258009429521784,5.280593395233154,0.6640141010284424,0.8271548748016357,0.8271548748016357,0.0,0.30115431547164917,0.08628343045711517,0.0006595989892331811,0.32763633131980896,0.14827430248260498,4.0,48
11770,0.4589773118495941,0.7108527421951294,1.0,2.3186521530151367,0.36410900950431824,0.00439453125,0.009655505418777466,2.1971638202667236,0.1914127618074417,5.797226905822754,624.6802368164062,0.02823571488261223,0.24054834246635437,5.8451032638549805,58.88888931274414,113.68803405761719,5.198615074157715,10.367319107055664,0.0031509599648416042,53.4375,121.6842041015625,0.43914902834066644,42.97916793823242,0.35320252330227075,5.769346237182617,0.7288855314254761,0.7826942801475525,0.7826942801475525,0.0,0.2907077670097351,0.13478869199752808,0.0011076925964355335,0.2891620397567749,0.41196826100349426,4.0,48
11824,0.36298519372940063,0.43262869119644165,0.9999999403953552,1.0283957719802856,0.7238953113555908,0.00244140625,0.00023252656683325768,0.09524288028478622,0.005590105429291725,0.20801866054534912,1003.4473266601562,0.01712392456829548,0.18558062613010406,5.508965492248535,54.400001525878906,80.84147644042969,2.574472427368164,10.498655319213867,0.00158371077850461,42.833335876464844,130.17770385742188,0.32903742041792355,34.583335876464844,0.265662512465928,5.809853553771973,0.6990939974784851,0.8305270075798035,0.8305270075798035,0.0,0.5607296228408813,0.10398390144109726,0.0007987842645235053,0.5401491522789001,0.009921133518218994,4.0,48
11931,0.36813730001449585,0.45987895131111145,1.0,0.8802410960197449,0.6142337322235107,0.01416015625,0.0025961934588849545,0.1833449751138687,0.0308315958827734,0.6668696403503418,280.6761474609375,0.07434378564357758,0.38163843750953674,6.793761253356934,82.75862121582031,181.25375366210938,8.941692352294922,10.209846496582031,0.004856542218476534,73.125,134.07269287109375,0.5454130772539418,58.895835876464844,0.4392828592523186,7.295184135437012,0.990949809551239,0.8225463628768921,0.8225463628768921,0.0,0.40384966135025024,0.1306658834218979,0.0009745898334255335,0.40928664803504944,0.09717587381601334,4.0,48
12130,0.3059538006782532,0.417065292596817,1.0,1.2775834798812866,0.6654260158538818,0.00830078125,0.003243429586291313,0.3907378613948822,0.053950004279613495,1.8584046363830566,761.0510864257812,0.04803864285349846,0.3055773079395294,6.551082611083984,69.0,82.22117614746094,2.1902098655700684,10.523943901062012,0.0012924129841849208,60.66666793823242,129.7672576904297,0.4675036601165036,51.22916793823242,0.3947773024262867,5.304758548736572,0.8238050937652588,0.8512107729911804,0.8512107729911804,0.0,0.33475688099861145,0.09676449000835419,0.0007456772357148591,0.3577973544597626,0.13824781775474548,4.0,48
12139,0.32741567492485046,0.4180849492549896,1.0,0.8051275610923767,0.7498353123664856,0.0791015625,0.02368149347603321,0.2993808686733246,0.11401670426130295,1.779738426208496,63.32923126220703,0.27656954526901245,0.6163620352745056,7.477202415466309,70.23456573486328,129.47540283203125,4.427560329437256,10.40980339050293,0.002226094715297222,85.45833587646484,151.56619262695312,0.5638350768707597,69.41667175292969,0.4579957478987653,8.128000259399414,0.9341500997543335,0.8477104902267456,0.8477104902267456,0.0,0.16354331374168396,0.15638306736946106,0.0010317806672365637,0.15458807349205017,0.32998836040496826,4.0,48
12177,0.2988417148590088,0.5211323499679565,1.0,0.8728710412979126,0.741220235824585,0.01611328125,0.006718181539326906,0.41693443059921265,0.07924753427505493,1.8712289333343506,272.4569396972656,0.08250018209218979,0.3851378262042999,6.973577499389648,69.7272720336914,111.41799926757812,3.2684245109558105,10.45747184753418,0.0017227444332093,72.35417175292969,150.4786834716797,0.4808267196312797,60.10416793823242,0.39941981513647357,6.418390274047852,0.8165119886398315,0.8128494024276733,0.8128494024276733,0.0,0.3026346266269684,0.1068609282374382,0.0007101399730842819,0.32042181491851807,0.2570101320743561,4.0,48
12274,0.3428462743759155,0.4533809423446655,1.0,0.8440013527870178,0.7363228797912598,0.00537109375,0.001243466162122786,0.23151078820228577,0.027752265334129333,1.1260650157928467,1337.8748779296875,0.03342986851930618,0.24039623141288757,6.2344746589660645,69.2727279663086,99.97932434082031,2.5772597789764404,10.460489273071289,0.001496576238423586,71.25,154.63941955566406,0.4607492720815945,57.1875,0.36981191574970085,8.046749114990234,0.8247331380844116,0.837193489074707,0.837193489074707,0.0,0.45666444301605225,0.14008238911628723,0.0009058646851477897,0.38265472650527954,0.0530545599758625,4.0,48
12339,0.29106366634368896,0.3260323107242584,1.0,0.7495303750038147,0.8692843317985535,0.01318359375,0.003385755466297269,0.2568158209323883,0.04354775696992874,1.2650705575942993,427.2330017089844,0.07016520947217941,0.36632806062698364,6.953096389770508,79.59259033203125,81.48886108398438,1.8118267059326172,10.518218994140625,0.001163296401500702,80.58333587646484,142.549072265625,0.5653024224573931,70.66667175292969,0.49573575348349175,6.296757698059082,0.7953299880027771,0.9078350067138672,0.9078350067138672,0.0,0.5984094142913818,0.0929921418428421,0.000652351785657627,0.45989519357681274,0.13389992713928223,4.0,48
12465,0.322223424911499,0.4183197021484375,1.0,0.7436376810073853,0.7386541366577148,0.01806640625,0.004006124567240477,0.22174440324306488,0.038246843963861465,0.6727561950683594,170.7001953125,0.09041537344455719,0.43221142888069153,7.187086582183838,75.48648834228516,82.636962890625,1.709926962852478,10.524443626403809,0.0010808354709297419,58.020835876464844,200.1428680419922,0.28989709421667953,47.895835876464844,0.23930823187775385,11.432604789733887,0.9198740720748901,0.8342503309249878,0.8342503309249878,0.0,0.5244458913803101,0.13814762234687805,0.0006902450419117143,0.4577493369579315,0.12969279289245605,4.0,48
12587,0.38541731238365173,0.6097774505615234,1.0000001192092896,1.9133591651916504,0.4747806191444397,0.0029296875,0.00042246730299666524,0.14420217275619507,0.010142807848751545,0.3480738401412964,902.9058837890625,0.020013848319649696,0.190828338265419,5.404507637023926,57.16666793823242,107.86466217041016,3.8422539234161377,10.454519271850586,0.0021571104880422354,58.41666793823242,244.81781005859375,0.23861281955698024,46.520835876464844,0.19002226947226797,9.051440238952637,0.7853426933288574,0.8986169695854187,0.8986169695854187,0.0,0.37294572591781616,0.19828340411186218,0.0008099223012259874,0.2751708924770355,0.018025271594524384,4.0,48
12735,0.2959856688976288,0.3781953454017639,0.9999999403953552,1.453452706336975,0.6302670240402222,0.0029296875,0.002976813120767474,1.0160855054855347,0.11027975380420685,4.964644432067871,1999.6339111328125,0.020013848319649696,0.10165431350469589,5.522829532623291,58.16666793823242,84.47337341308594,2.3766837120056152,10.510540008544922,0.0014912034384906292,47.66666793823242,147.1884765625,0.3238478245595093,38.91666793823242,0.2644002359727081,6.119529724121094,0.7899234294891357,0.8003618121147156,0.8003618121147156,0.0,0.30892401933670044,0.11648314446210861,0.000791387662774898,0.24780435860157013,0.12701070308685303,4.0,48
12952,0.4044865667819977,0.4634871184825897,1.0,0.9028952717781067,0.6350386142730713,0.0205078125,0.0056515890173614025,0.2755822539329529,0.06082744151353836,1.7930612564086914,421.41082763671875,0.10000890493392944,0.42175155878067017,6.957625865936279,66.33333587646484,83.17572021484375,2.732998847961426,10.503178596496582,0.0016890396364033222,64.77083587646484,107.71401977539062,0.6013222420397478,53.020835876464844,0.49223709208980915,5.188928127288818,0.7891987562179565,0.804613471031189,0.804613471031189,0.0,0.3748743534088135,0.08519977331161499,0.0007909812806296432,0.4021109938621521,0.19074447453022003,4.0,48
12964,0.3471396863460541,0.3743469715118408,1.0,0.5673078298568726,0.7825236916542053,0.08447265625,0.012540509924292564,0.14845643937587738,0.05826873332262039,0.9101502299308777,60.863677978515625,0.2895594835281372,0.6233108043670654,7.444544792175293,80.99421691894531,122.6795654296875,6.06917667388916,10.405023574829102,0.003040239680558443,83.75,120.04857635498047,0.6976342621954726,69.02083587646484,0.5749408944811027,6.6656813621521,0.909547746181488,0.8416509032249451,0.8416509032249451,0.0,0.2179689258337021,0.07873746752738953,0.0006558800604849,0.23483437299728394,0.15931086242198944,4.0,48
13073,0.35589972138404846,0.4543720483779907,1.0,1.3873811960220337,0.6092454195022583,0.00244140625,0.0008842617971822619,0.36219364404678345,0.021375373005867004,0.5875687599182129,651.4696044921875,0.01712392456829548,0.17064934968948364,5.909273624420166,87.5999984741211,87.89849853515625,2.37738299369812,10.517207145690918,0.0013488156255334616,52.958335876464844,139.60305786132812,0.37934939738409196,43.35416793823242,0.31055313973274046,6.159602165222168,0.7170634269714355,0.8587653040885925,0.8587653040885925,0.0,0.21466238796710968,0.11011797189712524,0.0007887934087992597,0.23149748146533966,0.037728503346443176,4.0,48
13170,0.4554128646850586,0.5773383975028992,1.0,2.1859443187713623,0.43878892064094543,0.00390625,0.007297567091882229,1.8681771755218506,0.1895466148853302,6.601503849029541,1007.0013427734375,0.02555946074426174,0.1811896562576294,5.839488983154297,65.375,82.14933013916016,2.5415985584259033,10.498144149780273,0.0013316546101123095,64.1875,124.35557556152344,0.5161610141322726,52.875,0.4251920330631963,5.285057067871094,0.8040745258331299,0.8104119300842285,0.8104119300842285,0.0,0.2703477740287781,0.11902588605880737,0.0009571415315459606,0.28378060460090637,0.3113628625869751,4.0,48
13206,0.3400671184062958,0.42910346388816833,1.0,0.9579341411590576,0.7414544224739075,0.0048828125,0.0011609827633947134,0.23776927590370178,0.02419038861989975,0.8151881098747253,843.4959106445312,0.03085736557841301,0.24070894718170166,6.344009876251221,73.0999984741211,84.44324493408203,2.708432674407959,10.504667282104492,0.0016829383093863726,50.708335876464844,170.57156372070312,0.29728481563622594,41.5625,0.24366605482739495,7.20407772064209,0.8278624415397644,0.8461804389953613,0.8461804389953613,0.0,0.4163247048854828,0.13782265782356262,0.0008080048913730768,0.3879634439945221,0.04953525960445404,4.0,48
13297,0.3868716359138489,0.4619450569152832,1.0,1.2520641088485718,0.5239973068237305,0.0146484375,0.004182081203907728,0.2854967415332794,0.05478838086128235,1.682753086090088,550.4483032226562,0.07640714943408966,0.373049259185791,6.9083099365234375,72.16666412353516,119.58396911621094,5.31681489944458,10.386056900024414,0.0029648933559656143,69.125,138.92218017578125,0.4975807312234722,56.3125,0.4053528380039317,5.675168514251709,0.8252348899841309,0.8204458951950073,0.8204458951950073,0.0,0.2359979897737503,0.11305205523967743,0.0008137797368893319,0.2720818817615509,0.15807496011257172,4.0,48
13346,0.30364352464675903,0.42300406098365784,1.0,1.130885362625122,0.7436298131942749,0.01171875,0.0025743742007762194,0.21967993676662445,0.0312662199139595,0.7099655270576477,300.2078857421875,0.0637580007314682,0.37347495555877686,6.851352691650391,86.125,78.05134582519531,5.912682056427002,10.484664916992188,0.003436190076172352,64.29167175292969,105.58931732177734,0.6088842448987116,50.520835876464844,0.47846540874699345,5.374112606048584,0.8417315483093262,0.850077748298645,0.850077748298645,0.0,0.6266643404960632,0.07732188701629639,0.0007322889187107775,0.5315353274345398,0.0999615415930748,4.0,48
13458,0.45452889800071716,0.5524672865867615,1.0,1.1960810422897339,0.5341222286224365,0.00341796875,0.0011296290904283524,0.33049720525741577,0.025808067992329597,0.9245637655258179,926.3982543945312,0.02282176911830902,0.20744110643863678,5.954519271850586,83.85713958740234,104.76545715332031,3.4636123180389404,10.461810111999512,0.0017524262657389045,60.333335876464844,149.16941833496094,0.4044618296824173,49.270835876464844,0.33030118655101165,5.837826728820801,0.7478280067443848,0.8440048694610596,0.8440048694610596,0.0,0.36082103848457336,0.13496047258377075,0.0009047462548366893,0.31307879090309143,0.04819750785827637,4.0,48
13489,0.45137009024620056,0.6884564757347107,0.9999999403953552,0.7296294569969177,0.8576440215110779,0.1240234375,0.04414448142051697,0.35593661665916443,0.18063630163669586,2.7412731647491455,51.39893341064453,0.37486550211906433,0.6602939367294312,7.676560878753662,68.88582611083984,108.72449493408203,5.070990562438965,10.37873649597168,0.002592253964394331,59.8125,91.85494995117188,0.6511625124751951,47.25,0.5143979722374582,3.8104779720306396,0.813332736492157,0.8842715620994568,0.8842715620994568,0.0,0.18572495877742767,0.03362257778644562,0.0003660399118464303,0.1466071605682373,0.4864217936992645,4.0,48
13673,0.32302889227867126,0.43494468927383423,1.0,0.799172043800354,0.8064693808555603,0.00927734375,0.0017890308517962694,0.19283869862556458,0.022938471287488937,0.5289553999900818,294.2780456542969,0.05265381559729576,0.35351040959358215,6.5850043296813965,81.0526351928711,101.09780883789062,3.5349509716033936,10.484822273254395,0.0017588199116289616,76.6875,133.15988159179688,0.5759054384662743,65.83333587646484,0.49439316920792814,5.420260906219482,0.7714630961418152,0.871880054473877,0.871880054473877,0.0,0.4026968479156494,0.08487298339605331,0.0006373765309423948,0.31764769554138184,0.07348670810461044,4.0,48
13740,0.40474534034729004,0.6573126912117004,1.0,0.8966756463050842,0.6681636571884155,0.017578125,0.009374802000820637,0.5333220958709717,0.10131633281707764,1.9925127029418945,230.0999298095703,0.08845767378807068,0.4087671637535095,6.998831272125244,73.47222137451172,99.67179107666016,3.567902088165283,10.462696075439453,0.0018955047708004713,61.0625,163.27633666992188,0.37398254542973747,50.60416793823242,0.3099295891077842,7.093662261962891,0.7626142501831055,0.7990483045578003,0.7990483045578003,0.0,0.2910110354423523,0.16475161910057068,0.0010090354943689168,0.31210464239120483,0.3352780342102051,4.0,48
13929,0.4713039994239807,0.6050096154212952,1.0,1.2287923097610474,0.49412211775779724,0.00341796875,0.00042972314986400306,0.12572471797466278,0.007961434312164783,0.21132761240005493,448.6135559082031,0.02282176911830902,0.24321073293685913,6.038045883178711,113.28571319580078,90.92131042480469,3.3632113933563232,10.456612586975098,0.0021468265913426876,58.395835876464844,147.3512420654297,0.39630365549665186,48.3125,0.32787304212385693,6.957099914550781,0.7740648984909058,0.8300034403800964,0.8300034403800964,0.0,0.21950051188468933,0.1044531911611557,0.0007088721458329187,0.24901993572711945,0.018334854394197464,4.0,48
14090,0.3851301670074463,0.4432193636894226,1.0,0.5304988026618958,0.788728654384613,0.06201171875,0.008305678144097328,0.13393723964691162,0.041868891566991806,0.544296145439148,44.86582565307617,0.23246733844280243,0.5922585725784302,7.4212870597839355,69.73228454589844,96.91693878173828,3.0730552673339844,10.471086502075195,0.0018175523728132248,80.29167175292969,107.91793060302734,0.7440067771577271,62.10416793823242,0.575475897151196,6.847846031188965,0.9463950395584106,0.8353251218795776,0.8353251218795776,0.0,0.1869845688343048,0.06520009785890579,0.0006041637148575488,0.21381869912147522,0.11347164958715439,4.0,48
14174,0.30778390169143677,0.45081713795661926,1.0,1.0696969032287598,0.6772906184196472,0.00634765625,0.0030968973878771067,0.4878804385662079,0.07840998470783234,3.374631404876709,1672.0185546875,0.03844451159238815,0.22415795922279358,6.230093955993652,65.38461303710938,101.91893005371094,2.359323740005493,10.542726516723633,0.001225144136697054,56.75,155.35507202148438,0.3652922254672123,45.75,0.2944866839669597,5.938297271728516,0.6761788129806519,0.7981938123703003,0.7981938123703003,0.0,0.2626568078994751,0.12627004086971283,0.0008127835108217312,0.28774216771125793,0.13213428854942322,4.0,48
14198,0.41076478362083435,0.5025250315666199,0.9999999403953552,1.1801668405532837,0.5237893462181091,0.013671875,0.007460703607648611,0.5456971526145935,0.07698199898004532,1.5766865015029907,201.89700317382812,0.07226333767175674,0.40803563594818115,6.676890850067139,63.892860412597656,92.8780288696289,2.468820571899414,10.497241973876953,0.0014411822194233537,58.395835876464844,145.0533905029297,0.40258166782567956,48.520835876464844,0.3345032867200703,5.864511013031006,0.8228155970573425,0.8188141584396362,0.8188141584396362,0.0,0.36033445596694946,0.10528291761875153,0.0007258218318541604,0.35159140825271606,0.26887157559394836,4.0,48
14545,0.38616400957107544,0.5234622955322266,1.0,1.4584697484970093,0.5473006963729858,0.005859375,0.003964246716350317,0.6765647530555725,0.08603521436452866,2.7928617000579834,870.9483642578125,0.03595767915248871,0.23589840531349182,6.057423114776611,67.66666412353516,87.0108642578125,2.9568729400634766,10.50732421875,0.001840048236772418,55.5,128.29124450683594,0.4326094131288641,45.020835876464844,0.3509267997673579,6.121678829193115,0.6800775527954102,0.7695283889770508,0.7695283889770508,0.0,0.31310248374938965,0.185828298330307,0.0014484877672686412,0.33025166392326355,0.16914117336273193,4.0,48
14658,0.5645820498466492,0.6919124722480774,1.0,1.7073794603347778,0.3999595046043396,0.00927734375,0.0034420194569975138,0.37101346254348755,0.055362019687891006,1.7170453071594238,578.7889404296875,0.05265381559729576,0.31100064516067505,5.879113674163818,70.89473724365234,102.35199737548828,2.9165282249450684,10.501778602600098,0.0013915272429585457,85.6875,156.93760681152344,0.5459972388737118,67.95833587646484,0.4330277315478,7.348228454589844,0.9644432067871094,0.8695322871208191,0.8695322871208191,0.0,0.3182714879512787,0.1577206254005432,0.0010049893623005877,0.29762035608291626,0.14510931074619293,4.0,48
14703,0.3888845145702362,0.5338659286499023,1.0,1.3765650987625122,0.5724328756332397,0.00341796875,0.0011081353295594454,0.32420873641967773,0.028898024931550026,1.211233377456665,1513.401611328125,0.02282176911830902,0.18973809480667114,6.069140434265137,73.0,89.60053253173828,2.2081363201141357,10.523446083068848,0.0013109188294038177,60.04166793823242,158.28106689453125,0.37933575450592033,48.60416793823242,0.3070750588732668,7.360484600067139,0.7799801826477051,0.8570951223373413,0.8570951223373413,0.0,0.200700044631958,0.12211276590824127,0.0007714931943306571,0.22593434154987335,0.0472804419696331,4.0,48
14719,0.35483962297439575,0.5201306939125061,1.0,0.97471684217453,0.701323390007019,0.0244140625,0.007867720909416676,0.32226184010505676,0.07679783552885056,1.4598174095153809,197.97019958496094,0.1147531270980835,0.43798208236694336,7.166296482086182,81.69999694824219,108.35726165771484,4.359511852264404,10.349996566772461,0.0028620753437280655,54.645835876464844,117.922119140625,0.46340615543606617,44.645835876464844,0.3786044229703636,4.877141952514648,0.7193254828453064,0.7426704168319702,0.7426704168319702,0.0,0.28965887427330017,0.12037518620491028,0.0010208024336057929,0.340561181306839,0.2555081248283386,4.0,48
14890,0.3800191879272461,0.5423142910003662,1.0,0.9839540719985962,0.7494214773178101,0.009765625,0.0011272227857261896,0.11542761325836182,0.015340638346970081,0.36953455209732056,331.05023193359375,0.05492175742983818,0.34219375252723694,6.822041988372803,68.5999984741211,100.5108413696289,4.670777320861816,10.485736846923828,0.0023289863020181656,65.54167175292969,148.05686950683594,0.44267903250160756,54.770835876464844,0.36993106807676157,5.993435859680176,0.8290051817893982,0.8405232429504395,0.8405232429504395,0.0,0.26205000281333923,0.10406260192394257,0.0007028556139511604,0.2584988474845886,0.046468038111925125,4.0,48
14979,0.3476625680923462,0.4564843773841858,1.0,0.9069042205810547,0.6978440284729004,0.01416015625,0.00308119785040617,0.21759632229804993,0.032829973846673965,0.6886725425720215,244.20985412597656,0.07434378564357758,0.40540143847465515,6.906378746032715,72.13793182373047,120.76093292236328,5.399571418762207,10.316557884216309,0.0036163930781185627,63.4375,124.81078338623047,0.5082693840532047,50.770835876464844,0.406782446956408,5.846275329589844,0.785319447517395,0.8054971694946289,0.8054971694946289,0.0,0.4856705665588379,0.12133696675300598,0.0009721673356364063,0.44968682527542114,0.1070522740483284,4.0,48
15245,0.239754319190979,0.38465210795402527,1.0,0.7424036860466003,0.8519763946533203,0.0185546875,0.0018843139987438917,0.10155460983514786,0.01697876863181591,0.2997371256351471,133.3865966796875,0.09235962480306625,0.44073545932769775,7.1726484298706055,74.92105102539062,90.87960815429688,3.4155876636505127,10.49969482421875,0.0015975714195519686,77.29167175292969,130.1959228515625,0.5936566219136833,65.91667175292969,0.5062882946266987,5.746990203857422,0.8502607345581055,0.8833419680595398,0.8833419680595398,0.0,0.602597177028656,0.06858037412166595,0.0005267474788330166,0.4946112632751465,0.05738276243209839,4.0,48
15293,0.41157016158103943,0.7001904845237732,1.0,2.0614426136016846,0.40396443009376526,0.00341796875,0.003980256617069244,1.1645094156265259,0.11241429299116135,4.348350524902344,1216.0721435546875,0.02282176911830902,0.15596051514148712,5.689704895019531,56.42856979370117,114.39722442626953,5.077422142028809,10.449020385742188,0.0026857596822082996,64.10417175292969,122.31504821777344,0.5240906387377272,51.958335876464844,0.4247910345398281,5.542531490325928,0.7472516894340515,0.8315963745117188,0.8315963745117188,0.0,0.266789972782135,0.10441925376653671,0.0008536909830758403,0.3010469675064087,0.1698242872953415,4.0,48
15553,0.35748735070228577,0.5045627951622009,1.0,1.3066465854644775,0.5828717350959778,0.00732421875,0.006110980175435543,0.8343524932861328,0.10236198455095291,2.883640766143799,533.5265502929688,0.0433073565363884,0.29510992765426636,6.237800598144531,60.53333282470703,91.1422119140625,2.597818374633789,10.524569511413574,0.001257632626220584,60.79166793823242,132.46249389648438,0.45893494939895974,50.208335876464844,0.37903812917723584,5.48783016204834,0.8442880511283875,0.8237556219100952,0.8237556219100952,0.0,0.2938552796840668,0.10581203550100327,0.0007988075143421673,0.31492510437965393,0.2607351541519165,4.0,48
15642,0.2501937448978424,0.44534680247306824,1.0,1.1077330112457275,0.818103551864624,0.013671875,0.0035579269751906395,0.2602369487285614,0.04261379316449165,1.0462331771850586,291.446533203125,0.07226333767175674,0.3788343071937561,6.925236225128174,75.25,85.95292663574219,5.016239643096924,10.484991073608398,0.002326427958905697,66.875,114.89996337890625,0.5820280357587727,55.60416793823242,0.4839354713284537,4.713723659515381,0.8840374946594238,0.8500709533691406,0.8500709533691406,0.0,0.4600445330142975,0.14779096841812134,0.0012862577502996033,0.37268078327178955,0.13694657385349274,4.0,48
15721,0.319965660572052,0.43016722798347473,0.9999999403953552,0.919823944568634,0.6697479486465454,0.0087890625,0.0034333341754972935,0.3906371295452118,0.05392473191022873,1.5546808242797852,485.01531982421875,0.05035991966724396,0.3095156252384186,6.744875907897949,79.83333587646484,119.98976135253906,5.097721576690674,10.40920639038086,0.0026941264513880014,60.79166793823242,155.80450439453125,0.39017914257724384,51.8125,0.3325481519165446,6.157955169677734,0.7975308299064636,0.8583391904830933,0.8583391904830933,0.0,0.3232026696205139,0.1141149252653122,0.0007324237877553519,0.30725380778312683,0.14612792432308197,4.0,48
15774,0.4169677793979645,0.4673727750778198,1.0,0.942607045173645,0.6643811464309692,0.00341796875,0.00046575532178394496,0.13626669347286224,0.010274030268192291,0.2962139844894409,621.4888916015625,0.02282176911830902,0.20267470180988312,5.860272407531738,57.71428680419922,87.2484130859375,2.7700536251068115,10.477080345153809,0.0018100363668054342,56.708335876464844,269.6230163574219,0.21032453623761485,45.4375,0.16852233393191182,13.477686882019043,0.9257742762565613,0.8096477389335632,0.8096477389335632,0.0,0.8653534650802612,0.16935288906097412,0.0006281099119156533,1.0906763076782227,0.019872227683663368,4.0,48
15941,0.27827414870262146,0.4503768980503082,0.9999999403953552,1.0257046222686768,0.7297351956367493,0.01171875,0.0042742472141981125,0.36473575234413147,0.056477658450603485,1.2196487188339233,276.91925048828125,0.0637580007314682,0.34833866357803345,6.7377166748046875,70.5,105.26206970214844,4.184048175811768,10.4267578125,0.0024282033555209637,64.375,116.5923080444336,0.55213762446443,52.5625,0.4508230506549376,5.799005508422852,0.9174809455871582,0.7995291948318481,0.7995291948318481,0.0,0.4010126292705536,0.13888667523860931,0.0011912164494913946,0.4012339413166046,0.17590580880641937,4.0,48
15965,0.3922019898891449,0.47126060724258423,1.0,0.964091956615448,0.6748389005661011,0.0302734375,0.011301017366349697,0.37329810857772827,0.09312069416046143,2.067629337310791,185.95852661132812,0.13569138944149017,0.48079925775527954,7.048917770385742,67.16129302978516,73.54473876953125,1.7505358457565308,10.515889167785645,0.0012378412066027522,74.8125,87.99681854248047,0.8501727815918997,58.85416793823242,0.6688215427144375,6.221879959106445,0.9999856352806091,0.7943002581596375,0.7943002581596375,0.0,0.15217457711696625,0.0621253177523613,0.0007059950436197912,0.21772325038909912,0.3037944734096527,4.0,48
16020,0.40355202555656433,0.5405970215797424,1.0,0.8850805759429932,0.5668895244598389,0.0087890625,0.0010366045171394944,0.11794255673885345,0.015746554359793663,0.43373650312423706,452.6980285644531,0.05035991966724396,0.3192451298236847,6.764077186584473,82.44444274902344,90.60102844238281,3.1301872730255127,10.476398468017578,0.0017228276701644063,71.64583587646484,158.9727020263672,0.45068011651506606,61.270835876464844,0.3854173395281933,5.455791473388672,0.7939276695251465,0.8499965667724609,0.8499965667724609,0.0,0.49131712317466736,0.09550565481185913,0.000600767638647866,0.3788819909095764,0.04391172155737877,4.0,48
16052,0.5026049017906189,0.7175701856613159,1.0,2.300187110900879,0.355709433555603,0.0029296875,0.0034934321884065866,1.1924248933792114,0.09981901198625565,3.857692003250122,1199.4012451171875,0.020013848319649696,0.14528077840805054,5.580092430114746,56.0,123.41079711914062,5.279770851135254,10.396721839904785,0.0029193335212767124,62.520835876464844,136.55441284179688,0.4578455911514115,49.22916793823242,0.36050953543084,7.583310604095459,0.7706343531608582,0.802304744720459,0.802304744720459,0.0,0.35590606927871704,0.13836638629436493,0.001013269241211081,0.40163031220436096,0.14905311167240143,4.0,48
16141,0.4104268252849579,0.49970561265945435,1.0,0.7745839357376099,0.6670694351196289,0.01904296875,0.006308786571025848,0.33129218220710754,0.06574364006519318,1.5113098621368408,253.18954467773438,0.09429078549146652,0.41887062788009644,6.847015380859375,85.84615325927734,90.8128890991211,3.2099225521087646,10.463936805725098,0.002126928884536028,63.395835876464844,108.07215881347656,0.5866065466501382,49.895835876464844,0.4616900080432737,6.686239242553711,0.8882502317428589,0.7905806303024292,0.7905806303024292,0.0,0.38000819087028503,0.1351592242717743,0.0012506387005051074,0.3954814076423645,0.2150442749261856,4.0,48
16285,0.4396475851535797,0.5012180209159851,0.9999999403953552,1.7568511962890625,0.5371302962303162,0.00390625,0.001067624194547534,0.2733117938041687,0.026376819238066673,0.945429801940918,978.8233642578125,0.02555946074426174,0.18846102058887482,6.128997802734375,65.375,73.7890625,1.9149107933044434,10.527027130126953,0.0011356729082763195,49.270835876464844,202.05078125,0.24385372612374545,37.97916793823242,0.1879684290325046,10.167501449584961,0.8984470367431641,0.7799234390258789,0.7799234390258789,0.0,0.8924672603607178,0.10971473157405853,0.0005430057280148649,1.3020819425582886,0.04555196687579155,4.0,48
16480,0.3598562180995941,0.44117894768714905,1.0,0.932845413684845,0.7049977779388428,0.021484375,0.0066474322229623795,0.3094077408313751,0.06836381554603577,1.420039176940918,244.6430206298828,0.10376113653182983,0.4271096885204315,7.099882125854492,80.0,101.6702651977539,4.125881195068359,10.422643661499023,0.0025244057178497314,53.020835876464844,113.836181640625,0.4657643563554448,43.8125,0.3848732394632235,5.155959129333496,0.818333089351654,0.763459324836731,0.763459324836731,0.0,0.2580316364765167,0.11592619121074677,0.001018359800283325,0.3027815520763397,0.2193012833595276,4.0,48
16485,0.39247211813926697,0.6080130934715271,1.0,1.0189696550369263,0.6802427768707275,0.0283203125,0.010715420357882977,0.3783651888370514,0.09549018740653992,2.034193992614746,228.11471557617188,0.12885403633117676,0.4666059911251068,7.302639007568359,72.74137878417969,76.51231384277344,2.630094528198242,10.50471305847168,0.0016220201505348086,61.645835876464844,92.25914001464844,0.668181340732151,48.85416793823242,0.529532010868303,3.848316192626953,0.7222446203231812,0.7997692823410034,0.7997692823410034,0.0,0.26786625385284424,0.05836942046880722,0.0006326681611514366,0.3222309947013855,0.3075146973133087,4.0,48
16576,0.36846959590911865,0.5838299989700317,1.0,1.3744860887527466,0.5698877573013306,0.0068359375,0.001249370165169239,0.18276500701904297,0.02118545211851597,0.7173416018486023,711.748046875,0.04089350998401642,0.2933445870876312,6.440155982971191,71.78571319580078,93.63633728027344,2.352691650390625,10.527056694030762,0.0013647035229951143,58.54166793823242,146.74041748046875,0.39894712676577254,47.79166793823242,0.3256885100612218,6.258668422698975,0.8615716695785522,0.8258970975875854,0.8258970975875854,0.0,0.6103077530860901,0.11144591867923737,0.0007594766362612818,0.5847719311714172,0.0533064603805542,4.0,48
16708,0.452104389667511,0.5116032361984253,1.0,0.5847176909446716,0.7364923357963562,0.06591796875,0.008957785554230213,0.13589292764663696,0.04707891494035721,0.6293343305587769,61.26548767089844,0.24294963479042053,0.590739905834198,7.367330551147461,69.4888916015625,81.963623046875,2.856499433517456,10.477422714233398,0.001916833221912384,59.6875,76.10262298583984,0.7843027960187762,47.1875,0.6200509015645822,3.653388023376465,0.6529324054718018,0.7883731126785278,0.7883731126785278,0.0,0.1461045742034912,0.05401502549648285,0.0007097656213431117,0.16810686886310577,0.13871830701828003,4.0,48
17002,0.4302704930305481,0.524844765663147,1.0,0.6029244661331177,0.7231614589691162,0.0185546875,0.0028088968247175217,0.15138475596904755,0.027341339737176895,0.5005524158477783,165.91575622558594,0.09235962480306625,0.42745116353034973,7.155736446380615,78.31578826904297,78.90204620361328,1.8707606792449951,10.486855506896973,0.0013624910498037934,67.58333587646484,102.21183776855469,0.6612084993803395,55.625,0.5442128936230791,4.252289772033691,0.7921854853630066,0.7993244528770447,0.7993244528770447,0.0,0.31378769874572754,0.06444542855024338,0.0006305084611614804,0.3370043933391571,0.09418722242116928,4.0,48
17165,0.3371008336544037,0.5833133459091187,0.9999999403953552,1.0990910530090332,0.6591681838035583,0.02392578125,0.011706496588885784,0.4892837703227997,0.11717075854539871,2.835660457611084,282.71356201171875,0.11294737458229065,0.43928778171539307,7.124001979827881,73.26530456542969,116.14350128173828,4.8438334465026855,10.393376350402832,0.0026069185696542263,66.85417175292969,168.88323974609375,0.39586031064706295,55.04166793823242,0.3259155142791271,6.628381252288818,0.9138015508651733,0.8522582054138184,0.8522582054138184,0.0,0.30812788009643555,0.19826826453208923,0.0011739960982418043,0.29386836290359497,0.37416067719459534,4.0,48
17342,0.45901909470558167,0.5614053010940552,1.0,0.9826467037200928,0.6087263822555542,0.0380859375,0.016822662204504013,0.4417027235031128,0.12282516062259674,2.603602409362793,168.52667236328125,0.1618127077817917,0.5164745450019836,6.9483537673950195,70.0897445678711,93.90422058105469,2.6042041778564453,10.482545852661133,0.0015448324847966433,73.22917175292969,123.75822448730469,0.5917115573561298,60.9375,0.49239151779627505,5.626367092132568,0.8994378447532654,0.8252105712890625,0.8252105712890625,0.0,0.15232530236244202,0.1116388589143753,0.0009020722409992774,0.15499579906463623,0.38538840413093567,4.0,48
17769,0.4839780330657959,0.593873143196106,0.9999999403953552,1.2443687915802002,0.5597997903823853,0.01611328125,0.005323273595422506,0.3303655982017517,0.05385131388902664,0.9111542701721191,151.256103515625,0.08250018209218979,0.41054901480674744,6.618399620056152,67.63636016845703,82.58675384521484,2.2931582927703857,10.5086669921875,0.0013868383830413222,63.0625,128.8917236328125,0.48926725640476454,53.04166793823242,0.41152113137397883,7.284601211547852,1.109169840812683,0.7976815104484558,0.7976815104484558,0.0,0.20394574105739594,0.1352437287569046,0.0010492817144077838,0.22171173989772797,0.19112356007099152,4.0,48
17899,0.47283419966697693,0.6748392581939697,1.0,2.4709372520446777,0.3575340509414673,0.0068359375,0.008721476420760155,1.275827407836914,0.13508367538452148,3.5170376300811768,438.02581787109375,0.04089350998401642,0.30587902665138245,6.002121925354004,60.0,114.56029510498047,4.820869445800781,10.435323715209961,0.002385401399806142,72.08333587646484,136.47842407226562,0.5281665315318624,57.35416793823242,0.4202434804175408,7.899186611175537,0.8950571417808533,0.8071154356002808,0.8071154356002808,0.0,0.44470563530921936,0.17973600327968597,0.0013169554417725824,0.4367848336696625,0.3721163272857666,4.0,48
17927,0.23582088947296143,0.2893434762954712,0.9999999403953552,0.7944380044937134,0.8330934047698975,0.0126953125,0.0022727949544787407,0.1790263056755066,0.029927074909210205,0.8322038650512695,407.29559326171875,0.06804874539375305,0.3605758249759674,6.934572219848633,70.88461303710938,92.65898132324219,2.4514570236206055,10.52101993560791,0.0012911342782899737,76.6875,159.97850036621094,0.47936128804595013,65.375,0.40864866120298604,6.1541290283203125,0.7866349220275879,0.9084347486495972,0.9084347486495972,0.0,0.5300019979476929,0.12337784469127655,0.0007712151595441698,0.4031260907649994,0.09015686064958572,4.0,48
17932,0.44876575469970703,0.5317431688308716,0.9999999403953552,1.2520228624343872,0.653340756893158,0.00732421875,0.0030786311253905296,0.4203357696533203,0.052409492433071136,1.5348341464996338,503.5241394042969,0.0433073565363884,0.2838165760040283,6.420614242553711,68.33333587646484,82.12763977050781,3.0917325019836426,10.507001876831055,0.0017583853332325816,61.85416793823242,166.56968688964844,0.3713410830597111,51.375,0.30842946850798475,6.617926597595215,0.8336796164512634,0.8574668765068054,0.8574668765068054,0.0,0.3543248772621155,0.2651996612548828,0.001592124390644109,0.3316439092159271,0.1313549131155014,4.0,48
17943,0.42197760939598083,0.5067176222801208,1.0,0.9002046585083008,0.6398242712020874,0.015625,0.005484902299940586,0.3510337471961975,0.059314120560884476,1.307370662689209,255.98745727539062,0.08048483729362488,0.4073633849620819,6.739142417907715,62.65625,114.79010009765625,4.885977745056152,10.368917465209961,0.003177767852321267,43.8125,167.76522827148438,0.26115363981437995,35.0,0.20862487631391266,6.4940032958984375,0.8178025484085083,0.8097850680351257,0.8097850680351257,0.0,0.4784928858280182,0.10527458041906357,0.0006275113233978911,0.4138838052749634,0.19017766416072845,4.0,48
17955,0.41645440459251404,0.6349484324455261,0.9999999403953552,1.5848897695541382,0.4565083384513855,0.0126953125,0.00637918571010232,0.5024835467338562,0.07821071147918701,2.0701897144317627,369.6728515625,0.06804874539375305,0.3743124306201935,6.537972927093506,63.384613037109375,88.24420928955078,2.381916046142578,10.509805679321289,0.0014334369916468859,59.66666793823242,142.03057861328125,0.4200973376056642,48.270835876464844,0.339862277154396,6.382480621337891,0.9011210203170776,0.8327206969261169,0.8327206969261169,0.0,0.19766293466091156,0.1521148979663849,0.001071001043865709,0.23308336734771729,0.24524958431720734,4.0,48
18117,0.3368465006351471,0.4674687385559082,1.0,1.4509402513504028,0.5733838081359863,0.01318359375,0.007940568029880524,0.6023067831993103,0.11386752128601074,3.001063346862793,411.7196044921875,0.07016520947217941,0.34047794342041016,6.731973648071289,75.14814758300781,143.1715545654297,6.450780391693115,10.332564353942871,0.00363295990973711,73.08333587646484,142.89634704589844,0.5114429961451427,57.875,0.405013852295051,7.706834316253662,0.983832061290741,0.8328207731246948,0.8328207731246948,0.0,0.516914963722229,0.16401603817939758,0.0011477972779474726,0.45823732018470764,0.3229680061340332,4.0,48
18133,0.42533349990844727,0.6261206269264221,1.0,0.8828059434890747,0.6510542631149292,0.013671875,0.0034314326476305723,0.250984787940979,0.03971424326300621,1.041893720626831,336.6329040527344,0.07226333767175674,0.3911569118499756,6.851644515991211,75.03571319580078,101.09544372558594,3.706109046936035,10.504252433776855,0.0018979052547365427,54.770835876464844,157.6605224609375,0.34739727496819045,44.875,0.2846305422352769,6.089149475097656,0.7418093085289001,0.8386327624320984,0.8386327624320984,0.0,0.2979239821434021,0.10124291479587555,0.0006421576765644568,0.2079416662454605,0.12534044682979584,4.0,48
18150,0.51334148645401,0.7100698947906494,1.0,1.88914954662323,0.39811089634895325,0.00244140625,0.0005382468807511032,0.22046592831611633,0.011581676080822945,0.321625292301178,572.1797485351562,0.01712392456829548,0.20202551782131195,5.617256164550781,73.5999984741211,100.18074798583984,2.3338446617126465,10.509147644042969,0.0012620821362361312,61.020835876464844,185.44635009765625,0.32904845978926367,48.458335876464844,0.26130649564326053,9.602599143981934,0.7927732467651367,0.8799943923950195,0.8799943923950195,0.0,0.2680952250957489,0.12999339401721954,0.0007009757481975521,0.2598152756690979,0.0229652002453804,4.0,48
18363,0.41310033202171326,0.5197184085845947,1.0,0.917117714881897,0.6356954574584961,0.07080078125,0.024801986292004585,0.3503066897392273,0.13725882768630981,1.9530689716339111,81.96530151367188,0.25570541620254517,0.5877033472061157,7.373015403747559,67.64827728271484,93.61422729492188,2.5915753841400146,10.512149810791016,0.001427158946171403,81.25,138.14439392089844,0.5881527124484129,66.0625,0.4782133977369019,6.109726905822754,0.9512263536453247,0.8580179214477539,0.8580179214477539,0.0,0.19525499641895294,0.11305344104766846,0.0008183715446623133,0.21350589394569397,0.4228971004486084,4.0,48
18443,0.3508492112159729,0.4803030788898468,1.0,0.7004669308662415,0.6949242353439331,0.03076171875,0.007096963003277779,0.23070761561393738,0.05526547506451607,0.9545683860778809,140.60960388183594,0.13738007843494415,0.4912475347518921,7.341753005981445,82.44444274902344,108.5027847290039,2.473296880722046,10.512457847595215,0.0011943031568080187,68.33333587646484,166.00457763671875,0.4116352503356134,56.395835876464844,0.3397245827550802,5.984058380126953,0.8485361933708191,0.8596314191818237,0.8596314191818237,0.0,0.30039745569229126,0.12717336416244507,0.0007660834777284756,0.2548225522041321,0.1743561178445816,4.0,48
18865,0.44378527998924255,0.5802291035652161,1.0,1.7731918096542358,0.45573753118515015,0.0166015625,0.0051103075966238976,0.3078208863735199,0.05245695263147354,1.0142123699188232,198.18710327148438,0.08450048416852951,0.4158046841621399,6.569194793701172,71.85294342041016,95.88917541503906,1.9343676567077637,10.528470993041992,0.0010752256494015455,90.20833587646484,145.6024169921875,0.6195524616539131,71.875,0.4936387834751408,9.045526504516602,1.044924020767212,0.8524782657623291,0.8524782657623291,0.0,0.32603052258491516,0.1482105404138565,0.0010179126381647209,0.29540035128593445,0.1794523447751999,4.0,48
18909,0.35555505752563477,0.5712154507637024,1.0,1.1888549327850342,0.6337621808052063,0.015625,0.010633525438606739,0.6805456280708313,0.14146757125854492,3.6653127670288086,390.29827880859375,0.08048483729362488,0.3611665368080139,6.889468193054199,71.96875,92.2252426147461,3.6556077003479004,10.481965065002441,0.0022946293465793133,66.6875,119.22219848632812,0.5593547245486661,54.22916793823242,0.45485797630130603,5.700032711029053,0.8020429611206055,0.7873234748840332,0.7873234748840332,0.0,0.20727455615997314,0.14839056134223938,0.0012446554686442023,0.29093217849731445,0.42023196816444397,4.0,48
19024,0.21233892440795898,0.26149579882621765,1.0,0.9169845581054688,0.8822765946388245,0.00537109375,0.003182521788403392,0.5925276875495911,0.08083095401525497,3.2132744789123535,1265.0728759765625,0.03342986851930618,0.19072343409061432,6.175873756408691,73.7272720336914,88.66686248779297,3.2982704639434814,10.529468536376953,0.0018018055707216263,83.125,145.42059326171875,0.5716178027460026,69.9375,0.48093257238554654,6.228635787963867,0.9245171546936035,0.8890590667724609,0.8890590667724609,0.0,0.6202266812324524,0.10135375708341599,0.0006969697675076612,0.5217382907867432,0.13578759133815765,4.0,48
19257,0.4765879809856415,0.664660632610321,1.0,1.5138190984725952,0.46055275201797485,0.00341796875,0.0008609403157606721,0.2518865466117859,0.018005117774009705,0.4678187966346741,542.56396484375,0.02282176911830902,0.21613846719264984,5.898344993591309,73.0,104.78690338134766,3.9521191120147705,10.426189422607422,0.002368113026022911,62.645835876464844,141.80796813964844,0.4417652737986864,51.583335876464844,0.3637548478378133,5.442783355712891,0.735120952129364,0.8430782556533813,0.8430782556533813,0.0,0.22370906174182892,0.11554878950119019,0.0008148257887684617,0.2445317804813385,0.03673345223069191,4.0,48
19260,0.3524155616760254,0.4548536241054535,1.0,1.181079626083374,0.5667686462402344,0.009765625,0.002172844484448433,0.222499281167984,0.03475077077746391,1.037004828453064,629.2731323242188,0.05492175742983818,0.3218037486076355,6.688455581665039,84.6500015258789,87.90351867675781,3.0669515132904053,10.518024444580078,0.00148658431135118,76.375,119.38545989990234,0.6397345209176946,63.10416793823242,0.5285749871538443,5.1414384841918945,0.8974229097366333,0.8166552782058716,0.8166552782058716,0.0,0.3682692050933838,0.11968361586332321,0.0010024974226647524,0.33808183670043945,0.09026753902435303,4.0,48
19308,0.32697421312332153,0.40306979417800903,0.9999999403953552,1.4387922286987305,0.6123993396759033,0.00439453125,0.0009867459302768111,0.22453951835632324,0.017784593626856804,0.42262792587280273,404.8396301269531,0.02823571488261223,0.25404927134513855,6.0807108879089355,82.88888549804688,91.82875061035156,3.1756138801574707,10.503388404846191,0.001731589436531067,52.6875,143.1389617919922,0.36808636402493944,43.020835876464844,0.3005529405472192,6.001206874847412,0.9131945967674255,0.8596963286399841,0.8596963286399841,0.0,0.2857360243797302,0.1346866935491562,0.0009409506108858869,0.2993233799934387,0.04210115969181061,4.0,48
19338,0.4567607045173645,0.591880202293396,1.0,1.2629131078720093,0.4902832806110382,0.00439453125,0.002465085592120886,0.5609439015388489,0.0496537871658802,1.6615190505981445,749.3046875,0.02823571488261223,0.23729509115219116,6.189931392669678,72.77777862548828,88.20087432861328,2.2995548248291016,10.511547088623047,0.0013494533486664295,51.375,219.936279296875,0.23359038427815243,40.75,0.18528093740797494,11.76368236541748,0.8479694724082947,0.8421380519866943,0.8421380519866943,0.0,0.44336405396461487,0.16698238253593445,0.0007592307329294478,0.38135576248168945,0.10517698526382446,4.0,48
19352,0.4083305299282074,0.5645046234130859,1.0,0.8054872751235962,0.6373394727706909,0.01416015625,0.00224129157140851,0.15828154981136322,0.031047826632857323,1.0010244846343994,600.184326171875,0.07434378564357758,0.3600707948207855,6.822700500488281,80.17241668701172,104.47942352294922,3.2154922485351562,10.451526641845703,0.0019563096575438976,69.22917175292969,140.5058135986328,0.49271393101044025,56.41666793823242,0.40152550623546673,5.872496604919434,0.7631853818893433,0.8410526514053345,0.8410526514053345,0.0,0.26188790798187256,0.09785038232803345,0.0006964151860690084,0.2710167467594147,0.08697792142629623,4.0,48
19492,0.295419842004776,0.5421732068061829,0.9999999403953552,1.369634747505188,0.5988757610321045,0.00244140625,0.0010258702095597982,0.42019644379615784,0.02606453374028206,0.8161687850952148,905.9390258789062,0.01712392456829548,0.172906294465065,5.561300754547119,68.0,86.97867584228516,2.5278942584991455,10.516996383666992,0.001293378183618188,54.958335876464844,153.92999267578125,0.3570346163054254,44.66666793823242,0.2901752099047449,6.7806596755981445,0.706012487411499,0.8631526231765747,0.8631526231765747,0.0,0.2496633678674698,0.10913803428411484,0.0007090108456439632,0.2127816081047058,0.04377046227455139,4.0,48
19529,0.430713027715683,0.502771258354187,1.0,0.727733850479126,0.6440662145614624,0.025390625,0.004625486675649881,0.1821730136871338,0.03546586260199547,0.5853068828582764,109.56963348388672,0.1183348149061203,0.4864993691444397,7.0431013107299805,82.86538696289062,132.45388793945312,6.460093975067139,10.284019470214844,0.004089510068297386,73.58333587646484,93.29307556152344,0.7887330911290619,58.208335876464844,0.6239298631744565,5.979964733123779,0.9546884298324585,0.7430533766746521,0.7430533766746521,0.0,0.5330016016960144,0.1233142763376236,0.001321794523143192,0.5942667126655579,0.11602434515953064,4.0,48
19651,0.344073623418808,0.4187045991420746,0.9999999403953552,0.7119388580322266,0.6650169491767883,0.00439453125,0.0008207047358155251,0.1867559254169464,0.016420837491750717,0.4551936388015747,582.177978515625,0.02823571488261223,0.23450881242752075,6.278751373291016,76.77777862548828,99.10172271728516,2.269467830657959,10.513774871826172,0.0012301479000598192,54.520835876464844,152.0072021484375,0.35867271486016583,44.85416793823242,0.29507922849261314,5.582518577575684,0.7022578120231628,0.8382667899131775,0.8382667899131775,0.0,0.1994471549987793,0.13227590918540955,0.0008701950125201174,0.24691343307495117,0.0350167341530323,4.0,48
19735,0.36414405703544617,0.4919135868549347,1.0,0.5997399091720581,0.7818107604980469,0.0078125,0.0009410519851371646,0.12045465409755707,0.013817247934639454,0.4090261459350586,474.12738037109375,0.04568839073181152,0.3237842917442322,6.644900321960449,73.1875,92.02600860595703,2.9866695404052734,10.455815315246582,0.002079182304441929,50.10416793823242,92.46257019042969,0.5418859526576256,41.875,0.45288596141366405,3.8424811363220215,0.591935396194458,0.7971698045730591,0.7971698045730591,0.0,0.2243560552597046,0.06915401667356491,0.0007479136316853492,0.30573153495788574,0.040151551365852356,4.0,48
19742,0.3067147135734558,0.48174336552619934,1.0,1.4086753129959106,0.6620118618011475,0.0029296875,0.0017181963194161654,0.5864776968955994,0.048354946076869965,2.071169376373291,1644.772705078125,0.020013848319649696,0.17073288559913635,5.734772205352783,71.33333587646484,92.45266723632812,4.2262725830078125,10.459466934204102,0.002112174406647682,58.16666793823242,120.80291748046875,0.4815005228894553,46.72916793823242,0.3868215181302994,5.395595550537109,0.8472673892974854,0.8473209142684937,0.8473209142684937,0.0,0.3167857825756073,0.13068492710590363,0.0010818027397079591,0.3213479518890381,0.07330971211194992,4.0,48
19899,0.49374327063560486,0.6108279824256897,0.9999999403953552,0.8225144147872925,0.6151987314224243,0.03759765625,0.010039512068033218,0.2670249342918396,0.08535372465848923,2.6892635822296143,509.78802490234375,0.16023273766040802,0.503470242023468,7.272451400756836,80.14286041259766,88.56048583984375,3.9258644580841064,10.459770202636719,0.0025983669329434633,64.64583587646484,107.54098510742188,0.60112742882055,53.25,0.4951600540190085,4.657340049743652,0.8934805393218994,0.7854856252670288,0.7854856252670288,0.0,0.40268179774284363,0.08569112420082092,0.0007968229425019353,0.40613844990730286,0.24011611938476562,4.0,48
20017,0.2605300545692444,0.30546286702156067,1.0,0.870603621006012,0.7034583687782288,0.00244140625,0.0001659049594309181,0.06795467436313629,0.0036702866200357676,0.10187692940235138,599.8411254882812,0.01712392456829548,0.1968253254890442,5.69489049911499,66.0,117.82568359375,5.091639995574951,10.390436172485352,0.003064593067392707,54.25,119.29069519042969,0.454771429647973,43.47916793823242,0.3644807993211847,5.249759197235107,0.6403717994689941,0.8267049789428711,0.8267049789428711,0.0,0.26357465982437134,0.08622565120458603,0.0007228195883988397,0.27803996205329895,0.007078611757606268,4.0,48
20092,0.5534803867340088,0.6770718097686768,1.0,2.684999942779541,0.36684125661849976,0.00439453125,0.009421045891940594,2.1438112258911133,0.1677219122648239,3.77451229095459,394.7164611816406,0.02823571488261223,0.2567678391933441,5.699307441711426,57.0,75.10934448242188,2.2772257328033447,10.500207901000977,0.0015015730168670416,75.66667175292969,120.845458984375,0.6261441048972453,61.833335876464844,0.5116728124582903,6.6212158203125,1.0363095998764038,0.7920417785644531,0.7920417785644531,0.0,0.26053425669670105,0.10646601766347885,0.0008810096676320667,0.27215903997421265,0.40196463465690613,4.0,48
20132,0.39385557174682617,0.43950679898262024,1.0,0.5366251468658447,0.7334927916526794,0.04345703125,0.006505978759378195,0.14971061050891876,0.04454566538333893,0.7745898962020874,120.2472152709961,0.17877927422523499,0.5297093391418457,7.360293388366699,79.48314666748047,118.74366760253906,4.8041486740112305,10.399035453796387,0.002912095282226801,74.375,115.3025131225586,0.6450423150317123,59.0,0.5116974331007869,6.8225417137146,0.9822089076042175,0.8272557258605957,0.8272557258605957,0.0,0.1668516993522644,0.0803430825471878,0.000696802527233909,0.17552247643470764,0.14132733643054962,4.0,48
20310,0.30101868510246277,0.38761869072914124,1.0,1.006582498550415,0.6812788248062134,0.015625,0.0030230022966861725,0.19347214698791504,0.03066840022802353,0.6934422850608826,212.3300018310547,0.08048483729362488,0.4141308069229126,7.008474826812744,70.53125,102.330078125,2.97564435005188,10.518762588500977,0.0013007044326514006,61.770835876464844,166.791259765625,0.37034815828816037,51.020835876464844,0.305896339802819,5.979002952575684,0.8311053514480591,0.8597347736358643,0.8597347736358643,0.0,0.40959441661834717,0.1958473026752472,0.0011742060281738364,0.35702234506607056,0.10329624265432358,4.0,48
20540,0.327785462141037,0.3765774071216583,0.9999999403953552,0.718410313129425,0.671015739440918,0.013671875,0.0019640158861875534,0.1436537355184555,0.02316487580537796,0.4447983205318451,249.45933532714844,0.07226333767175674,0.3790893852710724,7.024724006652832,82.10713958740234,110.2813949584961,4.726332664489746,10.409656524658203,0.002720191841945052,59.020835876464844,121.25899505615234,0.48673367154549046,49.97916793823242,0.412168746004917,4.92678165435791,0.6639423966407776,0.7981476783752441,0.7981476783752441,0.0,0.5050984025001526,0.09703303873538971,0.0008002131197149848,0.46656695008277893,0.0766148790717125,4.0,48
20647,0.39030805230140686,0.48124635219573975,1.0,0.6938543319702148,0.6664128303527832,0.01611328125,0.0030700378119945526,0.19052840769290924,0.03114587441086769,0.5569053888320923,172.19029235839844,0.08250018209218979,0.413505882024765,6.851176738739014,74.36363983154297,105.90115356445312,2.667644500732422,10.479276657104492,0.0015146022196859121,84.39583587646484,150.0389404296875,0.562492881042373,67.52083587646484,0.4500220787923172,9.182703971862793,1.1007299423217773,0.8229028582572937,0.8229028582572937,0.0,0.4592623710632324,0.1526927798986435,0.0010176876712883931,0.4040759801864624,0.10641293972730637,4.0,48
20688,0.3188082277774811,0.441922128200531,0.9999999403953552,0.9567617177963257,0.785097599029541,0.037109375,0.007274471689015627,0.19602787494659424,0.05199121683835983,1.2607038021087646,210.37022399902344,0.15864618122577667,0.5208939909934998,7.301108360290527,74.89473724365234,102.21170043945312,4.0879693031311035,10.501636505126953,0.001882130396552384,88.875,154.00503540039062,0.5770915201776815,73.60417175292969,0.4779335400091967,6.386004447937012,0.9817191958427429,0.8672866821289062,0.8672866821289062,0.0,0.4036187529563904,0.1008417159318924,0.0006547949270825508,0.2949460744857788,0.1579352617263794,4.0,48
20861,0.3508264720439911,0.4295397996902466,1.0000001192092896,0.5768311023712158,0.7917259931564331,0.01220703125,0.0015317362267524004,0.1254798322916031,0.02259436808526516,0.6880617141723633,595.685302734375,0.06591325998306274,0.3447960615158081,6.856639862060547,71.95999908447266,116.40437316894531,4.581613540649414,10.39712142944336,0.002803922863677144,60.5,102.0128173828125,0.5930627302159253,49.54166793823242,0.4856416007751882,4.160505294799805,0.6947258710861206,0.8477289080619812,0.8477289080619812,0.0,0.283504456281662,0.05768666788935661,0.000565484508355722,0.29293057322502136,0.060879405587911606,4.0,48
20989,0.37954822182655334,0.5009787082672119,1.0,1.9891562461853027,0.455223947763443,0.00244140625,0.0014458823716267943,0.592233419418335,0.03746545687317848,1.1964162588119507,883.19580078125,0.01712392456829548,0.16274456679821014,5.511360168457031,64.0,85.50220489501953,2.7150540351867676,10.515044212341309,0.001384679926559329,56.04166793823242,133.42974853515625,0.4200087952595249,45.75,0.3428770607666772,5.981380462646484,0.7707136869430542,0.821589469909668,0.821589469909668,0.0,0.21857251226902008,0.1090487465262413,0.0008172746161575523,0.2607165575027466,0.06169097498059273,4.0,48
21010,0.30916616320610046,0.4975079298019409,0.9999999403953552,0.9617185592651367,0.7672613859176636,0.00439453125,0.0006099541205912828,0.13879844546318054,0.010778105817735195,0.3142196536064148,518.4830932617188,0.02823571488261223,0.26470044255256653,6.407761096954346,87.77777862548828,93.4613265991211,3.4368536472320557,10.51163387298584,0.001690243138000369,67.58333587646484,144.72409057617188,0.4669805531527887,56.75,0.3921254558943648,6.133387565612793,0.7255508303642273,0.8780723810195923,0.8780723810195923,0.0,0.41757071018218994,0.10017850995063782,0.0006922034164795069,0.3209620714187622,0.02602470852434635,4.0,48
21072,0.48052778840065,0.758293867111206,1.0,1.0420985221862793,0.5044152736663818,0.0087890625,0.003090295009315014,0.35160690546035767,0.045112743973731995,1.1595834493637085,356.2624816894531,0.05035991966724396,0.3212856948375702,6.632455348968506,75.55555725097656,125.54183197021484,5.822658538818359,10.300129890441895,0.0038884745445102453,60.833335876464844,98.83392333984375,0.6155106851433215,50.270835876464844,0.5086394850330944,4.918510437011719,0.8424729108810425,0.7655986547470093,0.7655986547470093,0.0,0.3146651089191437,0.07297393679618835,0.000738349084229729,0.33480581641197205,0.13068878650665283,4.0,48
21147,0.48224306106567383,0.7019457817077637,1.0,1.8607264757156372,0.47421252727508545,0.00830078125,0.00548628531396389,0.6609359979629517,0.08499106764793396,1.992684245109558,390.0135192871094,0.04803864285349846,0.3078773617744446,6.311379432678223,70.17646789550781,127.65363311767578,6.1475958824157715,10.273946762084961,0.004255751613527536,61.375,107.51922607421875,0.5708281414890912,50.47916793823242,0.4694896882785651,5.074018955230713,1.2754392623901367,0.7989109754562378,0.7989109754562378,0.0,0.38119086623191833,0.14581474661827087,0.0013561736996140171,0.335857093334198,0.23399971425533295,4.0,48
21191,0.48221060633659363,0.5905258655548096,1.0,1.4994803667068481,0.48741620779037476,0.01171875,0.009583668783307076,0.8178064227104187,0.11784539371728897,2.3806228637695312,227.89813232421875,0.0637580007314682,0.3635140061378479,6.4289116859436035,63.416664123535156,98.87238311767578,2.982110023498535,10.513583183288574,0.001537216012366116,74.29167175292969,147.57452392578125,0.503418000421662,61.8125,0.41885617077713505,7.311420440673828,1.04937744140625,0.8023425936698914,0.8023425936698914,0.0,0.3298833966255188,0.20895861089229584,0.001415953142313551,0.27085864543914795,0.3876208961009979,4.0,48
21275,0.386347234249115,0.5055835247039795,1.0,1.1043922901153564,0.601543664932251,0.0205078125,0.009628355503082275,0.4694969654083252,0.12179100513458252,3.199432134628296,410.45452880859375,0.10000890493392944,0.3905229866504669,6.878557205200195,73.38095092773438,115.25068664550781,4.523256778717041,10.408761978149414,0.0024507413618266582,54.458335876464844,157.0623016357422,0.3467307896664913,43.020835876464844,0.2739093686115677,6.375853538513184,0.8081385493278503,0.8191736936569214,0.8191736936569214,0.0,0.4663579761981964,0.10794465243816376,0.0006872728293619147,0.41324180364608765,0.3482390344142914,4.0,48
21310,0.37280163168907166,0.5069426894187927,1.0,0.9608747363090515,0.624742865562439,0.0078125,0.0019010059768334031,0.2433287650346756,0.029524771496653557,0.7301673293113708,379.4970703125,0.04568839073181152,0.3032033443450928,6.418029308319092,67.6875,112.21188354492188,3.942918062210083,10.4505615234375,0.0021562324836850166,68.10417175292969,124.04747009277344,0.5490170149903527,55.8125,0.4499285632650089,5.5846052169799805,0.7573508024215698,0.8036688566207886,0.8036688566207886,0.0,0.2773924767971039,0.12294330447912216,0.0009910988460890297,0.2856518626213074,0.08110959082841873,4.0,48
21857,0.3697889745235443,0.5038731694221497,0.9999999403953552,1.5590959787368774,0.6462787389755249,0.00244140625,0.0026383381336927414,1.0806633234024048,0.08826643973588943,3.835268974304199,1745.0010986328125,0.01712392456829548,0.11416909098625183,5.451238632202148,53.20000076293945,87.0224380493164,3.0979270935058594,10.466144561767578,0.0019017393933609128,48.895835876464844,164.94442749023438,0.29643824054859547,39.270835876464844,0.23808525375256487,7.968471527099609,0.9269511699676514,0.8646225929260254,0.8646225929260254,0.0,0.2856842577457428,0.14000244438648224,0.0008487855364879381,0.2887224555015564,0.11256909370422363,4.0,48
22198,0.36147594451904297,0.4742984175682068,1.0,1.4797108173370361,0.5707087516784668,0.0048828125,0.002792934188619256,0.5719929337501526,0.056193284690380096,1.694726824760437,703.3011474609375,0.03085736557841301,0.2462649643421173,6.049106121063232,59.599998474121094,94.0879898071289,2.8774123191833496,10.464056015014648,0.0019259671680629253,53.125,113.77293395996094,0.4669388240794283,43.395835876464844,0.38142495198306564,5.281387805938721,0.6277782320976257,0.7878093123435974,0.7878093123435974,0.0,0.22157758474349976,0.08756598085165024,0.0007696556447667068,0.2619549632072449,0.11916518211364746,4.0,48
22286,0.3636905252933502,0.5341160297393799,1.0,1.688915491104126,0.517071545124054,0.0068359375,0.0014364315429702401,0.21012941002845764,0.0231170691549778,0.5502318143844604,402.505126953125,0.04089350998401642,0.293074369430542,6.446802139282227,68.35713958740234,93.24247741699219,2.6342990398406982,10.48907470703125,0.0017162039875984192,68.27083587646484,138.522705078125,0.49284942734140574,55.1875,0.3984003919421799,6.386559963226318,0.7897783517837524,0.8414067029953003,0.8414067029953003,0.0,0.5680018663406372,0.08682672679424286,0.0006268050189967462,0.5138798356056213,0.06128774955868721,4.0,48
22345,0.39063769578933716,0.5517134070396423,1.0,1.72088623046875,0.5889437794685364,0.00244140625,0.0022809121292084455,0.9342616200447083,0.05973001569509506,2.1429452896118164,998.21484375,0.01712392456829548,0.16487544775009155,5.52085018157959,60.79999923706055,90.21137237548828,3.8842954635620117,10.479486465454102,0.0019348480273038149,53.25,149.49305725097656,0.356203832978271,43.22916793823242,0.2891717430245966,6.0353102684021,0.8033846616744995,0.8834418058395386,0.8834418058395386,0.0,0.34502819180488586,0.09986844658851624,0.00066804738907822,0.290660560131073,0.09731891751289368,4.0,48
22404,0.314345121383667,0.4288584291934967,0.9999999403953552,0.9829438924789429,0.7297282218933105,0.01416015625,0.006162157282233238,0.4351758062839508,0.09091302752494812,2.9227192401885986,645.6713256835938,0.07434378564357758,0.35228443145751953,6.879489898681641,74.13793182373047,106.58468627929688,2.9188897609710693,10.43739128112793,0.0015394536312669516,61.04166793823242,144.83795166015625,0.4214480199032669,49.3125,0.340466703867097,6.009797096252441,0.7915810942649841,0.8346359133720398,0.8346359133720398,0.0,0.38977858424186707,0.13293322920799255,0.0009178066085242998,0.34493061900138855,0.23778975009918213,4.0,48
22412,0.26838788390159607,0.38928085565567017,1.0,0.9965434670448303,0.8374975919723511,0.0029296875,0.0005758061888627708,0.19654184579849243,0.015462478622794151,0.6285799741744995,1369.193359375,0.020013848319649696,0.1723356544971466,6.1579437255859375,90.5,90.80653381347656,3.630086660385132,10.498455047607422,0.0020133673679083586,62.25,136.14852905273438,0.4572212452718935,50.41666793823242,0.37030637264543254,6.0140204429626465,0.8182840347290039,0.8742250204086304,0.8742250204086304,0.0,0.6789597868919373,0.0860099047422409,0.0006317358353729209,0.520330011844635,0.024567728862166405,4.0,48
22464,0.3420597016811371,0.4868367910385132,1.0,0.8428550362586975,0.6316575407981873,0.02734375,0.010439598932862282,0.38179105520248413,0.09303545951843262,1.46425461769104,134.85015869140625,0.1253839135169983,0.45564761757850647,7.130474090576172,71.53571319580078,113.06700134277344,4.754870891571045,10.427964210510254,0.0026493449695408344,68.375,123.42437744140625,0.5539829441466708,56.770835876464844,0.45996453090327516,5.37482213973999,0.875296950340271,0.7886664867401123,0.7886664867401123,0.0,0.2962424159049988,0.09092158079147339,0.0007366582086044581,0.29697296023368835,0.3255166709423065,4.0,48
22499,0.3206298351287842,0.5389171242713928,1.0,1.6356842517852783,0.5692164897918701,0.00244140625,0.0018329169834032655,0.7507628202438354,0.05039733275771141,1.9281630516052246,1142.1815185546875,0.01712392456829548,0.1523624211549759,5.599976062774658,66.19999694824219,79.99250030517578,2.1229658126831055,10.507037162780762,0.0014212650712579489,58.25,127.03892517089844,0.4585208818246399,47.75,0.3758690490493829,5.348605155944824,0.692257285118103,0.8035837411880493,0.8035837411880493,0.0,0.32296472787857056,0.11208554357290268,0.0008822929146582221,0.3224911391735077,0.07820446044206619,4.0,48
22508,0.40495434403419495,0.5174968838691711,0.9999999403953552,1.413417935371399,0.5176374316215515,0.00244140625,0.0009357626549899578,0.3832883834838867,0.022057127207517624,0.8198013305664062,993.2816772460938,0.01712392456829548,0.19026444852352142,5.681481838226318,76.5999984741211,139.86920166015625,6.18097448348999,10.36628532409668,0.0034214439801871777,58.625,152.67987060546875,0.38397334084497453,47.5625,0.31151781703947296,5.788421630859375,0.8204025030136108,0.7783368825912476,0.7783368825912476,0.0,0.40549853444099426,0.13908429443836212,0.0009109537090757189,0.4036419987678528,0.03992587327957153,4.0,48
22653,0.22720156610012054,0.30642521381378174,1.0,0.973362147808075,0.8752795457839966,0.00537109375,0.0006037596031092107,0.1124090626835823,0.012177293188869953,0.4165399670600891,800.8272094726562,0.03342986851930618,0.24720807373523712,6.49692964553833,83.2727279663086,89.78395080566406,3.945474147796631,10.518186569213867,0.002112090587615967,78.9375,140.65634155273438,0.5612082549779168,65.79167175292969,0.46774763954446963,6.341472625732422,0.9799137115478516,0.891846776008606,0.891846776008606,0.0,0.5794914960861206,0.1454637348651886,0.001034178290498975,0.45846670866012573,0.025760410353541374,4.0,48
23144,0.3367411196231842,0.4315755069255829,1.0,0.5940678119659424,0.787047803401947,0.00927734375,0.0014064556453377008,0.15160112082958221,0.01927277259528637,0.47853001952171326,334.3691711425781,0.05265381559729576,0.33712491393089294,6.719206809997559,75.52631378173828,79.5866470336914,1.7930680513381958,10.530529022216797,0.0011166306212544441,62.66666793823242,109.1717529296875,0.5740190685850116,49.895835876464844,0.45703979768493835,4.963791370391846,0.7812311053276062,0.7735241651535034,0.7735241651535034,0.0,0.27268192172050476,0.10789467394351959,0.0009883021114731627,0.3045313060283661,0.05937299504876137,4.0,48
23156,0.4300263524055481,0.6099971532821655,1.0,1.3068199157714844,0.5273617506027222,0.01025390625,0.01005355641245842,0.9804611206054688,0.14991453289985657,3.4694650173187256,365.1491394042969,0.057165034115314484,0.32055702805519104,6.541089057922363,73.9047622680664,111.2474136352539,4.167437553405762,10.394830703735352,0.002510693622753024,75.14583587646484,143.81275939941406,0.522525512931266,59.66666793823242,0.41489133636863246,9.573455810546875,1.0315730571746826,0.8140926361083984,0.8140926361083984,0.0,0.418673574924469,0.21380434930324554,0.0014866855359792906,0.4122377336025238,0.4226849377155304,4.0,48
23193,0.39986369013786316,0.5792931914329529,0.9999999403953552,1.5857429504394531,0.5222046971321106,0.00830078125,0.005412052385509014,0.6519931554794312,0.09923817217350006,3.362929582595825,857.72900390625,0.04803864285349846,0.2952250838279724,6.376164436340332,70.29412078857422,93.84568786621094,3.404620409011841,10.44229793548584,0.0021945610642433167,53.708335876464844,133.7133026123047,0.40166785819487916,43.1875,0.322985814821957,7.102399826049805,0.8691146373748779,0.7832862734794617,0.7832862734794617,0.0,0.21462583541870117,0.123419851064682,0.0009230184928817573,0.2526051700115204,0.22839419543743134,4.0,48
23323,0.4097144305706024,0.5324586629867554,0.9999999403953552,0.7992134690284729,0.6468856930732727,0.041015625,0.014556927606463432,0.354911744594574,0.09568139165639877,1.712568998336792,110.5212173461914,0.1711585372686386,0.5328344702720642,7.151500701904297,74.66666412353516,140.8595733642578,6.827312469482422,10.267000198364258,0.00441851606592536,59.645835876464844,120.04254150390625,0.4968724847395472,49.708335876464844,0.4140893324114303,5.187155723571777,0.9106718897819519,0.7730099558830261,0.7730099558830261,0.0,0.5143663287162781,0.11211748421192169,0.0009339812602929064,0.5314072966575623,0.3007785975933075,4.0,48
23441,0.3704912066459656,0.6773943901062012,0.9999999403953552,1.8096680641174316,0.48067060112953186,0.0029296875,0.0007709854980930686,0.2631630599498749,0.019946621730923653,0.7575594782829285,1109.5916748046875,0.020013848319649696,0.17473573982715607,5.736833572387695,73.66666412353516,90.0658950805664,3.8690154552459717,10.499404907226562,0.0017574154771864414,57.5625,118.49896240234375,0.4857637470250445,46.333335876464844,0.3910020386105795,5.371337890625,0.709739089012146,0.7732017040252686,0.7732017040252686,0.0,0.35402530431747437,0.11416083574295044,0.0009633910155744839,0.3883803188800812,0.03289537876844406,4.0,48
23463,0.21927502751350403,0.35459408164024353,0.9999999403953552,1.0638571977615356,0.8813003301620483,0.0048828125,0.0028904753271490335,0.59196937084198,0.05685548484325409,1.4428372383117676,486.7585754394531,0.03085736557841301,0.23451489210128784,6.319660186767578,72.4000015258789,96.45777893066406,4.067966461181641,10.433417320251465,0.0025261887349188328,65.89583587646484,116.14152526855469,0.56737532694202,55.958335876464844,0.48181161511573023,5.395327568054199,0.846237301826477,0.8553675413131714,0.8553675413131714,0.0,0.6454529166221619,0.10855500400066376,0.0009346786495209585,0.5663548111915588,0.12332693487405777,4.0,48
23526,0.3379145562648773,0.3723519444465637,1.0,0.75307697057724,0.802049458026886,0.015625,0.0036851195618510246,0.23584765195846558,0.035422008484601974,0.615145742893219,158.35736083984375,0.08048483729362488,0.4251362085342407,7.128395080566406,70.1875,100.9786376953125,4.5163445472717285,10.4027099609375,0.0029428070411086082,47.083335876464844,192.6026611328125,0.24445838700823105,39.125,0.20313841858596798,7.337455749511719,0.9111878275871277,0.8291956782341003,0.8291956782341003,0.0,0.7780495285987854,0.11900835484266281,0.0006178956933228434,0.7883482575416565,0.12079606205224991,4.0,48
23639,0.38162121176719666,0.43372616171836853,1.0,0.5922266840934753,0.7918971180915833,0.05908203125,0.00901423767209053,0.15257155895233154,0.04503857344388962,0.5062594413757324,44.208274841308594,0.22443419694900513,0.5941449403762817,7.411157608032227,76.1900863647461,95.31916046142578,1.9164084196090698,10.53558349609375,0.0010253977961838245,81.64583587646484,124.57002258300781,0.655421217536551,66.25,0.5318293970006766,6.540602684020996,0.8691596984863281,0.8703575134277344,0.8703575134277344,0.0,0.15111306309700012,0.07943384349346161,0.0006376641975331895,0.1560310274362564,0.12549395859241486,4.0,48
23757,0.45396852493286133,0.5575301647186279,1.0,1.1544331312179565,0.51305091381073,0.025390625,0.012514043599367142,0.4928607940673828,0.11863076686859131,2.592088222503662,272.2986145019531,0.1183348149061203,0.4534403085708618,6.8866753578186035,79.69230651855469,126.50437927246094,5.686954021453857,10.381759643554688,0.0029762727208435535,67.0,122.26911926269531,0.5479715597735739,54.3125,0.44420455731645125,6.458852291107178,0.9152193069458008,0.7414662837982178,0.7414662837982178,0.0,0.4874589443206787,0.13625960052013397,0.001114423669121521,0.5270547270774841,0.3697293698787689,4.0,48
23843,0.447372168302536,0.6173931360244751,1.0000001192092896,1.443839192390442,0.6041370630264282,0.013671875,0.006278462242335081,0.459224671125412,0.0969277024269104,3.1128110885620117,720.176513671875,0.07226333767175674,0.34332555532455444,6.757469177246094,79.75,82.31771087646484,3.83846378326416,10.44944953918457,0.002475796267390251,78.08333587646484,98.28562927246094,0.7944532323445053,61.66666793823242,0.6274230361898577,8.544206619262695,1.1007404327392578,0.776077151298523,0.776077151298523,0.0,0.5984232425689697,0.24033576250076294,0.0024452787681713594,0.6559523344039917,0.24792027473449707,4.0,48
23983,0.47576943039894104,0.5893653631210327,1.0,1.282759189605713,0.47871387004852295,0.0048828125,0.0011053840862587094,0.22638265788555145,0.02070564404129982,0.5448721647262573,476.7739562988281,0.03085736557841301,0.2505708634853363,6.343184471130371,90.30000305175781,102.77802276611328,2.7811641693115234,10.487126350402832,0.001492039766162634,71.91667175292969,145.70079040527344,0.4935915004163961,59.16666793823242,0.4060833696893255,6.244729518890381,0.7940783500671387,0.8231679201126099,0.8231679201126099,0.0,0.21994061768054962,0.1326231211423874,0.0009102429764751973,0.2500545084476471,0.04716305434703827,4.0,48
24031,0.27534621953964233,0.3271777629852295,0.9999999403953552,0.9953767657279968,0.733844518661499,0.00390625,0.0004690102068707347,0.12006661295890808,0.011723741888999939,0.4522128105163574,1152.5894775390625,0.02555946074426174,0.18821531534194946,5.837926864624023,58.875,100.15230560302734,2.990579843521118,10.499283790588379,0.0015201941132545471,68.625,153.863037109375,0.44601355390350916,55.10416793823242,0.35813778910057337,7.158417701721191,0.8779338598251343,0.8528903722763062,0.8528903722763062,0.0,0.4400140345096588,0.12404292076826096,0.0008061905126181927,0.3555489778518677,0.02001110278069973,4.0,48
24079,0.39133796095848083,0.5313804745674133,1.0,1.2351171970367432,0.5234097838401794,0.00244140625,0.00021611221018247306,0.08851955831050873,0.005028116051107645,0.1474132537841797,724.8203735351562,0.01712392456829548,0.18782168626785278,5.557157516479492,63.400001525878906,79.2218246459961,2.5178091526031494,10.52669906616211,0.0015718401409685612,64.35417175292969,121.76983642578125,0.5284902537162286,52.16666793823242,0.4284038598158419,6.147756576538086,0.7031230926513672,0.7467509508132935,0.7467509508132935,0.0,0.25097110867500305,0.11547337472438812,0.0009482921066851089,0.34614965319633484,0.009220787324011326,4.0,48
24327,0.26435238122940063,0.3023797869682312,0.9999999403953552,0.8991785645484924,0.7743907570838928,0.01171875,0.0020573895890265703,0.17556391656398773,0.0280125942081213,0.9473137259483337,674.3123168945312,0.0637580007314682,0.3590194880962372,6.890446662902832,71.08333587646484,77.89750671386719,2.1024253368377686,10.512179374694824,0.0013702298747375607,57.083335876464844,125.55894470214844,0.4546337658964233,46.125,0.3673573404566627,5.75379753112793,0.7732462286949158,0.849463164806366,0.849463164806366,0.0,0.3201764225959778,0.14079976081848145,0.0011213837543894106,0.32350337505340576,0.0823209211230278,4.0,48
24510,0.4218015670776367,0.5468130111694336,1.0,1.210538387298584,0.5215039253234863,0.00439453125,0.0014063911512494087,0.32003211975097656,0.03416799381375313,1.3177646398544312,1148.9754638671875,0.02823571488261223,0.20287607610225677,6.115623474121094,69.44444274902344,95.97518920898438,2.374171018600464,10.51881217956543,0.0013027943205088377,56.020835876464844,154.0063934326172,0.36375655986865385,46.270835876464844,0.30044749988710934,6.847297668457031,0.7679238319396973,0.840206503868103,0.840206503868103,0.0,0.21991418302059174,0.1554061621427536,0.0010090890298048436,0.24590279161930084,0.060006022453308105,4.0,48
24543,0.2694074809551239,0.3159708082675934,1.0,0.9786252379417419,0.8049783706665039,0.00390625,0.0006100285099819303,0.15616729855537415,0.012057079933583736,0.29973745346069336,511.8226318359375,0.02555946074426174,0.23254984617233276,6.319683074951172,84.5,85.80474090576172,3.308993101119995,10.53217601776123,0.0016152956523001194,72.41667175292969,135.5638885498047,0.5341885108362224,61.60416793823242,0.45442904148515506,5.598847389221191,0.7994753122329712,0.9104597568511963,0.9104597568511963,0.0,0.5428314805030823,0.09780599921941757,0.0007214753151335723,0.3788999915122986,0.02602788619697094,4.0,48
24693,0.32071635127067566,0.4496505856513977,0.9999999403953552,1.5155360698699951,0.6501175761222839,0.00341796875,0.0007231172057799995,0.21156343817710876,0.013452636078000069,0.383203387260437,465.6546936035156,0.02282176911830902,0.24153922498226166,5.647429466247559,53.71428680419922,96.70040130615234,4.35457706451416,10.420969009399414,0.0029604891315102577,49.395835876464844,192.3255615234375,0.2568344815043056,39.72916793823242,0.20657247856949662,9.478046417236328,0.8729324340820312,0.8662925958633423,0.8662925958633423,0.0,0.4885721802711487,0.1685703694820404,0.000876484478391776,0.40762317180633545,0.03085300326347351,4.0,48
24815,0.4357669949531555,0.7471086978912354,1.0,2.0262064933776855,0.43899810314178467,0.00244140625,0.005991058424115181,2.453937530517578,0.14205999672412872,4.343117713928223,693.7372436523438,0.01712392456829548,0.18010838329792023,5.523645877838135,59.79999923706055,80.21298217773438,2.2935290336608887,10.523420333862305,0.0013335624244064093,60.35416793823242,118.4892578125,0.5093640474028839,49.25,0.4156494935074856,5.3410773277282715,0.8050704002380371,0.8244571685791016,0.8244571685791016,0.0,0.46001625061035156,0.10402943938970566,0.000877965153141093,0.42160218954086304,0.25561848282814026,4.0,48
24866,0.37813982367515564,0.5507176518440247,0.9999999403953552,0.7435954213142395,0.7232031226158142,0.02734375,0.005711760371923447,0.2088872343301773,0.04954058304429054,0.8666646480560303,146.31626892089844,0.1253839135169983,0.46106839179992676,7.191686630249023,77.21428680419922,110.61940002441406,3.169293165206909,10.500595092773438,0.0015949499793350697,78.625,163.7270965576172,0.48021983928316275,66.27083587646484,0.4047640083148719,6.728154182434082,0.7816082835197449,0.8379392027854919,0.8379392027854919,0.0,0.2688547968864441,0.11316631734371185,0.0006911886896923969,0.24301043152809143,0.17041222751140594,4.0,48
24871,0.3458523750305176,0.4981839954853058,1.0,0.9926063418388367,0.5990715026855469,0.02587890625,0.006038918159902096,0.2333529144525528,0.057834211736917496,1.851923942565918,532.8267822265625,0.12011110782623291,0.45841139554977417,7.047110557556152,75.6603775024414,102.10210418701172,3.4006054401397705,10.470251083374023,0.0018288905266672373,70.02083587646484,132.09938049316406,0.5300618035433383,55.4375,0.4196651020530119,7.231352806091309,0.866290271282196,0.8310630321502686,0.8310630321502686,0.0,0.393606036901474,0.10179546475410461,0.0007705975937689305,0.36790212988853455,0.1679743379354477,4.0,48
25015,0.3954624831676483,0.6185221672058105,1.0,1.8711180686950684,0.4867333769798279,0.00439453125,0.003545571118593216,0.806814432144165,0.081588976085186,3.0231564044952393,1033.175537109375,0.02823571488261223,0.21563118696212769,6.179900169372559,73.44444274902344,92.99481201171875,3.0855095386505127,10.507635116577148,0.0015047481283545494,62.97916793823242,138.14956665039062,0.4558766955313904,51.60416793823242,0.3735383988940737,6.403739929199219,0.844106912612915,0.835862398147583,0.835862398147583,0.0,0.2313886135816574,0.1622517853975296,0.0011744646712963552,0.24111652374267578,0.15127770602703094,4.0,48
25023,0.28815746307373047,0.4245399534702301,1.0,1.0289452075958252,0.8224163055419922,0.00537109375,0.0006174938171170652,0.11496612429618835,0.015172586776316166,0.6048834323883057,1281.03125,0.03342986851930618,0.207261860370636,6.313277721405029,65.45454406738281,88.90145874023438,4.068605422973633,10.501139640808105,0.0022291801869869232,63.708335876464844,123.7871322631836,0.5146604069950346,53.708335876464844,0.433876566087151,5.321767330169678,0.836936891078949,0.8745526075363159,0.8745526075363159,0.0,0.5250949263572693,0.08335892856121063,0.000673405442314047,0.38349786400794983,0.02634640596807003,4.0,48
25053,0.2927398681640625,0.39867454767227173,1.0,1.4386680126190186,0.7102489471435547,0.0029296875,0.0006370926857925951,0.2174609750509262,0.015133575536310673,0.5892467498779297,1164.154296875,0.020013848319649696,0.1992904096841812,5.752514839172363,60.16666793823242,81.12760162353516,2.437936305999756,10.503214836120605,0.0015857696998864412,54.625,183.10791015625,0.298321355698965,43.375,0.23688217489139785,9.283517837524414,0.9368266463279724,0.8736793398857117,0.8736793398857117,0.0,0.23330864310264587,0.15609906613826752,0.0008524976665210136,0.24970263242721558,0.027182621881365776,4.0,48
25266,0.3325279951095581,0.43413546681404114,1.0,1.1211217641830444,0.7310181856155396,0.005859375,0.002172518754377961,0.37077653408050537,0.046072956174612045,1.6153597831726074,893.7313842773438,0.03595767915248871,0.23918859660625458,6.389186859130859,68.66666412353516,85.8404312133789,2.627761125564575,10.496292114257812,0.0016780124278739095,47.3125,170.7003631591797,0.27716695572058614,39.395835876464844,0.2307894086752467,6.845931053161621,0.8390533328056335,0.8278224468231201,0.8278224468231201,0.0,0.31515952944755554,0.14067278802394867,0.0008240919082552218,0.2486974596977234,0.09269414097070694,4.0,48
25752,0.3339504897594452,0.43053168058395386,1.0,0.9353957772254944,0.6901188492774963,0.00537109375,0.0021490398794412613,0.4001121520996094,0.037370458245277405,0.9934287071228027,499.2768859863281,0.03342986851930618,0.27218300104141235,6.406094074249268,74.63636016845703,95.11315155029297,3.1910719871520996,10.442526817321777,0.002145224716514349,55.270835876464844,179.38827514648438,0.3081072931229807,45.25,0.2522461401701277,9.233736038208008,0.9468890428543091,0.828346848487854,0.828346848487854,0.0,0.7220209240913391,0.148588627576828,0.0008283073542415792,0.7021604776382446,0.09169236570596695,4.0,48
25943,0.28914588689804077,0.37399715185165405,1.0,1.143831729888916,0.7382676601409912,0.01123046875,0.004064956214278936,0.361957848072052,0.08329550921916962,3.217419147491455,1150.23779296875,0.06158214434981346,0.27852344512939453,6.6435089111328125,82.60869598388672,99.1791763305664,4.904771327972412,10.458974838256836,0.0024745005648583174,71.52083587646484,132.21231079101562,0.5409544349021047,57.4375,0.4344338258064753,6.782935619354248,1.01751708984375,0.8434370756149292,0.8434370756149292,0.0,0.5989784002304077,0.1794811338186264,0.001357522100107244,0.5401040315628052,0.16889436542987823,4.0,48
26052,0.5441125631332397,0.5997956991195679,1.0,1.0211032629013062,0.5728112459182739,0.00830078125,0.00183590454980731,0.221172496676445,0.02499368041753769,0.5842700004577637,302.249267578125,0.04803864285349846,0.33514609932899475,6.694945335388184,69.05882263183594,80.385009765625,2.627656936645508,10.472332954406738,0.0020534107461571693,46.9375,290.0249938964844,0.16183949999541944,38.35416793823242,0.13224435391454342,15.291572570800781,0.926706075668335,0.8122121095657349,0.8122121095657349,0.0,0.7174673676490784,0.13903379440307617,0.000479385560983431,0.7864580154418945,0.07800126820802689,4.0,48
26078,0.5131367444992065,0.7076478600502014,1.0,1.1731679439544678,0.5065686702728271,0.01025390625,0.003274880815297365,0.3193788528442383,0.04475739970803261,1.3791084289550781,506.8529968261719,0.057165034115314484,0.34594911336898804,6.735444068908691,85.23809814453125,74.26557159423828,3.4628641605377197,10.502077102661133,0.0017826699186116457,65.58333587646484,97.96517181396484,0.6694556305613649,52.333335876464844,0.534203481728215,6.638099670410156,1.0167382955551147,0.786949098110199,0.786949098110199,0.0,0.4513257145881653,0.35970133543014526,0.0036717266834023245,0.47339707612991333,0.13638649880886078,4.0,48
26079,0.31842684745788574,0.5435319542884827,1.0000001192092896,0.9578196406364441,0.7679823637008667,0.00732421875,0.0015623449580743909,0.21331216394901276,0.020927496254444122,0.4529958963394165,248.08175659179688,0.0433073565363884,0.33013588190078735,6.604008197784424,67.80000305175781,75.61155700683594,2.0466506481170654,10.51785659790039,0.001330304192379117,50.125,179.35198974609375,0.27947836022430816,40.875,0.2279037999834134,8.268011093139648,0.8871908187866211,0.8715265989303589,0.8715265989303589,0.0,0.7364524006843567,0.14296764135360718,0.0007971344034043516,0.6268729567527771,0.06666004657745361,4.0,48
26090,0.2954031825065613,0.37961819767951965,0.9999999403953552,1.5910100936889648,0.6155874133110046,0.00244140625,0.0008429784793406725,0.34528398513793945,0.02269711159169674,0.9438621997833252,1469.5606689453125,0.01712392456829548,0.17045579850673676,5.861401557922363,81.80000305175781,102.24603271484375,3.3790555000305176,10.476765632629395,0.001935311360284686,58.375,118.44953918457031,0.49282589359938933,47.708335876464844,0.4027735033911536,5.334207057952881,0.6723846197128296,0.8404681086540222,0.8404681086540222,0.0,0.3134310245513916,0.11313667893409729,0.0009551466363094425,0.29204994440078735,0.035967081785202026,4.0,48
26278,0.25954651832580566,0.31455495953559875,1.0,0.7862337231636047,0.8807212114334106,0.0126953125,0.002038367325440049,0.16056062281131744,0.027070865035057068,0.7686571478843689,551.2758178710938,0.06804874539375305,0.36982715129852295,6.892951965332031,72.11538696289062,85.88047790527344,2.7842636108398438,10.522445678710938,0.001493383082561195,78.75,132.77554321289062,0.593106215862376,66.66667175292969,0.5021005385081813,6.836960792541504,0.8832804560661316,0.8818971514701843,0.8818971514701843,0.0,0.6774526834487915,0.08829711377620697,0.00066501037490001,0.5408197641372681,0.07718034833669662,4.0,48
26385,0.31245383620262146,0.36532074213027954,1.0,1.0103603601455688,0.671262264251709,0.01416015625,0.0040310765616595745,0.2846774160861969,0.04676273465156555,0.983916699886322,247.29428100585938,0.07434378564357758,0.38575276732444763,6.9046735763549805,80.96551513671875,101.84144592285156,2.33520770072937,10.497245788574219,0.0013575556222349405,90.5625,171.87173461914062,0.5269191015928995,76.72917175292969,0.4464327535792517,6.560597896575928,0.9314214587211609,0.8859750032424927,0.8859750032424927,0.0,0.27535805106163025,0.20856186747550964,0.0012134739195222403,0.2464679330587387,0.15151460468769073,4.0,48
26488,0.3949471414089203,0.5144339799880981,1.0,1.5808669328689575,0.46508312225341797,0.0087890625,0.004671331029385328,0.5314936637878418,0.07720556110143661,2.668086528778076,746.5269775390625,0.05035991966724396,0.30258944630622864,6.242170333862305,58.83333206176758,87.95270538330078,2.937225580215454,10.517518997192383,0.001642744056880474,73.22917175292969,133.92855834960938,0.5467778691106585,60.1875,0.4494000438531678,6.167942047119141,0.9239219427108765,0.8349514007568359,0.8349514007568359,0.0,0.2470962107181549,0.12611845135688782,0.000941684528689163,0.23974312841892242,0.19881440699100494,4.0,48
26490,0.37603408098220825,0.4664299786090851,1.0,1.5690969228744507,0.5830235481262207,0.00341796875,0.0019304548623040318,0.5647959113121033,0.046427346765995026,1.448014497756958,892.4426879882812,0.02282176911830902,0.1965469866991043,5.825569152832031,66.42857360839844,93.05623626708984,2.7842295169830322,10.505017280578613,0.001398598775267601,67.27083587646484,141.64306640625,0.4749320780642687,55.8125,0.3940362307321307,5.897035121917725,0.8383378982543945,0.8411518931388855,0.8411518931388855,0.0,0.2414703667163849,0.14806197583675385,0.0010453174982927892,0.24286052584648132,0.08236607909202576,4.0,48
26493,0.3772796094417572,0.5286688208580017,1.0,0.8591147661209106,0.7589123249053955,0.005859375,0.0005090481135994196,0.08687754720449448,0.0077034966088831425,0.2013067603111267,363.7862243652344,0.03595767915248871,0.30203327536582947,6.4502058029174805,84.0,100.87272644042969,4.310911178588867,10.486751556396484,0.0020365682430565357,84.52083587646484,131.87997436523438,0.6408921163116099,70.22917175292969,0.5325233955013412,5.5563178062438965,0.7951701879501343,0.8634456396102905,0.8634456396102905,0.0,0.3542186915874481,0.08182962238788605,0.0006204855799794026,0.28983187675476074,0.02171938680112362,4.0,48
26617,0.4033549427986145,0.49753275513648987,1.0000001192092896,1.3513085842132568,0.5179755687713623,0.00830078125,0.002105449791997671,0.25364476442337036,0.029490061104297638,0.6860882043838501,340.4082946777344,0.04803864285349846,0.3287278711795807,6.281023025512695,67.52941131591797,91.22801971435547,2.279146909713745,10.518363952636719,0.0012868557823821902,80.0625,140.66555786132812,0.5691691783800841,64.70833587646484,0.4600154924608901,7.002191543579102,0.870141863822937,0.8159443736076355,0.8159443736076355,0.0,0.259543776512146,0.13029608130455017,0.0009262827608712624,0.24026496708393097,0.08977248519659042,4.0,48
26651,0.4798334538936615,0.6004392504692078,1.0,1.3753728866577148,0.5341199040412903,0.013671875,0.00746065704151988,0.5456937551498413,0.08121421933174133,1.8204708099365234,232.85865783691406,0.07226333767175674,0.39735642075538635,6.557226181030273,65.35713958740234,83.18022155761719,2.118534803390503,10.498465538024902,0.0013920655474066734,65.89583587646484,143.59280395507812,0.45890764757606345,56.16666793823242,0.39115238638206545,7.294137001037598,1.171135663986206,0.8401610255241394,0.8401610255241394,0.0,0.25426581501960754,0.16313862800598145,0.0011361198019759881,0.21482108533382416,0.2742491364479065,4.0,48
26699,0.34451809525489807,0.426387220621109,0.9999999403953552,1.2607319355010986,0.6473618745803833,0.00341796875,0.0007717327680438757,0.225786954164505,0.015411597676575184,0.40079647302627563,480.7392272949219,0.02282176911830902,0.22533057630062103,5.995867729187012,74.57142639160156,90.25624084472656,3.2212865352630615,10.522618293762207,0.0014520528493449092,55.145835876464844,140.12744140625,0.39354058933148983,46.145835876464844,0.3293133408422706,5.4881134033203125,0.7054877281188965,0.8567031621932983,0.8567031621932983,0.0,0.21456791460514069,0.13828273117542267,0.0009868354818857528,0.2294955998659134,0.0329272635281086,4.0,48
26744,0.38091012835502625,0.6996822357177734,1.0,1.8984932899475098,0.46164563298225403,0.00341796875,0.002018149709329009,0.5904529690742493,0.04296678304672241,1.3866114616394043,679.8512573242188,0.02282176911830902,0.2142084240913391,5.842604637145996,71.14286041259766,66.82291412353516,3.5334277153015137,10.522811889648438,0.0019105493556708097,64.35417175292969,110.1063232421875,0.5844729880365991,53.0,0.4813529181117856,4.991538047790527,0.8235068321228027,0.8220908045768738,0.8220908045768738,0.0,0.2732262909412384,0.2658296525478363,0.002414299603293265,0.2670752704143524,0.08610773086547852,4.0,48
26854,0.40288734436035156,0.6443192362785339,1.0,1.0010037422180176,0.7075917720794678,0.021484375,0.01273948885500431,0.592965304851532,0.13067413866519928,3.067802906036377,243.24484252929688,0.10376113653182983,0.42549726366996765,7.037927627563477,73.88636016845703,104.7947006225586,2.7195534706115723,10.468006134033203,0.0015954370610415936,60.520835876464844,158.0526580810547,0.38291564727496435,51.208335876464844,0.3239954107381322,6.79001522064209,0.9749112129211426,0.8089860677719116,0.8089860677719116,0.0,0.26668304204940796,0.20248162746429443,0.001281102323174116,0.26678645610809326,0.43133506178855896,4.0,48
26958,0.27104830741882324,0.31010040640830994,1.0,1.13645601272583,0.7755374908447266,0.00732421875,0.002215068321675062,0.302430659532547,0.034438665956258774,0.9839662909507751,450.11944580078125,0.0433073565363884,0.3047254979610443,6.1046552658081055,77.26667022705078,93.0734634399414,4.386987209320068,10.499370574951172,0.0021614502184093,78.41667175292969,139.924560546875,0.5604210686161543,64.5625,0.4614093461723422,6.343013763427734,1.0189355611801147,0.8628755807876587,0.8628755807876587,0.0,0.43643882870674133,0.14198148250579834,0.0010147002208957252,0.3766413629055023,0.09450959414243698,4.0,48
26996,0.4209791123867035,0.594375729560852,1.0000001192092896,0.9261600375175476,0.6074222326278687,0.0283203125,0.012171425856649876,0.42977723479270935,0.10432201623916626,1.7930738925933838,145.53103637695312,0.12885403633117676,0.46649783849716187,7.032610893249512,71.82758331298828,175.9513702392578,9.226414680480957,10.14832878112793,0.0056807310320436954,61.5,113.27623748779297,0.5429205750340909,49.125,0.433674361765036,6.182116508483887,0.9055492877960205,0.7632355690002441,0.7632355690002441,0.0,0.5823638439178467,0.12442966550588608,0.0010984622040285407,0.6091980338096619,0.35296866297721863,4.0,48
27028,0.44424208998680115,0.5811432003974915,1.0,0.9161379337310791,0.5671287775039673,0.04296875,0.014681368134915829,0.3416754901409149,0.10558547079563141,1.951505422592163,157.31524658203125,0.17726685106754303,0.5231202244758606,7.145590305328369,64.09091186523438,94.50460815429688,2.658759832382202,10.489767074584961,0.0015487424097955227,68.02083587646484,121.27203369140625,0.5608946580705036,55.583335876464844,0.45833597557472405,5.528287887573242,0.8836054801940918,0.8165761828422546,0.8165761828422546,0.0,0.21538910269737244,0.07921966910362244,0.0006532393882226436,0.22042840719223022,0.3324100077152252,4.0,48
27165,0.5524982213973999,0.7079705595970154,1.0,2.9701788425445557,0.3254820704460144,0.0068359375,0.002360464306548238,0.34530219435691833,0.037314243614673615,0.7935107350349426,314.5508117675781,0.04089350998401642,0.2898425757884979,6.042473793029785,72.57142639160156,96.68386840820312,3.0394692420959473,10.484589576721191,0.0016738540725782514,85.14583587646484,155.96131896972656,0.5459420094256382,68.4375,0.43881072850439407,10.218753814697266,0.9535984992980957,0.8439900875091553,0.8439900875091553,0.0,0.3001727759838104,0.18248701095581055,0.001170078658923961,0.31277891993522644,0.10071314126253128,4.0,48
27227,0.32447147369384766,0.40100106596946716,1.0,0.9900009036064148,0.6916710138320923,0.01025390625,0.0030427537858486176,0.29674094915390015,0.04555932432413101,1.3380440473556519,505.9747314453125,0.057165034115314484,0.3251069486141205,6.684503078460693,63.619049072265625,91.13690948486328,2.5499637126922607,10.474477767944336,0.0015837731771171093,50.3125,172.66368103027344,0.2913901736420453,41.0,0.23745584336544312,6.467874050140381,0.8065829277038574,0.8622064590454102,0.8622064590454102,0.0,0.39367610216140747,0.1711428016424179,0.0009911916658518313,0.3945431113243103,0.1278669238090515,4.0,48
27249,0.3722066581249237,0.5360612273216248,1.0,1.4055546522140503,0.5445711612701416,0.00732421875,0.0037197417113929987,0.5078687071800232,0.055127643048763275,1.3890920877456665,371.7880859375,0.0433073565363884,0.3155493140220642,6.271117687225342,64.86666870117188,82.85753631591797,1.9264863729476929,10.510306358337402,0.0012469050707295537,58.520835876464844,128.53013610839844,0.45530828523014283,47.72916793823242,0.37134612457163835,5.732231140136719,0.785888671875,0.8160022497177124,0.8160022497177124,0.0,0.25705191493034363,0.13555499911308289,0.0010546553766053225,0.2883013188838959,0.15870897471904755,4.0,48
27501,0.27883458137512207,0.5152164101600647,1.0,1.410517930984497,0.6881303787231445,0.00341796875,0.0030751340091228485,0.8996963500976562,0.11241108924150467,5.051581859588623,1985.5426025390625,0.02282176911830902,0.10539263486862183,5.84412956237793,65.71428680419922,86.17716217041016,2.5548081398010254,10.495874404907227,0.001579444739036262,52.8125,199.85125732421875,0.2642590329651,41.770835876464844,0.20900962262453976,10.203506469726562,0.8994225263595581,0.8885018825531006,0.8885018825531006,0.0,0.30322596430778503,0.12855234742164612,0.0006432401233616619,0.2716655433177948,0.1312057226896286,4.0,48
27617,0.3832535743713379,0.6919195055961609,0.9999999403953552,2.0374248027801514,0.4476622939109802,0.00390625,0.003365122014656663,0.8614712357521057,0.06152845919132233,1.6693477630615234,463.97100830078125,0.02555946074426174,0.25048500299453735,5.840893745422363,64.375,91.30621337890625,2.949659824371338,10.489007949829102,0.0018102903850376606,59.66666793823242,119.70330810546875,0.49845462817682945,48.895835876464844,0.40847522634294053,6.611082077026367,0.8681687712669373,0.7715789675712585,0.7715789675712585,0.0,0.2532537281513214,0.13242343068122864,0.00110626375131997,0.2799772024154663,0.14357854425907135,4.0,48
27687,0.26431897282600403,0.3708079159259796,1.0000001192092896,0.8027717471122742,0.901946485042572,0.02783203125,0.0049662659876048565,0.17843706905841827,0.04841310903429985,1.523639440536499,518.1588745117188,0.1271233856678009,0.4629320800304413,7.1343302726745605,70.35087585449219,87.86058807373047,2.6112289428710938,10.509379386901855,0.0015431023202836514,72.5,119.65721130371094,0.6058974566098098,60.5625,0.5061333064266428,5.40170955657959,0.9507371783256531,0.9277201890945435,0.9277201890945435,0.0,0.219986230134964,0.09208030998706818,0.0007695341465518271,0.19167941808700562,0.13864247500896454,4.0,48
27729,0.5268025994300842,0.6713273525238037,0.9999999403953552,1.5441099405288696,0.4380738437175751,0.02197265625,0.017689073458313942,0.8050493597984314,0.1410529464483261,1.6154859066009521,79.20311737060547,0.1056201159954071,0.4671199321746826,6.150171279907227,67.80000305175781,93.76238250732422,2.960932970046997,10.463075637817383,0.0017595444805920124,97.3125,162.2003631591797,0.5999524174831855,77.04167175292969,0.4749784171110208,8.057073593139648,1.1082561016082764,0.863041877746582,0.863041877746582,0.0,0.27652785181999207,0.16548295319080353,0.0010202378709731987,0.2629441022872925,0.4579503536224365,4.0,48
27792,0.34973007440567017,0.47086217999458313,1.0,0.973363995552063,0.7725908160209656,0.0380859375,0.018361812457442284,0.4821152687072754,0.14062559604644775,2.7612619400024414,158.28660583496094,0.1618127077817917,0.503029465675354,7.287955284118652,71.43589782714844,101.1603775024414,4.136136054992676,10.477873802185059,0.002349315444007516,78.22917175292969,132.24163818359375,0.5915623310595027,64.47917175292969,0.487586002666846,6.393454551696777,0.8902887105941772,0.8259191513061523,0.8259191513061523,0.0,0.42874833941459656,0.07648876309394836,0.0005784015090766907,0.3742908537387848,0.4519139230251312,4.0,48
27806,0.4283302426338196,0.5764032602310181,0.9999999403953552,0.9124801158905029,0.6478898525238037,0.005859375,0.0015091748209670186,0.25756582617759705,0.025328120216727257,0.7755668759346008,552.7033081054688,0.03595767915248871,0.2874807119369507,6.4638848304748535,80.83333587646484,100.3287582397461,3.4842991828918457,10.500900268554688,0.0017051222966983914,65.0,157.7006072998047,0.4121734285544426,53.10416793823242,0.3367404149174179,6.810785293579102,0.7819461226463318,0.8260807991027832,0.8260807991027832,0.0,0.2507832646369934,0.1488381326198578,0.0009438018987933479,0.2765496075153351,0.06439145654439926,4.0,48
27877,0.24993765354156494,0.2875168025493622,1.0,0.7552478909492493,0.7316499948501587,0.0263671875,0.0024639018811285496,0.09344576299190521,0.019442493095993996,0.3464175760746002,144.9533233642578,0.12187793850898743,0.4845215082168579,7.200620651245117,79.51851654052734,95.4394760131836,2.4326140880584717,10.535533905029297,0.001217817422002554,73.8125,174.83633422851562,0.42218055143677025,60.75,0.3474678204881801,6.456667900085449,0.7225116491317749,0.9286490678787231,0.9286490678787231,0.0,0.36129140853881836,0.10893049091100693,0.0006230426380502894,0.23803426325321198,0.06164095923304558,4.0,48
27940,0.3120909333229065,0.4724885821342468,0.9999999403953552,0.825075626373291,0.7219387292861938,0.0146484375,0.004445383790880442,0.30347153544425964,0.054638586938381195,1.5454716682434082,428.3330078125,0.07640714943408966,0.38505420088768005,6.831421852111816,72.86666870117188,113.76626586914062,4.547481536865234,10.375399589538574,0.0028684637509286404,68.52083587646484,131.3548583984375,0.5216467567831008,54.125,0.4120517554950469,7.580026626586914,0.8181383013725281,0.757638156414032,0.757638156414032,0.0,0.38384124636650085,0.14790670573711395,0.0011260086420040118,0.4232367277145386,0.16335292160511017,4.0,48
28056,0.36986008286476135,0.4693264961242676,1.0,0.6861577033996582,0.6952042579650879,0.01220703125,0.0019863536581397057,0.16272209584712982,0.022519024088978767,0.43605107069015503,205.5332794189453,0.06591325998306274,0.3815842270851135,6.824032783508301,74.04000091552734,97.41717529296875,2.706381320953369,10.51269817352295,0.0014079655520617962,63.208335876464844,165.93365478515625,0.38092535209023765,52.10416793823242,0.31400602850913273,6.533198356628418,0.6771137714385986,0.8320831060409546,0.8320831060409546,0.0,0.2990604341030121,0.12144359201192856,0.0007318804142646631,0.29572951793670654,0.07755358517169952,4.0,48
28117,0.44337835907936096,0.5303799510002136,1.0000001192092896,1.9169038534164429,0.3491273820400238,0.00341796875,0.0014499721582978964,0.42422041296958923,0.03841593861579895,1.5548222064971924,1334.017333984375,0.02282176911830902,0.17271576821804047,5.852276802062988,79.28571319580078,102.238525390625,2.826087474822998,10.495857238769531,0.001379535999149084,66.95833587646484,176.3402557373047,0.3797110058205656,54.91666793823242,0.3114244544191198,6.395162105560303,0.7614304423332214,0.8729835748672485,0.8729835748672485,0.0,0.23748843371868134,0.13240931928157806,0.0007508740345217623,0.2253427803516388,0.06186547875404358,4.0,48
28202,0.48167094588279724,0.639524519443512,1.0,0.8603964447975159,0.5871303677558899,0.00439453125,0.0011222024913877249,0.255363404750824,0.02116400934755802,0.6370007991790771,570.23583984375,0.02823571488261223,0.2480110079050064,6.15340518951416,82.33333587646484,103.96958923339844,2.6070749759674072,10.520166397094727,0.001217918936163187,59.375,179.0875701904297,0.3315417141097464,49.35416793823242,0.27558678630234723,5.924659252166748,0.7860516905784607,0.832866370677948,0.832866370677948,0.0,0.4563657343387604,0.16142156720161438,0.0009013555045777659,0.287581205368042,0.047880638390779495,4.0,48
28287,0.44960498809814453,0.55897456407547,0.9999999403953552,1.215725302696228,0.6559524536132812,0.05029296875,0.022314075380563736,0.4436818063259125,0.13712894916534424,2.0230164527893066,80.38848876953125,0.19937697052955627,0.5507509112358093,7.261778354644775,75.87378692626953,75.14592742919922,3.0121994018554688,10.4847412109375,0.0020273756235837936,56.520835876464844,92.8084716796875,0.6090051354950305,44.9375,0.4841960995786258,3.828929901123047,0.6862777471542358,0.8454107046127319,0.8454107046127319,0.0,0.4678365886211395,0.05101650208234787,0.0005496966080092947,0.42775577306747437,0.41408345103263855,4.0,48
28373,0.35205838084220886,0.4685915410518646,1.0,1.1245167255401611,0.6171059012413025,0.021484375,0.010410048067569733,0.4845404326915741,0.09355445206165314,1.491054654121399,135.16502380371094,0.10376113653182983,0.44620659947395325,6.7224812507629395,47.59090805053711,92.29187774658203,2.068024158477783,10.520231246948242,0.0011770939454436302,57.125,180.9777069091797,0.3156466117979418,46.583335876464844,0.25739819931118835,6.656380653381348,0.7365164756774902,0.821436882019043,0.821436882019043,0.0,0.24427761137485504,0.13251885771751404,0.0007322385722164873,0.23224948346614838,0.3299306631088257,4.0,48
28480,0.37384188175201416,0.5419230461120605,1.0,1.0519475936889648,0.733958899974823,0.00390625,0.00044447023537941277,0.11378438025712967,0.009231675416231155,0.3138972520828247,741.3367309570312,0.02555946074426174,0.2234347015619278,6.359180450439453,94.625,98.93927764892578,4.415567874908447,10.493339538574219,0.0021380847319960594,68.33333587646484,151.07681274414062,0.45230856165644123,55.770835876464844,0.36915549686122373,6.431771755218506,0.8277919292449951,0.8601822853088379,0.8601822853088379,0.0,0.2960478663444519,0.0921880230307579,0.0006102063006901187,0.2577817738056183,0.018964063376188278,4.0,48
28525,0.306082546710968,0.36569562554359436,1.0,0.7478615045547485,0.6630489230155945,0.01220703125,0.0021799204405397177,0.17857907712459564,0.02676069363951683,0.6182835698127747,292.8899230957031,0.06591325998306274,0.37005186080932617,6.950608253479004,87.80000305175781,112.0707015991211,4.3302106857299805,10.454484939575195,0.0022093108855187893,75.4375,131.36508178710938,0.5742583871451596,62.04166793823242,0.4722843170307196,6.117764949798584,0.7341294288635254,0.8379753828048706,0.8379753828048706,0.0,0.48630964756011963,0.08917155861854553,0.0006788071639636257,0.4080442190170288,0.08526895195245743,4.0,48
28654,0.5188793540000916,0.6350226998329163,1.0,1.3057245016098022,0.5114166140556335,0.01611328125,0.00562986359000206,0.34939274191856384,0.0693039819598198,2.4756860733032227,811.3067626953125,0.08250018209218979,0.4016949534416199,6.957082748413086,79.7272720336914,77.84648895263672,2.44977068901062,10.465028762817383,0.001980785746127367,67.70833587646484,86.69122314453125,0.781028729468628,53.333335876464844,0.6152103285172897,5.943782806396484,0.9904851913452148,0.74329674243927,0.74329674243927,0.0,0.4538401663303375,0.22650274634361267,0.0026127529189415256,0.4861305356025696,0.19360260665416718,4.0,48
28756,0.2913971543312073,0.33769190311431885,1.0,1.058326244354248,0.7840113639831543,0.0087890625,0.0016517475014552474,0.18793216347694397,0.02439459040760994,0.6043409109115601,374.3700866699219,0.05035991966724396,0.3203553259372711,6.668998718261719,72.11111450195312,76.20085906982422,1.6449607610702515,10.526893615722656,0.001094132661819458,52.208335876464844,262.0824279785156,0.19920578528352384,40.583335876464844,0.15484951123179916,13.035124778747559,0.8845129013061523,0.8252309560775757,0.8252309560775757,0.0,0.9413120746612549,0.11319189518690109,0.00043189425577155107,1.5451260805130005,0.0702688917517662,4.0,48
28881,0.4453310966491699,0.6301820874214172,1.0,1.7863415479660034,0.40723180770874023,0.0087890625,0.00798282865434885,0.9082685112953186,0.10685928910970688,2.463588237762451,290.89544677734375,0.05035991966724396,0.3393099904060364,6.444847106933594,71.05555725097656,185.530517578125,9.380428314208984,10.201455116271973,0.005093981511890888,72.89583587646484,127.0511474609375,0.5737518891211865,57.97916793823242,0.4563450948091197,7.316349029541016,1.0454999208450317,0.7605794668197632,0.7605794668197632,0.0,0.3962329626083374,0.19952166080474854,0.0015704042409407472,0.4222660958766937,0.33721742033958435,4.0,48
29083,0.3860420882701874,0.4799153804779053,1.0,0.8302899599075317,0.7481493949890137,0.0048828125,0.0010120418155565858,0.207266166806221,0.019525887444615364,0.7052006125450134,895.9196166992188,0.03085736557841301,0.2586562931537628,6.4147138595581055,76.80000305175781,72.2774887084961,1.8896175622940063,10.520849227905273,0.0013523825909942389,48.145835876464844,123.57603454589844,0.3896049589994453,38.875,0.3145836499747471,6.296087265014648,0.8579444289207458,0.8020024299621582,0.8020024299621582,0.0,0.33028852939605713,0.0709441527724266,0.0005740931324377114,0.3780636489391327,0.043180447071790695,4.0,48
29160,0.4487449824810028,0.5275002717971802,0.9999999403953552,1.193697452545166,0.5241367816925049,0.00341796875,0.0006846332689747214,0.20030413568019867,0.01646447367966175,0.623020589351654,1100.3267822265625,0.02282176911830902,0.20036780834197998,5.886630058288574,71.0,131.23828125,5.4659037590026855,10.392071723937988,0.002948381006717682,87.375,154.510009765625,0.5654973430322311,72.625,0.47003427224853545,9.002510070800781,0.97976154088974,0.8031167984008789,0.8031167984008789,0.0,0.5254448652267456,0.1590355783700943,0.001029289808479342,0.5098469257354736,0.029211020097136497,4.0,48
29421,0.43948814272880554,0.5344842076301575,1.0,1.012940764427185,0.552428126335144,0.01708984375,0.006143238395452499,0.35946720838546753,0.07328354567289352,1.9387767314910889,350.33221435546875,0.08648617565631866,0.3872959315776825,6.835825443267822,85.17142486572266,152.16241455078125,7.040807247161865,10.291274070739746,0.003919097129255533,84.02083587646484,130.39608764648438,0.6443508956941211,67.20833587646484,0.5154168126080483,8.742708206176758,0.9887711405754089,0.8231425285339355,0.8231425285339355,0.0,0.5327246189117432,0.14090871810913086,0.001080620750526971,0.48047173023223877,0.23140180110931396,4.0,48
29585,0.35343676805496216,0.43085628747940063,1.0,0.5614796876907349,0.8006575703620911,0.02001953125,0.0016270792111754417,0.0812745913863182,0.016376616433262825,0.39588144421577454,259.2257385253906,0.09811511635780334,0.42902982234954834,7.015458106994629,66.78048706054688,85.26602172851562,2.56722354888916,10.500587463378906,0.0013661824632436037,74.89583587646484,95.76213836669922,0.7821027928788238,60.79166793823242,0.6348194491970974,4.587941646575928,0.7752258777618408,0.8791095614433289,0.8791095614433289,0.0,0.19433195888996124,0.04118916392326355,0.0004301195088317459,0.2188672572374344,0.05282629653811455,4.0,48
29586,0.42459091544151306,0.6679529547691345,1.0,0.8655568957328796,0.644414484500885,0.01123046875,0.002556019462645054,0.22759686410427094,0.03801693767309189,1.0543029308319092,540.680419921875,0.06158214434981346,0.3362445533275604,6.7498779296875,68.43478393554688,85.59666442871094,3.2887914180755615,10.458968162536621,0.0022990298457443714,49.833335876464844,100.13827514648438,0.49764523903164043,38.97916793823242,0.38925343858100553,5.567798137664795,0.9141523241996765,0.7711837291717529,0.7711837291717529,0.0,0.2388637214899063,0.05954552814364433,0.0005946330516537614,0.28874725103378296,0.10447036474943161,4.0,48
29687,0.3537119925022125,0.4283023476600647,1.0,0.9079606533050537,0.7531403303146362,0.00341796875,0.001667640171945095,0.4879038631916046,0.03622930869460106,1.0001283884048462,561.61572265625,0.02282176911830902,0.20544378459453583,5.968408107757568,68.14286041259766,81.02104187011719,2.481109380722046,10.520217895507812,0.0014114188961684704,53.10416793823242,211.419921875,0.25117863758893055,42.8125,0.20249983832312396,8.927053451538086,0.8793841600418091,0.8816145658493042,0.8816145658493042,0.0,0.6287314891815186,0.17505668103694916,0.0008280046623618076,0.5196413397789001,0.07115264981985092,4.0,48
29733,0.4517640769481659,0.5102500319480896,1.0000001192092896,0.6355175971984863,0.7243622541427612,0.01708984375,0.0014996323734521866,0.0877499207854271,0.017028994858264923,0.36158549785614014,260.9678955078125,0.08648617565631866,0.3961279094219208,7.040175914764404,67.94285583496094,126.75342559814453,6.248064041137695,10.254892349243164,0.004543799441307783,47.41666793823242,113.18939208984375,0.41891441466888024,37.520835876464844,0.33148721077473337,5.690429210662842,0.8915276527404785,0.8238368034362793,0.8238368034362793,0.0,0.7392866611480713,0.06431885063648224,0.0005682409759719085,0.7755976915359497,0.055553317070007324,4.0,48
29788,0.34844741225242615,0.48514848947525024,0.9999999403953552,0.796597957611084,0.7494796514511108,0.00244140625,0.0002820559893734753,0.11553013324737549,0.007850137539207935,0.331775426864624,1561.4896240234375,0.01712392456829548,0.16469912230968475,5.9134521484375,90.80000305175781,101.74707794189453,3.1702349185943604,10.51606559753418,0.0016028281534090638,70.85417175292969,156.90940856933594,0.45156101469278476,59.4375,0.3788013767826257,6.086043357849121,0.713070809841156,0.8504818677902222,0.8504818677902222,0.0,0.29537099599838257,0.14063428342342377,0.0008962769326373236,0.26313909888267517,0.012034389190375805,4.0,48
29824,0.33130016922950745,0.44102761149406433,1.0,1.5246798992156982,0.6185197234153748,0.0029296875,0.0023462348617613316,0.8008481860160828,0.06830447167158127,2.8299057483673096,1468.421875,0.020013848319649696,0.14974716305732727,5.790351867675781,72.83333587646484,77.90648651123047,2.289824962615967,10.51011848449707,0.0014779577031731606,60.91666793823242,124.19161987304688,0.4905054624104152,50.625,0.40763619999219214,5.3440680503845215,0.7521921396255493,0.8416668772697449,0.8416668772697449,0.0,0.3087652027606964,0.11011937260627747,0.0008866892364394518,0.2827463746070862,0.10010602325201035,4.0,48
29833,0.300968736410141,0.369939386844635,1.0,0.7243266105651855,0.7966676950454712,0.03515625,0.006528228987008333,0.18569184839725494,0.04711989313364029,1.0337556600570679,170.74917602539062,0.152232363820076,0.5132083296775818,7.339892864227295,77.80555725097656,98.52143096923828,3.9414315223693848,10.50537109375,0.0017977266106754541,82.66667175292969,140.6314697265625,0.5878248439540935,68.45833587646484,0.4867924370320827,6.315352439880371,0.8517897129058838,0.8589950799942017,0.8589950799942017,0.0,0.2578660845756531,0.11287325620651245,0.0008026173403289602,0.2327844798564911,0.14288710057735443,4.0,48
29860,0.36139652132987976,0.5097368955612183,1.0,0.9044864177703857,0.7209177017211914,0.0693359375,0.0209406316280365,0.3020170032978058,0.12407895177602768,2.7758913040161133,174.22341918945312,0.25191783905029297,0.5825619697570801,7.48573112487793,70.30986022949219,106.67374420166016,3.2365989685058594,10.489544868469238,0.0014284340431913733,77.6875,149.456787109375,0.5197990770265186,63.3125,0.42361742962820864,6.363722801208496,0.853584885597229,0.8355073928833008,0.8355073928833008,0.0,0.21032053232192993,0.11523841321468353,0.0007710483774995084,0.14494946599006653,0.37089788913726807,4.0,48
29876,0.37096071243286133,0.5410947203636169,1.0,1.117233395576477,0.5945252180099487,0.01513671875,0.006959478836506605,0.45977461338043213,0.08277022838592529,2.2879650592803955,375.9745178222656,0.07845399528741837,0.38730862736701965,6.836348533630371,73.54838562011719,144.704345703125,6.277136325836182,10.36506462097168,0.003322911448776722,66.16667175292969,185.9283447265625,0.3558718916509459,54.333335876464844,0.29222728763303124,7.440185546875,0.9196795225143433,0.8125497698783875,0.8125497698783875,0.0,0.46150338649749756,0.17036119103431702,0.0009162733701292171,0.3745953142642975,0.25931039452552795,4.0,48
29945,0.33158308267593384,0.46340376138687134,1.0,1.4476323127746582,0.5916051864624023,0.009765625,0.0025892523117363453,0.2651394307613373,0.039422668516635895,1.304052710533142,649.7070922851562,0.05492175742983818,0.3275879919528961,6.7856035232543945,78.0999984741211,85.8045425415039,2.5396904945373535,10.518451690673828,0.001370301702991128,58.375,117.51614379882812,0.496740261448357,47.54166793823242,0.4045543565109815,5.40950345993042,0.9124451875686646,0.8334072828292847,0.8334072828292847,0.0,0.3178219199180603,0.08457301557064056,0.0007196714666558624,0.31556403636932373,0.10790181905031204,4.0,48
30003,0.3837685286998749,0.43763577938079834,1.0,1.4680787324905396,0.6301761865615845,0.00341796875,0.0009089313680306077,0.26592734456062317,0.01807229593396187,0.5250390768051147,561.5979614257812,0.02282176911830902,0.23031958937644958,6.012729167938232,87.14286041259766,73.69000244140625,1.49421226978302,10.528324127197266,0.0010830939281731844,65.25,187.2419891357422,0.3484795280037953,52.125,0.2783830712214227,11.657023429870605,0.9332370758056641,0.8251289129257202,0.8251289129257202,0.0,0.8713144063949585,0.10852240771055222,0.0005795837152001329,1.1500438451766968,0.038781072944402695,4.0,48
30011,0.25670382380485535,0.3398010730743408,1.0,0.8848113417625427,0.8329371213912964,0.0087890625,0.0019430248066782951,0.22107304632663727,0.03549214452505112,1.3947901725769043,1182.0760498046875,0.05035991966724396,0.2993027865886688,6.487621784210205,71.27777862548828,95.66846466064453,3.977407455444336,10.509689331054688,0.0020576261449605227,78.0625,144.056640625,0.5418875496186875,65.0625,0.4516452675364721,6.594161033630371,0.8678480982780457,0.8575088381767273,0.8575088381767273,0.0,0.5499616861343384,0.10452746599912643,0.0007255997747717187,0.46599921584129333,0.0824885368347168,4.0,48
30056,0.3775298595428467,0.4255341589450836,1.0,0.685934841632843,0.6923487186431885,0.025390625,0.0036520627327263355,0.14383508265018463,0.028410088270902634,0.5032138824462891,126.18280029296875,0.1183348149061203,0.481849730014801,7.165507793426514,77.67308044433594,106.23538970947266,2.383188247680664,10.514373779296875,0.0012369838077574968,72.25,160.36572265625,0.45053268740206587,59.125,0.3686885140850816,6.55134391784668,0.7459179162979126,0.8233382105827332,0.8233382105827332,0.0,0.36762261390686035,0.13017818331718445,0.0008117581560001368,0.32011666893959045,0.08823291212320328,4.0,48
30155,0.35866352915763855,0.41579297184944153,1.0,0.5419149994850159,0.8076123595237732,0.0078125,0.001048745703883469,0.13423945009708405,0.015973707661032677,0.46978941559791565,483.9196472167969,0.04568839073181152,0.3135227560997009,6.65364933013916,76.25,93.65802001953125,2.0080065727233887,10.497547149658203,0.0012267074780538678,62.54166793823242,127.00286865234375,0.4924429550052831,52.125,0.4104238002574742,5.072440147399902,0.7097017765045166,0.8598084449768066,0.8598084449768066,0.0,0.5231906175613403,0.08688203990459442,0.0006840950981633605,0.4018612205982208,0.044746484607458115,4.0,48
30248,0.34773698449134827,0.5957404375076294,1.0,2.0110795497894287,0.5130668878555298,0.0029296875,0.0006837815744802356,0.2333974391222,0.013628636486828327,0.3490443825721741,495.2912902832031,0.020013848319649696,0.2234000712633133,6.070242881774902,89.16666412353516,91.44569396972656,3.287033796310425,10.476495742797852,0.001947307144291699,57.395835876464844,152.9490203857422,0.3752612192478131,46.29166793823242,0.3026607677411518,7.762563228607178,0.9124913215637207,0.8462508916854858,0.8462508916854858,0.0,0.22282376885414124,0.11624465882778168,0.0007600222513815963,0.2508579194545746,0.0291746836155653,4.0,48
30340,0.4701327383518219,0.6505221724510193,1.0,1.7857921123504639,0.4332595765590668,0.0068359375,0.004785639233887196,0.7000706791877747,0.07908155024051666,2.378729820251465,571.0548095703125,0.04089350998401642,0.2965283691883087,6.170246601104736,63.57142639160156,98.2274169921875,3.012509822845459,10.475410461425781,0.0017993564251810312,64.75,137.92059326171875,0.4694730385362784,52.1875,0.3783880185113827,7.445767402648926,0.8677971363067627,0.8067452907562256,0.8067452907562256,0.0,0.41720250248908997,0.13287314772605896,0.0009634032494645976,0.403877854347229,0.2041872888803482,4.0,48
30620,0.39344844222068787,0.5922436118125916,0.9999999403953552,1.430122971534729,0.5169075727462769,0.01220703125,0.003772513475269079,0.3090443015098572,0.05757427588105202,2.0463900566101074,831.6181640625,0.06591325998306274,0.3451223373413086,6.612783908843994,64.16000366210938,86.58597564697266,2.7756857872009277,10.505263328552246,0.0014763269573450089,58.458335876464844,109.0531234741211,0.536053750766495,47.1875,0.43270195747186313,4.986029624938965,0.7221559286117554,0.7880722880363464,0.7880722880363464,0.0,0.3262326717376709,0.09460022300481796,0.0008674691744945061,0.3370489478111267,0.14868541061878204,4.0,48
30791,0.3144211769104004,0.3727584481239319,1.0000001192092896,0.6201121211051941,0.7503629326820374,0.0341796875,0.006772872060537338,0.19815488159656525,0.04848954454064369,0.9316971302032471,125.99301147460938,0.1489836424589157,0.5116127729415894,7.281412601470947,78.9857177734375,146.62567138671875,6.775810718536377,10.295573234558105,0.003901206888258457,86.9375,118.94987487792969,0.7308750856771342,69.66667175292969,0.5856809165925322,7.531156539916992,0.9918038845062256,0.8117815852165222,0.8117815852165222,0.0,0.16317002475261688,0.10252237319946289,0.000861895595065197,0.15093930065631866,0.15920500457286835,4.0,48
30798,0.4253421425819397,0.4666946232318878,1.0,1.5611250400543213,0.5297801494598389,0.00439453125,0.0013060832861810923,0.2972065210342407,0.02298043482005596,0.6770634055137634,491.8736267089844,0.02823571488261223,0.2627905607223511,5.931065559387207,65.55555725097656,76.94831848144531,2.4407129287719727,10.508943557739258,0.0015987588558346033,62.875,126.95504760742188,0.4952540381810841,51.875,0.4086091965112324,5.632152557373047,0.8066041469573975,0.8297798037528992,0.8297798037528992,0.0,0.24250563979148865,0.11940619349479675,0.0009405391572505763,0.262950599193573,0.05572621896862984,4.0,48
30862,0.4811519682407379,0.5388939380645752,1.0,0.7575077414512634,0.6833912134170532,0.0048828125,0.0006000187713652849,0.12288384139537811,0.010671153664588928,0.26858794689178467,447.3510437011719,0.03085736557841301,0.2603411376476288,6.379870414733887,72.5999984741211,69.94367218017578,1.730265736579895,10.525726318359375,0.0012105628848075867,52.66666793823242,207.014404296875,0.25441064410262076,41.770835876464844,0.20177743677461396,8.5890531539917,0.8568003177642822,0.7161809802055359,0.7161809802055359,0.0,0.97770756483078,0.07261186838150024,0.0003507575650333081,2.53385853767395,0.025600800290703773,4.0,48
30893,0.39475980401039124,0.43850722908973694,1.0,0.799224853515625,0.5829248428344727,0.0234375,0.004433240741491318,0.1891516000032425,0.04496484249830246,0.9301503896713257,250.3822021484375,0.11113139986991882,0.4357765316963196,6.928158760070801,67.29166412353516,114.13196563720703,3.0161168575286865,10.495266914367676,0.0015566712245345116,71.0625,155.02708435058594,0.4583876442822846,58.770835876464844,0.3791004398932418,7.34512996673584,0.8863832354545593,0.8571763038635254,0.8571763038635254,0.0,0.4234589636325836,0.11696913093328476,0.0007545077133826492,0.3539981544017792,0.14112751185894012,4.0,48
30923,0.390242338180542,0.46305665373802185,1.0,0.8722163438796997,0.6395130753517151,0.00439453125,0.001297041424550116,0.29514896869659424,0.027923569083213806,0.9918652772903442,873.3712158203125,0.02823571488261223,0.22568564116954803,6.217754364013672,73.0,93.52227783203125,2.206674814224243,10.519231796264648,0.0012506336206570268,55.375,152.9130859375,0.362133820378277,44.22916793823242,0.2892438385124065,6.200160503387451,0.6945376396179199,0.8282100558280945,0.8282100558280945,0.0,0.2984074652194977,0.11249055713415146,0.0007356502972726159,0.29669663310050964,0.05534043535590172,4.0,48
30974,0.2704407572746277,0.3437100648880005,1.0,1.401151418685913,0.6591781377792358,0.00634765625,0.0010537640191614628,0.1660083681344986,0.019057609140872955,0.5927799344062805,622.9238891601562,0.03844451159238815,0.2721088230609894,6.515003204345703,70.76923370361328,78.66854858398438,2.291335344314575,10.517532348632812,0.001374240848235786,55.25,140.775634765625,0.3924684842519809,45.6875,0.3245412465929842,5.895830154418945,0.9572340846061707,0.8659019470214844,0.8659019470214844,0.0,0.22909775376319885,0.13468605279922485,0.0009567426423890326,0.2971750497817993,0.04496060311794281,4.0,48
31168,0.3978824317455292,0.5925442576408386,1.0,0.8926602005958557,0.6551325917243958,0.00341796875,0.0006507078651338816,0.19037853181362152,0.013431250117719173,0.4347519874572754,663.0363159179688,0.02282176911830902,0.22117052972316742,6.147168159484863,84.85713958740234,102.8385238647461,2.6624903678894043,10.504969596862793,0.0013875989243388176,63.85416793823242,196.8420867919922,0.3243928621954955,52.770835876464844,0.2680871592747754,8.382217407226562,0.8247655630111694,0.8523068428039551,0.8523068428039551,0.0,0.38931745290756226,0.16444915533065796,0.0008354369637225041,0.34736505150794983,0.02776353619992733,4.0,48
31222,0.3237892985343933,0.40681061148643494,1.0,0.7409443855285645,0.7502890229225159,0.02197265625,0.0054162731394171715,0.24650061130523682,0.05718877911567688,1.4650070667266846,304.2737121582031,0.1056201159954071,0.42320695519447327,7.057290077209473,83.80000305175781,124.30084991455078,5.371195316314697,10.386436462402344,0.0029932300094515085,60.60416793823242,120.67388916015625,0.5022144256308628,50.10416793823242,0.4152030591106832,4.946630954742432,0.8198457956314087,0.8122180700302124,0.8122180700302124,0.0,0.4946613609790802,0.09046115726232529,0.0007496332295611233,0.44467559456825256,0.18129988014698029,4.0,48
31276,0.44854244589805603,0.527391254901886,1.0,0.616131067276001,0.7128448486328125,0.033203125,0.004514144733548164,0.13595542311668396,0.03232259675860405,0.45540666580200195,90.34756469726562,0.14570602774620056,0.504815399646759,7.258221626281738,71.94117736816406,81.77862548828125,2.8783557415008545,10.498523712158203,0.0018919904250651598,69.45833587646484,111.48399353027344,0.623034156480707,53.958335876464844,0.48400074452815933,6.77601957321167,0.8893711566925049,0.8006226420402527,0.8006226420402527,0.0,0.4607030749320984,0.06698353588581085,0.0006008354541193677,0.4561077058315277,0.10557729005813599,4.0,48
31334,0.245411679148674,0.3956102728843689,1.0,0.9243170619010925,0.8686544895172119,0.013671875,0.0020664818584918976,0.15114839375019073,0.024616921320557594,0.5852370262145996,322.7243957519531,0.07226333767175674,0.3803137540817261,6.99235725402832,76.64286041259766,101.35792541503906,3.924983263015747,10.43627643585205,0.002266959985718131,76.27083587646484,126.75279235839844,0.60172903847979,64.72917175292969,0.5106725504302795,6.467366695404053,0.9533657431602478,0.8931225538253784,0.8931225538253784,0.0,0.5709540843963623,0.09622745215892792,0.0007591742190519111,0.4138129949569702,0.07947627454996109,4.0,48
31411,0.42170047760009766,0.6185221672058105,1.0,1.4470075368881226,0.5376276969909668,0.01123046875,0.007851715199649334,0.6991440057754517,0.1384717971086502,4.730774402618408,816.9482421875,0.06158214434981346,0.30985787510871887,6.446611404418945,68.43478393554688,83.70048522949219,2.638007640838623,10.507001876831055,0.0016984366811811924,60.47916793823242,133.26144409179688,0.45383845527017613,48.75,0.3658222400978969,6.444470405578613,0.8439189791679382,0.8107888698577881,0.8107888698577881,0.0,0.2573147118091583,0.12133455276489258,0.0009105000593585532,0.24391375482082367,0.32109346985816956,4.0,48
31412,0.32884690165519714,0.4334333539009094,1.0,0.8319046497344971,0.791124701499939,0.0078125,0.0009893530514091253,0.12663719058036804,0.013754788786172867,0.31437623500823975,329.5340881347656,0.04568839073181152,0.3314342200756073,6.697123050689697,81.3125,101.68475341796875,4.1174235343933105,10.492690086364746,0.0021065794862806797,80.39583587646484,140.54327392578125,0.5720361681143153,65.58333587646484,0.46664158333490924,6.029262542724609,0.8581058382987976,0.8802223205566406,0.8802223205566406,0.0,0.34651869535446167,0.08173812925815582,0.0005815869160377223,0.271596223115921,0.04221239686012268,4.0,48
31612,0.27793341875076294,0.37715721130371094,1.0,0.9759646058082581,0.7204515933990479,0.0048828125,0.0011639882577583194,0.23838476836681366,0.032480958849191666,1.4252196550369263,1804.1470947265625,0.03085736557841301,0.19623953104019165,6.266207695007324,78.19999694824219,87.5545654296875,3.1176819801330566,10.494773864746094,0.0017217787681147456,60.85416793823242,119.78851318359375,0.5080133838866855,49.833335876464844,0.4160109725706982,5.518397331237793,0.7433967590332031,0.8434642553329468,0.8434642553329468,0.0,0.33776000142097473,0.10464952886104584,0.0008736190647255022,0.3391745388507843,0.04966349899768829,4.0,48
31946,0.5810102224349976,0.7690578699111938,0.9999999403953552,1.1751919984817505,0.3906742334365845,0.0087890625,0.004740498028695583,0.5393632650375366,0.060911618173122406,1.1301867961883545,208.0447998046875,0.05035991966724396,0.34165167808532715,6.195310115814209,85.27777862548828,72.53215026855469,1.8911691904067993,10.521020889282227,0.0012249391293153167,81.45833587646484,127.579345703125,0.6384915632004581,63.875,0.5006688162802573,8.536264419555664,1.1191399097442627,0.8424891233444214,0.8424891233444214,0.0,0.6017782092094421,0.08031226694583893,0.0006295083776838702,0.5480645298957825,0.20134703814983368,4.0,48
31972,0.21793103218078613,0.30947503447532654,1.0,1.0469938516616821,0.8555487990379333,0.0078125,0.0014781750505790114,0.18920640647411346,0.019406476989388466,0.39146852493286133,234.19955444335938,0.04568839073181152,0.336145281791687,6.5266571044921875,76.625,92.75447845458984,3.532609224319458,10.520890235900879,0.001933202613145113,84.5,139.95205688476562,0.6037781928674204,72.54167175292969,0.518332301521485,6.4966278076171875,0.9995616674423218,0.8821711540222168,0.8821711540222168,0.0,0.47119906544685364,0.12660694122314453,0.0009046450908423895,0.3825298845767975,0.06306879967451096,4.0,48
31975,0.39132604002952576,0.5745120644569397,0.9999999403953552,1.5551692247390747,0.5810115933418274,0.0029296875,0.003336343914270401,1.1388052701950073,0.09999750554561615,4.13945198059082,1471.0404052734375,0.020013848319649696,0.1424292027950287,5.774868488311768,62.5,70.4897689819336,3.4263646602630615,10.511934280395508,0.0021812869235873222,66.97917175292969,111.84239196777344,0.5988710592513127,53.97916793823242,0.48263602900195274,6.758813381195068,0.8664301633834839,0.7275824546813965,0.7275824546813965,0.0,0.22293122112751007,0.12326367199420929,0.0011021194183570898,0.2876506447792053,0.14235065877437592,4.0,48
32415,0.3410615622997284,0.4054449498653412,1.0,0.6496810913085938,0.7068818807601929,0.0419921875,0.005681030452251434,0.13528777658939362,0.036941129714250565,0.6186200380325317,92.6380386352539,0.17422455549240112,0.5325869917869568,7.285996437072754,75.5465087890625,113.74060821533203,4.753174304962158,10.426239967346191,0.002642306499183178,73.8125,113.26878356933594,0.6516579208101067,59.708335876464844,0.5271384929691932,5.795053005218506,0.8451066017150879,0.8599490523338318,0.8599490523338318,0.0,0.19424261152744293,0.07127480208873749,0.0006292537081835531,0.1520657241344452,0.1177150085568428,4.0,48
32426,0.3705117702484131,0.48132121562957764,0.9999999403953552,1.3032574653625488,0.6625560522079468,0.00244140625,0.00042606377974152565,0.1745157241821289,0.014159861952066422,0.6266593337059021,1868.41845703125,0.01712392456829548,0.12555959820747375,5.648377418518066,61.400001525878906,91.15911102294922,2.951145648956299,10.518136024475098,0.0014968952164053917,51.958335876464844,212.7897186279297,0.24417690952857574,41.75,0.1962030885103021,8.660465240478516,0.8169467449188232,0.9037963151931763,0.9037963151931763,0.0,0.5123360753059387,0.1498558521270752,0.0007042438567347372,0.38751304149627686,0.018178721889853477,4.0,48
32441,0.4875265061855316,0.5522225499153137,1.0,1.2750906944274902,0.49658894538879395,0.03076171875,0.008488345891237259,0.27593860030174255,0.06871867179870605,1.2986794710159302,151.31907653808594,0.13738007843494415,0.4833611249923706,6.771856307983398,74.87301635742188,91.3675308227539,3.307569980621338,10.494279861450195,0.0018182883504778147,89.39583587646484,133.3818817138672,0.6702247315833786,72.16667175292969,0.5410530337421103,7.675785064697266,1.1325974464416504,0.8311420679092407,0.8311420679092407,0.0,0.2033626139163971,0.1414443552494049,0.0010604465420740502,0.14386925101280212,0.22536063194274902,4.0,48
32447,0.6232736706733704,0.7550570368766785,1.0,0.8455454707145691,0.5045651197433472,0.02783203125,0.008526233956217766,0.3063460886478424,0.0675470381975174,1.0347468852996826,107.72805786132812,0.1271233856678009,0.47905483841896057,7.217584609985352,64.1754379272461,68.38764953613281,1.3197885751724243,10.525815963745117,0.0010440456680953503,53.083335876464844,97.92778778076172,0.5420661190660799,42.4375,0.43335503596460756,5.092201232910156,0.9338096976280212,0.6513193845748901,0.6513193845748901,0.0,0.512106716632843,0.06085643917322159,0.0006214419884910608,0.6750238537788391,0.22459642589092255,4.0,48
32640,0.2249586433172226,0.3432251811027527,0.9999999403953552,1.026084065437317,0.8596579432487488,0.01171875,0.004671845585107803,0.3986641466617584,0.07716114073991776,2.4116084575653076,625.1233520507812,0.0637580007314682,0.3134492039680481,6.917697429656982,76.125,85.8868408203125,3.915548086166382,10.516557693481445,0.001937849447131157,78.75,121.00556945800781,0.6507964909897838,66.02083587646484,0.5456016294681365,6.789755821228027,0.9977259635925293,0.8851819038391113,0.8851819038391113,0.0,0.5657787919044495,0.18380407989025116,0.001518972066313414,0.4193865656852722,0.19288413226604462,4.0,48
