feature,crowding,crowd_max,dec_norm,enc_norm,enc_dec_cos,frequency,act_mag,act_mean_firing,act_std,act_max,act_kurtosis,bin_entropy,act_entropy,coact_entropy,coact_count,logit_l2,logit_linf,logit_entropy,logit_top10_mass,collateral_raw,effect_l2,collateral_ctilde,collateral_w2,collateral_w2_per_effect,collateral_raw_nodense,collateral_ctilde_nodense,resid_delta_norm,resid_reconstruction_norm_ratio,resid_error_delta_norm,resid_change_explained_energy,stab_signed,stab_abs,stab_anti_frac,effect_pc1_ratio,kl_mean,kl_per_effect,effect_cv,ctx_mean_act,intervention_value,n_ctx
43,0.1466442197561264,0.2041100561618805,1.0000001192092896,0.9449360966682434,0.8516426086425781,0.0048828125,0.028109438717365265,5.756813049316406,0.4761105477809906,15.799935340881348,664.8740844726562,0.03085736557841301,0.28146234154701233,6.359133720397949,81.0999984741211,71.6814956665039,1.1624871492385864,12.16935920715332,0.0003385671880096197,0.4375,2.787818431854248,0.15693274476978056,16.395305633544922,5.8810521472266295,0.25,0.08967585415416031,0.40276965498924255,1.1838371753692627,0.7467222213745117,-11.600955963134766,0.3098364472389221,0.38294753432273865,0.125,0.6852825284004211,1.8050282051262911e-06,6.474697842682042e-07,0.8786044716835022,1.199336051940918,0.5,48
89,0.179976686835289,0.753450334072113,1.0,0.8648819327354431,0.9327532052993774,0.00390625,0.014142808504402637,3.620558977127075,0.22678734362125397,4.215417861938477,259.29888916015625,0.02555946074426174,0.27221739292144775,6.39365291595459,96.5,55.48975372314453,0.7823280096054077,12.163606643676758,0.0002857553190551698,0.3125,2.2659401893615723,0.13791184784490199,6.693158149719238,2.9538105867070246,0.0833333358168602,0.03677649385466542,0.2877810597419739,2.3667798042297363,0.8349337577819824,-34.239646911621094,0.3489585816860199,0.47135862708091736,0.1875,0.7158624529838562,1.0525412790229893e-06,4.645053207139105e-07,0.7800644636154175,0.603426456451416,0.5,48
148,0.20590367913246155,0.2879942059516907,0.9999999403953552,1.225932240486145,0.7775681018829346,0.00244140625,0.013657565228641033,5.5941386222839355,0.32483193278312683,12.484115600585938,1099.6866455078125,0.01712392456829548,0.19047211110591888,6.1766886711120605,115.5999984741211,76.4727554321289,1.1994273662567139,12.159313201904297,0.00034661145764403045,0.8125,3.9065101146698,0.2079861498038936,58.68865966796875,15.023296444913079,0.5833333730697632,0.14932339977464407,0.5447551608085632,1.9438928365707397,1.441899061203003,-16.993257522583008,0.3997892737388611,0.41978272795677185,0.0625,0.514664888381958,4.246275238983799e-06,1.0869740774939674e-06,0.5824856758117676,0.5827227830886841,0.5,48
266,0.23452194035053253,0.40966933965682983,1.0,0.9729461073875427,0.7701588273048401,0.00830078125,0.04103090986609459,4.943017959594727,0.45988568663597107,7.300958633422852,141.85255432128906,0.04803864285349846,0.3683917224407196,6.782562255859375,76.23529052734375,61.308837890625,0.6608806848526001,12.166051864624023,0.00023030128795653582,1.2916667461395264,3.4213480949401855,0.37753151872340923,50.705806732177734,14.820417325837766,0.6041666865348816,0.17658731821602938,0.45885682106018066,4.080140590667725,2.0543417930603027,-42.45002365112305,0.3852328956127167,0.5030564665794373,0.1875,0.5643413066864014,2.444029632897582e-06,7.143469643935312e-07,0.5304642915725708,1.6824668645858765,0.5,48
293,0.21450889110565186,0.32584744691848755,1.0,1.1260790824890137,0.7869975566864014,0.013671875,0.06771737337112427,4.953042030334473,0.6344619989395142,12.069558143615723,162.25967407226562,0.07226333767175674,0.425581157207489,7.334673881530762,105.21428680419922,61.18506622314453,0.7510172724723816,12.162477493286133,0.00024399161338806152,1.0833333730697632,3.076958656311035,0.35207927390476496,19.559492111206055,6.356761410336371,0.8333333730697632,0.27083021367617083,0.4114622473716736,3.465409755706787,1.6590255498886108,-42.15705871582031,0.484435498714447,0.5266057252883911,0.0833333358168602,0.2937537729740143,2.541598860261729e-06,8.260100754973258e-07,0.3698539733886719,2.025935649871826,0.5,48
297,0.15788093209266663,0.27121850848197937,1.0,1.090834140777588,0.8034213185310364,0.0029296875,0.01625402644276619,5.548040866851807,0.324738472700119,9.835708618164062,577.3910522460938,0.020013848319649696,0.2244921177625656,5.96728515625,76.16666412353516,79.9084701538086,1.035825490951538,12.19047737121582,0.00024210244009736925,0.5,3.791069746017456,0.13188889473910745,84.69292449951172,22.34011240892655,0.2708333432674408,0.0714398206040801,0.3484838008880615,1.9386959075927734,0.886439323425293,-23.564247131347656,0.1626826822757721,0.2964657247066498,0.3541666865348816,0.9265717267990112,1.5800000028320937e-06,4.1676890812262295e-07,1.6011885404586792,0.6935051083564758,0.5,48
385,0.2249424308538437,0.26710134744644165,0.9999998807907104,1.0285500288009644,0.7538080215454102,0.013671875,0.06089751794934273,4.45421838760376,0.5353497266769409,7.7079854011535645,91.55561828613281,0.07226333767175674,0.43272414803504944,6.971729278564453,71.78571319580078,73.7228012084961,0.9710772633552551,12.164204597473145,0.0002760020433925092,1.375,2.8739984035491943,0.47842754314605473,152.454833984375,53.04624848282486,0.9791666865348816,0.34069840885043384,0.42449331283569336,5.476554870605469,2.5117831230163574,-67.40904235839844,0.30752846598625183,0.3187643885612488,0.02083333395421505,0.4059111177921295,2.553491412982112e-06,8.884804532055124e-07,0.6033066511154175,1.8142023086547852,0.5,48
454,0.2299448549747467,0.2883767783641815,1.0,1.032704472541809,0.7321827411651611,0.01171875,0.06126518175005913,5.227962017059326,0.6304359436035156,15.161635398864746,225.34747314453125,0.0637580007314682,0.40347111225128174,6.5898237228393555,62.83333206176758,72.05140686035156,0.8895854949951172,12.160419464111328,0.00027374053024686873,1.3541667461395264,3.3301892280578613,0.4066335722498656,115.419921875,34.658667608424544,0.5416666865348816,0.16265342532029115,0.4231681525707245,2.1367011070251465,1.0286674499511719,-18.715030670166016,0.2593466639518738,0.4318656325340271,0.25,0.7053665518760681,1.6335843611159362e-06,4.90537997795173e-07,0.7684084177017212,2.0537521839141846,0.5,48
496,0.15857231616973877,0.20336808264255524,1.0,0.9978770017623901,0.8148983120918274,0.01025390625,0.07473525404930115,7.288466453552246,0.8501434326171875,20.286725997924805,263.9930114746094,0.057165034115314484,0.3806382119655609,6.73261833190918,97.33333587646484,68.3281478881836,0.9346299171447754,12.170486450195312,0.0002870899043045938,0.8333333730697632,2.506700277328491,0.3324423654803526,20.300764083862305,8.09860045354596,0.5208333730697632,0.20777648436975282,0.4314388632774353,2.0138518810272217,1.1102428436279297,-18.947628021240234,0.29599282145500183,0.2968940734863281,0.02083333395421505,0.3188243806362152,2.733333531068638e-06,1.0904109856634198e-06,0.5574874877929688,2.805736780166626,0.5,48
504,0.13646383583545685,0.18113116919994354,1.0,1.0163564682006836,0.8185812830924988,0.00390625,0.025380700826644897,6.497459411621094,0.4238767921924591,9.72027587890625,332.6308288574219,0.02555946074426174,0.2664346694946289,6.395210266113281,93.375,57.392784118652344,0.8122414350509644,12.16099739074707,0.00028430813108570874,0.625,2.9345645904541016,0.21297878394065206,2.441030979156494,0.8318204952035348,0.3333333432674408,0.11358868815355437,0.39129120111465454,1.8894938230514526,0.9124860167503357,-17.516725540161133,0.31303152441978455,0.3904380798339844,0.1666666716337204,0.5576003193855286,3.215785454813158e-06,1.095830520928229e-06,0.719466507434845,1.0829099416732788,0.5,48
563,0.13803379237651825,0.219823956489563,1.0,1.019155502319336,0.8262228965759277,0.00390625,0.0368354395031929,9.429872512817383,0.6844550371170044,18.107351303100586,494.2706298828125,0.02555946074426174,0.24932566285133362,5.648035526275635,69.125,62.555667877197266,0.7230936288833618,12.164072036743164,0.00025737902615219355,0.9791666865348816,3.460479259490967,0.28295695777392016,8.898529052734375,2.5714730127666217,0.7083333730697632,0.2046922746553423,0.38173145055770874,2.212141990661621,1.0847572088241577,-24.94780731201172,0.5828101634979248,0.6243769526481628,0.0625,0.4481569528579712,1.2369516753096832e-06,3.574509710880706e-07,0.5309397578239441,1.5716453790664673,0.5,48
670,0.13536040484905243,0.1981026828289032,1.0,0.9620826244354248,0.8524572849273682,0.00341796875,0.015527958050370216,4.543036937713623,0.2732561528682709,6.259448051452637,362.7140808105469,0.02282176911830902,0.2513507306575775,6.053069591522217,72.85713958740234,54.384429931640625,0.6281743049621582,12.161504745483398,0.0002675845171324909,0.3958333432674408,2.044668197631836,0.19359294666487756,3.3002898693084717,1.6140955569172344,0.2083333432674408,0.10189102686187676,0.3263004422187805,2.2378334999084473,0.8683833479881287,-26.616592407226562,0.2719973921775818,0.28596776723861694,0.0416666679084301,0.4726637899875641,1.6754902389948256e-06,8.194435814774088e-07,0.5554792881011963,0.6625261902809143,0.5,48
680,0.13482597470283508,0.18965978920459747,1.0,1.0200802087783813,0.8884550333023071,0.0078125,0.05226202309131622,6.689538955688477,0.7437151074409485,23.36426544189453,566.4180297851562,0.04568839073181152,0.33539775013923645,7.009797096252441,120.6875,68.4698486328125,1.335028052330017,12.156429290771484,0.0004274038365110755,0.7291666865348816,3.4042348861694336,0.21419399917302004,10.041818618774414,2.949801915864803,0.5833333730697632,0.1713552063420038,0.49880141019821167,2.200652599334717,1.3640220165252686,-18.367685317993164,0.401534765958786,0.4021996855735779,0.02083333395421505,0.3052034378051758,1.7502260334367747e-06,5.141319817284616e-07,0.4582211375236511,2.229846239089966,0.5,48
700,0.16120968759059906,0.1987910121679306,1.0,0.9652278423309326,0.8261256217956543,0.00830078125,0.03462223708629608,4.170961380004883,0.3906666040420532,7.5175299644470215,157.8325653076172,0.04803864285349846,0.36778467893600464,6.517791748046875,66.23529052734375,57.963932037353516,0.7899755239486694,12.158775329589844,0.0002936960372608155,1.0416667461395264,2.285249710083008,0.45582184607014836,183.89535522460938,80.47057335070134,0.6666666865348816,0.29172596792208166,0.3914451003074646,2.0438764095306396,1.0013388395309448,-20.85967254638672,0.26876938343048096,0.27505576610565186,0.0833333358168602,0.24014189839363098,1.708011950540822e-06,7.474071369665375e-07,0.38962820172309875,1.4115923643112183,0.5,48
728,0.2550116777420044,0.3339771032333374,0.9999999403953552,1.310019612312317,0.6252347230911255,0.00244140625,0.00804116390645504,3.2936606407165527,0.16323202848434448,3.871535301208496,419.11553955078125,0.01712392456829548,0.21058008074760437,5.326645374298096,63.0,61.590057373046875,0.7012510895729065,12.162880897521973,0.0002515657979529351,1.1041667461395264,4.207356929779053,0.2624371456816571,6.46832275390625,1.5373838841079956,0.4583333432674408,0.10893616819957994,0.44126707315444946,1.991065263748169,1.0918633937835693,-19.36126708984375,0.5348159074783325,0.5872937440872192,0.0625,0.6663618087768555,3.0780554425291484e-06,7.315888541395756e-07,0.6954449415206909,0.34308966994285583,0.5,48
801,0.16129083931446075,0.22166137397289276,1.0,1.0874481201171875,0.798564612865448,0.0078125,0.05373969301581383,6.87868070602417,0.721815288066864,20.00505256652832,389.8093566894531,0.04568839073181152,0.3408721089363098,6.478525161743164,72.125,80.890380859375,1.1247870922088623,12.173084259033203,0.0002721794880926609,0.9583333730697632,2.369239568710327,0.4044898547539134,123.05504608154297,51.93862502859538,0.5,0.2110381763384901,0.37830567359924316,2.5317728519439697,1.1674764156341553,-28.756107330322266,0.3043404221534729,0.31720906496047974,0.0416666679084301,0.2139171063899994,1.4672893939859932e-06,6.193081557352246e-07,0.3122563064098358,2.292893409729004,0.5,48
804,0.1656680703163147,0.20165303349494934,1.0,0.8589276671409607,0.8362363576889038,0.0029296875,0.012947052717208862,4.419260501861572,0.24645327031612396,6.305859565734863,423.6099548339844,0.020013848319649696,0.2308911383152008,6.317263603210449,114.0,58.054527282714844,0.7382845878601074,12.163846969604492,0.00026017811615020037,0.625,2.0197439193725586,0.3094451682269241,56.340572357177734,27.894908625708883,0.2916666865348816,0.14440775500956154,0.38691407442092896,2.1181068420410156,1.0122582912445068,-22.10201644897461,0.2596396803855896,0.27516281604766846,0.0416666679084301,0.2706223726272583,1.131539079324284e-06,5.60238881210947e-07,0.3211386203765869,0.5524075627326965,0.5,48
824,0.17830045521259308,0.2339657098054886,1.0,0.8631402254104614,0.8337634801864624,0.00439453125,0.028466466814279556,6.477702617645264,0.46130886673927307,12.144782066345215,379.9698791503906,0.02823571488261223,0.2785307765007019,6.4308600425720215,103.66666412353516,75.95318603515625,0.8234454989433289,12.180438995361328,0.00023272303224075586,1.5625,2.8573615550994873,0.5468331411343798,67.2868881225586,23.548608249098432,1.125,0.3937198616167534,0.4439164102077484,1.946692705154419,1.1303081512451172,-18.49540138244629,0.2752571403980255,0.29615068435668945,0.125,0.38337692618370056,2.4418795874225907e-06,8.545924384398198e-07,0.5761622786521912,1.2145692110061646,0.5,48
864,0.15910117328166962,0.2582571506500244,1.0,1.045755386352539,0.8210799694061279,0.00634765625,0.038806263357400894,6.113479137420654,0.6282082796096802,22.08997344970703,788.241455078125,0.03844451159238815,0.30543437600135803,6.687643051147461,91.61538696289062,58.418087005615234,0.6095257997512817,12.163211822509766,0.00024343442055396736,0.7083333730697632,2.894348621368408,0.2447298039334235,11.235533714294434,3.881886788801399,0.3125,0.10796902509019941,0.36342716217041016,2.4279842376708984,1.088238000869751,-29.140722274780273,0.25506046414375305,0.2594648003578186,0.0625,0.7903435826301575,1.77412891844142e-06,6.129631030670401e-07,1.113614797592163,1.6557339429855347,0.5,48
957,0.18954196572303772,0.279912531375885,1.0,1.1108318567276,0.7877511382102966,0.00439453125,0.023208117112517357,5.2811360359191895,0.420176237821579,14.515663146972656,762.4161376953125,0.02823571488261223,0.2657414674758911,6.231549263000488,75.44444274902344,59.99630355834961,1.0493894815444946,12.15886116027832,0.0003454592661000788,0.5208333730697632,2.5962889194488525,0.20060686126344465,6.348491191864014,2.4452175256209596,0.2291666716337204,0.08826701413481301,0.387553870677948,1.7327821254730225,0.9166020154953003,-18.600461959838867,0.3236214816570282,0.3677639365196228,0.1041666716337204,0.40988889336586,1.4372470786838676e-06,5.535774783698556e-07,0.4533146321773529,0.9902129769325256,0.5,48
1020,0.1812136024236679,0.28024089336395264,0.9999999403953552,0.9961923360824585,0.86711585521698,0.0146484375,0.07314121723175049,4.993107318878174,0.6293209195137024,8.319814682006836,92.93970489501953,0.07640714943408966,0.4400002062320709,7.466377258300781,104.63333129882812,62.66986846923828,0.785529613494873,12.166267395019531,0.00027068998315371573,1.8958333730697632,6.125938415527344,0.3094764004106951,4.925185203552246,0.8039886889865805,1.4791667461395264,0.2414596170238512,0.4983886480331421,2.6561009883880615,1.5263042449951172,-21.75124168395996,0.30073362588882446,0.4573075771331787,0.2708333432674408,0.8428571224212646,5.925035111431498e-06,9.67204483600641e-07,1.3526256084442139,2.025096893310547,0.5,48
1106,0.15793849527835846,0.2093547135591507,0.9999999403953552,0.883956789970398,0.8113657832145691,0.00732421875,0.03649228438735008,4.982413291931152,0.45104795694351196,9.256858825683594,217.57200622558594,0.0433073565363884,0.34783753752708435,6.89082145690918,108.4000015258789,58.992462158203125,0.8219901919364929,12.162703514099121,0.0002830010198522359,0.4583333432674408,2.2692582607269287,0.2019749577118956,26.679235458374023,11.756808734612505,0.1458333432674408,0.06426476225675488,0.37384355068206787,1.6897478103637695,0.8086230158805847,-16.97853660583496,0.28545910120010376,0.28545910120010376,0.0,0.3795756697654724,1.7023630789481103e-06,7.501848074801903e-07,0.4491797685623169,1.5570039749145508,0.5,48
1117,0.28788870573043823,0.4440526068210602,1.0,1.1075506210327148,0.7378262877464294,0.01123046875,0.11922501027584076,10.616209983825684,1.309693694114685,22.1354923248291,171.3460235595703,0.06158214434981346,0.3862980306148529,7.07949161529541,93.86956787109375,76.77893829345703,0.7931475043296814,12.18107795715332,0.00022979002096690238,1.8333333730697632,3.620030164718628,0.5064414616964517,22.5968017578125,6.242158398463866,1.2083333730697632,0.3337909671329418,0.4849611222743988,2.774439573287964,1.5182689428329468,-23.764047622680664,0.405869722366333,0.4785926342010498,0.1041666716337204,0.6720046997070312,2.716290964599466e-06,7.503503654663855e-07,0.8435518741607666,4.563293933868408,0.5,48
1180,0.1310766041278839,0.17640578746795654,1.0,0.8054176568984985,0.893970787525177,0.0107421875,0.047221530228853226,4.395895004272461,0.47488799691200256,8.667946815490723,136.2472686767578,0.05938481166958809,0.3997676968574524,7.171270370483398,92.2272720336914,62.176300048828125,0.7541656494140625,12.16456127166748,0.0002702575293369591,0.5833333730697632,2.0309128761291504,0.28722717604179293,6.617729187011719,3.258499777223277,0.3541666865348816,0.17438792621475313,0.3589783310890198,2.1232848167419434,0.8943671584129333,-21.57009506225586,0.227679044008255,0.22894875705242157,0.02083333395421505,0.24737957119941711,1.5770756363053806e-06,7.765353438232559e-07,0.4051320552825928,1.5993714332580566,0.5,48
1203,0.17769485712051392,0.24280256032943726,1.0,0.9777722954750061,0.8669854998588562,0.00439453125,0.018770553171634674,4.27134370803833,0.286335289478302,5.247589588165283,244.9802703857422,0.02823571488261223,0.2864060699939728,6.662637710571289,111.77777862548828,64.3495864868164,0.9094407558441162,12.159585952758789,0.0002918018726631999,0.4583333432674408,3.192578077316284,0.14356214029293196,19.05268096923828,5.967804215950806,0.375,0.1174599304210689,0.404549777507782,1.774971842765808,0.9333041906356812,-17.0389461517334,0.320640504360199,0.34051212668418884,0.0416666679084301,0.8231399655342102,1.452633114240598e-06,4.5500315873611007e-07,1.4383041858673096,0.8008768558502197,0.5,48
1263,0.17616496980190277,0.22907888889312744,1.0,1.020958662033081,0.7820325493812561,0.00830078125,0.06145056337118149,7.402985572814941,0.8195789456367493,23.46021270751953,434.60003662109375,0.04803864285349846,0.3468596935272217,6.480550765991211,64.88235473632812,61.338504791259766,0.8929946422576904,12.170185089111328,0.0002830674347933382,0.9375,2.459493637084961,0.3811760201581098,10.741918563842773,4.367532551496647,0.6875,0.2795290814492805,0.40803083777427673,1.8542665243148804,0.9107529520988464,-18.921382904052734,0.3238200843334198,0.37438535690307617,0.1875,0.21900273859500885,2.2723752408637665e-06,9.239199473261618e-07,0.3254517912864685,2.5464284420013428,0.5,48
1278,0.17685016989707947,0.21562883257865906,1.0,0.9253556728363037,0.8499473333358765,0.00341796875,0.017456838861107826,5.107372283935547,0.3155122697353363,8.098128318786621,429.9874572753906,0.02282176911830902,0.2477910965681076,6.363793849945068,104.28571319580078,58.55458450317383,0.9540020227432251,12.159981727600098,0.0002986540785059333,0.5416666865348816,2.6534345149993896,0.20413795080736208,5.5380659103393555,2.087131172132702,0.3333333432674408,0.12562335347902262,0.3791329860687256,1.8011224269866943,0.9098272323608398,-19.586843490600586,0.24936674535274506,0.3394899368286133,0.1875,0.6225606799125671,2.3789757506165188e-06,8.965647081934558e-07,0.9028757214546204,0.7448251843452454,0.5,48
1283,0.1457737237215042,0.18611471354961395,0.9999999403953552,0.8445260524749756,0.8652258515357971,0.00537109375,0.020682191476225853,3.8506479263305664,0.2829491198062897,4.732213973999023,189.05136108398438,0.03342986851930618,0.3138355612754822,6.561108589172363,89.18181610107422,60.61722946166992,0.6735897064208984,12.167625427246094,0.00024854374350979924,0.5416666865348816,2.263962745666504,0.23925600594759633,10.815374374389648,4.777187410578949,0.1875,0.08281938363637106,0.3286992311477661,3.238609790802002,1.1888892650604248,-44.03091812133789,0.40252479910850525,0.5083056688308716,0.2083333432674408,0.3770476281642914,1.330786744802026e-06,5.878130024317677e-07,0.3630276024341583,0.8824401497840881,0.5,48
1347,0.14929437637329102,0.21231381595134735,1.0,0.871003270149231,0.8584660291671753,0.01513671875,0.06902598589658737,4.560168266296387,0.5807604789733887,8.55903148651123,89.80304718017578,0.07845399528741837,0.44526156783103943,7.41649866104126,111.32257843017578,68.95201110839844,0.9753549695014954,12.167243957519531,0.0002989646454807371,1.3541667461395264,3.7625741958618164,0.35990432933650407,33.117591857910156,8.801844175276427,0.7083333730697632,0.18825764870397277,0.37621793150901794,3.725940704345703,1.6703847646713257,-48.39902877807617,0.10491486638784409,0.3402802348136902,0.375,0.9272594451904297,2.1509119960683165e-06,5.716596878587411e-07,1.929091215133667,1.9014596939086914,0.5,48
1356,0.2924111485481262,0.5814054012298584,1.0,0.9267322421073914,0.7977880835533142,0.0078125,0.056775934994220734,7.267319679260254,0.6742737889289856,12.054635047912598,174.2082977294922,0.04568839073181152,0.3564225435256958,6.482690811157227,107.4375,61.30246353149414,0.6596421003341675,12.165475845336914,0.0002503605210222304,4.0625,4.550110816955566,0.8928353955541294,64.70479583740234,14.220487873412015,2.7708334922790527,0.6089595611307318,0.5719608664512634,2.967721462249756,1.9042091369628906,-24.298019409179688,0.24010959267616272,0.3532122075557709,0.1875,0.50538170337677,6.186708105815342e-06,1.359682948635958e-06,0.6485537886619568,2.4224400520324707,0.5,48
1357,0.14784780144691467,0.8728938698768616,1.0,0.8495468497276306,0.9511896967887878,0.02001953125,0.0802343413233757,4.007802963256836,0.5736570358276367,7.78922176361084,57.93250274658203,0.09811511635780334,0.484566867351532,7.617372512817383,102.9756088256836,62.947933197021484,0.7128121852874756,12.174654960632324,0.00024220440536737442,0.625,2.0061278343200684,0.31154544899496656,2.298367977142334,1.1456737334311382,0.2291666716337204,0.11423333377409517,0.32353290915489197,2.7829196453094482,1.0806282758712769,-40.40823745727539,0.22927606105804443,0.278855562210083,0.1875,0.27080270648002625,1.0544143833612907e-06,5.255968039856705e-07,0.30967679619789124,1.5795320272445679,0.5,48
1417,0.20608258247375488,0.29408472776412964,1.0,1.2118291854858398,0.7270591259002686,0.0029296875,0.023239605128765106,7.9324517250061035,0.4701816737651825,13.344287872314453,525.8914794921875,0.020013848319649696,0.22063025832176208,5.363774299621582,50.0,64.61144256591797,0.6387481689453125,12.163518905639648,0.00023573609360028058,1.4375,3.645721435546875,0.39429781497866695,6.085104942321777,1.6691085792510358,0.5833333730697632,0.16000492132559527,0.4779444634914398,1.2906073331832886,0.8806549310684204,-10.279425621032715,0.308917373418808,0.31386590003967285,0.0625,0.387666255235672,4.677291599364253e-06,1.2829536401025388e-06,0.4284709095954895,0.9915564656257629,0.5,48
1469,0.18546389043331146,0.2996925711631775,1.0,1.1651915311813354,0.748261034488678,0.0087890625,0.07258427888154984,8.258478164672852,0.8426069617271423,16.432043075561523,191.9408416748047,0.05035991966724396,0.3668171465396881,6.482842922210693,75.61111450195312,62.67073059082031,0.7263363599777222,12.162264823913574,0.00025165267288684845,2.5,5.419330596923828,0.46131158649113563,56.42972946166992,10.412675209291411,1.3958333730697632,0.25756564312323427,0.4443483054637909,2.1550474166870117,1.1075608730316162,-20.116165161132812,0.139923557639122,0.4511888027191162,0.4166666865348816,0.8778836727142334,1.0512128937989473e-05,1.9397467511133204e-06,1.4688069820404053,2.9376704692840576,0.5,48
1506,0.19019177556037903,0.2815872132778168,0.9999999403953552,0.9039701819419861,0.8303544521331787,0.01220703125,0.06773830950260162,5.549122333526611,0.6767932176589966,14.889437675476074,190.88763427734375,0.06591325998306274,0.4095597565174103,7.206391334533691,97.5999984741211,57.28549575805664,0.6809982657432556,12.16478157043457,0.0002517630928196013,1.375,4.519293785095215,0.30425107601817925,79.16557312011719,17.51724422210291,0.8333333730697632,0.18439460031878854,0.42699360847473145,3.3965930938720703,1.6806906461715698,-35.30304718017578,-0.035082265734672546,0.27628448605537415,0.5416666865348816,0.9727503657341003,2.2225956399779534e-06,4.918015381938953e-07,2.956843376159668,2.236675977706909,0.5,48
1714,0.15470479428768158,0.26235514879226685,1.0,0.8335935473442078,0.9024642109870911,0.0087890625,0.03670365363359451,4.176060199737549,0.40243270993232727,7.5167670249938965,148.82363891601562,0.05035991966724396,0.37527599930763245,7.014595985412598,94.0,56.963138580322266,0.9809126257896423,12.157270431518555,0.00037598557537421584,0.3541666865348816,1.8434276580810547,0.1921239941589664,12.630480766296387,6.851628075781399,0.2291666716337204,0.12431552135282589,0.31611019372940063,2.365837812423706,0.9050407409667969,-33.56398010253906,0.41125011444091797,0.4447774887084961,0.0625,0.24005244672298431,8.205042831832543e-07,4.4509708592872064e-07,0.3946603238582611,1.4310579299926758,0.5,48
1870,0.21930275857448578,0.3150879442691803,1.0,0.9916086196899414,0.7816610336303711,0.00830078125,0.04152622073888779,5.002688407897949,0.4677180349826813,8.212980270385742,149.740478515625,0.04803864285349846,0.3678305149078369,6.770431995391846,83.94117736816406,58.58785629272461,0.630043625831604,12.162052154541016,0.00024116896383929998,0.5625,2.2382402420043945,0.2513135037654106,76.18556213378906,34.03815209987542,0.25,0.11169489056240473,0.40947115421295166,2.0420212745666504,1.0632662773132324,-22.553516387939453,0.3048488199710846,0.3048488199710846,0.0,0.1809386909008026,1.9386859548831126e-06,8.661652622621614e-07,0.27480611205101013,1.706292986869812,0.5,48
1948,0.2941177785396576,0.5517576336860657,0.9999999403953552,1.5625354051589966,0.6006108522415161,0.00634765625,0.06447795778512955,10.157758712768555,0.9116497039794922,18.961135864257812,277.653564453125,0.03844451159238815,0.3177904784679413,6.034298896789551,54.153846740722656,69.88265991210938,0.8031899333000183,12.1622314453125,0.00025587668642401695,1.8333333730697632,4.3400092124938965,0.4224261468311526,63.64634704589844,14.665025759858958,1.1666667461395264,0.268816651377788,0.5387784242630005,2.0080180168151855,1.3171377182006836,-17.548126220703125,0.3892384171485901,0.3892384171485901,0.0,0.3301936089992523,3.7232155136734946e-06,8.578819359130362e-07,0.4586820900440216,2.7510595321655273,0.5,48
1981,0.17866180837154388,0.24140940606594086,1.0000001192092896,0.8654767274856567,0.8574206233024597,0.0048828125,0.026836080476641655,5.496029376983643,0.4331720471382141,11.99156379699707,452.85821533203125,0.03085736557841301,0.2862016558647156,6.539098739624023,89.4000015258789,53.9183349609375,0.6834489107131958,12.158632278442383,0.0002771659928839654,0.9583333730697632,2.1525754928588867,0.44520314005105877,17.226003646850586,8.002508448122875,0.375,0.17420991714434805,0.3449343144893646,2.7861361503601074,1.1080348491668701,-35.90266418457031,0.2238331288099289,0.2522188723087311,0.1875,0.4150751233100891,4.413377610035241e-06,2.050277727389227e-06,0.49193868041038513,1.1450061798095703,0.5,48
2035,0.18530622124671936,0.34056758880615234,0.9999999403953552,0.8840296864509583,0.852340579032898,0.00927734375,0.03591189533472061,3.870924234390259,0.3753870129585266,5.1051249504089355,113.39996337890625,0.05265381559729576,0.38475364446640015,6.8542985916137695,81.78947448730469,53.02908706665039,0.5772894620895386,12.164610862731934,0.0002486445300746709,0.5833333730697632,3.316728115081787,0.17587614994984818,5.608875274658203,1.691086837128049,0.2291666716337204,0.06909419855691952,0.3036770820617676,1.9468272924423218,0.7448586821556091,-25.648868560791016,-0.1322350949048996,0.29948264360427856,0.6875,0.9682422280311584,6.818909241701476e-07,2.0559144387311907e-07,2.6016597747802734,1.3283004760742188,0.5,48
2046,0.1725330352783203,0.24155937135219574,1.0000001192092896,1.0277488231658936,0.8109451532363892,0.01806640625,0.12350121140480042,6.835958957672119,1.0362247228622437,17.762672424316406,122.48526763916016,0.09041537344455719,0.4567338228225708,7.371901988983154,90.0540542602539,63.207393646240234,0.9227588772773743,12.160581588745117,0.00026169029297307134,1.1041667461395264,2.6590304374694824,0.41525163699811257,142.23423767089844,53.49101504507344,0.8125,0.30556250334524426,0.39547452330589294,4.3289899826049805,1.7729963064193726,-50.09798812866211,0.26464730501174927,0.26464730501174927,0.0,0.45807740092277527,1.542405925647472e-06,5.800632810035449e-07,0.5024774670600891,3.3959789276123047,0.5,48
2130,0.18437789380550385,0.22963592410087585,0.9999998807907104,0.9756839871406555,0.8010714054107666,0.00830078125,0.03900566324591637,4.699035167694092,0.4454188048839569,8.054150581359863,163.94935607910156,0.04803864285349846,0.3660374581813812,6.297398567199707,63.17646789550781,69.40897369384766,1.0318293571472168,12.170572280883789,0.0003241844824515283,0.6875,2.0472283363342285,0.3358198909423265,4.222572326660156,2.0625800410692356,0.3958333432674408,0.19335085115259412,0.3334750533103943,2.626694917678833,1.0009970664978027,-33.823997497558594,0.2527211308479309,0.3214406669139862,0.125,0.3475569188594818,7.09332368842297e-07,3.4648424544942876e-07,0.4603143036365509,1.5980643033981323,0.5,48
2146,0.1889619678258896,0.7898952960968018,1.0,0.9907400012016296,0.9149916172027588,0.0126953125,0.06421449035406113,5.058125972747803,0.5979267358779907,9.230324745178223,114.88304901123047,0.06804874539375305,0.420500248670578,7.131364822387695,116.96154022216797,81.33258819580078,1.0823830366134644,12.157419204711914,0.0003005554899573326,0.8333333730697632,3.9801993370056152,0.20936975774761052,23.10345458984375,5.804597351945437,0.6666666865348816,0.16749580320303015,0.5622828006744385,1.8159265518188477,1.3393042087554932,-13.342293739318848,0.4248349070549011,0.4248349070549011,0.0,0.21046988666057587,6.477235729107633e-06,1.6273646529741253e-06,0.3998947739601135,1.9791914224624634,0.5,48
2249,0.14794041216373444,0.20435267686843872,0.9999998807907104,0.9430047869682312,0.8080163598060608,0.01123046875,0.05635854974389076,5.0183610916137695,0.5542175769805908,10.641362190246582,134.6545867919922,0.06158214434981346,0.40563690662384033,7.221446514129639,125.3043441772461,85.60340118408203,0.7951087355613708,12.209907531738281,0.00019879970932379365,1.3125,2.3467605113983154,0.5592816088528487,4.026409149169922,1.7157307328362543,0.9375,0.3994868634663205,0.38047513365745544,3.29451847076416,1.4411020278930664,-37.86302185058594,0.31035417318344116,0.343811959028244,0.0833333358168602,0.24616822600364685,1.650986405365984e-06,7.035172060855383e-07,0.28234049677848816,1.8808873891830444,0.5,48
2280,0.14270201325416565,0.19521524012088776,1.0,0.9411512613296509,0.8222651481628418,0.0126953125,0.06543675810098648,5.154403209686279,0.7007140517234802,19.492448806762695,371.28887939453125,0.06804874539375305,0.4063336253166199,7.10721492767334,94.23076629638672,63.0067024230957,0.8269692659378052,12.163312911987305,0.00028208515141159296,0.7708333730697632,2.597515821456909,0.2967579114377963,28.38777732849121,10.92881782844377,0.5416666865348816,0.20853258331483146,0.387504518032074,2.4740242958068848,1.1814393997192383,-27.32614517211914,0.31455057859420776,0.32187050580978394,0.02083333395421505,0.4626094698905945,2.623214641062077e-06,1.0098936103849476e-06,0.6598699688911438,2.083630084991455,0.5,48
2359,0.18357257544994354,0.24846090376377106,1.0,0.8564910888671875,0.832811713218689,0.009765625,0.04744182527065277,4.8580427169799805,0.5240070223808289,11.67226791381836,218.0775604248047,0.05492175742983818,0.38200491666793823,7.165109634399414,105.8499984741211,60.38340377807617,0.7865266799926758,12.162469863891602,0.0002571966906543821,1.0416667461395264,2.764432907104492,0.37681028166550107,19.078298568725586,6.901342568554161,0.625,0.22608615175029612,0.3870609402656555,1.2867659330368042,0.7050912380218506,-11.845914840698242,0.21388500928878784,0.2926899194717407,0.2916666865348816,0.4979238212108612,1.8864236608351348e-06,6.823908256782743e-07,0.6266297101974487,1.742310881614685,0.5,48
2386,0.1259470134973526,0.1653198003768921,1.0,0.9075446128845215,0.9077906012535095,0.0048828125,0.026872780174016953,5.50354528427124,0.42881539463996887,12.31607437133789,450.7642517089844,0.03085736557841301,0.2880641520023346,6.5019917488098145,94.80000305175781,55.45290756225586,0.8295822143554688,12.159936904907227,0.0003109396784566343,0.2083333432674408,1.6344407796859741,0.127464601092994,10.843345642089844,6.634284772208347,0.1041666716337204,0.063732300546497,0.26730379462242126,1.602970004081726,0.6267422437667847,-25.985130310058594,0.23175430297851562,0.2781563997268677,0.2083333432674408,0.30237454175949097,1.156012217506941e-06,7.072830198572358e-07,0.5580399036407471,1.1465721130371094,0.5,48
2387,0.17923744022846222,0.22189854085445404,1.0,0.8975306153297424,0.8127551078796387,0.00634765625,0.03914855420589447,6.167403221130371,0.5116389989852905,10.351771354675293,217.5505828857422,0.03844451159238815,0.3308488726615906,6.857610702514648,120.15384674072266,54.23607635498047,0.6330462098121643,12.161580085754395,0.0002525997697375715,1.2916667461395264,2.858673095703125,0.4518413607916969,21.239784240722656,7.429945102274461,0.75,0.26235948367224327,0.40271228551864624,2.5080068111419678,1.2770330905914307,-28.07042694091797,0.31400999426841736,0.4276430606842041,0.1875,0.699116587638855,1.3463426284943125e-06,4.709676758102649e-07,0.8766064643859863,1.67033851146698,0.5,48
2394,0.19189119338989258,0.3120634853839874,0.9999999403953552,0.9340060353279114,0.8508741855621338,0.0166015625,0.09344173967838287,5.628490447998047,0.7588620185852051,11.17788028717041,84.21329498291016,0.08450048416852951,0.4555259943008423,7.528630256652832,112.97058868408203,82.06717681884766,0.7927381992340088,12.180307388305664,0.0002074334042845294,1.75,3.435967445373535,0.5093179789183282,13.135615348815918,3.8229743207471394,1.3958333730697632,0.40624173284493975,0.5446929931640625,2.0983104705810547,1.2794040441513062,-12.856233596801758,0.3410271406173706,0.3584752082824707,0.0625,0.16716408729553223,6.053532615624135e-06,1.7618131412033518e-06,0.47217556834220886,2.4387099742889404,0.5,48
2414,0.14424225687980652,0.22820647060871124,1.0,0.8805269002914429,0.8918132781982422,0.00927734375,0.041862376034259796,4.512323379516602,0.4718688428401947,11.920677185058594,256.97802734375,0.05265381559729576,0.37661248445510864,7.123408317565918,110.52631378173828,61.319557189941406,0.8106804490089417,12.161818504333496,0.0002831464516930282,0.4166666865348816,1.8812282085418701,0.22148651738694294,63.363800048828125,33.68214415683232,0.2083333432674408,0.11074325869347147,0.35090720653533936,1.9136888980865479,0.876502275466919,-21.99506950378418,0.32505062222480774,0.3305674195289612,0.02083333395421505,0.16777393221855164,1.0096198366227327e-06,5.366812100050698e-07,0.2878771722316742,1.589802622795105,0.5,48
2722,0.24517054855823517,0.4413610100746155,1.0,1.3990603685379028,0.6831557750701904,0.0029296875,0.009693698957562447,3.3087825775146484,0.17915916442871094,3.593179941177368,340.66278076171875,0.020013848319649696,0.23478783667087555,5.80837869644165,104.0,80.13408660888672,1.1718997955322266,12.157114028930664,0.00034264475107192993,1.9375,6.6391143798828125,0.2918310916516983,19.69821548461914,2.966994440498989,1.375,0.20710593601088265,0.5332227945327759,2.715780735015869,1.6510419845581055,-22.889606475830078,0.7801603674888611,0.7801603674888611,0.0,0.3776968717575073,5.574793249252252e-06,8.396892901480274e-07,0.34991833567619324,0.41359782218933105,0.5,48
2747,0.2652081251144409,0.861212968826294,0.9999999403953552,0.9190808534622192,0.8188368082046509,0.005859375,0.02466939017176628,4.210242748260498,0.32619282603263855,6.062642574310303,189.07135009765625,0.03595767915248871,0.32404637336730957,6.450610637664795,71.58333587646484,110.18062591552734,1.5425002574920654,12.211150169372559,0.0002700850018300116,0.7708333730697632,3.8854072093963623,0.19839191352239266,1.6270768642425537,0.41876610928193436,0.1458333432674408,0.03753360588291116,0.2651524543762207,0.7664426565170288,0.3273264765739441,-6.343995571136475,0.7178610563278198,0.8212858438491821,0.0625,0.9297155141830444,7.568122555312584e-07,1.94783252512934e-07,1.0873863697052002,1.0525606870651245,0.5,48
2985,0.19381307065486908,0.3230471909046173,1.0,1.1225000619888306,0.7830894589424133,0.0107421875,0.0635654404759407,5.917364597320557,0.7685644626617432,22.199323654174805,452.2518310546875,0.05938481166958809,0.37882620096206665,7.079268455505371,89.63636016845703,58.60505294799805,1.0667376518249512,12.157114028930664,0.0003988893295172602,1.1041667461395264,2.7653491497039795,0.39928655745508945,19.74399185180664,7.1397826138960925,0.6041666865348816,0.21847754176530657,0.43775689601898193,2.204470634460449,1.2046887874603271,-24.192840576171875,0.36314091086387634,0.3763447701931,0.0625,0.33620718121528625,2.5051101602002745e-06,9.058928965297234e-07,0.4375062584877014,2.3022525310516357,0.5,48
2988,0.2308422178030014,0.29700952768325806,0.9999999403953552,1.3719165325164795,0.7984551191329956,0.0029296875,0.03699538856744766,12.627758979797363,0.9043769836425781,31.72066307067871,964.6536865234375,0.020013848319649696,0.18961109220981598,5.990739822387695,86.5,79.1678695678711,1.63010573387146,12.154277801513672,0.00045256002340465784,0.9375,4.325262546539307,0.2167498476092755,92.5955810546875,21.408083288422223,0.625,0.14449989840618366,0.5699613094329834,1.8137805461883545,1.3615880012512207,-15.85525894165039,0.3975330591201782,0.4016866385936737,0.0416666679084301,0.5417392253875732,3.1088754894881276e-06,7.187715078216143e-07,0.6931678056716919,1.5784698724746704,0.5,48
3168,0.2679338753223419,0.3580557107925415,0.9999999403953552,1.4564299583435059,0.7631186246871948,0.00390625,0.01670031063258648,4.275279521942139,0.27365899085998535,5.9324445724487305,303.6488037109375,0.02555946074426174,0.26933953166007996,6.019672393798828,124.875,88.75800323486328,1.589124083518982,12.153847694396973,0.0004083174280822277,1.1458333730697632,3.873018980026245,0.2958501819951052,64.92890930175781,16.764418008009258,0.8958333730697632,0.23130105361649483,0.565410315990448,2.417026996612549,1.6883291006088257,-20.756484985351562,0.4319692552089691,0.4319692552089691,0.0,0.32313135266304016,2.5901042590703582e-06,6.687558893308723e-07,0.3281264901161194,0.7125465869903564,0.5,48
3194,0.13682149350643158,0.20862242579460144,1.0,0.8337631225585938,0.8873648643493652,0.00732421875,0.035150349140167236,4.7991943359375,0.43025046586990356,8.545869827270508,202.89971923828125,0.0433073565363884,0.3490709364414215,7.00508975982666,101.73332977294922,55.320926666259766,0.6445153951644897,12.16322135925293,0.0002457535592839122,0.625,1.976633071899414,0.31619424248400024,92.46969604492188,46.78141678983972,0.3333333432674408,0.16863693435057225,0.373046875,2.437305450439453,1.162005066871643,-33.712303161621094,0.25146806240081787,0.25441476702690125,0.02083333395421505,0.22943562269210815,1.5754834521430894e-06,7.970540747143388e-07,0.37428656220436096,1.4997483491897583,0.5,48
3218,0.15567222237586975,0.2052645981311798,1.0,0.9535644054412842,0.8151172399520874,0.00390625,0.01641404628753662,4.201995849609375,0.26962676644325256,5.83304500579834,308.10614013671875,0.02555946074426174,0.2690061926841736,6.469320297241211,103.875,55.468109130859375,0.8838532567024231,12.162976264953613,0.0002940267149824649,0.7708333730697632,6.739764213562012,0.11437097018541881,5.383635520935059,0.7987869222656234,0.2916666865348816,0.04327550294937969,0.38564538955688477,2.200441360473633,1.0430448055267334,-25.435625076293945,0.3432730436325073,0.5804357528686523,0.2291666716337204,0.9864363670349121,2.0710390344902407e-06,3.072865705375792e-07,2.977454423904419,0.7003325819969177,0.5,48
3437,0.14757968485355377,0.19111736118793488,1.0,0.8812052011489868,0.8504562973976135,0.0126953125,0.06742269545793533,5.310833930969238,0.6345286965370178,9.705561637878418,118.88337707519531,0.06804874539375305,0.418821781873703,7.165112495422363,91.61538696289062,60.2629280090332,0.7940981388092041,12.161518096923828,0.0002450496540404856,0.625,2.7190890312194824,0.22985639327195193,17.253599166870117,6.345360120730751,0.3541666865348816,0.13025196349437737,0.35674530267715454,3.2185275554656982,1.3014159202575684,-40.17192840576172,0.1496463418006897,0.20773963630199432,0.1875,0.7667184472084045,2.095818217640044e-06,7.70779546336626e-07,1.1617542505264282,2.150810718536377,0.5,48
3562,0.19095876812934875,0.25813284516334534,0.9999999403953552,1.0257724523544312,0.8114336729049683,0.00439453125,0.019193042069673538,4.367483139038086,0.3065178394317627,8.482125282287598,388.92724609375,0.02823571488261223,0.28127598762512207,6.435379505157471,88.44444274902344,63.80272674560547,0.7817571759223938,12.158942222595215,0.00026478234212845564,0.2916666865348816,2.81596040725708,0.10357627356814306,11.158920288085938,3.962740463147354,0.2291666716337204,0.0813813540237696,0.3856959342956543,2.911362409591675,1.2783443927764893,-34.466796875,0.3152528405189514,0.37355220317840576,0.1041666716337204,0.5673865675926208,2.066876277240226e-06,7.339862679083719e-07,0.785692036151886,0.8189031481742859,0.5,48
3609,0.22743283212184906,0.3240633010864258,1.0,1.08531653881073,0.783987283706665,0.01416015625,0.10006287693977356,7.066509246826172,0.9767930507659912,18.085859298706055,171.27951049804688,0.07434378564357758,0.42031314969062805,7.1577467918396,81.17241668701172,74.33716583251953,0.8390986323356628,12.171566009521484,0.0002658751327544451,1.5208333730697632,2.8167436122894287,0.5399260909069321,7.050370693206787,2.5030218005699423,1.0208333730697632,0.3624161478494934,0.4434628486633301,1.673074722290039,0.9920651912689209,-16.507810592651367,0.2678229510784149,0.2678229510784149,0.0,0.311940461397171,2.0692609723482747e-06,7.346287947450448e-07,0.47118377685546875,3.292505979537964,0.5,48
3658,0.18681004643440247,0.32970088720321655,0.9999999403953552,0.915848433971405,0.864540696144104,0.0185546875,0.10610445588827133,5.718471527099609,0.822104811668396,10.147109985351562,78.58467102050781,0.09235962480306625,0.46888524293899536,7.5202836990356445,125.78947448730469,56.755897521972656,0.6763954162597656,12.163881301879883,0.00026224186876788735,1.625,2.446340322494507,0.664257535394924,4.249594688415527,1.737123257941082,1.2708333730697632,0.5194834734110393,0.40744441747665405,2.0853726863861084,1.0013492107391357,-19.000263214111328,0.22841458022594452,0.2786876857280731,0.1458333432674408,0.5084933042526245,2.009600848396076e-06,8.214723118050004e-07,0.5616138577461243,2.602369785308838,0.5,48
3667,0.18621577322483063,0.24672701954841614,1.0,1.055265188217163,0.7510071992874146,0.00537109375,0.03848083317279816,7.164431571960449,0.6070955395698547,16.388160705566406,420.821533203125,0.03342986851930618,0.2938980162143707,6.305931091308594,71.18181610107422,64.82244110107422,0.8377317786216736,12.160869598388672,0.00028248265152797103,0.625,3.126145124435425,0.1999267382423925,53.68989562988281,17.174473135771123,0.375,0.11995604294543548,0.4297342300415039,2.0810365676879883,1.1246707439422607,-23.22646141052246,0.4203569293022156,0.4406662881374359,0.1041666716337204,0.4291408956050873,3.435060989431804e-06,1.0988168628492576e-06,0.5598694086074829,1.6418489217758179,0.5,48
3685,0.17908975481987,0.27495816349983215,1.0,1.005561351776123,0.81587815284729,0.00927734375,0.043480001389980316,4.6866865158081055,0.47202110290527344,8.732901573181152,155.7628173828125,0.05265381559729576,0.38003769516944885,6.900483131408691,80.57894897460938,58.74498748779297,0.7534503936767578,12.160745620727539,0.0002910922048613429,0.5625,2.389535903930664,0.23540135836448525,2.9757163524627686,1.2453114159593726,0.2916666865348816,0.12205997191107493,0.40390264987945557,1.250585913658142,0.6950501203536987,-11.519740104675293,0.2923884689807892,0.2923884689807892,0.0,0.1956447809934616,1.612831283637206e-06,6.749558666327728e-07,0.380875825881958,1.6567257642745972,0.5,48
3694,0.16539719700813293,0.23837143182754517,1.0,0.8776423931121826,0.8217792510986328,0.0048828125,0.02036787010729313,4.171339988708496,0.2942223846912384,5.4913530349731445,220.33230590820312,0.03085736557841301,0.3005096912384033,6.348717212677002,74.9000015258789,57.12504196166992,0.6599197387695312,12.160054206848145,0.00025652669137343764,0.6458333730697632,2.208944797515869,0.29237189216875603,5.3783278465271,2.434795033460093,0.4583333432674408,0.20748972165713475,0.35010382533073425,2.4503512382507324,1.0646523237228394,-30.1257266998291,0.28749698400497437,0.33334797620773315,0.1041666716337204,0.3473866581916809,1.7041805904227658e-06,7.7149079715543e-07,0.4007698595523834,0.8690291047096252,0.5,48
3742,0.12536413967609406,0.17316104471683502,1.0,0.9200947880744934,0.892945408821106,0.00634765625,0.025515645742416382,4.01969575881958,0.32593658566474915,5.708597660064697,181.53977966308594,0.03844451159238815,0.333805114030838,6.949578285217285,106.38461303710938,53.543331146240234,0.7237392067909241,12.160041809082031,0.00028059189207851887,0.25,1.9579176902770996,0.1276866744524645,2.0189826488494873,1.031188720835276,0.0833333358168602,0.04256222608594132,0.3072211444377899,1.6595325469970703,0.7823652029037476,-28.467994689941406,0.19524988532066345,0.26842981576919556,0.2083333432674408,0.43498432636260986,1.7359492403556942e-06,8.866303420772024e-07,0.492491215467453,1.088667631149292,0.5,48
3778,0.1481473296880722,0.19034302234649658,0.9999999403953552,0.9370359778404236,0.8613607883453369,0.0078125,0.0355764664709568,4.553787708282471,0.42712584137916565,9.925450325012207,227.0345916748047,0.04568839073181152,0.35623639822006226,6.900129795074463,90.6875,57.02885437011719,0.6530505418777466,12.161238670349121,0.0002549198397900909,0.4791666865348816,1.9742568731307983,0.24270736530243917,116.00007629394531,58.756323599587056,0.3125,0.15828740559051974,0.3182496726512909,4.190456390380859,1.5967304706573486,-68.79898834228516,0.27741095423698425,0.3027324080467224,0.0416666679084301,0.3296360373497009,1.0797789400385227e-06,5.469293024959332e-07,0.4103940725326538,1.517929196357727,0.5,48
3805,0.1586775779724121,0.2140507847070694,0.9999999403953552,0.9253398776054382,0.8549928069114685,0.00927734375,0.05547843873500824,5.979991912841797,0.6066162586212158,10.13502025604248,151.71925354003906,0.05265381559729576,0.3785979747772217,7.06196403503418,98.0526351928711,71.82472229003906,0.9245615005493164,12.160723686218262,0.0003027371421921998,0.875,2.6510863304138184,0.3300533772368266,6.014692306518555,2.2687651529220654,0.4791666865348816,0.18074352360024856,0.4206622838973999,3.0784108638763428,1.4414523839950562,-30.991680145263672,0.28359493613243103,0.2859421372413635,0.02083333395421505,0.4821093678474426,2.7370513180358103e-06,1.0324263213579734e-06,0.7187301516532898,2.147691011428833,0.5,48
3915,0.1280451864004135,0.15002691745758057,0.9999999403953552,0.9221201539039612,0.8864418268203735,0.005859375,0.024234650656580925,4.136046886444092,0.33395645022392273,8.571263313293457,298.3665771484375,0.03595767915248871,0.3195933997631073,6.80925989151001,109.5,60.360965728759766,0.7552098035812378,12.16048812866211,0.00025387341156601906,0.4166666865348816,2.239643096923828,0.18604155512401144,0.8335052728652954,0.37215986345705016,0.2916666865348816,0.13022909124815368,0.33989784121513367,2.7846388816833496,1.2210973501205444,-43.04618835449219,0.3139827847480774,0.35627079010009766,0.0833333358168602,0.5252421498298645,1.1610335377554293e-06,5.18401139077074e-07,0.665645956993103,1.0340118408203125,0.5,48
4062,0.14135582745075226,0.2498263418674469,1.0,0.9329806566238403,0.882061243057251,0.00244140625,0.00866218563169241,3.5480313301086426,0.1753632128238678,3.834892749786377,408.8094787597656,0.01712392456829548,0.2109173685312271,5.809297561645508,83.19999694824219,56.32932662963867,0.7288338541984558,12.16211223602295,0.0002970310742966831,0.4166666865348816,2.7415413856506348,0.1519826354604419,3.1052379608154297,1.1326613436301884,0.2916666865348816,0.10638784699643829,0.31226634979248047,2.3105013370513916,0.8586996793746948,-29.03480339050293,0.20461326837539673,0.43840473890304565,0.3125,0.8782632946968079,1.1736124179151375e-06,4.2808487946854826e-07,1.6313133239746094,0.3695865869522095,0.5,48
4078,0.1401759684085846,0.1946386843919754,1.0,0.9599097371101379,0.880651593208313,0.0126953125,0.06007484719157219,4.732049465179443,0.5619083046913147,10.706197738647461,132.07989501953125,0.06804874539375305,0.42039769887924194,7.192639350891113,98.07691955566406,75.1929702758789,0.9412715435028076,12.181221008300781,0.00026546959998086095,1.1875,3.201881170272827,0.37087572372027094,12.74506664276123,3.980493317892341,0.8541666865348816,0.2667702636179958,0.3947145342826843,2.402045488357544,1.0882036685943604,-23.119367599487305,0.24969789385795593,0.400391161441803,0.2291666716337204,0.5111510753631592,2.134810074494453e-06,6.667361948492259e-07,0.6030614376068115,1.8316258192062378,0.5,48
4230,0.1953943967819214,0.24331486225128174,1.0,1.0769116878509521,0.7880153656005859,0.00390625,0.02227359637618065,5.702040672302246,0.3975316286087036,11.909287452697754,528.0509033203125,0.02555946074426174,0.25819841027259827,6.350941181182861,87.125,65.61482238769531,1.0168431997299194,12.155738830566406,0.00034755808883346617,0.6041666865348816,2.4116780757904053,0.2505171358045788,3.8321731090545654,1.5890068959177055,0.4375,0.1814089544445205,0.4079914093017578,2.3597588539123535,1.1375538110733032,-27.922700881958008,0.3036084771156311,0.33025598526000977,0.0833333358168602,0.3292849361896515,1.1045842711610021e-06,4.5801480623355454e-07,0.40701520442962646,0.9503402709960938,0.5,48
4234,0.17104016244411469,0.8996896743774414,0.9999999403953552,0.9373927712440491,0.9147161245346069,0.0498046875,0.26688894629478455,5.358711242675781,1.2894679307937622,16.828014373779297,45.7608642578125,0.19793975353240967,0.5953420996665955,8.076398849487305,110.71568298339844,57.54696273803711,0.6957300901412964,12.15938663482666,0.0002643591142259538,1.3333333730697632,2.3615922927856445,0.5645908362324072,8.373245239257812,3.5455930430417864,0.5208333730697632,0.2205433056566995,0.33097466826438904,2.7548141479492188,1.0831421613693237,-38.78520202636719,0.4037044942378998,0.5265508890151978,0.125,0.6186407804489136,6.95886399171286e-07,2.946683042413565e-07,0.6695836782455444,3.4090576171875,0.5,48
4263,0.24221089482307434,0.34249886870384216,1.0,1.1944429874420166,0.6935944557189941,0.017578125,0.12627725303173065,7.183772563934326,1.089939832687378,20.323732376098633,146.54922485351562,0.08845767378807068,0.45172709226608276,6.618048191070557,57.86111068725586,60.5867919921875,0.6113047003746033,12.163724899291992,0.00023722216428723186,1.2083333730697632,3.3708226680755615,0.35846838842309364,13.539141654968262,4.016568935242213,0.9791666865348816,0.29048300075336453,0.41720980405807495,1.8289611339569092,0.9752508997917175,-19.291046142578125,0.33609700202941895,0.3591328561306,0.0833333358168602,0.5482099652290344,2.8883841878268868e-06,8.568781166133296e-07,0.5326739549636841,3.5410449504852295,0.5,48
4317,0.185203418135643,0.3716154992580414,1.0,0.8111513257026672,0.8928071856498718,0.025390625,0.09924128651618958,3.9085798263549805,0.6330483555793762,8.535229682922363,50.849647521972656,0.1183348149061203,0.5150664448738098,7.614267349243164,84.84615325927734,57.61372756958008,0.7401517629623413,12.161308288574219,0.00029551947955042124,0.5833333730697632,2.711621046066284,0.2151234855492669,7.482924461364746,2.7595760272713528,0.2916666865348816,0.10756174277463346,0.31622380018234253,2.256401777267456,0.893405556678772,-32.45077896118164,0.14832961559295654,0.37573906779289246,0.3125,0.8798675537109375,1.3750652669841656e-06,5.071008221845556e-07,1.6272896528244019,1.6021608114242554,0.5,48
4371,0.15572622418403625,0.2568875551223755,1.0,0.8739669322967529,0.8472856283187866,0.0068359375,0.029330091550946236,4.290573596954346,0.3607257902622223,6.811688423156738,171.48992919921875,0.04089350998401642,0.34369155764579773,6.850395202636719,96.0,68.92081451416016,0.794363260269165,12.166576385498047,0.00024993933038786054,1.9375,5.364167213439941,0.3611930648868767,65.47836303710938,12.206622260205995,0.4791666865348816,0.08932732082643778,0.3654780089855194,2.996433973312378,1.2419359683990479,-38.27239227294922,0.26117002964019775,0.49998778104782104,0.25,0.9815405011177063,1.1551919669727795e-06,2.1535345913992149e-07,2.699910879135132,1.2514172792434692,0.5,48
4416,0.18187139928340912,0.23852026462554932,1.0,0.9564489126205444,0.8323620557785034,0.00390625,0.018597964197397232,4.761078834533691,0.30892813205718994,7.668520927429199,348.1204833984375,0.02555946074426174,0.26780980825424194,6.421233654022217,100.125,57.75197982788086,0.7461913824081421,12.163434028625488,0.00026997795794159174,0.3125,3.5391387939453125,0.08829831699498068,1.6940934658050537,0.47867392596089636,0.0833333358168602,0.02354621856706016,0.31725165247917175,1.8023402690887451,0.7571331858634949,-22.700681686401367,0.08601193130016327,0.42415642738342285,0.4166666865348816,0.9492497444152832,1.09825930394436e-06,3.10318234119571e-07,2.1643338203430176,0.7935131192207336,0.5,48
4497,0.1827387660741806,0.2660502791404724,0.9999999403953552,0.9610065221786499,0.8120185136795044,0.00439453125,0.02550455927848816,5.803704261779785,0.4296087324619293,13.077963829040527,517.819091796875,0.02823571488261223,0.2742450535297394,6.483671188354492,96.55555725097656,64.89704895019531,0.7664854526519775,12.17020034790039,0.00025117708719335496,0.75,2.8428640365600586,0.26381845481057037,59.57239532470703,20.955063045238205,0.3333333432674408,0.1172526500768769,0.4074091613292694,1.8574256896972656,1.067457675933838,-23.01266098022461,0.27696865797042847,0.34885478019714355,0.1666666716337204,0.7659229040145874,1.6173567018995527e-06,5.689180612968803e-07,1.1403898000717163,1.088194489479065,0.5,48
4593,0.14770746231079102,0.19345542788505554,1.0,0.9272680878639221,0.883758544921875,0.00439453125,0.03336672484874725,7.592783451080322,0.7645297646522522,32.02279281616211,1501.5001220703125,0.02823571488261223,0.23382717370986938,6.36255407333374,88.11111450195312,69.53164672851562,1.5568666458129883,12.165611267089844,0.0004853452555835247,0.4375,1.8632633686065674,0.23480309065440996,101.4510498046875,54.44804581548594,0.2291666716337204,0.12299209777047279,0.3351951539516449,2.6681041717529297,1.0662635564804077,-33.23419952392578,0.2716127038002014,0.27288588881492615,0.0416666679084301,0.2645736634731293,1.0748137810878688e-06,5.768447946911634e-07,0.3685486614704132,1.4236470460891724,0.5,48
4749,0.29575371742248535,0.3965449333190918,1.0,1.53879976272583,0.7380138635635376,0.0029296875,0.09241504222154617,31.544334411621094,1.7493209838867188,39.76282501220703,383.8779602050781,0.020013848319649696,0.23109449446201324,5.859801292419434,79.0,82.53662109375,1.5599576234817505,12.16006088256836,0.0003639495698735118,1.2916667461395264,4.83329963684082,0.26724325833673396,47.240962982177734,9.774060462619103,0.7916666865348816,0.16379424914247498,0.6247920393943787,1.5205211639404297,1.184605360031128,-8.111745834350586,0.42722854018211365,0.4626940190792084,0.0625,0.3924413323402405,6.103034138504881e-06,1.2627055188879081e-06,0.4836263060569763,3.9430418014526367,0.5,48
4760,0.14255379140377045,0.1860358864068985,1.0,0.9905310273170471,0.8874161839485168,0.0029296875,0.012954991310834885,4.421970367431641,0.2471785843372345,6.582688331604004,437.8536376953125,0.020013848319649696,0.230692058801651,6.2642927169799805,97.83333587646484,59.20952606201172,0.9051724076271057,12.163227081298828,0.00034773186780512333,0.4166666865348816,2.703798294067383,0.1541042044105438,10.380566596984863,3.83925331315178,0.2916666865348816,0.10787294529185888,0.3619181513786316,2.5558769702911377,1.172512412071228,-32.1772575378418,0.2620193362236023,0.38881075382232666,0.1875,0.7719956040382385,1.4271230384110822e-06,5.278215598642214e-07,1.1609143018722534,0.5527462363243103,0.5,48
4787,0.1735469549894333,0.6483682990074158,1.0,1.0221481323242188,0.8497487902641296,0.01416015625,0.06908616423606873,4.878912448883057,0.650152862071991,15.606586456298828,220.02386474609375,0.07434378564357758,0.4285244941711426,7.21817684173584,107.51724243164062,60.75217056274414,0.7218553423881531,12.15798568725586,0.0002827552380040288,0.8541666865348816,3.219400405883789,0.26531856128259707,2.8366947174072266,0.8811251633725399,0.6458333730697632,0.2006067247439518,0.42212986946105957,1.1321290731430054,0.7486448287963867,-10.023272514343262,0.34339794516563416,0.388477623462677,0.0625,0.5573390126228333,2.7321852940076496e-06,8.486627760025342e-07,0.6275163292884827,2.0303196907043457,0.5,48
4822,0.16165044903755188,0.2607085108757019,1.0,0.8922305703163147,0.8720718026161194,0.0146484375,0.062471117824316025,4.264695167541504,0.526256263256073,6.759137153625488,79.37334442138672,0.07640714943408966,0.4427132308483124,6.978075981140137,83.19999694824219,61.07351303100586,0.7294267416000366,12.169658660888672,0.0002520339039620012,0.4166666865348816,2.2550597190856934,0.18476968976064229,16.62799072265625,7.373636497600893,0.1875,0.0831463564275618,0.36701273918151855,2.5625431537628174,1.1619511842727661,-34.70878601074219,0.24449992179870605,0.24449992179870605,0.0,0.3221282958984375,1.6028488971642219e-06,7.107789104167506e-07,0.40731796622276306,1.6655975580215454,0.5,48
4887,0.2218462973833084,0.2986985743045807,0.9999999403953552,0.9234449863433838,0.7987270355224609,0.0185546875,0.09052759408950806,4.878961086273193,0.6872977614402771,10.211481094360352,74.21098327636719,0.09235962480306625,0.47189122438430786,7.368852138519287,83.52631378173828,53.80477523803711,0.7863609790802002,12.161127090454102,0.000283904344541952,0.7708333730697632,4.400875091552734,0.1751545670536741,3.0349221229553223,0.6896178721101467,0.2916666865348816,0.06627470214548342,0.3544047772884369,1.9350584745407104,0.8260061740875244,-21.879940032958984,-0.14891639351844788,0.37881290912628174,0.7083333730697632,0.986814022064209,1.7503969047538703e-06,3.977383734740139e-07,3.518418550491333,2.049389600753784,0.5,48
4976,0.3020287752151489,0.4821985065937042,1.0,1.2101953029632568,0.7751213908195496,0.0361328125,0.3656516373157501,10.119656562805176,2.2051453590393066,24.943359375,56.15871810913086,0.15545296669006348,0.5423470139503479,7.662299156188965,102.25675964355469,113.46587371826172,1.462109923362732,12.140022277832031,0.000302372092846781,4.395833492279053,11.639791488647461,0.37765569020629336,46.00201416015625,3.9521338647261564,3.0625,0.2631060874549051,0.667259693145752,2.3328158855438232,1.7834171056747437,-15.491058349609375,0.43436476588249207,0.5304452776908875,0.2083333432674408,0.7156145572662354,1.9450348190730438e-05,1.6710220447669152e-06,1.0099934339523315,6.544200897216797,0.5,48
5081,0.1760944128036499,0.26174548268318176,1.0,1.0183690786361694,0.7808119058609009,0.009765625,0.06383997946977615,6.5372138023376465,0.7356820106506348,16.147811889648438,253.33758544921875,0.05492175742983818,0.37578266859054565,6.886707305908203,81.9000015258789,58.29292678833008,0.7882312536239624,12.16244125366211,0.00028903677593916655,0.6666666865348816,2.470942497253418,0.2698025893269029,4.56728458404541,1.8483977553659015,0.3541666865348816,0.14333262934901567,0.38996267318725586,1.8915231227874756,0.9115156531333923,-18.130399703979492,0.28043481707572937,0.2878369688987732,0.0416666679084301,0.2821468114852905,2.2565634480997687e-06,9.132399646999708e-07,0.3352240025997162,2.450200080871582,0.5,48
5089,0.14115555584430695,0.30830004811286926,1.0,0.8207060098648071,0.9027416706085205,0.01171875,0.049495499581098557,4.223616123199463,0.4658913016319275,6.611783981323242,99.67338562011719,0.0637580007314682,0.413743793964386,7.188818454742432,114.08333587646484,64.25704193115234,0.7843774557113647,12.174224853515625,0.00024442357243970037,0.7083333730697632,1.7594220638275146,0.4025943425438715,72.86659240722656,41.4150723076412,0.3958333432674408,0.2249791844468165,0.3334941565990448,3.195784568786621,1.354964017868042,-53.96154022216797,0.25309252738952637,0.27191561460494995,0.0833333358168602,0.28324612975120544,5.615141844828031e-07,3.1914694764586165e-07,0.37240126729011536,1.5555766820907593,0.5,48
5154,0.13996481895446777,0.2025575041770935,0.9999999403953552,0.9353470206260681,0.8597121238708496,0.0048828125,0.025715721771121025,5.266579627990723,0.39133352041244507,9.647512435913086,326.0343933105469,0.03085736557841301,0.2938697636127472,6.546375274658203,88.4000015258789,55.205352783203125,0.728675127029419,12.160917282104492,0.000295893638394773,0.2708333432674408,2.0279459953308105,0.13355056917467625,54.125572204589844,26.689848774233297,0.1875,0.09245808296035668,0.31178343296051025,3.055175304412842,1.1658098697662354,-53.23930358886719,0.19918355345726013,0.2054135799407959,0.02083333395421505,0.698591411113739,1.213617679240997e-06,5.984467417035714e-07,1.0284535884857178,1.0972040891647339,0.5,48
5286,0.14886043965816498,0.19068820774555206,1.0,1.0201094150543213,0.8196784257888794,0.00634765625,0.03557964786887169,5.605163097381592,0.49965617060661316,14.242481231689453,402.23748779296875,0.03844451159238815,0.32280799746513367,6.639787197113037,85.46154022216797,54.41301345825195,0.6318978667259216,12.159460067749023,0.00026848033303394914,0.5833333730697632,2.5235776901245117,0.23115332372804764,76.77644348144531,30.423649518561373,0.2708333432674408,0.1073211826424358,0.3750244379043579,1.5994218587875366,0.8126257658004761,-16.92266273498535,0.38964173197746277,0.4076482653617859,0.0833333358168602,0.2730024755001068,1.8111095414496958e-06,7.176753627836927e-07,0.40585771203041077,1.5180649757385254,0.5,48
5336,0.20154081284999847,0.2864547073841095,1.0,1.1808189153671265,0.8417403101921082,0.00244140625,0.0090146753937006,3.692410945892334,0.18374493718147278,4.457708835601807,432.51214599609375,0.01712392456829548,0.21004153788089752,6.123126029968262,108.4000015258789,63.04711151123047,0.9593487977981567,12.158864974975586,0.0003382209106348455,0.5416666865348816,2.656700849533081,0.20388696928041808,9.191433906555176,3.4597172931884335,0.3541666865348816,0.13331071327207192,0.3918333947658539,2.371427297592163,1.112566590309143,-24.165294647216797,0.3208814859390259,0.33202773332595825,0.0416666679084301,0.6123925447463989,1.2833195341954706e-06,4.830500692580858e-07,0.7201474905014038,0.3846261501312256,0.5,48
5407,0.13724219799041748,0.20374174416065216,1.0000001192092896,0.9354934692382812,0.8752179741859436,0.00341796875,0.012875022366642952,3.7668635845184326,0.2208821177482605,4.328200340270996,298.1868896484375,0.02282176911830902,0.25463441014289856,6.015756607055664,76.14286041259766,60.76578903198242,0.6846177577972412,12.170063018798828,0.0002536310348659754,0.4166666865348816,1.927090048789978,0.2162154719414136,1.6993904113769531,0.8818427574910548,0.2291666716337204,0.1189185064747905,0.3196429908275604,1.5234731435775757,0.6682426333427429,-17.884113311767578,0.30504879355430603,0.3845730721950531,0.125,0.3340839743614197,9.536149718769593e-07,4.948471232713095e-07,0.4019921123981476,0.5493342876434326,0.5,48
5417,0.15792788565158844,0.24451245367527008,1.0,0.9612267017364502,0.8197712898254395,0.0126953125,0.0746462494134903,5.879827499389648,0.7654507160186768,15.172781944274902,201.60360717773438,0.06804874539375305,0.4083353281021118,7.149747848510742,88.76923370361328,59.420379638671875,0.8176767826080322,12.160137176513672,0.0003163276705890894,0.9583333730697632,2.4801034927368164,0.3864086204516198,94.2905502319336,38.01879644453674,0.7708333730697632,0.31080693697627604,0.41505521535873413,3.045105457305908,1.4025664329528809,-29.173643112182617,0.27533602714538574,0.30040666460990906,0.0625,0.33928558230400085,2.4578478132752934e-06,9.910263061856235e-07,0.4222070574760437,2.4431045055389404,0.5,48
5614,0.15297022461891174,0.23531988263130188,1.0,0.9127658605575562,0.8598244190216064,0.0029296875,0.012313680723309517,4.203069686889648,0.2311871200799942,5.335188388824463,383.2643127441406,0.020013848319649696,0.2327083796262741,6.193729400634766,94.0,59.90395736694336,0.9002718329429626,12.16415023803711,0.00026390780112706125,0.8333333730697632,2.1127004623413086,0.394439904747244,1.9559450149536133,0.9258032743212398,0.3958333432674408,0.18735895052306004,0.32960134744644165,1.8139585256576538,0.7666451930999756,-21.307601928710938,0.21819043159484863,0.2677871584892273,0.2708333432674408,0.3561299443244934,1.0102496617037104e-06,4.781793135986499e-07,0.6176193952560425,0.5253837704658508,0.5,48
5632,0.10891695320606232,0.15298599004745483,1.0,0.8746165633201599,0.8869514465332031,0.005859375,0.02587018348276615,4.415177822113037,0.34760475158691406,6.958897590637207,212.75437927246094,0.03595767915248871,0.3219428062438965,6.763744831085205,101.66666412353516,67.55374908447266,0.9262919425964355,12.169988632202148,0.0002911241026595235,0.5416666865348816,2.0326364040374756,0.26648478930816544,117.60652923583984,57.85910772022189,0.2083333432674408,0.10249415086174865,0.34898149967193604,3.7930526733398438,1.4549331665039062,-50.3922119140625,0.24788030982017517,0.24866503477096558,0.02083333395421505,0.21477296948432922,2.3114660052669933e-06,1.1371763239622731e-06,0.4035152494907379,1.1037944555282593,0.5,48
5702,0.20971818268299103,0.3552924394607544,1.0,0.943188488483429,0.8150273561477661,0.015625,0.10687567293643951,6.840043067932129,0.9105662107467651,13.292472839355469,97.19062805175781,0.08048483729362488,0.44508787989616394,7.2466936111450195,115.15625,92.45420837402344,1.1737098693847656,12.19406795501709,0.00024537587887607515,1.1458333730697632,2.539214611053467,0.4512550312089732,54.71406555175781,21.54763331075106,0.625,0.2461390993962931,0.37012237310409546,2.5336756706237793,1.1031652688980103,-29.847885131835938,0.3279656171798706,0.44974207878112793,0.1458333432674408,0.4747655987739563,1.3704348020837642e-06,5.397081407459759e-07,0.40685319900512695,2.996755361557007,0.5,48
5836,0.15247215330600739,0.19146086275577545,1.0,0.96929532289505,0.8438851833343506,0.0126953125,0.061888694763183594,4.874924659729004,0.5784389972686768,10.235875129699707,129.20318603515625,0.06804874539375305,0.4204796254634857,7.0988922119140625,89.19230651855469,60.33542251586914,0.9571051001548767,12.158683776855469,0.0003524943604134023,1.1875,2.9021849632263184,0.40917447059891326,164.06488037109375,56.531503637655845,1.0,0.3445679752411901,0.43380221724510193,3.702206611633301,1.869831919670105,-46.01052474975586,0.3785625696182251,0.38098782300949097,0.02083333395421505,0.28359466791152954,4.216713932692073e-06,1.4529445819590235e-06,0.4295744001865387,1.8844200372695923,0.5,48
5864,0.18969880044460297,0.23800505697727203,1.0,1.4355981349945068,0.8588367700576782,0.00341796875,0.023106681182980537,6.760354518890381,0.44861268997192383,14.080561637878418,631.9249877929688,0.02282176911830902,0.238082617521286,6.520520210266113,116.28571319580078,80.32857513427734,1.162917137145996,12.160804748535156,0.0003038241411559284,0.8958333730697632,5.133018493652344,0.17452369837208703,9.475393295288086,1.8459690508705497,0.7708333730697632,0.15017155549337782,0.5615175366401672,0.9688426852226257,0.905351996421814,-6.166373252868652,0.5312411785125732,0.5889288783073425,0.0625,0.7122132778167725,7.251512215589173e-06,1.4127188924858615e-06,0.9258766770362854,0.985884964466095,0.5,48
5959,0.11484412103891373,0.15069639682769775,0.9999999403953552,0.8173589110374451,0.9157193303108215,0.0205078125,0.08743961900472641,4.2637224197387695,0.6278120875358582,7.339445114135742,62.54143524169922,0.10000890493392944,0.4856140911579132,7.624215602874756,98.69047546386719,66.2215805053711,0.8422039151191711,12.167631149291992,0.0002802702656481415,0.4166666865348816,1.9460090398788452,0.21411343722210463,6.425016403198242,3.301637473678887,0.375,0.19270208431114275,0.3415653109550476,3.676813840866089,1.3808774948120117,-46.62350082397461,0.21401870250701904,0.2227463573217392,0.0833333358168602,0.19953733682632446,1.3432880905384081e-06,6.9027843967223e-07,0.45266199111938477,1.8191949129104614,0.5,48
5995,0.18037976324558258,0.2899479568004608,1.0,1.000854730606079,0.8010361790657043,0.0048828125,0.025158463045954704,5.152453422546387,0.375928670167923,8.31842041015625,275.922607421875,0.03085736557841301,0.29589468240737915,6.7668657302856445,117.80000305175781,65.41448211669922,0.8813841342926025,12.158580780029297,0.00030671441345475614,1.4583333730697632,2.9492721557617188,0.49447229387631453,73.7287826538086,24.99897551325732,0.75,0.2543000299215501,0.4303487241268158,2.6452202796936035,1.4383004903793335,-29.688331604003906,0.2882900834083557,0.3422083556652069,0.1458333432674408,0.47373926639556885,2.38955158238241e-06,8.10217385198579e-07,0.6337127685546875,1.0734277963638306,0.5,48
6043,0.1566893458366394,0.2304854840040207,1.0,0.8820591568946838,0.8697575330734253,0.0048828125,0.023653551936149597,4.844247341156006,0.36063408851623535,9.897608757019043,371.2666931152344,0.03085736557841301,0.29433730244636536,6.631117343902588,103.0,56.76273727416992,0.8531762361526489,12.16472053527832,0.0003369578917045146,0.4166666865348816,1.9734869003295898,0.21113222710217752,30.89791488647461,15.656508652147272,0.125,0.06333966511038266,0.33617839217185974,2.3918466567993164,0.9669297933578491,-28.94965171813965,0.26649272441864014,0.3170468807220459,0.1458333432674408,0.2743666172027588,1.1159277164551895e-06,5.654599027813261e-07,0.31415045261383057,1.0092182159423828,0.5,48
6044,0.22242820262908936,0.3284081518650055,1.0,1.0601381063461304,0.7803204655647278,0.0087890625,0.0428159274160862,4.8715009689331055,0.4752451479434967,8.600747108459473,154.2593994140625,0.05035991966724396,0.373407781124115,6.360296726226807,76.0,58.24085235595703,0.9746478796005249,12.158172607421875,0.00030397673253901303,1.0,2.2573652267456055,0.4429943297264905,6.436108589172363,2.8511596105073194,0.625,0.27687145607905655,0.335618257522583,3.556277275085449,1.3468294143676758,-46.09711837768555,0.26792389154434204,0.27078333497047424,0.0416666679084301,0.4399182200431824,1.5355821005869075e-06,6.802541633894934e-07,0.48457759618759155,1.6924740076065063,0.5,48
6066,0.2254658192396164,0.3404009938240051,1.0,1.077015995979309,0.7350133657455444,0.00341796875,0.013247682712972164,3.8758933544158936,0.2301492840051651,5.032754898071289,328.432373046875,0.02282176911830902,0.25298792123794556,5.782845973968506,62.14285659790039,65.7294692993164,0.6676425933837891,12.173432350158691,0.0002263599744765088,0.9375,3.3520867824554443,0.27967652929215175,6.770898342132568,2.0199054384187956,0.625,0.18645101952810114,0.4455661177635193,2.046539068222046,1.146566390991211,-19.003211975097656,0.3829500675201416,0.48195070028305054,0.125,0.43690258264541626,2.6997909117199015e-06,8.054060288046038e-07,0.39853447675704956,0.5652344822883606,0.5,48
6115,0.11339332163333893,0.20075009763240814,1.0,1.0311071872711182,0.8815845251083374,0.0185546875,0.10327322781085968,5.565883636474609,0.8110602498054504,13.64974594116211,95.80984497070312,0.09235962480306625,0.46759989857673645,6.548953056335449,104.60526275634766,76.45730590820312,0.7670432329177856,12.197591781616211,0.0002247979282401502,1.9791667461395264,2.984407901763916,0.6631689784556803,24.943988800048828,8.358103026642171,1.5625,0.5235544356523616,0.42534178495407104,1.7653359174728394,0.9305323362350464,-13.821331977844238,0.28843796253204346,0.3006342947483063,0.0833333358168602,0.47940388321876526,1.1179679404449416e-06,3.7460292744773405e-07,0.5516558885574341,2.631943464279175,0.5,48
6215,0.24958829581737518,0.4382944405078888,1.0,0.998971700668335,0.8516660332679749,0.05224609375,0.3273980915546417,6.26646089553833,1.5386244058609009,16.60568618774414,33.074398040771484,0.20507636666297913,0.6006858944892883,7.917430877685547,105.08411407470703,57.37263870239258,0.8382375240325928,12.158035278320312,0.00029510853346437216,1.8125,3.5734500885009766,0.5072129035075442,24.959304809570312,6.9846518410990175,1.2083333730697632,0.3381419467916023,0.5162923336029053,2.5707082748413086,1.5511207580566406,-21.598859786987305,0.25791552662849426,0.3259046971797943,0.1666666716337204,0.6419620513916016,3.2736068078520475e-06,9.160913732152829e-07,0.8008058667182922,4.061281204223633,0.5,48
6242,0.10177557915449142,0.13605459034442902,1.0,0.9123236536979675,0.911502480506897,0.00439453125,0.0192961897701025,4.390954971313477,0.29612550139427185,6.56252384185791,266.43267822265625,0.02823571488261223,0.285820335149765,6.642230987548828,108.88888549804688,53.29029846191406,0.6769917011260986,12.160978317260742,0.00025322826695628464,0.1666666716337204,1.8870353698730469,0.08832196439524793,20.322811126708984,10.769703283505068,0.02083333395421505,0.011040245549405992,0.28131139278411865,2.2946414947509766,0.8747207522392273,-42.18057632446289,0.3420203924179077,0.45374977588653564,0.2083333432674408,0.5255503058433533,1.7693307654553792e-06,9.376245852764104e-07,0.6647822260856628,0.8233039975166321,0.5,48
6258,0.14003188908100128,0.1989777386188507,1.0,0.9341492652893066,0.8709596991539001,0.00341796875,0.02071267180144787,6.059936046600342,0.3964335322380066,10.203869819641113,515.4656982421875,0.02282176911830902,0.23867899179458618,6.224538803100586,88.42857360839844,64.3987808227539,0.887893795967102,12.164118766784668,0.0002752469154074788,0.3333333432674408,2.3984456062316895,0.13897890409170774,8.622689247131348,3.595115598526207,0.2083333432674408,0.08686181661052757,0.3425063490867615,3.103219985961914,1.246353268623352,-44.56681823730469,0.27926895022392273,0.30665189027786255,0.1041666716337204,0.4815378189086914,1.6356478909074212e-06,6.819616337506391e-07,0.620477557182312,0.8837404847145081,0.5,48
6277,0.24785171449184418,0.4007013440132141,1.0,1.2282865047454834,0.7828704714775085,0.01318359375,0.09373732656240463,7.11014986038208,0.9128358960151672,17.13134765625,160.47483825683594,0.07016520947217941,0.4168159067630768,7.174149513244629,84.40740966796875,73.41221618652344,1.0849108695983887,12.179146766662598,0.00026985688600689173,2.7291667461395264,4.112109184265137,0.6636902419677229,23.70771026611328,5.765340642990882,1.3333333730697632,0.32424561461774104,0.4788796901702881,3.167614459991455,1.6753785610198975,-29.214534759521484,0.42267704010009766,0.4910094738006592,0.0833333358168602,0.7801583409309387,3.7780832826683763e-06,9.187701746678803e-07,1.0711420774459839,3.063645362854004,0.5,48
6415,0.1761251538991928,0.25118952989578247,1.0,1.0352171659469604,0.8103659152984619,0.0126953125,0.07512709498405457,5.917703628540039,0.7122603058815002,11.734807968139648,128.65444946289062,0.06804874539375305,0.4180051386356354,7.095627784729004,102.88461303710938,92.64413452148438,0.9019482135772705,12.220290184020996,0.00021235528402030468,0.6458333730697632,2.115156650543213,0.30533595223339194,4.171450138092041,1.9721707691480084,0.2916666865348816,0.13789365675636336,0.3562607765197754,2.383315086364746,1.0129420757293701,-29.367984771728516,0.262810081243515,0.31454622745513916,0.1458333432674408,0.39294952154159546,1.2653033536480507e-06,5.982078667038764e-07,0.3425114154815674,2.4941117763519287,0.5,48
6431,0.1741616576910019,0.23866912722587585,1.0,1.1387184858322144,0.7347660064697266,0.00341796875,0.023232564330101013,6.797184467315674,0.4420446455478668,13.313851356506348,557.4654541015625,0.02282176911830902,0.24036723375320435,5.200095176696777,50.14285659790039,56.968650817871094,0.77152019739151,12.162870407104492,0.0002719848125707358,0.8958333730697632,5.51996374130249,0.16228972026462718,23.917667388916016,4.332939212376604,0.4583333432674408,0.08303194801945801,0.3927660584449768,1.884901762008667,0.915208101272583,-18.303848266601562,0.25518882274627686,0.45419973134994507,0.3125,0.9809759259223938,1.2200457604194526e-06,2.2102423410508278e-07,3.0606000423431396,0.9912561774253845,0.5,48
6499,0.1820743978023529,0.26062309741973877,1.0,1.0163383483886719,0.8150181770324707,0.015625,0.13071122765541077,8.365518569946289,1.2211321592330933,28.454734802246094,206.61094665527344,0.08048483729362488,0.43401479721069336,7.091151237487793,75.90625,61.89056396484375,0.8952481746673584,12.15853214263916,0.00029661678127013147,1.5833333730697632,2.6821141242980957,0.5903303490416595,10.54417896270752,3.931293910229854,1.1666667461395264,0.4349802759027035,0.4110715985298157,2.4384171962738037,1.1932380199432373,-27.390840530395508,0.2522753179073334,0.2522753179073334,0.0,0.24145197868347168,2.0211593891872326e-06,7.535694933117252e-07,0.4049992263317108,3.955312728881836,0.5,48
6564,0.217529296875,0.3770556151866913,1.0,1.0871108770370483,0.8417004346847534,0.02685546875,0.1806500256061554,6.726749897003174,1.2236179113388062,19.113636016845703,82.13345336914062,0.12363549321889877,0.51075679063797,7.81620979309082,124.30908966064453,54.77688980102539,0.7387465238571167,12.157224655151367,0.00030838188831694424,4.8125,3.563076972961426,1.3506584401665453,115.719482421875,32.47740168827214,3.9166667461395264,1.099237194388154,0.6156998872756958,2.4541049003601074,1.8312691450119019,-14.92258071899414,0.21727047860622406,0.2204113006591797,0.0416666679084301,0.19885937869548798,3.7031975352874724e-06,1.039325715665449e-06,0.6147587895393372,3.6941328048706055,0.5,48
6585,0.16513767838478088,0.2275989055633545,1.0,0.8564506769180298,0.8561592698097229,0.01171875,0.06568725407123566,5.605312347412109,0.6852226257324219,15.60440731048584,235.08810424804688,0.0637580007314682,0.4021596312522888,7.358263969421387,136.0416717529297,79.5786361694336,1.208728551864624,12.188042640686035,0.00027329043950885534,0.5625,2.2420480251312256,0.2508866853814206,800.0594482421875,356.8431343601256,0.3958333432674408,0.17654989414366984,0.36447152495384216,3.1773650646209717,1.3984382152557373,-41.369781494140625,0.34682369232177734,0.42534685134887695,0.2291666716337204,0.3920481204986572,9.034556001097371e-07,4.029599660458918e-07,0.44269075989723206,2.1901252269744873,0.5,48
6651,0.11931009590625763,0.19258897006511688,1.0,0.8475392460823059,0.9028105139732361,0.00732421875,0.03643515706062317,4.974613666534424,0.447897344827652,8.655454635620117,205.05149841308594,0.0433073565363884,0.34836408495903015,6.772230625152588,82.4000015258789,59.399662017822266,0.7214668393135071,12.160435676574707,0.0002636834396980703,0.5,2.0438930988311768,0.24463118831391856,16.259414672851562,7.955119865416882,0.3333333432674408,0.16308746373633073,0.3235096335411072,3.6054553985595703,1.3114298582077026,-51.91630554199219,0.20769105851650238,0.2668834328651428,0.125,0.3680070638656616,2.3402906208502827e-06,1.1450161511570457e-06,0.5538885593414307,1.554566740989685,0.5,48
6687,0.19865281879901886,0.5334357023239136,1.0,0.9080289006233215,0.8811327219009399,0.0146484375,0.08583846688270569,5.859906196594238,0.7895005345344543,17.123085021972656,175.02528381347656,0.07640714943408966,0.43257713317871094,7.178867340087891,84.06666564941406,67.23291015625,1.0002615451812744,12.1697359085083,0.00031099835177883506,0.5208333730697632,2.6404826641082764,0.19724930527925355,6.70187520980835,2.538125046426088,0.3333333432674408,0.12623954950964092,0.3250066637992859,1.4991339445114136,0.6411672830581665,-20.501131057739258,0.16446292400360107,0.21594224870204926,0.1666666716337204,0.7522505521774292,1.3416878346106387e-06,5.081221883282167e-07,1.022661566734314,2.5163981914520264,0.5,48
6694,0.16186188161373138,0.2223295271396637,1.0,0.9050469994544983,0.8594781756401062,0.00390625,0.016250131651759148,4.160033702850342,0.26751118898391724,5.9947428703308105,317.2818908691406,0.02555946074426174,0.26882192492485046,6.3680524826049805,96.125,58.966697692871094,0.693425714969635,12.172176361083984,0.00025362492306157947,0.8125,2.7532451152801514,0.2951063065688078,64.12972259521484,23.29241301705363,0.2708333432674408,0.09836877246441421,0.3268493115901947,2.0654988288879395,0.8211650848388672,-27.395309448242188,0.15363632142543793,0.3277236819267273,0.3541666865348816,0.7454636096954346,2.6282632461516187e-06,9.546056113998149e-07,0.9791758060455322,0.693338930606842,0.5,48
6723,0.16030119359493256,0.26801589131355286,1.0,0.9551314115524292,0.8562033176422119,0.00830078125,0.03727354109287262,4.490365505218506,0.4241164028644562,7.367280006408691,160.0314483642578,0.04803864285349846,0.36649778485298157,6.883552551269531,86.47058868408203,87.15388488769531,1.0799808502197266,12.184322357177734,0.00025707471650093794,0.5208333730697632,2.204883575439453,0.23621808267303893,179.87278747558594,81.57926734246864,0.1458333432674408,0.06614106260779065,0.372033953666687,1.320462703704834,0.7150201797485352,-13.599848747253418,0.27105090022087097,0.27394819259643555,0.02083333395421505,0.2064153254032135,1.7088641470763832e-06,7.75035996621922e-07,0.386471688747406,1.5230695009231567,0.5,48
6742,0.1452353596687317,0.1836796998977661,0.9999999403953552,0.9220275282859802,0.8336713314056396,0.01025390625,0.050677310675382614,4.942244529724121,0.5240415930747986,9.547554969787598,142.2724609375,0.057165034115314484,0.3928610682487488,6.99348783493042,91.04762268066406,60.645050048828125,0.7595710754394531,12.155494689941406,0.00026010448345914483,1.125,2.5164291858673096,0.44706205199318505,17.928651809692383,7.124639882233251,0.7291666865348816,0.28976244900209397,0.43465399742126465,2.801410675048828,1.4582552909851074,-29.94144058227539,0.29899105429649353,0.31767737865448,0.0625,0.3223409056663513,1.6788039829407353e-06,6.671373808958375e-07,0.45209836959838867,1.821219563484192,0.5,48
6759,0.1963704377412796,0.38169345259666443,0.9999999403953552,1.1227418184280396,0.7879414558410645,0.00439453125,0.028344370424747467,6.449918746948242,0.47031766176223755,12.546344757080078,412.62554931640625,0.02823571488261223,0.2749277353286743,6.280064105987549,74.55555725097656,62.21360397338867,0.7073598504066467,12.162115097045898,0.0002610398514661938,0.5416666865348816,2.348151445388794,0.23067791700224696,153.03453063964844,65.17234239233083,0.3125,0.13308340877367214,0.3960241973400116,3.232323169708252,1.6090717315673828,-40.99238204956055,0.3159435987472534,0.3396175503730774,0.0833333358168602,0.23094961047172546,1.447728436687612e-06,6.165396330654937e-07,0.35962721705436707,1.2093597650527954,0.5,48
6809,0.15510189533233643,0.7182435989379883,1.0,0.8940025568008423,0.9295052289962769,0.009765625,0.03577016294002533,3.6628646850585938,0.36455869674682617,4.979635715484619,108.31351470947266,0.05492175742983818,0.39142364263534546,7.287698745727539,109.80000305175781,54.614559173583984,0.6174553036689758,12.162235260009766,0.0002552863152232021,0.5625,1.572826862335205,0.3576363107052246,7.4907379150390625,4.762595328701007,0.3125,0.19868683928068034,0.30398306250572205,4.334437847137451,1.454764723777771,-66.58323669433594,0.36081820726394653,0.4022996425628662,0.0833333358168602,0.43516144156455994,7.003406494732189e-07,4.4527510420356076e-07,0.546963095664978,1.2589337825775146,0.5,48
6833,0.20817911624908447,0.3396691083908081,0.9999999403953552,1.1079422235488892,0.7804948091506958,0.0126953125,0.057332418859004974,4.516030311584473,0.5381231904029846,10.040276527404785,137.96824645996094,0.06804874539375305,0.42014867067337036,6.9889092445373535,70.57691955566406,68.63931274414062,0.9849673509597778,12.165739059448242,0.0002833727339748293,1.0833333730697632,3.851982831954956,0.2812404461593994,31.928874969482422,8.28894527299553,0.875,0.22715573664287678,0.4122205972671509,3.5127010345458984,1.6659400463104248,-41.575618743896484,0.3571709096431732,0.42663273215293884,0.1458333432674408,0.8204056620597839,3.093402256126865e-06,8.030675065408399e-07,1.4207305908203125,1.7404886484146118,0.5,48
6913,0.18744085729122162,0.2808302342891693,1.0000001192092896,1.0024807453155518,0.8337576389312744,0.0224609375,0.09690392762422562,4.314331531524658,0.6610023975372314,7.485832214355469,53.56827163696289,0.10746800154447556,0.4980255663394928,7.592710018157959,87.78260803222656,66.74650573730469,0.8111443519592285,12.155400276184082,0.0002762488438747823,2.0,3.781501531600952,0.5288904362454052,35.19045639038086,9.305947915991721,1.3958333730697632,0.3691214608043813,0.44586119055747986,3.580000638961792,1.8713692426681519,-42.16737747192383,0.395232617855072,0.48283442854881287,0.1666666716337204,0.36174294352531433,3.8069533729867544e-06,1.0067306151024408e-06,0.4505385458469391,1.8578177690505981,0.5,48
7014,0.30984267592430115,0.47672054171562195,0.9999999403953552,1.5186946392059326,0.7817082405090332,0.00537109375,0.18446707725524902,34.344417572021484,2.564448833465576,42.204498291015625,206.3591766357422,0.03342986851930618,0.3114860951900482,6.21617317199707,66.7272720336914,82.86674499511719,1.2070229053497314,12.159191131591797,0.000325905391946435,2.0833334922790527,4.960293292999268,0.42000207750202073,34.31434631347656,6.917805907309597,1.3125,0.26460128863879684,0.6963760852813721,1.784583568572998,1.40802001953125,-8.71054744720459,0.3631534278392792,0.36737728118896484,0.02083333395421505,0.32328322529792786,6.280688012338942e-06,1.266192869792859e-06,0.35617953538894653,7.870595455169678,0.5,48
7098,0.11759138107299805,0.14299476146697998,1.0000001192092896,0.894178032875061,0.8898428678512573,0.00634765625,0.02747717872262001,4.328712463378906,0.3653946816921234,8.826139450073242,268.9458312988281,0.03844451159238815,0.3292302191257477,6.682061195373535,81.0,54.67060852050781,0.7342033386230469,12.162540435791016,0.0002984869934152812,0.1875,2.321852922439575,0.08075446871778973,1.9465281963348389,0.8383512018091595,0.1041666716337204,0.044863595871368254,0.32201090455055237,1.5894536972045898,0.6771550178527832,-18.175626754760742,0.23831568658351898,0.31620728969573975,0.125,0.6053158640861511,1.4416858675758704e-06,6.209204069015209e-07,0.662461519241333,1.172359585762024,0.5,48
7208,0.20889978110790253,0.3238982558250427,0.9999998807907104,1.1244714260101318,0.7587481737136841,0.04638671875,0.28514841198921204,6.147199630737305,1.4148675203323364,14.281375885009766,34.21492004394531,0.18773546814918518,0.5857700109481812,6.7076735496521,80.03157806396484,57.0336799621582,0.6650866866111755,12.159425735473633,0.00027408573077991605,3.1041667461395264,2.855102062225342,1.087234945586396,38.96698760986328,13.648194223575127,2.0208334922790527,0.7077972840053182,0.4733662009239197,2.3947792053222656,1.303941011428833,-23.538013458251953,0.42037808895111084,0.4289923310279846,0.0625,0.19722296297550201,2.5736185307323467e-06,9.014103403758173e-07,0.3572220504283905,3.7264652252197266,0.5,48
7225,0.130732461810112,0.17806321382522583,1.0,0.9064575433731079,0.8785080909729004,0.00634765625,0.03227284923195839,5.08421516418457,0.5145198106765747,18.83629035949707,890.560302734375,0.03844451159238815,0.310637891292572,6.755852222442627,89.76923370361328,56.063236236572266,0.6528014540672302,12.161495208740234,0.0002679277095012367,0.2708333432674408,2.091486930847168,0.12949320312645046,10.14427375793457,4.850268753686589,0.1041666716337204,0.049805078673609664,0.30806535482406616,3.039632558822632,1.1334552764892578,-44.823482513427734,0.3819538354873657,0.42674189805984497,0.125,0.5861942172050476,9.133518688031472e-07,4.3669977132785215e-07,0.899871289730072,1.3769749402999878,0.5,48
7358,0.21425147354602814,0.35985755920410156,1.0,1.1987289190292358,0.6882734298706055,0.015625,0.12191101908683777,7.802305221557617,1.164393424987793,25.258697509765625,192.23577880859375,0.08048483729362488,0.42964449524879456,6.789449691772461,77.125,58.07843017578125,0.8246302604675293,12.16278076171875,0.00030942901503294706,1.8958333730697632,3.031071424484253,0.625466411481109,133.34620666503906,43.9930927222533,1.0,0.32991634199810715,0.41961991786956787,3.5450844764709473,1.5522345304489136,-36.471946716308594,0.3744529187679291,0.43873804807662964,0.1458333432674408,0.49862900376319885,1.7294631788900006e-06,5.70578165599807e-07,0.5884637832641602,3.8605034351348877,0.5,48
7448,0.19723069667816162,0.254324346780777,1.0,1.1613553762435913,0.7003874778747559,0.00439453125,0.03390098735690117,7.714357852935791,0.5764895677566528,15.711884498596191,439.32818603515625,0.02823571488261223,0.2707468569278717,6.055908679962158,68.0,106.59165954589844,1.2014083862304688,12.17201042175293,0.0002500929986126721,1.0,3.6861190795898438,0.2712880337545661,8.969792366027832,2.4333973341664077,0.6458333730697632,0.1752068659131752,0.452300488948822,2.2653212547302246,1.1455289125442505,-18.0880126953125,0.41034480929374695,0.4933243989944458,0.125,0.6468905210494995,2.626694140417385e-06,7.125906886284726e-07,0.6698230504989624,1.4464421272277832,0.5,48
7455,0.18888811767101288,0.24549250304698944,0.9999999403953552,1.0785160064697266,0.7664902210235596,0.0087890625,0.0656292736530304,7.467153072357178,0.8865562081336975,22.635622024536133,417.19769287109375,0.05035991966724396,0.34718701243400574,6.780054092407227,80.94444274902344,61.45289993286133,1.1159312725067139,12.159930229187012,0.00036337110213935375,0.9583333730697632,2.820042371749878,0.33982942216460704,6.245563507080078,2.2147055475118833,0.6458333730697632,0.22901548474920935,0.4372740387916565,2.8857409954071045,1.390533208847046,-25.647308349609375,0.31292828917503357,0.31292828917503357,0.0,0.2270638644695282,2.6678521862777416e-06,9.460326566518833e-07,0.44566991925239563,2.667790651321411,0.5,48
7472,0.28368106484413147,0.574630618095398,1.0,0.8992441892623901,0.7913522124290466,0.0068359375,0.027412939816713333,4.0101213455200195,0.33806636929512024,6.098024845123291,172.07420349121094,0.04089350998401642,0.34327641129493713,6.506328582763672,67.21428680419922,134.4019012451172,1.4717646837234497,12.19792366027832,0.00023772919666953385,2.2291667461395264,5.645234107971191,0.394875872205749,86.24551391601562,15.27757965634398,0.8125,0.14392671464474174,0.4600781798362732,2.2456588745117188,1.2386324405670166,-20.2363224029541,0.5446354150772095,0.5958434343338013,0.1458333432674408,0.9663820266723633,2.1107803149789106e-06,3.739048320882557e-07,2.372830867767334,1.1696187257766724,0.5,48
7664,0.18139609694480896,0.26893067359924316,0.9999999403953552,1.112707495689392,0.8074729442596436,0.00537109375,0.031391292810440063,5.844488143920898,0.47818928956985474,12.244272232055664,374.7401123046875,0.03342986851930618,0.2995442748069763,6.376424789428711,87.18181610107422,59.06342315673828,0.6056995391845703,12.164102554321289,0.00023801601491868496,0.9791666865348816,3.2695651054382324,0.2994791820818776,14.427698135375977,4.412726960919442,0.6875,0.21027261293979513,0.40281933546066284,1.85532808303833,0.9473974108695984,-19.270193099975586,0.3497924506664276,0.45137518644332886,0.125,0.6731465458869934,1.9970930225099437e-06,6.108130445483621e-07,0.7910796999931335,1.3393617868423462,0.5,48
7671,0.21358542144298553,0.889864981174469,0.9999999403953552,0.9206786751747131,0.8771094679832458,0.0615234375,0.3077992796897888,5.002959728240967,1.2997123003005981,15.63546371459961,29.909423828125,0.2311388999223709,0.6257196664810181,8.087902069091797,89.85713958740234,60.861351013183594,0.6589741706848145,12.164438247680664,0.0002458136877976358,0.6458333730697632,1.718834638595581,0.3757390936920304,35.76586151123047,20.808203709678477,0.125,0.07272369107879838,0.2348022162914276,2.2621068954467773,0.6827281713485718,-42.61409378051758,0.33861327171325684,0.4718817174434662,0.1875,0.44725939631462097,9.498933195573045e-07,5.526379866343978e-07,0.4717371165752411,3.0847694873809814,0.5,48
7779,0.1938026249408722,0.2649901807308197,0.9999999403953552,0.9725106358528137,0.8180277347564697,0.01318359375,0.06992584466934204,5.304004669189453,0.6447106599807739,8.82353401184082,110.9090347290039,0.07016520947217941,0.42389148473739624,7.074261665344238,73.25926208496094,65.87378692626953,0.6782138347625732,12.169635772705078,0.00023629612405784428,0.9583333730697632,2.995704174041748,0.3199025384999121,8.398555755615234,2.8035330725759646,0.6875,0.2294952898428168,0.4268439710140228,3.3582568168640137,1.535719633102417,-32.29960632324219,0.29748111963272095,0.39419084787368774,0.2291666716337204,0.4874972999095917,2.316993231943343e-06,7.734385939326289e-07,0.5666306018829346,2.2439613342285156,0.5,48
7811,0.16132090985774994,0.7974190711975098,0.9999999403953552,0.8865156769752502,0.877853274345398,0.01123046875,0.05328204855322838,4.744419097900391,0.5333099961280823,9.557940483093262,144.8501739501953,0.06158214434981346,0.4033498764038086,7.220455169677734,117.47826385498047,75.42498016357422,0.8452087640762329,12.180265426635742,0.00023852664162404835,1.8958333730697632,3.1096267700195312,0.6096658882831771,18.486488342285156,5.944921899009708,1.1875,0.3818786253161035,0.42583125829696655,2.7127132415771484,1.3718907833099365,-29.713115692138672,0.4946478307247162,0.5210769772529602,0.1041666716337204,0.5135945677757263,2.584733692856389e-06,8.312038311041799e-07,0.5950543880462646,1.7739977836608887,0.5,48
7956,0.13598378002643585,0.2129799723625183,1.0,1.0009170770645142,0.854732096195221,0.00244140625,0.011332603171467781,4.641834259033203,0.24456846714019775,7.947915077209473,670.0750732421875,0.01712392456829548,0.20289932191371918,6.220428943634033,137.60000610351562,69.79363250732422,1.068137526512146,12.164907455444336,0.0003506904758978635,0.375,2.9951181411743164,0.12520374191347716,3.1506965160369873,1.0519439825108976,0.3333333432674408,0.1112922183509684,0.4472508430480957,2.498400926589966,1.3833386898040771,-25.989450454711914,0.37840598821640015,0.37865668535232544,0.02083333395421505,0.39345458149909973,2.5867063868645346e-06,8.636408503118139e-07,0.4318823218345642,0.4835244119167328,0.5,48
8022,0.24359789490699768,0.38950490951538086,1.0,1.174679160118103,0.7239639759063721,0.0048828125,0.032527755945920944,6.661684513092041,0.5230097770690918,12.502159118652344,389.499267578125,0.03085736557841301,0.2853202223777771,5.873104572296143,61.400001525878906,69.03722381591797,0.9034374952316284,12.177714347839355,0.00026763370260596275,0.9375,4.201815605163574,0.2231178342563953,155.73443603515625,37.063605426458864,0.4166666865348816,0.09916348662021454,0.382631778717041,3.3970999717712402,1.4470429420471191,-41.970436096191406,0.48573240637779236,0.5566452741622925,0.1041666716337204,0.9558213353157043,2.0787751964235213e-06,4.947326077140574e-07,2.2101364135742188,1.3878508806228638,0.5,48
8048,0.18219974637031555,0.2902032136917114,1.0,0.9146905541419983,0.8158358335494995,0.01171875,0.06290240585803986,5.367671966552734,0.6339852213859558,13.29843521118164,173.25503540039062,0.0637580007314682,0.4052659273147583,7.160180568695068,105.54166412353516,66.49889373779297,0.6103585362434387,12.181453704833984,0.00021303610992617905,0.8125,2.172396659851074,0.3740108845111146,11.14178466796875,5.128798447629991,0.4166666865348816,0.1918004627412017,0.37592649459838867,2.45993971824646,1.127580165863037,-30.260679244995117,0.3000484108924866,0.34220290184020996,0.1666666716337204,0.3788447082042694,1.2740056263282895e-06,5.864516568309909e-07,0.462907999753952,2.125457525253296,0.5,48
8049,0.13633094727993011,0.18997588753700256,1.0,0.9125096201896667,0.8503916263580322,0.00390625,0.016350431367754936,4.185710430145264,0.27104616165161133,5.94661808013916,329.57568359375,0.02555946074426174,0.2678578794002533,6.4228925704956055,98.75,59.51707077026367,0.8801671266555786,12.1589937210083,0.0003259939549025148,0.5625,2.465688467025757,0.22813100894177724,22.00552749633789,8.924699004507705,0.2916666865348816,0.11829016084250242,0.35125184059143066,2.0804193019866943,0.8953468203544617,-23.447336196899414,0.2431335747241974,0.307609885931015,0.1875,0.5989858508110046,2.2677495508105494e-06,9.197226543176404e-07,0.7018872499465942,0.6976184248924255,0.5,48
8051,0.20696966350078583,0.5006651878356934,1.0,1.034244418144226,0.8307696580886841,0.0029296875,0.012848597951233387,4.385654926300049,0.24868887662887573,7.211393356323242,498.6090393066406,0.020013848319649696,0.2290375828742981,6.009191513061523,79.33333587646484,61.8068733215332,0.9374501705169678,12.163307189941406,0.00031358335400000215,0.3125,2.532606601715088,0.12339065947094491,17.82305145263672,7.037433832081367,0.1041666716337204,0.041130221784890016,0.34121912717819214,1.6429394483566284,0.7055742740631104,-16.64569664001465,0.35975444316864014,0.41270121932029724,0.1041666716337204,0.7491909861564636,2.3232382773130666e-06,9.173308900665641e-07,1.0886021852493286,0.5482068657875061,0.5,48
8056,0.10836775600910187,0.14177259802818298,1.0,0.8918190002441406,0.8986482620239258,0.0107421875,0.05476595461368561,5.098212718963623,0.5939875245094299,13.32209587097168,234.15805053710938,0.05938481166958809,0.3907976746559143,7.161169052124023,107.09091186523438,54.02960205078125,0.6506410837173462,12.161964416503906,0.0002625376801006496,0.3333333432674408,1.8433594703674316,0.18082926679119496,4.413485527038574,2.3942619841892405,0.1875,0.10171645953866044,0.299616277217865,2.9499423503875732,1.0286998748779297,-41.220184326171875,0.21303614974021912,0.23878584802150726,0.125,0.2981615364551544,1.0006799584516557e-06,5.4285665335998e-07,0.39811018109321594,1.9224289655685425,0.5,48
8058,0.21411578357219696,0.30552172660827637,0.9999999403953552,1.0209705829620361,0.8172780871391296,0.00927734375,0.05765647813677788,6.214761257171631,0.7046388387680054,20.86652183532715,424.7349853515625,0.05265381559729576,0.36723610758781433,6.8909196853637695,84.47368621826172,63.254432678222656,1.0204119682312012,12.160999298095703,0.00032745316275395453,1.3333333730697632,2.4975428581237793,0.533858053083749,5.587220191955566,2.2370868037003246,1.0,0.40039352788015475,0.41949185729026794,1.757430076599121,1.0583783388137817,-20.230669021606445,0.3190346658229828,0.3190346658229828,0.0,0.22919827699661255,1.818079681470408e-06,7.279473376311646e-07,0.38399413228034973,2.241021156311035,0.5,48
8144,0.25665774941444397,0.6552641987800598,1.0,1.2884184122085571,0.7616109251976013,0.00537109375,0.06405068933963776,11.925073623657227,0.9274388551712036,18.13823699951172,252.5248260498047,0.03342986851930618,0.305125892162323,6.743355751037598,106.90908813476562,74.6413345336914,1.0676519870758057,12.157493591308594,0.00033374474151059985,1.125,4.59608268737793,0.2447736635900424,4.174016952514648,0.9081683745368485,0.6458333730697632,0.14051822292888938,0.5694069862365723,1.6955397129058838,1.2635908126831055,-12.958332061767578,0.4575612545013428,0.4735160768032074,0.0416666679084301,0.2500430643558502,7.109425496309996e-06,1.546844555335336e-06,0.3649314045906067,2.7328293323516846,0.5,48
8199,0.13518187403678894,0.14955319464206696,1.0,0.8545207381248474,0.8565013408660889,0.0087890625,0.03813767060637474,4.339219570159912,0.4246044456958771,7.475715160369873,163.14695739746094,0.05035991966724396,0.3732830584049225,6.7188262939453125,72.27777862548828,62.00692367553711,0.7209041118621826,12.170284271240234,0.00023248509387485683,0.625,2.3015296459198,0.2715585256059716,5.69462776184082,2.4742795502085237,0.3125,0.1357792628029858,0.3443354070186615,2.7865233421325684,1.1428598165512085,-34.086551666259766,0.1784820258617401,0.2810971438884735,0.3333333432674408,0.5108082890510559,1.593733372828865e-06,6.924670158951022e-07,0.7812854647636414,1.494993805885315,0.5,48
8333,0.21851582825183868,0.6000539660453796,1.0000001192092896,1.0577713251113892,0.7760494947433472,0.00634765625,0.03364997357130051,5.3011651039123535,0.44360554218292236,8.739934921264648,214.9188690185547,0.03844451159238815,0.3292273283004761,6.252424240112305,69.0,71.92333221435547,0.8148564100265503,12.166030883789062,0.00026783335488289595,1.3541667461395264,2.9542040824890137,0.4583863212370668,7.540457725524902,2.5524498272466407,0.7291666865348816,0.24682339598295486,0.4209907650947571,1.5924524068832397,0.8337267637252808,-12.225908279418945,0.16621708869934082,0.35076767206192017,0.2916666865348816,0.6631030440330505,1.2657833394769114e-06,4.284684807983078e-07,0.8490946292877197,1.4357322454452515,0.5,48
8336,0.28116998076438904,0.4526595175266266,1.0,1.1927359104156494,0.7560849189758301,0.0146484375,0.07351449131965637,5.018589496612549,0.628685474395752,9.785195350646973,91.22925567626953,0.07640714943408966,0.4408346116542816,7.356509208679199,91.4000015258789,57.440101623535156,0.835988461971283,12.159280776977539,0.00029168615583330393,0.9166666865348816,8.011784553527832,0.11441479476468165,3.583357572555542,0.4472608498321478,0.6666666865348816,0.08321076050518861,0.3708251714706421,1.2208287715911865,0.6955708265304565,-12.737235069274902,0.28469276428222656,0.41607436537742615,0.2291666716337204,0.9979549646377563,1.3554863471654244e-06,1.6918656966089994e-07,5.022385120391846,2.0235583782196045,0.5,48
8356,0.24814115464687347,0.32098647952079773,0.9999999403953552,1.1982065439224243,0.8498921990394592,0.00732421875,0.044191017746925354,6.0335469245910645,0.57680743932724,15.187771797180176,326.70660400390625,0.0433073565363884,0.34118393063545227,7.137453079223633,121.33333587646484,90.20248413085938,1.0745136737823486,12.166239738464355,0.00025715649826452136,1.2083333730697632,5.174643516540527,0.233510456686006,57.276649475097656,11.068714044035719,1.0625,0.20532815343713678,0.6119892001152039,2.4385035037994385,1.71881103515625,-18.512313842773438,0.3406378924846649,0.37324094772338867,0.0625,0.7055878639221191,3.305680820631096e-06,6.388229070614042e-07,1.175356149673462,1.8854833841323853,0.5,48
8361,0.17479224503040314,0.2830812633037567,0.9999999403953552,1.06228506565094,0.8066009283065796,0.005859375,0.031089982017874718,5.306023597717285,0.4440513551235199,10.99748706817627,327.7752990722656,0.03595767915248871,0.3142734169960022,6.563725471496582,82.25,58.42209243774414,0.7086697816848755,12.160937309265137,0.00027602488989941776,0.6666666865348816,2.5494112968444824,0.26149828579839635,5.4864912033081055,2.15206200293313,0.5208333730697632,0.20429554527802787,0.41981837153434753,2.343456983566284,1.199615716934204,-25.567846298217773,0.32597073912620544,0.3505954146385193,0.0833333358168602,0.32951587438583374,1.776855242496822e-06,6.969668792659876e-07,0.5204946398735046,1.3265060186386108,0.5,48
8453,0.16050086915493011,0.33212316036224365,1.0,1.0171359777450562,0.8374770283699036,0.00341796875,0.016738325357437134,4.89715576171875,0.3191105127334595,9.692296981811523,592.6973876953125,0.02282176911830902,0.24100595712661743,6.065371036529541,73.71428680419922,96.97927856445312,1.0371636152267456,12.199311256408691,0.0002254943537991494,0.8958333730697632,3.021712064743042,0.2964654973442307,7.8611249923706055,2.6015466721921525,0.6458333730697632,0.21373094361569278,0.3882862329483032,3.250667095184326,1.463916301727295,-37.42161560058594,0.36001235246658325,0.44705313444137573,0.1458333432674408,0.4587695896625519,2.4241494429588784e-06,8.022436893379464e-07,0.42591506242752075,0.7141685485839844,0.5,48
8507,0.12737777829170227,0.22933103144168854,1.0,0.9427133798599243,0.8655762672424316,0.00244140625,0.01156461052596569,4.7368645668029785,0.24476949870586395,7.1219611167907715,561.6256713867188,0.01712392456829548,0.20505137741565704,5.882794380187988,88.0,69.72016906738281,0.9649627208709717,12.176839828491211,0.0002530211058910936,0.3541666865348816,2.015404224395752,0.1757298513571229,14.568973541259766,7.228809631645812,0.2083333432674408,0.1033704999284683,0.3000065088272095,1.996011734008789,0.7575396299362183,-26.907941818237305,0.1969647854566574,0.2212235927581787,0.125,0.5098904371261597,1.135433080889925e-06,5.633773421292551e-07,0.49733972549438477,0.49342337250709534,0.5,48
8537,0.1062198057770729,0.17052462697029114,1.0,0.9043418765068054,0.8892436027526855,0.00390625,0.02337917871773243,5.985069751739502,0.46005886793136597,16.298372268676758,850.2468872070312,0.02555946074426174,0.24576811492443085,6.609516143798828,114.875,75.40816497802734,0.7959223389625549,12.194154739379883,0.0002088449546135962,0.125,1.7452518939971924,0.07162289851322293,2.3373446464538574,1.3392591872271165,0.0416666679084301,0.023874300215917216,0.31577715277671814,1.172969102859497,0.5767521858215332,-14.162899017333984,0.2607628107070923,0.2663145065307617,0.02083333395421505,0.31114059686660767,8.368285193682823e-07,4.794886729254807e-07,0.4278295934200287,0.9975116848945618,0.5,48
8547,0.2278936356306076,0.5505078434944153,1.0,1.087597131729126,0.8217990398406982,0.00830078125,0.04124584048986435,4.9689106941223145,0.4743862748146057,10.067692756652832,189.51959228515625,0.04803864285349846,0.3655927777290344,6.811807632446289,82.82353210449219,64.32762908935547,1.0529859066009521,12.159646034240723,0.000330980634316802,1.7083333730697632,3.3292412757873535,0.5131299375514469,35.936363220214844,10.794160030884042,1.2291667461395264,0.36920326303379747,0.4554852247238159,1.9703824520111084,1.0617907047271729,-15.50101089477539,0.3537735641002655,0.35934019088745117,0.0625,0.2947326600551605,2.713861931624706e-06,8.151592806475988e-07,0.36799466609954834,1.6879385709762573,0.5,48
8718,0.12222156673669815,0.16360659897327423,0.9999999403953552,0.9339110851287842,0.8871514797210693,0.00537109375,0.025301510468125343,4.710681438446045,0.383249968290329,11.342937469482422,452.6092834472656,0.03342986851930618,0.3020125925540924,6.589618682861328,85.63636016845703,66.87356567382812,1.0741443634033203,12.160510063171387,0.00032666142215020955,0.1875,2.0041873455047607,0.09355412780397347,74.02311706542969,36.934230156734394,0.1041666716337204,0.05197451792498996,0.28559935092926025,2.336881399154663,0.8719713091850281,-40.255733489990234,0.14871740341186523,0.2729862630367279,0.2708333432674408,0.7266796231269836,1.1697114814523957e-06,5.836337996243871e-07,1.0415220260620117,1.079531192779541,0.5,48
8740,0.2648842930793762,0.3235892951488495,0.9999999403953552,1.2347990274429321,0.8446910977363586,0.0166015625,0.11833257973194122,7.127797603607178,1.0478718280792236,16.905658721923828,129.9640655517578,0.08450048416852951,0.44363701343536377,7.367182731628418,104.70587921142578,78.29133605957031,1.0418049097061157,12.146503448486328,0.00032132360502146184,1.1875,4.721055507659912,0.2515327336350852,22.239147186279297,4.710630303560291,1.0,0.21181703885059808,0.6173734068870544,2.3337175846099854,1.6737664937973022,-16.20947265625,0.3300494849681854,0.3300494849681854,0.0,0.3204142451286316,6.313180165307131e-06,1.3372391283456857e-06,0.6508379578590393,3.494478225708008,0.5,48
8816,0.13970619440078735,0.18211469054222107,1.0,0.8256402015686035,0.8578130006790161,0.00439453125,0.018724821507930756,4.260937213897705,0.29920679330825806,8.365674018859863,396.4288635253906,0.02823571488261223,0.2813185155391693,6.757027626037598,125.66666412353516,69.74543762207031,0.7045249938964844,12.17876148223877,0.0002332302974537015,0.6875,2.8501901626586914,0.24121197476401787,7.553867340087891,2.650302921029846,0.2708333432674408,0.09502290263488075,0.38040781021118164,2.3836898803710938,1.0866236686706543,-25.495357513427734,0.35438284277915955,0.45822522044181824,0.1875,0.7307593822479248,1.6766971384640783e-06,5.882755314183247e-07,0.9899039268493652,0.7989256381988525,0.5,48
9017,0.2013576477766037,0.2495436817407608,1.0,1.1214247941970825,0.7365595698356628,0.01318359375,0.09425271302461624,7.149242877960205,1.0717343091964722,33.95655822753906,529.5375366210938,0.07016520947217941,0.4010886549949646,6.923980712890625,77.25926208496094,66.40518951416016,0.9455070495605469,12.161033630371094,0.00030395539943128824,1.5208333730697632,4.238097667694092,0.35884811741697137,8.906668663024902,2.101572295018678,1.1041667461395264,0.2605335766447679,0.43637245893478394,2.431033134460449,1.266091227531433,-24.747394561767578,0.32555943727493286,0.47819408774375916,0.1666666716337204,0.8790207505226135,2.648966074048076e-06,6.250365790269734e-07,1.5102618932724,3.2139556407928467,0.5,48
9020,0.16368989646434784,0.3070920705795288,0.9999999403953552,1.1178795099258423,0.8511660695075989,0.00537109375,0.05009777843952179,9.327295303344727,0.8482961058616638,23.48638153076172,493.78363037109375,0.03342986851930618,0.2818099558353424,6.749242782592773,112.54545593261719,80.94290161132812,0.9239356517791748,12.170570373535156,0.00024431938072666526,1.7916667461395264,6.60649299621582,0.2711978570860227,107.71968841552734,16.30512411262339,0.8125,0.12298506926981485,0.5064402222633362,2.6303911209106445,1.5249574184417725,-23.320558547973633,0.2866668403148651,0.33605799078941345,0.125,0.7999982833862305,6.526403012685478e-06,9.878770788896637e-07,1.1622177362442017,2.137505292892456,0.5,48
9072,0.25976046919822693,0.42521047592163086,0.9999999403953552,1.307833194732666,0.7063324451446533,0.005859375,0.032627932727336884,5.568500518798828,0.4497862756252289,9.848955154418945,256.3896484375,0.03595767915248871,0.3186687231063843,5.767777442932129,48.83333206176758,61.36891174316406,0.9742487668991089,12.162739753723145,0.00030134530970826745,2.3125,4.3528289794921875,0.5312636920913777,226.9794921875,52.145281318295034,1.2708333730697632,0.29195573180972173,0.47609055042266846,4.369388103485107,2.1747772693634033,-39.448394775390625,0.3368942141532898,0.3636486232280731,0.1041666716337204,0.4862847924232483,2.351139983147732e-06,5.401406737603128e-07,0.5074938535690308,1.3921252489089966,0.5,48
9097,0.23383167386054993,0.6327272057533264,1.0000001192092896,1.0973471403121948,0.7759764790534973,0.00537109375,0.03162018209695816,5.887103080749512,0.48617982864379883,14.86470890045166,498.3046875,0.03342986851930618,0.3002831041812897,5.842320919036865,56.09090805053711,59.80583190917969,0.7918835282325745,12.16752815246582,0.00027999901794828475,1.3958333730697632,2.6612143516540527,0.524509935457509,6.211169242858887,2.3339605153033944,0.625,0.23485518829514251,0.3830394148826599,1.616105079650879,0.8063387274742126,-15.70046615600586,0.184523344039917,0.3009870648384094,0.3333333432674408,0.6565834283828735,1.740428047014575e-06,6.539976907132082e-07,0.867262065410614,1.3491277694702148,0.5,48
9124,0.17656002938747406,0.20431579649448395,1.0,0.935463547706604,0.7935892343521118,0.0068359375,0.030075741931796074,4.399651527404785,0.37191662192344666,6.597138404846191,172.6696014404297,0.04089350998401642,0.34281936287879944,6.582111358642578,75.5,57.78825759887695,0.6837515830993652,12.160260200500488,0.0002679948811419308,0.2708333432674408,2.0076675415039062,0.134899497212357,16.306472778320312,8.122098086461296,0.1041666716337204,0.05188442257568545,0.3565366864204407,1.9699487686157227,0.8823294043540955,-21.701250076293945,0.31036120653152466,0.31138551235198975,0.0416666679084301,0.24872416257858276,1.415432393514493e-06,7.050133337335751e-07,0.32625728845596313,1.2832316160202026,0.5,48
9128,0.16001936793327332,0.2414293736219406,1.0,0.9073309302330017,0.8327300548553467,0.00439453125,0.022236037999391556,5.059934139251709,0.3554936349391937,8.517142295837402,336.8547058105469,0.02823571488261223,0.2801675498485565,6.529233455657959,93.22222137451172,72.2242431640625,0.8710358142852783,12.175519943237305,0.0002497475943528116,0.5625,3.0597121715545654,0.18384082116972433,4.6401214599609375,1.5165222036026293,0.2708333432674408,0.08851595418031671,0.37497660517692566,2.2381656169891357,1.1207714080810547,-29.68518829345703,0.23271134495735168,0.3491646647453308,0.3125,0.9216194152832031,1.6263910538327764e-06,5.315503411194862e-07,2.0173139572143555,0.948737621307373,0.5,48
9142,0.301079660654068,0.40180090069770813,1.0000001192092896,1.4263362884521484,0.6013975143432617,0.00341796875,0.019035376608371735,5.569207191467285,0.33557364344596863,7.246153354644775,348.36248779296875,0.02282176911830902,0.25065261125564575,5.76708984375,62.28571319580078,65.75013732910156,0.8679502010345459,12.163039207458496,0.00026357470778748393,3.3333334922790527,5.150872230529785,0.647139617645847,147.3836669921875,28.61334160697967,2.125,0.41255148657723967,0.5493578910827637,2.362288475036621,1.536987543106079,-19.966466903686523,0.30824774503707886,0.4418291747570038,0.3333333432674408,0.5362004041671753,2.8033834951202152e-06,5.442541309919731e-07,0.6815715432167053,0.8121760487556458,0.5,48
9175,0.19061720371246338,0.26865509152412415,0.9999998807907104,1.0049225091934204,0.8040837049484253,0.00244140625,0.008444946259260178,3.459049940109253,0.17107389867305756,3.8457114696502686,411.1428527832031,0.01712392456829548,0.2108374387025833,6.039835453033447,97.19999694824219,60.81962585449219,0.8147186040878296,12.159379959106445,0.0002937843673862517,0.4791666865348816,2.6689066886901855,0.17953669447120102,12.828166961669922,4.806525071845178,0.2916666865348816,0.1092832082432939,0.37144678831100464,2.3164637088775635,1.0872266292572021,-31.590599060058594,0.2928919494152069,0.3676374852657318,0.1875,0.7700414061546326,2.417113137198612e-06,9.056566639758724e-07,1.1321017742156982,0.36031773686408997,0.5,48
9277,0.17953866720199585,0.23748977482318878,0.9999999403953552,1.1139780282974243,0.7489462494850159,0.00390625,0.015461641363799572,3.9581801891326904,0.2516380548477173,5.227349758148193,289.21551513671875,0.02555946074426174,0.2702503800392151,5.904031753540039,60.5,58.76070022583008,0.6581245064735413,12.16525650024414,0.00025796450790949166,0.8541666865348816,3.0753722190856934,0.2777441632777002,7.017707824707031,2.281905181537453,0.3541666865348816,0.11516221782368607,0.3849504590034485,2.222475290298462,1.008852243423462,-22.64461898803711,0.13666120171546936,0.29028403759002686,0.3541666865348816,0.8427784442901611,1.5972373148542829e-06,5.1936390000151e-07,1.366959810256958,0.6596966981887817,0.5,48
9428,0.1712242215871811,0.21595080196857452,1.0,0.9354636669158936,0.8270808458328247,0.01025390625,0.05983354151248932,5.835195064544678,0.6268464922904968,10.857644081115723,147.16104125976562,0.057165034115314484,0.3908703625202179,7.271876811981201,118.76190185546875,67.89392852783203,0.8040026426315308,12.160028457641602,0.00027148236404173076,1.875,4.138476848602295,0.453065237299225,25.548505783081055,6.173407912134528,1.5833333730697632,0.3825884322099385,0.5186418890953064,3.1858248710632324,1.9378669261932373,-30.843666076660156,0.3609374761581421,0.3935738801956177,0.0625,0.5441108345985413,3.6202879982738523e-06,8.747875418823889e-07,0.6319531798362732,2.253399610519409,0.5,48
9521,0.20811915397644043,0.8951346278190613,0.9999999403953552,0.9022740721702576,0.889122724533081,0.0546875,0.29063355922698975,5.314442157745361,1.2833503484725952,11.662729263305664,23.94061851501465,0.2120925486087799,0.6115907430648804,8.034370422363281,92.66963958740234,58.099464416503906,0.6992056369781494,12.16365909576416,0.00026279856683686376,0.6041666865348816,1.7749394178390503,0.34038721381632797,5.009749412536621,2.8224903531699,0.3958333432674408,0.22301231076339276,0.2839756906032562,3.3575453758239746,1.1182993650436401,-54.04081726074219,0.35668885707855225,0.423423171043396,0.1041666716337204,0.43244215846061707,9.49833918184595e-07,5.351359619865997e-07,0.47539663314819336,3.0709197521209717,0.5,48
9526,0.08512745052576065,0.1451273262500763,1.0000001192092896,1.0428649187088013,0.8779480457305908,0.03466796875,0.40972596406936646,11.818573951721191,2.566396713256836,26.774900436401367,58.734256744384766,0.15061156451702118,0.5339105129241943,6.523942947387695,89.77465057373047,72.71830749511719,1.0461171865463257,12.1884183883667,0.00026959722163155675,2.1041667461395264,3.1667792797088623,0.664450078026427,41.58013916015625,13.13010328673045,1.5833333730697632,0.49998223059470837,0.42471274733543396,3.133147716522217,1.5157798528671265,-33.274627685546875,0.35613763332366943,0.44749927520751953,0.1875,0.43670257925987244,1.9934498141083168e-06,6.294880797618152e-07,0.5398144125938416,7.716266632080078,0.5,48
9659,0.1349492371082306,0.20638170838356018,1.0000001192092896,0.9546756744384766,0.8584179282188416,0.0048828125,0.02293999306857586,4.698110580444336,0.34324124455451965,7.861181735992432,290.02349853515625,0.03085736557841301,0.2960369288921356,6.64919376373291,101.69999694824219,56.50191116333008,0.6660128235816956,12.163005828857422,0.00026284425985068083,0.2916666865348816,1.942856788635254,0.1501225858435685,16.584848403930664,8.536320543840686,0.1875,0.09650737003967974,0.30659282207489014,3.657349109649658,1.2739065885543823,-55.55807113647461,0.33748897910118103,0.41760653257369995,0.1875,0.5266412496566772,9.704981493996456e-07,4.995211948103254e-07,0.6865063309669495,0.9787731170654297,0.5,48
9667,0.19586940109729767,0.3464812636375427,1.0,1.0024209022521973,0.8348098993301392,0.00634765625,0.03675127401947975,5.78973913192749,0.5402698516845703,17.05257225036621,544.83642578125,0.03844451159238815,0.3178708851337433,6.693437576293945,85.15384674072266,58.13336181640625,0.7096570730209351,12.160499572753906,0.00025879056192934513,0.875,3.038449764251709,0.28797579851899635,48.996849060058594,16.125607694840124,0.5208333730697632,0.17141417886297985,0.37326380610466003,3.1258463859558105,1.3142458200454712,-36.54496383666992,0.38906329870224,0.45131194591522217,0.1041666716337204,0.6430792212486267,2.1225266664259834e-06,6.985557847335839e-07,0.8584631085395813,1.5680543184280396,0.5,48
9670,0.2524736523628235,0.32718735933303833,1.0000001192092896,1.2417460680007935,0.7923840284347534,0.00244140625,0.019029691815376282,7.794561862945557,0.4069209098815918,10.598922729492188,540.2482299804688,0.01712392456829548,0.20272213220596313,6.174295425415039,126.80000305175781,79.3507308959961,1.251487135887146,12.159711837768555,0.0003119664324913174,1.3958333730697632,3.8790364265441895,0.35984023246590147,48.079036712646484,12.394582391569338,1.0,0.2577959800993502,0.5657515525817871,1.5677850246429443,1.2206510305404663,-12.362298965454102,0.4411061406135559,0.4411061406135559,0.0,0.25352832674980164,2.568935087765567e-06,6.622611387621345e-07,0.3457590937614441,0.8119335174560547,0.5,48
9701,0.35930243134498596,0.6480332612991333,1.0,1.9483745098114014,0.656429648399353,0.00439453125,0.06279900670051575,14.290263175964355,1.0928212404251099,36.2907600402832,651.528076171875,0.02823571488261223,0.2703731954097748,5.84744930267334,55.55555725097656,88.30358123779297,1.42589271068573,12.154980659484863,0.0003279558150097728,2.2916667461395264,5.382185935974121,0.42578736021814606,17.898818969726562,3.3255668141891106,1.4583333730697632,0.2709555908525601,0.7009629011154175,3.0125675201416016,2.196014165878296,-16.622943878173828,0.3636806905269623,0.3636806905269623,0.0,0.30233073234558105,5.277185664454009e-06,9.804911456842825e-07,0.4768233299255371,2.679424285888672,0.5,48
9886,0.21688048541545868,0.3093346059322357,0.9999999403953552,1.1607550382614136,0.7438318729400635,0.01318359375,0.07703573256731033,5.843303203582764,0.7080886960029602,11.242124557495117,112.54666137695312,0.07016520947217941,0.4243420660495758,6.380443572998047,57.74074172973633,67.78783416748047,0.7871813178062439,12.168866157531738,0.0002472979249432683,2.3541667461395264,3.6745715141296387,0.640664287163967,93.390625,25.415378197630965,1.4166667461395264,0.38553250000354233,0.5104378461837769,1.689854621887207,1.153012752532959,-13.032129287719727,0.3255418539047241,0.3656129240989685,0.1041666716337204,0.2897167503833771,2.904320353991352e-06,7.903834052268914e-07,0.6212155818939209,2.380465269088745,0.5,48
9912,0.13146691024303436,0.7543395161628723,1.0,0.8421839475631714,0.9178533554077148,0.01611328125,0.068588025867939,4.256614685058594,0.5617567300796509,9.763813018798828,96.10580444335938,0.08250018209218979,0.4532134234905243,7.487373352050781,109.03030395507812,55.408302307128906,0.6070006489753723,12.163798332214355,0.00024319509975612164,0.9791666865348816,1.7468037605285645,0.5605476144802436,14.762723922729492,8.4512777976558,0.3333333432674408,0.19082472163806793,0.3260173201560974,2.2848639488220215,0.9335038661956787,-35.029720306396484,0.24448774755001068,0.24744683504104614,0.0416666679084301,0.2619800567626953,1.3012316912863753e-06,7.449215036286739e-07,0.3370405435562134,1.711419701576233,0.5,48
9913,0.1502484828233719,0.2402438223361969,0.9999999403953552,0.9481064081192017,0.8792702555656433,0.01220703125,0.06257927417755127,5.12649393081665,0.6472916603088379,18.106582641601562,334.1031799316406,0.06591325998306274,0.4078795313835144,7.356393814086914,100.80000305175781,54.7943115234375,0.8283241391181946,12.1603422164917,0.0002955876989290118,0.6041666865348816,2.4116902351379395,0.2505158727381781,9.588884353637695,3.9760016332815775,0.3333333432674408,0.13821565349839338,0.3684487044811249,2.771757125854492,1.254384994506836,-38.125484466552734,0.3086331784725189,0.31683629751205444,0.0416666679084301,0.532844066619873,1.991676072066184e-06,8.25842404961201e-07,0.6344683170318604,2.005054235458374,0.5,48
9917,0.2332688421010971,0.29854103922843933,0.9999999403953552,1.1549574136734009,0.7877984642982483,0.01025390625,0.050328176468610764,4.908195495605469,0.5206073522567749,8.209737777709961,138.6363983154297,0.057165034115314484,0.3927665054798126,7.121862411499023,93.52381134033203,64.4485092163086,0.8170764446258545,12.154029846191406,0.00025878785527311265,0.6875,2.909684658050537,0.23627989917567904,44.71482467651367,15.367584387236095,0.4166666865348816,0.14319994572265612,0.409085214138031,1.9840130805969238,1.0487899780273438,-25.243785858154297,0.34712833166122437,0.3471665382385254,0.02083333395421505,0.30810824036598206,2.026273023147951e-06,6.963892154353399e-07,0.31814080476760864,1.7912135124206543,0.5,48
9925,0.126582071185112,0.17542970180511475,0.9999999403953552,0.906754195690155,0.86711585521698,0.00537109375,0.028752075508236885,5.353113651275635,0.4272230863571167,10.453286170959473,343.7060241699219,0.03342986851930618,0.30333930253982544,6.637673377990723,94.90908813476562,55.95850372314453,0.7298935651779175,12.161426544189453,0.00027064222376793623,0.2708333432674408,1.9713060855865479,0.13738776736590788,7.972949028015137,4.044500773302202,0.2291666716337204,0.11625118602676136,0.32604241371154785,2.3802058696746826,0.992580771446228,-34.37357711791992,0.350944459438324,0.3989686667919159,0.0833333358168602,0.28968000411987305,1.134160129367956e-06,5.753343592388653e-07,0.4214729070663452,1.2267552614212036,0.5,48
9971,0.132395938038826,0.17213277518749237,1.0,0.8906041383743286,0.8893783688545227,0.00390625,0.015226919203996658,3.8980913162231445,0.24462036788463593,4.565347671508789,262.4793701171875,0.02555946074426174,0.271963506937027,6.490194797515869,104.375,61.387413024902344,0.6778804659843445,12.164716720581055,0.0002421133394818753,0.4791666865348816,2.1922574043273926,0.21857227322088676,18.66588592529297,8.514459024429783,0.3125,0.14254712879868547,0.31583306193351746,2.0217092037200928,0.8575772047042847,-28.588327407836914,0.2059529721736908,0.23673032224178314,0.125,0.7580051422119141,1.2272379308342352e-06,5.598055788584319e-07,1.062902569770813,0.6496819853782654,0.5,48
10030,0.1312892884016037,0.1822769194841385,1.0,0.8650168180465698,0.8870553970336914,0.00390625,0.015928633511066437,4.077730178833008,0.2599894404411316,5.802520751953125,300.9715881347656,0.02555946074426174,0.2699727416038513,6.3253021240234375,86.375,62.03401184082031,0.6667163372039795,12.167258262634277,0.0002390951558481902,0.3333333432674408,2.5637459754943848,0.13001808492472855,1.0308024883270264,0.40206888442118793,0.1875,0.07313517059056188,0.30896562337875366,1.7859227657318115,0.661712646484375,-19.272619247436523,0.17532262206077576,0.39575058221817017,0.3541666865348816,0.8719838261604309,1.0501439646759536e-06,4.0961310933986586e-07,1.6216093301773071,0.679621696472168,0.5,48
10104,0.21209660172462463,0.42409348487854004,1.0000001192092896,1.0164865255355835,0.7453970909118652,0.01220703125,0.06858012080192566,5.618083477020264,0.6985468864440918,15.074045181274414,203.0789337158203,0.06591325998306274,0.40699702501296997,7.205256462097168,99.16000366210938,71.52861022949219,0.8665840029716492,12.166152000427246,0.00025670434115454555,1.25,3.011803150177002,0.4150337633374879,31.39653778076172,10.424498584733726,0.8333333730697632,0.2766891887518933,0.4114711284637451,2.249105930328369,1.237323522567749,-27.442319869995117,0.26354339718818665,0.2702937722206116,0.02083333395421505,0.5526867508888245,2.438030833218363e-06,8.094920894747588e-07,0.5670141577720642,2.2855513095855713,0.5,48
10157,0.12098636478185654,0.14758777618408203,1.0,1.0750129222869873,0.8450403809547424,0.0185546875,0.10406161099672318,5.608373165130615,0.8034436106681824,11.32352352142334,77.92625427246094,0.09235962480306625,0.46935632824897766,6.235220909118652,104.10526275634766,58.53171157836914,0.6101459264755249,12.165197372436523,0.00024357205256819725,2.5416667461395264,3.0146281719207764,0.8431111874367533,20.358314514160156,6.753175942642723,2.1458334922790527,0.7118070165826655,0.4391254782676697,2.4428350925445557,1.3271459341049194,-23.920751571655273,0.41311880946159363,0.4435847997665405,0.125,0.26270321011543274,2.2608871859119972e-06,7.499721522776546e-07,0.5232589840888977,2.6110482215881348,0.5,48
10186,0.23007182776927948,0.3036186099052429,1.0,1.1430758237838745,0.7771607041358948,0.05810546875,0.4371785521507263,7.523879528045654,2.040632724761963,26.47209358215332,42.6473388671875,0.22172251343727112,0.6084028482437134,7.818098545074463,83.18487548828125,57.91514205932617,0.7617147564888,12.15791130065918,0.0002553303202148527,1.2708333730697632,2.5431103706359863,0.4997161675506788,20.704357147216797,8.14135214297659,1.1458333730697632,0.45056375916455926,0.4082750976085663,2.763803005218506,1.3286546468734741,-30.706605911254883,0.31492775678634644,0.32545095682144165,0.0625,0.19407665729522705,2.54702672464191e-06,1.0015399819196774e-06,0.3627161979675293,5.260859966278076,0.5,48
10188,0.19606071710586548,0.24545031785964966,0.9999999403953552,1.117956519126892,0.891527533531189,0.00439453125,0.020946741104125977,4.766547203063965,0.3223950266838074,7.189748287200928,270.8417053222656,0.02823571488261223,0.2854018211364746,6.538105010986328,105.66666412353516,84.7557144165039,1.0014379024505615,12.161075592041016,0.00023973852512426674,0.8541666865348816,4.369149684906006,0.19549952420507702,3.226759672164917,0.7385326430740055,0.75,0.1716581148213863,0.5556599497795105,1.916653037071228,1.4340903759002686,-15.502365112304688,0.4327424168586731,0.4327424168586731,0.0,0.38936445116996765,7.583972546854056e-06,1.73580057366682e-06,0.46491727232933044,0.8937276005744934,0.5,48
10208,0.17544342577457428,0.24305549263954163,0.9999999403953552,0.9648669362068176,0.8691045045852661,0.0205078125,0.12687456607818604,6.1866455078125,0.98005610704422,15.158162117004395,102.70649719238281,0.10000890493392944,0.47625258564949036,7.581450939178467,99.9047622680664,60.169822692871094,0.8551973104476929,12.157299041748047,0.00033615846768952906,1.7916667461395264,2.825641393661499,0.634074353461081,22.012969970703125,7.790432976448626,1.125,0.39813969265251137,0.4221682548522949,2.3857076168060303,1.195793628692627,-23.031904220581055,0.41877615451812744,0.46156638860702515,0.1041666716337204,0.30674251914024353,1.77810977675108e-06,6.29276515571645e-07,0.34930241107940674,3.0871622562408447,0.5,48
10265,0.13394705951213837,0.17692068219184875,1.0,0.8569081425666809,0.8650161623954773,0.015625,0.07275024801492691,4.656015872955322,0.6102091073989868,9.050786972045898,96.54705810546875,0.08048483729362488,0.44785404205322266,7.402220726013184,115.25,64.19689178466797,0.9254356622695923,12.173318862915039,0.00029199293931014836,0.6041666865348816,2.117805242538452,0.2852796241820219,5.922868728637695,2.7967013121430324,0.4583333432674408,0.2164190228152808,0.3394673764705658,1.4050796031951904,0.6832579374313354,-16.194705963134766,0.220819890499115,0.31928715109825134,0.2708333432674408,0.4405522048473358,1.2454178204279742e-06,5.880700404039449e-07,0.49715396761894226,1.9049714803695679,0.5,48
10356,0.3297966420650482,0.7772597074508667,0.9999999403953552,2.083672523498535,0.5836827754974365,0.00244140625,0.11581407487392426,47.43744659423828,2.342125654220581,48.89271545410156,405.30340576171875,0.01712392456829548,0.21105614304542542,4.585190296173096,34.400001525878906,75.42605590820312,0.93803471326828,12.160922050476074,0.00027902942383661866,1.7916667461395264,6.449326515197754,0.2778067972119909,71.55022430419922,11.094216430917227,0.9166666865348816,0.14213370697753192,0.5999655723571777,2.2192118167877197,1.5760037899017334,-15.449600219726562,0.28982505202293396,0.3819478452205658,0.1458333432674408,0.9236406087875366,3.3030771646735957e-06,5.121584636424211e-07,2.062711477279663,4.941400527954102,0.5,48
10511,0.15224967896938324,0.2886548936367035,1.0,0.8899111151695251,0.8501068353652954,0.00830078125,0.05002564191818237,6.026618480682373,0.6074914932250977,14.105313301086426,250.8336181640625,0.04803864285349846,0.35815078020095825,6.963069915771484,98.82353210449219,63.683372497558594,0.9576942920684814,12.170616149902344,0.00027291005244478583,0.4791666865348816,2.0428614616394043,0.23455662226100357,5.709994316101074,2.7950961900117397,0.2083333432674408,0.10198114074776322,0.33914053440093994,2.9344489574432373,1.1464874744415283,-36.145790100097656,0.28011584281921387,0.28175434470176697,0.0416666679084301,0.33700862526893616,1.623472485334787e-06,7.947051270353364e-07,0.33690279722213745,2.068082571029663,0.5,48
10526,0.23578594624996185,0.5014926195144653,1.0000001192092896,1.1250749826431274,0.6660394668579102,0.01123046875,0.07186443358659744,6.399059295654297,0.7355262041091919,14.76156997680664,169.18032836914062,0.06158214434981346,0.4002959430217743,6.286924839019775,53.69565200805664,69.12757110595703,0.7300513982772827,12.170370101928711,0.00023417104966938496,2.0833334922790527,2.997323989868164,0.6950644949864236,58.45631408691406,19.502834558254374,1.375,0.458742531691762,0.44481801986694336,2.991576671600342,1.4424614906311035,-27.71299171447754,0.3628264367580414,0.4596730172634125,0.1666666716337204,0.4236244261264801,2.27893815463176e-06,7.603242608179823e-07,0.36823898553848267,2.491763114929199,0.5,48
10552,0.1377372294664383,0.17725910246372223,1.0,0.9209414720535278,0.863747239112854,0.01123046875,0.05883892625570297,5.239222526550293,0.5872573256492615,9.275686264038086,131.65692138671875,0.06158214434981346,0.4031519591808319,6.917581558227539,72.56521606445312,54.68901824951172,0.6810099482536316,12.160980224609375,0.0002826074487529695,0.4375,2.086766004562378,0.20965455491748053,5.363696098327637,2.5703390130457313,0.2708333432674408,0.12978615780468233,0.3286832571029663,2.9111745357513428,1.139099359512329,-38.18522644042969,0.2207145392894745,0.2644340395927429,0.1666666716337204,0.3249305188655853,1.541455617370957e-06,7.386815803084757e-07,0.3885946571826935,2.019462823867798,0.5,48
10577,0.14905205368995667,0.17991282045841217,0.9999999403953552,0.8241831064224243,0.8653258681297302,0.0146484375,0.06364725530147552,4.3449859619140625,0.5496395826339722,8.821293830871582,103.1186294555664,0.07640714943408966,0.43996697664260864,7.3344831466674805,99.83333587646484,71.4730224609375,0.9598256945610046,12.17692756652832,0.0002974496746901423,0.5208333730697632,1.8883209228515625,0.27581824890499423,29.475635528564453,15.609441708647033,0.2708333432674408,0.1434254837489166,0.333980530500412,2.496953010559082,1.057697057723999,-34.10757064819336,0.27702999114990234,0.3757163882255554,0.1875,0.4173879325389862,1.1412400908739073e-06,6.043676533048412e-07,0.49687784910202026,1.7308708429336548,0.5,48
10620,0.17113731801509857,0.2821516692638397,1.0,1.0237679481506348,0.7734058499336243,0.01220703125,0.09480349719524384,7.766302585601807,1.0272114276885986,20.837360382080078,222.10960388183594,0.06591325998306274,0.3963506519794464,7.0962324142456055,107.27999877929688,71.74959564208984,0.9585297107696533,12.174074172973633,0.0002594203397165984,1.4375,3.002946615219116,0.4786964869530806,14.423070907592773,4.802972782288585,0.8125,0.270567579582176,0.4326432943344116,2.602882146835327,1.3447861671447754,-27.45794677734375,0.3269804120063782,0.38825392723083496,0.1458333432674408,0.594569206237793,2.1728383217123337e-06,7.23568745266589e-07,0.6192994117736816,3.413942575454712,0.5,48
10635,0.1193290501832962,0.14051997661590576,1.0,0.9172989726066589,0.8811343312263489,0.00390625,0.01643744297325611,4.2079854011535645,0.26683807373046875,5.802853107452393,287.9648742675781,0.02555946074426174,0.27065780758857727,6.600193977355957,112.625,60.34324264526367,0.7128896713256836,12.170982360839844,0.0002370685979258269,0.3125,2.0330007076263428,0.15371366930202737,14.321557998657227,7.044541536305287,0.1666666716337204,0.08198062607096092,0.29153066873550415,4.323944091796875,1.4119844436645508,-66.87281036376953,0.21720707416534424,0.30184754729270935,0.2291666716337204,0.7207566499710083,1.3107157883496257e-06,6.447197863658255e-07,1.097892165184021,0.7013309597969055,0.5,48
10675,0.16026370227336884,0.39875516295433044,1.0000001192092896,0.8659132719039917,0.9029167890548706,0.00341796875,0.01298871822655201,3.8001277446746826,0.22310581803321838,4.371831893920898,300.98876953125,0.02282176911830902,0.2544717490673065,6.432697296142578,105.14286041259766,60.4549674987793,0.9290680289268494,12.163019180297852,0.000264058297034353,0.7083333730697632,1.8000115156173706,0.39351602086370974,76.90422821044922,42.724297659189986,0.1666666716337204,0.0925920024742935,0.3099918067455292,3.087069272994995,1.0988012552261353,-46.37677001953125,0.2645328640937805,0.34841686487197876,0.1875,0.393879234790802,9.700918326416286e-07,5.389364561479155e-07,0.4404144585132599,0.5541853308677673,0.5,48
10688,0.1975981444120407,0.3184492886066437,0.9999999403953552,1.0814013481140137,0.7984620928764343,0.00537109375,0.02970675379037857,5.530857563018799,0.4455486536026001,10.469229698181152,336.97967529296875,0.03342986851930618,0.3015397787094116,5.920061111450195,90.63636016845703,64.11062622070312,0.9290594458580017,12.159412384033203,0.00029302434995770454,0.8333333730697632,3.6469171047210693,0.22850351320186224,27.098033905029297,7.430394783486014,0.4791666865348816,0.13138951927387857,0.4519537389278412,2.5448567867279053,1.3329776525497437,-25.126008987426758,0.5421616435050964,0.5717085003852844,0.0833333358168602,0.5443634986877441,3.1412896532856394e-06,8.613548250399153e-07,0.5972527861595154,1.2674881219863892,0.5,48
10794,0.26781925559043884,0.6165844798088074,0.9999999403953552,1.2694536447525024,0.8491300344467163,0.0029296875,0.012177938595414162,4.156736373901367,0.22756680846214294,5.2681779861450195,372.8097839355469,0.020013848319649696,0.23336783051490784,6.459229946136475,141.5,82.65422058105469,1.0687650442123413,12.15404987335205,0.0002971030480694026,0.6875,4.220057487487793,0.16291247226116465,14.073858261108398,3.3349920633751053,0.5833333730697632,0.1382287737588937,0.5709319114685059,1.9131659269332886,1.4240753650665283,-15.502386093139648,0.4693029820919037,0.47462543845176697,0.0416666679084301,0.2797880470752716,1.3715008208237123e-05,3.2499576644161104e-06,0.39645177125930786,0.5195920467376709,0.5,48
10851,0.16771726310253143,0.2870770990848541,1.0,0.9139018058776855,0.8377740383148193,0.00390625,0.02108880504965782,5.398734092712402,0.3684181272983551,10.836494445800781,489.6449890136719,0.02555946074426174,0.261380136013031,6.036454200744629,68.0,61.87398147583008,0.8308082222938538,12.155338287353516,0.0002861912944354117,0.5,2.310472011566162,0.21640599640807298,1.3162496089935303,0.5696886163119628,0.25,0.10820299820403649,0.35656970739364624,1.6208512783050537,0.7945750951766968,-18.45790672302246,0.25111493468284607,0.30818861722946167,0.1458333432674408,0.4202113449573517,1.535010937914194e-06,6.643711430332237e-07,0.5458542108535767,0.899789035320282,0.5,48
11115,0.13319237530231476,0.16465076804161072,1.0,0.917411208152771,0.8530133962631226,0.00732421875,0.03721005097031593,5.0804123878479,0.478232204914093,10.536540031433105,274.4333190917969,0.0433073565363884,0.34282630681991577,6.98912239074707,115.86666870117188,54.732418060302734,0.7817163467407227,12.16227912902832,0.0002721052442211658,0.5208333730697632,2.5257086753845215,0.20621276558284865,829.070556640625,328.25264506480676,0.1041666716337204,0.041242551936610916,0.3389938771724701,2.8055026531219482,1.189054012298584,-41.064170837402344,0.26498231291770935,0.433663010597229,0.2291666716337204,0.5728746652603149,2.5307990654255264e-06,1.002015426430792e-06,0.6214420199394226,1.587628960609436,0.5,48
11149,0.18749137222766876,0.5813226103782654,1.0,0.8580465912818909,0.8911782503128052,0.0068359375,0.03163587674498558,4.6278767585754395,0.40054723620414734,8.154159545898438,216.12782287597656,0.04089350998401642,0.34011030197143555,6.867466926574707,93.07142639160156,60.656009674072266,0.7098191976547241,12.160113334655762,0.00025373499374836683,0.3958333432674408,2.8483290672302246,0.13897036913036662,560.4742431640625,196.77299496204262,0.2708333432674408,0.09508499050636553,0.4026915431022644,1.8376455307006836,1.0113164186477661,-19.43583869934082,0.2530396580696106,0.35296010971069336,0.2291666716337204,0.7205809354782104,2.0306233636802062e-06,7.129174012627878e-07,1.1415989398956299,1.3497973680496216,0.5,48
11229,0.16917850077152252,0.2420336902141571,0.9999999403953552,0.9060379266738892,0.7861340045928955,0.00439453125,0.022245699539780617,5.062132358551025,0.35181376338005066,7.795496940612793,313.6808166503906,0.02823571488261223,0.28162458539009094,6.224816799163818,73.22222137451172,77.3089599609375,0.8990015387535095,12.175329208374023,0.00026676643756218255,0.9166666865348816,2.8702731132507324,0.3193656656258235,10.360498428344727,3.60958626007372,0.2708333432674408,0.09435803898714282,0.40303999185562134,3.455177068710327,1.5268924236297607,-38.14753341674805,0.3469158411026001,0.45394498109817505,0.1458333432674408,0.6493363976478577,1.7467949646743364e-06,6.085814449239593e-07,0.8175464272499084,0.9491497874259949,0.5,48
11344,0.17120324075222015,0.2618078887462616,1.0,0.9006320238113403,0.8368827104568481,0.0048828125,0.020341206341981888,4.165879249572754,0.29791101813316345,5.921233177185059,244.03790283203125,0.03085736557841301,0.2987113893032074,6.42379093170166,82.80000305175781,93.2657699584961,1.1614160537719727,12.19676399230957,0.00025500362971797585,0.4583333432674408,2.4830451011657715,0.18458518582944983,17.336681365966797,6.982024324893297,0.2083333432674408,0.08390235937744596,0.31805258989334106,2.993131399154663,1.09016752243042,-41.232425689697266,0.15778249502182007,0.21342627704143524,0.1666666716337204,0.8198065757751465,1.1857391655212268e-06,4.775342824780702e-07,1.208057165145874,0.8678914904594421,0.5,48
11380,0.17017368972301483,0.24803076684474945,1.0,1.011188268661499,0.8127615451812744,0.0029296875,0.012388632632791996,4.228653430938721,0.23052704334259033,5.003632068634033,356.7132568359375,0.020013848319649696,0.23384587466716766,6.064597129821777,87.83333587646484,74.09099578857422,0.9837204217910767,12.175165176391602,0.00026839625206775963,0.3541666865348816,2.59883451461792,0.13627904477179095,57.066505432128906,21.958499046998313,0.1041666716337204,0.040082071654421694,0.3585803508758545,2.731633186340332,1.1237752437591553,-33.14064025878906,0.28969088196754456,0.3380906581878662,0.125,0.6778497695922852,1.3915284853283083e-06,5.354432812658168e-07,0.8631776571273804,0.5285816788673401,0.5,48
11398,0.16791199147701263,0.2101811319589615,1.0,0.8870023488998413,0.8459101915359497,0.00439453125,0.01725567877292633,3.9266254901885986,0.2717859447002411,7.279184341430664,355.24395751953125,0.02823571488261223,0.28304290771484375,6.356322288513184,85.66666412353516,62.547054290771484,0.8990243673324585,12.165130615234375,0.00026076906942762434,0.2291666716337204,2.0660877227783203,0.11091817060718627,8.529921531677246,4.128537910733755,0.1458333432674408,0.0705842936646911,0.31654760241508484,2.1953911781311035,0.8662216067314148,-28.8992919921875,0.23154005408287048,0.23520267009735107,0.02083333395421505,0.730216383934021,9.043372983796871e-07,4.3770517777751965e-07,1.0316964387893677,0.7362422943115234,0.5,48
11409,0.14550621807575226,0.23322027921676636,1.0000001192092896,0.9597356915473938,0.8386819362640381,0.00341796875,0.013110484927892685,3.8357532024383545,0.2268875539302826,5.132788181304932,322.43304443359375,0.02282176911830902,0.2535490393638611,6.145931720733643,82.14286041259766,60.16704177856445,0.6979596614837646,12.160552024841309,0.00025544135132804513,0.6666666865348816,3.113271713256836,0.21413700627373203,16.799972534179688,5.396243575104652,0.2708333432674408,0.0869931593969955,0.3705131709575653,1.4900768995285034,0.7532790899276733,-16.7958927154541,0.33878833055496216,0.4411262273788452,0.1458333432674408,0.7700278759002686,1.8178443497163244e-06,5.839016029781855e-07,1.0362911224365234,0.5593807101249695,0.5,48
11462,0.1690233051776886,0.21580550074577332,1.0,1.0804193019866943,0.8058130741119385,0.00341796875,0.015163643285632133,4.436448574066162,0.2678261995315552,6.8999128341674805,381.39898681640625,0.02282176911830902,0.2509804666042328,5.888284683227539,63.28571319580078,60.28664016723633,0.7107685804367065,12.162507057189941,0.0002596452832221985,0.875,3.852581024169922,0.22712046605621308,60.34055709838867,15.662371943174367,0.5208333730697632,0.1351907639191247,0.4247962236404419,1.4667978286743164,0.8922473788261414,-15.489524841308594,0.2922014594078064,0.43064650893211365,0.1875,0.8701252341270447,2.068973344648839e-06,5.370356460508871e-07,1.4163752794265747,0.6469821929931641,0.5,48
11487,0.1684340387582779,0.8839253783226013,1.0000001192092896,0.8695682287216187,0.9202279448509216,0.02001953125,0.08524549007415771,4.258116245269775,0.6135461926460266,8.365442276000977,60.89826202392578,0.09811511635780334,0.4837273955345154,7.648881912231445,107.36585235595703,73.56520080566406,0.9310355186462402,12.172750473022461,0.0002501932031009346,0.7291666865348816,5.513214111328125,0.13225800240808105,1.7086610794067383,0.30992104456757874,0.2083333432674408,0.037788001460254114,0.3565157353878021,1.7473247051239014,0.7945095896720886,-18.4140625,0.14303843677043915,0.30907687544822693,0.3541666865348816,0.9935133457183838,1.3219805623521097e-06,2.397840049850352e-07,4.1835784912109375,1.7320324182510376,0.5,48
11574,0.21254172921180725,0.32313594222068787,1.0000001192092896,1.1109164953231812,0.8154972791671753,0.0498046875,0.3107757866382599,6.239890098571777,1.5428098440170288,16.298873901367188,40.91804504394531,0.19793975353240967,0.5906399488449097,7.819944858551025,84.60784149169922,66.59684753417969,0.8498559594154358,12.166276931762695,0.0002837155479937792,1.7291667461395264,2.7280948162078857,0.6338367455295195,2.809025526046753,1.029665647638562,1.5416667461395264,0.5651074630285042,0.43425819277763367,1.8868236541748047,1.0638554096221924,-19.06395721435547,0.3052784204483032,0.32148951292037964,0.0833333358168602,0.27392837405204773,2.293026909683249e-06,8.405231693762672e-07,0.42445898056030273,4.342016220092773,0.5,48
11639,0.15247459709644318,0.24677971005439758,1.0,0.9047213792800903,0.8468616008758545,0.009765625,0.04201335459947586,4.3021674156188965,0.47829633951187134,13.807479858398438,373.77667236328125,0.05492175742983818,0.3807121813297272,6.939701080322266,86.44999694824219,64.60415649414062,0.7061726450920105,12.173300743103027,0.00024433076032437384,0.6041666865348816,2.2373595237731934,0.2700355832019475,22.246654510498047,9.943263107552585,0.3541666865348816,0.1582967248619168,0.3551797866821289,3.3296115398406982,1.3456101417541504,-40.111717224121094,0.25779664516448975,0.25779664516448975,0.0,0.3215809166431427,1.925137667058152e-06,8.604507402578723e-07,0.4319731891155243,1.521457314491272,0.5,48
11723,0.2636754512786865,0.4567488133907318,1.0000001192092896,1.298084020614624,0.7096181511878967,0.0029296875,0.013884274289011955,4.739165782928467,0.2706737816333771,8.189947128295898,536.1119995117188,0.020013848319649696,0.22826598584651947,5.959500312805176,80.66666412353516,60.49835968017578,0.6062647104263306,12.164691925048828,0.0002340274804737419,1.3333333730697632,3.576493740081787,0.37280461430675577,8.542563438415527,2.3885302297033726,0.8958333730697632,0.25047810388296565,0.4844856262207031,1.915306806564331,1.1642593145370483,-15.667327880859375,0.38391345739364624,0.4322957396507263,0.1041666716337204,0.42749109864234924,3.9916462810651865e-06,1.1160780809344083e-06,0.38934844732284546,0.5923957228660583,0.5,48
11794,0.16446593403816223,0.2235127091407776,1.0,0.9496273398399353,0.8697450160980225,0.01025390625,0.05048374459147453,4.923367023468018,0.522550642490387,8.608407020568848,140.736083984375,0.057165034115314484,0.3927555978298187,6.960048198699951,77.33333587646484,66.53314208984375,0.7314165830612183,12.173840522766113,0.000250867975410074,0.5,2.816621780395508,0.1775176211818593,12.50662899017334,4.440294054679301,0.3125,0.11094851323866205,0.32763785123825073,3.1015167236328125,1.1851909160614014,-42.68754959106445,0.19528400897979736,0.3349705934524536,0.3333333432674408,0.8790308237075806,1.8754860775516136e-06,6.65863654093317e-07,1.765095591545105,1.787418246269226,0.5,48
11822,0.16484865546226501,0.24569162726402283,1.0,0.9065093398094177,0.8114107847213745,0.00830078125,0.04524803161621094,5.451056957244873,0.5306354761123657,11.097063064575195,202.80599975585938,0.04803864285349846,0.3627394139766693,6.922699928283691,97.17646789550781,62.73554229736328,0.9003864526748657,12.160844802856445,0.00028606795240193605,1.0,5.186103343963623,0.19282299864612654,3.7611136436462402,0.7252292110167271,0.3541666865348816,0.0682914825182186,0.45884642004966736,2.4685850143432617,1.4312567710876465,-24.904956817626953,0.2607722878456116,0.4234749972820282,0.2708333432674408,0.9389581680297852,2.2907959191798e-06,4.417181384225588e-07,1.8414230346679688,1.864731788635254,0.5,48
12016,0.16502220928668976,0.8092085719108582,0.9999999403953552,0.8678476214408875,0.9172700047492981,0.01953125,0.0797606110572815,4.083743095397949,0.5768998861312866,7.2715606689453125,57.0638542175293,0.09620917588472366,0.48134854435920715,7.4867658615112305,83.7750015258789,55.71257781982422,0.7186130881309509,12.164469718933105,0.00024257671611849219,1.1666667461395264,2.053114891052246,0.5682423061376621,16.534072875976562,8.05316490933004,0.4375,0.21309085028596111,0.3428173065185547,3.367682456970215,1.252990484237671,-44.513824462890625,0.18281666934490204,0.21493594348430634,0.2083333432674408,0.3488057255744934,1.6963258531177416e-06,8.262206134923838e-07,0.5611542463302612,1.6247515678405762,0.5,48
12031,0.15974675118923187,0.5190038681030273,1.0,0.8178563714027405,0.8945974111557007,0.01025390625,0.041660770773887634,4.062917232513428,0.4201184809207916,7.288667678833008,120.87987518310547,0.057165034115314484,0.3962138295173645,7.122793674468994,88.66666412353516,57.65626525878906,0.6155747771263123,12.155557632446289,0.0002609260263852775,0.375,2.1109092235565186,0.17764856680653654,4.843293190002441,2.2944109168741122,0.1875,0.08882428340326827,0.3484485149383545,2.520857095718384,1.0530858039855957,-34.14265823364258,0.2752269506454468,0.2850385904312134,0.0416666679084301,0.18622907996177673,1.831938561736024e-06,8.678433599200867e-07,0.4011765718460083,1.4406474828720093,0.5,48
12047,0.1849956065416336,0.2910778522491455,1.0,1.0821822881698608,0.8137086033821106,0.02197265625,0.15276943147182465,6.952706336975098,1.2466012239456177,30.162742614746094,220.71463012695312,0.1056201159954071,0.4758469760417938,7.2468061447143555,82.84444427490234,61.773433685302734,0.782599687576294,12.16731071472168,0.0002621669555082917,0.7916666865348816,2.3441407680511475,0.33772147728817337,8.20082950592041,3.4984372878570666,0.4583333432674408,0.1955229598661247,0.32745808362960815,2.550448417663574,0.9555810689926147,-30.331418991088867,0.24115848541259766,0.25653696060180664,0.0833333358168602,0.5991706252098083,1.3565831977757625e-06,5.78712341203154e-07,0.5973802804946899,3.8609447479248047,0.5,48
12051,0.15822231769561768,0.1875283569097519,1.0000001192092896,0.9722374081611633,0.9235725402832031,0.01025390625,0.049820899963378906,4.858724117279053,0.5632384419441223,15.809598922729492,352.0228271484375,0.057165034115314484,0.38416263461112976,7.181612968444824,120.52381134033203,78.91334533691406,1.0101356506347656,12.160377502441406,0.00029373596771620214,0.6666666865348816,4.3825201988220215,0.15211947801013678,72.19310760498047,16.47296627626625,0.4791666865348816,0.10933587609483651,0.5595740079879761,2.0867936611175537,1.4795267581939697,-16.73685646057129,0.4093055725097656,0.4103505611419678,0.02083333395421505,0.39886993169784546,4.12790359405335e-06,9.419017819344844e-07,0.5726549029350281,1.7869892120361328,0.5,48
12097,0.3336784541606903,0.8013830780982971,1.0,1.4500685930252075,0.7355815172195435,0.0703125,0.5960705876350403,8.477448463439941,2.4288008213043213,24.187698364257812,24.527912139892578,0.25444653630256653,0.6374585628509521,7.401461124420166,83.375,75.88719177246094,1.0859380960464478,12.155566215515137,0.00029082660330459476,1.375,9.703078269958496,0.14170760663036527,159.7502899169922,16.46387726737741,0.7083333730697632,0.0730008923593671,0.5758563280105591,2.249443769454956,1.5268176794052124,-16.976913452148438,0.584667444229126,0.599025309085846,0.0625,0.6329278945922852,3.543402999639511e-05,3.6518338793147067e-06,0.7696407437324524,5.8743767738342285,0.5,48
12126,0.12319876998662949,0.14959165453910828,1.0,0.8514261841773987,0.8880249261856079,0.01904296875,0.09800686687231064,5.1466169357299805,0.7330639958381653,9.402116775512695,67.15077209472656,0.09429078549146652,0.47526535391807556,7.3437581062316895,84.07691955566406,57.85560989379883,0.6908100843429565,12.1602783203125,0.00026735078427009284,0.75,2.390979290008545,0.31367900173678614,4.388438701629639,1.8354147614803504,0.4791666865348816,0.2004060371970469,0.38889428973197937,3.3605899810791016,1.5840721130371094,-41.639381408691406,0.2476438283920288,0.25647327303886414,0.02083333395421505,0.3212231695652008,2.790742200886598e-06,1.1671963035717725e-06,0.5247385501861572,2.2069251537323,0.5,48
12198,0.20459194481372833,0.28963086009025574,0.9999998807907104,0.9298037886619568,0.776638925075531,0.01025390625,0.04488513991236687,4.3773698806762695,0.4540797770023346,6.905263900756836,116.48702239990234,0.057165034115314484,0.39552542567253113,6.7093400955200195,63.619049072265625,56.58032989501953,0.7634354829788208,12.157876014709473,0.0002917007659561932,0.7708333730697632,2.33851957321167,0.32962451056797143,25.426620483398438,10.872955978618785,0.3541666865348816,0.1514491001390192,0.3901052474975586,2.3064980506896973,1.1021300554275513,-28.74724578857422,0.28893089294433594,0.3195459246635437,0.125,0.24081967771053314,1.5923778846627101e-06,6.80934167109165e-07,0.34979620575904846,1.581769585609436,0.5,48
12210,0.23382674157619476,0.27375274896621704,1.0,1.2777098417282104,0.72930908203125,0.01953125,0.19005858898162842,9.730999946594238,1.6583836078643799,27.405845642089844,133.56956481933594,0.09620917588472366,0.4530613422393799,7.335715293884277,87.2750015258789,65.65904998779297,0.7762538194656372,12.160354614257812,0.00025506451493129134,1.4583333730697632,3.141843795776367,0.4641648227033364,12.117880821228027,3.8569329254843816,1.0625,0.33817721875497575,0.4275084435939789,1.958756923675537,1.0055184364318848,-17.225061416625977,0.31004106998443604,0.3108217418193817,0.0416666679084301,0.3664475679397583,2.9561131213995395e-06,9.408848129129282e-07,0.3844001591205597,5.6837992668151855,0.5,48
12243,0.2064691036939621,0.27760541439056396,0.9999999403953552,0.9750790596008301,0.7709197998046875,0.00634765625,0.03402375429868698,5.360049724578857,0.4525611102581024,9.270557403564453,232.60072326660156,0.03844451159238815,0.32823464274406433,6.4258036613464355,75.69230651855469,57.202579498291016,0.7178014516830444,12.160538673400879,0.0002820263907779008,1.1666667461395264,2.352893352508545,0.4958434431111153,3.750624418258667,1.5940477702992568,0.6666666865348816,0.2833390994924278,0.40571293234825134,2.040569305419922,1.0078413486480713,-19.64003562927246,0.27296698093414307,0.2951885461807251,0.125,0.303391695022583,1.8895655102824094e-06,8.030816612393529e-07,0.368624746799469,1.4516801834106445,0.5,48
12332,0.13541530072689056,0.16267232596874237,1.0,0.9320658445358276,0.8466262221336365,0.0048828125,0.02754361927509308,5.640933036804199,0.43028923869132996,10.90362548828125,371.2969665527344,0.03085736557841301,0.2902701199054718,6.882838249206543,130.1999969482422,72.79276275634766,0.9325675368309021,12.182676315307617,0.0002631772367749363,0.6041666865348816,2.62212872505188,0.23041076452828238,4.984650611877441,1.9009938548188094,0.2916666865348816,0.11123278679492861,0.36480605602264404,3.045684576034546,1.409481406211853,-46.936180114746094,0.18890544772148132,0.2959095537662506,0.25,0.5075803399085999,2.3053303266351577e-06,8.791827402744e-07,0.7055326104164124,1.1751943826675415,0.5,48
12398,0.16975811123847961,0.27491334080696106,1.0000001192092896,0.975802481174469,0.8324166536331177,0.02001953125,0.13492907583713531,6.739871978759766,1.1198139190673828,24.824249267578125,173.09075927734375,0.09811511635780334,0.4660659432411194,7.4111175537109375,97.36585235595703,79.89669036865234,0.8175365924835205,12.195857048034668,0.00022577214986085892,1.0833333730697632,3.020167827606201,0.3586997250882647,3.951274871826172,1.3082964538017101,0.7291666865348816,0.24143250499376964,0.35387176275253296,2.062330722808838,0.8638681173324585,-21.68581771850586,0.2070504128932953,0.3455433249473572,0.2916666865348816,0.9426535964012146,1.5582954802084714e-06,5.159632060195646e-07,2.3959338665008545,3.565183639526367,0.5,48
12495,0.1293884813785553,0.1711607575416565,1.0,0.7939999103546143,0.9164152145385742,0.01025390625,0.04059195518493652,3.958682060241699,0.4065578281879425,6.365992546081543,111.20008850097656,0.057165034115314484,0.39697420597076416,7.15932035446167,99.33333587646484,73.0682601928711,1.1437938213348389,12.183565139770508,0.0002778589550871402,0.8958333730697632,2.455249786376953,0.36486445264823325,5.044765472412109,2.0546852217873433,0.5416666865348816,0.22061571386104284,0.3410507142543793,1.7733982801437378,0.7832659482955933,-19.76378631591797,0.19450317323207855,0.2857215702533722,0.2083333432674408,0.5901070237159729,1.43530542118242e-06,5.8458631105495e-07,0.6615746021270752,1.3882923126220703,0.5,48
12572,0.16673330962657928,0.19776341319084167,1.0,0.9556251764297485,0.8165264129638672,0.0048828125,0.023346491158008575,4.7813615798950195,0.34729424118995667,7.5164899826049805,269.6523742675781,0.03085736557841301,0.29656755924224854,6.400002479553223,79.30000305175781,64.6903305053711,0.7548885345458984,12.167177200317383,0.00027493375819176435,0.5208333730697632,2.4278595447540283,0.21452368282585027,9.868895530700684,4.064854374041633,0.25,0.10297135990031682,0.35728833079338074,2.9631450176239014,1.264503836631775,-36.258113861083984,0.3142890930175781,0.38622820377349854,0.1458333432674408,0.4794102609157562,1.5427684729729663e-06,6.354438706934461e-07,0.7561355233192444,0.9961170554161072,0.5,48
12587,0.12284417450428009,0.26185229420661926,0.9999999403953552,1.1332378387451172,0.7883167266845703,0.0068359375,0.07026973366737366,10.279458045959473,1.056860089302063,25.082853317260742,371.0618896484375,0.04089350998401642,0.3116750121116638,6.146039009094238,75.42857360839844,59.9371337890625,0.6974331736564636,12.167940139770508,0.00024673808366060257,1.25,2.165942907333374,0.5771158556380388,20.6069278717041,9.51406784859989,0.7708333730697632,0.35588812932280955,0.3884318768978119,3.401341438293457,1.4268906116485596,-36.916160583496094,0.32889413833618164,0.3642460107803345,0.1041666716337204,0.3054693043231964,9.54728761826118e-07,4.407912850268203e-07,0.38001343607902527,2.9981753826141357,0.5,48
12620,0.23116670548915863,0.4526132047176361,1.0,0.9071966409683228,0.7829464077949524,0.00390625,0.01927371695637703,4.9340715408325195,0.3255695402622223,8.439891815185547,379.0435485839844,0.02555946074426174,0.2653864622116089,6.403984069824219,100.0,82.51390075683594,0.9391969442367554,12.176446914672852,0.0002561108267400414,1.375,2.6679112911224365,0.5153844505330869,29.368061065673828,11.007885102221419,0.625,0.23426565933322135,0.42424651980400085,3.3556199073791504,1.6607465744018555,-38.78385925292969,0.30619364976882935,0.3317371606826782,0.0833333358168602,0.5129607319831848,2.1303062567312736e-06,7.984921597037416e-07,0.5346736907958984,0.8223451972007751,0.5,48
12652,0.14264360070228577,0.20499040186405182,1.0,0.9771021604537964,0.875607967376709,0.00244140625,0.010502217337489128,4.301708221435547,0.21477144956588745,5.502250671386719,446.416015625,0.01712392456829548,0.20964236557483673,6.095653533935547,108.0,63.19730758666992,0.8580312132835388,12.160541534423828,0.0002767630503512919,1.8125,2.233309030532837,0.8115759919941766,4.383410930633545,1.9627426617087098,0.4791666865348816,0.21455458149247406,0.38221144676208496,1.4474753141403198,0.7520502805709839,-15.901714324951172,0.4274568557739258,0.45593971014022827,0.125,0.37747371196746826,9.07748130885011e-07,4.064588081676483e-07,0.4338872730731964,0.44809460639953613,0.5,48
12679,0.23469696938991547,0.2891218066215515,1.0,1.307478427886963,0.674692690372467,0.00537109375,0.025536883622407913,4.75450325012207,0.36216211318969727,7.616652011871338,246.00184631347656,0.03342986851930618,0.3090716600418091,5.551292419433594,102.7272720336914,61.61521911621094,0.7441473603248596,12.158134460449219,0.0002594257821328938,2.7916667461395264,5.163881301879883,0.5406140415576739,86.88768768310547,16.82604274486597,2.1041667461395264,0.4074777515313411,0.46383950114250183,2.0219714641571045,1.0916060209274292,-15.727972030639648,0.12090140581130981,0.41910263895988464,0.4375,0.9531082510948181,2.49036702371086e-06,4.822665110411408e-07,2.637815237045288,1.089573621749878,0.5,48
12723,0.18726061284542084,0.2777731120586395,0.9999999403953552,0.9080148935317993,0.7918281555175781,0.00732421875,0.0443769171833992,6.058928489685059,0.6302802562713623,19.841663360595703,547.6608276367188,0.0433073565363884,0.3316800594329834,7.121280670166016,122.13333129882812,60.31060791015625,0.713417112827301,12.16204833984375,0.0002686233492568135,1.3333333730697632,4.525876045227051,0.2946022729742813,33.40997314453125,7.381990301290998,0.8125,0.1795232547434928,0.4808359146118164,2.2348601818084717,1.3491685390472412,-22.566373825073242,0.40188831090927124,0.48024508357048035,0.0833333358168602,0.9126023650169373,3.0213582249416504e-06,6.675742305077502e-07,1.9701958894729614,1.8934153318405151,0.5,48
12791,0.14280547201633453,0.21178263425827026,0.9999999403953552,0.8134148120880127,0.8772629499435425,0.01123046875,0.047901708632707596,4.265334606170654,0.46190276741981506,6.985166549682617,108.04670715332031,0.06158214434981346,0.4079047739505768,7.334262371063232,105.26087188720703,80.7406234741211,1.184815526008606,12.16486930847168,0.0003009482170455158,0.6458333730697632,2.0151495933532715,0.3204890455751158,5.655379295349121,2.806431485750931,0.3541666865348816,0.17575205629673213,0.32569289207458496,3.212684154510498,1.2452505826950073,-45.38749313354492,0.2331058830022812,0.2870441675186157,0.125,0.3316948711872101,1.759385895638843e-06,8.730795434300116e-07,0.3999750316143036,1.5502732992172241,0.5,48
12848,0.13013730943202972,0.186637744307518,1.0,0.9518558979034424,0.8565853834152222,0.00341796875,0.028160367161035538,8.238919258117676,0.5543604493141174,15.570690155029297,547.767578125,0.02282176911830902,0.2330373376607895,6.036105155944824,79.57142639160156,73.34474182128906,1.0430042743682861,12.173699378967285,0.00028342846781015396,0.7083333730697632,2.166971206665039,0.32687714890827474,65.78175354003906,30.35654236389764,0.25,0.11536839902504525,0.3360019624233246,1.7559261322021484,0.8213073015213013,-24.63506507873535,0.2674387991428375,0.27506110072135925,0.02083333395421505,0.504841148853302,1.444087729396415e-06,6.664083575687086e-07,0.7773288488388062,1.20150887966156,0.5,48
12899,0.21112938225269318,0.2624478042125702,0.9999999403953552,1.06589937210083,0.780807614326477,0.00927734375,0.043984923511743546,4.741111755371094,0.49802568554878235,10.310796737670898,221.39291381835938,0.05265381559729576,0.37527692317962646,6.984457015991211,87.10526275634766,63.1803092956543,0.7767349481582642,12.156378746032715,0.0002542625879868865,0.7083333730697632,2.678842306137085,0.2644177183564826,152.75254821777344,57.021851304052866,0.4583333432674408,0.17109381187033124,0.40883058309555054,3.281136989593506,1.5009229183197021,-34.81819534301758,0.302041620016098,0.302041620016098,0.0,0.24808920919895172,2.3513880478276405e-06,8.777627685150068e-07,0.3118961453437805,1.6779627799987793,0.5,48
13020,0.2394852191209793,0.3725772202014923,1.0,1.1409580707550049,0.7079399824142456,0.0341796875,0.26599231362342834,7.782175064086914,1.5038127899169922,13.289481163024902,37.12790298461914,0.1489836424589157,0.5487174391746521,6.515583038330078,84.35713958740234,66.57426452636719,1.0637420415878296,12.154939651489258,0.0003264910774305463,4.833333492279053,5.147211074829102,0.9390198716592035,153.9656982421875,29.91245078251915,3.8958334922790527,0.7568824025425417,0.5017791390419006,1.4299108982086182,1.0406864881515503,-11.707781791687012,0.6751151084899902,0.6887814998626709,0.02083333395421505,0.3408890664577484,3.8205307646421716e-06,7.42252591097888e-07,0.3813973069190979,3.86875319480896,0.5,48
13170,0.31865835189819336,0.4275244474411011,1.0000001192092896,1.6118789911270142,0.6932459473609924,0.0029296875,0.048098210245370865,16.417522430419922,1.169371485710144,41.41572952270508,916.3822021484375,0.020013848319649696,0.18671590089797974,5.992972373962402,88.16666412353516,80.3908462524414,1.2909014225006104,12.160472869873047,0.0003458943101577461,1.125,5.118197917938232,0.21980392627238327,22.101905822753906,4.3182983803944515,0.7291666865348816,0.14246551165101431,0.5718891620635986,1.3954458236694336,1.1334428787231445,-9.571854591369629,0.4631117284297943,0.5442498922348022,0.1041666716337204,0.7949655055999756,3.474031245787046e-06,6.787606291706059e-07,1.0441099405288696,2.0521903038024902,0.5,48
13180,0.29985755681991577,0.3909752070903778,1.0,1.063374638557434,0.6920515298843384,0.015625,0.09254537522792816,5.922904014587402,0.8144751787185669,13.510844230651855,127.72561645507812,0.08048483729362488,0.44147664308547974,7.224732398986816,91.5625,90.5528564453125,1.0691807270050049,12.166213035583496,0.00026679440634325147,3.2916667461395264,5.206799507141113,0.6321861894822628,26.09173583984375,5.011089010427251,2.2083334922790527,0.42412493221778164,0.5862796902656555,1.6866779327392578,1.201411485671997,-10.355326652526855,0.4631350040435791,0.5374938249588013,0.125,0.4280226528644562,5.725947175960755e-06,1.0997057130989151e-06,0.5039842128753662,2.6365673542022705,0.5,48
13264,0.1584024876356125,0.8742571473121643,0.9999999403953552,0.8996357917785645,0.907741904258728,0.01025390625,0.047373656183481216,4.620059490203857,0.49850669503211975,10.818825721740723,181.9602813720703,0.057165034115314484,0.3913343548774719,7.287784576416016,125.47618865966797,58.43202590942383,0.9266896843910217,12.160157203674316,0.0003080348251387477,0.6458333730697632,1.7222115993499756,0.37500233395449234,23.103322982788086,13.414915366589655,0.3125,0.1814527310717344,0.32061970233917236,1.9398154020309448,0.7688550353050232,-22.859506607055664,0.2844305634498596,0.31561365723609924,0.1458333432674408,0.3357387185096741,7.246775908242853e-07,4.2078312960496454e-07,0.371529221534729,1.6820532083511353,0.5,48
13287,0.17043153941631317,0.23572836816310883,1.0,1.0646711587905884,0.8171830773353577,0.00537109375,0.02021712251007557,3.7640607357025146,0.27956435084342957,5.125538349151611,206.36688232421875,0.03342986851930618,0.31246116757392883,6.617469787597656,94.09091186523438,66.31832122802734,1.1856067180633545,12.16152572631836,0.00038240058347582817,0.5625,5.087367057800293,0.11056799961619777,13.871841430664062,2.7267231253006585,0.4166666865348816,0.08190222584332656,0.4116947054862976,2.5143065452575684,1.2528420686721802,-27.414127349853516,0.1490345597267151,0.33989986777305603,0.3125,0.981529176235199,2.26088604904362e-06,4.444118183163056e-07,3.107489824295044,0.8625971674919128,0.5,48
13314,0.17207621037960052,0.23420335352420807,0.9999999403953552,0.9387807846069336,0.7824310064315796,0.00732421875,0.037602394819259644,5.1339802742004395,0.4642181396484375,9.6350736618042,217.06704711914062,0.0433073565363884,0.3480193614959717,6.755763053894043,93.46666717529297,66.26770782470703,0.8618085384368896,12.155982971191406,0.00028534734155982733,1.5,2.8522982597351074,0.5258917049160167,92.51634216308594,32.43571794182588,0.5208333730697632,0.182601300360545,0.411602258682251,3.315220594406128,1.5453193187713623,-42.30912399291992,0.22310976684093475,0.2712668478488922,0.2083333432674408,0.5214977264404297,2.0737945760629373e-06,7.270609101675507e-07,0.6655954122543335,1.6043686866760254,0.5,48
13332,0.16783268749713898,0.3124978840351105,1.0,0.9916996359825134,0.8252489566802979,0.00390625,0.01756242848932743,4.495981693267822,0.2847852408885956,6.127305030822754,283.7738342285156,0.02555946074426174,0.2707550525665283,6.150228500366211,75.0,66.1746826171875,0.896965503692627,12.159242630004883,0.0002864770358428359,0.5833333730697632,3.086568593978882,0.18899089828030738,7.202342987060547,2.333446591070757,0.3541666865348816,0.11474447257654564,0.3785301446914673,3.0614242553710938,1.3249778747558594,-36.9966926574707,0.4171902537345886,0.5028044581413269,0.125,0.6150022745132446,1.9221931779611623e-06,6.227605553569332e-07,0.6080513596534729,0.7493302822113037,0.5,48
13337,0.15342354774475098,0.2069380283355713,1.0,0.9170162677764893,0.8339874148368835,0.00244140625,0.0096487607806921,3.9521324634552,0.19884158670902252,5.129937171936035,467.68768310546875,0.01712392456829548,0.20857180655002594,5.988636016845703,92.0,62.62677001953125,0.7955471873283386,12.15989875793457,0.0002737877657637,0.5208333730697632,2.006013870239258,0.2596359767000432,49.701988220214844,24.776492680243507,0.2291666716337204,0.11423982350829379,0.32977211475372314,3.21441650390625,1.2419986724853516,-43.269775390625,0.32814714312553406,0.3712489604949951,0.1041666716337204,0.46999233961105347,1.0380707635704312e-06,5.174793523595262e-07,0.5627709627151489,0.4116804599761963,0.5,48
13349,0.15668581426143646,0.21972385048866272,0.9999999403953552,1.1211153268814087,0.8451792597770691,0.013671875,0.10788572579622269,7.891070365905762,1.0356559753417969,19.656139373779297,151.89486694335938,0.07226333767175674,0.42042654752731323,7.017703533172607,76.07142639160156,61.7726936340332,1.0779056549072266,12.155935287475586,0.00034340604906901717,1.2708333730697632,3.8323278427124023,0.33160873023175896,217.02438354492188,56.62991056240629,1.0416667461395264,0.27181044685471445,0.5010095834732056,2.2258479595184326,1.393408179283142,-17.67604637145996,0.25847989320755005,0.25847989320755005,0.0,0.7237391471862793,2.261002919112798e-06,5.899816002204849e-07,1.074347734451294,3.5212886333465576,0.5,48
13357,0.2163240909576416,0.299614280462265,1.0,1.1051265001296997,0.7599960565567017,0.00634765625,0.04586201161146164,7.225030899047852,0.7435585260391235,20.527965545654297,526.8690185546875,0.03844451159238815,0.30033886432647705,6.848966598510742,117.0,65.30254364013672,0.9327122569084167,12.160009384155273,0.0003060942981392145,0.7916666865348816,3.2739055156707764,0.24181109696886577,3.7895398139953613,1.1574982186509304,0.4375,0.13363244497116714,0.504375696182251,2.306694746017456,1.3742082118988037,-18.947105407714844,0.38112765550613403,0.3975803256034851,0.0416666679084301,0.3821713626384735,3.5187749745091423e-06,1.0747942929074583e-06,0.42311328649520874,1.9567791223526,0.5,48
13371,0.19362691044807434,0.2736387848854065,0.9999999403953552,1.0232763290405273,0.778434157371521,0.00244140625,0.026673808693885803,10.925592422485352,0.7024746537208557,27.25425148010254,1193.3743896484375,0.01712392456829548,0.169745534658432,6.070240497589111,105.4000015258789,69.0738525390625,0.8050767183303833,12.167913436889648,0.00027220038464292884,0.5416666865348816,2.667032241821289,0.20309716396004696,14.153961181640625,5.30700788187883,0.2708333432674408,0.10154858198002348,0.39330750703811646,2.055405616760254,1.0509459972381592,-23.70163917541504,0.29011332988739014,0.3270125091075897,0.0833333358168602,0.6405974626541138,1.6847346842041588e-06,6.316889055442321e-07,0.896917462348938,1.138082504272461,0.5,48
13403,0.13981656730175018,0.24427387118339539,1.0,0.8696835041046143,0.8762962818145752,0.01123046875,0.0513254776597023,4.570199012756348,0.5049353837966919,8.613218307495117,127.22879028320312,0.06158214434981346,0.40542182326316833,7.266219139099121,96.73912811279297,64.42684936523438,0.693123996257782,12.172414779663086,0.00024329926236532629,0.8958333730697632,2.7089056968688965,0.3306993561268019,128.67442321777344,47.5005176043955,0.5,0.184576376627715,0.40245139598846436,2.401792287826538,1.1801681518554688,-28.632741928100586,0.3681792616844177,0.4182654321193695,0.125,0.44736596941947937,3.0353974125318928e-06,1.1205253120605565e-06,0.5519139170646667,1.702981948852539,0.5,48
13438,0.1898096352815628,0.22234806418418884,1.0000001192092896,1.4475878477096558,0.8233553767204285,0.00537109375,0.02320232056081295,4.319850444793701,0.32022997736930847,6.114374160766602,204.4605712890625,0.03342986851930618,0.3127228915691376,6.0283684730529785,96.90908813476562,80.03972625732422,0.9760555624961853,12.160139083862305,0.00024504592875018716,1.2916667461395264,4.242001533508301,0.3044946431281276,64.35986328125,15.172050887096539,1.1458333730697632,0.27011620842601447,0.561469316482544,1.6417169570922852,1.2538940906524658,-12.009151458740234,0.4994116723537445,0.5087631940841675,0.02083333395421505,0.22777648270130157,5.528317615244305e-06,1.3032332870563197e-06,0.2867831289768219,0.9899656772613525,0.5,48
13444,0.14172020554542542,0.37176212668418884,1.0000001192092896,0.8223013877868652,0.9220411777496338,0.01220703125,0.04851000756025314,3.973939895629883,0.44371920824050903,5.923830986022949,89.63762664794922,0.06591325998306274,0.42012539505958557,6.988094806671143,120.08000183105469,61.61677169799805,0.7983406782150269,12.16859245300293,0.00027371756732463837,0.7708333730697632,2.1779861450195312,0.3539202355778293,6.946346282958984,3.189343636069483,0.6041666865348816,0.27739693622132494,0.36376163363456726,2.1184253692626953,0.9801590442657471,-23.967443466186523,0.2200184464454651,0.22102415561676025,0.02083333395421505,0.2944180965423584,2.2647022888122592e-06,1.0398148232452608e-06,0.4653698205947876,1.4382845163345337,0.5,48
13500,0.1916825771331787,0.3017701506614685,1.0000001192092896,1.1198852062225342,0.7558740973472595,0.01025390625,0.06579045951366425,6.416136264801025,0.9246127009391785,33.321533203125,849.460693359375,0.057165034115314484,0.35851848125457764,6.987786293029785,101.14286041259766,62.053192138671875,0.7425912618637085,12.165533065795898,0.00027452013455331326,1.0208333730697632,2.256431818008423,0.45241046523030726,3.829012632369995,1.6969325573419018,0.2291666716337204,0.10156153125884065,0.3627340793609619,2.214106321334839,0.9671711921691895,-24.0113468170166,0.331061989068985,0.4321281909942627,0.2291666716337204,0.39028388261795044,1.1370977972546825e-06,5.039362515367063e-07,0.384450227022171,2.485826253890991,0.5,48
13546,0.186294287443161,0.2890744209289551,1.0,0.9197714924812317,0.8219600319862366,0.00341796875,0.013969628140330315,4.087113857269287,0.2420015037059784,5.561283111572266,325.5301513671875,0.02282176911830902,0.2534216046333313,6.422372817993164,121.0,54.012901306152344,0.9084743857383728,12.16080093383789,0.0002684725041035563,0.75,3.6704211235046387,0.20433622538672433,3.559037685394287,0.9696537688567636,0.3333333432674408,0.09081610287840818,0.3573189675807953,1.5292967557907104,0.696212649345398,-14.063703536987305,0.3978932797908783,0.5369701385498047,0.1666666716337204,0.9209004044532776,1.3234225662017707e-06,3.605642290257095e-07,1.5159677267074585,0.5960374474525452,0.5,48
13588,0.12732641398906708,0.25660839676856995,0.9999999403953552,1.0222171545028687,0.8667292594909668,0.00390625,0.024590525776147842,6.295174598693848,0.42424505949020386,11.011571884155273,437.66790771484375,0.02555946074426174,0.2629074156284332,6.145760536193848,85.625,57.538211822509766,0.7314918041229248,12.162302017211914,0.0002601539308670908,0.2916666865348816,2.6687800884246826,0.1092883923658774,1.421903133392334,0.5327914181583,0.1666666716337204,0.06245050753042552,0.33947157859802246,1.4722483158111572,0.6870170831680298,-15.95997428894043,0.19460102915763855,0.22366845607757568,0.1041666716337204,0.7890903353691101,1.8208631900051842e-06,6.822829618221436e-07,0.9706044793128967,1.0491957664489746,0.5,48
13609,0.14129941165447235,0.2004362791776657,1.0,0.8445961475372314,0.8632766604423523,0.009765625,0.045572247356176376,4.666598320007324,0.47505971789360046,7.978671550750732,132.55551147460938,0.05492175742983818,0.3886494040489197,7.1002936363220215,103.0999984741211,63.36886978149414,0.8246405124664307,12.16866683959961,0.0002678580640349537,0.6458333730697632,2.0635147094726562,0.31297735217261247,11.387319564819336,5.518409661613383,0.3333333432674408,0.16153669277078198,0.36331114172935486,2.0411953926086426,0.9612327814102173,-27.07747459411621,0.25911837816238403,0.26014798879623413,0.02083333395421505,0.4675392508506775,1.2081967497579171e-06,5.855043040675179e-07,0.6572803258895874,1.6543320417404175,0.5,48
13688,0.26532527804374695,0.4403139650821686,1.0,1.245623230934143,0.7186161279678345,0.00341796875,0.024368925020098686,7.129651069641113,0.5082791447639465,16.83312225341797,751.5291748046875,0.02282176911830902,0.22585992515087128,6.292807579040527,99.71428680419922,98.2470932006836,1.1806659698486328,12.191797256469727,0.0002727244282141328,1.4166667461395264,4.662966728210449,0.3038123207122026,5.268982887268066,1.129963643980483,0.8958333730697632,0.19211661231226487,0.536693274974823,3.528282880783081,2.0992541313171387,-30.223291397094727,0.4303540587425232,0.44601866602897644,0.0416666679084301,0.8291195034980774,1.955832885869313e-06,4.1943959622150803e-07,1.1715763807296753,1.039740800857544,0.5,48
13807,0.219784215092659,0.32313594222068787,1.0,1.129563331604004,0.7929086089134216,0.00732421875,0.03905337303876877,5.33208703994751,0.5061938762664795,12.566900253295898,294.524658203125,0.0433073565363884,0.34169304370880127,6.87031364440918,89.5999984741211,60.4135856628418,0.9665923118591309,12.158714294433594,0.00035499961813911796,0.7916666865348816,2.6426074504852295,0.29957785950907656,11.17148494720459,4.227447744037364,0.625,0.2365088305189447,0.4295123517513275,3.9894111156463623,1.875727891921997,-46.07863998413086,0.3732140064239502,0.40734630823135376,0.1041666716337204,0.2239154428243637,2.281068191223312e-06,8.631884323843042e-07,0.3822125792503357,1.6662774085998535,0.5,48
13829,0.12998217344284058,0.17183244228363037,1.0,0.8546000719070435,0.892488956451416,0.015625,0.0884755402803421,5.6624345779418945,0.8665658235549927,23.368623733520508,344.6346130371094,0.08048483729362488,0.4321378767490387,7.508143424987793,108.75,71.92670440673828,0.9355705380439758,12.177539825439453,0.00027232355205342174,1.1041667461395264,2.6720798015594482,0.41322371486169246,8.496574401855469,3.179760711150614,0.8333333730697632,0.3118669470368188,0.40090662240982056,2.662156820297241,1.1902921199798584,-25.195077896118164,0.20636090636253357,0.2073383331298828,0.02083333395421505,0.43474504351615906,2.9513639674405567e-06,1.1045193914766027e-06,0.6200807690620422,2.5509297847747803,0.5,48
13890,0.21210205554962158,0.3449856638908386,1.0000001192092896,1.138400673866272,0.7645964026451111,0.00341796875,0.03381216153502464,9.892472267150879,0.693638026714325,22.26671600341797,666.8792114257812,0.02282176911830902,0.2262880802154541,6.362642288208008,106.0,68.42160034179688,0.9531508684158325,12.160209655761719,0.00028997313347645104,2.0416667461395264,3.670405149459839,0.5562510560659716,222.29849243164062,60.56511005568539,1.3125,0.35758995069447763,0.5170077085494995,2.0570669174194336,1.2735509872436523,-15.461688995361328,0.34923940896987915,0.364391565322876,0.0416666679084301,0.5289677381515503,3.859376192849595e-06,1.0514850609619256e-06,0.5586079955101013,1.4426522254943848,0.5,48
13937,0.22420170903205872,0.42484337091445923,1.0,1.337972640991211,0.6783370971679688,0.01220703125,0.07568832486867905,6.200387477874756,0.7962779402732849,18.091636657714844,238.78323364257812,0.06591325998306274,0.4028734266757965,7.036067008972168,76.23999786376953,58.84743881225586,0.8593437075614929,12.15921401977539,0.00027204793877899647,0.8125,3.052654266357422,0.2661618140949506,1.6011608839035034,0.5245143206370844,0.5416666865348816,0.1774412159051385,0.39130377769470215,1.827709674835205,0.9074691534042358,-17.506427764892578,0.29203683137893677,0.29769372940063477,0.0416666679084301,0.6741429567337036,2.1345856566767907e-06,6.992556193503458e-07,0.9532219171524048,2.5597031116485596,0.5,48
13942,0.24199926853179932,0.43904027342796326,1.0,1.2294121980667114,0.8307366967201233,0.00439453125,0.03930281102657318,8.943572998046875,0.7383835911750793,23.078649520874023,615.8823852539062,0.02823571488261223,0.2543734610080719,6.439790725708008,106.0,76.0882339477539,1.0691696405410767,12.149572372436523,0.00033249970874749124,0.6666666865348816,4.75544548034668,0.1401901647044808,75.61298370361328,15.900294484944453,0.5833333730697632,0.12266639881666212,0.5646655559539795,2.0729446411132812,1.4556753635406494,-15.897895812988281,0.3949900269508362,0.40199828147888184,0.0625,0.2708229422569275,6.9676657403761055e-06,1.4651972679573606e-06,0.8105670213699341,1.6769198179244995,0.5,48
14001,0.2204122394323349,0.34289315342903137,0.9999999403953552,1.27702796459198,0.7598180770874023,0.00390625,0.04448576644062996,11.38835620880127,0.8074464797973633,23.223655700683594,488.88555908203125,0.02555946074426174,0.25289374589920044,6.111965179443359,70.5,109.31875610351562,1.0846283435821533,12.177116394042969,0.00022690778132528067,1.25,3.4283852577209473,0.36460313015839957,13.726203918457031,4.003693531089539,0.7083333730697632,0.20660845201351444,0.5064799189567566,1.323327898979187,0.8956464529037476,-8.580506324768066,0.30168792605400085,0.31675881147384644,0.0625,0.6106698513031006,2.404924998700153e-06,7.014745458578087e-07,0.7890800833702087,1.898059368133545,0.5,48
14033,0.18851767480373383,0.26380157470703125,1.0,1.0366125106811523,0.7913423776626587,0.01708984375,0.09148333966732025,5.353082180023193,0.75162273645401,12.12826919555664,104.85533142089844,0.08648617565631866,0.4563940763473511,6.669119834899902,63.54285430908203,58.354557037353516,0.627159595489502,12.165308952331543,0.0002406786079518497,1.6875,3.379587173461914,0.4993213396765792,9.359109878540039,2.769305649026915,1.1041667461395264,0.32671645564961044,0.44928333163261414,1.9430954456329346,0.983301043510437,-14.470271110534668,0.352125883102417,0.4430932402610779,0.1458333432674408,0.5069170594215393,8.608426469436381e-07,2.5471828368748435e-07,0.8562297821044922,2.3849847316741943,0.5,48
14084,0.14327071607112885,0.17665347456932068,1.0,0.9079716801643372,0.8781005144119263,0.01123046875,0.050039902329444885,4.4557271003723145,0.4927557408809662,9.859910011291504,142.86180114746094,0.06158214434981346,0.4057373106479645,7.202106475830078,102.78260803222656,66.11864471435547,0.708259642124176,12.17419147491455,0.00023735003196634352,1.1041667461395264,2.9631710052490234,0.3726301116126208,11.449706077575684,3.864004479880975,0.6875,0.23201495845565392,0.4045064449310303,1.595149040222168,0.8945454359054565,-17.781749725341797,0.22508904337882996,0.29000020027160645,0.1458333432674408,0.6177911758422852,2.112189122271957e-06,7.128137766609632e-07,0.9436054825782776,1.637049674987793,0.5,48
14126,0.1684558093547821,0.27029380202293396,1.0,0.9549564719200134,0.8614953756332397,0.0078125,0.036923717707395554,4.726235866546631,0.43805834650993347,8.41112995147705,193.64707946777344,0.04568839073181152,0.35741984844207764,6.947922706604004,97.875,71.38947296142578,1.111429214477539,12.16012191772461,0.00034624896943569183,0.6041666865348816,2.9532532691955566,0.20457665815220966,15.547038078308105,5.264376810424807,0.5,0.1693048149721165,0.4404606819152832,1.823259711265564,1.1024086475372314,-19.42580223083496,0.40375709533691406,0.40969860553741455,0.0416666679084301,0.3018224239349365,2.284441507072188e-06,7.735338933389595e-07,0.4964868724346161,1.5754119157791138,0.5,48
14137,0.1938585489988327,0.32385244965553284,0.9999999403953552,0.9900929927825928,0.7819516658782959,0.00732421875,0.042598575353622437,5.816125392913818,0.5478187799453735,13.809810638427734,299.6368103027344,0.0433073565363884,0.3431749939918518,6.929615020751953,107.66666412353516,94.56329345703125,1.3504854440689087,12.157563209533691,0.0003037640417460352,1.1875,3.1635050773620605,0.3753747717188645,10.36812973022461,3.277418383692324,0.7291666865348816,0.230493287160448,0.512721836566925,2.6518044471740723,1.567730188369751,-23.61180877685547,0.3408283591270447,0.3408283591270447,0.0,0.23775514960289001,4.393662493384909e-06,1.3888589940750292e-06,0.3528972566127777,1.8175392150878906,0.5,48
14206,0.23777392506599426,0.32371699810028076,1.0,1.0469228029251099,0.7510852813720703,0.00341796875,0.020127244293689728,5.8886566162109375,0.35850515961647034,8.587224960327148,373.3802490234375,0.02282176911830902,0.24926979839801788,5.911301612854004,67.14286041259766,64.69745635986328,0.7461334466934204,12.166511535644531,0.00025897283921949565,0.9166666865348816,2.7799644470214844,0.3297404339899434,10.059545516967773,3.618587817394541,0.4791666865348816,0.1723643211785058,0.41690704226493835,1.7906383275985718,0.9276925921440125,-15.772075653076172,0.303585946559906,0.3231923580169678,0.0416666679084301,0.5340253710746765,1.263091462533339e-06,4.543552559972811e-07,0.7339834570884705,0.8587624430656433,0.5,48
14253,0.1427021324634552,0.1953931748867035,1.0,0.9546025395393372,0.8536665439605713,0.00390625,0.01883263885974884,4.821155548095703,0.30927515029907227,6.268984317779541,300.0727233886719,0.02555946074426174,0.2688509225845337,6.414588451385498,99.0,60.752498626708984,0.7033472657203674,12.168121337890625,0.00026044645346701145,0.1666666716337204,2.6328961849212646,0.06330164932260252,12.812254905700684,4.866221057410062,0.0833333358168602,0.03165082466130126,0.3360617160797119,1.0967833995819092,0.5945780873298645,-12.708793640136719,0.16814866662025452,0.2067399024963379,0.1458333432674408,0.7191170454025269,1.3985895748191979e-06,5.311981450377773e-07,0.9476379156112671,0.8035259246826172,0.5,48
14330,0.14414462447166443,0.2687820494174957,0.9999999403953552,0.877034068107605,0.8922802209854126,0.00732421875,0.03823003172874451,5.2196736335754395,0.47152331471443176,10.033502578735352,213.99649047851562,0.0433073565363884,0.3480094373226166,6.853233337402344,96.66666412353516,55.787567138671875,0.7260362505912781,12.159153938293457,0.0002740085474215448,0.8125,3.0361783504486084,0.26760614942264116,3.7204461097717285,1.2253713939328705,0.5,0.16468070733700996,0.38294291496276855,3.071178436279297,1.2943062782287598,-32.15918731689453,0.18113887310028076,0.20750418305397034,0.1041666716337204,0.7450412511825562,2.677939392015105e-06,8.820099065653798e-07,0.9736400246620178,1.631147861480713,0.5,48
14337,0.18419744074344635,0.23613077402114868,0.9999999403953552,1.016904354095459,0.8089215755462646,0.0087890625,0.0508248433470726,5.782737731933594,0.5939072370529175,12.072687149047852,216.078857421875,0.05035991966724396,0.36679282784461975,6.610556125640869,76.38888549804688,63.094688415527344,0.6193417310714722,12.171510696411133,0.00021739787189289927,0.4166666865348816,1.916742205619812,0.2173827461718138,70.64672088623047,36.857705908765425,0.25,0.13042964148371833,0.3270638883113861,2.1919105052948,0.904536247253418,-30.5417423248291,0.2829127907752991,0.2835441529750824,0.02083333395421505,0.2542673945426941,1.164706645795377e-06,6.076490809791805e-07,0.38595303893089294,2.0324535369873047,0.5,48
14390,0.10858900845050812,0.14526744186878204,1.0,0.8805869221687317,0.8927279710769653,0.00341796875,0.023631282150745392,6.913837909698486,0.4776642322540283,13.784560203552246,683.396484375,0.02282176911830902,0.2317361980676651,6.193832874298096,84.42857360839844,91.60904693603516,0.8769018650054932,12.218778610229492,0.00020173007214907557,0.3125,2.1828088760375977,0.1431641597204939,1.3790595531463623,0.6317820868183001,0.1458333432674408,0.06680994575396322,0.3292088508605957,1.7993371486663818,0.775141716003418,-21.819135665893555,0.20341233909130096,0.23768596351146698,0.125,0.6341953277587891,1.246135866495024e-06,5.708863815178549e-07,0.8789181113243103,1.0082679986953735,0.5,48
14395,0.15879492461681366,0.2105812132358551,1.0000001192092896,0.9635173082351685,0.8181113600730896,0.0087890625,0.056789133697748184,6.461341381072998,0.6641479134559631,15.488265991210938,233.45358276367188,0.05035991966724396,0.3668273985385895,6.837010383605957,100.38888549804688,61.44849395751953,0.6965488195419312,12.16555118560791,0.0002649278030730784,0.5208333730697632,2.6282541751861572,0.1981670479230581,3.8773303031921387,1.4752493594593137,0.3125,0.11890021968246799,0.3647421598434448,2.455589771270752,1.0721923112869263,-27.896284103393555,0.33022576570510864,0.40111255645751953,0.125,0.6180731654167175,1.6321116618200904e-06,6.209869924375253e-07,0.7127777338027954,2.2895164489746094,0.5,48
14411,0.1877979338169098,0.2793164849281311,1.0,0.9264252185821533,0.814846396446228,0.0107421875,0.059017881751060486,5.494028091430664,0.6067972183227539,11.726556777954102,155.5027618408203,0.05938481166958809,0.39675846695899963,7.147707939147949,100.31818389892578,54.82846450805664,0.673302948474884,12.16308307647705,0.0002750756684690714,1.0,2.049468994140625,0.48793126316116986,13.326520919799805,6.502426185941674,0.6666666865348816,0.32528751846843645,0.3505253791809082,2.351634979248047,1.0106903314590454,-29.858768463134766,0.23695318400859833,0.24179844558238983,0.0416666679084301,0.30865445733070374,1.3212605836088187e-06,6.446843455253154e-07,0.3517190217971802,2.078014612197876,0.5,48
14542,0.21009527146816254,0.298892080783844,0.9999999403953552,1.0689339637756348,0.801169216632843,0.0078125,0.031963322311639786,4.091305255889893,0.36596134305000305,5.505126953125,139.6555633544922,0.04568839073181152,0.3616138696670532,6.5627312660217285,67.9375,59.0499382019043,0.7683362364768982,12.161582946777344,0.00028304976876825094,0.3125,2.4166572093963623,0.12931085033154058,3.897057294845581,1.612581736279089,0.1875,0.07758651019892435,0.35815906524658203,1.6538634300231934,0.799041748046875,-18.44165802001953,0.3348415791988373,0.36367976665496826,0.1041666716337204,0.32021939754486084,2.406843577773543e-06,9.959391669020935e-07,0.3945155739784241,1.363768458366394,0.5,48
14684,0.22810278832912445,0.5357666611671448,0.9999999403953552,1.0817151069641113,0.7549490928649902,0.01904296875,0.12138738483190536,6.374393939971924,0.9724361896514893,12.739872932434082,95.50267028808594,0.09429078549146652,0.46564802527427673,6.963473796844482,75.20513153076172,57.52713394165039,0.6951658725738525,12.161224365234375,0.0002500345872249454,2.3125,3.032987117767334,0.762449658565579,11.444219589233398,3.7732502998315742,1.75,0.5769889308063841,0.48181983828544617,2.4252419471740723,1.4144257307052612,-21.23934555053711,0.3380427360534668,0.34174227714538574,0.0625,0.24214641749858856,3.2098812425829237e-06,1.058323397813365e-06,0.4005403518676758,3.3231561183929443,0.5,48
14789,0.13304977118968964,0.1611378788948059,1.0,0.8648689389228821,0.874057412147522,0.00537109375,0.02041977271437645,3.801790475845337,0.28518494963645935,6.097824573516846,231.48731994628906,0.03342986851930618,0.3113751709461212,6.824851036071777,110.54545593261719,59.051273345947266,0.6741228103637695,12.162906646728516,0.0002562661247793585,0.375,1.7634541988372803,0.21265082933299034,23.760910034179688,13.474072598599687,0.1041666716337204,0.05906967763138113,0.32039329409599304,2.7358710765838623,1.0533490180969238,-36.94786071777344,0.26654374599456787,0.30625852942466736,0.125,0.27423715591430664,1.1595228670557844e-06,6.57529331493278e-07,0.3736715018749237,0.8712437748908997,0.5,48
14817,0.15626534819602966,0.9643754363059998,1.0,0.8593982458114624,0.9249354600906372,0.0341796875,0.13228058815002441,3.870151996612549,0.7132024765014648,6.159478664398193,28.1960391998291,0.1489836424589157,0.5555304288864136,7.965143203735352,97.34285736083984,54.50815200805664,0.6384339332580566,12.1602144241333,0.0002520460984669626,0.875,2.5841774940490723,0.3385990314631979,233.19528198242188,90.23965328118328,0.25,0.09674258041805654,0.36409109830856323,3.1496710777282715,1.4171714782714844,-46.15919494628906,0.4099693298339844,0.49600526690483093,0.2083333432674408,0.38190943002700806,1.536208742436429e-06,5.94467191216311e-07,0.4650512933731079,1.6862201690673828,0.5,48
14833,0.20147232711315155,0.3712208867073059,1.0,1.1085166931152344,0.7929685711860657,0.00927734375,0.0527043379843235,5.680973052978516,0.5817971229553223,11.678008079528809,172.6953125,0.05265381559729576,0.3776663839817047,7.0194220542907715,91.10526275634766,59.46852111816406,0.6249767541885376,12.162507057189941,0.00024538725847378373,0.6458333730697632,2.335688591003418,0.27650662540901705,188.66876220703125,80.77650510687883,0.4166666865348816,0.17839136876203468,0.38166531920433044,3.2750167846679688,1.4649531841278076,-38.848899841308594,0.33711764216423035,0.357235848903656,0.0625,0.22683686017990112,2.4356620542675955e-06,1.0428025607614083e-06,0.32368016242980957,2.044663906097412,0.5,48
14836,0.21186497807502747,0.31016889214515686,0.9999998807907104,1.4203732013702393,0.7390893697738647,0.00390625,0.01562785543501377,4.000730991363525,0.2518865764141083,5.113384246826172,271.35955810546875,0.02555946074426174,0.27157506346702576,5.752476215362549,103.75,77.1357421875,1.8730964660644531,12.1612548828125,0.00034478664747439325,1.3958333730697632,9.199098587036133,0.15173588567900426,6.7452192306518555,0.7332478459166754,0.9166666865348816,0.09964744663463258,0.5451796054840088,2.04001784324646,1.3595342636108398,-15.926738739013672,0.4420527219772339,0.5400255918502808,0.125,0.9859416484832764,9.161191883322317e-06,9.958793012908862e-07,3.1688201427459717,0.6667883992195129,0.5,48
14887,0.30410847067832947,0.38734889030456543,1.0,1.2037018537521362,0.6543020009994507,0.0029296875,0.02392428368330002,8.166155815124512,0.497486412525177,15.114814758300781,631.4547729492188,0.020013848319649696,0.21744132041931152,5.692071914672852,62.5,107.07678985595703,1.0886626243591309,12.216442108154297,0.0002131056389771402,1.1875,3.5172278881073,0.3376238430950183,10.985247611999512,3.1232686451483347,0.9375,0.26654513928554074,0.5002679824829102,1.9874110221862793,1.224565029144287,-16.913633346557617,0.34713780879974365,0.35024937987327576,0.0416666679084301,0.43403491377830505,2.9481125238817185e-06,8.381920675279998e-07,0.41468626260757446,1.020769476890564,0.5,48
14902,0.10742416232824326,0.15677319467067719,1.0,0.9004265666007996,0.9045298099517822,0.0078125,0.03476915508508682,4.450451850891113,0.42567652463912964,10.822336196899414,278.64300537109375,0.04568839073181152,0.3543092608451843,6.972864627838135,94.5,55.69207763671875,0.652214765548706,12.16404914855957,0.000254797691013664,0.3541666865348816,1.7558841705322266,0.2017027606157543,41.33961486816406,23.54347474993117,0.1458333432674408,0.08305407889900643,0.31427425146102905,2.3970413208007812,0.9881529808044434,-38.08522415161133,0.2648097276687622,0.29326725006103516,0.1041666716337204,0.22207437455654144,9.051238407664641e-07,5.154803778072149e-07,0.2961570620536804,1.483484148979187,0.5,48
14961,0.212924525141716,0.30786651372909546,1.0000001192092896,1.294512391090393,0.6864591836929321,0.00244140625,0.010193387046456337,4.175211429595947,0.20936788618564606,5.581150531768799,464.3398132324219,0.01712392456829548,0.20910751819610596,5.828794002532959,78.80000305175781,60.97908401489258,0.7457221746444702,12.162775039672852,0.00025909056421369314,0.7916666865348816,3.6420955657958984,0.21736570885070214,6.05148458480835,1.6615392042494472,0.3125,0.08580225134034548,0.4308250844478607,1.5777314901351929,0.850021243095398,-16.345001220703125,0.22185395658016205,0.38593244552612305,0.2916666865348816,0.7313199043273926,3.6491187529463787e-06,1.0019283341154345e-06,0.8803207278251648,0.4349178373813629,0.5,48
14981,0.19064877927303314,0.23372617363929749,0.9999999403953552,0.9832297563552856,0.7846251726150513,0.00537109375,0.025173569098114967,4.686861038208008,0.3500886559486389,6.28059720993042,209.90330505371094,0.03342986851930618,0.31153905391693115,6.617307662963867,92.36363983154297,66.31016540527344,0.8868048191070557,12.167925834655762,0.00024728840799070895,0.4583333432674408,2.398944854736328,0.19105622226037153,3.6100430488586426,1.504846193810056,0.1875,0.07815936195791162,0.3752683103084564,2.2117161750793457,1.0322473049163818,-26.255901336669922,0.28945666551589966,0.35931307077407837,0.1666666716337204,0.48144179582595825,1.8409850781608839e-06,7.674145017764839e-07,0.5902056097984314,1.074072241783142,0.5,48
15011,0.1525317132472992,0.2628272473812103,1.0,1.028782844543457,0.8429828882217407,0.00439453125,0.029744833707809448,6.76860237121582,0.5848453044891357,22.059659957885742,1020.5713500976562,0.02823571488261223,0.2545264661312103,6.212131500244141,76.33333587646484,64.52814483642578,0.699749767780304,12.166145324707031,0.00023262726608663797,0.3541666865348816,1.992887258529663,0.17771536409893524,2.1999239921569824,1.1038878249144868,0.2083333432674408,0.1045384485902946,0.33596715331077576,2.243215322494507,0.9583659172058105,-28.790882110595703,0.2961375415325165,0.33582553267478943,0.1041666716337204,0.2541556656360626,1.5587572761432966e-06,7.821602861125887e-07,0.32564935088157654,1.2691129446029663,0.5,48
15039,0.1597113311290741,0.20188792049884796,1.0,0.9464316368103027,0.8156436681747437,0.0068359375,0.04320281744003296,6.319954872131348,0.5611795783042908,10.911685943603516,231.36549377441406,0.04089350998401642,0.3361140191555023,6.616776466369629,78.71428680419922,60.12223815917969,0.7918493747711182,12.163015365600586,0.0002604660112410784,0.5833333730697632,2.769900321960449,0.21059724291844753,4.382460117340088,1.582172494357701,0.3125,0.11281994387820526,0.39879465103149414,2.5201265811920166,1.3124829530715942,-31.449134826660156,0.23864679038524628,0.284965455532074,0.125,0.8015722632408142,2.043205313384533e-06,7.376457881206202e-07,1.3903498649597168,1.8433200120925903,0.5,48
15044,0.15613137185573578,0.3870393633842468,1.0,0.850678026676178,0.9161956310272217,0.00439453125,0.017742041498422623,4.037300109863281,0.2689629793167114,4.85601282119751,235.90371704101562,0.02823571488261223,0.28728973865509033,6.671980857849121,120.55555725097656,52.19636917114258,0.6794915199279785,12.161534309387207,0.00028656929498538375,0.3958333432674408,1.9039306640625,0.20790323337920383,4.550396919250488,2.390001369924414,0.0833333358168602,0.0437691019700041,0.3180985450744629,1.5066426992416382,0.6663920879364014,-18.364337921142578,0.23225390911102295,0.29335305094718933,0.1666666716337204,0.4199916422367096,8.455052693534526e-07,4.4408406297134817e-07,0.50786954164505,0.7569937705993652,0.5,48
15051,0.15902070701122284,0.8857846260070801,0.9999999403953552,0.8791529536247253,0.932956874370575,0.033203125,0.14339138567447662,4.318611145019531,0.7994115948677063,8.332274436950684,36.1759033203125,0.14570602774620056,0.5496370196342468,7.918241024017334,105.42646789550781,60.64984130859375,0.8193826079368591,12.160501480102539,0.0002997784176841378,0.8125,2.0583834648132324,0.39472722645799624,4.6488037109375,2.2584731017427693,0.375,0.1821817968267675,0.34649357199668884,2.9410791397094727,1.155308723449707,-33.606388092041016,0.21517139673233032,0.21917784214019775,0.02083333395421505,0.3304592967033386,3.4548006624390837e-06,1.6784047796305571e-06,0.5307562947273254,1.9758343696594238,0.5,48
15108,0.15927834808826447,0.19880534708499908,1.0,0.814169704914093,0.8306032419204712,0.02294921875,0.10019131004810333,4.365783214569092,0.6717070937156677,6.8877177238464355,49.9656867980957,0.1093050092458725,0.5016809701919556,7.589895248413086,92.7021255493164,57.619407653808594,0.8664135336875916,12.164630889892578,0.00027161193429492414,1.4583333730697632,2.2199621200561523,0.6569181308659873,9.591777801513672,4.320694336020523,0.3333333432674408,0.15015271601007418,0.3773171603679657,3.0301504135131836,1.2671787738800049,-33.09650421142578,0.3358090817928314,0.388262003660202,0.1666666716337204,0.21126003563404083,1.7689267224341165e-06,7.968274316415357e-07,0.3214998245239258,1.8463131189346313,0.5,48
15144,0.175521120429039,0.2169254869222641,1.0000001192092896,0.9048502445220947,0.8144622445106506,0.0078125,0.04172762855887413,5.341136455535889,0.4969824254512787,10.200653076171875,193.3934326171875,0.04568839073181152,0.3566284775733948,6.791460037231445,86.75,56.98617935180664,1.0785675048828125,12.161102294921875,0.00032975838985294104,0.8125,3.750481605529785,0.21663884356495586,28.23324203491211,7.5278977286558275,0.4375,0.11665168499651468,0.3898603618144989,3.072404384613037,1.382185935974121,-38.12871170043945,0.19522321224212646,0.42525121569633484,0.3333333432674408,0.9399910569190979,2.556353592808591e-06,6.816067521097516e-07,2.0913710594177246,1.780378818511963,0.5,48
15216,0.29016467928886414,0.38745033740997314,1.0,1.1013646125793457,0.6801883578300476,0.009765625,0.05670548230409622,5.806641578674316,0.6672751307487488,14.735604286193848,269.91162109375,0.05492175742983818,0.3730560541152954,6.555908203125,63.75,65.41988372802734,0.7552444934844971,12.164631843566895,0.00025287718744948506,2.5208334922790527,4.24852180480957,0.5933436621395912,17.70494842529297,4.167319645994698,1.5,0.35306397504451414,0.5020766258239746,1.5517724752426147,0.9829632639884949,-10.978048324584961,0.30098626017570496,0.3191213607788086,0.0833333358168602,0.7308332920074463,3.62751734428457e-06,8.53830462077353e-07,0.9651924967765808,2.1693649291992188,0.5,48
15253,0.17084667086601257,0.27682024240493774,1.0,0.8944787383079529,0.8481635451316833,0.0087890625,0.04026161879301071,4.580877304077148,0.45264431834220886,9.642776489257812,186.94126892089844,0.05035991966724396,0.3723334074020386,6.931911468505859,84.38888549804688,64.36821746826172,1.0634201765060425,12.161003112792969,0.0003745104477275163,0.6666666865348816,2.2859134674072266,0.29164125988313494,7.19783353805542,3.1487777683604574,0.5,0.21873093839366126,0.39810797572135925,1.8236573934555054,0.9998495578765869,-19.272258758544922,0.25396353006362915,0.2620787024497986,0.0833333358168602,0.26143601536750793,1.5853595414228039e-06,6.935343603735087e-07,0.4005599021911621,1.583700180053711,0.5,48
15273,0.18958508968353271,0.23827074468135834,1.0,0.9417542815208435,0.7760370969772339,0.00732421875,0.03215060383081436,4.389628887176514,0.38161298632621765,5.818384170532227,151.4456787109375,0.0433073565363884,0.3526145815849304,6.565483093261719,72.80000305175781,58.799922943115234,0.6593899726867676,12.159975051879883,0.0002564387395977974,1.125,2.6236886978149414,0.42878562409064214,5.640210151672363,2.1497253598997417,0.6458333730697632,0.2461547252713626,0.44107651710510254,1.45066237449646,0.8928906917572021,-14.161935806274414,0.3091162443161011,0.3091162443161011,0.0,0.22853480279445648,2.7137903089169413e-06,1.0343415744534108e-06,0.34161311388015747,1.371759057044983,0.5,48
15343,0.22811268270015717,0.30905938148498535,1.0,0.9703590869903564,0.8027819395065308,0.0263671875,0.11726032197475433,4.447206497192383,0.7450211644172668,9.486502647399902,52.534427642822266,0.12187793850898743,0.5179621577262878,7.469383239746094,74.20370483398438,55.65552520751953,1.1335952281951904,12.15643310546875,0.0003787844907492399,1.0,4.626319408416748,0.21615455171969666,335.945068359375,72.61605565366357,0.5416666865348816,0.1170837198094408,0.3481302261352539,1.9307992458343506,0.7844021320343018,-19.20686149597168,0.24881146848201752,0.388060986995697,0.2916666865348816,0.9861698150634766,1.81536313448305e-06,3.9239900454264714e-07,3.6191794872283936,2.11279296875,0.5,48
15394,0.2229747772216797,0.36759448051452637,1.0000001192092896,1.0069143772125244,0.7818263173103333,0.01708984375,0.08065120130777359,4.719247341156006,0.6276412010192871,7.585607528686523,66.01210021972656,0.08648617565631866,0.46297523379325867,7.198331832885742,76.02857208251953,69.5367202758789,1.0451006889343262,12.171220779418945,0.0003316545335110277,1.8333333730697632,2.48697829246521,0.7371730470074777,4.656487464904785,1.8723474427939544,0.8125,0.32670168420633655,0.3804275691509247,2.0957202911376953,0.9792118072509766,-22.08989906311035,0.2881406545639038,0.291548490524292,0.02083333395421505,0.3179484009742737,2.0187076188449282e-06,8.117109895345247e-07,0.3625154197216034,1.9932713508605957,0.5,48
15409,0.20603075623512268,0.3026522099971771,1.0,0.9622378945350647,0.8263853788375854,0.01171875,0.05403594672679901,4.611067295074463,0.5185325741767883,8.854394912719727,120.76506805419922,0.0637580007314682,0.4115017354488373,7.341392517089844,111.5,69.89452362060547,0.7583613395690918,12.180953025817871,0.0002224744821432978,0.5208333730697632,1.9162338972091675,0.27180052033851804,5.000685691833496,2.6096426292323422,0.4166666865348816,0.2174404100497947,0.33928048610687256,3.537212371826172,1.400460958480835,-50.810001373291016,0.3171076476573944,0.34718436002731323,0.1041666716337204,0.28115296363830566,1.2901044783575344e-06,6.732500001716713e-07,0.3656972646713257,1.724324107170105,0.5,48
15521,0.14868228137493134,0.21319006383419037,1.0,0.8839478492736816,0.8834311366081238,0.009765625,0.04296908155083656,4.400033950805664,0.4465773105621338,7.10953950881958,126.57723999023438,0.05492175742983818,0.3889099955558777,7.14309549331665,94.19999694824219,60.389198303222656,0.926841139793396,12.15678596496582,0.0003377175598870963,0.375,1.8004945516586304,0.20827610812361852,58.15625,32.300153101504506,0.1875,0.10413805406180926,0.33034735918045044,2.5878233909606934,1.0586140155792236,-34.62501525878906,0.34056925773620605,0.34585830569267273,0.02083333395421505,0.18155914545059204,1.1658594303298742e-06,6.475217727155338e-07,0.3890403211116791,1.5662957429885864,0.5,48
15584,0.16138459742069244,0.24163685739040375,1.0,1.0026954412460327,0.8578406572341919,0.0224609375,0.11679830402135849,5.200063705444336,0.7982604503631592,9.49027156829834,54.34737777709961,0.10746800154447556,0.4977389872074127,7.340705871582031,83.17391204833984,66.71495056152344,0.8489569425582886,12.163105010986328,0.0002767680271063,2.8958334922790527,3.7390832901000977,0.774476859662776,27.576324462890625,7.375156488798308,2.1666667461395264,0.5794646902040196,0.458045095205307,2.656503200531006,1.3194828033447266,-17.410541534423828,0.3408831059932709,0.4243338108062744,0.1458333432674408,0.4159453809261322,2.1681721591448877e-06,5.798673057342276e-07,0.7522169351577759,2.3178627490997314,0.5,48
15614,0.13513949513435364,0.22545823454856873,0.9999999403953552,0.9732416868209839,0.9111727476119995,0.01806640625,0.09961975365877151,5.514088153839111,0.7987439036369324,13.902763366699219,106.28227996826172,0.09041537344455719,0.46347349882125854,7.358263969421387,124.64865112304688,71.72944641113281,0.9080468416213989,12.156732559204102,0.0002790443832054734,0.75,4.217824935913086,0.17781676803033797,3.6496925354003906,0.8653020412657965,0.5833333730697632,0.13830194011133423,0.5339564085006714,1.93552565574646,1.3542277812957764,-16.520048141479492,0.35704004764556885,0.35704004764556885,0.0,0.37466904520988464,5.261523256194778e-06,1.2474494137773538e-06,0.5344794392585754,2.485348701477051,0.5,48
15632,0.11808579415082932,0.16265884041786194,0.9999999403953552,0.9053386449813843,0.8922753930091858,0.0048828125,0.025227202102541924,5.166531085968018,0.3873422145843506,9.659293174743652,346.0435791015625,0.03085736557841301,0.29280808568000793,6.572038650512695,95.5,54.53752136230469,0.6663142442703247,12.159379005432129,0.0002676927833817899,0.3333333432674408,1.7823083400726318,0.1870233864156317,2.8318214416503906,1.588850459874123,0.1875,0.1052006517235691,0.32459598779678345,2.230546474456787,0.9301204681396484,-35.06550598144531,0.29135870933532715,0.315457820892334,0.1041666716337204,0.19835211336612701,1.4374439842868014e-06,8.065069011365084e-07,0.35122084617614746,1.0763605833053589,0.5,48
15672,0.18975602090358734,0.25428763031959534,1.0,1.007021427154541,0.8072711825370789,0.00390625,0.02258564531803131,5.781924724578857,0.41651415824890137,12.52230453491211,598.698486328125,0.02555946074426174,0.2538513243198395,6.038670539855957,70.75,59.583251953125,0.8546973466873169,12.161741256713867,0.0002613876131363213,1.25,2.697941541671753,0.4633161897912317,120.09930419921875,44.51516161452808,0.6875,0.25482390438517744,0.4390289783477783,3.02006196975708,1.4521987438201904,-28.768770217895508,0.30611056089401245,0.3079838454723358,0.02083333395421505,0.2693272829055786,2.182153366447892e-06,8.088215866261974e-07,0.32061144709587097,0.963654100894928,0.5,48
15673,0.18068106472492218,0.2520807385444641,1.0000001192092896,0.8874187469482422,0.8529690504074097,0.00439453125,0.023184312507510185,5.275718688964844,0.39291390776634216,10.774242401123047,493.7477111816406,0.02823571488261223,0.2732015550136566,6.693325042724609,116.88888549804688,57.41996383666992,0.9868277311325073,12.157001495361328,0.00035615506931208074,1.0,2.2423746585845947,0.4459558048036675,10.351519584655762,4.616320247316086,0.5833333730697632,0.26014090385616423,0.40814560651779175,4.026181697845459,1.869394302368164,-50.02821731567383,0.2963680922985077,0.30513617396354675,0.0625,0.24625113606452942,1.940287120305584e-06,8.652823042860669e-07,0.39802947640419006,0.9891972541809082,0.5,48
15765,0.18134768307209015,0.21785061061382294,1.0,0.8626940250396729,0.8300200700759888,0.00927734375,0.04481670632958412,4.830769062042236,0.4915035665035248,10.010260581970215,177.04608154296875,0.05265381559729576,0.3790755271911621,7.171445846557617,101.42105102539062,62.46145248413086,0.7078357934951782,12.165130615234375,0.0002514184743631631,1.6666667461395264,2.8400626182556152,0.5868415469285633,30.111114501953125,10.60227130288587,0.9583333730697632,0.33743388738521507,0.4803074300289154,2.113682746887207,1.2476518154144287,-17.686824798583984,0.290210098028183,0.30245351791381836,0.125,0.16336481273174286,2.7583528208197095e-06,9.712295754949276e-07,0.4109317660331726,1.7025279998779297,0.5,48
15799,0.16890813410282135,0.2266995757818222,1.0,0.8701997995376587,0.8539586663246155,0.0146484375,0.08413461595773697,5.743589401245117,0.745945394039154,11.622438430786133,114.09007263183594,0.07640714943408966,0.4361165463924408,7.26979923248291,102.63333129882812,59.9473876953125,0.6715106964111328,12.165339469909668,0.00024697292246855795,1.2916667461395264,2.453042507171631,0.5265570152566389,151.9665985107422,61.95025053457303,0.7916666865348816,0.3227284814645923,0.42531514167785645,2.41729736328125,1.2949426174163818,-24.759733200073242,0.3081497251987457,0.31626641750335693,0.0625,0.23031507432460785,1.878778675745707e-06,7.65897314291946e-07,0.4012916684150696,2.4501452445983887,0.5,48
15913,0.15913186967372894,0.20946407318115234,1.0,1.130728006362915,0.8051469326019287,0.00390625,0.01431603915989399,3.6649060249328613,0.2302742451429367,4.36063814163208,265.9552307128906,0.02555946074426174,0.2718196511268616,6.184323310852051,79.5,61.469642639160156,0.7840908765792847,12.159734725952148,0.0002833542530424893,0.5416666865348816,2.9924492835998535,0.18101114952670358,3.6282851696014404,1.212480083576183,0.3125,0.10442950551187756,0.3821137845516205,2.1832520961761475,1.0129926204681396,-22.829740524291992,0.3377056121826172,0.3529927134513855,0.0416666679084301,0.6802247166633606,2.4342375581909437e-06,8.134599184010256e-07,0.8883509039878845,0.6108176708221436,0.5,48
15958,0.21780219674110413,0.27571648359298706,0.9999999403953552,1.126140832901001,0.9038602709770203,0.0048828125,0.028470834717154503,5.830826759338379,0.43212616443634033,9.867095947265625,312.59521484375,0.03085736557841301,0.29406723380088806,6.737461566925049,114.5,87.14641571044922,0.8961473703384399,12.160173416137695,0.0002328331465832889,0.5208333730697632,4.1729559898376465,0.12481161389912254,0.8542613387107849,0.20471371822372939,0.4791666865348816,0.11482668078779745,0.5632668733596802,1.160873293876648,1.0363335609436035,-9.107239723205566,0.4582316279411316,0.45974478125572205,0.02083333395421505,0.33379584550857544,3.048250391657348e-06,7.304774820956519e-07,0.41744545102119446,1.2147555351257324,0.5,48
16061,0.1525457799434662,0.202576145529747,1.0000001192092896,0.9215022325515747,0.8494541645050049,0.00244140625,0.011294420808553696,4.626194953918457,0.24068646132946014,7.51494836807251,611.3158569335938,0.01712392456829548,0.2044210582971573,6.008306503295898,94.19999694824219,57.74491882324219,0.8268762230873108,12.158552169799805,0.0002819450164679438,0.1875,1.956167221069336,0.09585070081022848,3.9701008796691895,2.029530408552514,0.0833333358168602,0.04260031274080087,0.29731419682502747,1.0159823894500732,0.4655550420284271,-10.86392879486084,0.26637351512908936,0.282469242811203,0.0625,0.7127240300178528,9.910091876008664e-07,5.06607600751564e-07,1.0216459035873413,0.4818952977657318,0.5,48
16095,0.2776026427745819,0.3960362672805786,0.9999999403953552,1.25300133228302,0.7324132323265076,0.04931640625,0.5998321771621704,12.162932395935059,2.9692869186401367,26.445262908935547,31.911296844482422,0.19649749994277954,0.587889552116394,7.723063945770264,86.05940246582031,86.55403900146484,1.445359706878662,12.183238983154297,0.0002632301184348762,2.6458334922790527,4.672828674316406,0.5662166689652811,19.229978561401367,4.1152757484869245,1.9583333730697632,0.41908948634102344,0.6192297339439392,1.5713295936584473,1.2305984497070312,-9.277026176452637,0.32122886180877686,0.3260074555873871,0.0416666679084301,0.4689164459705353,6.051644504623255e-06,1.2950709117444474e-06,0.4442051351070404,7.239367961883545,0.5,48
16158,0.23292675614356995,0.2849690616130829,1.0,1.1436514854431152,0.819290041923523,0.0048828125,0.01755416765809059,3.5950934886932373,0.25180578231811523,4.134148597717285,207.26634216308594,0.03085736557841301,0.30139756202697754,6.411441802978516,82.4000015258789,61.57305145263672,1.0362880229949951,12.156497955322266,0.00036499687121249735,0.3958333432674408,2.269129991531372,0.17444277895065685,5.785102844238281,2.549480567589375,0.2708333432674408,0.11935558698032417,0.40021055936813354,2.1678223609924316,1.0289552211761475,-20.475597381591797,0.3542425036430359,0.3587014079093933,0.02083333395421505,0.24890699982643127,1.1230110885662725e-06,4.949082193653003e-07,0.3903556764125824,0.7489778399467468,0.5,48
16182,0.35021141171455383,0.6560371518135071,0.9999999403953552,1.348788857460022,0.7216701507568359,0.0068359375,0.030679065734148026,4.487909317016602,0.3923921585083008,9.819109916687012,268.138427734375,0.04089350998401642,0.33955642580986023,6.812488555908203,97.07142639160156,61.356746673583984,1.0395257472991943,12.156874656677246,0.00030577153665944934,1.5833333730697632,3.2786388397216797,0.48292399548799675,45.04781723022461,13.739792424544921,0.9166666865348816,0.2795875753783301,0.4632124602794647,2.2445170879364014,1.284430980682373,-21.82030487060547,0.3175954818725586,0.3465484082698822,0.0833333358168602,0.36484843492507935,3.8038474485802e-06,1.160191049679993e-06,0.3978908360004425,1.3089734315872192,0.5,48
16213,0.14046752452850342,0.1732652336359024,1.0,0.9494096040725708,0.8354572057723999,0.009765625,0.05175532400608063,5.299745082855225,0.6655216813087463,22.638107299804688,674.3612060546875,0.05492175742983818,0.36732837557792664,7.053699016571045,93.9000015258789,60.234779357910156,0.739927351474762,12.162933349609375,0.0002678412711247802,0.7291666865348816,2.798722743988037,0.26053551946003095,184.19940185546875,65.81552302492057,0.4375,0.15632130741660097,0.3839326798915863,2.714815139770508,1.3501918315887451,-37.51386260986328,0.2132117599248886,0.25730273127555847,0.1458333432674408,0.7104155421257019,2.187497102568159e-06,7.81605501813671e-07,1.0057202577590942,1.9463986158370972,0.5,48
16290,0.1325615495443344,0.1634467989206314,0.9999999403953552,0.8753806948661804,0.873934268951416,0.0029296875,0.012146925553679466,4.146150588989258,0.2262449562549591,5.093961238861084,363.2276611328125,0.020013848319649696,0.23379167914390564,6.128914833068848,88.66666412353516,55.90974044799805,0.9871624708175659,12.157716751098633,0.0003352017665747553,0.4166666865348816,2.0047197341918945,0.2078428607001327,9.70863151550293,4.84288716347057,0.2708333432674408,0.13509785796847834,0.33207833766937256,3.113117218017578,1.1886616945266724,-41.833580017089844,0.24160057306289673,0.26124557852745056,0.1041666716337204,0.4940154552459717,8.754600457905326e-07,4.36699468006403e-07,0.5239228010177612,0.5182688236236572,0.5,48
