feature,crowding,crowd_max,dec_norm,enc_norm,enc_dec_cos,frequency,act_mag,act_mean_firing,act_std,act_max,act_kurtosis,bin_entropy,act_entropy,coact_entropy,coact_count,logit_l2,logit_linf,logit_entropy,logit_top10_mass,collateral_raw,effect_l2,collateral_ctilde,stab_signed,stab_abs,kl_mean,kl_per_effect,effect_cv,ctx_mean_act,intervention_value,n_ctx
49,0.46061983704566956,0.5075934529304504,1.0000554323196411,1.3055983781814575,0.40569621324539185,0.009765625,0.01105227880179882,1.1317533254623413,0.14722712337970734,4.427458763122559,471.55023193359375,0.05492175742983818,0.35066285729408264,7.018289089202881,79.9000015258789,29.958751678466797,0.6648026704788208,10.534355163574219,0.0011657439172267914,17.041667938232422,7.247359752655029,2.351431210307311,0.3145197629928589,0.3145197629928589,0.00041396659798920155,5.71196424003032e-05,0.4246273934841156,0.4590611159801483,1.0,48
126,0.4339897334575653,0.5369232296943665,1.000056505203247,2.184908866882324,0.3063611388206482,0.0029296875,0.005290818866342306,1.805932879447937,0.13834528625011444,5.39556360244751,1207.5086669921875,0.020013848319649696,0.17618611454963684,5.941590309143066,80.0,49.57696533203125,1.3388164043426514,10.522846221923828,0.001355583779513836,14.875,4.2483625411987305,3.5013490069963136,0.6108546257019043,0.6108546257019043,0.00011583730520214885,2.726634175076792e-05,0.3187907040119171,0.22574160993099213,1.0,48
186,0.3227296769618988,0.3896539807319641,1.0000590085983276,0.8947510719299316,0.603386640548706,0.02734375,0.015938300639390945,0.5828863978385925,0.12857729196548462,2.23063588142395,145.8197021484375,0.1253839135169983,0.4813019037246704,7.632038116455078,70.51786041259766,36.719512939453125,0.8257938623428345,10.526604652404785,0.0011558674741536379,12.083333969116211,3.273668050765991,3.691068778148779,0.5876336097717285,0.5876336097717285,6.273733015405014e-05,1.9164230761798896e-05,0.2180221974849701,0.4169253408908844,1.0,48
321,0.5554981231689453,0.6520383954048157,1.0000534057617188,2.02223801612854,0.3274998664855957,0.00244140625,0.009235532023012638,3.7828738689422607,0.19973568618297577,5.708457946777344,581.0026245117188,0.01712392456829548,0.2011873573064804,5.7861528396606445,76.4000015258789,42.08195114135742,1.4131370782852173,10.49218463897705,0.0018213423900306225,14.645833969116211,3.641299247741699,4.02214510053739,0.5269079804420471,0.5269079804420471,0.00010760738223325461,2.9551919415706507e-05,0.3403911888599396,0.39404937624931335,1.0,48
371,0.48827263712882996,0.5287736058235168,1.000035047531128,1.3969169855117798,0.40873050689697266,0.015625,0.01653897948563099,1.0584946870803833,0.17908243834972382,3.7996299266815186,210.01475524902344,0.08048483729362488,0.3994578719139099,7.301706314086914,78.09375,32.720436096191406,0.6830572485923767,10.52725601196289,0.0011151210637763143,20.08333396911621,7.739265441894531,2.594992263018956,0.30634579062461853,0.30634579062461853,0.0004511374863795936,5.8292029028304944e-05,0.4159178137779236,0.6165348887443542,1.0,48
372,0.4543975293636322,0.5332961678504944,1.0000320672988892,0.8855603933334351,0.5713434219360352,0.04638671875,0.03329674154520035,0.7178076505661011,0.19283418357372284,3.130570650100708,70.11775207519531,0.18773546814918518,0.5585079193115234,8.050586700439453,80.4000015258789,26.401182174682617,0.632702112197876,10.529497146606445,0.0012349756434559822,17.64583396911621,6.804780006408691,2.5931527435958204,0.28237420320510864,0.28237420320510864,0.0003165210655424744,4.651451843839654e-05,0.38890063762664795,0.556548535823822,1.0,48
503,0.36198779940605164,0.620281994342804,1.0000519752502441,2.5534989833831787,0.3798238933086395,0.0166015625,0.039371900260448456,2.3715779781341553,0.3560727536678314,5.792791366577148,136.58770751953125,0.08450048416852951,0.43790403008461,6.887158393859863,92.05882263183594,39.83533477783203,1.0958515405654907,10.55136489868164,0.0011336449533700943,9.729166984558105,3.8948256969451904,2.4979723655436525,0.5224756598472595,0.5280576348304749,9.721225069370121e-05,2.495933271682835e-05,0.3745367228984833,1.189026951789856,1.0,48
598,0.39924636483192444,0.588839054107666,1.000046968460083,2.208515167236328,0.3630470335483551,0.00244140625,0.004154224880039692,1.7015705108642578,0.10216261446475983,3.829655647277832,1050.1180419921875,0.01712392456829548,0.18223349750041962,6.0301313400268555,102.0,41.700565338134766,0.9816619157791138,10.52552604675293,0.0012257024645805359,9.270833969116211,4.006649971008301,2.313861708175253,0.6640560030937195,0.6640560030937195,8.17288164398633e-05,2.0398292046288425e-05,0.3343866467475891,0.17724691331386566,1.0,48
638,0.4339107573032379,0.5022024512290955,1.0000234842300415,1.2410838603973389,0.45234590768814087,0.03466796875,0.03929031640291214,1.1333318948745728,0.28270795941352844,3.8433897495269775,94.42857360839844,0.15061156451702118,0.5058014392852783,7.799237251281738,84.32394409179688,29.78896713256836,0.9489341974258423,10.517671585083008,0.0015738510992377996,17.791667938232422,7.28668212890625,2.441669280897574,0.29839858412742615,0.29839858412742615,0.00030277861515060067,4.1552329219077e-05,0.42179879546165466,0.910214364528656,1.0,48
661,0.39056017994880676,0.6154675483703613,1.0000513792037964,1.4026907682418823,0.4828881621360779,0.0078125,0.016877515241503716,2.1603219509124756,0.27985724806785583,8.299736022949219,510.8919677734375,0.04568839073181152,0.29152441024780273,6.856884479522705,80.0,36.75946807861328,1.5279591083526611,10.525221824645996,0.0017769397236406803,11.6875,4.145098686218262,2.8195951065442593,0.5087772011756897,0.5087772011756897,0.0001320938899880275,3.186748969537011e-05,0.3375806510448456,0.72010737657547,1.0,48
776,0.32613998651504517,0.47477152943611145,1.0000596046447754,0.9969750642776489,0.5160180926322937,0.00830078125,0.008321027271449566,1.002439022064209,0.10852228850126266,2.5589513778686523,269.11614990234375,0.04803864285349846,0.3431304097175598,6.74837589263916,79.11764526367188,46.913082122802734,0.8320750594139099,10.543708801269531,0.0009148850804194808,14.041666984558105,3.890679121017456,3.6090529472385593,0.685631275177002,0.685631275177002,8.998996054288e-05,2.31296278907859e-05,0.17181159555912018,0.3503212034702301,1.0,48
914,0.4539014995098114,0.6818622946739197,1.0000349283218384,2.7964320182800293,0.2846945524215698,0.00341796875,0.021607253700494766,6.321665287017822,0.43272364139556885,13.395310401916504,587.6551513671875,0.02282176911830902,0.22596006095409393,6.012440204620361,72.0,37.71422576904297,0.7510120272636414,10.551741600036621,0.0010198800591751933,14.875,3.679208755493164,4.042988845729754,0.5620527267456055,0.5620527267456055,0.00010171950270887464,2.764711360303581e-05,0.3019157946109772,0.921909511089325,1.0,48
930,0.3549623489379883,0.45074763894081116,1.0000557899475098,1.6500766277313232,0.5023210644721985,0.0078125,0.030861487612128258,3.950270414352417,0.4109661877155304,7.531472682952881,234.1227264404297,0.04568839073181152,0.33414793014526367,6.409258842468262,109.75,39.682098388671875,1.4894165992736816,10.50783634185791,0.0018377237720414996,8.395833969116211,4.1006340980529785,2.0474477234211554,0.6252697706222534,0.6252697706222534,0.0001320423762081191,3.220047746976726e-05,0.2775915265083313,1.3167568445205688,1.0,48
981,0.38718366622924805,0.5225485563278198,1.0000349283218384,2.2564656734466553,0.3174223303794861,0.0048828125,0.015613917261362076,3.197730302810669,0.3283107280731201,13.018389701843262,1219.235107421875,0.03085736557841301,0.24568894505500793,6.20797872543335,68.0999984741211,37.012752532958984,0.9098047018051147,10.524916648864746,0.00119088776409626,12.458333969116211,4.58612060546875,2.7165299419066495,0.5741272568702698,0.5741272568702698,0.00014500680845230818,3.1618620749573754e-05,0.3629308342933655,0.6661937832832336,1.0,48
1033,0.3257710039615631,0.41331207752227783,1.000024676322937,1.6960599422454834,0.4409473240375519,0.0048828125,0.005053908098489046,1.0350403785705566,0.09279761463403702,3.1457576751708984,736.75390625,0.03085736557841301,0.2656796872615814,6.372983932495117,69.5,45.297245025634766,0.9769889712333679,10.565032958984375,0.0011114897206425667,10.125,3.8213515281677246,2.6495861212639893,0.5621280670166016,0.5621280670166016,0.00011819711653515697,3.0930710078515976e-05,0.386667400598526,0.21563340723514557,1.0,48
1128,0.4288061261177063,0.5406045913696289,1.0000290870666504,1.552621841430664,0.4243377447128296,0.0078125,0.014000282622873783,1.7920361757278442,0.21742478013038635,5.953322410583496,439.2366943359375,0.04568839073181152,0.30711057782173157,6.842362880706787,78.375,33.57179260253906,1.188319206237793,10.526229858398438,0.0014171183574944735,11.916666984558105,3.5188663005828857,3.3865074523346013,0.5100937485694885,0.5135059952735901,0.00010635863145580515,3.022525497372115e-05,0.3194197118282318,0.5973454117774963,1.0,48
1133,0.3755958080291748,0.6828296184539795,1.0000560283660889,2.158261775970459,0.4448922276496887,0.00439453125,0.008646653965115547,1.9675941467285156,0.2111310362815857,6.811252593994141,941.5947875976562,0.02823571488261223,0.20029956102371216,6.459464073181152,80.55555725097656,33.88201141357422,1.342415452003479,10.525838851928711,0.0014632123056799173,6.4791669845581055,3.2066330909729004,2.0205513947299774,0.6111301183700562,0.6111301183700562,6.435612885979936e-05,2.0069688933315615e-05,0.3171555697917938,0.3689239025115967,1.0,48
1169,0.40790387988090515,0.5284723043441772,1.0000468492507935,1.2314026355743408,0.4826495349407196,0.015625,0.018708661198616028,1.1973543167114258,0.20070622861385345,3.835435152053833,224.8574676513672,0.08048483729362488,0.40600788593292236,7.228979110717773,72.5625,33.25230407714844,0.9734163284301758,10.532535552978516,0.0013851188123226166,9.125,3.0781188011169434,2.964472965450236,0.5662272572517395,0.5662272572517395,6.8682296841871e-05,2.2313075308795036e-05,0.30267947912216187,0.6603422164916992,1.0,48
1240,0.296174556016922,0.34994643926620483,1.000054121017456,1.6165417432785034,0.47397395968437195,0.00537109375,0.008117088116705418,1.5112541913986206,0.16057997941970825,4.665778636932373,622.48828125,0.03342986851930618,0.24220025539398193,6.274232864379883,67.54545593261719,34.85487747192383,0.9351547956466675,10.532289505004883,0.0011768806725740433,6.9375,3.750607490539551,1.849700348277444,0.5647954940795898,0.5647954940795898,6.069779192330316e-05,1.618345612399361e-05,0.5335913896560669,0.34632912278175354,1.0,48
1394,0.34062883257865906,0.4416027367115021,1.0000314712524414,1.5123871564865112,0.3829120099544525,0.00390625,0.0038704476319253445,0.9908345937728882,0.07018022239208221,1.884149193763733,459.1280517578125,0.02555946074426174,0.25262853503227234,6.347661018371582,79.5,43.698699951171875,1.065489411354065,10.528116226196289,0.0012567031662911177,12.041666984558105,4.367660045623779,2.757006459111512,0.5268195271492004,0.5268195271492004,0.00012162946950411424,2.7847741801128657e-05,0.3873419463634491,0.1651390939950943,1.0,48
1460,0.373932808637619,0.5751585364341736,1.0000615119934082,1.450334906578064,0.4125745892524719,0.0029296875,0.004451157990843058,1.5193285942077637,0.09848029911518097,3.288468360900879,749.1087036132812,0.020013848319649696,0.20392227172851562,5.952946662902832,73.83333587646484,36.643062591552734,0.9725813269615173,10.536714553833008,0.0011263490887358785,13.145833969116211,3.2157788276672363,4.087916064107304,0.5443005561828613,0.5443005561828613,7.239168917294592e-05,2.2511401693737028e-05,0.21529851853847504,0.18991607427597046,1.0,48
1588,0.33047550916671753,0.40236029028892517,0.9999997019767761,1.2666929960250854,0.4056858718395233,0.00732421875,0.0063613359816372395,0.8685343861579895,0.10165493190288544,2.8113327026367188,489.7451477050781,0.0433073565363884,0.300069123506546,6.655459403991699,72.93333435058594,44.217018127441406,1.0253583192825317,10.539948463439941,0.0010929916752502322,9.604166984558105,3.6771655082702637,2.611839727322337,0.6559301614761353,0.6559301614761353,9.33527117013e-05,2.5387138881149154e-05,0.19764824211597443,0.2714170217514038,1.0,48
1608,0.3222709596157074,0.4978750944137573,1.0000685453414917,2.9529635906219482,0.4139832854270935,0.005859375,0.03562893718481064,6.080671787261963,0.5437245965003967,10.188732147216797,266.07452392578125,0.03595767915248871,0.29330646991729736,6.343601226806641,66.83333587646484,37.168827056884766,1.0321776866912842,10.52646255493164,0.0012476890115067363,7.458333492279053,3.3816401958465576,2.2055372654323935,0.6649206876754761,0.6649206876754761,5.6931105063995346e-05,1.6835352550388562e-05,0.3527989089488983,1.5201678276062012,1.0,48
1755,0.517311692237854,0.6276276707649231,1.00006103515625,1.9821250438690186,0.33145979046821594,0.01025390625,0.03044692985713482,2.9693005084991455,0.41879430413246155,10.308953285217285,343.5412902832031,0.057165034115314484,0.3416498601436615,6.954676628112793,70.57142639160156,56.443626403808594,0.9739393591880798,10.464058876037598,0.0009937196737155318,9.9375,5.244163513183594,1.894963792808506,0.6370889544487,0.6370889544487,0.00015486915071960539,2.9531716552116286e-05,0.5723839998245239,1.2538801431655884,1.0,48
1797,0.3506591022014618,0.44709089398384094,1.0000466108322144,1.256453514099121,0.4384903013706207,0.00439453125,0.0027944855391979218,0.6359007358551025,0.06402473151683807,2.4875762462615967,1158.9835205078125,0.02823571488261223,0.2195245772600174,6.373016357421875,79.44444274902344,47.89673614501953,1.4100701808929443,10.510128021240234,0.001568666659295559,11.104166984558105,4.223911762237549,2.6288823212507237,0.6084935069084167,0.6084935069084167,0.00013321146252565086,3.153746330621964e-05,0.29538068175315857,0.11923139542341232,1.0,48
1889,0.3862931430339813,0.4580337703227997,1.0000171661376953,2.021186351776123,0.3615809381008148,0.00244140625,0.006741125602275133,2.761165142059326,0.16897736489772797,6.074635028839111,959.9682006835938,0.01712392456829548,0.17485585808753967,5.897377967834473,90.0,47.46971130371094,1.4134031534194946,10.502423286437988,0.0016151319723576307,8.979166984558105,4.111329078674316,2.1840058995261327,0.6094889640808105,0.6094889640808105,0.00010457549797138199,2.5435934637161823e-05,0.3161284625530243,0.2876213788986206,1.0,48
1910,0.3776704967021942,0.4476498067378998,1.0000449419021606,1.361815094947815,0.42189326882362366,0.00244140625,0.0059518273919820786,2.437868595123291,0.16519823670387268,5.311380863189697,981.5107421875,0.01712392456829548,0.1508292555809021,5.915550231933594,82.0,39.12099075317383,1.040102481842041,10.53174877166748,0.0012004533782601357,9.291666984558105,3.6931838989257812,2.5158960977008937,0.5311353206634521,0.5311353206634521,9.566402150085196e-05,2.5902858850231832e-05,0.24722501635551453,0.25394466519355774,1.0,48
1919,0.4938186705112457,0.7247061729431152,1.0000767707824707,2.0726470947265625,0.31361448764801025,0.0087890625,0.03180890157818794,3.6191461086273193,0.5047752857208252,13.687363624572754,455.8254699707031,0.05035991966724396,0.3088841736316681,6.682704925537109,77.94444274902344,37.26766586303711,1.3458890914916992,10.52076530456543,0.0014549903571605682,12.604166984558105,4.192630767822266,3.006266865002827,0.5863350629806519,0.5863350629806519,0.00014215579722076654,3.3906109255488754e-05,0.3445710241794586,1.3468313217163086,1.0,48
1980,0.5071589946746826,0.6708869338035583,1.0000591278076172,2.305555582046509,0.3145824670791626,0.00634765625,0.015925560146570206,2.5088882446289062,0.22994861006736755,4.630130767822266,263.6038513183594,0.03844451159238815,0.30893656611442566,6.654224395751953,80.07691955566406,37.49563980102539,1.0566264390945435,10.513395309448242,0.0014025757554918528,6.8541669845581055,4.3130621910095215,1.589164882192937,0.63576340675354,0.63576340675354,9.727277210913599e-05,2.2553064986256908e-05,0.32655447721481323,0.6794905662536621,1.0,48
2001,0.32903796434402466,0.44900721311569214,1.0000444650650024,1.2407748699188232,0.4587511718273163,0.01318359375,0.022846389561891556,1.732940912246704,0.2587735950946808,6.892577648162842,343.3041687011719,0.07016520947217941,0.3928556740283966,7.178153991699219,84.88888549804688,36.80687713623047,0.9758433103561401,10.529979705810547,0.0012313933111727238,12.1875,3.6389660835266113,3.3491655835102314,0.5351401567459106,0.5351401567459106,0.00011601243022596464,3.188060213925603e-05,0.30720800161361694,0.8305008411407471,1.0,48
2008,0.4290991723537445,0.6097709536552429,1.0000680685043335,1.794796347618103,0.357111394405365,0.0068359375,0.016482220962643623,2.4111135005950928,0.31044334173202515,9.942895889282227,713.438720703125,0.04089350998401642,0.27116143703460693,6.825563430786133,86.07142639160156,38.20766067504883,1.117418885231018,10.533059120178223,0.0012013971572741866,7.895833492279053,3.724621534347534,2.119902223156532,0.5602065324783325,0.5602065324783325,0.00010358509462093934,2.7810904648323137e-05,0.29978320002555847,0.7032413482666016,1.0,48
2112,0.449301153421402,0.6059603691101074,1.0000526905059814,2.298962116241455,0.3161482810974121,0.017578125,0.04419953376054764,2.514462471008301,0.5168266296386719,13.292888641357422,321.3980407714844,0.08845767378807068,0.3947494924068451,6.796265602111816,63.27777862548828,41.08621597290039,1.0344243049621582,10.52842903137207,0.001384652336128056,16.479167938232422,4.656229496002197,3.539165738499284,0.48645448684692383,0.48645448684692383,0.00022464481298811734,4.824607822671431e-05,0.42410770058631897,1.6238865852355957,1.0,48
2187,0.4222547709941864,0.5187170505523682,1.0000312328338623,2.329284191131592,0.324263334274292,0.00439453125,0.015823952853679657,3.6008284091949463,0.41031381487846375,16.801353454589844,1400.13134765625,0.02823571488261223,0.1925966888666153,6.0951385498046875,78.11111450195312,48.923797607421875,1.4220672845840454,10.535778045654297,0.0013332879170775414,11.229166984558105,4.445350170135498,2.526047786907044,0.5836955308914185,0.5870418548583984,0.00011811473814304918,2.6570401286012735e-05,0.32805371284484863,0.6751554012298584,1.0,48
2229,0.3097439706325531,0.3816915452480316,1.0000255107879639,1.383711338043213,0.4766673445701599,0.0205078125,0.03143911808729172,1.5330312252044678,0.2709609866142273,5.21780252456665,140.68389892578125,0.10000890493392944,0.4543640911579132,7.322212219238281,86.97618865966797,41.252376556396484,1.2928402423858643,10.550352096557617,0.0013945456594228745,13.208333969116211,4.111213207244873,3.21275819841029,0.6393272876739502,0.6393272876739502,0.00014878559159114957,3.619019100421606e-05,0.2407122701406479,0.8982672691345215,1.0,48
2547,0.33888354897499084,0.4409370720386505,1.0000182390213013,1.6164692640304565,0.4828396141529083,0.00341796875,0.004196099005639553,1.2276586294174194,0.09721125662326813,2.8441898822784424,706.4506225585938,0.02282176911830902,0.19457627832889557,5.987728118896484,66.85713958740234,34.56410598754883,0.9990008473396301,10.526028633117676,0.0012635835446417332,6.520833492279053,3.385038375854492,1.9263691423791596,0.5670613050460815,0.5670613050460815,7.569806621177122e-05,2.2362542926573816e-05,0.4172724485397339,0.17903359234333038,1.0,48
2806,0.31670650839805603,0.6153159141540527,1.0000094175338745,1.2037060260772705,0.544159471988678,0.00634765625,0.004357112571597099,0.6864128112792969,0.0710148885846138,1.9050794839859009,429.4866638183594,0.03844451159238815,0.2904096245765686,6.683180809020996,79.15384674072266,49.73368453979492,0.9290412664413452,10.551539421081543,0.0009634292218834162,9.083333969116211,4.39856481552124,2.0650676594358965,0.5325535535812378,0.5325535535812378,0.0001486185210524127,3.378795742422667e-05,0.39025601744651794,0.18590347468852997,1.0,48
2934,0.31638428568840027,0.60857093334198,1.0000361204147339,1.6657516956329346,0.47344714403152466,0.00390625,0.009206796064972878,2.3569397926330566,0.20775163173675537,7.689454078674316,989.2711181640625,0.02555946074426174,0.212141215801239,6.144118309020996,73.875,37.587974548339844,0.9270862340927124,10.530416488647461,0.001213981769979,7.520833492279053,3.3896079063415527,2.2187915764594934,0.5760047435760498,0.5760047435760498,6.34030147921294e-05,1.870511762922748e-05,0.3430979251861572,0.39282330870628357,1.0,48
2997,0.30818113684654236,0.4656936526298523,1.000025749206543,0.9981058835983276,0.5775805711746216,0.00439453125,0.002895305398851633,0.6588428020477295,0.0521065779030323,1.450946569442749,533.42431640625,0.02823571488261223,0.2604009807109833,6.373604774475098,79.66666412353516,47.529563903808594,1.2052773237228394,10.52883243560791,0.001148821203969419,11.395833969116211,3.9764440059661865,2.8658353854247034,0.6102527379989624,0.6102527379989624,0.00010376000864198431,2.6093667665222482e-05,0.25545695424079895,0.12353303283452988,1.0,48
3088,0.2672954201698303,0.358858585357666,1.0000194311141968,2.5142431259155273,0.40091851353645325,0.00244140625,0.0017102982383221388,0.700538158416748,0.04345603287220001,1.5637469291687012,948.362548828125,0.01712392456829548,0.1698480099439621,6.045114994049072,89.0,38.462303161621094,0.9972510933876038,10.527688026428223,0.0012377703096717596,5.270833492279053,3.587766170501709,1.4691128761189185,0.624877393245697,0.624877393245697,5.596849587163888e-05,1.5599817004744807e-05,0.4562086760997772,0.07297272235155106,1.0,48
3113,0.36626288294792175,0.4419441521167755,1.0000468492507935,2.9609158039093018,0.33280080556869507,0.0029296875,0.01669330522418022,5.697981357574463,0.5844416618347168,26.026344299316406,1914.989013671875,0.020013848319649696,0.11040458083152771,6.012135028839111,71.0,40.525211334228516,0.9546359181404114,10.529511451721191,0.0011567882029339671,5.1041669845581055,3.6458563804626465,1.3999912333108668,0.6777984499931335,0.6777984499931335,8.63043824210763e-05,2.3671909471487596e-05,0.27544286847114563,0.7122476696968079,1.0,48
3239,0.5122988820075989,0.576869547367096,1.0000559091567993,1.4376275539398193,0.35654038190841675,0.0029296875,0.003262241603806615,1.1135118007659912,0.06987419724464417,1.8816779851913452,570.0682373046875,0.020013848319649696,0.20692679286003113,5.943324089050293,74.83333587646484,37.20063018798828,0.8417344093322754,10.538543701171875,0.0011453622719272971,20.14583396911621,7.13089656829834,2.825147405787177,0.35351336002349854,0.35351336002349854,0.0003831020731013268,5.372425036526715e-05,0.35379576683044434,0.1391889750957489,1.0,48
3251,0.3418184816837311,0.4850652515888214,1.000052571296692,1.1467801332473755,0.49922144412994385,0.01513671875,0.017040792852640152,1.1257917881011963,0.1823367476463318,3.92536997795105,238.75466918945312,0.07845399528741837,0.4045122265815735,7.200873851776123,69.32257843017578,37.86977005004883,0.9410635828971863,10.536840438842773,0.0010638231178745627,11.3125,3.3676390647888184,3.359178269633719,0.5758407115936279,0.5758407115936279,5.635898560285568e-05,1.6735458982162422e-05,0.2559175491333008,0.6085690259933472,1.0,48
3440,0.36456185579299927,0.4890918433666229,1.0000282526016235,1.8250229358673096,0.3509634733200073,0.00390625,0.011983384378254414,3.06774640083313,0.2347588986158371,6.635676860809326,567.7332763671875,0.02555946074426174,0.23805183172225952,5.894722938537598,56.0,36.2944450378418,0.8823809027671814,10.52280044555664,0.0012918972643092275,12.3125,3.774071455001831,3.262391852983639,0.5417370200157166,0.5417370200157166,0.00018176771118305624,4.816223351058564e-05,0.33241763710975647,0.5112910270690918,1.0,48
3493,0.492950439453125,0.7184643149375916,1.0000355243682861,1.9975656270980835,0.3304175138473511,0.01416015625,0.022456418722867966,1.5858877897262573,0.25679144263267517,5.250537395477295,241.2562255859375,0.07434378564357758,0.3890462815761566,6.956785678863525,65.82758331298828,31.71644401550293,0.8284711837768555,10.557934761047363,0.001119258813560009,17.27083396911621,7.740313529968262,2.231283510666033,0.3539876341819763,0.3602815866470337,0.00041507475543767214,5.362505708513897e-05,0.3695344924926758,0.8379237055778503,1.0,48
3603,0.41668567061424255,0.5563501119613647,1.0000509023666382,1.5083693265914917,0.4250536561012268,0.0087890625,0.008737490512430668,0.9941322803497314,0.14479635655879974,5.026542663574219,772.1942138671875,0.05035991966724396,0.30873438715934753,6.914811134338379,77.94444274902344,41.75468063354492,0.895195722579956,10.515237808227539,0.0011383595410734415,14.458333969116211,4.304766654968262,3.358680061982595,0.5493338108062744,0.5493338108062744,0.00014134049706626683,3.28334862413057e-05,0.33046069741249084,0.37168705463409424,1.0,48
3638,0.3765810430049896,0.620281994342804,1.0000107288360596,1.6532936096191406,0.5253031253814697,0.0166015625,0.029338505119085312,1.7672134637832642,0.292174369096756,5.099757671356201,146.55093383789062,0.08450048416852951,0.41589218378067017,7.363941192626953,81.97058868408203,32.1951789855957,0.9550009965896606,10.520966529846191,0.00135211949236691,9.229166984558105,2.9262375831604004,3.153936305831682,0.6060465574264526,0.6060465574264526,5.232939656707458e-05,1.7882825608346347e-05,0.2575773596763611,1.0377426147460938,1.0,48
3639,0.234775111079216,0.31075727939605713,1.0000519752502441,2.248030662536621,0.4559352993965149,0.00244140625,0.0033109476789832115,1.3561642169952393,0.08748745173215866,3.2934014797210693,1083.544189453125,0.01712392456829548,0.16316889226436615,5.881843090057373,86.5999984741211,37.1881217956543,0.7953391075134277,10.52940559387207,0.0011266976362094283,3.0833334922790527,3.4226813316345215,0.9008532155104422,0.621999979019165,0.621999979019165,5.988790871924721e-05,1.749736617042105e-05,0.3953098654747009,0.1412671059370041,1.0,48
3655,0.4331018626689911,0.5602738261222839,1.0000306367874146,2.346965789794922,0.2995166778564453,0.00390625,0.019131600856781006,4.8976898193359375,0.39466413855552673,11.814261436462402,654.1563720703125,0.02555946074426174,0.226276233792305,6.324609756469727,94.125,58.89622116088867,0.9904283881187439,10.562643051147461,0.0009047470521181822,17.14583396911621,4.803203582763672,3.5696662941682273,0.6248416900634766,0.6248416900634766,7.121791713871062e-05,1.4827170192411766e-05,0.4947044253349304,0.8162816166877747,1.0,48
3691,0.33058062195777893,0.3815348446369171,1.0000468492507935,1.9470022916793823,0.3499525189399719,0.00390625,0.002830549841746688,0.7246207594871521,0.06476034969091415,2.4610493183135986,1075.9219970703125,0.02555946074426174,0.21433310210704803,6.172076225280762,74.5,71.54686737060547,1.2210991382598877,10.569782257080078,0.0008877470972947776,12.729166984558105,6.173399925231934,2.0619378491764397,0.7369319796562195,0.7369319796562195,0.00020600599236786366,3.33699411230716e-05,0.3260633945465088,0.12077011913061142,1.0,48
4253,0.3011598587036133,0.475298672914505,1.0002319812774658,2.294358968734741,0.42418646812438965,0.00244140625,0.002540335990488529,1.0405216217041016,0.06311079859733582,1.9063745737075806,789.6119995117188,0.01712392456829548,0.17173415422439575,5.669471740722656,66.80000305175781,38.06484603881836,0.8330905437469482,10.543952941894531,0.0010645849397405982,6.3125,3.240940570831299,1.9477370357653545,0.577714204788208,0.577714204788208,6.200139614520594e-05,1.913067968969139e-05,0.3265463709831238,0.10838767141103745,1.0,48
4288,0.29845863580703735,0.3441343307495117,1.0000423192977905,1.5094976425170898,0.5047346949577332,0.00341796875,0.0032105324789881706,0.9393100738525391,0.0713597908616066,2.218362808227539,687.4832153320312,0.02282176911830902,0.2029598504304886,6.336737632751465,89.57142639160156,39.83844757080078,1.1326020956039429,10.526642799377441,0.0013345839688554406,5.208333492279053,3.5550668239593506,1.4650451694823485,0.6136735081672668,0.6136735081672668,7.491892029065639e-05,2.1073842993611924e-05,0.29077625274658203,0.136982724070549,1.0,48
4557,0.44484439492225647,0.6548036932945251,1.0000423192977905,2.1806371212005615,0.293390154838562,0.00537109375,0.01447809487581253,2.6955580711364746,0.35719361901283264,15.224315643310547,1608.956787109375,0.03342986851930618,0.222352534532547,5.898517608642578,68.54545593261719,39.64434051513672,1.08621346950531,10.532644271850586,0.0014024600386619568,14.479166984558105,3.773977756500244,3.836579831784541,0.57796710729599,0.57796710729599,9.5030089141801e-05,2.51803521433901e-05,0.34828871488571167,0.6177321076393127,1.0,48
4562,0.30986544489860535,0.42070531845092773,1.0000643730163574,2.290975570678711,0.3782682418823242,0.0029296875,0.012997590005397797,4.4365105628967285,0.3944001793861389,17.059133529663086,1711.42529296875,0.020013848319649696,0.15120548009872437,6.144364356994629,88.33333587646484,39.60863494873047,0.8604698777198792,10.530115127563477,0.001147397793829441,4.8125,3.6022791862487793,1.335959745988451,0.6280542016029358,0.6280542016029358,8.037543011596426e-05,2.2312382171726983e-05,0.3023098409175873,0.5545638203620911,1.0,48
4832,0.47724494338035583,0.6171165108680725,1.0000667572021484,1.6344947814941406,0.3680914044380188,0.00341796875,0.00757942721247673,2.2175238132476807,0.15284720063209534,4.715076446533203,623.0091552734375,0.02282176911830902,0.22803743183612823,6.08820104598999,72.42857360839844,41.117950439453125,1.0034688711166382,10.532434463500977,0.0012146425433456898,12.5625,4.202339172363281,2.9894064840656656,0.5880425572395325,0.5880425572395325,0.00012597895693033934,2.997829338932423e-05,0.31345686316490173,0.3233889043331146,1.0,48
4884,0.24188117682933807,0.42936331033706665,1.0000038146972656,1.3462995290756226,0.5518591403961182,0.00732421875,0.009584854356944561,1.3086521625518799,0.16502529382705688,5.5884857177734375,747.4115600585938,0.0433073565363884,0.2962549328804016,6.715268135070801,77.66666412353516,47.48076629638672,1.1429004669189453,10.524364471435547,0.0012850165367126465,9.0625,4.872615814208984,1.8598839569855063,0.7262113094329834,0.7262113094329834,0.00011070008622482419,2.2718820900023476e-05,0.31766465306282043,0.40895378589630127,1.0,48
4912,0.4347335994243622,0.5348719954490662,1.000065565109253,1.366199254989624,0.42015722393989563,0.005859375,0.005630171857774258,0.9608826637268066,0.13429154455661774,5.592281818389893,1475.73681640625,0.03595767915248871,0.2262697070837021,6.547700881958008,72.91666412353516,35.84894943237305,1.3275481462478638,10.530298233032227,0.0017710237298160791,9.9375,3.4384427070617676,2.890116491017723,0.5436530113220215,0.5436530113220215,9.966047946363688e-05,2.898419071200906e-05,0.2961605489253998,0.24022066593170166,1.0,48
5251,0.3814582824707031,0.4560192823410034,1.0000499486923218,1.8142958879470825,0.37527602910995483,0.005859375,0.009220166131854057,1.5735750198364258,0.1600445806980133,4.572800159454346,476.74090576171875,0.03595767915248871,0.2738555669784546,6.342096328735352,76.5,39.004791259765625,0.8266518115997314,10.530942916870117,0.0010478952899575233,12.729166984558105,3.4265003204345703,3.714917775286983,0.5083996653556824,0.5083996653556824,7.142647518776357e-05,2.0845313964614392e-05,0.2949827015399933,0.39339375495910645,1.0,48
5438,0.4762686789035797,0.5926876664161682,1.0000677108764648,2.00945782661438,0.3525259792804718,0.00341796875,0.015044168569147587,4.401494026184082,0.33300715684890747,9.886204719543457,743.7937622070312,0.02282176911830902,0.21017609536647797,6.120233535766602,80.14286041259766,39.49843215942383,0.9131163954734802,10.535709381103516,0.0011883203405886889,11.145833969116211,3.6391401290893555,3.0627658026671383,0.5289899706840515,0.5289899706840515,9.175796003546566e-05,2.521418701353634e-05,0.3280406892299652,0.6418845057487488,1.0,48
5508,0.34925344586372375,0.4373398721218109,1.000044822692871,1.3218574523925781,0.42640650272369385,0.017578125,0.01786620542407036,1.0163885354995728,0.16424180567264557,2.782675266265869,135.84510803222656,0.08845767378807068,0.4352165162563324,7.190209865570068,68.41666412353516,39.656063079833984,1.0674786567687988,10.527185440063477,0.001288808649405837,12.520833969116211,4.160400390625,3.009526190612629,0.487883985042572,0.487883985042572,0.0001235653180629015,2.9700342794972038e-05,0.29153719544410706,0.5661417841911316,1.0,48
5581,0.41479578614234924,0.5526667237281799,1.0000516176223755,1.8807222843170166,0.38457000255584717,0.0068359375,0.013944503851234913,2.039881706237793,0.21154256165027618,5.904932498931885,445.682861328125,0.04089350998401642,0.31033483147621155,6.734340190887451,84.64286041259766,40.766883850097656,0.9858741164207458,10.521330833435059,0.0012732762843370438,9.958333969116211,4.041396141052246,2.464082608314305,0.5621070861816406,0.5621070861816406,0.00010198211384704337,2.523437694186218e-05,0.38022616505622864,0.5949655175209045,1.0,48
5583,0.24337506294250488,0.30393096804618835,1.0000500679016113,2.3326427936553955,0.47167515754699707,0.0029296875,0.005055555142462254,1.725629448890686,0.11430303752422333,3.8297739028930664,765.6021118164062,0.020013848319649696,0.19965514540672302,6.016778945922852,72.5,37.44725036621094,0.9011055827140808,10.513954162597656,0.001198951038531959,3.6458334922790527,3.5066490173339844,1.0396915869994798,0.7155208587646484,0.7155208587646484,8.249060192611068e-05,2.3524054241843012e-05,0.3649280369281769,0.21570371091365814,1.0,48
5598,0.30626508593559265,0.3700610101222992,1.0000251531600952,1.3633710145950317,0.4149419069290161,0.00341796875,0.0031930634286254644,0.9341991543769836,0.0609811395406723,1.6810165643692017,514.9226684570312,0.02282176911830902,0.23811033368110657,6.345573902130127,95.71428680419922,43.12943649291992,0.9221249222755432,10.541754722595215,0.0010635614162310958,11.5,3.747445821762085,3.0687568323282712,0.5490323901176453,0.5490323901176453,0.00010014433064498007,2.6723356424845572e-05,0.28489378094673157,0.13623736798763275,1.0,48
5622,0.4176926612854004,0.6478980779647827,1.0000460147857666,3.0332915782928467,0.2987546920776367,0.00244140625,0.004360805731266737,1.7861859798431396,0.10521402955055237,3.2476909160614014,717.4155883789062,0.01712392456829548,0.17837630212306976,5.621341705322266,73.19999694824219,40.447723388671875,0.8918084502220154,10.53684139251709,0.0010836184956133366,14.8125,3.5868079662323,4.1297164772003025,0.5410109162330627,0.5410109162330627,0.00010397627193015069,2.898852478837486e-05,0.32070624828338623,0.1860610395669937,1.0,48
5632,0.34586647152900696,0.44750848412513733,1.000046968460083,1.3668164014816284,0.46299123764038086,0.0185546875,0.029343370348215103,1.5814532041549683,0.310201495885849,5.8653998374938965,209.04283142089844,0.09235962480306625,0.41286036372184753,7.244414329528809,70.89473724365234,34.012367248535156,1.7543977499008179,10.521354675292969,0.002396244555711746,8.0625,3.242258071899414,2.4866928530491132,0.5744833946228027,0.5744833946228027,0.00010134697367902845,3.125814513188176e-05,0.29057347774505615,1.0327180624008179,1.0,48
5690,0.36519870162010193,0.4516751766204834,1.0000473260879517,1.4847512245178223,0.4224412441253662,0.0087890625,0.011004714295268059,1.252091884613037,0.14336086809635162,2.9888060092926025,278.5180358886719,0.05035991966724396,0.34578457474708557,6.578200340270996,76.72222137451172,38.46917724609375,1.5874065160751343,10.53016471862793,0.0016227345913648605,13.770833969116211,3.6026644706726074,3.8224025698183346,0.5790475606918335,0.5790475606918335,0.00012284770491532981,3.409912457137682e-05,0.2972691059112549,0.46237626671791077,1.0,48
5734,0.23308995366096497,0.2633105516433716,1.0000343322753906,2.2027134895324707,0.4760590195655823,0.0048828125,0.0035000944044440985,0.7168193459510803,0.07911399006843567,3.0044443607330322,1094.6409912109375,0.03085736557841301,0.22278966009616852,6.581662178039551,83.0,34.48442077636719,0.8629961609840393,10.518989562988281,0.0012576128356158733,2.3333334922790527,3.230072021484375,0.7223781604668341,0.6563156247138977,0.6563156247138977,6.57048512948677e-05,2.034160559096669e-05,0.330106258392334,0.14933736622333527,1.0,48
5775,0.48252496123313904,0.6137423515319824,1.0000581741333008,2.3941235542297363,0.288633793592453,0.00390625,0.015185311436653137,3.887439727783203,0.2765096426010132,7.354047775268555,439.6326599121094,0.02555946074426174,0.2504981756210327,5.9070539474487305,67.125,46.98921203613281,0.8695170283317566,10.530679702758789,0.000985106686130166,14.875,3.935304641723633,3.779885248143334,0.5720601081848145,0.5720601081848145,0.00010490736167412251,2.6658002609321214e-05,0.3465438187122345,0.6479065418243408,1.0,48
5950,0.36440911889076233,0.6234738230705261,1.000020146369934,2.107170581817627,0.3894805312156677,0.00244140625,0.003261775942519307,1.3360234498977661,0.10324664413928986,4.484771251678467,1737.9061279296875,0.01712392456829548,0.13254091143608093,6.119773864746094,96.80000305175781,37.778594970703125,0.9481576085090637,10.521139144897461,0.0012426706962287426,9.3125,3.4291272163391113,2.715705596593421,0.6578566431999207,0.6578566431999207,6.389331974787638e-05,1.8632531116697003e-05,0.280058354139328,0.1391691118478775,1.0,48
6131,0.536335825920105,0.7128977179527283,1.0000675916671753,3.565186023712158,0.2764025330543518,0.0029296875,0.013241959735751152,4.519922256469727,0.4362281560897827,19.313596725463867,1871.13916015625,0.020013848319649696,0.1312677562236786,5.689609050750732,63.833335876464844,36.50402069091797,0.8502587676048279,10.534701347351074,0.0011338673066347837,8.75,3.05389666557312,2.8651918940112475,0.5956826210021973,0.5956826210021973,7.023536454653367e-05,2.2998605391046083e-05,0.319195032119751,0.5649903416633606,1.0,48
6162,0.3668768107891083,0.4856724739074707,1.0000495910644531,2.007229804992676,0.37863364815711975,0.00244140625,0.006731914356350899,2.757392168045044,0.20334383845329285,8.847145080566406,1746.5029296875,0.01712392456829548,0.14920325577259064,5.800292015075684,79.0,46.88065719604492,0.837791919708252,10.548669815063477,0.0009087400394491851,13.541666984558105,3.7208547592163086,3.639396811881016,0.6395635604858398,0.6395635604858398,9.748469165060669e-05,2.6199542228072248e-05,0.2696036696434021,0.28722837567329407,1.0,48
6370,0.43816301226615906,0.5596749782562256,1.0000346899032593,1.8084781169891357,0.3682219088077545,0.01025390625,0.016355257481336594,1.595026969909668,0.23106366395950317,5.301039218902588,354.4070739746094,0.057165034115314484,0.3355405032634735,6.144682884216309,55.0,52.42827224731445,1.182246446609497,10.570417404174805,0.0011668003862723708,15.520833969116211,4.048852920532227,3.8333904035076865,0.6797534823417664,0.6797534823417664,9.746341675054282e-05,2.407185897407519e-05,0.30791428685188293,0.6795039176940918,1.0,48
6389,0.277269572019577,0.4223606288433075,1.0000333786010742,1.0394130945205688,0.5275723934173584,0.00244140625,0.0012649248819798231,0.5181132555007935,0.034595489501953125,1.375413179397583,1270.4853515625,0.01712392456829548,0.1573675274848938,5.95172119140625,81.19999694824219,41.93610763549805,1.167297124862671,10.515546798706055,0.0014524307334795594,6.8541669845581055,3.8032798767089844,1.8021726480112101,0.5828946828842163,0.5828946828842163,9.955805580830202e-05,2.6176894358003873e-05,0.2561066746711731,0.053970128297805786,1.0,48
6443,0.4176628291606903,0.5849347114562988,1.0000523328781128,1.6284321546554565,0.3914386034011841,0.0048828125,0.011070397682487965,2.2672173976898193,0.2180415689945221,6.514999866485596,605.205322265625,0.03085736557841301,0.2443065643310547,6.800748825073242,112.5999984741211,40.545928955078125,0.7965404391288757,10.546903610229492,0.001009932137094438,10.8125,3.39127516746521,3.188328706513797,0.668621301651001,0.668621301651001,4.99879643029999e-05,1.474016754380962e-05,0.4019855856895447,0.4723369777202606,1.0,48
6521,0.5912901759147644,0.693057656288147,1.0000687837600708,2.5548863410949707,0.21837343275547028,0.00244140625,0.003298242576420307,1.3509601354599,0.0990830808877945,4.1190080642700195,1482.521484375,0.01712392456829548,0.1359730362892151,4.969933032989502,38.79999923706055,40.881717681884766,0.7517383694648743,10.5378999710083,0.0010093820746988058,18.104167938232422,6.681851863861084,2.7094536484794887,0.3609411120414734,0.3701820969581604,0.0003482286701910198,5.211559261785866e-05,0.30988743901252747,0.1407250314950943,1.0,48
6596,0.4424555003643036,0.6137949824333191,1.0000674724578857,1.7626192569732666,0.37703949213027954,0.00390625,0.007098065223544836,1.817104697227478,0.13988378643989563,4.496673583984375,666.086669921875,0.02555946074426174,0.23897626996040344,6.033209323883057,63.75,41.64390563964844,1.012310266494751,10.49682903289795,0.0013414784334599972,9.166666984558105,3.7370574474334717,2.45291036837672,0.5005739331245422,0.5005739331245422,0.00010482282959856093,2.804956327071057e-05,0.3325364291667938,0.30285075306892395,1.0,48
6628,0.28352653980255127,0.3687795400619507,1.000032663345337,1.8139005899429321,0.49194422364234924,0.00634765625,0.008402650244534016,1.3237406015396118,0.13777956366539001,3.5811898708343506,396.01458740234375,0.03844451159238815,0.28558769822120667,6.543973922729492,73.61538696289062,35.04262161254883,0.6527643799781799,10.538125991821289,0.000989949214272201,11.395833969116211,2.9907002449035645,3.8104233115410193,0.6185221076011658,0.6185221076011658,6.469550135079771e-05,2.163222517693731e-05,0.2645004093647003,0.3585130274295807,1.0,48
6730,0.34188583493232727,0.44919735193252563,1.0000301599502563,1.0862720012664795,0.5701802372932434,0.02001953125,0.023890912532806396,1.1933802366256714,0.25357121229171753,5.991325855255127,314.5886535644531,0.09811511635780334,0.42225557565689087,7.541153907775879,85.1463394165039,30.520252227783203,1.4110503196716309,10.50759506225586,0.0015491287922486663,11.125,2.7888622283935547,3.98908194418676,0.5234552621841431,0.5234552621841431,5.1220355089753866e-05,1.8366039879853624e-05,0.22171178460121155,0.7846409678459167,1.0,48
6872,0.36150240898132324,0.41872212290763855,1.0000323057174683,1.2408556938171387,0.5184255838394165,0.01513671875,0.011204339563846588,0.7402092814445496,0.10683570057153702,1.792880892753601,138.96200561523438,0.07845399528741837,0.4228304922580719,7.381248474121094,80.0,30.877487182617188,0.80975741147995,10.53507137298584,0.0011502521811053157,17.125,7.1789093017578125,2.3854598597522623,0.32130682468414307,0.32130682468414307,0.0004469917039386928,6.226457035842446e-05,0.5402623414993286,0.3714641034603119,1.0,48
7107,0.4856179356575012,0.6812294125556946,1.0000449419021606,2.2300267219543457,0.31108659505844116,0.00244140625,0.009153504855930805,3.7492756843566895,0.2587108016014099,9.488370895385742,1089.777587890625,0.01712392456829548,0.1457517296075821,5.8925933837890625,86.5999984741211,38.22658920288086,1.2070765495300293,10.53026008605957,0.001335094915702939,16.291667938232422,3.593428611755371,4.53373912580293,0.5906819105148315,0.5906819105148315,6.695015326840803e-05,1.8631274004742366e-05,0.3505238890647888,0.39054954051971436,1.0,48
7112,0.3541092574596405,0.506709635257721,1.000064730644226,1.2558454275131226,0.5188236236572266,0.00341796875,0.002612052019685507,0.7642117738723755,0.04944097250699997,1.594823956489563,618.3616943359375,0.02282176911830902,0.24220573902130127,6.245027542114258,79.42857360839844,49.924713134765625,1.350831389427185,10.52114486694336,0.0013864095089957118,11.458333969116211,3.9016330242156982,2.9368046324786032,0.6381443738937378,0.6381443738937378,9.692575258668512e-05,2.4842354915669056e-05,0.25463685393333435,0.1114475429058075,1.0,48
7163,0.22288821637630463,0.26057830452919006,1.0000343322753906,2.3699469566345215,0.4335586130619049,0.0029296875,0.008989252150058746,3.068331480026245,0.19001930952072144,5.699307441711426,589.994384765625,0.020013848319649696,0.2093365341424942,6.135092258453369,84.33333587646484,35.86063003540039,0.7632997035980225,10.520256042480469,0.0011539370752871037,3.3541667461395264,3.3043744564056396,1.0150685947492049,0.625762403011322,0.625762403011322,6.213588494574651e-05,1.8804129367739406e-05,0.3483871519565582,0.38354143500328064,1.0,48
7220,0.3226187229156494,0.4229000210762024,1.0001314878463745,1.854327917098999,0.48946070671081543,0.00830078125,0.03604307770729065,4.342130661010742,0.5272835493087769,13.939953804016113,367.3829040527344,0.04803864285349846,0.3173646628856659,6.564058303833008,69.5882339477539,44.3542594909668,1.6904126405715942,10.491337776184082,0.0022595643531531096,10.0625,4.682097434997559,2.1491436515809736,0.6082581281661987,0.6082581281661987,0.00023235291882883757,4.962581867600552e-05,0.4347030222415924,1.5367079973220825,1.0,48
7307,0.4047355353832245,0.4891914129257202,1.000030517578125,1.7633949518203735,0.40498337149620056,0.01708984375,0.03174255043268204,1.85739266872406,0.3510429263114929,7.7678446769714355,273.26153564453125,0.08648617565631866,0.40467527508735657,7.2376861572265625,81.5999984741211,37.922386169433594,0.866082489490509,10.535367965698242,0.0011097523383796215,9.895833969116211,3.15156888961792,3.1399706889847567,0.5983612537384033,0.5983612537384033,5.287321255309507e-05,1.6776790937207544e-05,0.31061816215515137,1.1160030364990234,1.0,48
7463,0.34110596776008606,0.416000634431839,1.0000437498092651,1.2515833377838135,0.48639610409736633,0.02294921875,0.018858924508094788,0.8217676281929016,0.19381184875965118,5.370166301727295,363.0579833984375,0.1093050092458725,0.4355807602405548,7.451170444488525,69.8723373413086,51.61720275878906,1.456393837928772,10.513280868530273,0.001375755062326789,11.604166984558105,4.354201793670654,2.665050337073405,0.6074258685112,0.6074258685112,9.78871394181624e-05,2.2481075483373818e-05,0.5192086100578308,0.596336841583252,1.0,48
7635,0.49466195702552795,0.6265050172805786,1.0000618696212769,2.2275519371032715,0.34131237864494324,0.00341796875,0.02478099800646305,7.2502121925354,0.6529324054718018,25.85127830505371,1262.97607421875,0.02282176911830902,0.17583689093589783,5.977008819580078,73.42857360839844,43.99831771850586,1.2271497249603271,10.530806541442871,0.001157084945589304,12.541666984558105,3.4515738487243652,3.633608173516896,0.6142013669013977,0.6142013669013977,8.187523781089112e-05,2.3721131623459052e-05,0.3168259859085083,1.05732262134552,1.0,48
7653,0.3371374011039734,0.49387675523757935,1.0000624656677246,1.3449809551239014,0.5596403479576111,0.0126953125,0.013581771403551102,1.0698256492614746,0.16161352396011353,4.577202796936035,396.4123229980469,0.06804874539375305,0.38264450430870056,7.1371612548828125,76.0,34.70849609375,0.8992552757263184,10.524991035461426,0.0012641893699765205,6.1875,3.1404359340667725,1.970267857776258,0.5919926762580872,0.5919926762580872,5.6974688050104305e-05,1.8142286314658516e-05,0.3727332055568695,0.5062933564186096,1.0,48
7753,0.48776817321777344,0.5848227739334106,1.0000287294387817,1.1958695650100708,0.4877621531486511,0.1044921875,0.11473581939935684,1.0980324745178223,0.4626261293888092,4.562346458435059,30.186832427978516,0.33484265208244324,0.6548082232475281,8.38316535949707,74.03738403320312,26.403982162475586,1.0078672170639038,10.534383773803711,0.001596245914697647,17.20833396911621,4.644642353057861,3.704985793090618,0.4038505554199219,0.4038505554199219,0.0001679889828665182,3.6168335414294514e-05,0.3125874698162079,1.1984996795654297,1.0,48
7922,0.4555068910121918,0.6326190829277039,1.0000476837158203,2.3744447231292725,0.30971553921699524,0.00244140625,0.003958453424274921,1.621382474899292,0.10723284631967545,3.792849540710449,1019.3050537109375,0.01712392456829548,0.15808363258838654,5.985990524291992,88.5999984741211,44.153533935546875,1.2125946283340454,10.517101287841797,0.0013731273356825113,9.4375,3.958660840988159,2.3840132699532,0.6337649822235107,0.6337649822235107,0.00010725115134846419,2.7092786016688498e-05,0.25881072878837585,0.16889400780200958,1.0,48
7993,0.2972802221775055,0.3845899999141693,1.0000437498092651,1.1854857206344604,0.49820125102996826,0.0224609375,0.0200529545545578,0.8927924036979675,0.1977115124464035,4.2728142738342285,210.5353546142578,0.10746800154447556,0.4326403737068176,7.459482669830322,74.28260803222656,42.345909118652344,0.8897884488105774,10.528517723083496,0.0010832000989466906,12.041666984558105,3.957954168319702,3.042396764095495,0.6005175113677979,0.6005175113677979,9.43202103371732e-05,2.383054630946122e-05,0.2992728352546692,0.6631386876106262,1.0,48
8093,0.39241018891334534,0.5160344243049622,1.0000431537628174,1.9308279752731323,0.3768428564071655,0.00341796875,0.006106259301304817,1.7865170240402222,0.1612257957458496,6.780747890472412,1532.6510009765625,0.02282176911830902,0.18581146001815796,5.878550052642822,64.42857360839844,36.09726333618164,1.2450008392333984,10.517356872558594,0.0016973717138171196,7.0625,3.6444480419158936,1.9378791793416372,0.5202512145042419,0.5202512145042419,0.00012907347991131246,3.541646857703412e-05,0.2584325969219208,0.26053372025489807,1.0,48
8105,0.33693501353263855,0.48414215445518494,1.0000542402267456,1.5935661792755127,0.45281916856765747,0.0029296875,0.01264251209795475,4.315310955047607,0.3380502462387085,11.617737770080566,969.3490600585938,0.020013848319649696,0.15946558117866516,5.944666862487793,72.16666412353516,40.17964172363281,0.9268167018890381,10.520245552062988,0.0011426275596022606,6.208333492279053,3.706803798675537,1.67484814754664,0.47594118118286133,0.47594118118286133,0.00010153350740438327,2.7391119855534462e-05,0.3025074005126953,0.5394138693809509,1.0,48
8404,0.4592207074165344,0.5919060707092285,1.0000683069229126,3.611494779586792,0.295104444026947,0.00244140625,0.014060585759580135,5.759215831756592,0.34728533029556274,10.820905685424805,727.5040283203125,0.01712392456829548,0.17067477107048035,5.693121910095215,68.19999694824219,40.22182846069336,1.2573447227478027,10.529399871826172,0.0015055774711072445,11.25,3.7652978897094727,2.9878114028821043,0.5243245363235474,0.5243245363235474,0.00012795034854207188,3.398146758904373e-05,0.33936595916748047,0.5999183058738708,1.0,48
8456,0.3267929255962372,0.43302109837532043,1.000065803527832,1.2513878345489502,0.5006504058837891,0.005859375,0.006728839594870806,1.1483886241912842,0.12429814785718918,4.760282516479492,1069.2017822265625,0.03595767915248871,0.2807031273841858,6.489079475402832,69.75,43.502540588378906,1.2671946287155151,10.511442184448242,0.0014331802958622575,8.458333969116211,3.8488078117370605,2.1976503792539996,0.5974685549736023,0.5974685549736023,7.105081022018567e-05,1.8460472310129195e-05,0.3774811029434204,0.28709712624549866,1.0,48
8549,0.45726466178894043,0.6144259572029114,1.0000431537628174,1.7557026147842407,0.3314583897590637,0.00390625,0.009576590731739998,2.4516072273254395,0.21015354990959167,7.589541435241699,909.29296875,0.02555946074426174,0.21707646548748016,6.123600006103516,77.75,38.830570220947266,1.7860846519470215,10.520357131958008,0.0017278704326599836,13.875,3.6474971771240234,3.8039782591142046,0.5832171440124512,0.5832171440124512,8.989499474409968e-05,2.464566526917051e-05,0.3464323878288269,0.40860119462013245,1.0,48
8720,0.4174668490886688,0.5422804951667786,1.000051736831665,1.9472845792770386,0.3175104260444641,0.00439453125,0.007463609334081411,1.6983857154846191,0.14300934970378876,4.1774702072143555,606.8046875,0.02823571488261223,0.24842569231987,6.4456281661987305,92.33333587646484,37.345645904541016,1.187169075012207,10.528595924377441,0.0013112641172483563,12.208333969116211,3.6880691051483154,3.3102237479693364,0.5525888204574585,0.5525888204574585,0.00011983030708506703,3.2491339870198734e-05,0.3002409338951111,0.3184473216533661,1.0,48
8770,0.3669588565826416,0.5481939911842346,1.0000505447387695,1.4076658487319946,0.4920938313007355,0.00732421875,0.00714375963434577,0.9753612875938416,0.1222914531826973,3.386429786682129,479.7017517089844,0.0433073565363884,0.28125301003456116,6.893651962280273,81.80000305175781,32.67605209350586,0.9460607171058655,10.527939796447754,0.0012548191007226706,9.583333969116211,3.115314245223999,3.0762013665382675,0.548018217086792,0.548018217086792,7.61342016630806e-05,2.4438690746980954e-05,0.26895779371261597,0.304800420999527,1.0,48
8892,0.38051682710647583,0.5063840746879578,1.0000165700912476,1.4765090942382812,0.38167035579681396,0.00537109375,0.007491004187613726,1.3946887254714966,0.1447811722755432,3.952624797821045,577.3659057617188,0.03342986851930618,0.24761486053466797,6.430602550506592,75.09091186523438,44.37929916381836,1.2826935052871704,10.512975692749023,0.0014718808233737946,9.604166984558105,4.019904136657715,2.3891532320598583,0.47417211532592773,0.47417211532592773,0.00014602733426727355,3.632607369225101e-05,0.3059527277946472,0.3196161687374115,1.0,48
8926,0.4204488694667816,0.5864341855049133,1.000030517578125,1.9930440187454224,0.42639535665512085,0.00244140625,0.002818258013576269,1.1543585062026978,0.06606683880090714,2.0891993045806885,730.2178344726562,0.01712392456829548,0.1855582892894745,5.794748306274414,75.0,38.34886932373047,1.7381654977798462,10.526355743408203,0.0015076700365170836,6.7291669845581055,3.2521018981933594,2.0691746982481125,0.6174452304840088,0.6174452304840088,7.860929326852784e-05,2.4171841931053652e-05,0.2565869987010956,0.12024567276239395,1.0,48
9001,0.4111264646053314,0.49908119440078735,1.000045895576477,1.3193564414978027,0.44955652952194214,0.00830078125,0.014115061610937119,1.700449824333191,0.201939195394516,4.650928020477295,332.1563720703125,0.04803864285349846,0.32644936442375183,6.752569675445557,69.94117736816406,36.84633255004883,0.8118650913238525,10.538454055786133,0.0011309534311294556,10.6875,4.2435503005981445,2.518527934806918,0.5101757645606995,0.5101757645606995,0.00017027382273226976,4.0125322022697786e-05,0.36798474192619324,0.5982174873352051,1.0,48
9004,0.29011091589927673,0.4509519636631012,1.000037670135498,1.0605863332748413,0.5646008849143982,0.005859375,0.007770500145852566,1.3261653184890747,0.13091333210468292,3.4554903507232666,467.58203125,0.03595767915248871,0.281114786863327,6.616631984710693,78.58333587646484,46.77765655517578,1.1239502429962158,10.549659729003906,0.0010899059707298875,8.6875,4.127823829650879,2.1046198523662696,0.6070144176483154,0.6070144176483154,0.0001439944317098707,3.488386067416322e-05,0.25507861375808716,0.3315413296222687,1.0,48
9029,0.3178407847881317,0.46661537885665894,1.0000441074371338,1.6598632335662842,0.4845334589481354,0.00439453125,0.009803133085370064,2.230757474899292,0.24349728226661682,10.010168075561523,1407.0965576171875,0.02823571488261223,0.20431338250637054,6.448500633239746,89.11111450195312,37.15484619140625,1.2622143030166626,10.527603149414062,0.001231407979503274,8.041666984558105,3.222573757171631,2.4954175033876935,0.6057251691818237,0.6057251691818237,6.634551391471177e-05,2.0587740951215373e-05,0.3493022322654724,0.41826701164245605,1.0,48
9125,0.35231438279151917,0.49741843342781067,1.0000368356704712,1.4009405374526978,0.5430974960327148,0.0068359375,0.010076167061924934,1.473999261856079,0.18267814815044403,6.1033172607421875,747.6014404296875,0.04089350998401642,0.2799777388572693,6.738370895385742,81.35713958740234,45.17129135131836,1.3071585893630981,10.50576400756836,0.0015542814508080482,7.833333492279053,3.848824977874756,2.0352532310398614,0.6277348399162292,0.6277348399162292,9.05729248188436e-05,2.3532617124494445e-05,0.335175484418869,0.42991650104522705,1.0,48
9280,0.3317180573940277,0.3926522135734558,1.0000628232955933,1.4706122875213623,0.4936888515949249,0.005859375,0.007313597481697798,1.2481873035430908,0.10642246901988983,2.503002882003784,288.84771728515625,0.03595767915248871,0.30705496668815613,6.5093488693237305,72.83333587646484,38.78557586669922,1.2818002700805664,10.51484203338623,0.0016192798502743244,10.583333969116211,3.5191287994384766,3.0073732853231143,0.6116864681243896,0.6116864681243896,9.538468293612823e-05,2.710462961182376e-05,0.27499017119407654,0.3120467960834503,1.0,48
9339,0.5194336175918579,0.6328595280647278,1.0000228881835938,2.1730825901031494,0.30388250946998596,0.0078125,0.041935455054044724,5.367738246917725,0.5774648189544678,13.613276481628418,292.2589416503906,0.04568839073181152,0.32822439074516296,6.612431526184082,73.25,30.16985511779785,1.1883485317230225,10.531288146972656,0.0014678137376904488,16.6875,3.3540401458740234,4.975342937017232,0.48784691095352173,0.48784691095352173,0.00017957556701730937,5.354007664541932e-05,0.3313945233821869,1.7892459630966187,1.0,48
9364,0.29226404428482056,0.4608050584793091,1.0000264644622803,1.0863345861434937,0.5772973299026489,0.01611328125,0.02209686115384102,1.3713445663452148,0.25656798481941223,5.7639384269714355,296.6456298828125,0.08250018209218979,0.39673978090286255,7.2684125900268555,76.24242401123047,36.658878326416016,0.7881896495819092,10.533784866333008,0.0010919885244220495,8.8125,3.3933887481689453,2.5969615119356906,0.5000900030136108,0.5000900030136108,9.334324568044394e-05,2.7507383424825e-05,0.26613283157348633,0.7820921540260315,1.0,48
9381,0.4030764698982239,0.5029330849647522,1.000043272972107,1.0126285552978516,0.5702115893363953,0.02783203125,0.017470404505729675,0.6277085542678833,0.1410398930311203,3.0068881511688232,177.8332061767578,0.1271233856678009,0.4801004230976105,7.563159942626953,67.71929931640625,32.63851547241211,0.8694308400154114,10.537253379821777,0.0012534086126834154,14.3125,3.9673612117767334,3.6075616007534412,0.49679383635520935,0.49679383635520935,0.00016153497563209385,4.071597381792032e-05,0.3618052899837494,0.4373980760574341,1.0,48
9585,0.3103272616863251,0.40836530923843384,1.0000317096710205,1.4203972816467285,0.4963569939136505,0.00341796875,0.007474503945559263,2.186826229095459,0.1518358588218689,4.697083950042725,634.9281616210938,0.02282176911830902,0.22768400609493256,6.066896438598633,70.0,34.87001419067383,0.8214196562767029,10.534296989440918,0.0011521698907017708,6.708333492279053,3.783433437347412,1.773080876308874,0.5765323638916016,0.5765323638916016,9.850112837739289e-05,2.603485160983937e-05,0.3344770669937134,0.31891217827796936,1.0,48
9633,0.3465402126312256,0.5077640414237976,1.0000301599502563,1.6723564863204956,0.42778974771499634,0.00341796875,0.004192261956632137,1.2265360355377197,0.08966153115034103,2.9587879180908203,811.7006225585938,0.02282176911830902,0.22271040081977844,5.958737373352051,72.85713958740234,33.92160415649414,1.1376112699508667,10.529523849487305,0.0012744719861075282,7.583333492279053,3.378430128097534,2.2446323239791455,0.531349778175354,0.531349778175354,7.059751078486443e-05,2.089654303895696e-05,0.3501432240009308,0.1788698434829712,1.0,48
9791,0.4029165208339691,0.5349496603012085,1.000057339668274,1.721588134765625,0.3279806971549988,0.00390625,0.0060978904366493225,1.5610599517822266,0.14014360308647156,5.012555122375488,926.2344970703125,0.02555946074426174,0.208096444606781,6.367508411407471,96.0,38.20923614501953,0.8458386063575745,10.532243728637695,0.0010972474701702595,17.625,3.7348334789276123,4.7190858848865815,0.5312562584877014,0.5312562584877014,0.00011771054414566606,3.151694566695782e-05,0.32470399141311646,0.2601766586303711,1.0,48
9928,0.27306079864501953,0.32523801922798157,1.0000704526901245,2.358281373977661,0.46101170778274536,0.0029296875,0.0033555019181221724,1.145344614982605,0.0664457306265831,1.7993249893188477,478.3435974121094,0.020013848319649696,0.2236589789390564,6.230358123779297,90.33333587646484,35.300899505615234,1.0797277688980103,10.51780891418457,0.0012605105293914676,3.2916667461395264,3.6369731426239014,0.9050566523332038,0.712652325630188,0.712652325630188,5.537588003790006e-05,1.5225814905438338e-05,0.36566564440727234,0.14316807687282562,1.0,48
9960,0.37784886360168457,0.518775463104248,1.0000300407409668,1.659930944442749,0.40555447340011597,0.00244140625,0.002965520368888974,1.214677095413208,0.06970690935850143,2.443702220916748,869.1533813476562,0.01712392456829548,0.18845488131046295,5.721355438232422,67.4000015258789,43.190757751464844,1.1044803857803345,10.541040420532227,0.0011909124441444874,7.0625,4.181738376617432,1.688890922158521,0.5752732753753662,0.5752732753753662,0.00012378885003272444,2.960224638367587e-05,0.3664904832839966,0.12652885913848877,1.0,48
10056,0.3493865430355072,0.5330803394317627,1.0000401735305786,1.951737880706787,0.44427934288978577,0.005859375,0.011616777628660202,1.982596755027771,0.21805676817893982,7.380431652069092,746.9425048828125,0.03595767915248871,0.2639918327331543,6.605618000030518,78.33333587646484,35.63416290283203,0.961421549320221,10.525165557861328,0.0012474062386900187,11.333333969116211,3.3806095123291016,3.352452832620553,0.5599226951599121,0.5599226951599121,7.649300096090883e-05,2.2626985002458457e-05,0.3051290810108185,0.49564918875694275,1.0,48
10081,0.3272061347961426,0.43539369106292725,1.0000427961349487,1.2915828227996826,0.42181679606437683,0.01220703125,0.015295497141778469,1.253007173538208,0.18755589425563812,4.238897800445557,289.05120849609375,0.06591325998306274,0.37084051966667175,7.130699157714844,87.4800033569336,38.179290771484375,1.2028168439865112,10.531185150146484,0.0012866094475612044,14.166666984558105,3.890655040740967,3.6412035505075413,0.5375196933746338,0.5375196933746338,0.00013044341176282614,3.352736494539229e-05,0.2872164249420166,0.5994752645492554,1.0,48
10090,0.35383161902427673,0.48314082622528076,1.0000314712524414,1.2309985160827637,0.5056856870651245,0.00537109375,0.004719375167042017,0.8786618709564209,0.07689046859741211,1.9424097537994385,419.5081787109375,0.03342986851930618,0.287305623292923,6.530650615692139,77.81818389892578,44.59325408935547,1.0723364353179932,10.527974128723145,0.0012482063611969352,13.145833969116211,4.158749580383301,3.161006375453492,0.59984290599823,0.59984290599823,0.00012226541002746671,2.9399560461681426e-05,0.2816697657108307,0.20136000216007233,1.0,48
10132,0.35380735993385315,0.4828225374221802,1.0000065565109253,1.913747787475586,0.37497442960739136,0.01611328125,0.03196373209357262,1.9836885929107666,0.3333396911621094,8.037555694580078,239.70054626464844,0.08250018209218979,0.41002050042152405,7.112511157989502,70.81818389892578,50.24170684814453,1.275403380393982,10.535722732543945,0.0012677354970946908,11.8125,4.482212066650391,2.635417467534829,0.6206529140472412,0.6206529140472412,0.0001373040722683072,3.0633104797423184e-05,0.3137448728084564,1.1196953058242798,1.0,48
10163,0.4428221881389618,0.5393567085266113,1.0000237226486206,1.0286366939544678,0.5435957908630371,0.04150390625,0.0371146984398365,0.8942459225654602,0.2527373433113098,4.055003643035889,111.45479583740234,0.17269453406333923,0.5284920334815979,7.808653831481934,70.05882263183594,29.950145721435547,1.0692050457000732,10.536214828491211,0.0012903902679681778,16.229167938232422,4.535933494567871,3.5779113432524934,0.4276907444000244,0.4276907444000244,0.00021394672512542456,4.7167077054805025e-05,0.4049680531024933,0.8015766739845276,1.0,48
10190,0.4073055684566498,0.4737151563167572,1.0000289678573608,1.3198494911193848,0.43511179089546204,0.00537109375,0.004987452644854784,0.9285730123519897,0.0918038934469223,3.0939600467681885,724.2808837890625,0.03342986851930618,0.265292227268219,6.153642654418945,56.0,38.11212158203125,0.817257821559906,10.535921096801758,0.0010620892280712724,16.08333396911621,7.020689010620117,2.2908483657200382,0.35405075550079346,0.35405075550079346,0.0002554150705691427,3.638034241638901e-05,0.5278528332710266,0.21279799938201904,1.0,48
10240,0.42597028613090515,0.5802690386772156,1.0000196695327759,2.0880286693573,0.326202392578125,0.00244140625,0.0021116770803928375,0.8649429082870483,0.05383368209004402,1.8734359741210938,877.8944702148438,0.01712392456829548,0.16639399528503418,5.83635139465332,79.4000015258789,51.155921936035156,1.148673415184021,10.510899543762207,0.001260688528418541,11.541666984558105,4.683836460113525,2.4641481525247104,0.5842286348342896,0.5842286348342896,0.00015616403834428638,3.334105264791649e-05,0.36937570571899414,0.09009822458028793,1.0,48
10283,0.3227349519729614,0.47318410873413086,1.0000807046890259,1.5453464984893799,0.47090578079223633,0.0048828125,0.009534296579658985,1.952623963356018,0.1620827168226242,4.920337200164795,521.1250610351562,0.03085736557841301,0.2751466631889343,5.974122047424316,63.69999694824219,34.75932693481445,0.8871843814849854,10.524028778076172,0.0012826105812564492,10.875,3.0973215103149414,3.511098195221983,0.5869839787483215,0.5869839787483215,7.388861558865756e-05,2.3855649180761974e-05,0.2055918574333191,0.4067966043949127,1.0,48
10382,0.4233863949775696,0.5503143668174744,1.0000317096710205,1.6846147775650024,0.3649035692214966,0.0048828125,0.008900259621441364,1.8227732181549072,0.20529329776763916,8.408738136291504,1381.5987548828125,0.03085736557841301,0.22589528560638428,6.318972587585449,66.9000015258789,37.582454681396484,1.1912496089935303,10.531281471252441,0.0014203955652192235,7.9791669845581055,4.371917247772217,1.8250956077389313,0.5206785202026367,0.5234672427177429,0.0001215337761095725,2.7798736559690075e-05,0.3985263407230377,0.37974438071250916,1.0,48
10509,0.3385624885559082,0.45021024346351624,1.0000249147415161,1.224297285079956,0.5152765512466431,0.01416015625,0.026843933388590813,1.8957370519638062,0.2993517220020294,6.159228324890137,245.1817169189453,0.07434378564357758,0.3956572711467743,7.139479637145996,80.48275756835938,38.808799743652344,0.895891547203064,10.525144577026367,0.0011836434714496136,10.916666984558105,3.928678035736084,2.778712548463039,0.5725906491279602,0.5725906491279602,0.00010790802480187267,2.7466751804462215e-05,0.3259966969490051,0.9719142317771912,1.0,48
10612,0.2459425926208496,0.2676197588443756,1.000050663948059,2.3817217350006104,0.444183349609375,0.00244140625,0.0021603296045213938,0.8848710060119629,0.06866030395030975,3.0061655044555664,1791.5902099609375,0.01712392456829548,0.13564640283584595,6.0537333488464355,87.5999984741211,37.015506744384766,0.8107112050056458,10.51997184753418,0.001156964455731213,3.6041667461395264,3.277017593383789,1.0998313656960308,0.6374363899230957,0.6374363899230957,6.554393621627241e-05,2.000109372271694e-05,0.3465034067630768,0.09217406064271927,1.0,48
10753,0.3689432144165039,0.5254787802696228,1.000041127204895,1.371983289718628,0.4805833101272583,0.0341796875,0.05430718511343002,1.588873028755188,0.4018505811691284,7.017301082611084,119.30551147460938,0.1489836424589157,0.5018060207366943,7.349411487579346,64.25714111328125,41.468780517578125,1.1914920806884766,10.53249454498291,0.001336453715339303,11.395833969116211,4.09224796295166,2.7847369085252707,0.5847182273864746,0.5847182273864746,8.138160046655685e-05,1.988677152617852e-05,0.35478949546813965,1.2835668325424194,1.0,48
10804,0.36035388708114624,0.49347758293151855,1.000060796737671,2.0899927616119385,0.38565683364868164,0.00634765625,0.012566410936415195,1.979693055152893,0.2040576934814453,5.83402156829834,494.847900390625,0.03844451159238815,0.29289042949676514,6.5792694091796875,73.92308044433594,45.102684020996094,1.3640978336334229,10.520586013793945,0.0015707616694271564,9.479166984558105,3.949289321899414,2.400220948106401,0.5940154790878296,0.5940154790878296,8.692218398209661e-05,2.2009576072333833e-05,0.2712417244911194,0.5361668467521667,1.0,48
10961,0.34408077597618103,0.4404139220714569,1.0000462532043457,1.1921226978302002,0.4530026316642761,0.01025390625,0.011444918811321259,1.116152048110962,0.17038816213607788,4.38126277923584,457.09600830078125,0.057165034115314484,0.32843253016471863,6.843717575073242,69.47618865966797,41.72391128540039,1.0093464851379395,10.51102066040039,0.00122356740757823,10.75,3.9923949241638184,2.6926193869273405,0.4673798978328705,0.4673798978328705,0.00011658160656224936,2.9200920371037048e-05,0.33574098348617554,0.47727739810943604,1.0,48
11054,0.44171974062919617,0.5809840559959412,1.0000402927398682,2.1119046211242676,0.3374890983104706,0.0048828125,0.012298907153308392,2.5188162326812744,0.24702173471450806,8.910356521606445,888.8151245117188,0.03085736557841301,0.24632975459098816,6.349761009216309,71.30000305175781,40.56453323364258,1.0451945066452026,10.54071044921875,0.0011734763393178582,10.729166984558105,3.9305639266967773,2.7296762391746854,0.5645997524261475,0.5645997524261475,0.0001422879722667858,3.620039631930368e-05,0.3932710587978363,0.5247533917427063,1.0,48
11063,0.28709685802459717,0.3687766194343567,1.000116229057312,1.408285140991211,0.47950926423072815,0.00341796875,0.008003851398825645,2.341698169708252,0.17869596183300018,5.679098606109619,719.948486328125,0.02282176911830902,0.2035135179758072,5.761421203613281,64.28571319580078,42.55553436279297,0.7976534962654114,10.55445671081543,0.0009349936153739691,12.4375,4.39615535736084,2.8291766238158798,0.5704085230827332,0.5704085230827332,0.00012291758321225643,2.7960245473773598e-05,0.3465028405189514,0.3414976894855499,1.0,48
11104,0.47766515612602234,0.6372062563896179,1.0000485181808472,1.5814653635025024,0.36113739013671875,0.01123046875,0.025158198550343513,2.240173578262329,0.3087305426597595,6.840322971343994,304.44317626953125,0.06158214434981346,0.37161269783973694,7.231647491455078,99.0434799194336,50.31486129760742,0.9707887768745422,10.526747703552246,0.0010078842751681805,11.6875,4.452088832855225,2.6251722309531775,0.6742315292358398,0.6742315292358398,0.00012271254672668874,2.7562915085043637e-05,0.4302469789981842,0.9727713465690613,1.0,48
11367,0.398540735244751,0.58561110496521,1.00005042552948,1.2176527976989746,0.5328817367553711,0.013671875,0.04910260811448097,3.5915050506591797,0.555256724357605,11.277243614196777,230.97946166992188,0.07226333767175674,0.3870208263397217,7.181907653808594,79.67857360839844,49.403560638427734,1.3128278255462646,10.499164581298828,0.0015181724447757006,10.8125,4.598806381225586,2.3511535559813943,0.5162268280982971,0.5162268280982971,0.00021406603627838194,4.654817317093733e-05,0.35282936692237854,1.8728171586990356,1.0,48
11375,0.31083565950393677,0.3915698528289795,1.0000241994857788,1.197083592414856,0.47717225551605225,0.005859375,0.006746111437678337,1.1513363122940063,0.11742575466632843,3.6112377643585205,577.076416015625,0.03595767915248871,0.2792946994304657,6.380481719970703,62.58333206176758,44.01265335083008,0.9497949481010437,10.538043975830078,0.0010823940392583609,9.895833969116211,3.886093854904175,2.5464732230188236,0.5046289563179016,0.5046289563179016,0.0001229830813826993,3.164696624890503e-05,0.26871979236602783,0.287834107875824,1.0,48
11553,0.4429703652858734,0.6104356646537781,1.0000550746917725,1.5916427373886108,0.4065093696117401,0.00390625,0.009736621752381325,2.492575168609619,0.17530877888202667,4.506765842437744,453.0917663574219,0.02555946074426174,0.2542145252227783,6.355062484741211,82.875,42.60334014892578,1.6513357162475586,10.508405685424805,0.001821346813812852,11.270833969116211,4.67042875289917,2.413233247159055,0.6881494522094727,0.6881494522094727,0.00012801314005628228,2.7409290785717518e-05,0.3060740530490875,0.4154292047023773,1.0,48
11625,0.3276234269142151,0.40501168370246887,1.0000773668289185,1.5105699300765991,0.5089783668518066,0.00732421875,0.010007974691689014,1.366422176361084,0.16634762287139893,4.581732273101807,574.6504516601562,0.0433073565363884,0.2974291145801544,6.85698127746582,82.0,36.87184524536133,1.0607367753982544,10.539131164550781,0.001189251895993948,11.333333969116211,3.1161975860595703,3.6369112098177614,0.5763596892356873,0.5763596892356873,7.032506255200133e-05,2.2567587703978503e-05,0.31074368953704834,0.42700693011283875,1.0,48
11891,0.37162265181541443,0.5971493721008301,1.0000574588775635,1.4772019386291504,0.43918853998184204,0.009765625,0.00652227783575654,0.6678812503814697,0.10841167718172073,4.164555072784424,1077.876220703125,0.05492175742983818,0.32300981879234314,6.9466142654418945,71.05000305175781,34.08418655395508,0.7487086057662964,10.537370681762695,0.0011275019496679306,12.145833969116211,3.116112470626831,3.8977521012569416,0.5326055288314819,0.5326055288314819,9.111507097259164e-05,2.923998139960054e-05,0.27893564105033875,0.2708604633808136,1.0,48
12001,0.41691771149635315,0.5294656753540039,1.0000509023666382,2.0223560333251953,0.31249740719795227,0.00537109375,0.011427972465753555,2.127680778503418,0.2483215034008026,9.935555458068848,1267.6279296875,0.03342986851930618,0.2420869618654251,6.501596450805664,82.36363983154297,54.85243225097656,1.1844786405563354,10.539186477661133,0.0010851977858692408,10.458333969116211,4.909878253936768,2.130059729980079,0.6644020676612854,0.6644020676612854,0.0001224800362251699,2.4945636050651227e-05,0.2995503842830658,0.48759353160858154,1.0,48
12056,0.39119699597358704,0.5067686438560486,1.000047206878662,1.342169165611267,0.5499468445777893,0.02392578125,0.0990409255027771,4.1395063400268555,0.9144021272659302,16.099777221679688,165.97776794433594,0.11294737458229065,0.4478763937950134,7.505951404571533,71.2244873046875,51.9481086730957,1.4970451593399048,10.502241134643555,0.0015126261860132217,11.333333969116211,4.666775226593018,2.428515065445946,0.540789783000946,0.540789783000946,0.00013032351853325963,2.7925818563398912e-05,0.38027840852737427,3.097825765609741,1.0,48
12058,0.36461004614830017,0.506089985370636,1.0000264644622803,1.7379528284072876,0.39682331681251526,0.00341796875,0.008877700194716454,2.5973613262176514,0.2174401730298996,6.791264533996582,896.6902465820312,0.02282176911830902,0.1887636035680771,5.741464138031006,62.57143020629883,43.68431091308594,0.9834017753601074,10.529056549072266,0.0011169821955263615,9.895833969116211,3.786184310913086,2.613669364815738,0.5674387216567993,0.5674387216567993,8.174989488907158e-05,2.1591631035373515e-05,0.3152619004249573,0.37878188490867615,1.0,48
12072,0.4224843680858612,0.5621305108070374,1.000068187713623,2.1790788173675537,0.33691728115081787,0.0029296875,0.015150061808526516,5.1712212562561035,0.3722396492958069,14.400630950927734,1147.972900390625,0.020013848319649696,0.18905256688594818,5.862163543701172,72.33333587646484,42.160606384277344,0.9455495476722717,10.524240493774414,0.00116312550380826,15.479166984558105,3.674668073654175,4.212398679873494,0.5299604535102844,0.5299604535102844,9.875560499494895e-05,2.6874700720382913e-05,0.2891288101673126,0.6464026570320129,1.0,48
12199,0.2948589026927948,0.5087513327598572,1.0000519752502441,1.359978199005127,0.5609766244888306,0.00634765625,0.033217206597328186,5.232987403869629,0.5806626081466675,20.060653686523438,770.001708984375,0.03844451159238815,0.28255414962768555,6.700385093688965,79.0,35.74040603637695,0.8747495412826538,10.529088020324707,0.0011244597844779491,6.75,3.641179084777832,1.8537951098535168,0.5362376570701599,0.5362376570701599,0.00012114104902138934,3.3269731004203956e-05,0.28378286957740784,1.4172674417495728,1.0,48
12275,0.3802364766597748,0.5051512122154236,1.000064730644226,1.7936269044876099,0.37547826766967773,0.00244140625,0.01023147627711296,4.190812587738037,0.31041932106018066,12.827858924865723,1460.618896484375,0.01712392456829548,0.13346844911575317,5.965129852294922,90.5999984741211,33.371585845947266,1.135744333267212,10.528182029724121,0.0015082004247233272,11.041666984558105,3.384620189666748,3.262306058932484,0.5371426343917847,0.5371426343917847,9.375408262712881e-05,2.7700030460244816e-05,0.2914649546146393,0.43654298782348633,1.0,48
12476,0.33482280373573303,0.4836185574531555,1.0000184774398804,1.878331184387207,0.4054654836654663,0.0029296875,0.0029142270796000957,0.994722843170166,0.07128049433231354,2.480945587158203,862.670654296875,0.020013848319649696,0.17558148503303528,5.896468639373779,75.0,40.486087799072266,1.0697489976882935,10.531341552734375,0.0011951690539717674,7.1666669845581055,3.5080528259277344,2.0429187699685314,0.5989434719085693,0.5989434719085693,7.7737910032738e-05,2.2159845837150726e-05,0.26806241273880005,0.12434035539627075,1.0,48
12480,0.43617281317710876,0.5431162714958191,1.0000572204589844,2.258765935897827,0.2910628318786621,0.00341796875,0.015079827979207039,4.411926746368408,0.3022006154060364,7.140529155731201,442.970703125,0.02282176911830902,0.2203412652015686,6.053439617156982,75.85713958740234,36.42485046386719,0.9738255739212036,10.529897689819336,0.0013282501604408026,16.5,3.7909417152404785,4.352480516949472,0.5212786197662354,0.5212786197662354,0.0001417432795278728,3.7389991669914504e-05,0.32688361406326294,0.6434059739112854,1.0,48
12501,0.5184836387634277,0.7102638483047485,1.0000555515289307,2.3684723377227783,0.2664285898208618,0.0029296875,0.012363726273179054,4.220151901245117,0.2847883701324463,7.991513252258301,658.1885986328125,0.020013848319649696,0.19273114204406738,5.724546432495117,72.5,41.67464065551758,0.9726750254631042,10.535694122314453,0.0011732017155736685,16.08333396911621,3.7951560020446777,4.237858448525587,0.48520559072494507,0.48520559072494507,0.000128213781863451,3.3783533919696376e-05,0.2595790922641754,0.5275189876556396,1.0,48
12527,0.3176325857639313,0.38018596172332764,1.0000423192977905,1.0974558591842651,0.5109559297561646,0.01708984375,0.017384521663188934,1.0172429084777832,0.17895548045635223,3.7785279750823975,245.55833435058594,0.08648617565631866,0.4205404222011566,7.377998352050781,78.5999984741211,50.2034912109375,1.0561577081680298,10.533025741577148,0.001128039788454771,12.770833969116211,4.376151084899902,2.918279943304454,0.576459527015686,0.576459527015686,0.0001313155225943774,3.0007081507632687e-05,0.27532416582107544,0.5968390703201294,1.0,48
12658,0.39272981882095337,0.5504770278930664,1.0000205039978027,1.4850815534591675,0.40353500843048096,0.00390625,0.002777828136458993,0.7111240029335022,0.08621224015951157,3.755110740661621,1758.3973388671875,0.02555946074426174,0.1502426713705063,6.219605445861816,73.0,43.731529235839844,1.1619929075241089,10.52780532836914,0.0013405273202806711,10.041666984558105,4.21541166305542,2.382131986952461,0.5602378845214844,0.5602378845214844,0.00010672026837710291,2.5316689484742493e-05,0.42341065406799316,0.11852065473794937,1.0,48
12782,0.42463237047195435,0.5128821134567261,1.0000547170639038,2.1666085720062256,0.37042245268821716,0.00341796875,0.012243855744600296,3.582202434539795,0.25646504759788513,9.504148483276367,968.3221435546875,0.02282176911830902,0.22896923124790192,6.225135803222656,86.57142639160156,43.2867546081543,1.1986156702041626,10.516167640686035,0.001436920603737235,9.354166984558105,4.125603199005127,2.267345285203476,0.5650621652603149,0.5650621652603149,9.135108848568052e-05,2.214248047080356e-05,0.32330814003944397,0.5224044919013977,1.0,48
12860,0.330059289932251,0.4269293546676636,1.0000340938568115,1.0606242418289185,0.6186263561248779,0.0205078125,0.021567316725850105,1.0516633987426758,0.19870014488697052,3.839808464050293,157.4296417236328,0.10000890493392944,0.4431866705417633,7.40300178527832,71.78571319580078,54.610145568847656,1.4044467210769653,10.512438774108887,0.0013571608578786254,11.270833969116211,4.810310363769531,2.3430575354504586,0.6227273941040039,0.6227273941040039,0.00011938356328755617,2.4818266184766566e-05,0.38838115334510803,0.6782085299491882,1.0,48
12878,0.36565718054771423,0.4606550335884094,1.00005042552948,1.507900357246399,0.4945552349090576,0.00244140625,0.00371962646022439,1.5235589742660522,0.0993068590760231,3.979787826538086,1289.0760498046875,0.01712392456829548,0.16396500170230865,5.717937469482422,69.4000015258789,47.219566345214844,1.4617226123809814,10.505353927612305,0.0017011088784784079,7.2916669845581055,3.787219762802124,1.9253350536779328,0.6557180881500244,0.6557180881500244,7.73525025579147e-05,2.0424614149255563e-05,0.274732381105423,0.15870405733585358,1.0,48
13126,0.2828181982040405,0.35834217071533203,1.0000319480895996,0.9745456576347351,0.5698350071907043,0.0107421875,0.009780625812709332,0.9104873538017273,0.12888836860656738,2.9655208587646484,315.40472412109375,0.05938481166958809,0.350312739610672,6.99254846572876,71.54545593261719,46.386531829833984,1.280475378036499,10.518407821655273,0.0012734809424728155,10.583333969116211,4.048718452453613,2.6139960254738175,0.5785986185073853,0.5785986185073853,9.881978621706367e-05,2.440767050944231e-05,0.2348046749830246,0.4029511511325836,1.0,48
13157,0.33541765809059143,0.43451282382011414,1.0000823736190796,1.828647255897522,0.4184623956680298,0.01171875,0.014822305180132389,1.2648366689682007,0.16765667498111725,3.217482566833496,201.81324768066406,0.0637580007314682,0.38157472014427185,6.621438026428223,93.08333587646484,37.6095085144043,0.8781871199607849,10.52821159362793,0.0011944409925490618,8.104166984558105,3.8172976970672607,2.123011514023187,0.5994266867637634,0.5994266867637634,0.00010653200297383592,2.790770098350069e-05,0.27828654646873474,0.5752336978912354,1.0,48
13249,0.3453027904033661,0.4190812408924103,1.0000261068344116,1.1722749471664429,0.5231795907020569,0.01025390625,0.018086541444063187,1.7638684511184692,0.2558947801589966,7.513394832611084,466.2184753417969,0.057165034115314484,0.3375391960144043,7.036980628967285,79.61904907226562,40.030372619628906,1.318493127822876,10.524663925170898,0.001373586361296475,6.8541669845581055,3.690786361694336,1.8571020628895274,0.5860296487808228,0.5860296487808228,7.707365875830874e-05,2.0882720102525577e-05,0.3288987874984741,0.7571820616722107,1.0,48
13591,0.40313252806663513,0.5891939401626587,1.0000616312026978,2.4133849143981934,0.33636558055877686,0.00439453125,0.015769939869642258,3.5885374546051025,0.297648161649704,8.364023208618164,612.8359375,0.02823571488261223,0.25299668312072754,5.493722915649414,68.66666412353516,55.94792175292969,1.0031825304031372,10.536384582519531,0.0009409020422026515,12.125,5.168946743011475,2.345739002425565,0.7162978053092957,0.7162978053092957,0.00020345956727396697,3.936190040174618e-05,0.39221301674842834,0.6728506684303284,1.0,48
13594,0.4751156270503998,0.6164726614952087,1.0000238418579102,1.8260165452957153,0.3113352656364441,0.0029296875,0.00803606677800417,2.7429773807525635,0.18776552379131317,7.064141750335693,1032.615234375,0.020013848319649696,0.19712091982364655,6.030722618103027,81.0,43.70738983154297,1.1462037563323975,10.513110160827637,0.001295455265790224,11.9375,4.227100372314453,2.8240398666529636,0.5306340456008911,0.5306340456008911,0.00015245829126797616,3.606687267372181e-05,0.4267447590827942,0.3428722321987152,1.0,48
13678,0.34201905131340027,0.4286915361881256,1.0000150203704834,0.9997115731239319,0.556829571723938,0.0068359375,0.003640959970653057,0.5326204299926758,0.05342286825180054,1.2647643089294434,325.6364440917969,0.04089350998401642,0.31179752945899963,6.678781986236572,70.71428680419922,35.4911994934082,1.0178918838500977,10.51273250579834,0.0013862843625247478,10.020833969116211,3.2376277446746826,3.095116155539353,0.5592058897018433,0.5592058897018433,9.930533997248858e-05,3.0672253729325596e-05,0.256700724363327,0.15534761548042297,1.0,48
13706,0.3349200189113617,0.398721843957901,1.0000412464141846,1.1355489492416382,0.4807377755641937,0.0087890625,0.0066884770058095455,0.7610000371932983,0.09594374895095825,2.300936698913574,375.4761047363281,0.05035991966724396,0.3313969075679779,6.773327350616455,67.44444274902344,42.25381088256836,1.155846357345581,10.514707565307617,0.00141034962143749,10.958333969116211,3.7111730575561523,2.9527951862219113,0.5835760831832886,0.5835760831832886,0.00011011983588105068,2.9672514290357733e-05,0.2904523015022278,0.27883777022361755,1.0,48
13740,0.2820773124694824,0.3433370590209961,1.0000613927841187,1.0751137733459473,0.5575811266899109,0.01904296875,0.01948663964867592,1.0232983827590942,0.18740837275981903,3.5310370922088623,187.72500610351562,0.09429078549146652,0.43463554978370667,7.425613880157471,76.30769348144531,36.26576614379883,0.7180573344230652,10.531486511230469,0.0010427481029182673,13.083333969116211,3.4007439613342285,3.847197577765071,0.5701581239700317,0.5701581239700317,7.472190191037953e-05,2.1972222119697993e-05,0.2512980103492737,0.6153119802474976,1.0,48
13742,0.35383373498916626,0.4203525483608246,1.0000373125076294,1.4736340045928955,0.47222796082496643,0.00244140625,0.0017161995638161898,0.7029553651809692,0.04395076632499695,1.575695276260376,984.5607299804688,0.01712392456829548,0.1710490733385086,5.984344005584717,87.4000015258789,36.938541412353516,0.8958944082260132,10.524457931518555,0.0011546389432623982,11.895833969116211,3.2999141216278076,3.604891974339993,0.656143844127655,0.656143844127655,7.952525629661977e-05,2.409918959236401e-05,0.2631762623786926,0.0732245147228241,1.0,48
13762,0.3926948308944702,0.43690255284309387,1.0000314712524414,1.0357710123062134,0.5748028755187988,0.0146484375,0.011020575650036335,0.7523379921913147,0.11734689772129059,2.3469388484954834,189.81300354003906,0.07640714943408966,0.3994768559932709,7.258977890014648,79.06666564941406,36.762813568115234,0.7628797292709351,10.532047271728516,0.0010558655485510826,9.958333969116211,3.9676742553710938,2.50986681442833,0.5634199380874634,0.5634199380874634,9.86951490631327e-05,2.4874811403879652e-05,0.4595930576324463,0.4070824682712555,1.0,48
13795,0.42389559745788574,0.4880233108997345,1.0000147819519043,1.8335707187652588,0.31865671277046204,0.00244140625,0.0022674505598843098,0.9287477731704712,0.052832458168268204,1.5558209419250488,729.7562255859375,0.01712392456829548,0.18804122507572174,5.299048900604248,57.0,53.485774993896484,1.4587618112564087,10.527135848999023,0.0013227950548753142,16.64583396911621,4.284769058227539,3.8848847403582516,0.6175860166549683,0.6175860166549683,0.00010036108869826421,2.342275326865635e-05,0.3929036259651184,0.09674455970525742,1.0,48
13919,0.3888505697250366,0.5721228122711182,1.000055193901062,1.423778772354126,0.4470675587654114,0.00390625,0.00614895299077034,1.574131965637207,0.12697315216064453,4.578597068786621,881.7274169921875,0.02555946074426174,0.23218584060668945,6.364584445953369,106.125,46.29244613647461,0.8238616585731506,10.547597885131836,0.0009473406826145947,9.145833969116211,3.9874300956726074,2.293666277963128,0.47212645411491394,0.47212645411491394,0.0001812872214941308,4.546467691965999e-05,0.4211843013763428,0.26235535740852356,1.0,48
14176,0.36792388558387756,0.4670308232307434,1.0000028610229492,1.0055198669433594,0.5792838335037231,0.0146484375,0.008164607919752598,0.5573705434799194,0.08889982104301453,2.1939053535461426,257.3866882324219,0.07640714943408966,0.397909939289093,7.254108905792236,75.33333587646484,28.2454891204834,0.8776286244392395,10.527342796325684,0.0013443052303045988,17.375,4.343173027038574,4.0005313746023985,0.3750353753566742,0.3750353753566742,0.00012863328447565436,2.9617351963338758e-05,0.3169928789138794,0.3015976846218109,1.0,48
14304,0.25002965331077576,0.6819286346435547,1.0000666379928589,1.1072758436203003,0.6684306263923645,0.005859375,0.004743145778775215,0.8094968795776367,0.08475291728973389,2.6008217334747314,597.85693359375,0.03595767915248871,0.2729121446609497,6.6264753341674805,86.75,41.01158905029297,0.9166918992996216,10.53216552734375,0.0010864934884011745,6.1666669845581055,3.727093458175659,1.6545512038303056,0.7897337675094604,0.7897337675094604,7.031320274109021e-05,1.8865425120531568e-05,0.2947700619697571,0.20237421989440918,1.0,48
14316,0.4551577568054199,0.562303364276886,1.0000498294830322,2.0615079402923584,0.30079400539398193,0.0048828125,0.016655748710036278,3.411097288131714,0.3489762246608734,12.922491073608398,985.9942626953125,0.03085736557841301,0.24167713522911072,6.245774269104004,81.30000305175781,49.98946762084961,1.0189064741134644,10.55189323425293,0.000930744456127286,12.479166984558105,4.338120460510254,2.8766298836994477,0.6489233374595642,0.6489233374595642,0.00012232022709213197,2.819659525908568e-05,0.31666868925094604,0.7106451988220215,1.0,48
14512,0.3799303472042084,0.5039793252944946,1.0000420808792114,1.0787385702133179,0.4990383982658386,0.0029296875,0.00401728693395853,1.3712339401245117,0.08258235454559326,2.3282923698425293,569.3292846679688,0.020013848319649696,0.21799775958061218,5.364777565002441,53.16666793823242,46.138023376464844,1.0936168432235718,10.518536567687988,0.001214782241731882,11.6875,4.1646528244018555,2.806356367439834,0.6111195087432861,0.6111195087432861,8.626686758361757e-05,2.071405973410688e-05,0.3144318163394928,0.17140425741672516,1.0,48
14520,0.40319615602493286,0.5916116237640381,1.0000534057617188,1.3465052843093872,0.49711233377456665,0.01025390625,0.010358709841966629,1.0102208852767944,0.1474515050649643,3.9514389038085938,436.36810302734375,0.057165034115314484,0.3390713930130005,6.974775314331055,73.19047546386719,47.341026306152344,1.51120126247406,10.508689880371094,0.0016499045304954052,10.083333969116211,4.04572868347168,2.4923406221942193,0.5919725894927979,0.5919725894927979,9.879101708065718e-05,2.4418596639974797e-05,0.2614285945892334,0.42756447196006775,1.0,48
14529,0.3644913136959076,0.4416635036468506,0.999999463558197,1.0045464038848877,0.5195510983467102,0.0361328125,0.026980392634868622,0.7467005848884583,0.18556757271289825,3.047295093536377,96.5345458984375,0.15545296669006348,0.5179365873336792,7.883448123931885,75.74324035644531,32.85073471069336,0.697720468044281,10.537162780761719,0.0011316824238747358,13.833333969116211,3.914698362350464,3.5336908883762606,0.5074347853660583,0.5074347853660583,0.00011281551269348711,2.8818443201219205e-05,0.3043379783630371,0.5962915420532227,1.0,48
14581,0.33204007148742676,0.42445385456085205,1.0000427961349487,1.5542025566101074,0.4377480149269104,0.00244140625,0.006135326344519854,2.5130295753479004,0.22115041315555573,9.81659984588623,1892.11181640625,0.01712392456829548,0.09352137893438339,5.787970066070557,74.4000015258789,36.646419525146484,1.0211007595062256,10.524625778198242,0.001329735154286027,8.5625,3.585923671722412,2.387808765602956,0.5703784227371216,0.5703784227371216,0.00010193490743404254,2.842640180927681e-05,0.32250526547431946,0.2617739140987396,1.0,48
14872,0.36658772826194763,0.4392892122268677,1.0000014305114746,1.3166553974151611,0.4812254309654236,0.0068359375,0.010930532589554787,1.5989807844161987,0.18218469619750977,5.76876974105835,585.9801635742188,0.04089350998401642,0.2903115749359131,6.744567394256592,83.35713958740234,34.26772689819336,0.7602651119232178,10.532395362854004,0.0011232644319534302,9.979166984558105,4.27332878112793,2.335220965275677,0.5055412650108337,0.5055412650108337,0.00014332827413454652,3.354019340428882e-05,0.4472827911376953,0.4663693904876709,1.0,48
14924,0.3548913598060608,0.4243028461933136,1.0000189542770386,1.4475904703140259,0.42184531688690186,0.00732421875,0.0106661980971694,1.4562915563583374,0.1477556824684143,3.066134214401245,278.17205810546875,0.0433073565363884,0.3269605338573456,6.7325592041015625,75.26667022705078,47.618282318115234,1.179288387298584,10.530853271484375,0.0012342658592388034,10.666666984558105,4.488056182861328,2.376678572234553,0.5944585800170898,0.5944585800170898,0.0001249138149432838,2.7832497984755822e-05,0.2679940164089203,0.45509108901023865,1.0,48
14925,0.4203655421733856,0.46525004506111145,1.0000449419021606,1.9959474802017212,0.3091210722923279,0.00341796875,0.010265083983540535,3.003270387649536,0.25893735885620117,10.004712104797363,1157.6170654296875,0.02282176911830902,0.18061061203479767,5.834734916687012,68.28571319580078,39.15574645996094,1.089424729347229,10.513324737548828,0.0013915104791522026,11.395833969116211,3.5523715019226074,3.2079510633583985,0.5581235289573669,0.5581235289573669,9.285125997848809e-05,2.6137823610750476e-05,0.29167163372039795,0.4379769265651703,1.0,48
14928,0.3304522931575775,0.444977343082428,1.0000019073486328,1.7891261577606201,0.376664400100708,0.00341796875,0.0032056469935923815,0.9378806948661804,0.059957023710012436,1.6655309200286865,454.8532409667969,0.02282176911830902,0.239840567111969,6.094571113586426,75.85713958740234,43.817806243896484,1.0511070489883423,10.54162311553955,0.0011042046826332808,6.958333492279053,4.113529682159424,1.6915724482412162,0.5827357769012451,0.5827357769012451,9.03518739505671e-05,2.1964561024752515e-05,0.31919124722480774,0.13677428662776947,1.0,48
14944,0.3615835905075073,0.535476803779602,1.000096321105957,1.499068021774292,0.5155832767486572,0.00732421875,0.025236787274479866,3.4456627368927,0.49496033787727356,13.731602668762207,616.8699951171875,0.0433073565363884,0.25645244121551514,6.57220983505249,71.5999984741211,44.6842155456543,1.3148683309555054,10.486957550048828,0.0016486422391608357,7.583333492279053,4.338791847229004,1.7477984060572556,0.6119697093963623,0.6119697093963623,7.016210292931646e-05,1.617088471584943e-05,0.3948509097099304,1.076769471168518,1.0,48
15015,0.40319663286209106,0.5608251094818115,1.0000604391098022,2.3419525623321533,0.3235364556312561,0.0029296875,0.006379126105457544,2.177408456802368,0.1354946792125702,4.438282489776611,681.388671875,0.020013848319649696,0.21107937395572662,5.886992454528809,74.83333587646484,49.84519577026367,0.866763174533844,10.559501647949219,0.0009160368936136365,14.5,3.765415668487549,3.850836464839973,0.6368942260742188,0.6368942260742188,0.00010350973752792925,2.748959115438376e-05,0.3059028685092926,0.272176057100296,1.0,48
15126,0.4367330074310303,0.5377305150032043,1.0000355243682861,0.9935222864151001,0.5406975746154785,0.03857421875,0.04689240828156471,1.2156411409378052,0.3189398944377899,4.753924369812012,90.4923095703125,0.16338615119457245,0.5221669673919678,7.683656692504883,70.2911376953125,49.62742614746094,1.341707706451416,10.501302719116211,0.0014416137710213661,11.979166984558105,4.040192604064941,2.964998981200938,0.535569429397583,0.535569429397583,0.00010523019591346383,2.6045836415603223e-05,0.24708308279514313,1.0145807266235352,1.0,48
15224,0.3993801772594452,0.5111997127532959,1.0000523328781128,1.7263189554214478,0.3446803689002991,0.00537109375,0.005509096663445234,1.025693655014038,0.10042417049407959,2.8171098232269287,485.2804870605469,0.03342986851930618,0.25976577401161194,6.472879886627197,73.54545593261719,41.259273529052734,1.0318080186843872,10.527935028076172,0.0012156217126175761,11.75,3.666259288787842,3.204901520163849,0.5991824865341187,0.5991824865341187,9.303507977165282e-05,2.537602285861575e-05,0.2911171317100525,0.23505480587482452,1.0,48
15314,0.6057228446006775,0.8223689794540405,1.0000392198562622,3.8357720375061035,0.19979414343833923,0.00244140625,0.01857208088040352,7.607124328613281,0.5445044636726379,19.80937385559082,1087.58544921875,0.01712392456829548,0.13333837687969208,5.307746887207031,61.400001525878906,41.92756271362305,0.9446449279785156,10.516169548034668,0.001215990399941802,14.104166984558105,3.9348151683807373,3.584454757125919,0.49336108565330505,0.49336108565330505,0.00012690020957961679,3.2250615042061264e-05,0.32333430647850037,0.7924087643623352,1.0,48
15352,0.3411344289779663,0.4774799644947052,1.000042200088501,1.4974976778030396,0.4398730993270874,0.0029296875,0.003284838981926441,1.1212249994277954,0.09114343672990799,3.775496006011963,1457.3062744140625,0.020013848319649696,0.1646471470594406,6.040367126464844,78.83333587646484,37.501625061035156,0.814174473285675,10.531534194946289,0.001139955478720367,7.8541669845581055,3.3471734523773193,2.3465073061913286,0.5604367256164551,0.5604367256164551,9.380123083246872e-05,2.8024012465086497e-05,0.26345619559288025,0.14015312492847443,1.0,48
15362,0.39484846591949463,0.45196446776390076,1.000065565109253,1.1433098316192627,0.5871416330337524,0.01025390625,0.008908339776098728,0.8687752485275269,0.12782278656959534,3.713602066040039,488.4485168457031,0.057165034115314484,0.3363194465637207,7.046760559082031,79.38095092773438,31.26953125,0.6481956839561462,10.535791397094727,0.0010740950237959623,9.604166984558105,2.8274426460266113,3.3967680879706275,0.5920801162719727,0.5920801162719727,4.036272002849728e-05,1.4275345228475394e-05,0.3573760390281677,0.37167707085609436,1.0,48
15372,0.3634120225906372,0.44348740577697754,1.000062108039856,1.1499865055084229,0.4908623695373535,0.0029296875,0.002806449541822076,0.9579347968101501,0.05653107538819313,1.7238723039627075,592.5722045898438,0.020013848319649696,0.22315555810928345,5.852842807769775,75.5,28.5614013671875,0.6947211623191833,10.531329154968262,0.0011173610109835863,16.854167938232422,4.905943393707275,3.4354591056831656,0.35729894042015076,0.3584093749523163,0.00014178933633957058,2.890154342841065e-05,0.6036601662635803,0.11974184960126877,1.0,48
15501,0.39995405077934265,0.4994894862174988,0.9999831318855286,1.4878817796707153,0.36620861291885376,0.00390625,0.004537534434348345,1.1616088151931763,0.11506635695695877,4.822534561157227,1510.920654296875,0.02555946074426174,0.20172685384750366,6.203088760375977,80.0,35.507484436035156,0.9665972590446472,10.53274154663086,0.0012640187051147223,12.0,3.3734099864959717,3.557231410491058,0.5405343770980835,0.5405343770980835,7.944286335259676e-05,2.3549720738100513e-05,0.2503310441970825,0.19360147416591644,1.0,48
15663,0.4694666862487793,0.5451369285583496,1.0000330209732056,0.888097882270813,0.5957210063934326,0.07763671875,0.05852782726287842,0.7538678646087646,0.26748496294021606,3.119856357574463,45.564674377441406,0.2729591429233551,0.6221080422401428,8.21360969543457,73.74842834472656,26.86891746520996,0.6743058562278748,10.532204627990723,0.0011384112294763327,13.4375,3.436816692352295,3.909868102888012,0.45555579662323,0.45555579662323,0.00011609018838498741,3.3778405553467735e-05,0.3796006739139557,0.7455320954322815,1.0,48
15903,0.4349219501018524,0.6631854176521301,1.0000718832015991,2.060818672180176,0.34319889545440674,0.00244140625,0.001988575793802738,0.8145206570625305,0.0715370625257492,3.1986794471740723,1946.326416015625,0.01712392456829548,0.10181403905153275,5.67836856842041,72.80000305175781,40.98590087890625,1.5582048892974854,10.525535583496094,0.0015294820768758655,10.416666984558105,3.687753200531006,2.824664881264707,0.6432581543922424,0.6432581543922424,9.641228098189458e-05,2.6143908086520794e-05,0.2802601456642151,0.08484590798616409,1.0,48
15926,0.3992325961589813,0.5611836314201355,1.0000574588775635,1.5974920988082886,0.43909820914268494,0.00244140625,0.0014122643042355776,0.5784634351730347,0.03902972489595413,1.5401661396026611,1239.9464111328125,0.01712392456829548,0.15376417338848114,5.821377277374268,74.80000305175781,36.26697540283203,0.80351722240448,10.52261734008789,0.0011012875474989414,10.3125,3.160618782043457,3.2628104426768236,0.6161088943481445,0.6161088943481445,6.38911806163378e-05,2.0214769581569752e-05,0.28565073013305664,0.06025661155581474,1.0,48
15973,0.2706606984138489,0.37619295716285706,1.0000295639038086,0.9843260645866394,0.574935257434845,0.00732421875,0.005124569404870272,0.6996745467185974,0.08267905563116074,2.2170536518096924,426.8031311035156,0.0433073565363884,0.2952447533607483,6.923027992248535,81.5999984741211,44.08277130126953,1.2124613523483276,10.518856048583984,0.0013307614717632532,9.9375,3.704258680343628,2.6827230036350787,0.5836063623428345,0.5836063623428345,9.811066411202773e-05,2.6485910492100766e-05,0.27312371134757996,0.218648299574852,1.0,48
16015,0.2928221821784973,0.351938396692276,1.000062108039856,1.7056933641433716,0.4556496739387512,0.00830078125,0.016525279730558395,1.9908101558685303,0.22899238765239716,5.954921245574951,379.65924072265625,0.04803864285349846,0.33372962474823,6.672970771789551,104.11764526367188,37.460567474365234,0.6717161536216736,10.54645824432373,0.0009456961415708065,9.8125,4.141539573669434,2.3692879910388434,0.5276885032653809,0.5276885032653809,0.00014073884813115,3.398225352863931e-05,0.450603187084198,0.7049066424369812,1.0,48
16108,0.299055278301239,0.4656578302383423,1.0000550746917725,2.052548408508301,0.37707704305648804,0.0029296875,0.013277832418680191,4.532166957855225,0.38122624158859253,16.039112091064453,1543.354736328125,0.020013848319649696,0.15749068558216095,5.89552116394043,74.16666412353516,37.24793243408203,0.7387967705726624,10.537906646728516,0.0010491422144696116,7.3541669845581055,3.553570508956909,2.0695148570505357,0.5745694637298584,0.5745694637298584,9.590014087734744e-05,2.6986981225153035e-05,0.30042383074760437,0.5665208697319031,1.0,48
16124,0.39640069007873535,0.4604858160018921,1.000045895576477,1.18861722946167,0.4591238498687744,0.0146484375,0.01573895290493965,1.0744458436965942,0.16482850909233093,2.6443824768066406,160.49655151367188,0.07640714943408966,0.4020554721355438,7.337264537811279,75.9000015258789,40.027259826660156,0.9279268383979797,10.52322769165039,0.001241092337295413,17.125,6.515571117401123,2.628319093621909,0.41281336545944214,0.41281336545944214,0.00026717735454440117,4.100597619459503e-05,0.325132817029953,0.5819547176361084,1.0,48
16213,0.43252497911453247,0.6412182450294495,1.0000635385513306,2.2488503456115723,0.3332561254501343,0.00244140625,0.007321453653275967,2.9988675117492676,0.2078675627708435,7.986207962036133,1184.755126953125,0.01712392456829548,0.14616239070892334,5.868831634521484,78.0,43.7789192199707,1.1264324188232422,10.50833511352539,0.0013550752773880959,9.208333969116211,4.203780174255371,2.190488932700298,0.5502552390098572,0.5502552390098572,0.00014111708151176572,3.356909146684182e-05,0.35994619131088257,0.3123820126056671,1.0,48
16227,0.33762413263320923,0.5004533529281616,1.0000840425491333,1.9946073293685913,0.36709028482437134,0.0029296875,0.00736051332205534,2.5123884677886963,0.17490296065807343,4.616954803466797,654.5369873046875,0.020013848319649696,0.182498037815094,5.486353397369385,66.83333587646484,38.508602142333984,0.7651680707931519,10.549518585205078,0.001008475199341774,21.104167938232422,3.749063491821289,5.629183908989552,0.5603501200675964,0.5603501200675964,0.00011098738468717784,2.9604029015048783e-05,0.32473576068878174,0.31404855847358704,1.0,48
16383,0.46530649065971375,0.6007797122001648,1.0000478029251099,1.8236559629440308,0.3562415838241577,0.005859375,0.01594690978527069,2.7216060161590576,0.3014413118362427,10.03226375579834,715.581787109375,0.03595767915248871,0.26083695888519287,6.734918594360352,87.5,44.612796783447266,1.0408772230148315,10.515401840209961,0.0010663241846486926,16.27083396911621,4.778602600097656,3.404935563115113,0.5449990630149841,0.5473498106002808,0.00022051981068216264,4.614734236661208e-05,0.47360843420028687,0.6804015040397644,1.0,48
16453,0.433755487203598,0.4782421886920929,1.0000182390213013,0.9550397992134094,0.5370007753372192,0.10107421875,0.08178389072418213,0.8091468811035156,0.3291897475719452,3.798583745956421,32.451141357421875,0.3274368941783905,0.6533090472221375,8.3538818359375,68.51690673828125,29.525178909301758,0.8224169015884399,10.532611846923828,0.0012640547938644886,15.708333969116211,4.011125087738037,3.9161914890100262,0.546723484992981,0.5483883023262024,9.587989188730717e-05,2.3903490803958217e-05,0.3336712419986725,0.8661916851997375,1.0,48
16873,0.42731577157974243,0.6423932313919067,1.0000602006912231,2.1876442432403564,0.3388318419456482,0.00341796875,0.010410644114017487,3.0458569526672363,0.2236051857471466,6.667781829833984,697.0033569335938,0.02282176911830902,0.21682503819465637,5.953482627868652,76.57142639160156,42.92764663696289,1.2102240324020386,10.526973724365234,0.001399757107719779,12.0625,3.582073926925659,3.3674625963619076,0.5606951713562012,0.5606951713562012,9.80463664745912e-05,2.737139662693289e-05,0.2601836025714874,0.4441874921321869,1.0,48
16931,0.40334153175354004,0.5424972176551819,1.000040054321289,1.8204272985458374,0.4198206663131714,0.0107421875,0.010379320941865444,0.9662204384803772,0.15675042569637299,4.811174392700195,584.31005859375,0.05938481166958809,0.32932156324386597,7.047023773193359,82.04545593261719,39.43769454956055,0.8953874707221985,10.54345703125,0.0010464928345754743,12.3125,4.482766151428223,2.7466299951004363,0.5411438345909119,0.5411438345909119,0.00016680467524565756,3.7210211114940936e-05,0.3944023847579956,0.4342684745788574,1.0,48
17018,0.3367324471473694,0.4915723204612732,1.00002920627594,1.0967015027999878,0.5396826863288879,0.0078125,0.010398116894066334,1.3309589624404907,0.1681099236011505,5.261197090148926,632.6593017578125,0.04568839073181152,0.3080591559410095,6.842486381530762,74.5625,36.50333023071289,1.2836772203445435,10.524070739746094,0.0015675269532948732,9.208333969116211,3.4825990200042725,2.6440982409349933,0.5774585604667664,0.5774585604667664,0.0001040932402247563,2.98895277141993e-05,0.2669067084789276,0.44365301728248596,1.0,48
17185,0.39757391810417175,0.46900516748428345,1.0000730752944946,2.3500401973724365,0.3201855719089508,0.00390625,0.010953143239021301,2.804004669189453,0.2324122190475464,8.712535858154297,1007.5611572265625,0.02555946074426174,0.2298154979944229,5.900470733642578,62.375,41.785640716552734,1.2924206256866455,10.522319793701172,0.0014359989436343312,10.958333969116211,3.8949923515319824,2.813441709756285,0.5374770164489746,0.5374770164489746,0.00015099099255166948,3.8765414290127526e-05,0.3269519805908203,0.467334121465683,1.0,48
17237,0.3743872344493866,0.49178874492645264,1.0000715255737305,1.8603554964065552,0.3964351415634155,0.0048828125,0.005145516712218523,1.0538017749786377,0.09446482360363007,2.414335250854492,522.4627685546875,0.03085736557841301,0.2585395872592926,6.514683723449707,90.5999984741211,48.84758758544922,1.2132400274276733,10.537443161010742,0.0012457475531846285,9.1875,4.373285293579102,2.1008233769886773,0.696528434753418,0.696528434753418,0.0001187990274047479,2.7164710088208207e-05,0.32053259015083313,0.21954207122325897,1.0,48
17261,0.34443211555480957,0.4452453553676605,1.0000087022781372,2.1538612842559814,0.36691588163375854,0.00390625,0.011289181187748909,2.8900303840637207,0.28317978978157043,9.629278182983398,877.6722412109375,0.02555946074426174,0.17750045657157898,6.021282196044922,67.5,35.625728607177734,0.8786539435386658,10.53529167175293,0.0011332820868119597,7.8541669845581055,3.3573427200317383,2.33939982185967,0.5691302418708801,0.5691302418708801,9.863138984655961e-05,2.9377813877711323e-05,0.31649142503738403,0.4816717207431793,1.0,48
17264,0.3092052638530731,0.35374772548675537,1.0000554323196411,1.4051564931869507,0.501288890838623,0.00927734375,0.012056127190589905,1.2995235919952393,0.1759907454252243,4.28716516494751,383.89923095703125,0.05265381559729576,0.32362595200538635,7.118785858154297,93.7368392944336,37.024757385253906,0.8909972310066223,10.535249710083008,0.0011791444849222898,9.895833969116211,3.5986084938049316,2.7499056812245644,0.5671234130859375,0.5671234130859375,6.561334885191172e-05,1.823297776975086e-05,0.43561938405036926,0.5121605396270752,1.0,48
17322,0.4597833752632141,0.5507732033729553,1.0000168085098267,2.0932154655456543,0.32417166233062744,0.00390625,0.004223714116960764,1.0812708139419556,0.08534017950296402,2.297762870788574,509.05853271484375,0.02555946074426174,0.22337743639945984,6.009565353393555,70.375,40.43077087402344,1.1221257448196411,10.530219078063965,0.0012959098676219583,15.6875,3.8897643089294434,4.033020695793101,0.5133218765258789,0.5133218765258789,9.736682841321453e-05,2.503154958242103e-05,0.3594474196434021,0.18021182715892792,1.0,48
17372,0.3491520583629608,0.4582226276397705,1.000031590461731,1.4466688632965088,0.42738497257232666,0.0146484375,0.015129011124372482,1.0328071117401123,0.1917814016342163,5.070334434509277,398.91448974609375,0.07640714943408966,0.37346404790878296,6.927182197570801,69.56666564941406,40.269195556640625,1.2512553930282593,10.514265060424805,0.0013762109447270632,9.791666984558105,3.636566162109375,2.692558452436599,0.5798389315605164,0.5798389315605164,0.00012609700206667185,3.4674744277657355e-05,0.21558736264705658,0.5808781981468201,1.0,48
17517,0.2841465473175049,0.36786597967147827,1.000045657157898,1.2956814765930176,0.5154405236244202,0.00634765625,0.00720147043466568,1.1345086097717285,0.13886640965938568,5.418435096740723,1148.145263671875,0.03844451159238815,0.27494823932647705,6.680225849151611,81.15384674072266,45.306854248046875,1.374670147895813,10.516708374023438,0.0015834725927561522,6.895833492279053,3.806103467941284,1.811782977589721,0.6424142718315125,0.6424142718315125,0.00010762675083242357,2.827741060015497e-05,0.23198984563350677,0.30726274847984314,1.0,48
17641,0.5475501418113708,0.6595326066017151,1.0000190734863281,2.1078803539276123,0.2924525737762451,0.00341796875,0.007552037481218576,2.209510326385498,0.14509505033493042,3.333652973175049,446.45989990234375,0.02282176911830902,0.2351454645395279,5.882657051086426,68.0,46.90726852416992,1.0752331018447876,10.539142608642578,0.001156044309027493,14.541666984558105,3.5178029537200928,4.133735497561872,0.5391951203346252,0.5391951203346252,8.681805047672242e-05,2.4679622870324703e-05,0.23434270918369293,0.3222202658653259,1.0,48
17795,0.3211926519870758,0.4587968587875366,1.000040054321289,1.8475561141967773,0.43880006670951843,0.00244140625,0.01134968176484108,4.648829460144043,0.31268391013145447,12.773412704467773,1381.01123046875,0.01712392456829548,0.1577845811843872,5.96922492980957,85.5999984741211,36.17145919799805,0.7806808948516846,10.528966903686523,0.0011372086592018604,4.625,3.4748497009277344,1.3309928154461657,0.6427357196807861,0.6427357196807861,0.00015057221753522754,4.333200859355352e-05,0.3487747311592102,0.48425304889678955,1.0,48
17935,0.3609318733215332,0.4537578821182251,1.000026822090149,1.4731999635696411,0.4635348320007324,0.005859375,0.017727190628647804,3.0254404544830322,0.3398807644844055,11.566081047058105,763.684814453125,0.03595767915248871,0.2568109333515167,6.607294082641602,81.58333587646484,42.91761779785156,1.1108753681182861,10.527406692504883,0.001281865406781435,7.7291669845581055,3.670419216156006,2.105799503631302,0.5598728060722351,0.5598728060722351,0.00010557391215115786,2.876344789140732e-05,0.30352193117141724,0.7563601136207581,1.0,48
17991,0.5590885281562805,0.7248987555503845,1.0000462532043457,2.557471990585327,0.2958430051803589,0.0029296875,0.00971365999430418,3.315595865249634,0.2171255201101303,5.718898296356201,568.6361694335938,0.020013848319649696,0.1935689002275467,5.5630364418029785,62.5,42.90671157836914,1.0866941213607788,10.526163101196289,0.0013584299013018608,13.75,3.9623725414276123,3.470143158307005,0.5304242968559265,0.5304242968559265,0.00011990423081442714,3.0260716088199877e-05,0.27249935269355774,0.4144494831562042,1.0,48
18277,0.349822998046875,0.4288140535354614,1.0000025033950806,1.5012478828430176,0.46313923597335815,0.00439453125,0.009745985269546509,2.2177531719207764,0.2219165414571762,8.785284996032715,1223.7169189453125,0.02823571488261223,0.2215866595506668,6.204949855804443,78.55555725097656,35.70668411254883,0.7553412914276123,10.53040885925293,0.0011178010609000921,8.583333969116211,3.741239070892334,2.2942489863729785,0.5780454874038696,0.5780454874038696,6.573998689418659e-05,1.757171500478038e-05,0.500569760799408,0.415828675031662,1.0,48
18296,0.35965245962142944,0.5633373856544495,1.0000345706939697,2.083737373352051,0.43340903520584106,0.0029296875,0.005120235029608011,1.7477068901062012,0.1510917842388153,5.093064785003662,1018.34033203125,0.020013848319649696,0.13036464154720306,5.855106830596924,75.83333587646484,34.04221725463867,0.8672367334365845,10.53332233428955,0.0012526230420917273,9.416666984558105,3.007399320602417,3.131166150346864,0.6371153593063354,0.6371153593063354,5.4852222092449665e-05,1.8239088349288862e-05,0.3050558567047119,0.21846336126327515,1.0,48
18331,0.45698556303977966,0.6094146966934204,1.000016450881958,2.1412007808685303,0.3864503800868988,0.0078125,0.027192136272788048,3.48059344291687,0.4462685286998749,10.960814476013184,427.2066345214844,0.04568839073181152,0.2961846888065338,6.658173084259033,69.0625,34.167808532714844,0.7961806058883667,10.530396461486816,0.0011385157704353333,7.895833492279053,3.0079505443573,2.6249877947099876,0.5943178534507751,0.5943178534507751,0.0001199477119371295,3.987688951980076e-05,0.2985951602458954,1.1601977348327637,1.0,48
18351,0.5503243207931519,0.5852093696594238,1.0000494718551636,3.0192627906799316,0.26858291029930115,0.00341796875,0.008256897330284119,2.4157321453094482,0.17962001264095306,5.259981155395508,688.0872192382812,0.02282176911830902,0.2126174122095108,5.834822177886963,61.42856979370117,48.71277618408203,1.1117488145828247,10.533230781555176,0.0011679988820105791,16.125,3.98871111869812,4.042659265040098,0.5441361665725708,0.5441361665725708,0.00011878904479090124,2.9781310543206206e-05,0.32406356930732727,0.35229429602622986,1.0,48
18405,0.2853167653083801,0.3961566090583801,1.0000596046447754,1.2496819496154785,0.5068296194076538,0.0029296875,0.0028591416776180267,0.9759203791618347,0.07834072411060333,3.326383113861084,1588.5386962890625,0.020013848319649696,0.1747356355190277,6.090238094329834,87.16666412353516,36.624996185302734,0.9861783981323242,10.522908210754395,0.001290739281103015,8.479166984558105,3.2633514404296875,2.5983002791322547,0.5632612109184265,0.5632612109184265,7.316861592698842e-05,2.242131043450875e-05,0.31981009244918823,0.12199004739522934,1.0,48
18457,0.24168191850185394,0.4392736554145813,1.000065565109253,1.6986504793167114,0.5490168333053589,0.0029296875,0.01533904206007719,5.235726356506348,0.4630196988582611,16.040067672729492,1041.228271484375,0.020013848319649696,0.12260230630636215,6.257894515991211,94.66666412353516,37.449195861816406,0.7526019215583801,10.534130096435547,0.0010625200811773539,7.583333492279053,3.294182300567627,2.302038192589394,0.6224679946899414,0.6224679946899414,9.425815369468182e-05,2.8613520688367736e-05,0.27549317479133606,0.6544657945632935,1.0,48
18563,0.4606629014015198,0.4938109219074249,1.0000460147857666,0.9080926775932312,0.5574063062667847,0.13330078125,0.12675654888153076,0.9509062767028809,0.43538525700569153,5.2977614402771,27.259723663330078,0.3926135301589966,0.6930124759674072,8.381963729858398,70.76190185546875,31.447595596313477,0.7020891308784485,10.532066345214844,0.0010585710406303406,13.958333969116211,3.2581193447113037,4.284169009625811,0.5287871360778809,0.5287871360778809,7.042705692583695e-05,2.161586156259072e-05,0.24199490249156952,1.0158908367156982,1.0,48
18580,0.41078105568885803,0.46444207429885864,1.000037431716919,1.2488834857940674,0.448595255613327,0.01806640625,0.022814663127064705,1.2628223896026611,0.21873529255390167,4.851191520690918,199.74871826171875,0.09041537344455719,0.43178728222846985,7.299217224121094,72.75675964355469,33.73215103149414,0.8164511919021606,10.528143882751465,0.0011727403616532683,17.5,7.154880523681641,2.4458829071455,0.33317214250564575,0.3341611325740814,0.0003383086295798421,4.728361682452311e-05,0.34479936957359314,0.7186412811279297,1.0,48
18640,0.4716077744960785,0.5293283462524414,1.000046730041504,1.073460340499878,0.4856976568698883,0.04345703125,0.035090986639261246,0.8074869513511658,0.21994079649448395,2.9352431297302246,74.47116088867188,0.17877927422523499,0.542770266532898,7.864536285400391,74.68539428710938,33.525691986083984,0.7047038078308105,10.539597511291504,0.0010266730096191168,18.625,7.546626091003418,2.4679902980119253,0.34743738174438477,0.34781283140182495,0.00043955849832855165,5.8245697142741297e-05,0.4095457196235657,0.700246274471283,1.0,48
18738,0.4465407431125641,0.5886878967285156,1.0000356435775757,1.2100032567977905,0.45420244336128235,0.05517578125,0.06690318882465363,1.2125463485717773,0.37345969676971436,5.2683000564575195,62.065452575683594,0.21348179876804352,0.5713644027709961,8.016115188598633,80.85840606689453,26.271648406982422,1.038268804550171,10.501747131347656,0.0020236391574144363,22.0,6.445334434509277,3.4133217119154464,0.3466152548789978,0.3466152548789978,0.00030651025008410215,4.755536779712269e-05,0.4384177029132843,1.0731595754623413,1.0,48
18816,0.3069022595882416,0.44176343083381653,1.0000346899032593,1.3140791654586792,0.6158055663108826,0.0048828125,0.006343981251120567,1.29924738407135,0.12271428108215332,3.3761789798736572,527.6863403320312,0.03085736557841301,0.24365898966789246,6.406262397766113,76.4000015258789,32.43080139160156,1.5561329126358032,10.52432632446289,0.0020626848563551903,5.9791669845581055,3.0773158073425293,1.9429812666161517,0.5901374816894531,0.5901374816894531,6.0504542489070445e-05,1.966146670682641e-05,0.3103148341178894,0.27067652344703674,1.0,48
18943,0.3988446295261383,0.5709431171417236,1.0000584125518799,1.6349077224731445,0.32642871141433716,0.00341796875,0.010201948694884777,2.9847986698150635,0.2689999043941498,10.546770095825195,1217.4393310546875,0.02282176911830902,0.17406263947486877,6.2030792236328125,80.71428680419922,42.82938766479492,0.8048326969146729,10.529085159301758,0.0010075850877910852,9.875,4.003406524658203,2.466649318401808,0.48451539874076843,0.48451539874076843,0.00012011985381832346,3.000441068835366e-05,0.3664989471435547,0.4352831542491913,1.0,48
19079,0.3215556740760803,0.4044955372810364,1.0000799894332886,1.4698693752288818,0.4634590744972229,0.005859375,0.014540567062795162,2.4815900325775146,0.2796452045440674,8.04733657836914,595.9393310546875,0.03595767915248871,0.24838094413280487,6.528703212738037,73.83333587646484,42.793148040771484,0.9812474250793457,10.52662467956543,0.0011789962882176042,7.9375,3.8989901542663574,2.035783540247411,0.6173832416534424,0.6173832416534424,0.00010703238513087854,2.745130934461282e-05,0.2435661405324936,0.6203975677490234,1.0,48
19093,0.4560118317604065,0.5666175484657288,1.0000417232513428,2.3647844791412354,0.2937007546424866,0.00439453125,0.03104552999138832,7.064582824707031,0.6484496593475342,19.063232421875,714.3154907226562,0.02823571488261223,0.22915597259998322,6.25947380065918,85.88888549804688,41.188377380371094,0.9730139374732971,10.520671844482422,0.001135840080678463,10.729166984558105,4.080570220947266,2.629330308589599,0.5826558470726013,0.5826558470726013,9.935420530382544e-05,2.434811795427947e-05,0.3756416141986847,1.3246091604232788,1.0,48
19151,0.4233149588108063,0.5818319320678711,1.0000274181365967,2.1005682945251465,0.33565008640289307,0.0029296875,0.007369871251285076,2.515582799911499,0.16581790149211884,4.54548978805542,637.85986328125,0.020013848319649696,0.19630619883537292,5.922076225280762,71.5,48.18065643310547,1.3735815286636353,10.5308256149292,0.0012092802207916975,10.75,4.2900800704956055,2.505780730964379,0.564817488193512,0.564817488193512,0.00013543559180106968,3.15694787183142e-05,0.3841191828250885,0.314447820186615,1.0,48
19222,0.40381279587745667,0.5546501278877258,1.0000356435775757,2.194650650024414,0.3326408565044403,0.00390625,0.012521466240286827,3.2054953575134277,0.25784069299697876,9.04134750366211,823.032958984375,0.02555946074426174,0.23204469680786133,6.459239482879639,98.875,43.64030075073242,1.0652923583984375,10.5269193649292,0.0012240028008818626,9.541666984558105,3.948460340499878,2.416553830494999,0.642316460609436,0.642316460609436,9.257211058866233e-05,2.3445115911305182e-05,0.28654950857162476,0.5342492461204529,1.0,48
19264,0.37005797028541565,0.5593692064285278,1.0000497102737427,2.351567506790161,0.4100852608680725,0.00244140625,0.0038314787670969963,1.5693737268447876,0.10353927314281464,3.793383836746216,1043.604248046875,0.01712392456829548,0.15558239817619324,5.6443986892700195,65.19999694824219,38.341312408447266,1.0259075164794922,10.525724411010742,0.0013020586920902133,9.5,3.561298370361328,2.6675664281284215,0.5779396891593933,0.5779396891593933,0.0001077339838957414,3.025132195882187e-05,0.28702712059020996,0.16347643733024597,1.0,48
19336,0.3978787362575531,0.5199379920959473,1.0000510215759277,1.2924902439117432,0.5384383201599121,0.00341796875,0.001773441443219781,0.5188583135604858,0.040523990988731384,1.3572577238082886,762.4566650390625,0.02282176911830902,0.19792596995830536,6.226126194000244,85.28571319580078,49.29050827026367,1.4650580883026123,10.504463195800781,0.001619034679606557,15.958333969116211,4.362130165100098,3.6583809580487854,0.5959321856498718,0.5959321856498718,0.00016270589549094439,3.7299642367323616e-05,0.2668205797672272,0.07566684484481812,1.0,48
19409,0.2595978379249573,0.3085135519504547,1.0000425577163696,1.278253436088562,0.48258307576179504,0.00390625,0.002257918007671833,0.5780270099639893,0.04369533061981201,1.43022882938385,673.484130859375,0.02555946074426174,0.24316401779651642,6.20088529586792,71.125,39.36923599243164,0.8479529619216919,10.529913902282715,0.0010778220603242517,10.229166984558105,3.7397589683532715,2.735247657340291,0.6427516937255859,0.6427516937255859,8.808370330370963e-05,2.355331020356171e-05,0.20211248099803925,0.09633782505989075,1.0,48
19515,0.2971765100955963,0.46727970242500305,1.0000401735305786,1.5063157081604004,0.44658538699150085,0.00244140625,0.003368208184838295,1.3796180486679077,0.10242005437612534,4.346944808959961,1599.9757080078125,0.01712392456829548,0.1414181888103485,5.858243942260742,82.4000015258789,43.570167541503906,1.0956099033355713,10.52264404296875,0.0012152889976277947,9.145833969116211,3.686737060546875,2.48073941648341,0.6242221593856812,0.6242221593856812,8.826225530356169e-05,2.3940480054486022e-05,0.2714582085609436,0.1437102109193802,1.0,48
19561,0.32134315371513367,0.38596320152282715,1.0000252723693848,1.1858723163604736,0.4721527397632599,0.00244140625,0.0014382661320269108,0.5891138315200806,0.033762890845537186,1.1519944667816162,816.340087890625,0.01712392456829548,0.18719123303890228,5.683788776397705,67.4000015258789,43.38445281982422,1.0985082387924194,10.530608177185059,0.0012423042207956314,13.625,3.828469753265381,3.5588631600890475,0.5880452990531921,0.5880452990531921,9.968689846573398e-05,2.6038314164641324e-05,0.2080727368593216,0.06136602163314819,1.0,48
19685,0.4188087582588196,0.49161043763160706,1.0000272989273071,1.8730285167694092,0.3595656156539917,0.00634765625,0.018562989309430122,2.924384832382202,0.33711567521095276,11.519521713256836,739.9734497070312,0.03844451159238815,0.2724917531013489,6.6909871101379395,92.38461303710938,35.69861602783203,0.9436992406845093,10.52293586730957,0.0013842820189893246,11.958333969116211,3.4077868461608887,3.5091202806586663,0.5932624340057373,0.5932624340057373,7.348343206103891e-05,2.156338854590899e-05,0.2866511344909668,0.7920207977294922,1.0,48
19899,0.39663976430892944,0.5386107563972473,1.0000436305999756,1.6999282836914062,0.38118863105773926,0.00732421875,0.012203583493828773,1.6661959886550903,0.16983427107334137,4.161458492279053,332.2182922363281,0.0433073565363884,0.3278128206729889,6.729445934295654,79.80000305175781,41.59233856201172,0.9279540181159973,10.535127639770508,0.0011441955575719476,13.5625,3.887753963470459,3.4885180730439176,0.5698152780532837,0.5698152780532837,0.00011830688163172454,3.0430650303243395e-05,0.29325592517852783,0.5206862092018127,1.0,48
19909,0.5265088081359863,0.5952929854393005,1.0000596046447754,1.9620128870010376,0.2908838391304016,0.0029296875,0.00449880538508296,1.5355921983718872,0.0857585147023201,2.0969953536987305,423.26708984375,0.020013848319649696,0.23063518106937408,5.884071350097656,70.83333587646484,46.8262939453125,1.1612292528152466,10.533514976501465,0.0012671641306951642,19.416667938232422,4.344523906707764,4.469228000693382,0.5037562251091003,0.5037562251091003,0.00015646900283172727,3.601522418371169e-05,0.35357609391212463,0.1919490247964859,1.0,48
20026,0.29305198788642883,0.38448163866996765,1.000046968460083,1.3558244705200195,0.5705082416534424,0.00244140625,0.0021552564576268196,0.8827930688858032,0.05063848942518234,1.7064495086669922,776.9043579101562,0.01712392456829548,0.1843007355928421,6.019407272338867,89.80000305175781,45.80585479736328,1.3577823638916016,10.51700210571289,0.0015534076374024153,8.895833969116211,3.687178611755371,2.412639820763859,0.6515976190567017,0.6515976190567017,7.835953147150576e-05,2.12518946082956e-05,0.2957242727279663,0.09195760637521744,1.0,48
20049,0.5150065422058105,0.6071550846099854,1.000038981437683,1.3146846294403076,0.3835948705673218,0.00439453125,0.002364726969972253,0.5381067395210266,0.05286393687129021,2.002945899963379,1056.023193359375,0.02823571488261223,0.2190140336751938,6.352551460266113,81.77777862548828,35.284278869628906,0.8360694646835327,10.531731605529785,0.0011569114867597818,18.416667938232422,6.805652618408203,2.706084036872149,0.3297351598739624,0.3297351598739624,0.0004055918543599546,5.9596320368590404e-05,0.3816945552825928,0.10089500993490219,1.0,48
20098,0.45213761925697327,0.5762252807617188,1.0000739097595215,2.474792718887329,0.2509244382381439,0.0048828125,0.010254550725221634,2.1001319885253906,0.20110270380973816,7.186861991882324,857.98291015625,0.03085736557841301,0.2516702115535736,5.549185752868652,43.70000076293945,49.74676513671875,1.0371240377426147,10.530817031860352,0.001021253177896142,16.08333396911621,4.615599632263184,3.4845600172613787,0.5069822669029236,0.5069822669029236,0.00022222385450731963,4.8146258716311845e-05,0.3954738676548004,0.43752750754356384,1.0,48
20143,0.36773309111595154,0.43616777658462524,1.0000571012496948,1.617897629737854,0.40006929636001587,0.00244140625,0.004911263007670641,2.011653423309326,0.14351627230644226,5.7751240730285645,1333.3758544921875,0.01712392456829548,0.13855279982089996,5.931307792663574,81.4000015258789,33.9289436340332,1.013331413269043,10.537117004394531,0.0012195794843137264,10.166666984558105,3.021800994873047,3.3644396067653144,0.5351033806800842,0.5351033806800842,8.989022899186239e-05,2.9747236448363976e-05,0.2551562488079071,0.209547221660614,1.0,48
20178,0.3186764717102051,0.44683197140693665,1.000016689300537,1.34205162525177,0.4489527642726898,0.005859375,0.007079831324517727,1.2082911729812622,0.12347494810819626,3.3215699195861816,469.3061828613281,0.03595767915248871,0.2730258107185364,6.423107147216797,77.08333587646484,43.432010650634766,1.0159189701080322,10.503174781799316,0.0012807316379621625,13.166666984558105,3.8446052074432373,3.424712354033136,0.5634584426879883,0.5634584426879883,0.00011038299999199808,2.871114035094757e-05,0.26154106855392456,0.30207282304763794,1.0,48
20187,0.32509860396385193,0.41978681087493896,1.0000371932983398,1.086177945137024,0.5581775903701782,0.013671875,0.008605854585766792,0.6294568181037903,0.11127171665430069,2.636636734008789,314.9891357421875,0.07226333767175674,0.3584924042224884,7.377950191497803,85.96428680419922,35.16856002807617,0.8013144135475159,10.522382736206055,0.001197898993268609,7.4375,2.982520580291748,2.4936961120098986,0.579469621181488,0.579469621181488,6.666830449830741e-05,2.2353007290315457e-05,0.28392431139945984,0.3514697253704071,1.0,48
20220,0.42350050806999207,0.5421760082244873,1.0000488758087158,1.2410451173782349,0.49797511100769043,0.03759765625,0.05112669616937637,1.359837293624878,0.3514530062675476,5.285280704498291,98.15145111083984,0.16023273766040802,0.5217803120613098,7.662940502166748,71.33766174316406,49.494964599609375,1.4553643465042114,10.51807975769043,0.001398150809109211,12.6875,3.894010543823242,3.258208940277031,0.5929607152938843,0.5929607152938843,9.405030868947506e-05,2.4152556185841352e-05,0.18923957645893097,1.12156343460083,1.0,48
20249,0.32950088381767273,0.4129287004470825,1.0000125169754028,3.0064573287963867,0.37109482288360596,0.00341796875,0.023865140974521637,6.982258319854736,0.8178187012672424,36.256744384765625,1882.4541015625,0.02282176911830902,0.12107767164707184,6.162206649780273,85.0,39.365966796875,1.1100674867630005,10.524116516113281,0.0012653879821300507,10.208333969116211,3.431352138519287,2.975017872625332,0.7036452293395996,0.7036452293395996,6.93457477609627e-05,2.0209452355651427e-05,0.27938467264175415,1.018246054649353,1.0,48
20258,0.42835360765457153,0.5058073997497559,1.000044584274292,1.2290081977844238,0.4683741331100464,0.017578125,0.013033105060458183,0.7414388656616211,0.1325903981924057,3.113042116165161,274.93927001953125,0.08845767378807068,0.42562609910964966,7.508710861206055,82.19444274902344,30.801610946655273,0.7240826487541199,10.53245735168457,0.0011414895998314023,16.541667938232422,6.666194915771484,2.481425779237627,0.33059656620025635,0.33059656620025635,0.00025724113220348954,3.858890042488801e-05,0.43120959401130676,0.42495131492614746,1.0,48
20311,0.5091456174850464,0.721260130405426,1.0000348091125488,1.696751594543457,0.30056828260421753,0.00537109375,0.006093042902648449,1.1344138383865356,0.1225958988070488,4.577255725860596,1010.5371704101562,0.03342986851930618,0.25496628880500793,6.350425720214844,65.45454406738281,29.999862670898438,0.7269805669784546,10.533726692199707,0.0011413188185542822,17.479167938232422,5.758884429931641,3.035165598572057,0.3293564021587372,0.3293564021587372,0.00036257365718483925,6.295900898284792e-05,0.4178970456123352,0.2599698603153229,1.0,48
20318,0.4159339368343353,0.5713965892791748,1.0000146627426147,1.5758323669433594,0.4181913435459137,0.0048828125,0.004687532316893339,0.960006594657898,0.08420824259519577,2.824432611465454,682.5464477539062,0.03085736557841301,0.26592114567756653,6.575837135314941,91.69999694824219,59.14567565917969,1.110343098640442,10.570310592651367,0.0008530766936019063,17.625,6.671903610229492,2.641674850721803,0.5606012344360352,0.5606012344360352,0.0002928088651970029,4.388685476648585e-05,0.305038720369339,0.20000140368938446,1.0,48
20428,0.3248555362224579,0.43080946803092957,1.000092625617981,1.8098552227020264,0.5264230966567993,0.01416015625,0.17102652788162231,12.078011512756348,1.8237619400024414,34.210208892822266,197.96945190429688,0.07434378564357758,0.40104955434799194,6.563050270080566,79.37931060791016,28.017200469970703,1.7282626628875732,10.51724624633789,0.00259982468560338,5.645833492279053,3.0112674236297607,1.8749027167851393,0.6335572004318237,0.6335572004318237,0.00031775899697095156,0.00010552333991402653,0.32280829548835754,6.175281047821045,1.0,48
20514,0.33201199769973755,0.5263414978981018,1.0000510215759277,1.8718993663787842,0.4210188388824463,0.0068359375,0.010320307686924934,1.5097135305404663,0.16195960342884064,4.531333923339844,477.5951232910156,0.04089350998401642,0.305105984210968,6.566437721252441,79.57142639160156,37.6505126953125,1.2478009462356567,10.542009353637695,0.0014089958276599646,12.104166984558105,3.5984649658203125,3.3637028749456754,0.5756818056106567,0.5756818056106567,0.00010189459135290235,2.8316127025711647e-05,0.28442928194999695,0.44033312797546387,1.0,48
20596,0.394627183675766,0.5026018023490906,1.0000430345535278,1.747552514076233,0.35221225023269653,0.00439453125,0.008721910417079926,1.984719157218933,0.14953209459781647,3.577594518661499,335.7342224121094,0.02823571488261223,0.25964102149009705,6.278151512145996,70.44444274902344,46.62216567993164,1.3248220682144165,10.51953125,0.0014864869881421328,10.6875,4.394876003265381,2.431809217766582,0.5702537298202515,0.5702537298202515,0.00010009917605202645,2.277633674986272e-05,0.43301036953926086,0.37213483452796936,1.0,48
20637,0.41381940245628357,0.5530064702033997,1.0000360012054443,1.6612704992294312,0.35357558727264404,0.0048828125,0.011444296687841415,2.343791961669922,0.2003782093524933,5.569881916046143,520.3724975585938,0.03085736557841301,0.27045929431915283,6.178083896636963,66.0,50.3159065246582,0.9631701111793518,10.509746551513672,0.0010572185274213552,14.833333969116211,5.012416839599609,2.959317713230713,0.6330768465995789,0.6330768465995789,0.00012833831715397537,2.5604079031101932e-05,0.3050198554992676,0.4882899820804596,1.0,48
20718,0.4462722837924957,0.4882982671260834,1.0000452995300293,0.8590918183326721,0.5673985481262207,0.06103515625,0.04081905633211136,0.6687794327735901,0.21288777887821198,2.903176784515381,55.675933837890625,0.2298063337802887,0.5889049172401428,8.229875564575195,79.20800018310547,27.033451080322266,0.575768232345581,10.535327911376953,0.001092650112695992,17.75,5.044060230255127,3.518990486739748,0.35676801204681396,0.35676801204681396,0.00021670019486919045,4.296146051939892e-05,0.387905478477478,0.6355558037757874,1.0,48
20921,0.3418760895729065,0.7227875590324402,1.0002565383911133,3.1728978157043457,0.32193541526794434,0.01171875,0.02053547464311123,1.752360463142395,0.23347024619579315,3.8651211261749268,183.76922607421875,0.0637580007314682,0.37935587763786316,6.688783645629883,83.375,50.90687561035156,1.278639554977417,10.555071830749512,0.0012218556366860867,11.458333969116211,4.329052925109863,2.6468454280579086,0.7287275195121765,0.7287275195121765,0.00013867116649635136,3.2032679797395954e-05,0.30479615926742554,0.8163461685180664,1.0,48
20943,0.39114123582839966,0.5416770577430725,1.0000208616256714,1.7593334913253784,0.3638996183872223,0.00244140625,0.002711525186896324,1.1106407642364502,0.07417139410972595,2.529353380203247,963.3445434570312,0.01712392456829548,0.14999978244304657,5.741025924682617,70.80000305175781,48.15535354614258,1.107204794883728,10.518024444580078,0.0012392201460897923,11.583333969116211,4.1747727394104,2.7746022752381228,0.5562900900840759,0.5562900900840759,0.00010283003211952746,2.4631288525597005e-05,0.3435509502887726,0.11569172888994217,1.0,48
21018,0.49414753913879395,0.5825846791267395,1.0000258684158325,1.1899561882019043,0.42350873351097107,0.005859375,0.005646361503750086,0.9636456966400146,0.10287140309810638,3.1203999519348145,623.7711181640625,0.03595767915248871,0.2725338041782379,6.578171730041504,75.25,45.279502868652344,1.0639252662658691,10.523990631103516,0.0011681396281346679,17.979167938232422,7.009686470031738,2.5649032933853864,0.38457927107810974,0.38457927107810974,0.00035079376539215446,5.004414482608445e-05,0.43148159980773926,0.24091143906116486,1.0,48
21112,0.5202187299728394,0.6271896958351135,1.0000293254852295,1.9902459383010864,0.28735798597335815,0.00732421875,0.019374798983335495,2.645305871963501,0.3319174349308014,11.863237380981445,836.7400512695312,0.0433073565363884,0.2948514223098755,6.26142692565918,63.666664123535156,50.82992172241211,1.1609866619110107,10.502411842346191,0.0012035840190947056,13.5625,4.056600570678711,3.3433165849744206,0.6154464483261108,0.6154464483261108,9.701993258204311e-05,2.391656034467428e-05,0.2607031464576721,0.8266580700874329,1.0,48
21122,0.4790773093700409,0.5759672522544861,1.0000430345535278,2.1454639434814453,0.33550482988357544,0.00830078125,0.018565583974123,2.2366068363189697,0.28597819805145264,8.894371032714844,573.7236328125,0.04803864285349846,0.32151374220848083,6.391256332397461,68.94117736816406,43.57696533203125,0.9525347948074341,10.551780700683594,0.0010529377032071352,12.229166984558105,3.7542452812194824,3.2574235394687636,0.5925033092498779,0.5925033092498779,0.00010177202057093382,2.710851653965196e-05,0.259643018245697,0.7844319343566895,1.0,48
21222,0.344824880361557,0.44776180386543274,1.0000442266464233,1.283869981765747,0.48520827293395996,0.00390625,0.003555682487785816,0.910254716873169,0.09376534819602966,3.77553653717041,1319.0009765625,0.02555946074426174,0.17862825095653534,6.155848503112793,74.625,45.21647262573242,1.256455421447754,10.519142150878906,0.0013378469739109278,11.458333969116211,3.7585713863372803,3.048587551185627,0.5762828588485718,0.5762828588485718,9.296386269852519e-05,2.4733829132291665e-05,0.24843567609786987,0.15170912444591522,1.0,48
21267,0.37367352843284607,0.48178285360336304,1.0000379085540771,1.0937589406967163,0.4670701026916504,0.03564453125,0.04468864947557449,1.2537308931350708,0.3100176453590393,4.8295512199401855,91.76436614990234,0.1538461297750473,0.5159008502960205,7.773318767547607,81.4246597290039,27.604928970336914,1.0488873720169067,10.510311126708984,0.0017943072598427534,12.854166984558105,2.820255994796753,4.557801477133799,0.49354347586631775,0.49354347586631775,0.00012249813880771399,4.343511319517323e-05,0.2254362851381302,1.0128153562545776,1.0,48
21331,0.4344339370727539,0.5123296976089478,1.0000137090682983,0.9932224154472351,0.5092337131500244,0.00390625,0.0025105176027864218,0.642692506313324,0.0537334568798542,1.7003254890441895,705.2988891601562,0.02555946074426174,0.21591214835643768,6.281680583953857,81.0,25.77600860595703,0.640894889831543,10.532293319702148,0.0011301503982394934,18.604167938232422,5.963435173034668,3.1197065730100126,0.2968359589576721,0.2968359589576721,0.0002684909268282354,4.50228632637885e-05,0.3877113163471222,0.10711542516946793,1.0,48
21384,0.4792909622192383,0.570709764957428,1.0000407695770264,2.0533604621887207,0.3317454159259796,0.005859375,0.013065497390925884,2.229844808578491,0.21642236411571503,5.494899272918701,417.503662109375,0.03595767915248871,0.2844749689102173,6.541728973388672,80.16666412353516,38.206398010253906,1.1328978538513184,10.538724899291992,0.0014085321454331279,12.0,3.7254350185394287,3.221100330047803,0.6144741773605347,0.6144741773605347,9.075967682292685e-05,2.43621687474468e-05,0.3251382112503052,0.5574612021446228,1.0,48
21416,0.35785332322120667,0.5179435014724731,1.000045657157898,1.5366495847702026,0.46467554569244385,0.005859375,0.011934603564441204,2.036839008331299,0.23771074414253235,7.655405044555664,714.4336547851562,0.03595767915248871,0.2525559365749359,6.648787498474121,80.33333587646484,34.505340576171875,0.9984940886497498,10.532417297363281,0.0011886231368407607,12.458333969116211,3.531991481781006,3.5272831200491086,0.511710524559021,0.511710524559021,0.00010891012789215893,3.083533132670176e-05,0.22560544312000275,0.5092097520828247,1.0,48
21521,0.4172491133213043,0.6184182167053223,1.0000449419021606,2.18013072013855,0.35182785987854004,0.00439453125,0.020085709169507027,4.570614814758301,0.390053927898407,12.247710227966309,663.5200805664062,0.02823571488261223,0.24516895413398743,6.2856879234313965,78.44444274902344,49.07164001464844,1.2711856365203857,10.533162117004395,0.001304883393459022,11.791666984558105,4.160520553588867,2.83418067627254,0.6401660442352295,0.6401660442352295,0.0001362291950499639,3.274330530707737e-05,0.2573511600494385,0.8569902777671814,1.0,48
21575,0.32748088240623474,0.4458085000514984,1.0000537633895874,1.1982111930847168,0.4708111584186554,0.00390625,0.0014190912479534745,0.3632873594760895,0.024499038234353065,0.5282874703407288,328.5575866699219,0.02555946074426174,0.2565575838088989,6.378695487976074,80.625,44.83049011230469,1.2944563627243042,10.49836540222168,0.001618994865566492,6.3125,4.059025764465332,1.5551761311078403,0.570985734462738,0.570985734462738,0.0001371727994410321,3.379451303412848e-05,0.34961310029029846,0.06054789945483208,1.0,48
21687,0.3940986692905426,0.4866708517074585,1.0000485181808472,2.054732084274292,0.308788001537323,0.00439453125,0.018646961078047752,4.243219375610352,0.37123507261276245,10.807136535644531,543.8748168945312,0.02823571488261223,0.23014549911022186,6.308588027954102,77.22222137451172,51.28757095336914,1.4443086385726929,10.53498649597168,0.0013023135252296925,9.958333969116211,4.787307262420654,2.080153498081371,0.5730149745941162,0.5730149745941162,0.00022338154667522758,4.666120931115352e-05,0.3153144419193268,0.7956036925315857,1.0,48
21700,0.30602285265922546,0.4402586817741394,1.0000343322753906,1.3059947490692139,0.5080757141113281,0.00537109375,0.006614496000111103,1.2314988374710083,0.10861291736364365,2.5297083854675293,366.9584045410156,0.03342986851930618,0.2820211946964264,6.461068153381348,72.2727279663086,34.07456970214844,0.6833527088165283,10.536208152770996,0.0010832231491804123,8.875,3.675072431564331,2.41491838354682,0.5201753377914429,0.5201753377914429,0.00010200076940236613,2.7754764300359884e-05,0.31049495935440063,0.28221845626831055,1.0,48
21709,0.4237247407436371,0.5353017449378967,1.0000470876693726,1.8657103776931763,0.3553006649017334,0.00390625,0.009795522317290306,2.5076537132263184,0.18267448246479034,4.434742450714111,413.040283203125,0.02555946074426174,0.24047821760177612,6.253776550292969,78.0,41.24324035644531,0.8610787391662598,10.51419734954834,0.0010812950786203146,13.125,4.965084075927734,2.6434597627861867,0.6213709115982056,0.6213709115982056,9.09168302314356e-05,1.8311236760141926e-05,0.8353992700576782,0.4179422855377197,1.0,48
21799,0.2832930088043213,0.36764419078826904,1.0000377893447876,1.2751160860061646,0.47560638189315796,0.01318359375,0.014908548444509506,1.1308410167694092,0.21056877076625824,7.079178810119629,678.5343017578125,0.07016520947217941,0.35549819469451904,6.799694061279297,70.85185241699219,34.6916618347168,1.218383550643921,10.529598236083984,0.0017109157051891088,13.583333969116211,3.802700996398926,3.5720226087349762,0.5810822248458862,0.5810822248458862,9.787539602257311e-05,2.573838854484617e-05,0.3144379258155823,0.5900605916976929,1.0,48
21803,0.42105942964553833,0.48975735902786255,1.000055193901062,1.057710886001587,0.5556105971336365,0.009765625,0.005485795438289642,0.5617454648017883,0.07231637835502625,2.1733953952789307,470.44219970703125,0.05492175742983818,0.35435283184051514,7.105412483215332,86.4000015258789,30.90696144104004,0.6475462317466736,10.544870376586914,0.0010454924777150154,6.4375,2.6387882232666016,2.439566737051464,0.5957303047180176,0.5957303047180176,5.061016418039799e-05,1.9179320091838818e-05,0.26991912722587585,0.22332720458507538,1.0,48
21827,0.5029475092887878,0.5927860736846924,1.000020146369934,1.8285672664642334,0.3147462010383606,0.02001953125,0.058928076177835464,2.9435293674468994,0.503903329372406,7.660955429077148,108.05992889404297,0.09811511635780334,0.45288383960723877,6.857878684997559,68.68292999267578,47.02447509765625,1.1412335634231567,10.506847381591797,0.001297019887715578,13.125,3.8790805339813232,3.3835337655889606,0.5805503129959106,0.5805503129959106,0.00010147401917492971,2.6159296777782577e-05,0.24568447470664978,1.7176109552383423,1.0,48
22035,0.34510537981987,0.4565252661705017,1.0000288486480713,1.668715476989746,0.42763829231262207,0.00244140625,0.004868218209594488,1.9940221309661865,0.12507601082324982,4.603358745574951,1047.2208251953125,0.01712392456829548,0.17233975231647491,5.972782135009766,87.80000305175781,38.228919982910156,0.8511072397232056,10.530266761779785,0.0011063406709581614,6.5625,3.576371669769287,1.8349602859016458,0.5991958975791931,0.5991958975791931,8.023924601729959e-05,2.2435935971418904e-05,0.31992340087890625,0.2077106237411499,1.0,48
22228,0.29649409651756287,0.4155879318714142,1.0000340938568115,1.2976083755493164,0.4934863746166229,0.00537109375,0.010113116353750229,1.8828784227371216,0.19035851955413818,6.131485462188721,635.472900390625,0.03342986851930618,0.2535957992076874,6.3758463859558105,68.36363983154297,38.513248443603516,1.0338655710220337,10.52739143371582,0.0012964550405740738,8.875,3.3997104167938232,2.6105164516525536,0.5763775110244751,0.5763775110244751,8.06851894594729e-05,2.3732959379003628e-05,0.23747007548809052,0.43149295449256897,1.0,48
22364,0.5405800342559814,0.6889404058456421,1.0000139474868774,2.2402141094207764,0.257331520318985,0.00732421875,0.011843663640320301,1.61705482006073,0.17213019728660583,4.649744033813477,394.8997802734375,0.0433073565363884,0.3190141022205353,5.757174968719482,57.66666793823242,52.45126724243164,1.0570322275161743,10.595609664916992,0.0009491636883467436,17.125,4.768135070800781,3.5915509333942683,0.5689868927001953,0.5689868927001953,0.00014827096310909837,3.109621698976639e-05,0.33211269974708557,0.5053296685218811,1.0,48
22403,0.4245482385158539,0.49775245785713196,1.0000336170196533,0.9024550914764404,0.582218587398529,0.0078125,0.004215861205011606,0.5396302342414856,0.059588391333818436,1.7132952213287354,419.5849914550781,0.04568839073181152,0.3280331492424011,6.893518447875977,79.125,30.55661392211914,0.7349937558174133,10.523608207702637,0.001164024812169373,9.9375,2.902559280395508,3.4237026726320203,0.5513051748275757,0.5513051748275757,4.341540625318885e-05,1.4957629426158247e-05,0.2893264889717102,0.17987674474716187,1.0,48
22433,0.3302995264530182,0.39815276861190796,1.0000596046447754,1.096915364265442,0.5094833374023438,0.00439453125,0.008803561329841614,2.0032992362976074,0.16350294649600983,5.400369167327881,678.6881103515625,0.02823571488261223,0.2579156458377838,6.206302642822266,77.33333587646484,44.01851272583008,1.1691691875457764,10.524538040161133,0.0013329708017408848,8.395833969116211,3.7210700511932373,2.256295589990562,0.5968312621116638,0.5968312621116638,8.633860852569342e-05,2.3202629110941055e-05,0.21122810244560242,0.37561866641044617,1.0,48
22501,0.4182630181312561,0.5878866910934448,1.0000640153884888,1.3604152202606201,0.4677153527736664,0.00341796875,0.0011191804660484195,0.3274402320384979,0.023341404274106026,0.8106275200843811,797.3179931640625,0.02282176911830902,0.22398526966571808,6.276529312133789,82.0,37.78408432006836,1.0134596824645996,10.537242889404297,0.0011429054429754615,13.645833969116211,3.273292064666748,4.16884092767844,0.6015664339065552,0.6015664339065552,6.763071723980829e-05,2.0661375672286666e-05,0.3206062316894531,0.04775169864296913,1.0,48
22514,0.4054574966430664,0.498665988445282,1.000071406364441,1.40333890914917,0.37026751041412354,0.00927734375,0.011008385568857193,1.1865880489349365,0.15047487616539001,3.326544761657715,306.8858642578125,0.05265381559729576,0.33704128861427307,7.030342102050781,90.21052551269531,36.861881256103516,0.8332931995391846,10.535001754760742,0.0011054035276174545,14.5,3.6409831047058105,3.9824408801663975,0.5381143093109131,0.5381143093109131,0.0001228593901032582,3.374346604548458e-05,0.29194915294647217,0.4643772542476654,1.0,48
22597,0.3424657881259918,0.4552724361419678,1.0000513792037964,1.3261513710021973,0.4327082931995392,0.00341796875,0.0034814560785889626,1.018574595451355,0.06301870942115784,1.7576210498809814,445.373779296875,0.02282176911830902,0.24763330817222595,6.018154621124268,78.28571319580078,39.15390396118164,1.0243134498596191,10.526952743530273,0.0011812362354248762,9.75,3.635685682296753,2.681749971032475,0.5583486557006836,0.5583486557006836,8.936220547184348e-05,2.4579188916463005e-05,0.274978369474411,0.148542121052742,1.0,48
22621,0.46291670203208923,0.6490495800971985,1.0000922679901123,2.8475914001464844,0.292685329914093,0.00244140625,0.005009733140468597,2.0519866943359375,0.11233311146497726,3.303342342376709,649.3655395507812,0.01712392456829548,0.19477741420269012,5.7150797843933105,71.4000015258789,40.6461067199707,1.2215652465820312,10.52462100982666,0.0014169033383950591,11.25,3.756103515625,2.9951251138979313,0.6008485555648804,0.6008485555648804,9.969693928724155e-05,2.6542649478931066e-05,0.2801803648471832,0.21374858915805817,1.0,48
22659,0.325114369392395,0.399152934551239,1.0000509023666382,1.3237957954406738,0.43250763416290283,0.009765625,0.012094061821699142,1.2384319305419922,0.1654936820268631,3.6788201332092285,345.8348083496094,0.05492175742983818,0.3415592312812805,6.873562812805176,73.05000305175781,43.16193389892578,1.1735121011734009,10.52462387084961,0.0013097231276333332,12.208333969116211,4.827881813049316,2.528714334064905,0.5479301810264587,0.5479301810264587,0.00021825556177645922,4.5207312394114865e-05,0.29989251494407654,0.5038353800773621,1.0,48
22683,0.5953595638275146,0.7622832655906677,1.0000299215316772,2.257615327835083,0.26369598507881165,0.0126953125,0.07829425483942032,6.167178153991699,0.8694345951080322,17.12405776977539,195.9803924560547,0.06804874539375305,0.38735511898994446,6.593531131744385,71.26923370361328,42.54294204711914,1.3104203939437866,10.506810188293457,0.0014718826860189438,14.875,3.7205569744110107,3.99805729688476,0.5158367156982422,0.5158367156982422,0.00011677762813633308,3.1387136019049515e-05,0.29730144143104553,3.01847767829895,1.0,48
22692,0.4713341295719147,0.5724384188652039,1.0000320672988892,1.931549310684204,0.3413914740085602,0.00244140625,0.005707712844014168,2.337879180908203,0.18923453986644745,8.295775413513184,1802.93701171875,0.01712392456829548,0.12216893583536148,5.966049671173096,85.0,36.752079010009766,1.2345857620239258,10.52946949005127,0.001823077560402453,11.708333969116211,3.991894483566284,2.9330269094001538,0.5840858221054077,0.5840858221054077,0.00011367417027940974,2.8476246168985132e-05,0.33368203043937683,0.2435290813446045,1.0,48
22699,0.6124189496040344,0.7060766220092773,1.0000598430633545,3.006880760192871,0.24034182727336884,0.00341796875,0.008103987202048302,2.370995044708252,0.17770151793956757,6.216596603393555,832.7210693359375,0.02282176911830902,0.21200373768806458,5.619954586029053,61.14285659790039,45.25944900512695,1.124405860900879,10.509906768798828,0.0012575245928019285,14.208333969116211,3.836812973022461,3.7031604177703636,0.5222064256668091,0.5222064256668091,0.00011393939348636195,2.969636362015379e-05,0.2891214191913605,0.34577012062072754,1.0,48
22770,0.32450994849205017,0.42006009817123413,1.000035047531128,1.2755628824234009,0.5012141466140747,0.0078125,0.008863836526870728,1.1345710754394531,0.12388242781162262,2.7960517406463623,306.5243835449219,0.04568839073181152,0.3259381949901581,6.4959397315979,70.75,34.83418273925781,1.061501383781433,10.53798770904541,0.0015379793476313353,11.416666984558105,3.5403552055358887,3.224723591141126,0.5378677845001221,0.5378677845001221,0.00011553755030035973,3.263445142265796e-05,0.3895416259765625,0.37819039821624756,1.0,48
22822,0.4192776679992676,0.5042548775672913,1.0000286102294922,1.7199195623397827,0.2976987361907959,0.00390625,0.004621712025254965,1.183158278465271,0.11257516592741013,4.327836513519287,1146.080078125,0.02555946074426174,0.20037207007408142,5.780386924743652,71.0,32.79513168334961,1.2504819631576538,10.511610984802246,0.001718844985589385,19.875,5.609127044677734,3.543332109659601,0.37691593170166016,0.37691593170166016,0.00031909492099657655,5.688851721240067e-05,0.40542978048324585,0.19719304144382477,1.0,48
22917,0.3210082948207855,0.4555937349796295,1.0000251531600952,1.0451083183288574,0.5883083939552307,0.01318359375,0.012259338051080704,0.9298934936523438,0.15820802748203278,4.878557205200195,497.89453125,0.07016520947217941,0.36556941270828247,7.1551361083984375,71.48148345947266,36.22483444213867,0.8775283694267273,10.534181594848633,0.0011473079212009907,10.1875,3.7895359992980957,2.6883238409672603,0.5467183589935303,0.5467183589935303,0.00010753153765108436,2.837591129553656e-05,0.2825881540775299,0.485687255859375,1.0,48
22992,0.3668166995048523,0.5833910703659058,1.0000483989715576,1.6059759855270386,0.4346729516983032,0.01318359375,0.024440091103315353,1.8538261651992798,0.3496950566768646,9.316953659057617,474.6468200683594,0.07016520947217941,0.3490784466266632,7.281103134155273,85.44444274902344,48.115028381347656,1.3137075901031494,10.523805618286133,0.0013641021214425564,7.333333492279053,3.9864261150360107,1.83957591643889,0.6016520857810974,0.6016520857810974,7.131411257432774e-05,1.7889234702344705e-05,0.2549546957015991,0.9679862856864929,1.0,48
23025,0.33358266949653625,0.3772139847278595,1.0000953674316406,0.9967705011367798,0.5424686670303345,0.04248046875,0.09723395854234695,2.288909673690796,0.632656455039978,10.144378662109375,83.94459533691406,0.17574864625930786,0.5333688259124756,7.541806221008301,86.712646484375,36.66520690917969,0.7382685542106628,10.54532241821289,0.0010198806412518024,13.895833969116211,4.552684783935547,3.0522284318093593,0.41934657096862793,0.41934657096862793,0.00021369731985032558,4.693874703010044e-05,0.42830410599708557,1.9723987579345703,1.0,48
23149,0.4419982135295868,0.5445516705513,1.0000303983688354,1.32513427734375,0.41940993070602417,0.02099609375,0.016629623249173164,0.7920341491699219,0.15581843256950378,2.5411722660064697,150.74595642089844,0.10189082473516464,0.43839025497436523,7.531078338623047,79.34883880615234,51.65876770019531,1.3450580835342407,10.528846740722656,0.0012045677285641432,16.979167938232422,7.3311052322387695,2.3160447677664675,0.4000619053840637,0.4000619053840637,0.0003030986408703029,4.13441944775223e-05,0.38438206911087036,0.5322838425636292,1.0,48
23214,0.43856555223464966,0.5796045064926147,1.0000271797180176,0.8062602281570435,0.6264104843139648,0.0205078125,0.00962825957685709,0.4694922864437103,0.09475717693567276,2.1712417602539062,279.4202880859375,0.10000890493392944,0.436428040266037,7.572369575500488,78.16666412353516,23.939754486083984,0.49195563793182373,10.532763481140137,0.0010730214416980743,8.916666984558105,2.209864854812622,4.034937668152013,0.5670280456542969,0.5670280456542969,3.4831478842534125e-05,1.576181394489366e-05,0.24939261376857758,0.3060322403907776,1.0,48
23228,0.45828935503959656,0.5388221740722656,1.0000673532485962,1.7129364013671875,0.3224455714225769,0.005859375,0.0177387036383152,3.0274055004119873,0.311264306306839,9.598591804504395,639.1911010742188,0.03595767915248871,0.28018105030059814,6.418188571929932,81.66666412353516,39.21936798095703,1.04102623462677,10.493180274963379,0.0014760064659640193,14.125,3.7169857025146484,3.800122220659285,0.4568590521812439,0.4568590521812439,9.672784653957933e-05,2.6023195680819592e-05,0.30576926469802856,0.7568513751029968,1.0,48
23391,0.3200344741344452,0.38968855142593384,1.000033974647522,1.3143526315689087,0.4861892759799957,0.0048828125,0.007607857696712017,1.558089256286621,0.1253703236579895,3.1711130142211914,358.7932434082031,0.03085736557841301,0.27531516551971436,6.365137577056885,74.19999694824219,37.36132049560547,0.9319972395896912,10.532763481140137,0.0011701514013111591,7.6875,3.697965383529663,2.078845846813719,0.5660282373428345,0.5660282373428345,0.0001354850537609309,3.663772895170662e-05,0.2953072488307953,0.3246019184589386,1.0,48
23499,0.3232625424861908,0.3722050189971924,1.0000311136245728,1.4320677518844604,0.45037564635276794,0.00634765625,0.0036827819421887398,0.5801798105239868,0.06998270004987717,1.9041259288787842,554.6583251953125,0.03844451159238815,0.25699520111083984,6.680327415466309,81.38461303710938,36.85824966430664,0.7204070091247559,10.54646110534668,0.0010199672542512417,10.3125,3.2533671855926514,3.169792826942616,0.5744469165802002,0.5744469165802002,0.00011208502110093832,3.445200445027549e-05,0.2700687348842621,0.15713202953338623,1.0,48
23540,0.4421025216579437,0.567034125328064,1.0000042915344238,1.2204034328460693,0.4956797659397125,0.03076171875,0.028416315093636513,0.9237557649612427,0.20998461544513702,3.297165870666504,108.05094909667969,0.13738007843494415,0.5011526942253113,7.658886432647705,74.04762268066406,28.249685287475586,0.5948017835617065,10.536255836486816,0.0010609659366309643,19.666667938232422,6.723702430725098,2.9249759506179944,0.3039226531982422,0.3039226531982422,0.0003604318480938673,5.360615691598e-05,0.4089307487010956,0.6886234283447266,1.0,48
23571,0.4659178853034973,0.5248928070068359,1.0000252723693848,1.7375527620315552,0.3699193000793457,0.00390625,0.011799102649092674,3.0205702781677246,0.21028752624988556,6.106557846069336,480.21636962890625,0.02555946074426174,0.2566329538822174,6.068359375,81.375,42.256919860839844,1.0769051313400269,10.538009643554688,0.0012394168879836798,13.916666984558105,3.5368800163269043,3.9347297281697013,0.5416457653045654,0.5416457653045654,9.211911674356088e-05,2.6045304352386466e-05,0.2499019354581833,0.5034283995628357,1.0,48
23637,0.30083853006362915,0.40131038427352905,1.000032663345337,1.1665571928024292,0.5232518315315247,0.0107421875,0.01135784387588501,1.05731201171875,0.15085886418819427,4.110866069793701,379.6029357910156,0.05938481166958809,0.3508067727088928,6.977312088012695,70.45454406738281,51.26283264160156,1.4954878091812134,10.512402534484863,0.0014658775180578232,11.4375,4.208484649658203,2.7177240562708644,0.6154616475105286,0.6154616475105286,0.00010817975271493196,2.5705155528288872e-05,0.2428351491689682,0.4672712981700897,1.0,48
23764,0.5318952798843384,0.7262698411941528,0.9999765753746033,2.298325300216675,0.2485499531030655,0.0048828125,0.017998790368437767,3.686152219772339,0.3177831768989563,8.889021873474121,481.519287109375,0.03085736557841301,0.2661736011505127,6.355103492736816,81.5,45.1519775390625,0.8797718286514282,10.527202606201172,0.001022071810439229,16.291667938232422,4.8936662673950195,3.329133417513045,0.6450039148330688,0.6492416858673096,8.544554293621331e-05,1.7460435201907026e-05,0.3540268540382385,0.7679483890533447,1.0,48
23823,0.38121190667152405,0.6553829312324524,1.0000293254852295,2.023308753967285,0.3747005760669708,0.00244140625,0.0032779001630842686,1.342628002166748,0.08578487485647202,2.864128828048706,915.7808837890625,0.01712392456829548,0.16258473694324493,5.81682014465332,77.0,45.791969299316406,1.2013221979141235,10.468408584594727,0.0015159682370722294,7.4375,3.7486159801483154,1.9840655910198293,0.5561585426330566,0.5561585426330566,0.00016325703472830355,4.3551282702031113e-05,0.3335036039352417,0.13985706865787506,1.0,48
23989,0.46591559052467346,0.5484956502914429,1.000023365020752,1.097825050354004,0.5693992376327515,0.0166015625,0.010468102991580963,0.6305492520332336,0.11955791711807251,2.8684470653533936,311.51617431640625,0.08450048416852951,0.40160757303237915,7.45223331451416,90.47058868408203,28.164201736450195,0.5751652121543884,10.535130500793457,0.001068048644810915,8.291666984558105,3.3885741233825684,2.446948674627677,0.5478906631469727,0.5478906631469727,6.622166256420314e-05,1.9542633555459167e-05,0.23436422646045685,0.36719807982444763,1.0,48
24055,0.3302748203277588,0.41569390892982483,1.0000641345977783,1.4389885663986206,0.44195306301116943,0.00390625,0.0032393853180110455,0.8292826414108276,0.06436264514923096,1.9552360773086548,635.7316284179688,0.02555946074426174,0.2379692941904068,6.265866756439209,75.75,41.41617965698242,1.1847749948501587,10.527507781982422,0.0013465317897498608,13.041666984558105,3.676816463470459,3.5469997152858674,0.6032602787017822,0.6032602787017822,8.225101919379085e-05,2.2370172617333846e-05,0.3059116303920746,0.13821378350257874,1.0,48
24219,0.40815457701683044,0.45381882786750793,1.0000756978988647,1.3748184442520142,0.3437020778656006,0.0029296875,0.0030051933135837317,1.0257726907730103,0.06572304666042328,1.9684325456619263,691.6002197265625,0.020013848319649696,0.20805269479751587,6.026885032653809,80.83333587646484,33.12800979614258,1.1816480159759521,10.515941619873047,0.0018003775039687753,10.041666984558105,3.476491928100586,2.888448229810786,0.542288064956665,0.542288064956665,8.947007881943136e-05,2.5735736027138377e-05,0.3756823241710663,0.12822158634662628,1.0,48
24316,0.35110020637512207,0.45962682366371155,0.9999886155128479,0.9491918683052063,0.5414422154426575,0.00732421875,0.006804934702813625,0.9291003942489624,0.10731840878725052,2.9719560146331787,446.2837219238281,0.0433073565363884,0.29930853843688965,6.6561102867126465,64.5999984741211,40.970542907714844,1.0442771911621094,10.525413513183594,0.001340094255283475,9.916666984558105,4.107700347900391,2.4141651339015655,0.5554765462875366,0.5554765462875366,0.0001387615775456652,3.378084218796129e-05,0.2768211364746094,0.29034388065338135,1.0,48
24359,0.4334583282470703,0.5473012328147888,1.0000172853469849,1.054947853088379,0.46576812863349915,0.029296875,0.025347422808408737,0.8651920557022095,0.19005727767944336,2.829134702682495,89.46833801269531,0.13228946924209595,0.4905051589012146,7.750055313110352,78.75,38.324405670166016,0.9388793706893921,10.524279594421387,0.0013043219223618507,15.979166984558105,5.6363372802734375,2.8350267490437755,0.42344778776168823,0.42344778776168823,0.0002455990470480174,4.357422815555145e-05,0.2965879738330841,0.6187129020690918,1.0,48
24394,0.33658939599990845,0.4163121283054352,1.0000354051589966,1.2119739055633545,0.49960291385650635,0.0283203125,0.0461491197347641,1.629541277885437,0.3686886131763458,5.7921671867370605,126.71516418457031,0.12885403633117676,0.48238325119018555,7.427975177764893,70.60344696044922,42.50770950317383,1.0794157981872559,10.536446571350098,0.001188722439110279,13.125,3.319033622741699,3.954464296632646,0.6169906854629517,0.6169906854629517,6.278815271798521e-05,1.8917600622841185e-05,0.27439600229263306,1.2298569679260254,1.0,48
24430,0.37805482745170593,0.463472455739975,1.000043511390686,1.3595699071884155,0.4339975118637085,0.0224609375,0.03319444879889488,1.4778743982315063,0.2849811911582947,6.121066093444824,171.0955810546875,0.10746800154447556,0.46136969327926636,7.439733505249023,72.86956787109375,37.65748977661133,1.080393671989441,10.522143363952637,0.0012478980934247375,10.791666984558105,4.023418426513672,2.6822134348793165,0.5162829756736755,0.5162829756736755,0.00011419712973292917,2.838311041589848e-05,0.3860476016998291,0.9182738661766052,1.0,48
24505,0.3158113658428192,0.432186484336853,1.0000499486923218,1.2174535989761353,0.43939563632011414,0.0107421875,0.01155658159404993,1.075812578201294,0.15016375482082367,3.636634588241577,310.48358154296875,0.05938481166958809,0.3520306348800659,6.935375213623047,72.59091186523438,44.443668365478516,1.0862993001937866,10.51034164428711,0.0012538135051727295,9.666666984558105,3.8641905784606934,2.501602020724562,0.6068887710571289,0.6068887710571289,0.00010288974590366706,2.6626467703461116e-05,0.21172977983951569,0.47620299458503723,1.0,48
24509,0.4416339099407196,0.6384117603302002,1.0000455379486084,2.53297758102417,0.31574058532714844,0.00341796875,0.009094384498894215,2.660757541656494,0.30334457755088806,13.403383255004883,1858.20361328125,0.02282176911830902,0.12967152893543243,5.968709945678711,73.0,41.19070816040039,1.3521634340286255,10.523120880126953,0.0014646663330495358,11.854166984558105,3.5406441688537598,3.348025496421317,0.5716539621353149,0.5716539621353149,8.340585918631405e-05,2.3556690526670115e-05,0.26578426361083984,0.3880271017551422,1.0,48
24557,0.3087853491306305,0.4486159086227417,1.0000193119049072,1.946115255355835,0.42126214504241943,0.0029296875,0.0072258878499269485,2.4664363861083984,0.18024437129497528,7.146531581878662,1236.0931396484375,0.020013848319649696,0.18600690364837646,5.990412712097168,85.16666412353516,37.03091049194336,0.8239834904670715,10.534080505371094,0.0011059953831136227,10.104166984558105,3.5487027168273926,2.8472847015820406,0.5735118389129639,0.5735118389129639,0.00010347046190872788,2.915726389999211e-05,0.30542492866516113,0.3083045184612274,1.0,48
