feature,crowding,crowd_max,dec_norm,enc_norm,enc_dec_cos,frequency,act_mag,act_mean_firing,act_std,act_max,act_kurtosis,bin_entropy,act_entropy,coact_entropy,coact_count,logit_l2,logit_linf,logit_entropy,logit_top10_mass,collateral_raw,effect_l2,collateral_ctilde,collateral_raw_nodense,collateral_ctilde_nodense,resid_delta_norm,resid_reconstruction_norm_ratio,stab_signed,stab_abs,stab_anti_frac,effect_pc1_ratio,kl_mean,kl_per_effect,effect_cv,ctx_mean_act,intervention_value,n_ctx
49,0.46061983704566956,0.5075934529304504,1.0000554323196411,1.3055983781814575,0.40569621324539185,0.009765625,0.01105227880179882,1.1317533254623413,0.14722712337970734,4.427458763122559,471.55023193359375,0.05492175742983818,0.35066285729408264,7.018289089202881,79.9000015258789,29.958751678466797,0.6648026704788208,10.534355163574219,0.0011657439172267914,25.625,18.203969955444336,1.4076599801385425,24.75,1.3595935417923484,5.406182289123535,0.6301798820495605,0.31021639704704285,0.31021639704704285,0.0,0.1441039741039276,0.003293226007372141,0.00018090702267821267,0.3918263018131256,0.4590611159801483,2.526293992996216,48
126,0.4339897334575653,0.5369232296943665,1.000056505203247,2.184908866882324,0.3063611388206482,0.0029296875,0.005290818866342306,1.805932879447937,0.13834528625011444,5.39556360244751,1207.5096435546875,0.020013848319649696,0.17618611454963684,5.941590309143066,80.0,49.57696533203125,1.3388164043426514,10.522846221923828,0.001355583779513836,25.83333396911621,19.60390853881836,1.3177644603261187,24.70833396911621,1.2603779449178019,5.4961371421813965,1.1908318996429443,0.6198121309280396,0.6198121309280396,0.0,0.24338442087173462,0.0018389126053079963,9.380336583027154e-05,0.4044809937477112,0.22574160993099213,4.743430137634277,48
187,0.37359949946403503,0.4638161063194275,1.0000014305114746,1.4042932987213135,0.44264286756515503,0.00537109375,0.004660224542021751,0.8676490783691406,0.08417017757892609,2.871030330657959,722.3285522460938,0.03342986851930618,0.2678123116493225,5.837474346160889,59.3636360168457,45.44187927246094,1.2009357213974,10.53355598449707,0.0011760713532567024,20.666667938232422,9.282886505126953,2.226319141632831,19.916667938232422,2.145525306786543,2.5910286903381348,0.8842219710350037,0.6027330160140991,0.6027330160140991,0.0,0.24411967396736145,0.0004471867287065834,4.817324093942859e-05,0.3925337791442871,0.19883625209331512,2.0569581985473633,48
327,0.35466328263282776,0.49386316537857056,1.000040054321289,1.218561053276062,0.49039578437805176,0.00341796875,0.0037941490299999714,1.1100596189498901,0.08357129991054535,2.6465017795562744,742.5338134765625,0.02282176911830902,0.21135888993740082,6.0325140953063965,65.71428680419922,44.58991622924805,1.2489393949508667,10.512411117553711,0.001454631914384663,21.354167938232422,9.61314582824707,2.2213506689217453,20.604167938232422,2.143332503732153,2.7754950523376465,0.7965760231018066,0.5906014442443848,0.5906014442443848,0.0,0.21438811719417572,0.0005144092137925327,5.3511017355618695e-05,0.4047645330429077,0.16188369691371918,2.507901191711426,48
372,0.4543975293636322,0.5332961678504944,1.0000320672988892,0.8855603933334351,0.5713434219360352,0.04638671875,0.03329674154520035,0.7178076505661011,0.19283418357372284,3.130570650100708,70.11788940429688,0.18773546814918518,0.5585079193115234,8.050586700439453,80.4000015258789,26.401182174682617,0.632702112197876,10.529497146606445,0.0012349756434559822,23.166667938232422,11.01673698425293,2.1028611239714365,22.354167938232422,2.0291097037075367,3.2721405029296875,0.5919008255004883,0.3148404359817505,0.3172471821308136,0.02083333395421505,0.14304454624652863,0.0011195739498361945,0.00010162482325031808,0.3870382606983185,0.56354820728302,1.669772744178772,48
373,0.3490704596042633,0.43926873803138733,1.0000282526016235,1.3573598861694336,0.44097429513931274,0.00341796875,0.009073265828192234,2.654578447341919,0.17858168482780457,4.68440580368042,494.0245361328125,0.02282176911830902,0.23073846101760864,6.24688720703125,89.0,36.66676712036133,1.062821626663208,10.525739669799805,0.0012767112348228693,22.354167938232422,16.748779296875,1.3346744576816134,21.5,1.2836756402405236,4.98537015914917,0.7999293208122253,0.5662327408790588,0.5662327408790588,0.0,0.16096605360507965,0.0015380829572677612,9.183254069366192e-05,0.43490874767303467,0.38712599873542786,4.460976600646973,48
503,0.36198779940605164,0.620281994342804,1.0000519752502441,2.5534989833831787,0.3798238933086395,0.0166015625,0.03937190771102905,2.3715784549713135,0.3560727536678314,5.792791366577148,136.58755493164062,0.08450048416852951,0.43790391087532043,6.887158393859863,92.05882263183594,39.83533477783203,1.0958515405654907,10.55136489868164,0.0011336449533700943,29.3125,21.47661590576172,1.3648565544484834,28.354167938232422,1.3202344377459978,5.935775279998779,0.904908299446106,0.5307052135467529,0.5391714572906494,0.02083333395421505,0.3593418002128601,0.002954608527943492,0.0001375732815417675,0.37068331241607666,1.189026951789856,5.40942907333374,48
600,0.46968361735343933,0.7700208425521851,1.0000367164611816,1.3672953844070435,0.5377390384674072,0.02001953125,0.04966436326503754,2.4807956218719482,0.5283994674682617,10.255407333374023,197.70602416992188,0.09811511635780334,0.4083981215953827,7.367766380310059,67.95121765136719,36.732810974121094,2.247246026992798,10.501035690307617,0.0018656303873285651,23.854167938232422,22.2969970703125,1.0698376939419727,22.979167938232422,1.0305947413215681,7.418004512786865,0.8933846354484558,0.6257952451705933,0.6257952451705933,0.0,0.1870615929365158,0.0029117069207131863,0.00013058740198177294,0.3727216422557831,1.8303176164627075,7.325435161590576,48
638,0.4339107573032379,0.5022024512290955,1.0000234842300415,1.2410838603973389,0.45234590768814087,0.03466796875,0.03929031640291214,1.1333318948745728,0.28270795941352844,3.8433897495269775,94.42861938476562,0.15061156451702118,0.5058014392852783,7.799237251281738,84.32394409179688,29.78896713256836,0.9489341974258423,10.517671585083008,0.0015738510992377996,28.5,23.09607696533203,1.233975797294046,27.375,1.1852662263482283,7.0423712730407715,0.6566433906555176,0.3124527931213379,0.3124527931213379,0.0,0.15725448727607727,0.0046617030166089535,0.00020183960339186289,0.43979984521865845,0.910214364528656,3.3812003135681152,48
661,0.39056017994880676,0.6154675483703613,1.0000513792037964,1.4026907682418823,0.4828881621360779,0.0078125,0.016877515241503716,2.1603219509124756,0.27985724806785583,8.299736022949219,510.89141845703125,0.04568839073181152,0.29152441024780273,6.856884479522705,80.0,36.75946807861328,1.5279591083526611,10.525221824645996,0.0017769397236406803,28.291667938232422,24.616832733154297,1.1492813975469716,27.375,1.112043953242227,7.346793174743652,0.8541975021362305,0.517575204372406,0.517575204372406,0.0,0.13947223126888275,0.0048418971709907055,0.0001966905012318122,0.3275877833366394,0.72010737657547,6.089869976043701,48
776,0.32613998651504517,0.47477152943611145,1.0000596046447754,0.9969750642776489,0.5160180926322937,0.00830078125,0.008321027271449566,1.002439022064209,0.10852228850126266,2.5589513778686523,269.1165466308594,0.04803864285349846,0.3431304097175598,6.74837589263916,79.11764526367188,46.913082122802734,0.8320750594139099,10.543708801269531,0.0009148850804194808,20.3125,7.9026336669921875,2.570345637953336,19.666667938232422,2.4886219888301504,2.2524425983428955,0.7189007997512817,0.6571774482727051,0.6571774482727051,0.0,0.1775009036064148,0.0003432162047829479,4.343061045359995e-05,0.293317586183548,0.3503212034702301,1.9899424314498901,48
919,0.34687262773513794,0.47220543026924133,1.0000545978546143,1.8256008625030518,0.3557525873184204,0.0078125,0.026608221232891083,3.4058523178100586,0.39074283838272095,10.265496253967285,375.9013977050781,0.04568839073181152,0.31753435730934143,6.82222843170166,93.875,43.11171340942383,1.0172237157821655,10.538299560546875,0.0011894464259967208,31.58333396911621,33.95524978637695,0.9301458289517921,30.58333396911621,0.9006953019788849,9.95815372467041,0.8786282539367676,0.6296712160110474,0.6296712160110474,0.0,0.24423743784427643,0.009072516113519669,0.00026719038051334587,0.45011255145072937,1.135284185409546,8.271928787231445,48
932,0.29451656341552734,0.4664856195449829,1.0000489950180054,1.0561269521713257,0.5523280501365662,0.0048828125,0.005959194153547287,1.2204430103302002,0.09822449088096619,2.1488447189331055,357.6530456542969,0.03085736557841301,0.2774331569671631,6.476518630981445,86.9000015258789,37.804447174072266,0.9412472248077393,10.536043167114258,0.0012301113456487656,20.95833396911621,8.318942070007324,2.5193508702849097,20.33333396911621,2.4442211249412025,2.562391757965088,0.7606009244918823,0.5385288596153259,0.5385288596153259,0.0,0.16786453127861023,0.0003711312310770154,4.461279180786033e-05,0.3452814221382141,0.2542589604854584,2.0917601585388184,48
983,0.6155018210411072,0.7054176330566406,1.0000413656234741,3.0754494667053223,0.24975138902664185,0.00244140625,0.017507320269942284,7.170998573303223,0.4529087245464325,14.65403938293457,887.0497436523438,0.01712392456829548,0.1616872102022171,5.618098258972168,66.80000305175781,46.86119842529297,1.0794005393981934,10.52336311340332,0.0011524752480909228,28.354167938232422,58.554718017578125,0.48423370299346613,27.3125,0.4664440530161267,17.43982696533203,1.39833402633667,0.5148872137069702,0.5148872137069702,0.0,0.20388835668563843,0.019671810790896416,0.0003359560331522966,0.38857489824295044,0.7469789981842041,14.364228248596191,48
1038,0.44024285674095154,0.4741356670856476,1.0000406503677368,1.5334696769714355,0.3793298006057739,0.0146484375,0.030644334852695465,2.091986656188965,0.3200211226940155,5.21762228012085,158.08169555664062,0.07640714943408966,0.4028629660606384,6.572768211364746,72.33333587646484,36.24860382080078,1.39651358127594,10.514965057373047,0.0016211982583627105,28.0,18.81812286376953,1.487927365966402,27.0625,1.4381083693380627,6.307956695556641,0.9463491439819336,0.6028872728347778,0.6028872728347778,0.0,0.20514538884162903,0.003752597142010927,0.00019941399932304883,0.325610876083374,1.1312164068222046,4.929817199707031,48
1129,0.5107353329658508,0.6360774040222168,1.000032901763916,0.8955658078193665,0.49829837679862976,0.04638671875,0.026575496420264244,0.5729117393493652,0.15973462164402008,2.138395309448242,68.77303314208984,0.18773546814918518,0.5520808100700378,7.974327564239502,73.68421173095703,25.86958885192871,0.8806478381156921,10.525940895080566,0.001483104657381773,20.229167938232422,5.660871505737305,3.5735076978862783,19.52083396911621,3.448379620496245,2.0031113624572754,0.826307475566864,0.5005699396133423,0.5005699396133423,0.0,0.1323840618133545,0.00021911678777541965,3.870725332067188e-05,0.3197754919528961,0.4972895085811615,1.6829227209091187,48
1139,0.3554670512676239,0.43733686208724976,1.0000253915786743,1.1096636056900024,0.5353910326957703,0.0244140625,0.033629272133111954,1.3774549961090088,0.28301116824150085,6.338118553161621,181.11366271972656,0.1147531270980835,0.4669053852558136,7.555018424987793,70.66000366210938,48.92870330810547,1.5784941911697388,10.501855850219727,0.0015764927957206964,25.1875,14.38711929321289,1.7506979311956632,24.354167938232422,1.692775838231474,3.9507789611816406,0.7940852046012878,0.6053228974342346,0.6053228974342346,0.0,0.16968348622322083,0.0011726424563676119,8.150641081468899e-05,0.339147686958313,0.9049203395843506,3.412933826446533,48
1169,0.40790387988090515,0.5284723043441772,1.0000468492507935,1.2314026355743408,0.4826495349407196,0.01611328125,0.018767476081848145,1.164720892906189,0.20071840286254883,3.835435152053833,224.80140686035156,0.08250018209218979,0.40751561522483826,7.2401909828186035,72.66666412353516,33.25230407714844,0.9734163284301758,10.532535552978516,0.0013851188123226166,24.875,11.231740951538086,2.214705635144348,24.08333396911621,2.1442209227925617,3.9846091270446777,0.7118117213249207,0.565598726272583,0.565598726272583,0.0,0.2034468650817871,0.0008975139353424311,7.99087103607422e-05,0.3862544298171997,0.6603422164916992,3.5919313430786133,48
1240,0.296174556016922,0.34994643926620483,1.000054121017456,1.6165417432785034,0.47397395968437195,0.00537109375,0.008117088116705418,1.5112541913986206,0.16057997941970825,4.665778636932373,622.4892578125,0.03342986851930618,0.24220025539398193,6.274232864379883,67.54545593261719,34.85487747192383,0.9351547956466675,10.532289505004883,0.0011768806725740433,21.8125,17.687437057495117,1.2332199355261972,20.77083396911621,1.1743269468524398,4.993472099304199,0.5135007500648499,0.5482220649719238,0.5482220649719238,0.0,0.16199424862861633,0.0013599647209048271,7.688873835792108e-05,0.5209161639213562,0.34632912278175354,4.474308013916016,48
1394,0.34062883257865906,0.4416027367115021,1.0000314712524414,1.5123871564865112,0.3829120099544525,0.00390625,0.0038704476319253445,0.9908345937728882,0.07018022239208221,1.884149193763733,459.1273498535156,0.02555946074426174,0.25262853503227234,6.347661018371582,79.5,43.698699951171875,1.065489411354065,10.528116226196289,0.0012567031662911177,17.729167938232422,7.6128058433532715,2.3288611688978142,17.27083396911621,2.268655513066683,2.0388150215148926,1.0264757871627808,0.5258710980415344,0.5258710980415344,0.0,0.1562465876340866,0.0003510913229547441,4.611851789180939e-05,0.4378555715084076,0.1651390939950943,1.7412070035934448,48
1460,0.373932808637619,0.5751585364341736,1.0000615119934082,1.450334906578064,0.4125745892524719,0.0029296875,0.004451157990843058,1.5193285942077637,0.09848029911518097,3.288468360900879,749.1107177734375,0.020013848319649696,0.20392227172851562,5.952946662902832,73.83333587646484,36.643062591552734,0.9725813269615173,10.536714553833008,0.0011263490887358785,22.1875,10.213420867919922,2.172386731654863,21.4375,2.0989539407256843,3.317951202392578,1.005389928817749,0.5399758219718933,0.5399758219718933,0.0,0.23107299208641052,0.0006686177803203464,6.546462623172715e-05,0.3669625520706177,0.18991607427597046,2.9692859649658203,48
1588,0.33047550916671753,0.40236029028892517,0.9999997019767761,1.2666929960250854,0.4056858718395233,0.00732421875,0.0063613359816372395,0.8685343861579895,0.10165493190288544,2.8113327026367188,489.74542236328125,0.0433073565363884,0.300069123506546,6.655459403991699,72.93333435058594,44.217018127441406,1.0253583192825317,10.539948463439941,0.0010929916752502322,20.291667938232422,9.974329948425293,2.034389079047069,19.75,1.9800828809876316,2.8351593017578125,0.7030003070831299,0.6336227655410767,0.6336227655410767,0.0,0.18230456113815308,0.0005547818727791309,5.562096653023875e-05,0.32764244079589844,0.2714170217514038,2.5733039379119873,48
1608,0.3222709596157074,0.4978750944137573,1.0000685453414917,2.9529635906219482,0.4139832854270935,0.005859375,0.03562893718481064,6.080671787261963,0.5437245965003967,10.188732147216797,266.0743713378906,0.03595767915248871,0.29330646991729736,6.343601226806641,66.83333587646484,37.168827056884766,1.0321776866912842,10.52646255493164,0.0012476890115067363,27.89583396911621,34.21453857421875,0.8153210630168485,26.75,0.7818313824152601,11.079755783081055,0.8666800260543823,0.6499332785606384,0.6499332785606384,0.0,0.30046191811561584,0.005794515833258629,0.00016935829249883013,0.47879454493522644,1.5201678276062012,9.99747371673584,48
1755,0.517311692237854,0.6276276707649231,1.00006103515625,1.9821250438690186,0.33145979046821594,0.01025390625,0.03044692985713482,2.9693005084991455,0.41879430413246155,10.308953285217285,343.54180908203125,0.057165034115314484,0.3416498601436615,6.954676628112793,70.57142639160156,56.443626403808594,0.9739393591880798,10.464058876037598,0.0009937196737155318,23.979167938232422,38.594058990478516,0.6213175954862667,22.83333396911621,0.5916282080833505,8.753766059875488,1.1067900657653809,0.6346313953399658,0.6346313953399658,0.0,0.19161449372768402,0.006936624646186829,0.0001797329647576282,0.3923049867153168,1.2538801431655884,7.847540378570557,48
1794,0.43627652525901794,0.5510373711585999,1.000028133392334,1.6658169031143188,0.35853591561317444,0.00341796875,0.012003595940768719,3.511909246444702,0.2929254174232483,11.649054527282715,1250.5091552734375,0.02282176911830902,0.19640259444713593,6.13926362991333,78.28571319580078,38.91382598876953,0.9008252024650574,10.526541709899902,0.001237036194652319,28.4375,36.01991271972656,0.7894938617252968,27.39583396911621,0.7605746903019823,10.832685470581055,0.9548062682151794,0.5560594201087952,0.5560594201087952,0.0,0.19823302328586578,0.00725853955373168,0.000201514634646556,0.3985174298286438,0.5121534466743469,9.450368881225586,48
1887,0.39935699105262756,0.6547245383262634,1.0000338554382324,3.252203941345215,0.2998032569885254,0.00439453125,0.007900981232523918,1.7979121208190918,0.14606696367263794,4.71391487121582,653.7816162109375,0.02823571488261223,0.2577444612979889,5.5672454833984375,59.88888931274414,43.72597122192383,1.208464503288269,10.546041488647461,0.001362441573292017,25.75,16.8501033782959,1.5281805343631292,24.89583396911621,1.4774884993530002,4.925472259521484,1.3262221813201904,0.5877916216850281,0.5877916216850281,0.0,0.30369120836257935,0.0013785618357360363,8.18132568072898e-05,0.421459823846817,0.3371085226535797,4.064449787139893,48
1904,0.41818952560424805,0.5288227796554565,1.0000373125076294,1.6599705219268799,0.38074398040771484,0.0048828125,0.010017075575888157,2.051496982574463,0.18228143453598022,5.270628929138184,536.004638671875,0.03085736557841301,0.26198655366897583,6.508249759674072,80.0,37.339847564697266,0.7940394878387451,10.534168243408203,0.0011108967009931803,25.541667938232422,20.352888107299805,1.2549407136239397,24.70833396911621,1.2139964523322029,5.284937858581543,0.8451943397521973,0.5146369934082031,0.5146369934082031,0.0,0.38044464588165283,0.002695776056498289,0.00013245177003684796,0.5990931987762451,0.4273952543735504,4.632278919219971,48
1915,0.3244258463382721,0.3772009313106537,1.0000288486480713,1.658042550086975,0.43388354778289795,0.00390625,0.00584530271589756,1.4963974952697754,0.10569123923778534,2.571194887161255,415.54754638671875,0.02555946074426174,0.2492346167564392,6.359743595123291,90.625,35.056495666503906,0.8274766206741333,10.52108383178711,0.001261096796952188,17.25,8.546725273132324,2.0183168908031144,16.77083396911621,1.962252607114312,2.770733594894409,0.6684072017669678,0.5889599323272705,0.5889599323272705,0.0,0.26429352164268494,0.00031401740852743387,3.6741254471718355e-05,0.4861552119255066,0.2493995875120163,2.5492355823516846,48
1980,0.5071589946746826,0.6708869338035583,1.0000591278076172,2.305555582046509,0.3145824670791626,0.00634765625,0.015925560146570206,2.5088882446289062,0.22994861006736755,4.630130767822266,263.6039733886719,0.03844451159238815,0.30893656611442566,6.654224395751953,80.07691955566406,37.49563980102539,1.0566264390945435,10.513395309448242,0.0014025757554918528,24.89583396911621,19.718420028686523,1.26256738218741,24.0625,1.2203056813269326,5.44722318649292,0.7091250419616699,0.6384420394897461,0.6384420394897461,0.0,0.21406663954257965,0.002194406231865287,0.00011128712277961291,0.3937234878540039,0.6794905662536621,4.388669967651367,48
1999,0.3883606195449829,0.4920596182346344,1.0000288486480713,1.6203713417053223,0.33753085136413574,0.00244140625,0.002535403473302722,1.038501262664795,0.06436178088188171,2.3517990112304688,982.190673828125,0.01712392456829548,0.17148390412330627,5.697714328765869,67.0,34.24837875366211,1.0417160987854004,10.533756256103516,0.001316284528002143,23.6875,6.769139289855957,3.499337057593726,22.875,3.379307026594469,2.367081642150879,1.3692691326141357,0.5507514476776123,0.5507514476776123,0.0,0.2075026035308838,0.0002488036407157779,3.675557994811427e-05,0.3695674538612366,0.10817721486091614,2.1366705894470215,48
2001,0.32903796434402466,0.44900721311569214,1.0000444650650024,1.2407748699188232,0.4587511718273163,0.01318359375,0.022846389561891556,1.732940912246704,0.2587735950946808,6.892577648162842,343.30426025390625,0.07016520947217941,0.3928556740283966,7.178153991699219,84.88888549804688,36.80687713623047,0.9758433103561401,10.529979705810547,0.0012313933111727238,27.416667938232422,18.189748764038086,1.5072592963660805,26.416667938232422,1.45228327594807,5.293125152587891,0.8830398917198181,0.5199471116065979,0.5199471116065979,0.0,0.1711011677980423,0.0025806711055338383,0.0001418750273899981,0.34636619687080383,0.8305008411407471,4.3878631591796875,48
2105,0.3497019112110138,0.4652818739414215,1.0000696182250977,1.4467487335205078,0.3728998899459839,0.00244140625,0.0032818964682519436,1.3442647457122803,0.11154018342494965,4.829033374786377,1722.9835205078125,0.01712392456829548,0.10599014908075333,5.903642654418945,85.0,36.06191635131836,0.8652144074440002,10.529071807861328,0.0012273743050172925,24.729167938232422,14.170111656188965,1.7451639423024605,23.666667938232422,1.6701821761011955,4.5112738609313965,0.8963939547538757,0.5659382939338684,0.5659382939338684,0.0,0.2004934549331665,0.0009877670090645552,6.970777876235423e-05,0.31788545846939087,0.14002758264541626,4.151615619659424,48
2179,0.3687526285648346,0.47289347648620605,1.0000556707382202,1.7471959590911865,0.3456336557865143,0.005859375,0.01307743787765503,2.2318828105926514,0.2217753529548645,5.501221179962158,428.1528625488281,0.03595767915248871,0.27907484769821167,6.5556745529174805,79.5,36.414119720458984,0.9456101059913635,10.525830268859863,0.0013210781617090106,24.5,20.68587875366211,1.1843828478313416,23.729167938232422,1.1471191632388522,6.481318473815918,0.7518522143363953,0.5171610713005066,0.5171610713005066,0.0,0.2276521474123001,0.003192733507603407,0.00015434362465721922,0.42073097825050354,0.5579706430435181,5.2058539390563965,48
2226,0.3618716895580292,0.47896432876586914,1.0000616312026978,1.67863130569458,0.4293792247772217,0.0029296875,0.0029229060746729374,0.9976852536201477,0.05477899685502052,1.1954615116119385,370.8284912109375,0.020013848319649696,0.23279054462909698,6.1618828773498535,86.16666412353516,39.86605453491211,1.059341549873352,10.529439926147461,0.001229483401402831,15.541666984558105,4.156026840209961,3.739549224464935,14.833333969116211,3.5691140850947187,1.286025047302246,1.1209279298782349,0.5766761302947998,0.5766761302947998,0.0,0.17214946448802948,0.00011660106247290969,2.8055897296962615e-05,0.35483187437057495,0.12471064925193787,1.1796295642852783,48
2539,0.3135434091091156,0.45790526270866394,1.0000603199005127,1.9816690683364868,0.35928499698638916,0.00341796875,0.005957943387329578,1.743124008178711,0.13690683245658875,4.636285305023193,806.36328125,0.02282176911830902,0.19349119067192078,6.3051910400390625,89.0,39.68341064453125,0.9806290864944458,10.50094223022461,0.001363106770440936,22.27083396911621,19.167579650878906,1.161901208349798,21.4375,1.1184249852762582,4.842552661895752,0.7661547660827637,0.6030816435813904,0.6030816435813904,0.0,0.17512118816375732,0.0026288912631571293,0.00013715301095227505,0.5060014128684998,0.254205584526062,4.204153537750244,48
2791,0.36227306723594666,0.5207378268241882,1.000030755996704,1.5682214498519897,0.3478262722492218,0.005859375,0.024472909048199654,4.1767096519470215,0.44455087184906006,13.010370254516602,517.2037963867188,0.03595767915248871,0.2605212926864624,6.235623836517334,60.16666793823242,39.58211898803711,0.807056725025177,10.528697967529297,0.001077297143638134,27.77083396911621,50.326194763183594,0.5518166850141817,26.9375,0.5352580325495561,13.185202598571777,1.2937220335006714,0.5441935062408447,0.5441935062408447,0.0,0.18540245294570923,0.01274101436138153,0.0002531686414759616,0.3757958710193634,1.0441774129867554,10.390631675720215,48
2917,0.47597095370292664,0.5716071128845215,1.000014305114746,0.8459869027137756,0.47136902809143066,0.005859375,0.002733820816501975,0.4665720760822296,0.04561055079102516,1.1319857835769653,421.3455505371094,0.03595767915248871,0.2825654447078705,6.477365970611572,73.91666412353516,22.66559410095215,0.5426269173622131,10.540412902832031,0.0011293014977127314,19.1875,5.896331787109375,3.2541418394070876,18.666667938232422,3.16581030046233,1.8506181240081787,0.753300666809082,0.29651373624801636,0.29651373624801636,0.0,0.2681688666343689,0.0003249684814363718,5.511366941658283e-05,0.5269261002540588,0.1166430190205574,1.0800806283950806,48
2975,0.45975837111473083,0.5008192658424377,1.0000296831130981,1.3568295240402222,0.3736168146133423,0.00439453125,0.00463477149605751,1.0546679496765137,0.08809836953878403,2.460777759552002,557.1568603515625,0.02823571488261223,0.2498915195465088,6.261357307434082,73.55555725097656,36.811065673828125,0.9434376358985901,10.526692390441895,0.0012724136468023062,23.875,16.516742706298828,1.4455029305772253,23.104167938232422,1.398833192178569,4.852706432342529,0.659235954284668,0.32601436972618103,0.32601436972618103,0.0,0.1508120447397232,0.002210522536188364,0.00013383525881328925,0.35789960622787476,0.1977502703666687,2.362459421157837,48
3077,0.348595529794693,0.3978513181209564,1.0000174045562744,1.6989152431488037,0.3850746750831604,0.00439453125,0.009423986077308655,2.1444804668426514,0.19255942106246948,6.313260078430176,695.6497192382812,0.02823571488261223,0.23304571211338043,6.11430025100708,73.33333587646484,39.308773040771484,0.7513209581375122,10.516448020935059,0.001030912040732801,23.8125,20.199832916259766,1.178846383874976,22.77083396911621,1.1272783320655164,5.990871429443359,0.7412081956863403,0.5177135467529297,0.5177135467529297,0.0,0.17956718802452087,0.002104036742821336,0.00010416109630719221,0.38971367478370667,0.40209007263183594,5.225075721740723,48
3099,0.28976160287857056,0.4494958221912384,1.000027060508728,1.6254199743270874,0.46228718757629395,0.00537109375,0.006121520884335041,1.1397159099578857,0.10676509141921997,2.4748783111572266,427.764892578125,0.03342986851930618,0.2696547210216522,6.573334693908691,95.2727279663086,41.09352493286133,1.0919069051742554,10.51141357421875,0.0013153126928955317,23.604167938232422,10.123458862304688,2.3316307435996664,22.89583396911621,2.2616611829928623,2.76477313041687,0.7705130577087402,0.6304561495780945,0.6304561495780945,0.0,0.2929918169975281,0.0007020746706984937,6.935126418295614e-05,0.3801521956920624,0.2611849009990692,2.424168109893799,48
3226,0.4683111310005188,0.5792674422264099,1.0000226497650146,1.4540936946868896,0.4293900728225708,0.0068359375,0.011279345490038395,1.6500071287155151,0.17682792246341705,5.673913478851318,591.5848999023438,0.04089350998401642,0.3066728115081787,6.555127143859863,69.14286041259766,47.207401275634766,1.0691126585006714,10.523409843444824,0.0011799910571426153,20.77083396911621,16.898006439208984,1.2291884271406772,20.02083396911621,1.1848044933166308,4.650218486785889,0.6327991485595703,0.5472776889801025,0.5472776889801025,0.0,0.2796908915042877,0.0015624038642272353,9.246083962172788e-05,0.4425233006477356,0.4812520742416382,3.9458065032958984,48
3242,0.4031265377998352,0.5071931481361389,1.0000603199005127,1.8824340105056763,0.37361961603164673,0.00732421875,0.013747584074735641,1.8770034313201904,0.24130280315876007,6.929617881774902,536.999267578125,0.0433073565363884,0.2779987156391144,6.417370796203613,73.26667022705078,33.45003128051758,1.369388222694397,10.518171310424805,0.0018684171373024583,27.625,23.31452178955078,1.184883834955271,26.6875,1.1446728450812236,7.580102443695068,0.973974883556366,0.5785571336746216,0.5785571336746216,0.0,0.20529136061668396,0.006752493791282177,0.0002896260900968718,0.34417054057121277,0.5865635871887207,5.912413120269775,48
3428,0.40858107805252075,0.5423287153244019,1.000012755393982,1.4051158428192139,0.45259833335876465,0.00439453125,0.007531880401074886,1.7139211893081665,0.13564085960388184,3.448167324066162,432.906982421875,0.02823571488261223,0.2558053433895111,6.3365583419799805,76.33333587646484,38.911861419677734,1.0362941026687622,10.526800155639648,0.0013079603668302298,21.64583396911621,13.248693466186523,1.633808949389831,20.9375,1.5803445100177989,3.9344239234924316,0.5290202498435974,0.5348563194274902,0.5348563194274902,0.0,0.16294978559017181,0.001598655479028821,0.00012066514195548998,0.37056225538253784,0.32136020064353943,3.286104202270508,48
3474,0.35340943932533264,0.42835816740989685,1.0000494718551636,1.2533841133117676,0.462904155254364,0.00537109375,0.0076746391132473946,1.4288783073425293,0.1340218037366867,3.5937602519989014,457.5768737792969,0.03342986851930618,0.2711155414581299,6.467560768127441,77.36363983154297,35.00702667236328,0.7982521653175354,10.536200523376465,0.0011643297038972378,25.479167938232422,11.983976364135742,2.1261029847507458,24.791667938232422,2.0687347141086416,3.777881145477295,0.8472406268119812,0.5264966487884521,0.5264966487884521,0.0,0.2334597408771515,0.0012037113774567842,0.00010044340374824823,0.42498546838760376,0.32745128870010376,3.1777849197387695,48
3588,0.35877877473831177,0.44023793935775757,1.0000205039978027,1.3505820035934448,0.4109973609447479,0.00439453125,0.008797019720077515,2.0018107891082764,0.17668840289115906,6.419888019561768,919.5946044921875,0.02823571488261223,0.24677880108356476,6.429618835449219,89.55555725097656,36.989044189453125,1.051717758178711,10.529804229736328,0.0012119854800403118,25.64583396911621,18.002826690673828,1.4245448448468545,24.541667938232422,1.3632119192323198,5.774526596069336,0.9340438842773438,0.5506439208984375,0.5506439208984375,0.0,0.2367306351661682,0.002381202531978488,0.000132268258289092,0.3998333513736725,0.3753395080566406,5.154921531677246,48
3615,0.39173173904418945,0.4391905665397644,1.000052571296692,0.9420541524887085,0.5635668039321899,0.0205078125,0.014456125907599926,0.7049082517623901,0.13676817715168,3.1689445972442627,216.30368041992188,0.10000890493392944,0.4397886097431183,7.478912353515625,74.45237731933594,31.671266555786133,0.7105419039726257,10.535533905029297,0.001088286517187953,17.45833396911621,5.464293479919434,3.194984676669265,16.5,3.019603546266194,1.699955701828003,0.6320716142654419,0.562330961227417,0.562330961227417,0.0,0.18140210211277008,0.000227050157263875,4.155160363965419e-05,0.3574737310409546,0.46447959542274475,1.6945730447769165,48
3629,0.32216858863830566,0.37205418944358826,1.0000522136688232,1.0704325437545776,0.5746879577636719,0.0087890625,0.006948607973754406,0.7905972003936768,0.09712262451648712,2.461167335510254,361.0393371582031,0.05035991966724396,0.3321179449558258,7.007150650024414,78.27777862548828,30.208417892456055,0.6359056234359741,10.535221099853516,0.001048934180289507,19.166667938232422,5.691802024841309,3.367416473887747,18.45833396911621,3.2429683703204977,2.21102237701416,0.6427456140518188,0.5815796256065369,0.5815796256065369,0.0,0.2517372965812683,0.0003075987915508449,5.4042426224231983e-05,0.4204830527305603,0.2952773869037628,2.1295318603515625,48
3638,0.3765810430049896,0.620281994342804,1.0000107288360596,1.6532936096191406,0.5253031253814697,0.01708984375,0.029577510431408882,1.7307069301605225,0.29235053062438965,5.099757671356201,146.15354919433594,0.08648617565631866,0.41869351267814636,7.379230976104736,81.94285583496094,32.1951789855957,0.9550009965896606,10.520966529846191,0.00135211949236691,23.729167938232422,12.537981986999512,1.8925827093954268,22.854167938232422,1.8227947642373146,4.1845703125,0.6749871969223022,0.5976204872131348,0.5976204872131348,0.0,0.220392107963562,0.0011155613465234637,8.897455322478775e-05,0.38960468769073486,1.0377426147460938,3.943075180053711,48
3663,0.5460920333862305,0.7647944092750549,1.0000978708267212,3.3693275451660156,0.24454505741596222,0.00244140625,0.0048875752836465836,2.001950740814209,0.11337551474571228,3.4947125911712646,752.5631713867188,0.01712392456829548,0.189706489443779,5.30810546875,58.79999923706055,67.61870574951172,1.3370685577392578,10.54248332977295,0.0010320227593183517,24.9375,18.752582550048828,1.3298168356356281,24.02083396911621,1.2809347135093303,4.078421115875244,1.2946696281433105,0.7736812829971313,0.7736812829971313,0.0,0.2707458436489105,0.001673155464231968,8.922266887103422e-05,0.30816856026649475,0.2085365504026413,3.4293365478515625,48
4240,0.3961068391799927,0.4877019226551056,1.00005042552948,1.6675466299057007,0.41026365756988525,0.00341796875,0.005485681816935539,1.6049537658691406,0.1727294623851776,7.445436954498291,1691.4805908203125,0.02282176911830902,0.1371905654668808,5.959959983825684,71.85713958740234,41.945045471191406,1.2440705299377441,10.533191680908203,0.0014372323639690876,25.27083396911621,23.067670822143555,1.0955086949612036,24.33333396911621,1.0548674006223906,6.723226070404053,0.9509641528129578,0.5544964671134949,0.5544964671134949,0.0,0.16514578461647034,0.003407842479646206,0.00014773240456065296,0.3868476152420044,0.2340557724237442,5.85855770111084,48
4271,0.3279711902141571,0.41858023405075073,1.0000063180923462,1.2336466312408447,0.48373672366142273,0.0087890625,0.008318633772432804,0.9464756846427917,0.11440238356590271,3.316591262817383,439.3268737792969,0.05035991966724396,0.34021076560020447,6.891787528991699,82.33333587646484,44.73077392578125,0.9992430806159973,10.525406837463379,0.001168344053439796,20.229167938232422,8.935386657714844,2.263938729291261,19.64583396911621,2.1986551561445165,2.544426679611206,0.731461226940155,0.5185403227806091,0.5185403227806091,0.0,0.17765143513679504,0.00048178102588281035,5.391831868044073e-05,0.37741968035697937,0.35115846991539,2.1682686805725098,48
4548,0.3295536935329437,0.39204010367393494,1.000044584274292,2.01210880279541,0.3500281572341919,0.00244140625,0.009325755760073662,3.8198294639587402,0.32460126280784607,14.500618934631348,1938.8104248046875,0.01712392456829548,0.11523672193288803,5.535853385925293,63.599998474121094,35.33806610107422,0.8495572805404663,10.5338773727417,0.001147185335867107,25.625,42.0848388671875,0.6088891078989085,24.75,0.5880977725072385,13.263404846191406,0.6216150522232056,0.6214506030082703,0.6214506030082703,0.0,0.21613354980945587,0.009878814220428467,0.00023473570254734598,0.3726654350757599,0.39789891242980957,11.899906158447266,48
4553,0.38479575514793396,0.5409130454063416,1.0000349283218384,0.8876172304153442,0.6397041082382202,0.0595703125,0.033774569630622864,0.5669698119163513,0.18071554601192474,2.363790273666382,53.13515853881836,0.2257835865020752,0.582197904586792,8.057884216308594,71.07376861572266,25.834896087646484,0.7411696314811707,10.524921417236328,0.0014184099854901433,19.83333396911621,4.58836555480957,4.3225269846037975,18.89583396911621,4.118205862679654,1.7010153532028198,1.1469147205352783,0.4609386622905731,0.4609386622905731,0.0,0.13825036585330963,0.00018752343021333218,4.086933082480208e-05,0.31341561675071716,0.5140491127967834,1.4854285717010498,48
4820,0.3449562191963196,0.47373828291893005,1.0000381469726562,1.6047286987304688,0.41072526574134827,0.0048828125,0.00711039686575532,1.4562093019485474,0.1305440068244934,3.462287664413452,487.0975036621094,0.03085736557841301,0.2528148591518402,6.339105129241943,79.19999694824219,43.791011810302734,0.9608837962150574,10.560004234313965,0.0010664486326277256,23.9375,14.926240921020508,1.603719255948215,23.02083396911621,1.542306202579987,4.053829193115234,1.0726985931396484,0.5495179891586304,0.5495179891586304,0.0,0.24711290001869202,0.0013543925015255809,9.073902181967398e-05,0.4687659740447998,0.3033769428730011,3.3628690242767334,48
4873,0.3320305049419403,0.4226202666759491,1.0000592470169067,2.1906049251556396,0.3728894889354706,0.00439453125,0.015945617109537125,3.628513813018799,0.38289201259613037,13.691630363464355,997.5842895507812,0.02823571488261223,0.20468732714653015,6.042445182800293,64.44444274902344,35.00369644165039,0.7987765073776245,10.524679183959961,0.0011498430976644158,28.33333396911621,42.832000732421875,0.6614991940139321,27.166667938232422,0.6342610073623266,13.512517929077148,0.687994658946991,0.5419883728027344,0.5419883728027344,0.0,0.26606255769729614,0.009632698260247707,0.0002248948938476097,0.42107459902763367,0.6803462505340576,12.107665061950684,48
4902,0.2930646240711212,0.35409191250801086,1.0000488758087158,2.5753345489501953,0.4430684447288513,0.0029296875,0.004861528053879738,1.659401535987854,0.0993078425526619,3.2148592472076416,654.4769897460938,0.020013848319649696,0.22125443816184998,6.219099044799805,89.16666412353516,38.81486511230469,1.067981481552124,10.510711669921875,0.0013232396449893713,16.83333396911621,9.899541854858398,1.700415453453612,16.3125,1.6478035269396105,3.1386191844940186,0.513625979423523,0.68743896484375,0.68743896484375,0.0,0.22794054448604584,0.0004974910989403725,5.0253951721379834e-05,0.3987528681755066,0.20742519199848175,2.8454458713531494,48
5243,0.33069276809692383,0.5344688892364502,1.00003182888031,1.279049038887024,0.560938835144043,0.00634765625,0.010635152459144592,1.675445556640625,0.20807427167892456,7.370323181152344,854.428955078125,0.03844451159238815,0.2587589919567108,6.697979927062988,83.23076629638672,37.110416412353516,0.7626751661300659,10.536175727844238,0.0010678416583687067,28.229167938232422,18.070384979248047,1.562178556518242,27.3125,1.5114509190728946,5.997947692871094,0.6154663562774658,0.5511756539344788,0.5511756539344788,0.0,0.18832403421401978,0.0019488552352413535,0.00010784801964102759,0.36715659499168396,0.4537665545940399,5.208435535430908,48
5434,0.4171834886074066,0.5510513186454773,1.000069499015808,1.7086082696914673,0.46448129415512085,0.00439453125,0.003297035815194249,0.7502588033676147,0.05789000540971756,1.5491983890533447,443.80865478515625,0.02823571488261223,0.26318633556365967,6.423214912414551,77.22222137451172,43.78463363647461,1.20839262008667,10.511415481567383,0.0014770556008443236,13.8125,5.3202128410339355,2.5962307123324333,13.25,2.4905018597940085,1.5650126934051514,0.5853285789489746,0.6308778524398804,0.6308778524398804,0.0,0.26274076104164124,0.0001410386321367696,2.6509960425617182e-05,0.39164215326309204,0.14067353308200836,1.4302618503570557,48
5507,0.4128835201263428,0.7353910207748413,1.0000425577163696,2.3006227016448975,0.3758145868778229,0.00244140625,0.011146102100610733,4.565443515777588,0.27724960446357727,7.992059230804443,700.146240234375,0.01712392456829548,0.16677483916282654,5.885587692260742,80.80000305175781,37.38492202758789,0.9506828188896179,10.52878189086914,0.0012708954745903611,24.39583396911621,29.125524520874023,0.837610115596573,23.45833396911621,0.8054218540939785,8.909772872924805,0.7517735362052917,0.5549393892288208,0.5549393892288208,0.0,0.15019716322422028,0.005965856369584799,0.0002048325812385213,0.4299744963645935,0.4755670130252838,7.8945722579956055,48
5578,0.40239211916923523,0.5308838486671448,1.000062346458435,1.4730411767959595,0.4311304986476898,0.0087890625,0.009567473083734512,1.0885658264160156,0.13581465184688568,4.078951358795166,469.5323486328125,0.05035991966724396,0.3321040868759155,6.438807964324951,58.11111068725586,42.262393951416016,1.3264542818069458,10.5274658203125,0.0012823764700442553,21.27083396911621,9.638673782348633,2.206821646563183,20.52083396911621,2.129010111889672,2.7324767112731934,0.8275420069694519,0.5249830484390259,0.5249830484390259,0.0,0.20983892679214478,0.0005543428706005216,5.7512359328995e-05,0.40820279717445374,0.40431371331214905,2.2131595611572266,48
5580,0.5932978987693787,0.8130286931991577,1.0000381469726562,3.3775291442871094,0.2439807951450348,0.00244140625,0.01675887033343315,6.864433288574219,0.45753782987594604,18.886592864990234,1436.56591796875,0.01712392456829548,0.16578157246112823,5.685066223144531,66.4000015258789,43.37940216064453,1.8063217401504517,10.529603004455566,0.0015300482045859098,28.45833396911621,86.58503723144531,0.32867496366328497,27.27083396911621,0.3149601228797831,19.81747055053711,1.22339928150177,0.6178251504898071,0.6207531690597534,0.02083333395421505,0.35100308060646057,0.02747725509107113,0.0003173441505193313,0.4222319722175598,0.715045154094696,16.446401596069336,48
5591,0.30488234758377075,0.40333834290504456,1.0000325441360474,1.1167196035385132,0.6193602085113525,0.013671875,0.015750102698802948,1.1520074605941772,0.1763991415500641,4.047972679138184,241.2271728515625,0.07226333767175674,0.3906668424606323,7.332893371582031,80.46428680419922,33.46381759643555,0.7637215256690979,10.526284217834473,0.001189137576147914,17.95833396911621,9.645599365234375,1.8618162822753404,17.125,1.775421032307169,2.869739532470703,0.6061930060386658,0.5657152533531189,0.5657152533531189,0.0,0.20659516751766205,0.0004481967189349234,4.64664456296717e-05,0.5355186462402344,0.601857602596283,2.7166049480438232,48
5620,0.4775141179561615,0.6381238102912903,1.0000489950180054,2.4597718715667725,0.2938228249549866,0.0048828125,0.011037904769182205,2.2605628967285156,0.21087920665740967,6.668118953704834,650.6138305664062,0.03085736557841301,0.25317203998565674,6.481420040130615,83.9000015258789,49.62250900268555,1.1600196361541748,10.505949020385742,0.0011803724337369204,26.45833396911621,26.25111961364746,1.007893543149378,25.4375,0.9690062886721776,6.525978088378906,0.7301465272903442,0.6700612306594849,0.6700612306594849,0.0,0.22123928368091583,0.004187153652310371,0.0001595038121169701,0.40713009238243103,0.4709506034851074,5.600448131561279,48
5627,0.3141050934791565,0.4060223698616028,1.000044584274292,1.2780998945236206,0.47023582458496094,0.00927734375,0.014441869221627712,1.556681513786316,0.3334726095199585,14.33188533782959,1661.6934814453125,0.05265381559729576,0.26300540566444397,6.964959144592285,80.7368392944336,41.348060607910156,0.9633170962333679,10.532266616821289,0.0011675595305860043,24.8125,16.5715389251709,1.4972960626691556,23.729167938232422,1.4319230115599222,4.678136348724365,0.6734880805015564,0.5849192142486572,0.5849192142486572,0.0,0.2027103304862976,0.0020772682037204504,0.00012535155677736865,0.37495800852775574,0.6079356670379639,4.014632701873779,48
5686,0.29694467782974243,0.41990867257118225,0.999997079372406,1.376267671585083,0.484707772731781,0.00537109375,0.00863044336438179,1.606831669807434,0.16171769797801971,5.622125148773193,785.6881713867188,0.03342986851930618,0.2641477882862091,6.217733383178711,69.2727279663086,38.12192153930664,0.8358288407325745,10.533761024475098,0.0010846613440662622,26.77083396911621,14.559370040893555,1.8387357334511323,25.791667938232422,1.7714824094775656,4.600801467895508,0.7645697593688965,0.5895315408706665,0.5895315408706665,0.0,0.2008318454027176,0.0011268150992691517,7.739449545758303e-05,0.3720409870147705,0.36823225021362305,4.133116722106934,48
5731,0.3096242845058441,0.3456134498119354,1.0000288486480713,1.2578928470611572,0.5095148086547852,0.0029296875,0.002582387300208211,0.8814548850059509,0.05044350028038025,1.2872854471206665,467.1200256347656,0.020013848319649696,0.22684940695762634,6.073143005371094,80.16666412353516,34.76070785522461,0.9616919755935669,10.530705451965332,0.00116733240429312,8.333333969116211,4.574682235717773,1.8216202834452166,7.770833492279053,1.6986608194597785,1.3901479244232178,0.42986172437667847,0.5197749733924866,0.5197749733924866,0.0,0.18531934916973114,0.00011927059676963836,2.6071886606175563e-05,0.41566577553749084,0.11018186807632446,1.248276710510254,48
5775,0.48252496123313904,0.6137423515319824,1.0000581741333008,2.3941235542297363,0.288633793592453,0.00390625,0.015185311436653137,3.887439727783203,0.2765096426010132,7.354047775268555,439.63275146484375,0.02555946074426174,0.2504981756210327,5.9070539474487305,67.125,46.98921203613281,0.8695170283317566,10.530679702758789,0.000985106686130166,27.854167938232422,25.019683837890625,1.1132901641593191,26.83333396911621,1.072488930405829,7.872118949890137,1.3651580810546875,0.5908553600311279,0.5908553600311279,0.0,0.19235678017139435,0.003589307889342308,0.00014345936228306569,0.3464498519897461,0.6479065418243408,6.704766750335693,48
5949,0.513988196849823,0.6557576656341553,1.0000330209732056,1.9241619110107422,0.25167885422706604,0.0029296875,0.0024745804257690907,0.844656765460968,0.0467999130487442,1.206295371055603,410.646728515625,0.020013848319649696,0.23182417452335358,5.818177223205566,75.5,44.39569854736328,1.2315328121185303,10.54783821105957,0.0014025275595486164,21.64583396911621,7.290315628051758,2.969121646274945,20.791667938232422,2.851957167630773,2.15368914604187,1.3330223560333252,0.29763108491897583,0.3000662326812744,0.02083333395421505,0.16067011654376984,0.0004825396463274956,6.618912956373012e-05,0.37683582305908203,0.1055821105837822,1.127423882484436,48
6123,0.32039937376976013,0.5159385800361633,1.0000325441360474,1.2013671398162842,0.5514111518859863,0.00341796875,0.002943898318335414,0.861300528049469,0.05960740149021149,1.6886857748031616,525.7679443359375,0.02282176911830902,0.22098469734191895,6.260023593902588,82.14286041259766,41.17509078979492,0.9551209807395935,10.529417037963867,0.0011773190926760435,13.166666984558105,5.633707046508789,2.3371231149383718,12.75,2.2631634680524515,1.6620062589645386,0.6040130853652954,0.5899727940559387,0.5899727940559387,0.0,0.2072000503540039,0.00012787649757228792,2.2698464135537257e-05,0.4053337275981903,0.12560632824897766,1.5646154880523682,48
6161,0.3658903241157532,0.44394567608833313,1.000046968460083,1.0284898281097412,0.5609841346740723,0.07763671875,0.061532747000455856,0.7925727367401123,0.2953563928604126,3.528204917907715,49.39633560180664,0.2729591429233551,0.6132766604423523,8.070735931396484,70.47798919677734,34.960018157958984,0.7240206599235535,10.549429893493652,0.0010036559542641044,27.39583396911621,12.61002254486084,2.1725444066359594,26.45833396911621,2.09819878227872,4.209773540496826,0.7770692706108093,0.4102955758571625,0.4102955758571625,0.0,0.16987212002277374,0.000854624668136239,6.777344484659966e-05,0.32317930459976196,0.8543004989624023,2.4241507053375244,48
6366,0.353102445602417,0.48059237003326416,1.0000479221343994,1.660191297531128,0.48006317019462585,0.0029296875,0.0042404537089169025,1.4474081993103027,0.11785253137350082,5.0157999992370605,1605.583251953125,0.020013848319649696,0.17251256108283997,6.129150867462158,84.16666412353516,37.01454162597656,0.850188672542572,10.531497955322266,0.0011178156128153205,25.39583396911621,13.831975936889648,1.83602357802154,24.20833396911621,1.7501717803781938,4.340638160705566,0.951298713684082,0.6188395023345947,0.6188395023345947,0.0,0.2516386806964874,0.0009878986747935414,7.142137020674092e-05,0.45290428400039673,0.18092602491378784,4.100719451904297,48
6381,0.3189818561077118,0.3788902163505554,1.0000979900360107,1.0390048027038574,0.4884013533592224,0.00439453125,0.0056847138330340385,1.2935881614685059,0.12038262188434601,4.312237739562988,910.0758056640625,0.02823571488261223,0.23265571892261505,6.391881942749023,78.55555725097656,46.31861877441406,1.1108893156051636,10.517239570617676,0.0012821676209568977,23.27083396911621,14.920432090759277,1.5596622009312984,22.375,1.4996214485545207,4.293094635009766,0.8228514194488525,0.5631212592124939,0.5631212592124939,0.0,0.17355869710445404,0.0013688979670405388,9.174653641370599e-05,0.32696640491485596,0.24254781007766724,3.6001460552215576,48
6435,0.40379568934440613,0.6303593516349792,1.0000401735305786,1.1355737447738647,0.5123883485794067,0.01025390625,0.01879800856113434,1.8332533836364746,0.2583254873752594,7.891585826873779,511.2353515625,0.057165034115314484,0.34815454483032227,6.988582611083984,68.9047622680664,46.50089645385742,1.4819324016571045,10.493725776672363,0.0017040208913385868,21.729167938232422,19.130931854248047,1.135813356736687,20.8125,1.0878978686288916,5.2349371910095215,0.5357833504676819,0.5734371542930603,0.5734371542930603,0.0,0.20539049804210663,0.0018863361328840256,9.86013721793248e-05,0.393831729888916,0.7689535021781921,4.586913108825684,48
6508,0.3384164273738861,0.44318872690200806,1.0000364780426025,1.0563230514526367,0.4907931089401245,0.00537109375,0.011906787753105164,2.216827392578125,0.21550564467906952,7.609625339508057,808.0140380859375,0.03342986851930618,0.2727460563182831,6.313228130340576,71.2727279663086,38.22874450683594,1.1637998819351196,10.526457786560059,0.0014009573496878147,25.52083396911621,20.418174743652344,1.2499077061014534,24.625,1.2060333647401638,6.159858226776123,0.620762288570404,0.5368906259536743,0.5368906259536743,0.0,0.2036500722169876,0.0023972359485924244,0.00011740696597591877,0.38713935017585754,0.5080229640007019,5.3557000160217285,48
6578,0.4999634921550751,0.6490495800971985,1.0000516176223755,2.4749596118927,0.2723311185836792,0.0029296875,0.013541102409362793,4.622029781341553,0.26759985089302063,7.341426849365234,508.2771911621094,0.020013848319649696,0.22534941136837006,5.766529083251953,74.0,44.60090637207031,1.6938445568084717,10.518110275268555,0.001664896379224956,25.3125,28.78493881225586,0.8793661211615621,24.33333396911621,0.8453495114015053,8.146899223327637,0.6829697489738464,0.5946400761604309,0.5946400761604309,0.0,0.22799496352672577,0.004222230985760689,0.00014668195099640634,0.4078349769115448,0.5777537226676941,7.09982967376709,48
6618,0.4891889989376068,0.6054762601852417,1.000030279159546,2.2995166778564453,0.28503698110580444,0.005859375,0.017627671360969543,3.008455991744995,0.2708085775375366,7.536102771759033,400.0228271484375,0.03595767915248871,0.3002293109893799,6.2401628494262695,68.58333587646484,43.263092041015625,1.1020230054855347,10.54648208618164,0.0013014266733080149,28.6875,21.38449478149414,1.3415093636633721,27.6875,1.2947465100280475,7.097143173217773,1.1680313348770142,0.5084872245788574,0.5084872245788574,0.0,0.2197234332561493,0.003205066081136465,0.00014987803604372764,0.3775695860385895,0.7521139979362488,5.704736709594727,48
6717,0.3726937472820282,0.4295176863670349,1.0000325441360474,1.8493390083312988,0.3989333510398865,0.00390625,0.01016930490732193,2.603342056274414,0.19465859234333038,4.738253116607666,445.76324462890625,0.02555946074426174,0.23735441267490387,6.419568061828613,98.0,32.87855911254883,0.6879541873931885,10.523228645324707,0.0011304626241326332,20.291667938232422,18.22594451904297,1.1133397177796591,19.5,1.0699033989117452,4.988262176513672,0.45884498953819275,0.5785007476806641,0.5785007476806641,0.0,0.2180989682674408,0.0014703404158353806,8.067293376715808e-05,0.5142607688903809,0.43389034271240234,4.607641696929932,48
6861,0.33349451422691345,0.4060070216655731,1.0000241994857788,1.2258212566375732,0.5060577392578125,0.00537109375,0.005602198652923107,1.0430275201797485,0.09700987488031387,2.989272356033325,552.6796264648438,0.03342986851930618,0.2750287652015686,6.250072002410889,69.45454406738281,43.09208297729492,1.2801017761230469,10.528828620910645,0.0014551978092640638,18.83333396911621,8.646219253540039,2.1782160959685446,18.3125,2.1179777474787604,2.7516345977783203,0.6634136438369751,0.5947228670120239,0.5947228670120239,0.0,0.2277848720550537,0.0004934430471621454,5.70703832648484e-05,0.3204289376735687,0.23902714252471924,2.414484977722168,48
7098,0.3432628810405731,0.600452184677124,1.0000345706939697,1.993825912475586,0.4063243567943573,0.0029296875,0.005177977029234171,1.7674161195755005,0.1357555091381073,5.457418441772461,1313.402587890625,0.020013848319649696,0.17733867466449738,5.857569694519043,74.16666412353516,45.36582946777344,1.1493123769760132,10.489002227783203,0.0013873468851670623,26.20833396911621,19.280681610107422,1.359305365106184,25.166667938232422,1.3052789540379437,5.335860252380371,1.0397682189941406,0.6115116477012634,0.6121400594711304,0.02083333395421505,0.18693366646766663,0.002003673929721117,0.0001039213223474178,0.35301080346107483,0.22092701494693756,4.665672302246094,48
7106,0.3962697684764862,0.49960029125213623,1.0000393390655518,1.415229082107544,0.41929909586906433,0.005859375,0.00632827915251255,1.0800262689590454,0.10400418192148209,3.107428550720215,500.5365295410156,0.03595767915248871,0.28793853521347046,6.374396324157715,64.08333587646484,34.071693420410156,0.8800971508026123,10.532275199890137,0.0012871071230620146,23.041667938232422,12.650004386901855,1.8214750932320318,22.1875,1.7539519595292785,3.947317123413086,0.7413126826286316,0.4127163887023926,0.4127163887023926,0.0,0.1208794042468071,0.0016909049591049552,0.00013366832975323541,0.3221590220928192,0.27000656723976135,2.3407554626464844,48
7142,0.2960531413555145,0.3406267464160919,1.0000357627868652,0.9959684610366821,0.5548653602600098,0.01318359375,0.011957110837101936,0.9069690108299255,0.1406920850276947,3.3653452396392822,280.91107177734375,0.07016520947217941,0.3811711370944977,7.049454689025879,67.44444274902344,41.731231689453125,1.066962480545044,10.51756477355957,0.0013782790629193187,19.1875,9.029268264770508,2.1250337697478234,18.45833396911621,2.0442779422882253,2.7881391048431396,0.6152395009994507,0.5342792272567749,0.5342792272567749,0.0,0.1627664566040039,0.0004973717732354999,5.50843942277417e-05,0.3780478835105896,0.4532678425312042,2.2874703407287598,48
7215,0.41679438948631287,0.5355296730995178,1.0000637769699097,1.155831217765808,0.5271574854850769,0.02392578125,0.05534934625029564,2.3133766651153564,0.48740413784980774,7.434500694274902,121.89248657226562,0.11294737458229065,0.4520360827445984,7.385047435760498,67.7755126953125,46.179412841796875,1.3426779508590698,10.514894485473633,0.0013997032074257731,26.83333396911621,27.57040023803711,0.9732660290641455,25.89583396911621,0.9392621701587331,7.749721050262451,0.6959986686706543,0.5223552584648132,0.5223749279975891,0.02083333395421505,0.1793951690196991,0.005026979371905327,0.00018233247710153303,0.3545348644256592,1.6848669052124023,6.601524353027344,48
7300,0.32696622610092163,0.41528674960136414,1.0000747442245483,1.7883528470993042,0.47717148065567017,0.0068359375,0.008964542299509048,1.3113844394683838,0.13451431691646576,2.967935085296631,323.96588134765625,0.04089350998401642,0.30788448452949524,6.68499231338501,72.42857360839844,37.27787399291992,0.8696078658103943,10.52821159362793,0.0011262220796197653,22.14583396911621,9.95867919921875,2.2237721994916564,21.229167938232422,2.1317252511337625,3.1228415966033936,0.946243166923523,0.5632200241088867,0.5632200241088867,0.0,0.21002770960330963,0.0006550708785653114,6.57788914376228e-05,0.40222829580307007,0.38248714804649353,2.8473854064941406,48
7449,0.3836720883846283,0.48725491762161255,1.0000697374343872,1.8055915832519531,0.38451600074768066,0.0029296875,0.006097840145230293,2.0813961029052734,0.18080155551433563,7.441478729248047,1446.9462890625,0.020013848319649696,0.14697064459323883,5.927778244018555,74.33333587646484,41.16752243041992,1.0459678173065186,10.543468475341797,0.001096191699616611,25.0625,25.010169982910156,1.0020923491165665,24.1875,0.9671065813169856,7.311672210693359,0.4667071998119354,0.5694288611412048,0.5694288611412048,0.0,0.15921397507190704,0.005010544788092375,0.00020034029314925712,0.3741573989391327,0.2601745128631592,6.39841365814209,48
7583,0.5387541651725769,0.6933677196502686,1.000045657157898,2.828970432281494,0.2176240235567093,0.0029296875,0.006850429344922304,2.338279962539673,0.16452044248580933,5.968265533447266,935.7410278320312,0.020013848319649696,0.18540982902050018,5.634480953216553,56.0,38.393959045410156,1.1251084804534912,10.51168441772461,0.0014825169928371906,25.64583396911621,18.498159408569336,1.38639922971859,24.541667938232422,1.3267086407308353,5.997418403625488,1.094175100326538,0.5676364898681641,0.5676364898681641,0.0,0.28543969988822937,0.0021690712310373783,0.00011725875974773798,0.45443469285964966,0.2922849953174591,5.203604221343994,48
7645,0.43829232454299927,0.6168373823165894,1.0000526905059814,1.4762897491455078,0.42850202322006226,0.0205078125,0.047189466655254364,2.3010482788085938,0.5085842609405518,14.116659164428711,361.3812255859375,0.10000890493392944,0.4186970293521881,7.258488655090332,73.92857360839844,43.5782585144043,1.294270396232605,10.516389846801758,0.001546771265566349,26.83333396911621,24.545522689819336,1.0932068669824544,25.916667938232422,1.0558613175682414,7.005743980407715,0.8849135637283325,0.5485780239105225,0.5485780239105225,0.0,0.1745266169309616,0.00337841990403831,0.00013763894724731922,0.32943904399871826,1.6117020845413208,5.950782299041748,48
7745,0.3582157492637634,0.5568313002586365,1.0000349283218384,2.299835681915283,0.34051188826560974,0.00390625,0.029388749971985817,7.523519992828369,0.8205310702323914,35.19384765625,1654.2635498046875,0.02555946074426174,0.17862500250339508,6.130368709564209,81.375,41.34911346435547,1.436639666557312,10.528776168823242,0.0013563022948801517,31.604167938232422,96.49533081054688,0.3275201781214362,30.541667938232422,0.31650928266188344,29.784942626953125,0.9157654643058777,0.6194446086883545,0.6194446086883545,0.0,0.21899910271167755,0.047410041093826294,0.000491319535263267,0.3922393023967743,1.2539199590682983,26.102947235107422,48
7908,0.4678480625152588,0.6131379008293152,1.0000680685043335,2.5881052017211914,0.32203593850135803,0.00439453125,0.022004026919603348,5.007138729095459,0.49507272243499756,17.978776931762695,973.8470458984375,0.02823571488261223,0.22026529908180237,6.174370288848877,75.66666412353516,39.305843353271484,0.9450904726982117,10.535053253173828,0.0012202472425997257,29.125,58.47138595581055,0.49810688628160793,28.229167938232422,0.4827860238294781,18.263179779052734,1.2431694269180298,0.5853962898254395,0.5853962898254395,0.0,0.24635626375675201,0.020634297281503677,0.00035289564187120494,0.4055853486061096,0.938838541507721,15.194989204406738,48
7989,0.46120476722717285,0.5703923106193542,1.0000436305999756,1.8313935995101929,0.3323538899421692,0.00244140625,0.004301283974200487,1.7618058919906616,0.10748769342899323,3.4156455993652344,834.1793823242188,0.01712392456829548,0.1733243614435196,5.800665855407715,87.5999984741211,37.72978973388672,0.9987622499465942,10.530263900756836,0.0012898275163024664,24.33333396911621,12.369609832763672,1.967186861867872,23.479167938232422,1.8981332666662833,3.7847366333007812,1.1078972816467285,0.5389537811279297,0.5389537811279297,0.0,0.18094398081302643,0.0008046857547014952,6.505344670771837e-05,0.3159552812576294,0.18352144956588745,3.345998764038086,48
8081,0.357089102268219,0.5102187395095825,1.0000470876693726,1.5505445003509521,0.45199379324913025,0.01025390625,0.01813231036067009,1.7683320045471191,0.28204524517059326,9.179869651794434,677.4708251953125,0.057165034115314484,0.3274155259132385,6.854930877685547,66.28571319580078,45.88698196411133,1.0555498600006104,10.51739501953125,0.0012468310305848718,23.625,31.925914764404297,0.7399944580112917,22.70833396911621,0.7112821709128277,7.625957012176514,0.9276744723320007,0.5649871826171875,0.5684391856193542,0.02083333395421505,0.19552917778491974,0.007899617776274681,0.0002474359100465925,0.3573509454727173,0.7636799216270447,6.252557754516602,48
8098,0.3617071211338043,0.43711113929748535,1.0000829696655273,1.134979486465454,0.5484141111373901,0.00634765625,0.005004818085581064,0.7884513139724731,0.09644132852554321,3.5791072845458984,964.614013671875,0.03844451159238815,0.26396873593330383,6.680694580078125,78.53845977783203,51.04703140258789,1.6045454740524292,10.501047134399414,0.001509434194304049,20.83333396911621,9.148063659667969,2.2773490348774934,20.125,2.1999191005554555,2.5538482666015625,0.8514704704284668,0.6418032050132751,0.6418032050132751,0.0,0.1741766780614853,0.00046327640302479267,5.064201778140962e-05,0.3303318917751312,0.21353892982006073,2.245149612426758,48
8396,0.513077437877655,0.554172694683075,1.0000438690185547,0.9071663022041321,0.4379715621471405,0.03173828125,0.01996816322207451,0.6291507482528687,0.1502019315958023,3.0630898475646973,137.6385040283203,0.14073362946510315,0.497285932302475,7.864099025726318,82.80000305175781,26.582984924316406,0.9759522676467896,10.529277801513672,0.0018018512055277824,18.625,5.68002986907959,3.2790320467500877,17.70833396911621,3.1176480311025627,1.8469500541687012,0.6771500110626221,0.3589101731777191,0.36427944898605347,0.02083333395421505,0.13627193868160248,0.00024248601403087378,4.269097508166048e-05,0.3593253493309021,0.48153364658355713,1.561972737312317,48
8445,0.36022236943244934,0.4672718048095703,1.0000303983688354,1.2431696653366089,0.5785151720046997,0.0244140625,0.04005204141139984,1.6405316591262817,0.5007328987121582,16.580795288085938,662.5711059570312,0.1147531270980835,0.41430848836898804,7.556082725524902,76.54000091552734,72.2476806640625,1.1420722007751465,10.54982852935791,0.000813484366517514,28.02083396911621,41.40924072265625,0.676680699122753,27.0625,0.6535377012758872,8.1353759765625,0.5971001386642456,0.811607837677002,0.811607837677002,0.0,0.315193772315979,0.007677087094634771,0.00018539550493570025,0.38479873538017273,1.3142143487930298,6.995632171630859,48
8537,0.36260753870010376,0.43519923090934753,1.0000346899032593,2.19551420211792,0.43648070096969604,0.00244140625,0.005083274096250534,2.082108974456787,0.11260485649108887,3.502509117126465,646.7102661132812,0.01712392456829548,0.19687813520431519,5.870352745056152,80.19999694824219,36.02300262451172,0.8753243684768677,10.525843620300293,0.0011491765035316348,21.604167938232422,10.924566268920898,1.9775767189877334,20.729167938232422,1.897482006057269,3.4992170333862305,0.7613224983215332,0.581076979637146,0.581076979637146,0.0,0.23576883971691132,0.0007605726714245975,6.96203997491537e-05,0.4424747824668884,0.21688634157180786,3.289402723312378,48
8705,0.513953447341919,0.6075108051300049,1.0000590085983276,1.7157858610153198,0.3613032102584839,0.00732421875,0.021843768656253815,2.9824025630950928,0.35121703147888184,9.956123352050781,493.63519287109375,0.0433073565363884,0.3017095625400543,6.59417724609375,72.13333129882812,40.9979248046875,1.3854129314422607,10.502811431884766,0.001809756038710475,26.375,34.31187438964844,0.7686843246392345,25.27083396911621,0.7365040357391591,9.906161308288574,0.7376984357833862,0.6109838485717773,0.6109838485717773,0.0,0.19287966191768646,0.0075944093987345695,0.00022133472832986303,0.3843984603881836,0.9320008158683777,8.446867942810059,48
8760,0.34174785017967224,0.4561379551887512,1.0000413656234741,1.7380152940750122,0.4339984357357025,0.00244140625,0.003511663991957903,1.4383776187896729,0.08803439885377884,3.220271587371826,989.6588745117188,0.01712392456829548,0.17541339993476868,5.882969856262207,78.19999694824219,40.35558319091797,1.031759262084961,10.529291152954102,0.0012954920530319214,18.916667938232422,10.649333953857422,1.776324040774132,18.229167938232422,1.711766012794796,3.31278657913208,0.7157461643218994,0.5900084972381592,0.5900084972381592,0.0,0.239617258310318,0.0005879707168787718,5.5211970896421755e-05,0.37219735980033875,0.14983098208904266,2.9494903087615967,48
8876,0.3445875346660614,0.47509467601776123,1.0000368356704712,1.421512246131897,0.4350893795490265,0.00341796875,0.005352654494345188,1.5660337209701538,0.10661887377500534,2.955998659133911,576.0169677734375,0.02282176911830902,0.2306869924068451,5.914490222930908,74.57142639160156,44.033634185791016,1.2012485265731812,10.515745162963867,0.0013342872262001038,23.83333396911621,11.205307006835938,2.126968402856495,22.9375,2.0470211093311836,3.3733229637145996,1.1094882488250732,0.5801653861999512,0.5801653861999512,0.0,0.18324103951454163,0.0006920673185959458,6.176245930219644e-05,0.3465631604194641,0.22837992012500763,2.9181785583496094,48
8912,0.40315768122673035,0.49038204550743103,1.0000529289245605,1.1177634000778198,0.47895392775535583,0.00732421875,0.0022855170536786318,0.3120492696762085,0.03688938915729523,0.9282387495040894,400.8954162597656,0.0433073565363884,0.2969062924385071,6.740654945373535,87.46666717529297,36.690128326416016,0.8557791709899902,10.537759780883789,0.0011577970581129193,9.458333969116211,3.1168713569641113,3.034560254672556,9.1875,2.94766736201526,0.8922066688537598,0.7051955461502075,0.5231976509094238,0.5231976509094238,0.0,0.134980246424675,7.830542745068669e-05,2.5123086015242773e-05,0.3744158148765564,0.09751539677381516,0.7875075936317444,48
8971,0.2334907054901123,0.26850563287734985,1.0000784397125244,2.158069610595703,0.47930243611335754,0.00341796875,0.006589434575289488,1.9278802871704102,0.1746826022863388,5.655166149139404,927.4452514648438,0.02282176911830902,0.1646585613489151,6.348386764526367,88.85713958740234,35.285865783691406,0.8535367846488953,10.521909713745117,0.0012217166367918253,20.89583396911621,19.99243927001953,1.0451868166982272,20.0,1.000378178964286,6.054003715515137,0.5776115655899048,0.6341966390609741,0.6341966390609741,0.0,0.24590560793876648,0.0016586495330557227,8.296383997091236e-05,0.5108042359352112,0.2811492085456848,5.528429985046387,48
8978,0.47248321771621704,0.5697579979896545,1.0000171661376953,2.24357271194458,0.3257179856300354,0.00244140625,0.010810380801558495,4.427931785583496,0.31602203845977783,12.93439769744873,1417.507568359375,0.01712392456829548,0.1468379944562912,5.736757278442383,79.19999694824219,40.613311767578125,0.8947643041610718,10.525020599365234,0.001129503478296101,28.0625,44.66822052001953,0.6282430700623151,26.95833396911621,0.6035237949763123,13.788297653198242,1.1706411838531494,0.5392133593559265,0.5392133593559265,0.0,0.20512470602989197,0.009483981877565384,0.00021232056627802355,0.3906475305557251,0.4612429141998291,11.498281478881836,48
9008,0.46206313371658325,0.5655025243759155,1.0000299215316772,1.9017095565795898,0.3275154232978821,0.00341796875,0.004991358611732721,1.4603289365768433,0.11040497571229935,3.196197748184204,614.2974853515625,0.02282176911830902,0.2021431177854538,5.7490692138671875,55.71428680419922,42.11600112915039,0.8563398718833923,10.532261848449707,0.0010487830732017756,23.75,14.09656047821045,1.6848081501769974,23.0,1.6316036822766713,3.8773345947265625,1.0126111507415771,0.4818345010280609,0.4818345010280609,0.0,0.17241813242435455,0.0013903699582442641,9.863185841731317e-05,0.4527517557144165,0.21296460926532745,3.0616939067840576,48
9094,0.4193674623966217,0.47643306851387024,1.0000100135803223,2.250605583190918,0.35309091210365295,0.00244140625,0.009595196694135666,3.930192470550537,0.26254919171333313,10.691351890563965,1365.1123046875,0.01712392456829548,0.15955869853496552,5.350774765014648,66.4000015258789,39.62656021118164,0.8123654723167419,10.539843559265137,0.0010891209822148085,25.104167938232422,37.71002960205078,0.6657159433841978,24.33333396911621,0.6452748570990288,9.532857894897461,0.8277373313903809,0.6829954385757446,0.6829954385757446,0.0,0.23344680666923523,0.01004696823656559,0.0002664269516604924,0.3346115052700043,0.4093950688838959,9.263364791870117,48
9261,0.4631817936897278,0.5361984968185425,1.0000391006469727,2.2282633781433105,0.324461966753006,0.01025390625,0.04027598351240158,3.9278674125671387,0.4972327947616577,9.44428539276123,222.2393798828125,0.057165034115314484,0.35944074392318726,6.54508113861084,61.33333206176758,34.399314880371094,0.8052198886871338,10.520146369934082,0.0012302342802286148,25.52083396911621,30.061681747436523,0.8489489768084243,24.64583396911621,0.8198421554715393,10.908145904541016,1.14935302734375,0.5329914093017578,0.5329914093017578,0.0,0.277680367231369,0.006910532712936401,0.00022987844687787318,0.3713110685348511,1.649516224861145,8.585396766662598,48
9325,0.3498712480068207,0.41697555780410767,1.0000218152999878,2.05446457862854,0.38420915603637695,0.00341796875,0.004722726531326771,1.381734848022461,0.0956064909696579,2.956462860107422,651.9519653320312,0.02282176911830902,0.22946873307228088,5.990421772003174,80.57142639160156,38.48066329956055,0.9945327639579773,10.501925468444824,0.0014214201364666224,19.104167938232422,12.455429077148438,1.533802473167639,18.3125,1.4702424036836204,3.157646894454956,0.6347322463989258,0.5900135040283203,0.5900135040283203,0.0,0.2753446400165558,0.0007515188190154731,6.033664627346265e-05,0.5751497745513916,0.2015029937028885,2.7650671005249023,48
9345,0.33188244700431824,0.4839034974575043,1.0000287294387817,1.6878093481063843,0.4872538149356842,0.00439453125,0.006878170184791088,1.5651658773422241,0.15497873723506927,5.955694198608398,1107.0941162109375,0.02823571488261223,0.21975766122341156,6.491311550140381,92.77777862548828,34.18678665161133,0.8522615432739258,10.524017333984375,0.0011647811625152826,25.854167938232422,15.093734741210938,1.7129072667822123,24.875,1.6480347912569704,4.864349365234375,0.786505401134491,0.6370199918746948,0.6370199918746948,0.0,0.27056077122688293,0.0011499885004013777,7.618979128469953e-05,0.4690854549407959,0.2934685945510864,4.487755298614502,48
9366,0.32359248399734497,0.43606963753700256,1.000060796737671,1.3055027723312378,0.5723183155059814,0.00537109375,0.005911768414080143,1.1006637811660767,0.09170565009117126,2.2094781398773193,330.58251953125,0.03342986851930618,0.29153311252593994,6.551965713500977,77.54545593261719,50.273250579833984,1.6240910291671753,10.46976089477539,0.0017564448062330484,17.20833396911621,9.160441398620605,1.8785485547587242,16.479167938232422,1.7989491120727426,2.160539150238037,0.5524755716323853,0.7423285245895386,0.7423285245895386,0.0,0.2239525318145752,0.00044028167030774057,4.806336841949616e-05,0.30512768030166626,0.25223544239997864,1.9484803676605225,48
9573,0.34640204906463623,0.45293086767196655,1.0000537633895874,2.3155922889709473,0.38530391454696655,0.0048828125,0.010792355053126812,2.2102742195129395,0.19332286715507507,5.399236679077148,466.05352783203125,0.03085736557841301,0.25885438919067383,6.582111358642578,85.0,41.91876983642578,2.5630991458892822,10.472938537597656,0.0029359934851527214,21.125,22.772823333740234,0.9276407971524889,20.5625,0.902940302553754,5.53148078918457,0.6596672534942627,0.6829342842102051,0.6829342842102051,0.0,0.36937814950942993,0.004924384877085686,0.00021623954143741664,0.45048701763153076,0.46047380566596985,4.71799373626709,48
9591,0.4934360980987549,0.6223217844963074,1.000015377998352,1.4333765506744385,0.3718315362930298,0.0087890625,0.01401636190712452,1.5947505235671997,0.18883273005485535,3.772916316986084,266.73834228515625,0.05035991966724396,0.33461543917655945,6.949994087219238,77.88888549804688,26.90123748779297,1.7435141801834106,10.51266098022461,0.0025408833753317595,27.83333396911621,26.68655014038086,1.0429723517005058,26.89583396911621,1.0078422957465847,7.98482084274292,0.663515567779541,0.3062501549720764,0.3071402907371521,0.02083333395421505,0.1861552745103836,0.006054870318621397,0.00022688846195936585,0.409598171710968,0.5975553393363953,3.662703275680542,48
9764,0.36182087659835815,0.4829414486885071,1.000030755996704,1.016491174697876,0.5739045739173889,0.01708984375,0.023313123732805252,1.3641507625579834,0.22638963162899017,4.057138919830322,173.28053283691406,0.08648617565631866,0.4269263446331024,7.3034257888793945,81.97142791748047,45.65562057495117,1.3958604335784912,10.501367568969727,0.001638780813664198,23.479167938232422,16.621498107910156,1.4125783230654114,22.875,1.376229738001264,4.33229923248291,0.5225669145584106,0.5563265681266785,0.5563265681266785,0.0,0.17295987904071808,0.0016770572401583195,0.00010089687633819485,0.43788817524909973,0.7687607407569885,3.584129810333252,48
9907,0.41098031401634216,0.5460143685340881,1.0000672340393066,2.0325121879577637,0.38545507192611694,0.00537109375,0.015327490866184235,2.8537001609802246,0.3196275532245636,9.707396507263184,685.5079345703125,0.03342986851930618,0.231558158993721,6.570990562438965,84.18181610107422,33.3450927734375,1.2008113861083984,10.525629043579102,0.0015599436592310667,30.229167938232422,32.21413803100586,0.9383820203338441,29.0,0.9002258562090181,10.713228225708008,0.7106825709342957,0.5538264513015747,0.5538264513015747,0.0,0.16063250601291656,0.0074586421251297,0.0002315331894224667,0.32580292224884033,0.653972864151001,9.073100090026855,48
9938,0.37651780247688293,0.5164441466331482,1.0000232458114624,1.740559697151184,0.4090033769607544,0.00537109375,0.02078162133693695,3.8691599369049072,0.39272090792655945,11.270806312561035,538.4213256835938,0.03342986851930618,0.2527725398540497,6.349017143249512,72.54545593261719,38.378639221191406,1.1071351766586304,10.530838012695312,0.00133446604013443,26.604167938232422,36.08158493041992,0.7373336837104806,25.604167938232422,0.7096187149348223,11.253946304321289,0.720439612865448,0.5546108484268188,0.5546108484268188,0.0,0.22860339283943176,0.007879165932536125,0.00021837083779846912,0.4065539538860321,0.8866825103759766,10.03785514831543,48
10032,0.3620283305644989,0.6088917851448059,1.000030755996704,2.3535308837890625,0.336124986410141,0.0048828125,0.015180803835391998,3.1090285778045654,0.3193158805370331,11.372573852539062,884.3828125,0.03085736557841301,0.2368132621049881,6.438432216644287,86.9000015258789,43.50190734863281,1.2993862628936768,10.49534797668457,0.0016556053888052702,25.8125,38.457637786865234,0.6711930705765822,24.77083396911621,0.6441070067786466,10.354352951049805,0.741401195526123,0.6502124667167664,0.6502124667167664,0.0,0.30816832184791565,0.005889479070901871,0.00015314198708746315,0.5397476553916931,0.6477143168449402,8.937047004699707,48
10066,0.40822625160217285,0.58495032787323,1.0000909566879272,3.115812063217163,0.3448368012905121,0.00390625,0.04880274832248688,12.49350357055664,1.1747276782989502,38.12492370605469,882.1951904296875,0.02555946074426174,0.19578076899051666,6.017236709594727,63.875,37.9750862121582,1.0837136507034302,10.523697853088379,0.0013644667342305183,28.916667938232422,141.17581176757812,0.20482735373812125,27.75,0.19656341727802495,43.03527069091797,1.007148027420044,0.6530705690383911,0.6530705690383911,0.0,0.19134724140167236,0.13825595378875732,0.0009793175760630934,0.36423397064208984,2.0822503566741943,36.67021942138672,48
10078,0.4012117385864258,0.5286642909049988,1.0000433921813965,1.4405618906021118,0.444013774394989,0.01025390625,0.016996795311570168,1.6575921773910522,0.21572378277778625,5.15566873550415,328.1033935546875,0.057165034115314484,0.3601982295513153,6.8788275718688965,75.76190185546875,44.96406173706055,1.1839144229888916,10.530370712280273,0.0012785408180207014,24.95833396911621,20.133569717407227,1.239637794342112,23.89583396911621,1.1868652351593432,5.5017409324646,0.7632738947868347,0.5584630966186523,0.5584630966186523,0.0,0.21829979121685028,0.0025016635190695524,0.0001242533516380909,0.4343324899673462,0.6863800883293152,4.396586894989014,48
10121,0.2978953719139099,0.376880943775177,1.0000572204589844,1.384545922279358,0.5144434571266174,0.0068359375,0.007198710925877094,1.0530685186386108,0.13248418271541595,4.412439346313477,714.4617309570312,0.04089350998401642,0.27412959933280945,6.834379196166992,82.07142639160156,37.008487701416016,0.8095020651817322,10.529476165771484,0.0010766822379082441,19.45833396911621,11.958849906921387,1.6271074647055563,18.9375,1.5835552859647521,3.4926087856292725,0.5094543695449829,0.5754966735839844,0.5754966735839844,0.0,0.1896020621061325,0.0008801443036645651,7.359773805833864e-05,0.5222811102867126,0.30714502930641174,3.136308431625366,48
10140,0.35376760363578796,0.4718722999095917,1.0000460147857666,1.07257080078125,0.5466216802597046,0.0146484375,0.019546030089259148,1.334342360496521,0.23079651594161987,5.868244171142578,343.0648193359375,0.07640714943408966,0.38703247904777527,7.070962905883789,68.80000305175781,52.15397644042969,1.367235779762268,10.518558502197266,0.0013480840716511011,24.416667938232422,17.573314666748047,1.3894173289083072,23.64583396911621,1.3455534373605087,4.643974304199219,0.9344626665115356,0.6024302840232849,0.6024302840232849,0.0,0.16705867648124695,0.001622603740543127,9.23333913032388e-05,0.28411659598350525,0.7332156300544739,3.9739627838134766,48
10175,0.4152711033821106,0.5100374221801758,0.9999491572380066,1.8633779287338257,0.3598673939704895,0.00634765625,0.007979157380759716,1.2570241689682007,0.11907035112380981,2.7896504402160645,338.2939453125,0.03844451159238815,0.3077368438243866,6.585516929626465,71.0,31.389314651489258,0.7325832843780518,10.521360397338867,0.0012241554213687778,16.854167938232422,8.423786163330078,2.000782972340056,16.291667938232422,1.9340077731094667,2.66379451751709,0.5853557586669922,0.5066198110580444,0.5066198110580444,0.0,0.21098379790782928,0.00042234710417687893,5.013744360155302e-05,0.47167426347732544,0.34044405817985535,2.5411317348480225,48
10219,0.32994866371154785,0.4756118357181549,1.0000534057617188,1.7833499908447266,0.417324036359787,0.0107421875,0.03193853795528412,2.9731874465942383,0.49671483039855957,12.874945640563965,416.7220153808594,0.05938481166958809,0.31288135051727295,7.0705180168151855,81.7727279663086,42.379310607910156,0.9598100781440735,10.522964477539062,0.001233138726092875,27.9375,41.2967414855957,0.6765061597651605,27.125,0.6568314839778068,11.695501327514648,0.7331299781799316,0.589385986328125,0.589385986328125,0.0,0.14217115938663483,0.00897829420864582,0.00021740926483517726,0.3396507501602173,1.3413478136062622,9.982251167297363,48
10264,0.34447312355041504,0.4419250190258026,1.0000841617584229,1.299949049949646,0.42630696296691895,0.00244140625,0.003166744252666831,1.2970983982086182,0.07431235909461975,2.230091094970703,767.8263549804688,0.01712392456829548,0.18748731911182404,5.772405624389648,70.19999694824219,43.2837028503418,1.3776261806488037,10.506471633911133,0.001622173935174942,17.58333396911621,8.147181510925293,2.158210655299016,16.979167938232422,2.0840542087620086,2.4886951446533203,0.7147437930107117,0.5412272214889526,0.5412272214889526,0.0,0.14709952473640442,0.0003897353890351951,4.783683633833311e-05,0.3536936640739441,0.1351144164800644,2.2197537422180176,48
10365,0.325312077999115,0.4717458486557007,1.0000572204589844,1.5163542032241821,0.3944556713104248,0.01318359375,0.020027432590723038,1.519117832183838,0.22976773977279663,5.514848709106445,319.2759704589844,0.07016520947217941,0.3913426697254181,7.0395073890686035,71.9259262084961,47.87919616699219,1.014133334159851,10.5326509475708,0.0011214115656912327,25.08333396911621,22.37359619140625,1.1211131971506505,24.0,1.0726929986557783,5.306135654449463,0.8844811320304871,0.5465918779373169,0.5465918779373169,0.0,0.25452888011932373,0.002429654821753502,0.0001085947381852181,0.5007330775260925,0.7353804111480713,4.56378173828125,48
10496,0.308429479598999,0.4235449731349945,1.0000394582748413,1.0132954120635986,0.5470400452613831,0.01318359375,0.020687537267804146,1.5691879987716675,0.26301637291908264,5.845426082611084,329.5998840332031,0.07016520947217941,0.36799731850624084,7.101171493530273,70.88888549804688,43.195621490478516,0.9016377329826355,10.528879165649414,0.0011365145910531282,25.854167938232422,24.822093963623047,1.0415788436586413,24.979167938232422,1.0063279900872297,6.878526210784912,0.6560446619987488,0.4946516454219818,0.4946516454219818,0.0,0.11443976312875748,0.005031955428421497,0.00020272082741160577,0.31767022609710693,0.8097906112670898,5.403370380401611,48
10596,0.412412166595459,0.5013101696968079,1.0000301599502563,1.4998549222946167,0.4212535321712494,0.00732421875,0.011665180325508118,1.5926859378814697,0.16988034546375275,4.098287105560303,366.25189208984375,0.0433073565363884,0.31877821683883667,6.736494064331055,81.13333129882812,44.16933059692383,1.135461449623108,10.518339157104492,0.0011270176619291306,27.25,20.28671646118164,1.343243498212738,26.20833396911621,1.2918963010276474,4.871665954589844,0.7636797428131104,0.6619491577148438,0.6637799739837646,0.02083333395421505,0.3781578540802002,0.0027833941858261824,0.00013720279424125347,0.4489895701408386,0.4977143704891205,3.8712193965911865,48
10736,0.2871337831020355,0.38509419560432434,1.0000331401824951,1.4538354873657227,0.48787009716033936,0.0029296875,0.0026224616449326277,0.8951335549354553,0.05754352733492851,1.7802683115005493,675.7286376953125,0.020013848319649696,0.20593634247779846,5.956268310546875,71.33333587646484,38.55497360229492,0.8486098051071167,10.530970573425293,0.0011516869999468327,19.20833396911621,6.150096893310547,3.1232571244164498,18.291667938232422,2.9742080857923012,1.8522619009017944,0.9854774475097656,0.551060676574707,0.551060676574707,0.0,0.21320636570453644,0.00023025725386105478,3.743961395748239e-05,0.3538326323032379,0.11189168691635132,1.6782139539718628,48
10795,0.32696405053138733,0.42571690678596497,1.0000510215759277,1.8023327589035034,0.48568668961524963,0.021484375,0.05374160781502724,2.50142765045166,0.5337604284286499,16.386962890625,459.9799499511719,0.10376113653182983,0.4424174427986145,7.012998104095459,88.06818389892578,33.553443908691406,0.749289870262146,10.529422760009766,0.0011383157689124346,27.979167938232422,18.351276397705078,1.524644243627921,27.0,1.471287304498537,6.042967796325684,0.6207517385482788,0.5971847772598267,0.5971847772598267,0.0,0.22723233699798584,0.0018679978093132377,0.00010179116524717205,0.4356297254562378,1.6630722284317017,5.415443420410156,48
10948,0.32599589228630066,0.46637773513793945,1.0000461339950562,1.484187126159668,0.4082493185997009,0.0029296875,0.00870358757674694,2.9708244800567627,0.24717025458812714,10.241863250732422,1460.18212890625,0.020013848319649696,0.1566159427165985,6.059336185455322,87.83333587646484,38.34840393066406,1.005880355834961,10.53566837310791,0.0011582700535655022,25.854167938232422,30.12432861328125,0.8582487683476975,24.875,0.8257445439224042,9.52939510345459,0.9959354400634766,0.5837025046348572,0.5837025046348572,0.0,0.23408612608909607,0.005256075412034988,0.00017447942086161182,0.4274956285953522,0.37135306000709534,8.589675903320312,48
11039,0.4737462103366852,0.5616657137870789,1.0000416040420532,2.231323719024658,0.28125083446502686,0.0126953125,0.03931405022740364,3.0967373847961426,0.5455679297447205,16.289588928222656,617.3903198242188,0.06804874539375305,0.36623314023017883,6.562087059020996,62.30769348144531,47.9953498840332,1.302137017250061,10.52795696258545,0.0014413375174626708,27.58333396911621,53.228904724121094,0.5182021705480365,26.64583396911621,0.5005895594172455,15.157508850097656,1.0515379905700684,0.5604683756828308,0.5604683756828308,0.0,0.17387863993644714,0.019625550135970116,0.0003687009949575317,0.3282131850719452,1.4331802129745483,12.168455123901367,48
11054,0.44171974062919617,0.5809840559959412,1.0000402927398682,2.1119046211242676,0.3374890983104706,0.0048828125,0.012298907153308392,2.5188162326812744,0.24702173471450806,8.910356521606445,888.8150024414062,0.03085736557841301,0.24632975459098816,6.349761009216309,71.30000305175781,40.56453323364258,1.0451945066452026,10.540711402893066,0.0011734763393178582,26.58333396911621,27.532554626464844,0.9655236980410288,25.6875,0.9329864351192023,8.185778617858887,1.013592004776001,0.5342369675636292,0.5342369675636292,0.0,0.2013123482465744,0.007312612142413855,0.0002655987516947969,0.36871713399887085,0.5247533917427063,6.762612342834473,48
11082,0.3113424479961395,0.3874317407608032,1.000030279159546,1.0961533784866333,0.5609046220779419,0.0068359375,0.004298305604606867,0.628780722618103,0.06981095671653748,1.7133300304412842,399.0231628417969,0.04089350998401642,0.2925148606300354,6.713281154632568,75.78571319580078,32.05167770385742,0.7119219303131104,10.533937454223633,0.0011509214527904987,15.291666984558105,4.723496913909912,3.23736147834734,14.604166984558105,3.0918125320740955,1.7224416732788086,0.6224653124809265,0.5422084331512451,0.5422084331512451,0.0,0.19214169681072235,0.00020462696556933224,4.332107522575682e-05,0.3716503977775574,0.18339435756206512,1.598238229751587,48
11355,0.41321441531181335,0.49045971035957336,1.0000895261764526,2.3512680530548096,0.3574727773666382,0.00439453125,0.015945859253406525,3.6285688877105713,0.3100387156009674,10.096760749816895,700.5614013671875,0.02823571488261223,0.24746203422546387,6.375402450561523,85.88888549804688,41.976417541503906,1.112845778465271,10.525726318359375,0.0012489978689700365,28.75,32.70576477050781,0.8790499226342692,27.52083396911621,0.8414673729176408,10.181514739990234,0.6999390125274658,0.6268700361251831,0.6268700361251831,0.0,0.24857103824615479,0.005134777165949345,0.00015699914679902552,0.3640560507774353,0.6803566813468933,8.86803913116455,48
11358,0.5355744361877441,0.654362142086029,1.0000444650650024,2.2977397441864014,0.27160775661468506,0.00341796875,0.002537092659622431,0.7422808408737183,0.050829123705625534,1.4411773681640625,613.3597412109375,0.02282176911830902,0.23078078031539917,6.117427825927734,75.85713958740234,52.0501823425293,1.0196110010147095,10.519331932067871,0.0010612334590405226,16.8125,5.769336700439453,2.9141131543905647,16.1875,2.805781810361176,1.6047649383544922,1.1411716938018799,0.5549193620681763,0.5549193620681763,0.0,0.1740659475326538,0.00021923240274190903,3.799958535011731e-05,0.3418487012386322,0.10824928432703018,1.4237991571426392,48
11524,0.3316118121147156,0.4611707925796509,1.0000286102294922,1.66078782081604,0.4006364941596985,0.00537109375,0.009315022267401218,1.7342877388000488,0.15261134505271912,4.530066013336182,483.95526123046875,0.03342986851930618,0.28520625829696655,6.434772491455078,80.54545593261719,49.03033447265625,1.0987346172332764,10.536314010620117,0.001087000360712409,25.02083396911621,16.344524383544922,1.5308389137953684,24.104167938232422,1.474754930633043,4.43985652923584,0.8252167701721191,0.5612069964408875,0.5612069964408875,0.0,0.20388367772102356,0.0014986544847488403,9.169153220149472e-05,0.4657492935657501,0.39744099974632263,3.6187281608581543,48
11600,0.32923099398612976,0.41701173782348633,1.0000157356262207,1.0313303470611572,0.5572797060012817,0.00390625,0.00231989286839962,0.5938925743103027,0.045661114156246185,1.362809658050537,544.5995483398438,0.02555946074426174,0.2302503138780594,6.222703456878662,72.375,41.2611198425293,1.37037992477417,10.5201997756958,0.001678113709203899,9.75,4.599761486053467,2.119675119756833,9.354166984558105,2.0336200023813964,1.398231863975525,0.502464771270752,0.5987427830696106,0.5987427830696106,0.0,0.16861233115196228,0.00012339590466581285,2.682658758974457e-05,0.3119989335536957,0.09898208826780319,1.207350254058838,48
11867,0.28927427530288696,0.4046569764614105,1.000052571296692,0.9961052536964417,0.5931494832038879,0.00634765625,0.005448557436466217,0.8583573698997498,0.09552378207445145,3.161000967025757,660.0037841796875,0.03844451159238815,0.27898338437080383,6.523129940032959,66.69230651855469,40.01244354248047,0.9664223790168762,10.529784202575684,0.0011512108612805605,20.041667938232422,7.01808500289917,2.855717464435959,19.52083396911621,2.7815043467323513,2.3248109817504883,0.7955116033554077,0.59992516040802,0.59992516040802,0.0,0.233392596244812,0.00031848635990172625,4.538080677511764e-05,0.35089898109436035,0.232471764087677,2.1050000190734863,48
11975,0.4015442430973053,0.5816620588302612,1.000047206878662,1.433990478515625,0.4057072401046753,0.00927734375,0.017213920131325722,1.85547935962677,0.24452869594097137,7.62420129776001,534.5993041992188,0.05265381559729576,0.33605900406837463,6.8996782302856445,79.42105102539062,36.13905334472656,0.7782574892044067,10.527507781982422,0.0011065395083278418,25.625,16.476192474365234,1.5552743769117985,24.4375,1.4832006862744225,5.387896537780762,0.7098784446716309,0.5428536534309387,0.5428536534309387,0.0,0.14444181323051453,0.00188339757733047,0.00011431024365111562,0.3202265501022339,0.7265329360961914,4.707424640655518,48
12020,0.36373353004455566,0.5370529890060425,1.0000439882278442,1.158625602722168,0.507200300693512,0.00634765625,0.004730985499918461,0.7453121542930603,0.0840585008263588,2.5652127265930176,623.0035400390625,0.03844451159238815,0.27993062138557434,6.567682266235352,79.07691955566406,47.3999137878418,1.3305792808532715,10.521247863769531,0.001362839131616056,22.4375,9.744715690612793,2.3025299751524844,21.64583396911621,2.2212894284596745,2.673288345336914,0.8605852127075195,0.5825914144515991,0.5825914144515991,0.0,0.16174845397472382,0.0005165556212887168,5.300879339724948e-05,0.3862004578113556,0.2018553763628006,2.2454159259796143,48
12029,0.36069461703300476,0.45438605546951294,1.000030517578125,2.063077688217163,0.4454905390739441,0.0029296875,0.009368413127958775,3.197751760482788,0.2635781466960907,9.707778930664062,1103.1829833984375,0.020013848319649696,0.1526716649532318,6.013974189758301,75.33333587646484,34.31760787963867,0.7305694818496704,10.530557632446289,0.0010835169814527035,26.58333396911621,30.280780792236328,0.8778946006290878,25.666667938232422,0.847622394741448,9.876344680786133,0.7310962080955505,0.6261188387870789,0.6261188387870789,0.0,0.2216581404209137,0.006466674618422985,0.0002135570631634902,0.3570530414581299,0.3997189700603485,8.970316886901855,48
12054,0.3734074831008911,0.432302325963974,1.0000264644622803,1.8371447324752808,0.33909130096435547,0.00390625,0.008946174755692482,2.2902207374572754,0.1818491369485855,5.5838117599487305,658.1669311523438,0.02555946074426174,0.2317461371421814,6.088242530822754,74.0,43.943321228027344,0.9389963746070862,10.540275573730469,0.0010618173982948065,27.5625,19.08438491821289,1.4442435584734885,26.5625,1.3918446992091444,5.998176574707031,1.2722848653793335,0.5206064581871033,0.5206064581871033,0.0,0.18279238045215607,0.0030216339509934187,0.00015833017214646864,0.37515613436698914,0.3817034065723419,5.190248966217041,48
12056,0.39119699597358704,0.5067686438560486,1.000047206878662,1.342169165611267,0.5499468445777893,0.02392578125,0.0990409329533577,4.139506816864014,0.9144021272659302,16.099777221679688,165.97792053222656,0.11294737458229065,0.44787636399269104,7.505951404571533,71.2244873046875,51.94810485839844,1.4970451593399048,10.502241134643555,0.0015126263024285436,29.729167938232422,71.89535522460938,0.4135060998199399,28.8125,0.40075606979030665,17.242551803588867,0.8409198522567749,0.5200605392456055,0.5200605392456055,0.0,0.1455698311328888,0.02716665528714657,0.00037786384389500784,0.36074772477149963,3.1815335750579834,13.617725372314453,48
12157,0.4088340699672699,0.5705448389053345,1.0000412464141846,1.8632935285568237,0.4026504158973694,0.0048828125,0.019842268899083138,4.06369686126709,0.40358689427375793,12.60057258605957,669.39453125,0.03085736557841301,0.23747514188289642,6.431964874267578,79.9000015258789,34.886634826660156,0.9888156652450562,10.524662971496582,0.0013850126415491104,28.229167938232422,40.99024200439453,0.688680196821458,27.104167938232422,0.6612346403984212,12.957653045654297,0.781980037689209,0.561045229434967,0.561045229434967,0.0,0.22155766189098358,0.0119907446205616,0.00029252680714475445,0.42612844705581665,0.8466033935546875,11.00301456451416,48
12248,0.35691478848457336,0.4863226115703583,1.0000195503234863,1.311352014541626,0.48061060905456543,0.0068359375,0.005045061465352774,0.7380204200744629,0.10176607966423035,3.6052050590515137,875.568359375,0.04089350998401642,0.2583025395870209,6.810701370239258,79.92857360839844,36.245487213134766,0.9740013480186462,10.528682708740234,0.0011786615941673517,19.791667938232422,8.669883728027344,2.2828066138215153,19.08333396911621,2.201106098506718,2.7903125286102295,0.589960515499115,0.560909628868103,0.560909628868103,0.0,0.19394613802433014,0.0004390797985251993,5.064425450128388e-05,0.3609488010406494,0.2152559608221054,2.4886598587036133,48
12457,0.293161541223526,0.36982765793800354,1.0000381469726562,1.1998367309570312,0.519106924533844,0.00927734375,0.014698524959385395,1.5843462944030762,0.23229467868804932,6.103213310241699,460.9459228515625,0.05265381559729576,0.3104023039340973,6.886030673980713,78.15789794921875,44.28676223754883,1.4800931215286255,10.520977973937988,0.0015687784180045128,26.02083396911621,24.62704086303711,1.0565960442939408,25.0625,1.0176821539058576,6.679802894592285,0.6224333643913269,0.6043884754180908,0.6043884754180908,0.0,0.153040811419487,0.00419587641954422,0.00017037680008636649,0.3564630448818207,0.6205920577049255,5.614623069763184,48
12460,0.3516421318054199,0.5346357226371765,1.0000972747802734,2.6626789569854736,0.3619103729724884,0.00244140625,0.0053189098834991455,2.1786255836486816,0.13250336050987244,4.747132778167725,935.32470703125,0.01712392456829548,0.17495118081569672,5.955610752105713,85.80000305175781,37.68476104736328,1.3497810363769531,10.517837524414062,0.0015552474651485682,23.979167938232422,14.429491996765137,1.661816502409787,22.979167938232422,1.5925139933865202,4.8193039894104,0.806804358959198,0.634362518787384,0.634362518787384,0.0,0.23322340846061707,0.0008909209864214063,6.174305970048744e-05,0.44181862473487854,0.22694015502929688,4.368933200836182,48
12481,0.33572888374328613,0.391118586063385,1.0000618696212769,1.1557190418243408,0.49098867177963257,0.044921875,0.0465613454580307,1.0364960432052612,0.3031998574733734,4.447301864624023,99.7472915649414,0.18328239023685455,0.5396742820739746,7.72041654586792,67.81521606445312,41.2719841003418,1.2607903480529785,10.503073692321777,0.0015236408216878772,25.27083396911621,11.602896690368652,2.1779762952050836,24.08333396911621,2.0756311627208595,3.6925482749938965,0.841632604598999,0.6042965650558472,0.6042965650558472,0.0,0.14305122196674347,0.0010438758181408048,8.996682855132531e-05,0.2586667835712433,0.9576411247253418,3.146517276763916,48
12483,0.39863505959510803,0.5331616401672363,1.0000321865081787,1.6932642459869385,0.4010380804538727,0.0048828125,0.016367748379707336,3.3521149158477783,0.32810527086257935,10.310439109802246,667.3177490234375,0.03085736557841301,0.24146854877471924,6.3888092041015625,79.4000015258789,35.420135498046875,0.8859608173370361,10.520353317260742,0.0012786018196493387,28.854167938232422,35.57314682006836,0.8111221668430894,27.89583396911621,0.7841823525586197,10.787351608276367,0.8474621176719666,0.510910153388977,0.510910153388977,0.0,0.14563016593456268,0.010774771682918072,0.0003028905970671857,0.4178718328475952,0.6983572840690613,8.85814380645752,48
12645,0.34952694177627563,0.4955664873123169,1.0000336170196533,1.545346975326538,0.47099265456199646,0.0078125,0.0066630057990550995,0.8528647422790527,0.1112167164683342,3.4144961833953857,618.0980834960938,0.04568839073181152,0.29858657717704773,6.861702919006348,74.875,37.73863983154297,0.7737186551094055,10.530269622802734,0.0011001849779859185,22.166667938232422,10.120326042175293,2.190311638572934,21.416667938232422,2.1162033543009278,3.230081081390381,0.9637264013290405,0.5542463064193726,0.5542463064193726,0.0,0.15892638266086578,0.0005963598378002644,5.892693918414624e-05,0.31647780537605286,0.284288227558136,2.875635862350464,48
12748,0.3886934816837311,0.5659664273262024,1.0000249147415161,1.6793863773345947,0.3755185902118683,0.0029296875,0.002086248714476824,0.7121062278747559,0.04798761010169983,1.8182978630065918,1058.848876953125,0.020013848319649696,0.20413294434547424,5.849362373352051,69.5,37.45906066894531,1.0150560140609741,10.527310371398926,0.0013239923864603043,17.5625,5.786548614501953,3.0350561517162746,16.70833396911621,2.887443803438927,1.7413074970245361,0.8565400838851929,0.5755812525749207,0.5755812525749207,0.0,0.19123370945453644,0.00017975748050957918,3.1064714422070696e-05,0.3954249918460846,0.08901327848434448,1.5690577030181885,48
12829,0.47965821623802185,0.6319294571876526,1.0000513792037964,0.9122116565704346,0.511658251285553,0.1435546875,0.09217949211597443,0.6421210765838623,0.31268659234046936,3.457679271697998,25.213226318359375,0.4113641679286957,0.6982681155204773,8.47336196899414,71.58503723144531,25.626373291015625,0.5464401841163635,10.540275573730469,0.0010757006239145994,22.95833396911621,8.414589881896973,2.72839606731452,21.875,2.599651353307788,2.507113456726074,0.7922446131706238,0.3542906939983368,0.3542906939983368,0.0,0.11476629972457886,0.0007187393493950367,8.541585016367388e-05,0.36350518465042114,0.8055745959281921,1.795562744140625,48
12852,0.33037182688713074,0.42187026143074036,1.0000334978103638,1.6072227954864502,0.3981964588165283,0.00439453125,0.011530041694641113,2.623724937438965,0.25156086683273315,9.438007354736328,1029.5189208984375,0.02823571488261223,0.22728435695171356,6.263806343078613,74.66666412353516,37.139835357666016,0.910573422908783,10.535792350769043,0.001111663761548698,25.5625,26.047161102294922,0.9813929391304701,24.77083396911621,0.9509993761824488,8.328784942626953,0.7586988806724548,0.5643982291221619,0.5643982291221619,0.0,0.2442626953125,0.004541174508631229,0.00017434431679726046,0.44031447172164917,0.4919484555721283,7.437456130981445,48
13093,0.34846869111061096,0.4377085864543915,1.0000497102737427,1.3963736295700073,0.4349014163017273,0.0029296875,0.003402033355087042,1.1612273454666138,0.09251067042350769,3.7947120666503906,1409.099609375,0.020013848319649696,0.16923218965530396,6.067410469055176,81.33333587646484,36.429813385009766,1.3679300546646118,10.527673721313477,0.0015644963132217526,23.541667938232422,11.48648452758789,2.049510262360573,22.6875,1.9751473939444548,3.6957595348358154,0.7545973062515259,0.5760648846626282,0.5760648846626282,0.0,0.15298046171665192,0.0008554376545362175,7.447340844249771e-05,0.31832775473594666,0.14515341818332672,3.211428642272949,48
13132,0.35451778769493103,0.4311251938343048,1.00008225440979,1.2082970142364502,0.458850622177124,0.00341796875,0.00516904890537262,1.5123159885406494,0.11652624607086182,3.539172410964966,796.4581909179688,0.02282176911830902,0.20905539393424988,6.103936195373535,72.42857360839844,47.5980224609375,1.2166929244995117,10.506645202636719,0.0013539055362343788,23.291667938232422,13.8458251953125,1.6822159454458263,22.25,1.606982586452334,4.086464881896973,0.765965461730957,0.5874364376068115,0.5874364376068115,0.0,0.20279662311077118,0.0011148261837661266,8.051713547115844e-05,0.3186771273612976,0.22054606676101685,3.511590003967285,48
13233,0.3593842685222626,0.5133493542671204,1.0000550746917725,1.2129408121109009,0.5349195599555969,0.00341796875,0.0015742869582027197,0.4605913758277893,0.031758878380060196,1.0097625255584717,666.026123046875,0.02282176911830902,0.2305976003408432,6.125483512878418,69.0,50.80373001098633,1.4457765817642212,10.4972505569458,0.0014926750445738435,10.0625,3.5778121948242188,2.812472937073672,9.8125,2.7425978330469967,0.9910585284233093,0.9503618478775024,0.667424201965332,0.667424201965332,0.0,0.18145309388637543,5.700804467778653e-05,1.5933772208870698e-05,0.29424452781677246,0.06716958433389664,0.9211291074752808,48
13566,0.29011473059654236,0.3881699740886688,1.000057578086853,0.9079113006591797,0.6272407174110413,0.01220703125,0.010335085913538933,0.846650242805481,0.13606145977973938,3.717750072479248,401.15362548828125,0.06591325998306274,0.35667455196380615,7.272150993347168,80.08000183105469,35.841426849365234,1.44109308719635,10.523897171020508,0.001626533456146717,21.229167938232422,9.282495498657227,2.2870108494459545,20.58333396911621,2.2174353814574292,2.947657346725464,0.6141018271446228,0.5739998817443848,0.5739998817443848,0.0,0.18967431783676147,0.0005666189244948328,6.104165889079949e-05,0.3951204717159271,0.4147251844406128,2.6096575260162354,48
13568,0.39662662148475647,0.4616326093673706,1.0000500679016113,0.912077009677887,0.5415468811988831,0.013671875,0.00705415615811944,0.5159611105918884,0.08696743845939636,2.3748395442962646,458.282958984375,0.07226333767175674,0.38569730520248413,7.261361598968506,74.92857360839844,35.95822525024414,0.7294614315032959,10.535194396972656,0.0010209011379629374,20.08333396911621,6.167266368865967,3.2564401690087403,19.27083396911621,3.1246962244331855,1.9092183113098145,0.5914206504821777,0.5400372743606567,0.5400372743606567,0.0,0.2497018724679947,0.00019010514370165765,3.0824863403518835e-05,0.40273478627204895,0.2543705403804779,1.790937066078186,48
13637,0.2455792874097824,0.3678288757801056,1.0001158714294434,1.3330092430114746,0.6339560747146606,0.0078125,0.024259552359580994,3.105222702026367,0.45086225867271423,12.736233711242676,652.4154663085938,0.04568839073181152,0.27595317363739014,6.883634567260742,84.625,53.552398681640625,1.1619575023651123,10.489233016967773,0.0011630634544417262,29.8125,56.7131462097168,0.5256717707831106,28.83333396911621,0.5084065316604153,12.75078010559082,0.6343557834625244,0.7472227811813354,0.7472227811813354,0.0,0.3850082457065582,0.009857694618403912,0.0001738167475352796,0.5386107563972473,1.035074234008789,12.661056518554688,48
13687,0.40519800782203674,0.5416770577430725,1.0000481605529785,1.5377370119094849,0.44366395473480225,0.00244140625,0.0010813844855874777,0.4429350793361664,0.023767510429024696,0.7443016767501831,665.7947998046875,0.01712392456829548,0.19937926530838013,5.845107555389404,75.0,50.34314727783203,1.4559059143066406,10.526397705078125,0.0014872534666210413,6.083333492279053,3.0412545204162598,2.0002710826858747,5.9791669845581055,1.9660199186747223,0.8116950988769531,0.7320000529289246,0.6082134246826172,0.6082134246826172,0.0,0.18858689069747925,5.5052754760254174e-05,1.8101988574010953e-05,0.419992059469223,0.04613907262682915,0.7077938914299011,48
13720,0.32333311438560486,0.39785584807395935,1.0000542402267456,1.1677429676055908,0.48546916246414185,0.00537109375,0.0028172465972602367,0.5245200991630554,0.05093643069267273,1.388519287109375,520.7819213867188,0.03342986851930618,0.26416876912117004,6.562801837921143,77.45454406738281,51.87568664550781,1.2696806192398071,10.538721084594727,0.0012095231795683503,15.916666984558105,7.1361494064331055,2.2304279318907265,15.208333969116211,2.13116809663409,1.8076210021972656,0.6161395311355591,0.5968028903007507,0.5968028903007507,0.0,0.18995818495750427,0.0002682662452571094,3.759257683693486e-05,0.32082322239875793,0.12020251899957657,1.325909972190857,48
13724,0.47414636611938477,0.5956616401672363,1.0000351667404175,2.2444164752960205,0.2966644763946533,0.00390625,0.007892410270869732,2.0204570293426514,0.14367176592350006,3.9957799911499023,479.9841613769531,0.02555946074426174,0.2517939805984497,5.585906982421875,58.375,54.18286895751953,1.3712949752807617,10.55052375793457,0.0012949886731803417,24.39583396911621,18.671695709228516,1.3065676699086763,23.5625,1.2619368028654638,4.498787879943848,1.1819795370101929,0.5854496955871582,0.5854496955871582,0.0,0.38506650924682617,0.0012968787923455238,6.945693695136484e-05,0.43746915459632874,0.3367428481578827,3.694634199142456,48
13740,0.2820773124694824,0.3433370590209961,1.0000613927841187,1.0751137733459473,0.5575811266899109,0.01904296875,0.019486641511321068,1.0232985019683838,0.18740837275981903,3.5310370922088623,187.7248077392578,0.09429078549146652,0.4346354901790619,7.425613880157471,76.30769348144531,36.26576614379883,0.7180573344230652,10.531486511230469,0.0010427481029182673,24.33333396911621,10.262551307678223,2.3710803693814153,23.666667938232422,2.30611932702001,3.0770816802978516,1.0008087158203125,0.5564820170402527,0.5564820170402527,0.0,0.19432061910629272,0.0005235453136265278,5.101512259672417e-05,0.4129255712032318,0.6174618601799011,2.754420757293701,48
13779,0.4323975741863251,0.5865561962127686,1.0000437498092651,1.605207920074463,0.40868043899536133,0.0048828125,0.012548554688692093,2.569943904876709,0.23919418454170227,7.537731170654297,672.1576538085938,0.03085736557841301,0.2566564381122589,6.37484073638916,69.0999984741211,39.14931106567383,1.0563857555389404,10.533756256103516,0.0011938561219722033,27.1875,27.560256958007812,0.9864748369929746,26.20833396911621,0.950946647541751,7.49454402923584,1.0098694562911987,0.5936160087585449,0.5936160087585449,0.0,0.1650031954050064,0.0031677584629505873,0.00011493936600909596,0.41271844506263733,0.5354050397872925,6.696893215179443,48
13903,0.36631032824516296,0.48539334535598755,1.0000288486480713,1.6668213605880737,0.43611055612564087,0.00439453125,0.007329312153160572,1.667825698852539,0.1748565435409546,7.216489791870117,1423.3856201171875,0.02823571488261223,0.216415137052536,6.347887992858887,74.11111450195312,40.87622833251953,1.0019659996032715,10.543821334838867,0.0011407402344048023,25.58333396911621,20.184736251831055,1.2674594127590262,24.541667938232422,1.2158527919257602,5.6315131187438965,0.9020520448684692,0.5790273547172546,0.5806335210800171,0.02083333395421505,0.25912296772003174,0.0016806288622319698,8.326236421577657e-05,0.43000370264053345,0.3127173185348511,5.123649597167969,48
14158,0.3283827304840088,0.56975257396698,1.00002920627594,1.7059839963912964,0.495953768491745,0.01318359375,0.02181643433868885,1.65481698513031,0.21272888779640198,3.5738303661346436,136.33673095703125,0.07016520947217941,0.41339942812919617,7.240341663360596,82.96295928955078,35.3804817199707,0.9111305475234985,10.526565551757812,0.001290538115426898,21.104167938232422,9.969600677490234,2.1168518780008654,20.354167938232422,2.041623187955025,3.3132009506225586,0.7901839017868042,0.5953072309494019,0.5953072309494019,0.0,0.23089197278022766,0.00042070739436894655,4.219902156129948e-05,0.48036250472068787,0.7325603365898132,3.137437582015991,48
14267,0.48231926560401917,0.5280215740203857,1.0000157356262207,1.4666000604629517,0.3821309208869934,0.00439453125,0.005091645754873753,1.1586322784423828,0.11265312880277634,4.276284694671631,1072.1611328125,0.02823571488261223,0.22618727385997772,6.193051815032959,69.44444274902344,32.833526611328125,0.9850253462791443,10.521859169006348,0.0013632508926093578,25.416667938232422,23.34740447998047,1.0886292713667585,24.39583396911621,1.0449056116531357,7.139916896820068,0.6008197665214539,0.3056010603904724,0.3056010603904724,0.0,0.17764635384082794,0.004413939081132412,0.00018905480834182885,0.3883930444717407,0.21724353730678558,3.371730327606201,48
14280,0.4297312796115875,0.5771128535270691,1.0000677108764648,2.1527929306030273,0.3320602476596832,0.00830078125,0.0506887212395668,6.106500148773193,0.770916759967804,22.683425903320312,459.8289489746094,0.04803864285349846,0.3108295202255249,6.8278045654296875,88.5882339477539,45.04484176635742,1.2406834363937378,10.521467208862305,0.0013923832448199391,31.5,60.97408676147461,0.5166129034135298,30.5,0.5002124937813542,17.60816764831543,0.8886479139328003,0.6381121277809143,0.6381121277809143,0.0,0.22951582074165344,0.028062840923666954,0.00046024208659071775,0.37510520219802856,2.162701368331909,14.776655197143555,48
14495,0.2445639669895172,0.3667713403701782,1.000091552734375,1.5766007900238037,0.5722032785415649,0.00341796875,0.004471476189792156,1.308226227760315,0.09121005237102509,2.370728015899658,488.8979187011719,0.02282176911830902,0.2180332988500595,6.201030254364014,80.0,46.48091125488281,1.6133172512054443,10.520519256591797,0.0014045815914869308,14.3125,9.454988479614258,1.513751181793762,13.875,1.4674793116079263,2.452631711959839,0.4417240023612976,0.7645171880722046,0.7645171880722046,0.0,0.28344255685806274,0.00026785137015394866,2.8329105894541006e-05,0.4385323226451874,0.19078297913074493,2.271632194519043,48
14498,0.3941344916820526,0.5064340233802795,1.000077724456787,2.0826785564422607,0.42099499702453613,0.00634765625,0.018948854878544807,2.985173463821411,0.301372230052948,7.605452537536621,426.9052734375,0.03844451159238815,0.29657819867134094,6.716931343078613,87.23076629638672,37.06570053100586,0.9210101366043091,10.514177322387695,0.001284911297261715,26.291667938232422,30.492900848388672,0.8622225894588681,25.354167938232422,0.8314777284056734,8.602320671081543,0.888237476348877,0.5821652412414551,0.5821652412414551,0.0,0.14188331365585327,0.006695586256682873,0.00021957852707348767,0.3952242136001587,0.8084844946861267,7.459143161773682,48
14504,0.50555020570755,0.5893248915672302,1.0000377893447876,2.410154342651367,0.2822387218475342,0.0029296875,0.014542774297297001,4.96393346786499,0.3203449249267578,10.216440200805664,751.5805053710938,0.020013848319649696,0.20785239338874817,5.861114501953125,74.33333587646484,35.306365966796875,0.9937493205070496,10.528461456298828,0.0012647868134081364,27.5,36.607147216796875,0.7512194225249452,26.3125,0.7187804020068226,11.660903930664062,1.0347087383270264,0.5274430513381958,0.5274430513381958,0.0,0.18518875539302826,0.007112483959645033,0.00019429222155936283,0.406760036945343,0.6204916834831238,9.76839828491211,48
14549,0.37148791551589966,0.48308563232421875,1.0000478029251099,1.7098268270492554,0.37316590547561646,0.0029296875,0.0125152338296175,4.271866321563721,0.2659117579460144,7.769194602966309,621.2647094726562,0.020013848319649696,0.21287274360656738,6.030309200286865,85.83333587646484,51.53516387939453,0.9910245537757874,10.524869918823242,0.0010417441371828318,25.166667938232422,34.172828674316406,0.7364525825684031,24.3125,0.7114570533389354,8.178987503051758,0.6800901293754578,0.675078272819519,0.675078272819519,0.0,0.17830300331115723,0.004570617340505123,0.0001337500440109251,0.42080867290496826,0.5339832901954651,7.447861671447754,48
14832,0.36258789896965027,0.4023113250732422,1.000083088874817,1.4802823066711426,0.4332627058029175,0.00439453125,0.005509502254426479,1.2537178993225098,0.1467590630054474,6.3232808113098145,1679.4130859375,0.02823571488261223,0.19711287319660187,6.6191205978393555,106.0,45.009300231933594,0.847576379776001,10.560863494873047,0.0009712547762319446,27.104167938232422,16.387786865234375,1.6539248493152485,26.041667938232422,1.5890899812461698,4.673247814178467,0.5572026371955872,0.6786736249923706,0.6786736249923706,0.0,0.15042583644390106,0.0012697518104687333,7.748159163502507e-05,0.32648590207099915,0.2350720912218094,4.2634968757629395,48
14890,0.28867578506469727,0.38245365023612976,1.0000567436218262,1.5757699012756348,0.4952120780944824,0.0048828125,0.006132365204393864,1.2559083700180054,0.12162322551012039,3.855998992919922,708.184814453125,0.03085736557841301,0.24531705677509308,6.396175384521484,70.5,33.50944137573242,0.7645741105079651,10.528480529785156,0.0011876259231939912,18.77083396911621,12.910582542419434,1.4539106886078172,17.979167938232422,1.3925915321972158,3.777130603790283,0.43078768253326416,0.582787036895752,0.582787036895752,0.0,0.2203463613986969,0.0005484227440319955,4.2478543613759824e-05,0.571800708770752,0.2616475820541382,3.4931929111480713,48
14891,0.40523025393486023,0.49783626198768616,1.0000566244125366,2.07403564453125,0.31548142433166504,0.0029296875,0.001981539186090231,0.6763653755187988,0.04110467806458473,1.1843754053115845,534.7371826171875,0.020013848319649696,0.2126319706439972,6.1562652587890625,91.0,47.916446685791016,0.9439692497253418,10.537063598632812,0.001025322126224637,12.958333969116211,4.863936424255371,2.664165978373857,12.479166984558105,2.5656517418013016,1.2486865520477295,0.937325119972229,0.6310199499130249,0.6310199499130249,0.0,0.24666227400302887,0.00011142651783302426,2.290871176857449e-05,0.4100942015647888,0.08454567193984985,1.0995242595672607,48
14900,0.2984257638454437,0.4041401743888855,1.0000529289245605,1.2851544618606567,0.5741047263145447,0.01513671875,0.024940961971879005,1.6477125883102417,0.30459052324295044,8.806072235107422,453.5265197753906,0.07845399528741837,0.38872137665748596,7.0752034187316895,71.70967864990234,38.852783203125,1.1787277460098267,10.494890213012695,0.0016928431577980518,26.604167938232422,19.891258239746094,1.3374803948650165,25.64583396911621,1.2893017448729556,6.103487968444824,0.7219103574752808,0.5837118625640869,0.5837118625640869,0.0,0.15728029608726501,0.003343584481626749,0.0001680931613096637,0.32021281123161316,0.9094194769859314,5.140390396118164,48
14902,0.28022500872612,0.3955824375152588,1.0000394582748413,1.2786718606948853,0.5454743504524231,0.0107421875,0.009532291442155838,0.887369692325592,0.1269673854112625,3.4955039024353027,384.5138854980469,0.05938481166958809,0.3501037657260895,7.050605773925781,77.81818389892578,35.33641052246094,0.7282924652099609,10.537520408630371,0.001081333844922483,22.666667938232422,7.463336944580078,3.03706881736358,22.125,2.9644916388804337,2.556323766708374,0.8967728018760681,0.5660278797149658,0.5660278797149658,0.0,0.21799243986606598,0.0004337337741162628,5.811526087537698e-05,0.3897596299648285,0.39330196380615234,2.1816704273223877,48
14987,0.39092016220092773,0.47006264328956604,1.0000354051589966,1.4928604364395142,0.4064600467681885,0.0048828125,0.007913907058537006,1.6207681894302368,0.14941665530204773,3.7221567630767822,492.9829406738281,0.03085736557841301,0.24736641347408295,6.075725555419922,71.0999984741211,39.71725845336914,1.1056506633758545,10.544968605041504,0.001170373405329883,24.729167938232422,14.595235824584961,1.694331507794758,24.0,1.6443721959688689,4.445065975189209,0.890316367149353,0.5824717283248901,0.5824717283248901,0.0,0.2039983868598938,0.0013509306591004133,9.255970060444241e-05,0.43378227949142456,0.3376600444316864,3.6972320079803467,48
15074,0.3407343327999115,0.4029380977153778,1.0000569820404053,1.4593068361282349,0.40672817826271057,0.00341796875,0.004159973002970219,1.217089295387268,0.09519928693771362,3.742966651916504,1191.0260009765625,0.02282176911830902,0.21331818401813507,6.201473236083984,89.42857360839844,52.03755187988281,1.2046468257904053,10.524166107177734,0.0012121433392167091,23.041667938232422,13.949981689453125,1.6517346355469207,22.229167938232422,1.5934908315402208,3.529787063598633,1.0319437980651855,0.6148017048835754,0.6148017048835754,0.0,0.16358384490013123,0.001107553718611598,7.93946359553301e-05,0.32409679889678955,0.1774922013282776,3.000208616256714,48
15179,0.21375393867492676,0.2662532925605774,1.0000375509262085,2.010392665863037,0.5154438614845276,0.00244140625,0.005322480574250221,2.1800880432128906,0.13410016894340515,5.192079067230225,1155.64013671875,0.01712392456829548,0.17870475351810455,5.981196880340576,88.0,36.01207733154297,0.9533464908599854,10.519132614135742,0.0013329676585271955,20.416667938232422,15.66705322265625,1.3031594158163784,19.625,1.2526286665761652,5.037858486175537,0.5504888892173767,0.6297221183776855,0.6297221183776855,0.0,0.22487856447696686,0.001131844474002719,7.224360938810838e-05,0.4338562488555908,0.22709251940250397,4.64605712890625,48
15276,0.39127805829048157,0.5073457956314087,1.0000239610671997,1.77121102809906,0.39631959795951843,0.0068359375,0.008718031458556652,1.275323510169983,0.13300038874149323,3.418797016143799,391.7641296386719,0.04089350998401642,0.3069702386856079,6.69564151763916,76.5,48.08542251586914,1.282282829284668,10.522714614868164,0.0012783556012436748,20.354167938232422,12.859855651855469,1.5827679931592362,19.625,1.5260668949972047,3.425483226776123,0.6724764108657837,0.6300429105758667,0.6300429105758667,0.0,0.23164941370487213,0.0007423196220770478,5.7723791121458284e-05,0.4323616325855255,0.3719693422317505,2.997448682785034,48
15317,0.3798973262310028,0.4507036507129669,1.0000061988830566,1.2196085453033447,0.4370604157447815,0.0146484375,0.01630878448486328,1.1133463382720947,0.2006407082080841,6.543577671051025,598.7015380859375,0.07640714943408966,0.3886128067970276,7.280055999755859,75.80000305175781,35.38514709472656,0.7665484547615051,10.527334213256836,0.0011413323227316141,25.52083396911621,11.899091720581055,2.144771596602355,24.58333396911621,2.0659840705266803,3.546262741088867,0.8211771249771118,0.5012540817260742,0.5012540817260742,0.0,0.12172607332468033,0.0009196118917316198,7.728420895925923e-05,0.32859179377555847,0.5883364081382751,2.8992791175842285,48
15346,0.3342871069908142,0.4006519615650177,1.0000399351119995,1.227198839187622,0.48466625809669495,0.01708984375,0.018112752586603165,1.0598547458648682,0.17965291440486908,3.9036858081817627,212.02195739746094,0.08648617565631866,0.4258368909358978,7.248249530792236,71.57142639160156,45.68206024169922,1.1422981023788452,10.526572227478027,0.001228628447279334,22.33333396911621,11.762941360473633,1.8986181487884914,21.27083396911621,1.8082921013708788,3.1423118114471436,0.8157391548156738,0.6224380731582642,0.6224380731582642,0.0,0.1767074018716812,0.0008066988084465265,6.857968453973896e-05,0.3366951048374176,0.5919097065925598,2.80086612701416,48
15464,0.5223240852355957,0.7083903551101685,1.0000476837158203,3.110367774963379,0.26650142669677734,0.00341796875,0.01597570814192295,4.674035549163818,0.5113171935081482,22.450088500976562,1812.470458984375,0.02282176911830902,0.14144760370254517,5.785748481750488,65.42857360839844,51.873504638671875,0.9828477501869202,10.543045043945312,0.0009824816370382905,28.229167938232422,69.47453308105469,0.4063239676794189,27.1875,0.39133044570976144,20.208385467529297,1.1956839561462402,0.5933482646942139,0.5933482646942139,0.0,0.188213050365448,0.026023995131254196,0.00037458323177424796,0.3448731303215027,0.6816301941871643,17.17755889892578,48
15617,0.37560635805130005,0.48224520683288574,1.0000416040420532,2.033432960510254,0.3265787959098816,0.00439453125,0.012725034728646278,2.8956522941589355,0.3556017577648163,14.955680847167969,1538.72998046875,0.02823571488261223,0.1740833818912506,6.2217488288879395,71.88888549804688,41.4804801940918,0.9771592617034912,10.536397933959961,0.0010864981450140476,27.979167938232422,46.123260498046875,0.6066173039382384,27.125,0.5880980594437301,13.16669750213623,1.084864616394043,0.53348708152771,0.53348708152771,0.0,0.16760721802711487,0.013193553313612938,0.0002860498839042641,0.3689950406551361,0.5429348349571228,10.785310745239258,48
15866,0.3713269829750061,0.5174875259399414,1.0000720024108887,1.7780094146728516,0.42212775349617004,0.00439453125,0.010493229143321514,2.3877925872802734,0.31978511810302734,13.858742713928223,1724.2467041015625,0.02823571488261223,0.15628430247306824,6.445065498352051,80.0,46.736324310302734,1.183706521987915,10.51582145690918,0.0013232661876827478,25.89583396911621,47.861732482910156,0.5410550897411038,25.041667938232422,0.5232085558528807,11.718587875366211,0.7783007621765137,0.6372008323669434,0.6372008323669434,0.0,0.2121938169002533,0.01239075418561697,0.0002588864535451665,0.41410303115844727,0.44771113991737366,9.749773025512695,48
15897,0.3387196958065033,0.48607203364372253,1.0000267028808594,2.27522873878479,0.36602237820625305,0.00439453125,0.010357532650232315,2.3569140434265137,0.2081037014722824,7.246069431304932,817.33984375,0.02823571488261223,0.24269817769527435,6.37656307220459,76.11111450195312,39.959869384765625,1.139849066734314,10.521453857421875,0.0012918601278215647,23.5625,23.43976593017578,1.005236146987878,22.5625,0.9625736049406471,6.937165260314941,0.7633554339408875,0.6134665012359619,0.6134665012359619,0.0,0.1909106969833374,0.002852472010999918,0.00012169370710783328,0.5642001628875732,0.4419213533401489,6.032717227935791,48
15932,0.29874977469444275,0.34868067502975464,1.0000510215759277,1.0584735870361328,0.5021189451217651,0.01220703125,0.010539527051150799,0.8633980751037598,0.1309557557106018,3.2596805095672607,334.4052429199219,0.06591325998306274,0.36895206570625305,7.100619316101074,72.08000183105469,42.34980773925781,1.2198721170425415,10.519640922546387,0.0014296956360340118,22.25,10.078374862670898,2.2076972012952583,21.666667938232422,2.149817625556379,3.0895447731018066,0.7132242918014526,0.5545573234558105,0.5545573234558105,0.0,0.18122191727161407,0.0008614069083705544,8.547081441735164e-05,0.324980229139328,0.4146953821182251,2.599414825439453,48
15974,0.3539300858974457,0.4889610707759857,1.0000498294830322,1.7963154315948486,0.386884868144989,0.00634765625,0.010131203569471836,1.596054196357727,0.17477411031723022,4.581541061401367,484.2720947265625,0.03844451159238815,0.2770666778087616,6.5076446533203125,76.30769348144531,50.78057861328125,1.4349828958511353,10.517106056213379,0.0013796145794913173,24.0,21.651714324951172,1.1084572624929805,23.14583396911621,1.0690069899801498,5.253020286560059,0.8623665571212769,0.6276547312736511,0.6276547312736511,0.0,0.3132314383983612,0.002925500739365816,0.00013511635587410927,0.5672142505645752,0.4322647154331207,4.484527587890625,48
16080,0.38574931025505066,0.5566173791885376,1.0000585317611694,1.967211127281189,0.31214243173599243,0.0078125,0.016537252813577652,2.1167683601379395,0.2755802869796753,8.030839920043945,533.7174682617188,0.04568839073181152,0.2967338562011719,6.551037788391113,60.4375,57.410743713378906,0.9731394648551941,10.592706680297852,0.0007845487562008202,23.729167938232422,47.702171325683594,0.4974441890967304,22.791667938232422,0.47779099567283473,8.213939666748047,0.8292802572250366,0.6898629069328308,0.6898629069328308,0.0,0.28576231002807617,0.011804122477769852,0.0002474546157386295,0.4854053556919098,0.7055893540382385,6.485588073730469,48
16103,0.4205450117588043,0.5096522569656372,1.0000251531600952,1.505784034729004,0.3678773045539856,0.01318359375,0.016112245619297028,1.2221436500549316,0.17809846997261047,3.199153423309326,182.75918579101562,0.07016520947217941,0.38868677616119385,7.03410530090332,77.59259033203125,36.47981262207031,0.8766578435897827,10.529010772705078,0.0011582272127270699,27.83333396911621,10.498964309692383,2.6510552014078774,26.854167938232422,2.557792094584358,3.3904528617858887,0.922472357749939,0.5156208276748657,0.5156208276748657,0.0,0.200680673122406,0.0010362176690250635,9.869713216202494e-05,0.44611477851867676,0.6128035187721252,2.7832508087158203,48
16164,0.3627963662147522,0.4132173955440521,1.0000250339508057,1.4403554201126099,0.3766024112701416,0.00244140625,0.002114668721333146,0.8661683201789856,0.058677271008491516,2.335207223892212,1271.001708984375,0.01712392456829548,0.15254086256027222,5.812039375305176,73.0,42.214073181152344,0.8712528347969055,10.544798851013184,0.001032985164783895,18.8125,8.141616821289062,2.3106589747262047,18.25,2.2415695037211023,2.396989345550537,0.9552892446517944,0.45530328154563904,0.45530328154563904,0.0,0.14443747699260712,0.00043466262286528945,5.338775231902792e-05,0.37469738721847534,0.09022586792707443,2.0628063678741455,48
16194,0.40247780084609985,0.5259804725646973,1.0000666379928589,1.278640627861023,0.493755042552948,0.01708984375,0.028592651709914207,1.6730785369873047,0.2849419414997101,6.224001407623291,236.2238006591797,0.08648617565631866,0.4276692569255829,7.362460136413574,77.68571472167969,53.615577697753906,1.467691421508789,10.517663955688477,0.001332990825176239,27.20833396911621,19.769882202148438,1.3762516982724815,26.375,1.3341000071205669,5.448151588439941,0.9532299041748047,0.6052514314651489,0.6052514314651489,0.0,0.20866428315639496,0.002090957947075367,0.00010576481562396409,0.35085606575012207,0.9099307060241699,4.532863616943359,48
16359,0.3353833854198456,0.3682093322277069,1.0000513792037964,1.4036974906921387,0.41568389534950256,0.00341796875,0.0023409915156662464,0.6849072575569153,0.0535280741751194,1.6888391971588135,805.2120361328125,0.02282176911830902,0.20458629727363586,6.341701507568359,89.57142639160156,41.767913818359375,1.0906922817230225,10.525680541992188,0.0012919479049742222,20.625,7.074662685394287,2.9153333364468654,19.916667938232422,2.8152109571525545,2.103532552719116,0.8852025270462036,0.49679112434387207,0.49679112434387207,0.0,0.18683862686157227,0.00033354380866512656,4.71462489486981e-05,0.37660130858421326,0.09988230466842651,1.6370320320129395,48
16420,0.4566505551338196,0.591002345085144,1.0000207424163818,1.556072473526001,0.3816140294075012,0.0048828125,0.007932446897029877,1.6245651245117188,0.15117081999778748,4.466277122497559,608.7975463867188,0.03085736557841301,0.2522004544734955,6.587392330169678,89.30000305175781,54.678192138671875,1.2266833782196045,10.511934280395508,0.001191418617963791,25.625,20.28667449951172,1.2631444344407126,24.70833396911621,1.2179588112152797,4.812886714935303,0.889455258846283,0.5890964865684509,0.5895519256591797,0.02083333395421505,0.19481633603572845,0.0023446152918040752,0.00011557415636085482,0.3635685443878174,0.3384510576725006,4.165510654449463,48
16830,0.48499441146850586,0.5804621577262878,1.0000308752059937,1.6603525876998901,0.3363713026046753,0.00732421875,0.01575283519923687,2.150787115097046,0.2616894841194153,8.807701110839844,714.3887939453125,0.0433073565363884,0.3021852672100067,6.604099750518799,69.33333587646484,49.24491500854492,1.0605257749557495,10.501625061035156,0.0011361204087734222,27.875,28.04836654663086,0.9938190141561069,26.77083396911621,0.9544525138412158,7.171037197113037,1.1168038845062256,0.6024680733680725,0.6024680733680725,0.0,0.1480587124824524,0.004949253052473068,0.0001764542345979511,0.31607335805892944,0.672120988368988,6.008198261260986,48
16889,0.43579503893852234,0.8278728127479553,1.0000474452972412,4.163583278656006,0.26044702529907227,0.00244140625,0.12715266644954681,52.08173370361328,2.796441078186035,67.04021453857422,514.2491455078125,0.01712392456829548,0.19429971277713776,5.240053653717041,45.599998474121094,44.01783752441406,1.2082328796386719,10.497841835021973,0.0014660883462056518,27.75,386.1197204589844,0.07186890109185463,26.70833396911621,0.06917112116593277,90.20997619628906,0.860273540019989,0.7441192865371704,0.7441192865371704,0.0,0.23967473208904266,0.8877253532409668,0.002299093535452496,0.31582656502723694,5.425180435180664,66.92951202392578,48
16970,0.41051027178764343,0.5832948088645935,1.0000274181365967,2.961000680923462,0.34634649753570557,0.00244140625,0.015970870852470398,6.541668891906738,0.5248913168907166,21.341285705566406,1403.97705078125,0.01712392456829548,0.10008858889341354,5.769690990447998,75.80000305175781,34.76823806762695,1.1884220838546753,10.517242431640625,0.0013959985226392746,26.291667938232422,72.9046401977539,0.3606309264171655,25.1875,0.34548555384436475,22.268142700195312,0.9020628929138184,0.582668662071228,0.582668662071228,0.0,0.21466736495494843,0.026426440104842186,0.000362479535315388,0.43081963062286377,0.6814237236976624,19.155550003051758,48
17145,0.40149274468421936,0.5154016017913818,1.0000455379486084,1.6123777627944946,0.35900765657424927,0.00537109375,0.008952351287007332,1.6667650938034058,0.1927422732114792,6.661414623260498,863.0986328125,0.03342986851930618,0.2321627289056778,6.588727951049805,86.54545593261719,36.10369873046875,1.096809983253479,10.519479751586914,0.0014262538170441985,27.08333396911621,20.392227172851562,1.3281204513007485,25.875,1.2688658167637061,6.476475715637207,1.0982967615127563,0.579380989074707,0.579380989074707,0.0,0.22023282945156097,0.002172281965613365,0.00010652499828170326,0.388721227645874,0.3819669783115387,5.610241889953613,48
17206,0.3539160192012787,0.5568276047706604,1.0000559091567993,1.0791383981704712,0.5596504211425781,0.01171875,0.007071572355926037,0.6034408211708069,0.08334363251924515,1.6764113903045654,236.31651306152344,0.0637580007314682,0.37579628825187683,7.092868804931641,74.79166412353516,35.87078094482422,0.8579453229904175,10.536155700683594,0.0011311767157167196,18.02083396911621,5.541795253753662,3.2518043542644404,17.375,3.1352655904922897,1.7417129278182983,0.8679274320602417,0.5578778982162476,0.5578778982162476,0.0,0.22782538831233978,0.00020772515563294291,3.7483368790539373e-05,0.42535462975502014,0.2756871283054352,1.5563702583312988,48
17224,0.3523820638656616,0.4677439033985138,1.0000109672546387,2.2171413898468018,0.3687155842781067,0.0048828125,0.007869711145758629,1.611716866493225,0.21803326904773712,9.340575218200684,1647.239013671875,0.03085736557841301,0.18436908721923828,6.175164222717285,68.5,38.16144943237305,1.1105543375015259,10.532083511352539,0.0014097471721470356,26.5625,24.436153411865234,1.0870164195413887,25.45833396911621,1.0418306649824984,7.298245906829834,0.948674201965332,0.5528334379196167,0.5528334379196167,0.0,0.17179469764232635,0.004066272638738155,0.00016640395763351583,0.3463815152645111,0.335774302482605,6.269413948059082,48
17235,0.32266634702682495,0.43840286135673523,1.0000187158584595,1.038087248802185,0.5565271377563477,0.02197265625,0.03335510194301605,1.5180277824401855,0.29672279953956604,4.915378093719482,132.91078186035156,0.1056201159954071,0.4478341042995453,7.5328168869018555,74.62222290039062,43.638458251953125,1.33316969871521,10.51683235168457,0.001629479113034904,22.916667938232422,17.059768676757812,1.3433164516480736,22.08333396911621,1.2944685461214844,4.75377893447876,0.691260814666748,0.5249142646789551,0.5249142646789551,0.0,0.15445300936698914,0.0022510504350066185,0.00013195081811126407,0.3705376088619232,1.0139397382736206,4.047516345977783,48
17278,0.2714807987213135,0.37954097986221313,1.0000488758087158,1.3917754888534546,0.5430737733840942,0.00390625,0.0037318419199436903,0.9553515315055847,0.0910404622554779,3.405085563659668,1085.7772216796875,0.02555946074426174,0.19996234774589539,6.268523693084717,79.5,34.86833572387695,0.7702885866165161,10.529104232788086,0.0011635515838861465,22.875,9.606154441833496,2.3812858844502465,21.95833396911621,2.2858610153748975,3.301039457321167,0.5576054453849792,0.5503197908401489,0.5503197908401489,0.0,0.16822537779808044,0.0007400062750093639,7.703460096543849e-05,0.3261012136936188,0.1592252552509308,2.943568706512451,48
17315,0.31520527601242065,0.5116783976554871,1.000061273574829,1.0620352029800415,0.5421617031097412,0.00341796875,0.005907849874347448,1.7284680604934692,0.12298794090747833,3.344203472137451,550.1898803710938,0.02282176911830902,0.21659468114376068,6.127206802368164,76.71428680419922,39.02845001220703,1.0330313444137573,10.530311584472656,0.0012422672007232904,19.70833396911621,12.925203323364258,1.5247987564143328,19.02083396911621,1.4716081038367186,3.7343497276306152,0.5683250427246094,0.577566921710968,0.577566921710968,0.0,0.15170831978321075,0.0009891409426927567,7.652807597536621e-05,0.39210426807403564,0.25206825137138367,3.2420079708099365,48
17459,0.38030558824539185,0.4850652515888214,1.0000591278076172,1.791630744934082,0.40611186623573303,0.00439453125,0.011671137064695358,2.655832052230835,0.2773211896419525,9.484515190124512,947.2000732421875,0.02823571488261223,0.20850004255771637,6.094788074493408,67.11111450195312,35.111541748046875,0.9555670022964478,10.530624389648438,0.0012089884839951992,28.08333396911621,29.158447265625,0.9631285816989462,27.14583396911621,0.9309766638983128,9.71994400024414,1.116858959197998,0.5574468970298767,0.5574468970298767,0.0,0.20609161257743835,0.006150542758405209,0.00021093519487736076,0.36159422993659973,0.49796852469444275,8.753589630126953,48
17575,0.2761121392250061,0.34717750549316406,1.0000357627868652,1.6151061058044434,0.5491641759872437,0.00439453125,0.018849484622478485,4.289304733276367,0.35855260491371155,12.033520698547363,727.490966796875,0.02823571488261223,0.25164923071861267,6.424121856689453,85.77777862548828,36.827335357666016,0.8392245769500732,10.533525466918945,0.0011378675699234009,27.541667938232422,36.2694091796875,0.7593635670818525,26.416667938232422,0.7283456920975566,11.163497924804688,0.4867972135543823,0.6514390707015991,0.6514390707015991,0.0,0.21464967727661133,0.008430867455899715,0.00023245119356112557,0.43297645449638367,0.8042446970939636,10.200162887573242,48
17725,0.29905956983566284,0.3616841733455658,1.0000414848327637,1.0317363739013672,0.5402635931968689,0.0068359375,0.004118284676223993,0.6024461984634399,0.06884191930294037,2.106456756591797,554.3282470703125,0.04089350998401642,0.29028257727622986,6.715236186981201,80.28571319580078,44.40248489379883,1.0549343824386597,10.520631790161133,0.0011938224779441953,17.729167938232422,6.819798469543457,2.5996615576563604,17.1875,2.5202357593930835,1.8873887062072754,0.7189469337463379,0.5803357362747192,0.5803357362747192,0.0,0.19261445105075836,0.00025638064835220575,3.75935812650829e-05,0.39340123534202576,0.17571349442005157,1.611360788345337,48
17891,0.3297484815120697,0.4266631603240967,1.0000602006912231,1.198523998260498,0.4670168161392212,0.01025390625,0.010591511614620686,1.0329245328903198,0.14063489437103271,3.5185649394989014,323.7978210449219,0.057165034115314484,0.34733515977859497,7.054907321929932,88.9047622680664,35.400291442871094,0.8154522180557251,10.536466598510742,0.0011377366026863456,22.0625,9.724771499633789,2.268690835372729,21.27083396911621,2.1872836753073717,3.0347728729248047,0.6337930560112,0.5250535011291504,0.5250535011291504,0.0,0.17180971801280975,0.0008281030459329486,8.515398486356137e-05,0.42029479146003723,0.43694207072257996,2.5169613361358643,48
17942,0.35310932993888855,0.4099460244178772,1.0000451803207397,1.8143508434295654,0.4428524076938629,0.0029296875,0.005160138010978699,1.7613271474838257,0.10531677305698395,2.500906229019165,438.8805236816406,0.020013848319649696,0.21097062528133392,6.093316078186035,83.0,36.92729568481445,0.8534882664680481,10.529181480407715,0.0011258013546466827,19.25,8.591469764709473,2.240594508830819,18.416667938232422,2.1435992235513854,2.6723461151123047,0.5889001488685608,0.5743634104728699,0.5743634104728699,0.0,0.20596033334732056,0.00040862790774554014,4.756204915582773e-05,0.44935524463653564,0.2201658934354782,2.4645779132843018,48
18233,0.2805689871311188,0.3299405872821808,1.0000330209732056,1.5210318565368652,0.4641377329826355,0.00244140625,0.0016120707150548697,0.6603041887283325,0.03455530107021332,1.0115840435028076,573.6489868164062,0.01712392456829548,0.2026866227388382,5.702258110046387,74.4000015258789,40.459957122802734,1.1687710285186768,10.52617073059082,0.0012619863264262676,9.354166984558105,3.694089651107788,2.532198144252126,9.041666984558105,2.447603554334596,1.0686777830123901,0.7597585916519165,0.6173468232154846,0.6173468232154846,0.0,0.19161733984947205,5.169494397705421e-05,1.3993960276955451e-05,0.4369678795337677,0.06878168135881424,0.9633389711380005,48
18246,0.4820046126842499,0.6909528374671936,1.0000425577163696,2.0827620029449463,0.32083287835121155,0.005859375,0.02359795570373535,4.027384281158447,0.42898717522621155,11.98399543762207,510.2567138671875,0.03595767915248871,0.2625657916069031,6.2048540115356445,71.5,36.525611877441406,0.8937206268310547,10.510721206665039,0.0012398130493238568,29.625,44.47820281982422,0.6660565876131889,28.58333396911621,0.6426368906692891,13.281864166259766,0.9373209476470947,0.5449850559234619,0.5449850559234619,0.0,0.19179360568523407,0.014755654148757458,0.00033175023292225436,0.3668212890625,1.0068461894989014,10.782567977905273,48
18282,0.310122013092041,0.36747199296951294,1.0000638961791992,1.834073781967163,0.40794283151626587,0.00244140625,0.0033994722180068493,1.3924238681793213,0.10335933417081833,4.239379405975342,1421.2718505859375,0.01712392456829548,0.1268010437488556,5.785219192504883,74.80000305175781,37.13096618652344,0.7707652449607849,10.535228729248047,0.0010729997884482145,22.104167938232422,13.358321189880371,1.6547115170752424,21.27083396911621,1.5923283810024496,4.13946533203125,0.9013344645500183,0.5631866455078125,0.5631866455078125,0.0,0.22747105360031128,0.0007971054874360561,5.967108257908894e-05,0.4003511369228363,0.14504414796829224,3.748629093170166,48
18305,0.48415374755859375,0.6018937230110168,1.0000650882720947,2.126664638519287,0.28451821208000183,0.00439453125,0.00572447944432497,1.3026371002197266,0.11716043949127197,3.5360374450683594,668.7091674804688,0.02823571488261223,0.23540224134922028,5.994210720062256,58.77777862548828,48.01668930053711,0.8966807126998901,10.564735412597656,0.000925679923966527,26.02083396911621,15.067035675048828,1.727004203948156,25.20833396911621,1.6730785335652119,4.103898048400879,1.220403790473938,0.6208693981170654,0.625484824180603,0.02083333395421505,0.19690082967281342,0.0017747553065419197,0.00011779060882579758,0.3479349911212921,0.24424445629119873,3.319491386413574,48
18357,0.45893940329551697,0.6089307069778442,1.000002384185791,1.5194981098175049,0.43381303548812866,0.00732421875,0.013280803337693214,1.8132723569869995,0.23519766330718994,8.002246856689453,747.0519409179688,0.0433073565363884,0.28669288754463196,6.751482963562012,80.26667022705078,35.01387405395508,1.5200927257537842,10.530656814575195,0.0017917642835527658,23.875,21.965953826904297,1.086909322366342,23.14583396911621,1.0537140404178413,7.0495147705078125,0.5821306705474854,0.5370190143585205,0.5370190143585205,0.0,0.18267342448234558,0.004640071652829647,0.00021123925176579452,0.4321843087673187,0.5666475296020508,5.591046333312988,48
18410,0.29713818430900574,0.4279436469078064,1.0000065565109253,1.1830675601959229,0.5818470120429993,0.005859375,0.00396196311339736,0.676175057888031,0.06933875381946564,1.9576729536056519,529.1383056640625,0.03595767915248871,0.2743571698665619,6.578951835632324,75.33333587646484,40.29958724975586,1.1364058256149292,10.521160125732422,0.0014092512428760529,14.208333969116211,7.662057876586914,1.8543757015969706,13.791666984558105,1.7999951434328882,2.066413402557373,0.4811006784439087,0.5568710565567017,0.5568710565567017,0.0,0.15520992875099182,0.00045923268771730363,5.9935945997123e-05,0.4335131347179413,0.16904376447200775,1.8140270709991455,48
18520,0.40586063265800476,0.5981817841529846,1.0000357627868652,1.8279051780700684,0.37151992321014404,0.00390625,0.007359103299677372,1.8839304447174072,0.14065659046173096,3.882329225540161,500.1778869628906,0.02555946074426174,0.23944604396820068,6.348466396331787,89.75,45.283206939697266,1.1694704294204712,10.536434173583984,0.0012337412917986512,27.875,15.175639152526855,1.836825434597287,26.8125,1.7668119090633096,4.2586870193481445,1.1452418565750122,0.6238282918930054,0.6238282918930054,0.0,0.18804235756397247,0.0011922803241759539,7.856541074856648e-05,0.3285694420337677,0.31398841738700867,3.667921304702759,48
18525,0.3994666039943695,0.5367050766944885,1.0000373125076294,1.768606185913086,0.3694479465484619,0.009765625,0.044071294367313385,4.512900352478027,0.6623485088348389,18.922842025756836,486.12530517578125,0.05492175742983818,0.32748109102249146,6.561173439025879,55.75,48.497074127197266,0.931455135345459,10.529930114746094,0.0010518422350287437,26.479167938232422,69.79700469970703,0.3793739867256772,25.27083396911621,0.36206186890426356,16.498390197753906,0.8695087432861328,0.5326361656188965,0.5326361656188965,0.0,0.207321897149086,0.033752113580703735,0.00048357538724021573,0.42500069737434387,1.834393858909607,13.142175674438477,48
18599,0.35581615567207336,0.647075891494751,1.0000334978103638,2.050575017929077,0.3685673177242279,0.00732421875,0.058140117675065994,7.938064098358154,0.7717408537864685,15.45228099822998,256.8898620605469,0.0433073565363884,0.33363258838653564,6.535345077514648,69.46666717529297,43.012020111083984,1.4546847343444824,10.50056266784668,0.001810682937502861,24.479167938232422,61.40400314331055,0.39865752526124426,23.52083396911621,0.3830504977076255,17.836483001708984,0.775044322013855,0.6009356379508972,0.6009356379508972,0.0,0.20353882014751434,0.01828748732805252,0.000297822395754772,0.35328805446624756,2.480644941329956,15.203989028930664,48
18712,0.3558107018470764,0.44621706008911133,1.0000308752059937,2.078669309616089,0.39205124974250793,0.00341796875,0.004903665278106928,1.4346723556518555,0.10280955582857132,3.2277557849884033,610.7249145507812,0.02282176911830902,0.21234527230262756,6.128602981567383,78.85713958740234,40.57466506958008,0.9218577742576599,10.541601181030273,0.0011919955722987652,22.479167938232422,10.123037338256836,2.220595179578517,21.75,2.1485646305301143,3.2505462169647217,0.993812084197998,0.5700586438179016,0.5700586438179016,0.0,0.25164419412612915,0.0006620667409151793,6.540198540600916e-05,0.41007792949676514,0.20922304689884186,2.8267574310302734,48
18782,0.3881163001060486,0.5010685920715332,1.0000542402267456,1.475083827972412,0.387432336807251,0.0078125,0.014712661504745483,1.8832206726074219,0.22367918491363525,6.471983432769775,463.34722900390625,0.04568839073181152,0.312923401594162,6.6103515625,73.625,38.073997497558594,0.9028002023696899,10.527473449707031,0.0012675540056079626,28.9375,19.067394256591797,1.517643134421452,27.916667938232422,1.4641050343803683,5.658482551574707,0.7520563006401062,0.5726588368415833,0.5726588368415833,0.0,0.21744784712791443,0.0028806179761886597,0.00015107559721654382,0.38407662510871887,0.627740204334259,4.819663047790527,48
18905,0.38768693804740906,0.47435352206230164,1.0000462532043457,1.7551939487457275,0.356203556060791,0.00634765625,0.01003585010766983,1.581032395362854,0.19268566370010376,6.824460983276367,836.5205078125,0.03844451159238815,0.2612707018852234,6.508820533752441,80.38461303710938,47.24327087402344,1.0421111583709717,10.538955688476562,0.0010919906198978424,25.875,18.973148345947266,1.363769444826446,25.041667938232422,1.3198477905952248,5.6703386306762695,0.8940132856369019,0.6186494827270508,0.6186494827270508,0.0,0.17192767560482025,0.002469572238624096,0.00013016143616723428,0.31820130348205566,0.4281962811946869,4.5556464195251465,48
19049,0.3665550947189331,0.4530249238014221,1.000068187713623,1.2081708908081055,0.4377475380897522,0.00341796875,0.0028426810167729855,0.8316872715950012,0.06040100008249283,2.085050106048584,799.4948120117188,0.02282176911830902,0.22008955478668213,6.189660549163818,81.42857360839844,32.914878845214844,1.106819748878479,10.51530647277832,0.0016333187231794,19.625,6.0336198806762695,3.2526079460733746,18.791667938232422,3.1144931697257094,2.0090365409851074,0.8200836181640625,0.5363194942474365,0.5363194942474365,0.0,0.1731228232383728,0.0002645825152285397,4.3851372811435813e-05,0.33622056245803833,0.12128772586584091,1.8273791074752808,48
19065,0.3275885283946991,0.40567901730537415,1.0000616312026978,1.5822947025299072,0.42677879333496094,0.00634765625,0.005453851073980331,0.8591912984848022,0.09343300759792328,3.0584895610809326,636.3244018554688,0.03844451159238815,0.2825523912906647,6.264569282531738,66.30769348144531,38.446842193603516,0.8090266585350037,10.5472412109375,0.0010826366487890482,22.1875,7.060155391693115,3.1426362080754138,21.625,3.0629637408284314,2.3051328659057617,0.923531711101532,0.5455712676048279,0.5455712676048279,0.0,0.20310910046100616,0.0003230729780625552,4.576003780102038e-05,0.4846082925796509,0.23269765079021454,2.0974676609039307,48
19105,0.39454585313796997,0.5054543018341064,1.0000269412994385,1.508573055267334,0.4168189764022827,0.00390625,0.003551148809492588,0.9090940952301025,0.07882078737020493,2.953521251678467,1021.72265625,0.02555946074426174,0.2170945256948471,6.238584518432617,74.0,44.13241195678711,0.8936266899108887,10.528009414672852,0.0010937015758827329,21.02083396911621,9.193740844726562,2.2864288107826383,20.45833396911621,2.2252458811255753,2.635383129119873,1.042814016342163,0.5953280329704285,0.5953280329704285,0.0,0.2817288637161255,0.000461694726254791,5.0218375039082234e-05,0.42887362837791443,0.15151569247245789,2.419437885284424,48
19170,0.38926103711128235,0.6483393311500549,1.0000427961349487,2.5377378463745117,0.3370622396469116,0.00390625,0.013116538524627686,3.3578338623046875,0.3730389475822449,15.329014778137207,1419.056884765625,0.02555946074426174,0.15261860191822052,5.969791412353516,68.625,37.88308334350586,0.8437538146972656,10.527873039245605,0.0011417160276323557,27.02083396911621,42.725486755371094,0.6324289321149766,26.0,0.6085360745631794,13.89405345916748,1.0106384754180908,0.5648971796035767,0.5648971796035767,0.0,0.20771007239818573,0.009408650919795036,0.00022021167298720456,0.40725401043891907,0.5596389770507812,12.003485679626465,48
19229,0.4194554388523102,0.5595345497131348,1.0000442266464233,1.6721101999282837,0.3275129497051239,0.009765625,0.014808361418545246,1.516376256942749,0.18902917206287384,4.048750400543213,250.6504364013672,0.05492175742983818,0.3505529463291168,6.710262298583984,69.80000305175781,49.12567901611328,1.373745083808899,10.52813720703125,0.0013527991250157356,26.25,15.494117736816406,1.694191333055644,25.27083396911621,1.6309953481738988,4.179654121398926,1.2083762884140015,0.5879141092300415,0.5879141092300415,0.0,0.20779691636562347,0.001354439533315599,8.741637022823691e-05,0.3313215672969818,0.620445191860199,3.465719699859619,48
19299,0.5192537903785706,0.7148351669311523,1.0000368356704712,1.9449058771133423,0.33026304841041565,0.0029296875,0.0040674963966012,1.3883720636367798,0.09326810389757156,2.6734440326690674,643.3510131835938,0.020013848319649696,0.19128106534481049,5.666502952575684,59.5,41.675716400146484,1.4432061910629272,10.494758605957031,0.0016919865738600492,22.104167938232422,10.321863174438477,2.1414901111610614,21.33333396911621,2.0668103798623223,3.025360584259033,1.1480672359466553,0.5152621269226074,0.5152621269226074,0.0,0.19118715822696686,0.0006541104521602392,6.337135461613112e-05,0.37663641571998596,0.17354650795459747,2.6055471897125244,48
19375,0.350411981344223,0.4331624209880829,1.0000311136245728,1.6755809783935547,0.39188331365585327,0.00341796875,0.011873099021613598,3.4737296104431152,0.3073102533817291,12.709393501281738,1441.8756103515625,0.02282176911830902,0.1896751970052719,6.060805320739746,73.42857360839844,43.05665588378906,1.2802276611328125,10.516070365905762,0.0014350919518619776,25.39583396911621,39.41749954223633,0.644278157102824,24.604167938232422,0.624194031019822,11.887721061706543,0.7806827425956726,0.5653989315032959,0.5653989315032959,0.0,0.17125768959522247,0.009309484623372555,0.00023617643760065411,0.3713236451148987,0.5065855383872986,10.084077835083008,48
19451,0.43155142664909363,0.5273280143737793,1.0000828504562378,1.60127854347229,0.42806464433670044,0.013671875,0.045380380004644394,3.3192505836486816,0.5951254963874817,14.612717628479004,335.6554260253906,0.07226333767175674,0.360764741897583,7.120965003967285,74.39286041259766,48.3922233581543,1.4718796014785767,10.50202751159668,0.0015006292378529906,26.854167938232422,42.936309814453125,0.625441917296265,26.0625,0.6070037249721182,12.702692985534668,0.8716897964477539,0.5618623495101929,0.5618623495101929,0.0,0.18791067600250244,0.013176488690078259,0.0003068845167167574,0.3459879755973816,1.7934099435806274,11.036294937133789,48
19527,0.28997135162353516,0.3963603973388672,1.0000470876693726,1.6940710544586182,0.45431458950042725,0.00634765625,0.017412444576621056,2.7431297302246094,0.28416502475738525,9.329636573791504,645.8056030273438,0.03844451159238815,0.29833555221557617,6.500985145568848,72.0,43.309295654296875,1.0354615449905396,10.537504196166992,0.0011240532621741295,27.6875,23.187599182128906,1.1940649728583628,26.9375,1.1617200977470754,7.291975021362305,0.7714852094650269,0.6158186793327332,0.6158186793327332,0.0,0.2085665613412857,0.002984723774716258,0.0001287206903131839,0.31833896040916443,0.7429309487342834,6.569032669067383,48
19655,0.45983704924583435,0.6115385890007019,1.000020146369934,2.045545816421509,0.37248164415359497,0.0029296875,0.010020243003964424,3.42024302482605,0.3521174490451813,15.555274963378906,1857.2529296875,0.020013848319649696,0.10420029610395432,5.965873718261719,78.0,39.1628532409668,1.5484939813613892,10.529302597045898,0.0014079752145335078,28.291667938232422,47.67442321777344,0.5934349284744087,27.27083396911621,0.5720223155889002,14.900156021118164,0.9786819815635681,0.5770876407623291,0.5770876407623291,0.0,0.22050029039382935,0.013936447910964489,0.00029232546441895085,0.4399709105491638,0.4275303781032562,12.490806579589844,48
19869,0.3108613193035126,0.5048006176948547,1.0000427961349487,1.2794138193130493,0.48701727390289307,0.0029296875,0.004690519534051418,1.601030707359314,0.10209975391626358,3.2288007736206055,649.0007934570312,0.020013848319649696,0.2037767767906189,5.866590976715088,67.83333587646484,38.79758834838867,0.8291323781013489,10.53742504119873,0.001087360316887498,20.08333396911621,11.535861015319824,1.7409479816925424,19.27083396911621,1.6705154410944316,3.465468168258667,0.6434900760650635,0.5211492776870728,0.5211492776870728,0.0,0.2641204297542572,0.000779892725404352,6.760593974672384e-05,0.4506269693374634,0.20012883841991425,2.9180703163146973,48
19880,0.39890241622924805,0.5332602858543396,1.000054121017456,1.9042208194732666,0.33536413311958313,0.00390625,0.01030245702713728,2.6374289989471436,0.19808337092399597,5.800624370574951,576.1157836914062,0.02555946074426174,0.23967841267585754,6.246598243713379,76.375,35.83031463623047,0.8357605338096619,10.532505989074707,0.0011850933078676462,23.916667938232422,20.109722137451172,1.1893087215659897,23.0,1.1437253996527823,6.299689292907715,1.0058181285858154,0.5600401163101196,0.5600401163101196,0.0,0.21022748947143555,0.002873291727155447,0.00014288072734608247,0.39349180459976196,0.43957147002220154,5.490174770355225,48
19982,0.3783124089241028,0.5610143542289734,1.000072717666626,2.0240585803985596,0.36676767468452454,0.0107421875,0.022186456248164177,2.0653574466705322,0.2947610020637512,6.715149402618408,327.767578125,0.05938481166958809,0.3514679968357086,6.684710502624512,60.6363639831543,41.830047607421875,0.7550026178359985,10.561126708984375,0.0009156990563496947,25.854167938232422,24.405790328979492,1.0593456544179054,24.604167938232422,1.0081283005589083,6.972711563110352,1.1628509759902954,0.5613113641738892,0.5613113641738892,0.0,0.1794150173664093,0.0034365965984761715,0.00014081070724382327,0.3088923692703247,0.9035783410072327,6.189765930175781,48
20016,0.4006976783275604,0.46607011556625366,1.0000345706939697,0.9165269732475281,0.5934564471244812,0.00927734375,0.007102169096469879,0.7655390501022339,0.10314066708087921,2.5978331565856934,399.56121826171875,0.05265381559729576,0.326999306678772,6.889854907989502,100.0526351928711,34.01728439331055,0.6788682341575623,10.532041549682617,0.0010717150289565325,23.791667938232422,9.873821258544922,2.409570448072181,22.9375,2.323062102923829,2.9995484352111816,0.6893391013145447,0.4464084804058075,0.4464084804058075,0.0,0.17418883740901947,0.000837827508803457,8.48534205771506e-05,0.42595797777175903,0.30050256848335266,2.356393337249756,48
20068,0.3024733364582062,0.37043535709381104,1.0000344514846802,1.6430025100708008,0.5045934319496155,0.00341796875,0.0023308871313929558,0.6819509863853455,0.043612170964479446,1.0775668621063232,419.405029296875,0.02282176911830902,0.23921769857406616,6.0353569984436035,63.57142639160156,36.58128356933594,1.2213643789291382,10.531756401062012,0.0012523280456662178,5.020833492279053,3.4467484951019287,1.4566869282302262,4.645833492279053,1.3478887378647502,1.109505534172058,0.40963324904441833,0.5689868330955505,0.5689868330955505,0.0,0.25531041622161865,6.288808799581602e-05,1.8245627118638952e-05,0.45029136538505554,0.09945118427276611,1.0259199142456055,48
20111,0.3568819463253021,0.5546004176139832,1.0000288486480713,2.232802152633667,0.34523046016693115,0.00537109375,0.018234578892588615,3.394947052001953,0.4479142129421234,17.211318969726562,1133.2783203125,0.03342986851930618,0.1962524652481079,6.363250732421875,68.18181610107422,46.869544982910156,1.599501132965088,10.540843963623047,0.0015313891926780343,25.625,48.892295837402344,0.5241112031224334,24.75,0.5062147230158138,14.775779724121094,0.9399209022521973,0.6028650999069214,0.6028650999069214,0.0,0.20319491624832153,0.011361218057572842,0.00023237235766208073,0.35481876134872437,0.7780086994171143,12.899595260620117,48
20115,0.31269875168800354,0.385978639125824,1.0000404119491577,1.322993516921997,0.41347000002861023,0.00634765625,0.00395189831033349,0.6225759983062744,0.07035458832979202,2.502453088760376,840.34326171875,0.03844451159238815,0.2841588258743286,6.807239532470703,95.46154022216797,39.024696350097656,0.8350946307182312,10.533219337463379,0.0010672417702153325,19.5625,6.585561752319336,2.9705134817702143,18.8125,2.856627980871676,2.0771560668945312,0.8511731624603271,0.5275363326072693,0.5275363326072693,0.0,0.1433294713497162,0.00027674829470925033,4.20234908877058e-05,0.3719138503074646,0.16861432790756226,1.7455849647521973,48
20137,0.4168604016304016,0.5818608403205872,1.0000158548355103,2.034219741821289,0.36782050132751465,0.005859375,0.021029043942689896,3.588956832885742,0.3702433407306671,10.380526542663574,502.141845703125,0.03595767915248871,0.269102543592453,6.424763202667236,76.33333587646484,34.68794250488281,0.8003354668617249,10.536704063415527,0.0011677683796733618,30.6875,34.22515106201172,0.8966359253004232,29.8125,0.8710699315036698,10.862380981445312,1.1539199352264404,0.4997172951698303,0.5022293329238892,0.0416666679084301,0.20806722342967987,0.008770249783992767,0.00025625160179832806,0.3615770936012268,0.8972393870353699,9.502063751220703,48
20147,0.39531195163726807,0.5122825503349304,1.000074863433838,1.8580378293991089,0.4215286374092102,0.00341796875,0.009671456180512905,2.829591751098633,0.1998216211795807,5.293306827545166,553.5795288085938,0.02282176911830902,0.2185671180486679,6.016835689544678,68.42857360839844,34.4233283996582,1.0274797677993774,10.53144645690918,0.0013080844655632973,24.479167938232422,17.779510498046875,1.3768190033776988,23.729167938232422,1.3346356148271221,5.560797691345215,1.0270535945892334,0.5810608267784119,0.5810608267784119,0.0,0.2064422369003296,0.002229588106274605,0.00012540210852630108,0.3715499937534332,0.4126487970352173,5.278984069824219,48
20187,0.32509860396385193,0.41978681087493896,1.0000371932983398,1.086177945137024,0.5581775903701782,0.01416015625,0.008754141628742218,0.6182235479354858,0.11146243661642075,2.636636734008789,312.76483154296875,0.07434378564357758,0.36368265748023987,7.411125659942627,86.06896209716797,35.16856002807617,0.8013144135475159,10.522382736206055,0.001197898993268609,17.354167938232422,6.705385208129883,2.5880941025297965,16.541667938232422,2.466922838900799,2.18904447555542,0.6260215044021606,0.5784157514572144,0.5784157514572144,0.0,0.14526589214801788,0.0002594430698081851,3.869174721039267e-05,0.3127681016921997,0.35195088386535645,2.1081702709198,48
20224,0.36929360032081604,0.5500040650367737,1.0000536441802979,3.0515336990356445,0.3837069571018219,0.00244140625,0.006502663251012564,2.6634907722473145,0.19454562664031982,8.13418960571289,1511.8037109375,0.01712392456829548,0.1395479291677475,5.597001075744629,61.400001525878906,36.757442474365234,0.8604942560195923,10.521244049072266,0.0012041887966915965,26.541667938232422,24.723461151123047,1.0735417571698438,25.479167938232422,1.0305663827643075,8.013607025146484,0.9416226148605347,0.6118937730789185,0.6118937730789185,0.0,0.24238665401935577,0.0034144497476518154,0.0001381056529828009,0.44806843996047974,0.277446985244751,7.08260440826416,48
20287,0.4501095712184906,0.7025980949401855,1.0000557899475098,2.084146022796631,0.4295330047607422,0.0029296875,0.0031473312992602587,1.074289083480835,0.07992082834243774,3.116684675216675,1183.3421630859375,0.020013848319649696,0.17758333683013916,6.169172286987305,86.66666412353516,34.29444885253906,1.0927867889404297,10.513394355773926,0.0016110290307551622,16.33333396911621,8.576150894165039,1.9045063632431964,15.833333969116211,1.8462051503112769,2.9575061798095703,0.5079295635223389,0.5692605376243591,0.5692605376243591,0.0,0.3117454946041107,0.0003628568956628442,4.230999427570956e-05,0.49349841475486755,0.13428613543510437,2.6979541778564453,48
20293,0.35202908515930176,0.4535773694515228,1.0000298023223877,1.5185922384262085,0.35965055227279663,0.00390625,0.0038774958811700344,0.9926389455795288,0.07764394581317902,2.4765217304229736,737.3215942382812,0.02555946074426174,0.2402760237455368,6.148029327392578,69.0,41.454681396484375,1.228319764137268,10.525276184082031,0.0013680835254490376,19.791667938232422,9.948678970336914,1.9893764767513054,18.9375,1.9035190538793199,2.6413779258728027,0.8663653135299683,0.5682458281517029,0.5682458281517029,0.0,0.16497156023979187,0.0004106340347789228,4.127523217811342e-05,0.39242225885391235,0.16543982923030853,2.3186776638031006,48
20378,0.3167007863521576,0.3910461664199829,1.0000585317611694,2.5470428466796875,0.31938794255256653,0.00537109375,0.016950657591223717,3.1559042930603027,0.25998401641845703,7.846441745758057,477.83245849609375,0.03342986851930618,0.3000752329826355,6.095232009887695,64.81818389892578,39.750526428222656,1.1387531757354736,10.514127731323242,0.0012717322679236531,25.979167938232422,21.924673080444336,1.184928406050223,24.89583396911621,1.1355167699155717,7.013115882873535,0.9324707388877869,0.5456711649894714,0.5456711649894714,0.0,0.16541042923927307,0.0026315811555832624,0.00012002829619066075,0.3436322510242462,0.7232280373573303,5.921954154968262,48
20480,0.3640406131744385,0.4579407274723053,1.000043511390686,2.2869327068328857,0.38984331488609314,0.00244140625,0.005373047199100256,2.2008001804351807,0.13322897255420685,4.785260200500488,947.7392578125,0.01712392456829548,0.177337646484375,5.822588920593262,80.5999984741211,49.0615234375,1.0094094276428223,10.554492950439453,0.0010288992198184133,26.875,16.879409790039062,1.592176522661225,25.83333396911621,1.530464292007202,5.17411994934082,1.008819341659546,0.6656981706619263,0.6656981706619263,0.0,0.2616880536079407,0.0012317108921706676,7.297120614773018e-05,0.33179032802581787,0.2292500138282776,4.419628143310547,48
20550,0.35558754205703735,0.47908082604408264,1.0000330209732056,2.087414503097534,0.3550677001476288,0.0029296875,0.010093310847878456,3.445183515548706,0.2989077866077423,12.181451797485352,1404.0655517578125,0.020013848319649696,0.14488904178142548,5.955059051513672,72.33333587646484,40.742549896240234,0.9371745586395264,10.518648147583008,0.0012271810555830598,26.375,45.87099838256836,0.5749820349293522,25.20833396911621,0.5495484042745461,11.536516189575195,0.8095816373825073,0.5808534026145935,0.5808534026145935,0.0,0.25236308574676514,0.008406717330217361,0.00018326868009873855,0.5083085298538208,0.43064793944358826,10.556007385253906,48
20602,0.3174857199192047,0.4591505825519562,1.0000512599945068,1.2876253128051758,0.4769839644432068,0.00732421875,0.008336851373314857,1.1382580995559692,0.12213203310966492,2.990389347076416,368.7026672363281,0.0433073565363884,0.3175799548625946,6.768518447875977,78.13333129882812,42.49427032470703,1.0072588920593262,10.530902862548828,0.001186317065730691,20.25,10.930665969848633,1.8525861129900174,19.354167938232422,1.7706302593010381,3.138578176498413,0.650892972946167,0.5958411693572998,0.5958411693572998,0.0,0.19217616319656372,0.000530536170117557,4.8536490923392376e-05,0.3979410231113434,0.3557056188583374,2.748156785964966,48
20698,0.322011798620224,0.41830405592918396,1.0000144243240356,0.9246888756752014,0.5845893621444702,0.02197265625,0.021470878273248672,0.977163553237915,0.19456438720226288,3.385073661804199,154.64122009277344,0.1056201159954071,0.44559410214424133,7.450259208679199,74.82221984863281,37.66120910644531,0.805697500705719,10.541735649108887,0.0010789376683533192,23.58333396911621,10.75770092010498,2.192228071996241,22.916667938232422,2.13025702119131,3.4694600105285645,0.6824017763137817,0.5116111636161804,0.5116111636161804,0.0,0.17184215784072876,0.0009898459538817406,9.20127785958148e-05,0.31680533289909363,0.6592224836349487,2.848439931869507,48
20898,0.3368024528026581,0.3979477882385254,1.0000300407409668,1.6515305042266846,0.39445507526397705,0.00439453125,0.005695646163076162,1.2960759401321411,0.11578501760959625,4.037032604217529,820.3331909179688,0.02823571488261223,0.23912255465984344,6.341429710388184,82.11111450195312,37.22245788574219,0.8505578637123108,10.538139343261719,0.0011228250805288553,23.25,12.018983840942383,1.934439740359333,22.479167938232422,1.8703051952657277,4.01459264755249,0.8651300668716431,0.5540370345115662,0.5540370345115662,0.0,0.21392661333084106,0.0009751683101058006,8.113567021968664e-05,0.3874633312225342,0.24301421642303467,3.3484549522399902,48
20920,0.5382800102233887,0.7339955568313599,1.000038743019104,2.9466590881347656,0.2677798867225647,0.0029296875,0.010047419928014278,3.4295194149017334,0.2036324292421341,5.566720008850098,552.0731811523438,0.020013848319649696,0.221180260181427,5.673304557800293,65.0,41.6614990234375,1.1530773639678955,10.518789291381836,0.0013261674903333187,26.75,21.97161865234375,1.217479713765728,25.729167938232422,1.171018318387647,6.465651512145996,1.096205234527588,0.5598258376121521,0.5598258376121521,0.0,0.2158145308494568,0.002324297558516264,0.00010578635985976679,0.3906393349170685,0.4286899268627167,5.49302339553833,48
21004,0.36741775274276733,0.5203380584716797,1.0000522136688232,1.74489164352417,0.37305817008018494,0.00537109375,0.008741136640310287,1.6274406909942627,0.17750655114650726,6.825859546661377,1099.5286865234375,0.03342986851930618,0.2554989755153656,6.3877763748168945,77.81818389892578,48.45979690551758,1.1689307689666748,10.506427764892578,0.0011549668852239847,23.83333396911621,22.553146362304688,1.0567631485061257,23.041667938232422,1.0216609052175372,5.794405937194824,0.7920845746994019,0.5837348699569702,0.5837348699569702,0.0,0.17275670170783997,0.0026804334484040737,0.0001188496453734567,0.474881649017334,0.3729551136493683,4.6407856941223145,48
21088,0.48404738306999207,0.6141960620880127,1.0000371932983398,2.397587776184082,0.30507194995880127,0.0048828125,0.010583111084997654,2.1674211025238037,0.2020673304796219,7.47162389755249,954.6439208984375,0.03085736557841301,0.26314228773117065,6.18892765045166,67.5,31.79233169555664,1.278385877609253,10.53435230255127,0.0015036058612167835,25.625,17.878232955932617,1.4333071981346828,24.39583396911621,1.3645550998022584,6.13950252532959,0.9910675883293152,0.5584205389022827,0.5584205389022827,0.0,0.19786436855793,0.003457746934145689,0.0001934054076112838,0.4561154544353485,0.4515461027622223,5.573688507080078,48
21099,0.3771149516105652,0.4373323321342468,1.0000429153442383,1.7019697427749634,0.469029039144516,0.0126953125,0.023178840056061745,1.8257794380187988,0.29881352186203003,7.79253625869751,372.09759521484375,0.06804874539375305,0.36448439955711365,7.117740631103516,78.34615325927734,33.42954635620117,0.6602321863174438,10.527981758117676,0.0010710388887673616,28.104167938232422,19.953216552734375,1.4085031277975086,27.291667938232422,1.3677828761305435,6.569507122039795,0.8466125726699829,0.5698111057281494,0.5698111057281494,0.0,0.13361582159996033,0.003214445663616061,0.00016109912171351462,0.41318029165267944,0.90606290102005,5.851603031158447,48
21198,0.35098227858543396,0.45992451906204224,1.000076413154602,1.116023063659668,0.534500241279602,0.0068359375,0.007134622894227505,1.0436934232711792,0.09636494517326355,1.9921672344207764,253.501220703125,0.04089350998401642,0.3287504017353058,6.500839710235596,63.21428680419922,44.4852180480957,1.2439528703689575,10.520612716674805,0.0014043052215129137,16.125,7.771844387054443,2.074797072122472,15.583333969116211,2.005101128249859,2.230699300765991,0.6495187282562256,0.5749471187591553,0.5749471187591553,0.0,0.23684100806713104,0.00037029010127298534,4.764507398183713e-05,0.37058383226394653,0.30441054701805115,1.9185839891433716,48
21240,0.3062632083892822,0.4221270978450775,1.0000295639038086,1.0079271793365479,0.6392077207565308,0.00390625,0.004058499354869127,1.0389758348464966,0.0894085094332695,2.745689630508423,681.6141357421875,0.02555946074426174,0.20934170484542847,6.408122539520264,84.0,32.23320007324219,0.8138898015022278,10.525169372558594,0.0013350250665098429,19.416667938232422,9.368700981140137,2.072503750156454,18.70833396911621,1.9968973272611055,3.1409964561462402,0.4934093952178955,0.4409334063529968,0.4409334063529968,0.0,0.14309564232826233,0.0008243357297033072,8.798826331237074e-05,0.3379053771495819,0.17316263914108276,2.5818939208984375,48
21312,0.3632192313671112,0.47796496748924255,1.0000321865081787,1.6679729223251343,0.3839353919029236,0.00537109375,0.010427968576550484,1.9414981603622437,0.2494722157716751,9.946099281311035,1287.8123779296875,0.03342986851930618,0.22037869691848755,6.336892127990723,63.81818389892578,43.0413818359375,0.837571382522583,10.541580200195312,0.0010212234919890761,26.0,26.008834838867188,0.999660313546588,25.125,0.9660178991483855,8.469819068908691,0.8074181079864502,0.538970947265625,0.538970947265625,0.0,0.1780940592288971,0.004658879246562719,0.00017912679570748384,0.35548946261405945,0.4449266195297241,7.312158584594727,48
21363,0.42925843596458435,0.513375997543335,1.0000430345535278,1.8667739629745483,0.35013461112976074,0.00341796875,0.008416932076215744,2.4625537395477295,0.2214059680700302,8.620598793029785,1190.202392578125,0.02282176911830902,0.17266619205474854,6.0307207107543945,85.0,40.36640930175781,1.4089255332946777,10.522087097167969,0.0015018340200185776,26.45833396911621,29.137996673583984,0.9080354513192231,25.625,0.8794358884129063,8.954401016235352,0.9312055110931396,0.5989832878112793,0.5989832878112793,0.0,0.22125102579593658,0.0052971504628658295,0.00018179528676555117,0.3814237117767334,0.35912248492240906,7.296320915222168,48
21391,0.44035792350769043,0.6690239310264587,1.0000399351119995,1.8875943422317505,0.43257439136505127,0.0029296875,0.0037948067765682936,1.2952940464019775,0.10874197632074356,4.650573253631592,1634.7703857421875,0.020013848319649696,0.16235142946243286,6.277952671051025,96.83333587646484,34.21710968017578,2.144075632095337,10.52794361114502,0.0017533984500914812,21.8125,11.889131546020508,1.8346588139950744,20.791667938232422,1.7487961875317781,4.0511298179626465,0.6686677932739258,0.622473955154419,0.622473955154419,0.0,0.24115541577339172,0.0008702666964381933,7.31985084307946e-05,0.3879473805427551,0.161911740899086,3.771953582763672,48
21488,0.40360742807388306,0.6893232464790344,0.9999902248382568,2.627174139022827,0.38307011127471924,0.0029296875,0.032942336052656174,11.244317054748535,0.9111892580986023,30.974205017089844,1010.5223999023438,0.020013848319649696,0.15730515122413635,5.782164573669434,66.83333587646484,37.82709503173828,0.9916098117828369,10.516448974609375,0.0013470666017383337,25.0,117.83226013183594,0.21216600589606988,23.83333396911621,0.2022649310165805,32.9830436706543,0.9176404476165771,0.5990003347396851,0.5990003347396851,0.0,0.19543670117855072,0.09345123171806335,0.0007930869831875849,0.4906002879142761,1.405539631843567,29.928844451904297,48
21552,0.30677032470703125,0.4911137819290161,1.0000436305999756,1.296657919883728,0.5429247617721558,0.00244140625,0.001135113649070263,0.4649425446987152,0.03525032475590706,1.4497134685516357,1437.7073974609375,0.01712392456829548,0.11837809532880783,5.91945743560791,83.19999694824219,37.775291442871094,1.027773141860962,10.524913787841797,0.00125784648116678,10.4375,4.292436599731445,2.4316025952106064,10.104166984558105,2.3539466981645814,1.3609908819198608,0.6222115755081177,0.6044923067092896,0.6044923067092896,0.0,0.2368859201669693,8.221761527238414e-05,1.915406626762697e-05,0.43237054347991943,0.04843151196837425,1.283207654953003,48
21673,0.4761309325695038,0.6200936436653137,1.0000762939453125,1.9181703329086304,0.32092225551605225,0.0029296875,0.0074264882132411,2.5349080562591553,0.1644798070192337,5.052142143249512,705.6517333984375,0.020013848319649696,0.2039860635995865,5.90799617767334,73.66666412353516,33.95267105102539,0.7632825374603271,10.535562515258789,0.0010906539391726255,24.979167938232422,29.512678146362305,0.8463877051716313,24.14583396911621,0.8181512311823481,6.705435752868652,1.3120009899139404,0.4760192632675171,0.4801897406578064,0.02083333395421505,0.4866466820240021,0.0032452938612550497,0.00010996270294620597,0.7525650262832642,0.31686344742774963,4.881258964538574,48
21689,0.4185546934604645,0.5608667135238647,1.0000360012054443,2.118577003479004,0.29003530740737915,0.00244140625,0.006539198104292154,2.6784555912017822,0.15652400255203247,4.734837055206299,695.2320556640625,0.01712392456829548,0.17807377874851227,5.632389068603516,64.0,50.40794372558594,1.0511642694473267,10.51222038269043,0.001079389126971364,23.791667938232422,25.817596435546875,0.9215291589367184,22.75,0.8811819507669163,5.342201232910156,0.9044942259788513,0.6850800514221191,0.6850800514221191,0.0,0.3041747808456421,0.002171449363231659,8.41073400388594e-05,0.45267370343208313,0.2790057957172394,4.578924179077148,48
21774,0.3426287770271301,0.5255905389785767,1.0000687837600708,1.0940321683883667,0.5224292278289795,0.021484375,0.032957907766103745,1.5340408086776733,0.37104523181915283,9.943381309509277,364.89422607421875,0.10376113653182983,0.41168132424354553,7.427970886230469,76.63636016845703,43.0136833190918,0.9845577478408813,10.541598320007324,0.001047278754413128,27.8125,22.428268432617188,1.2400645226428597,26.83333396911621,1.1964068486949584,6.78797721862793,0.86076819896698,0.6525172591209412,0.6525172591209412,0.0,0.16637499630451202,0.0037213086616247892,0.00016592046198955448,0.2483585625886917,1.146725058555603,5.959886074066162,48
21787,0.47977200150489807,0.6051065325737,1.0000665187835693,3.1384193897247314,0.25772374868392944,0.00244140625,0.009664002805948257,3.9583754539489746,0.27878275513648987,10.110183715820312,1069.6728515625,0.01712392456829548,0.1368616670370102,5.7173919677734375,70.4000015258789,34.88246154785156,0.9019154906272888,10.520357131958008,0.0013344979379326105,25.729167938232422,35.5050163269043,0.7246628953523181,24.77083396911621,0.6976713863209559,10.943443298339844,1.0091029405593872,0.5500911474227905,0.5500911474227905,0.0,0.16455034911632538,0.011094344779849052,0.00031247260033837726,0.3706619441509247,0.4123307764530182,9.549554824829102,48
21805,0.5012356042861938,0.7126614451408386,1.0000425577163696,1.9145011901855469,0.3648424744606018,0.01025390625,0.025836648419499397,2.519688367843628,0.32883208990097046,8.301230430603027,296.2098388671875,0.057165034115314484,0.35378050804138184,7.0292792320251465,89.0,38.679656982421875,1.0806381702423096,10.523256301879883,0.0014475926291197538,29.25,19.892431259155273,1.4704084988019712,27.95833396911621,1.405475961727601,5.9648871421813965,0.792094886302948,0.6053534746170044,0.6053534746170044,0.0,0.1497224122285843,0.00502675399184227,0.00025269681336723447,0.339458167552948,1.070220947265625,4.981861114501953,48
22012,0.44626685976982117,0.5139752626419067,1.0000298023223877,2.0021071434020996,0.26178088784217834,0.00244140625,0.0030432988423854113,1.2465351819992065,0.07564669102430344,2.682382822036743,937.9600219726562,0.01712392456829548,0.17718657851219177,5.512065410614014,69.5999984741211,37.90879440307617,1.3245214223861694,10.523075103759766,0.0016312683001160622,24.104167938232422,17.39047622680664,1.386055655406168,23.354167938232422,1.3429286018518418,5.198285102844238,0.6665369272232056,0.3382560908794403,0.3382560908794403,0.0,0.206364244222641,0.002345526125282049,0.00013487417442414738,0.41714900732040405,0.1298474222421646,2.5062382221221924,48
22221,0.41178417205810547,0.5590165257453918,1.000062108039856,1.7474095821380615,0.3895772099494934,0.00390625,0.006709695793688297,1.717682123184204,0.14624623954296112,5.706126689910889,1162.6209716796875,0.02555946074426174,0.2303500473499298,6.102460861206055,73.75,41.956607818603516,1.1298810243606567,10.544434547424316,0.0012598277535289526,25.33333396911621,15.540942192077637,1.630102836733377,24.4375,1.5724593581419406,5.119948863983154,1.061020851135254,0.574260413646698,0.574260413646698,0.0,0.20372408628463745,0.0017879537772387266,0.00011504796517418993,0.34530648589134216,0.2862803637981415,4.511867046356201,48
22345,0.32903915643692017,0.3793643116950989,1.000029444694519,1.1365923881530762,0.4754280149936676,0.00634765625,0.007840234786272049,1.2351385354995728,0.12005636096000671,3.426335573196411,451.0286560058594,0.03844451159238815,0.305734246969223,6.67005729675293,78.61538696289062,36.64283752441406,1.0860450267791748,10.504959106445312,0.001580521697178483,25.64583396911621,13.00955867767334,1.9713069893305328,24.83333396911621,1.9088529107944292,3.691122531890869,0.7236460447311401,0.6137050986289978,0.6137050986289978,0.0,0.28336790204048157,0.0011611266527324915,8.92518094278377e-05,0.42224207520484924,0.3345166742801666,2.843421459197998,48
22386,0.3561379611492157,0.5280215740203857,1.000011920928955,1.1282193660736084,0.463308185338974,0.00537109375,0.005822503007948399,1.0840442180633545,0.12180451303720474,4.195433616638184,857.7383422851562,0.03342986851930618,0.23829172551631927,6.436729907989502,72.7272720336914,40.487186431884766,1.008974552154541,10.511945724487305,0.0012906095944344997,25.27083396911621,22.503337860107422,1.122981582331616,24.33333396911621,1.0813210959890394,6.1160197257995605,0.6482651233673096,0.41333723068237305,0.4149629473686218,0.02083333395421505,0.11797413975000381,0.0038349356036633253,0.0001704163011638157,0.3641015589237213,0.24842679500579834,3.5757384300231934,48
22416,0.3807702958583832,0.48473060131073,1.0000455379486084,1.513305425643921,0.4115193784236908,0.0029296875,0.006913051474839449,2.3596549034118652,0.1567612886428833,4.23056697845459,637.2116088867188,0.020013848319649696,0.1968996375799179,6.085594177246094,89.5,68.0750961303711,1.0809134244918823,10.561394691467285,0.000805717776529491,23.416667938232422,27.425537109375,0.8538271406064649,22.604167938232422,0.8242014674076709,4.598526954650879,0.6874436140060425,0.8045523166656494,0.8045523166656494,0.0,0.3284541666507721,0.0013425670331344008,4.89531719029099e-05,0.49366506934165955,0.29495683312416077,4.178558349609375,48
22417,0.34946098923683167,0.47033795714378357,1.0000290870666504,1.5566633939743042,0.43001818656921387,0.0205078125,0.07558397203683853,3.6856184005737305,0.6269077658653259,9.289887428283691,102.56364440917969,0.10000890493392944,0.45902544260025024,6.841616630554199,87.19047546386719,35.36061477661133,0.9213374257087708,10.531270980834961,0.0012258552014827728,30.33333396911621,32.87889099121094,0.9225777708864641,29.45833396911621,0.8959649511302329,9.270736694335938,0.596529483795166,0.5590858459472656,0.5590858459472656,0.0,0.2925221920013428,0.007919102907180786,0.00024085675234268466,0.38629889488220215,2.077038049697876,7.756011009216309,48
22487,0.4402942657470703,0.6818891763687134,1.000037670135498,2.121122360229492,0.38324636220932007,0.00390625,0.01225916389375925,3.138345956802368,0.23992708325386047,6.887834072113037,579.6416015625,0.02555946074426174,0.2366326004266739,6.237791061401367,82.0,37.23831558227539,1.2799865007400513,10.540180206298828,0.0012792155612260103,28.5,23.463516235351562,1.2146517044582452,27.39583396911621,1.1675928570400735,7.342852592468262,1.030798316001892,0.6072934865951538,0.6072934865951538,0.0,0.22903607785701752,0.0033833342604339123,0.0001441955342522115,0.39247968792915344,0.5230576395988464,6.631237506866455,48
22501,0.4182630181312561,0.5878866910934448,1.0000640153884888,1.3604152202606201,0.4677153527736664,0.00341796875,0.0011191804660484195,0.3274402320384979,0.023341404274106026,0.8106275200843811,797.3152465820312,0.02282176911830902,0.22398526966571808,6.276529312133789,82.0,37.784080505371094,1.0134596824645996,10.537242889404297,0.0011429054429754615,9.583333969116211,2.2239341735839844,4.309180568317078,9.166666984558105,4.121824760922354,0.7503079771995544,1.2595927715301514,0.601384699344635,0.601384699344635,0.0,0.26688241958618164,2.940360536740627e-05,1.3221436850267236e-05,0.4097041189670563,0.04775169864296913,0.6955958604812622,48
22583,0.3920077383518219,0.44073542952537537,1.0000262260437012,1.4289593696594238,0.43494337797164917,0.0068359375,0.008897180669009686,1.3015304803848267,0.14337898790836334,3.7661566734313965,417.3966369628906,0.04089350998401642,0.29383328557014465,6.818907737731934,95.71428680419922,33.7923698425293,0.8492046594619751,10.525724411010742,0.0012176502496004105,25.25,10.837862968444824,2.32979509431141,24.229167938232422,2.2356038258115327,3.654193878173828,0.8131992220878601,0.5345441102981567,0.5345441102981567,0.0,0.18985578417778015,0.0011704976204782724,0.0001080007767957805,0.384741872549057,0.3796130418777466,3.2124292850494385,48
22613,0.28584226965904236,0.33239415287971497,1.0000146627426147,1.1783052682876587,0.5327355265617371,0.0048828125,0.004455037880688906,0.9123917818069458,0.10545925796031952,4.374189376831055,1452.45166015625,0.03085736557841301,0.2259146273136139,6.408324241638184,72.0,38.86256790161133,1.100663423538208,10.524055480957031,0.001313473330810666,22.52083396911621,9.707347869873047,2.319978046301431,21.75,2.240570778873173,3.285393476486206,0.6693629026412964,0.609391450881958,0.609391450881958,0.0,0.2094949334859848,0.0005343197844922543,5.5042818193432466e-05,0.35239937901496887,0.1900816112756729,2.957775115966797,48
22653,0.44433435797691345,0.5254747271537781,1.0000296831130981,1.519953966140747,0.3686964213848114,0.0048828125,0.0037566600367426872,0.7693639993667603,0.07933354377746582,2.6133453845977783,736.2943115234375,0.03085736557841301,0.2266312539577484,6.636539936065674,90.30000305175781,40.726951599121094,0.9923116564750671,10.517500877380371,0.001248581800609827,25.479167938232422,16.116172790527344,1.580968897119216,24.5,1.5202120443383633,4.742391586303711,0.6933845281600952,0.33151108026504517,0.3367907404899597,0.02083333395421505,0.1891276091337204,0.0018422453431412578,0.0001143103493579429,0.4060367941856384,0.160284161567688,2.227688789367676,48
22675,0.419954776763916,0.5670809745788574,1.0000252723693848,1.5246998071670532,0.3820642828941345,0.00341796875,0.007228270638734102,2.1147854328155518,0.16832798719406128,6.527576446533203,1154.064697265625,0.02282176911830902,0.20912910997867584,6.053671836853027,76.28571319580078,36.055809020996094,1.1211954355239868,10.553142547607422,0.0011565940221771598,26.39583396911621,29.68708038330078,0.8891353955801164,25.1875,0.8484330444863766,8.406667709350586,0.8525770902633667,0.4579869210720062,0.4651864767074585,0.02083333395421505,0.21202422678470612,0.0075777433812618256,0.0002552539111583309,0.3311772644519806,0.30840620398521423,5.472347259521484,48
22678,0.3599155843257904,0.500085711479187,1.000059962272644,1.9496079683303833,0.43175411224365234,0.00341796875,0.007761468179523945,2.2707839012145996,0.17165479063987732,6.431848049163818,1017.485107421875,0.02282176911830902,0.21729493141174316,6.307135581970215,89.28571319580078,37.26132583618164,1.103902816772461,10.515881538391113,0.0012875994434580207,23.854167938232422,18.953214645385742,1.2585816375721797,23.041667938232422,1.2157129203243051,5.763101577758789,0.6339530944824219,0.59917151927948,0.59917151927948,0.0,0.18720945715904236,0.0018006511963903904,9.500505476936166e-05,0.40421852469444275,0.3311559855937958,5.362515449523926,48
22692,0.4713341295719147,0.5724384188652039,1.0000320672988892,1.931549310684204,0.3413914740085602,0.00244140625,0.005707712844014168,2.337879180908203,0.18923453986644745,8.295775413513184,1802.9373779296875,0.01712392456829548,0.12216893583536148,5.966049671173096,85.0,36.75208282470703,1.2345857620239258,10.52946949005127,0.001823077560402453,25.291667938232422,28.964208602905273,0.8732041767909199,24.27083396911621,0.8379595069724126,8.571971893310547,0.8475874662399292,0.5556150078773499,0.5556150078773499,0.0,0.1514468938112259,0.005462189670652151,0.0001885841157841413,0.31581512093544006,0.2435290813446045,7.026347637176514,48
22760,0.310385525226593,0.3424607515335083,1.0000497102737427,1.941573143005371,0.46460235118865967,0.00732421875,0.017621006816625595,2.4058547019958496,0.3476405143737793,11.909971237182617,793.1644287109375,0.0433073565363884,0.2614944875240326,7.0157318115234375,87.93333435058594,35.09971618652344,2.9208052158355713,10.479223251342773,0.0027484092861413956,27.6875,40.04049301147461,0.6914874895558997,26.854167938232422,0.6706752567664422,11.852872848510742,0.6253818273544312,0.6585227847099304,0.6585227847099304,0.0,0.4164084196090698,0.012566076591610909,0.00031383421240271546,0.3501274883747101,0.7518295645713806,8.545478820800781,48
22810,0.31107765436172485,0.42287784814834595,1.0000689029693604,1.4789857864379883,0.45828258991241455,0.00244140625,0.003814317751675844,1.5623445510864258,0.125907301902771,5.501102924346924,1779.19482421875,0.01712392456829548,0.1196507066488266,5.877978324890137,78.4000015258789,36.54777526855469,0.751737654209137,10.528911590576172,0.001048114849254489,20.9375,16.73196029663086,1.2513476972391866,20.041667938232422,1.1978075235027856,5.010282039642334,0.41523846983909607,0.5728055238723755,0.5728055238723755,0.0,0.195222407579422,0.001054324209690094,6.301259328664952e-05,0.5699360370635986,0.16274422407150269,4.6650872230529785,48
22910,0.45408377051353455,0.5630693435668945,1.0000535249710083,1.8635280132293701,0.33322250843048096,0.00244140625,0.002635195152834058,1.079375982284546,0.09002277255058289,3.8949809074401855,1719.4583740234375,0.01712392456829548,0.10444570332765579,5.660318374633789,63.80000305175781,43.61341857910156,1.1954678297042847,10.513819694519043,0.0013825403293594718,24.291667938232422,12.581518173217773,1.9307421874281097,23.33333396911621,1.8545722089596517,3.8931264877319336,1.3121490478515625,0.5547075271606445,0.5547075271606445,0.0,0.2064034789800644,0.0009281725506298244,7.377269874059353e-05,0.3944143056869507,0.1124349907040596,3.352022647857666,48
22978,0.48073863983154297,0.5764292478561401,1.0000334978103638,1.8466553688049316,0.30555111169815063,0.005859375,0.009641916491091251,1.645553708076477,0.16573947668075562,4.543436050415039,503.262939453125,0.03595767915248871,0.27894875407218933,6.500998497009277,74.66666412353516,35.44527053833008,1.0870084762573242,10.508771896362305,0.001431022770702839,25.4375,17.08721923828125,1.4886857615851494,24.479167938232422,1.4326010325345773,4.997508525848389,1.2359511852264404,0.5286656618118286,0.5286656618118286,0.0,0.1471833735704422,0.0015550171956419945,9.100469614436584e-05,0.33542510867118835,0.41138842701911926,4.254566192626953,48
23011,0.33989217877388,0.4627285897731781,1.000031590461731,1.843017578125,0.45834457874298096,0.00439453125,0.009904177859425545,2.253750801086426,0.19330941140651703,5.6234002113342285,588.5557250976562,0.02823571488261223,0.24141892790794373,6.14382266998291,72.55555725097656,36.27973937988281,0.8281603455543518,10.541217803955078,0.0010943816741928458,27.89583396911621,17.814495086669922,1.5659065170098927,26.70833396911621,1.4992473165354443,5.821486473083496,1.0633031129837036,0.5658201575279236,0.5658201575279236,0.0,0.214513897895813,0.0028896171133965254,0.00016220595070003886,0.3930574953556061,0.42257821559906006,5.292923927307129,48
23116,0.4354691207408905,0.5175261497497559,1.0000590085983276,1.3987267017364502,0.37785252928733826,0.00439453125,0.0040895952843129635,0.9306101202964783,0.07973881810903549,2.169227361679077,585.5825805664062,0.02823571488261223,0.24393807351589203,6.458289623260498,91.77777862548828,35.30836868286133,0.9516218900680542,10.48733901977539,0.0015197701286524534,23.1875,8.957763671875,2.5885366954831848,22.27083396911621,2.4862046778682796,2.788484573364258,0.7182550430297852,0.4294031858444214,0.4294031858444214,0.0,0.14928212761878967,0.0007672341307625175,8.565018658785641e-05,0.3217141330242157,0.17448939383029938,2.1556434631347656,48
23203,0.48159247636795044,0.5607263445854187,1.0000214576721191,1.1214672327041626,0.5048192739486694,0.0966796875,0.09709611535072327,1.0043072700500488,0.4016425311565399,4.314575672149658,31.993812561035156,0.31772562861442566,0.6473692059516907,8.183906555175781,66.97474670410156,28.80449104309082,0.9216158390045166,10.53873062133789,0.0012124197091907263,27.604167938232422,18.954883575439453,1.4563090199845425,26.541667938232422,1.4002548640615708,6.009195327758789,0.7465814352035522,0.40407395362854004,0.40717872977256775,0.0416666679084301,0.14238876104354858,0.0021026446484029293,0.00011092891385616922,0.29620376229286194,1.0138659477233887,2.85282301902771,48
23209,0.42453622817993164,0.5129342079162598,1.0000430345535278,1.0612967014312744,0.5080130696296692,0.00927734375,0.005626939237117767,0.6065248250961304,0.09036105126142502,3.0937716960906982,763.6444091796875,0.05265381559729576,0.3204984664916992,7.103392124176025,81.63157653808594,41.52939987182617,1.0500811338424683,10.515207290649414,0.0013471369165927172,18.75,7.438136577606201,2.5207926446580986,17.95833396911621,2.4143592629152972,2.2248685359954834,0.6518131494522095,0.6000556945800781,0.6000556945800781,0.0,0.15699394047260284,0.00032414490124210715,4.357877775224157e-05,0.29675573110580444,0.2359253615140915,1.9590988159179688,48
23361,0.5425682067871094,0.6695239543914795,1.0000324249267578,1.8782029151916504,0.31395095586776733,0.00390625,0.009868979454040527,2.526458740234375,0.19802230596542358,5.4124016761779785,534.4953002929688,0.02555946074426174,0.2313552051782608,6.220340251922607,87.375,44.21983337402344,1.1282254457473755,10.511987686157227,0.0013347106287255883,26.625,22.470722198486328,1.1848751345403914,25.5625,1.1375913850399533,6.5615386962890625,1.2521628141403198,0.5678364038467407,0.5678364038467407,0.0,0.216582790017128,0.0036828946322202682,0.00016389747503662257,0.38383975625038147,0.4210765063762665,5.140810012817383,48
23486,0.5079678297042847,0.6573779582977295,1.0000368356704712,2.598109722137451,0.25105202198028564,0.0029296875,0.0061977277509868145,2.1154911518096924,0.12367837876081467,3.607206106185913,538.6908569335938,0.020013848319649696,0.223880797624588,5.92650032043457,81.16666412353516,35.97513198852539,0.9572412371635437,10.529386520385742,0.0013519104104489088,26.6875,12.11176872253418,2.2034354014961526,25.854167938232422,2.134631903000585,3.810220241546631,1.3318569660186768,0.5414785742759705,0.5414785742759705,0.0,0.2124977707862854,0.0008408640860579908,6.94253749907966e-05,0.43999922275543213,0.26443636417388916,3.364614486694336,48
23525,0.23689761757850647,0.25907641649246216,1.0000410079956055,2.559561252593994,0.4440140724182129,0.0029296875,0.007568868808448315,2.5835072994232178,0.20266452431678772,8.235981941223145,1363.5233154296875,0.020013848319649696,0.17221829295158386,6.164648532867432,88.33333587646484,34.835411071777344,0.8637353181838989,10.5181884765625,0.0012093724217265844,23.64583396911621,23.049312591552734,1.025880223756577,22.666667938232422,0.9833988687673689,7.785439968109131,0.45402902364730835,0.6500311493873596,0.6500311493873596,0.0,0.23842085897922516,0.0023985295556485653,0.00010406078467984275,0.45624327659606934,0.32293838262557983,7.006774425506592,48
23556,0.3856693208217621,0.6382569074630737,1.0000557899475098,2.022596836090088,0.4465504288673401,0.00439453125,0.0076117669232189655,1.7320998907089233,0.153102844953537,4.971040725708008,669.5748291015625,0.02823571488261223,0.23284724354743958,6.071680545806885,60.66666793823242,33.84390640258789,0.8312177658081055,10.524673461914062,0.0011416224297136068,23.354167938232422,14.151960372924805,1.650242602884236,22.479167938232422,1.5884137130114422,4.677300453186035,0.6136566996574402,0.54407799243927,0.54407799243927,0.0,0.1889275759458542,0.0017933899071067572,0.00012672377950341003,0.39486032724380493,0.32476869225502014,4.134698390960693,48
23626,0.3069453239440918,0.45370569825172424,1.000063419342041,1.119107961654663,0.5225380659103394,0.0048828125,0.002187174279242754,0.44793328642845154,0.04055604338645935,1.1748477220535278,527.012939453125,0.03085736557841301,0.2525428533554077,6.37004280090332,72.0999984741211,42.488407135009766,1.1516764163970947,10.534610748291016,0.0013062399812042713,8.958333969116211,3.90763521194458,2.292520529758717,8.625,2.207217283630658,1.1763499975204468,0.62361741065979,0.5555440187454224,0.5555440187454224,0.0,0.2521114945411682,8.528151374775916e-05,2.1824328245593e-05,0.4720863103866577,0.09331943839788437,1.0352543592453003,48
23627,0.39821362495422363,0.6222171187400818,1.0000611543655396,1.738990306854248,0.39827215671539307,0.0068359375,0.01838400587439537,2.6893179416656494,0.2924172580242157,8.347785949707031,468.0703125,0.04089350998401642,0.2996337413787842,6.725496768951416,78.28571319580078,29.733091354370117,1.09030282497406,10.522652626037598,0.00153152400162071,25.604167938232422,21.598119735717773,1.1854813400277087,24.625,1.1401455446084543,7.226037979125977,0.5686120986938477,0.5453234910964966,0.5453234910964966,0.0,0.3319821357727051,0.0040284707210958,0.000186519510426111,0.5721537470817566,0.7843843102455139,6.741175651550293,48
23742,0.32856252789497375,0.45691347122192383,1.0000343322753906,2.0440924167633057,0.3528457283973694,0.01025390625,0.04501333832740784,4.389871597290039,0.48730796575546265,7.418078899383545,136.7471160888672,0.057165034115314484,0.38104215264320374,6.549530029296875,73.85713958740234,36.21226501464844,0.7807960510253906,10.513229370117188,0.0011965929297730327,27.729167938232422,28.48590087890625,0.9734348247006457,26.45833396911621,0.9288220889450728,8.679643630981445,0.7653379440307617,0.545930802822113,0.545930802822113,0.0,0.22742299735546112,0.004962606821209192,0.00017421273915693025,0.3948444724082947,1.795798659324646,7.345328330993652,48
23806,0.6202974319458008,0.7088640332221985,1.0000375509262085,1.8746687173843384,0.2842181622982025,0.0029296875,0.0038336622528731823,1.3085566759109497,0.08080151677131653,2.18809175491333,565.541259765625,0.020013848319649696,0.21248692274093628,5.371131896972656,57.16666793823242,50.8072395324707,1.3423670530319214,10.558748245239258,0.0011236330028623343,22.89583396911621,8.695194244384766,2.6331595705950352,21.95833396911621,2.5253413928093877,2.6018521785736084,1.6389832496643066,0.5123410224914551,0.5123410224914551,0.0,0.19412817060947418,0.00047187606105580926,5.42686048466202e-05,0.33254295587539673,0.16356956958770752,2.148975372314453,48
23974,0.39485493302345276,0.5948848128318787,1.0000312328338623,1.8290281295776367,0.34866273403167725,0.00537109375,0.011097046546638012,2.066068410873413,0.3447803556919098,15.329251289367676,1901.9197998046875,0.03342986851930618,0.16694359481334686,6.454610347747803,71.54545593261719,35.299217224121094,0.8353610634803772,10.530902862548828,0.0011971183121204376,27.25,28.312088012695312,0.9624864113927616,26.166667938232422,0.9242224705312058,9.892075538635254,0.7913995981216431,0.5384519100189209,0.5384519100189209,0.0,0.18149058520793915,0.006157876458019018,0.00021749990509646586,0.3734357953071594,0.47347402572631836,8.513814926147461,48
24034,0.6236788630485535,0.7415608763694763,1.00005042552948,2.3638577461242676,0.25657516717910767,0.00341796875,0.012237326242029667,3.580291986465454,0.29654461145401,9.718938827514648,872.060791015625,0.02282176911830902,0.1875716745853424,6.066493034362793,75.85713958740234,48.102169036865234,1.104424238204956,10.53593635559082,0.0011985045857727528,28.52083396911621,34.99262237548828,0.8150527746941317,27.5,0.7858799405501106,10.916796684265137,1.3423185348510742,0.5239895582199097,0.5239895582199097,0.0,0.17255356907844543,0.0066743288189172745,0.00019073531401536718,0.38269364833831787,0.5221259593963623,9.313122749328613,48
24165,0.36162683367729187,0.6209781169891357,1.0000357627868652,2.6876230239868164,0.3714962601661682,0.00244140625,0.003855637274682522,1.5792690515518188,0.11924876272678375,5.031217575073242,1564.0372314453125,0.01712392456829548,0.12906131148338318,5.772223949432373,72.19999694824219,36.75129699707031,1.2434520721435547,10.50144100189209,0.00164090096950531,19.479167938232422,16.53317642211914,1.1781866611179495,18.791667938232422,1.1366036052047257,4.893685817718506,0.471393883228302,0.6265818476676941,0.6265818476676941,0.0,0.22405101358890533,0.0010912308935075998,6.60024949221286e-05,0.56085205078125,0.1645071804523468,4.37190580368042,48
24217,0.3818114697933197,0.6160938739776611,1.0000429153442383,1.4903301000595093,0.48412227630615234,0.01220703125,0.02134932205080986,1.7489362955093384,0.2830440402030945,8.224373817443848,464.62109375,0.06591325998306274,0.36177951097488403,7.0559983253479,71.12000274658203,33.57290267944336,0.7956243753433228,10.54011344909668,0.0011432761093601584,24.291667938232422,20.858131408691406,1.1646138117848923,23.229167938232422,1.1136744453252547,6.250219345092773,0.6836630702018738,0.5267766714096069,0.5267766714096069,0.0,0.20147715508937836,0.00575080094859004,0.0002757102653709731,0.3336331844329834,0.8482434749603271,5.372313976287842,48
24284,0.3770520091056824,0.4996856153011322,1.0000348091125488,2.093033790588379,0.3594247102737427,0.0029296875,0.005014229100197554,1.7115236520767212,0.10383839905261993,3.410250425338745,692.7943115234375,0.020013848319649696,0.21924832463264465,6.163762092590332,93.0,34.16289520263672,0.7173103094100952,10.53282356262207,0.0011023927945643663,23.729167938232422,11.208277702331543,2.1171109912921926,22.5625,2.0130211419704866,3.4474151134490967,1.0509365797042847,0.5669704675674438,0.5669704675674438,0.0,0.17347773909568787,0.0008711397531442344,7.772289155414049e-05,0.373860627412796,0.21394045650959015,3.0946061611175537,48
24358,0.49602171778678894,0.6090115904808044,1.000040054321289,2.0563712120056152,0.2840530276298523,0.00244140625,0.0033210336696356535,1.3602954149246216,0.08518458902835846,2.5776944160461426,830.6808471679688,0.01712392456829548,0.1649831086397171,5.8800201416015625,80.80000305175781,41.6131706237793,1.2897908687591553,10.515860557556152,0.001548179192468524,24.5,10.129084587097168,2.4187773105401154,23.541667938232422,2.3241653984190322,2.9889705181121826,1.1054654121398926,0.5645241141319275,0.5645241141319275,0.0,0.16961443424224854,0.0005739519838243723,5.66637565638318e-05,0.4111363887786865,0.14169742166996002,2.576756715774536,48
24428,0.23121440410614014,0.2815430164337158,1.0000413656234741,2.289125442504883,0.44751834869384766,0.00244140625,0.007384113501757383,3.0245330333709717,0.20172977447509766,8.187426567077637,1364.9786376953125,0.01712392456829548,0.16426299512386322,6.150435447692871,104.4000015258789,35.87224578857422,1.0449069738388062,10.51455020904541,0.001388239674270153,24.0,23.27516746520996,1.0311418822469074,23.02083396911621,0.9890727529086681,7.913703441619873,0.41500425338745117,0.6378399729728699,0.6378399729728699,0.0,0.27731776237487793,0.0025331536307930946,0.0001088350334531908,0.4405384659767151,0.3150555193424225,7.2536211013793945,48
24505,0.3158113658428192,0.432186484336853,1.0000499486923218,1.2174535989761353,0.43939563632011414,0.01123046875,0.012272446416318417,1.0927811861038208,0.1535647213459015,3.636634588241577,287.2724609375,0.06158214434981346,0.3606584668159485,6.937751770019531,71.43478393554688,44.443668365478516,1.0862993001937866,10.510340690612793,0.0012538135051727295,20.95833396911621,11.505145072937012,1.8216488204220025,19.979167938232422,1.736542024825312,3.4871864318847656,0.7779912948608398,0.6156269311904907,0.6156269311904907,0.0,0.16102121770381927,0.0008437040960416198,7.333276459876163e-05,0.27230557799339294,0.5005409717559814,2.9029500484466553,48
24517,0.38849732279777527,0.482830286026001,1.0000535249710083,2.4869444370269775,0.33156055212020874,0.00341796875,0.012857872061431408,3.7618460655212402,0.2875371277332306,7.767828941345215,646.6512451171875,0.02282176911830902,0.20531010627746582,5.783095359802246,68.71428680419922,36.232730865478516,0.8498889803886414,10.528446197509766,0.0011605251347646117,28.4375,28.903606414794922,0.9838737623968241,27.479167938232422,0.9507176209906959,9.046953201293945,0.9644807577133179,0.5568251609802246,0.5568251609802246,0.0,0.23427945375442505,0.00580469099804759,0.00020082929834901305,0.36638808250427246,0.5486025214195251,7.707931041717529,48
