feature,crowding,crowd_max,dec_norm,enc_norm,enc_dec_cos,frequency,act_mag,act_mean_firing,act_std,act_max,act_kurtosis,bin_entropy,act_entropy,coact_entropy,coact_count,logit_l2,logit_linf,logit_entropy,logit_top10_mass,collateral_raw,effect_l2,collateral_ctilde,stab_signed,stab_abs,kl_mean,kl_per_effect,effect_cv,ctx_mean_act,intervention_value,n_ctx
51,0.22135011851787567,0.5166062712669373,1.0,1.2871838808059692,0.7002071142196655,0.00390625,0.03084612265229225,7.896607398986816,0.6346389651298523,23.204587936401367,937.774658203125,0.02555946074426174,0.2378837615251541,5.754607200622559,61.375,64.56526184082031,0.989445686340332,12.173476219177246,0.00026550510665401816,3.8958334922790527,6.053241729736328,0.6435945663139419,0.21415337920188904,0.23245462775230408,4.165771315456368e-06,6.881884937966849e-07,1.098276972770691,1.3161011934280396,1.0,48
52,0.13426156342029572,0.20348383486270905,1.0,0.8653971552848816,0.8956159353256226,0.01220703125,0.05228826031088829,4.283454418182373,0.48638418316841125,7.418150424957275,107.17353820800781,0.06591325998306274,0.41822245717048645,7.318673133850098,100.4800033569336,56.75697708129883,0.6307677030563354,12.16676139831543,0.0002444064011797309,4.3125,4.546266555786133,0.9485805413291444,0.2604495882987976,0.3607684075832367,5.522060746443458e-06,1.2146363761423198e-06,0.4642220437526703,1.573987603187561,1.0,48
114,0.16147392988204956,0.21270546317100525,1.0,0.8688831925392151,0.8455823659896851,0.00927734375,0.047094374895095825,5.076277732849121,0.5236478447914124,8.97315502166748,174.6969451904297,0.05265381559729576,0.3767508566379547,6.997736930847168,89.89473724365234,70.97345733642578,0.7048711180686951,12.18577766418457,0.00021595260477624834,2.8125,3.523088216781616,0.79830529891931,0.3063436448574066,0.3635415732860565,3.1610568385076476e-06,8.972403286633873e-07,0.3374549150466919,1.806227684020996,1.0,48
182,0.1524438112974167,0.22062186896800995,1.0,0.8962032198905945,0.8735307455062866,0.00732421875,0.039909105747938156,5.448923110961914,0.5032153725624084,12.323784828186035,265.9327087402344,0.0433073565363884,0.34556829929351807,6.825527667999268,92.0,54.8726921081543,0.6794635653495789,12.161100387573242,0.0002641969476826489,3.5625,4.573481559753418,0.7789470550314417,0.2228541374206543,0.226596400141716,6.75253022563993e-06,1.476452921620497e-06,0.8369794487953186,1.7027883529663086,1.0,48
234,0.13852079212665558,0.2985365092754364,0.9999999403953552,0.8363608121871948,0.8626582622528076,0.00732421875,0.033636339008808136,4.59248161315918,0.40541914105415344,7.158201217651367,174.38861083984375,0.0433073565363884,0.35077813267707825,6.864378929138184,94.0,72.21551513671875,0.7987872958183289,12.170303344726562,0.0002485460718162358,3.8958334922790527,4.369857311248779,0.8915241862326378,0.3085952699184418,0.36562380194664,5.3591302275890484e-06,1.2263856308373848e-06,0.5069104433059692,1.4351505041122437,1.0,48
346,0.1218925341963768,0.32484233379364014,1.0000001192092896,0.9527363181114197,0.8847026228904724,0.00244140625,0.008593028411269188,3.5197043418884277,0.17424605786800385,3.8925962448120117,414.01312255859375,0.01712392456829548,0.21070221066474915,5.732632637023926,84.4000015258789,61.26696014404297,1.3732945919036865,12.164556503295898,0.0003433972306083888,3.2083334922790527,4.302285194396973,0.7457277562631386,0.22820870578289032,0.22991585731506348,2.969752813442028e-06,6.902733483142669e-07,0.6922769546508789,0.36663588881492615,1.0,48
399,0.1698211431503296,0.2472103238105774,1.0,0.9195276498794556,0.843171238899231,0.00244140625,0.011904364451766014,4.876027584075928,0.24514853954315186,6.674596309661865,475.367919921875,0.01712392456829548,0.20878875255584717,6.1067914962768555,106.0,63.42211151123047,0.7359859943389893,12.155963897705078,0.00026752622216008604,2.7291667461395264,4.086048126220703,0.6679232978062287,0.2547292113304138,0.2547292113304138,6.867894626338966e-06,1.6808158879624137e-06,0.7535682916641235,0.5079194903373718,1.0,48
579,0.14041733741760254,0.17687954008579254,1.0,0.9374497532844543,0.8434325456619263,0.00830078125,0.04514884948730469,5.439108371734619,0.5557008385658264,15.505977630615234,352.1959228515625,0.04803864285349846,0.3582703769207001,6.847535133361816,83.82353210449219,55.211029052734375,0.8398122787475586,12.158336639404297,0.0003125891671516001,3.25,5.454801082611084,0.5958054097338867,0.2078176736831665,0.2078176736831665,1.0158913937630132e-05,1.8623802710956966e-06,0.6051231026649475,1.8589972257614136,1.0,48
641,0.15545490384101868,0.23469829559326172,1.0,0.9013635516166687,0.8608478903770447,0.017578125,0.09465638548135757,5.384896755218506,0.8326661586761475,20.48108673095703,238.94969177246094,0.08845767378807068,0.45251941680908203,7.46768856048584,104.11111450195312,54.63536834716797,0.8117380142211914,12.162849426269531,0.00032292469404637814,3.3958334922790527,3.9160258769989014,0.8671631879536668,0.18981866538524628,0.3079327940940857,5.255390533420723e-06,1.342021397475557e-06,0.7721351981163025,2.4799439907073975,1.0,48
655,0.13780610263347626,0.2620825469493866,1.0,0.860091507434845,0.8823469877243042,0.01025390625,0.044476769864559174,4.337543964385986,0.4553747773170471,7.6212310791015625,133.06378173828125,0.057165034115314484,0.39422857761383057,7.298863410949707,113.33333587646484,54.27130126953125,0.6573924422264099,12.161027908325195,0.0002678322489373386,2.0625,3.576188087463379,0.576731408916368,0.19847333431243896,0.23995725810527802,4.271246780263027e-06,1.194357417411198e-06,0.670856773853302,1.5618711709976196,1.0,48
686,0.1514085978269577,0.17746658623218536,0.9999999403953552,0.9137871265411377,0.8338421583175659,0.00732421875,0.0348677895963192,4.760615348815918,0.44194847345352173,10.066329956054688,256.2170104980469,0.0433073565363884,0.3446798026561737,6.508679389953613,73.33333587646484,58.10424041748047,0.8391530513763428,12.16214656829834,0.0002881487016566098,4.9375,5.489109039306641,0.899508454951115,0.2624446153640747,0.2624446153640747,7.304920927708736e-06,1.3308026607034633e-06,0.5357235670089722,1.4876923561096191,1.0,48
696,0.17538684606552124,0.23372651636600494,0.9999999403953552,0.8936249017715454,0.7946450710296631,0.009765625,0.05040557309985161,5.161530494689941,0.5575159788131714,11.507589340209961,198.5656280517578,0.05492175742983818,0.3811319172382355,7.160905838012695,121.1500015258789,55.21036911010742,0.7229014039039612,12.158951759338379,0.0002712929272092879,6.8125,5.449329376220703,1.2501538294283037,0.42295926809310913,0.45798906683921814,1.1518632163642906e-05,2.1137705848299754e-06,0.37173670530319214,1.8792964220046997,1.0,48
741,0.14138272404670715,0.1982843279838562,1.0,0.9073629379272461,0.867726743221283,0.0048828125,0.02915112115442753,5.970149517059326,0.44872045516967773,10.048111915588379,329.1517028808594,0.03085736557841301,0.291982501745224,6.462756633758545,89.4000015258789,56.770931243896484,0.7232012748718262,12.164648056030273,0.000261426845099777,3.8333334922790527,5.035164833068848,0.7613124121558453,0.12293507903814316,0.33210206031799316,1.3163475159672089e-05,2.6143086810340005e-06,1.0412876605987549,1.2437812089920044,1.0,48
752,0.14946995675563812,0.19898903369903564,0.9999999403953552,0.9332712888717651,0.8558029532432556,0.00830078125,0.04196071997284889,5.055032730102539,0.48507481813430786,9.087760925292969,175.94882202148438,0.04803864285349846,0.3643575608730316,6.899438858032227,91.05882263183594,67.28775787353516,0.6802096366882324,12.172357559204102,0.00023694071569480002,4.5,5.136618614196777,0.8760627037409602,0.3298020362854004,0.37854433059692383,7.361173175013391e-06,1.4330776165350356e-06,0.3638082444667816,1.7226406335830688,1.0,48
815,0.16169820725917816,0.22834250330924988,0.9999999403953552,0.9483595490455627,0.8343161344528198,0.00390625,0.01663786731660366,4.259294033050537,0.27089908719062805,5.385833263397217,288.6007995605469,0.02555946074426174,0.2701551020145416,6.121529579162598,78.125,54.881324768066406,0.6215943694114685,12.159952163696289,0.0002537738182581961,3.8125,5.642579078674316,0.6756662051316891,0.27673041820526123,0.33435535430908203,6.838058652647305e-06,1.2118675777841615e-06,0.9870573282241821,0.7098823189735413,1.0,48
885,0.2578061521053314,0.3269187808036804,0.9999999403953552,1.2929902076721191,0.7826859354972839,0.0048828125,0.04148774594068527,8.49669075012207,0.6436054706573486,15.041397094726562,339.4254150390625,0.03085736557841301,0.2905571758747101,6.654561519622803,110.69999694824219,84.38800048828125,1.3894819021224976,12.163129806518555,0.00034865085035562515,4.9166669845581055,9.711356163024902,0.5062801628278306,0.4096300005912781,0.4508177936077118,2.617720383568667e-05,2.695525050188018e-06,0.6705981492996216,1.7701438665390015,1.0,48
894,0.21670900285243988,0.31419456005096436,1.0,0.9099084138870239,0.8047954440116882,0.015625,0.08688341081142426,5.560538291931152,0.7366777062416077,11.168177604675293,98.5778579711914,0.08048483729362488,0.44609421491622925,7.428729057312012,100.9375,71.73664855957031,1.3389430046081543,12.156585693359375,0.00036608209484256804,9.75,7.889621257781982,1.2358007652173433,0.3918367624282837,0.40493202209472656,3.956614455091767e-05,5.014961201305033e-06,0.46900197863578796,2.397840738296509,1.0,48
908,0.13416437804698944,0.20806406438350677,1.0,0.905886173248291,0.8707141876220703,0.00390625,0.02486525848507881,6.365506172180176,0.4489690661430359,12.685338020324707,531.8582153320312,0.02555946074426174,0.2564311623573303,6.198328971862793,78.5,59.79998779296875,0.6314830183982849,12.164436340332031,0.00024153280537575483,3.0,4.354050636291504,0.6890135746480589,0.3010197877883911,0.3010197877883911,5.046660135121783e-06,1.1590724465780386e-06,0.5217615365982056,1.0609177350997925,1.0,48
927,0.1634291708469391,0.2182808369398117,1.0000001192092896,0.9499598145484924,0.8460520505905151,0.00390625,0.017973020672798157,4.601093292236328,0.296081006526947,6.5448784828186035,320.140625,0.02555946074426174,0.26874780654907227,6.309178352355957,83.75,56.13800811767578,0.7356164455413818,12.161556243896484,0.0002866603317670524,2.0416667461395264,4.074385166168213,0.5010981185778876,0.26197633147239685,0.2872702479362488,3.6965225262974855e-06,9.072589768682373e-07,0.8428510427474976,0.7668488621711731,1.0,48
949,0.11409008502960205,0.16100576519966125,1.0,0.857083797454834,0.889565110206604,0.0107421875,0.04806545376777649,4.474456787109375,0.47523191571235657,7.381990432739258,114.70930480957031,0.05938481166958809,0.4017118215560913,7.223228454589844,104.36363983154297,53.14464569091797,0.655705988407135,12.15811538696289,0.0002842776011675596,3.9791667461395264,4.76622200012207,0.8348681067916964,0.20472578704357147,0.22232380509376526,6.399910034815548e-06,1.342763728005955e-06,0.5006085634231567,1.6189836263656616,1.0,48
975,0.1273888647556305,0.1729654222726822,1.0,0.8122461438179016,0.9184892177581787,0.00341796875,0.012322246097028255,3.6051371097564697,0.21103227138519287,3.8875508308410645,293.611328125,0.02282176911830902,0.254852294921875,6.380293846130371,99.28571319580078,73.62071228027344,0.6674522757530212,12.198043823242188,0.00018764313426800072,2.7708334922790527,3.8184289932250977,0.7256475084226441,0.230798602104187,0.30252784490585327,3.83916176360799e-06,1.0054296571614613e-06,0.6073856949806213,0.525749146938324,1.0,48
1071,0.22856484353542328,0.3282684087753296,1.0000001192092896,1.0439062118530273,0.7681418657302856,0.00244140625,0.012381862848997116,5.071610927581787,0.2810524106025696,10.187795639038086,905.2434692382812,0.01712392456829548,0.19666039943695068,5.676765441894531,81.5999984741211,75.27230834960938,1.3343517780303955,12.156848907470703,0.0003694093902595341,3.125,7.486259460449219,0.41743143052086623,0.49548715353012085,0.6184844970703125,5.174489615455968e-06,6.911982727664486e-07,0.8821716904640198,0.5282927751541138,1.0,48
1170,0.22132964432239532,0.3413000702857971,0.9999999403953552,1.0801880359649658,0.7267628908157349,0.01416015625,0.09662231057882309,6.82353401184082,0.9309220314025879,21.635276794433594,205.98606872558594,0.07434378564357758,0.4236307144165039,6.999752998352051,106.96551513671875,59.084022521972656,0.8387601971626282,12.156355857849121,0.0003242327366024256,6.583333492279053,6.830684661865234,0.9637882303943862,0.3705964982509613,0.4594677686691284,9.66135394264711e-06,1.4144049106001133e-06,0.850714921951294,3.0902020931243896,1.0,48
1232,0.19025956094264984,0.27449557185173035,1.0000001192092896,0.9423907399177551,0.7943369150161743,0.01171875,0.09619243443012238,8.208420753479004,1.0285239219665527,21.728975296020508,217.80453491210938,0.0637580007314682,0.39666709303855896,7.066616058349609,113.66666412353516,73.38711547851562,1.0888104438781738,12.181781768798828,0.00030784111004322767,7.458333492279053,6.4250311851501465,1.160824479406245,0.3558095395565033,0.4832976758480072,1.216969030792825e-05,1.8941060266157752e-06,0.7808616161346436,3.4177358150482178,1.0,48
1379,0.22644276916980743,0.33348652720451355,1.0,1.4052273035049438,0.8787693977355957,0.00341796875,0.015172073617577553,4.438915252685547,0.26639172434806824,6.305426120758057,353.2746887207031,0.02282176911830902,0.25155138969421387,6.605172634124756,134.14285278320312,84.27613830566406,0.9549136161804199,12.159181594848633,0.00025333306984975934,3.0833334922790527,8.081058502197266,0.38155069507604444,0.46034204959869385,0.46034204959869385,1.4327652024803683e-05,1.7729919914795848e-06,0.3820827603340149,0.6473418474197388,1.0,48
1409,0.13522647321224213,0.1844216138124466,0.9999999403953552,0.9546054005622864,0.8488709330558777,0.00439453125,0.03328826278448105,7.574929237365723,0.547498881816864,13.092440605163574,379.0915832519531,0.02823571488261223,0.27579519152641296,6.161799907684326,74.33333587646484,63.09523010253906,0.903832197189331,12.165616989135742,0.0002834461338352412,3.0833334922790527,4.40297794342041,0.7002836545851417,0.29168960452079773,0.37126410007476807,6.8202461989130825e-06,1.5490075742066437e-06,0.38148027658462524,1.4202991724014282,1.0,48
1412,0.13419555127620697,0.21944215893745422,1.0,1.03318190574646,0.8412871360778809,0.0087890625,0.048649273812770844,5.535206317901611,0.5518231987953186,10.61937427520752,176.30642700195312,0.05035991966724396,0.3704400658607483,6.853214263916016,90.11111450195312,63.311397552490234,0.6397647261619568,12.166881561279297,0.00022550900757778436,5.7291669845581055,6.176095485687256,0.9276357511892038,0.23597028851509094,0.28048819303512573,9.145153853751253e-06,1.4807338811612093e-06,0.9674785137176514,1.940351128578186,1.0,48
1461,0.1350322961807251,0.1880701780319214,1.0,0.9292082190513611,0.8750057220458984,0.0087890625,0.04955663904547691,5.638444423675537,0.5837745666503906,14.107758522033691,256.7930603027344,0.05035991966724396,0.3665570020675659,7.003714084625244,103.33333587646484,64.05475616455078,0.8085892200469971,12.168131828308105,0.0002803828683681786,3.6041667461395264,3.600799560546875,1.0009351188608757,0.21553203463554382,0.21553203463554382,5.9496901485545095e-06,1.652324721770308e-06,0.34281280636787415,1.97476065158844,1.0,48
1547,0.10472088307142258,0.12904779613018036,1.0,0.8954055309295654,0.8927953243255615,0.00537109375,0.025439467281103134,4.736366271972656,0.35766810178756714,7.817392349243164,241.3641815185547,0.03342986851930618,0.31046104431152344,6.715632915496826,101.2727279663086,58.56504440307617,0.7106914520263672,12.159655570983887,0.0002739225747063756,2.3125,4.669734954833984,0.4952101173652395,0.262584388256073,0.2697514295578003,4.577196250465931e-06,9.801833048203105e-07,0.7730392813682556,1.0854171514511108,1.0,48
1554,0.15403945744037628,0.21174900233745575,1.0,1.0061630010604858,0.8129452466964722,0.0029296875,0.010384781286120415,3.5446720123291016,0.19233284890651703,4.02903938293457,346.7256774902344,0.020013848319649696,0.23451992869377136,6.153592109680176,92.0,91.42156219482422,1.1476246118545532,12.20919418334961,0.0002539758279453963,2.4791667461395264,4.635141372680664,0.5348632417994849,0.312086284160614,0.3256288766860962,6.079601917008404e-06,1.3116324649179003e-06,0.4791935086250305,0.4430840015411377,1.0,48
1560,0.15740631520748138,0.23000553250312805,1.0,0.9651381373405457,0.8249465227127075,0.005859375,0.023326925933361053,3.981128692626953,0.3066290616989136,5.242734909057617,179.03323364257812,0.03595767915248871,0.32477813959121704,6.458194732666016,77.33333587646484,55.178977966308594,0.7095640301704407,12.161470413208008,0.00026650793734006584,3.6458334922790527,4.676263809204102,0.7796466652088018,0.4481343626976013,0.5517160892486572,4.4893267840961926e-06,9.600242752899845e-07,0.38340795040130615,0.9952821135520935,1.0,48
1602,0.14544488489627838,0.8877678513526917,1.0,0.8464710116386414,0.9396697282791138,0.02001953125,0.07832719385623932,3.912538766860962,0.5603136420249939,6.039612770080566,55.960838317871094,0.09811511635780334,0.4844030439853668,7.630533218383789,105.0,86.87061309814453,0.9009097814559937,12.199895858764648,0.00022696750238537788,2.7916667461395264,3.8000028133392334,0.7346485978887677,0.27480220794677734,0.3528231084346771,5.473775217978982e-06,1.4404660923827761e-06,0.3911302089691162,1.563954472541809,1.0,48
1612,0.14733484387397766,0.4125615358352661,1.0000001192092896,0.8479428291320801,0.9071567058563232,0.009765625,0.03978901356458664,4.074395179748535,0.4072272479534149,6.356564521789551,114.04902648925781,0.05492175742983818,0.3909536600112915,7.037226676940918,91.5999984741211,56.7116584777832,0.7670127749443054,12.164271354675293,0.000291048432700336,2.5833334922790527,3.360792875289917,0.7686678651297498,0.2166910469532013,0.2166910469532013,3.597157046897337e-06,1.0703298803809e-06,0.3513513207435608,1.4150233268737793,1.0,48
1680,0.17266111075878143,0.26678943634033203,1.0,0.9466284513473511,0.8368812203407288,0.00244140625,0.010653340257704258,4.363608360290527,0.2180786430835724,5.259200572967529,440.17779541015625,0.01712392456829548,0.2093740552663803,6.137423992156982,114.80000305175781,59.74649429321289,0.6528775691986084,12.163795471191406,0.00024351043975912035,2.0416667461395264,3.654214859008789,0.5587155707385459,0.2902833819389343,0.37792524695396423,3.576100880309241e-06,9.78623591797508e-07,0.630341112613678,0.45454251766204834,1.0,48
1719,0.14710666239261627,0.19299930334091187,0.9999998807907104,1.0313327312469482,0.8522342443466187,0.00439453125,0.01885310932993889,4.290129661560059,0.29528239369392395,7.200134754180908,313.9754943847656,0.02823571488261223,0.283278226852417,6.817356586456299,141.6666717529297,64.85031127929688,1.7432186603546143,12.150224685668945,0.0005597544368356466,3.5416667461395264,7.249373912811279,0.48854794687788455,0.4026962220668793,0.46606069803237915,9.535908247926272e-06,1.315411282334335e-06,0.9459527134895325,0.804399311542511,1.0,48
1731,0.19571040570735931,0.5006651878356934,1.0,0.9707822203636169,0.8311457633972168,0.0146484375,0.08440802246332169,5.762254238128662,0.7582906484603882,13.915159225463867,134.9593048095703,0.07640714943408966,0.43488413095474243,7.25023889541626,86.73332977294922,66.13812255859375,0.7997270226478577,12.167553901672363,0.0002524459268897772,3.4166667461395264,4.4836320877075195,0.7620310212085571,0.25542253255844116,0.26039695739746094,9.604906153981574e-06,2.1422154950876903e-06,0.48868462443351746,2.462019443511963,1.0,48
1739,0.16770830750465393,0.24129171669483185,1.0,0.9529352784156799,0.8496270775794983,0.0068359375,0.032011479139328,4.682822227478027,0.3967701494693756,6.5856428146362305,172.93630981445312,0.04089350998401642,0.3424196243286133,6.785749435424805,89.21428680419922,60.80744171142578,0.7003185749053955,12.16876220703125,0.0002476461813785136,3.125,6.186308860778809,0.5051477488880355,0.2835693061351776,0.4167705476284027,4.517070010479074e-06,7.301720791562109e-07,2.230412006378174,1.3658231496810913,1.0,48
1745,0.2015349417924881,0.27499476075172424,1.0,0.9484438300132751,0.8176364898681641,0.01025390625,0.047034427523612976,4.586976528167725,0.4729282855987549,7.956281661987305,117.04551696777344,0.057165034115314484,0.3965419828891754,6.796131134033203,82.14286041259766,61.277565002441406,0.7813059091567993,12.16202163696289,0.00028530083363875747,4.9791669845581055,5.415925025939941,0.9193567029669871,0.24983984231948853,0.39478763937950134,5.695537311112275e-06,1.0516277964183098e-06,1.1328587532043457,1.6267915964126587,1.0,48
1782,0.1768229901790619,0.22929711639881134,1.0000001192092896,1.0477136373519897,0.822299599647522,0.00390625,0.015943603590130806,4.081562519073486,0.26017507910728455,6.005729675292969,303.3313903808594,0.02555946074426174,0.270043283700943,6.468991279602051,96.375,59.52872085571289,0.7502690553665161,12.160540580749512,0.00027289101853966713,3.5625,5.722831726074219,0.6225065080183232,0.2922009527683258,0.3303861618041992,8.741405508772004e-06,1.527461563070258e-06,0.9522855281829834,0.680260419845581,1.0,48
1801,0.11227772384881973,0.14017675817012787,1.0,0.8203171491622925,0.9039822816848755,0.0068359375,0.02563435770571232,3.7499403953552246,0.31433677673339844,5.497617244720459,164.66928100585938,0.04089350998401642,0.3440112769603729,6.862940788269043,107.07142639160156,54.539363861083984,0.6036223769187927,12.163161277770996,0.00024071711231954396,1.5833333730697632,3.766418933868408,0.42038164013787466,0.1978425234556198,0.20714452862739563,3.7560955661319895e-06,9.972590999858832e-07,0.5792500972747803,1.093732476234436,1.0,48
1811,0.1491144448518753,0.20918460190296173,0.9999998807907104,0.8379715085029602,0.8700545430183411,0.00927734375,0.038558512926101685,4.1562018394470215,0.4113527536392212,7.659867763519287,142.2217559814453,0.05265381559729576,0.3824285864830017,7.11366081237793,99.52631378173828,57.841339111328125,0.7551904916763306,12.161456108093262,0.0002873276825994253,2.6041667461395264,4.166391849517822,0.6250412428659332,0.22902342677116394,0.22902342677116394,6.228463462321088e-06,1.4949298271339053e-06,0.4252559244632721,1.441825032234192,1.0,48
1819,0.20648036897182465,0.29064756631851196,1.0,1.0758012533187866,0.7664580345153809,0.01318359375,0.0664290189743042,5.038763999938965,0.6080375909805298,8.711984634399414,108.47064971923828,0.07016520947217941,0.4249730408191681,7.03501033782959,80.0,66.32455444335938,0.7459613084793091,12.169448852539062,0.00023043513647280633,5.2916669845581055,5.363600730895996,0.986588532627081,0.434206485748291,0.47098827362060547,9.463896276429296e-06,1.7644669567348036e-06,0.3463914096355438,2.042893648147583,1.0,48
1941,0.11922838538885117,0.15255320072174072,1.0,0.9009813666343689,0.8697406053543091,0.01025390625,0.05634518712759018,5.494997501373291,0.6814128756523132,22.12325096130371,566.437255859375,0.057165034115314484,0.37792593240737915,7.009134769439697,87.85713958740234,76.8670883178711,0.9455639719963074,12.170305252075195,0.00026273130788467824,3.2916667461395264,3.9705047607421875,0.8290297924825892,0.3266778588294983,0.3554031252861023,6.726113497279584e-06,1.6940197495398814e-06,0.3417494297027588,2.0510482788085938,1.0,48
1949,0.18481622636318207,0.27638474106788635,1.0,1.20491623878479,0.8609658479690552,0.00244140625,0.02676757425069809,10.963998794555664,0.7843881249427795,33.662864685058594,1658.0328369140625,0.01712392456829548,0.15435099601745605,6.28757381439209,127.80000305175781,77.93404388427734,1.5787086486816406,12.156000137329102,0.00043159356573596597,3.8125,8.396333694458008,0.45406723150793354,0.4279455840587616,0.440795361995697,1.8713764802669175e-05,2.2288019344363547e-06,0.6777725219726562,1.1420831680297852,1.0,48
1955,0.21581235527992249,0.25250065326690674,1.0,0.9449660181999207,0.7475209832191467,0.00537109375,0.024757934734225273,4.609477519989014,0.3533473610877991,7.3101582527160645,254.47030639648438,0.03342986851930618,0.30822229385375977,6.488927841186523,80.90908813476562,62.379913330078125,0.6701638698577881,12.162049293518066,0.00024707437842153013,6.25,7.594394207000732,0.8229754502352293,0.435162752866745,0.46573925018310547,1.3470948033500463e-05,1.7738015236744673e-06,0.9739739894866943,1.0563386678695679,1.0,48
2353,0.2648944556713104,0.336558073759079,1.0,1.1143237352371216,0.7282508611679077,0.03076171875,0.20425020158290863,6.639752388000488,1.3681834936141968,21.011249542236328,99.97579956054688,0.13738007843494415,0.5216711759567261,7.542593955993652,84.69841003417969,61.584815979003906,0.8240166902542114,12.162992477416992,0.0002551040961407125,8.020833969116211,6.750236511230469,1.188230063330304,0.32347673177719116,0.3988928496837616,1.329916176473489e-05,1.9701771520015788e-06,0.5358504056930542,4.2901291847229,1.0,48
2376,0.17066912353038788,0.2821269631385803,1.0,1.0339875221252441,0.8189260959625244,0.00634765625,0.04242348670959473,6.68333101272583,0.5754973888397217,11.276182174682617,239.24395751953125,0.03844451159238815,0.32468172907829285,6.860124588012695,105.07691955566406,57.303123474121094,0.6545858979225159,12.160636901855469,0.0002718301839195192,2.6458334922790527,4.163132667541504,0.6355390753103557,0.3039470911026001,0.36317843198776245,4.106400410819333e-06,9.863726978896878e-07,0.43336552381515503,1.8100686073303223,1.0,48
2508,0.14491359889507294,0.21453329920768738,1.0,0.9308186173439026,0.8655840754508972,0.00537109375,0.026568757370114326,4.946619510650635,0.3980577290058136,10.039732933044434,375.3353576660156,0.03342986851930618,0.3026922345161438,6.690217018127441,95.36363983154297,56.32200241088867,1.1492915153503418,12.15886116027832,0.0004257962282281369,3.1875,3.9448020458221436,0.8080253343245856,0.28324806690216064,0.3058304190635681,4.948749847244471e-06,1.254498901900692e-06,0.40542033314704895,1.1336002349853516,1.0,48
2702,0.1765633076429367,0.2141861617565155,0.9999999403953552,0.9901431798934937,0.815546989440918,0.0126953125,0.07946544885635376,6.259432315826416,0.804010272026062,19.261173248291016,229.14578247070312,0.06804874539375305,0.4107978343963623,7.066951751708984,83.19230651855469,70.87715148925781,0.9112867116928101,12.161880493164062,0.0002848865697160363,6.1875,5.960112571716309,1.0381515307246447,0.38587483763694763,0.48052358627319336,5.954386779194465e-06,9.990393130258297e-07,0.5844911336898804,2.6829211711883545,1.0,48
2898,0.28707098960876465,0.5495942234992981,0.9999999403953552,1.4314634799957275,0.7504815459251404,0.005859375,0.021744389086961746,3.7110424041748047,0.28467434644699097,4.306921005249023,172.36952209472656,0.03595767915248871,0.3252786695957184,6.400515556335449,79.16666412353516,78.50819396972656,0.9766989946365356,12.155851364135742,0.0002837362408172339,9.041666984558105,9.363940238952637,0.9655835838518322,0.4237273931503296,0.4237273931503296,2.3132703063311055e-05,2.470402677537211e-06,0.38858145475387573,0.9277606010437012,1.0,48
2974,0.14229291677474976,0.20335425436496735,1.0,1.0090161561965942,0.8354620933532715,0.0029296875,0.013804037123918533,4.711778163909912,0.26962578296661377,7.742556571960449,509.57659912109375,0.020013848319649696,0.2275855839252472,5.956353187561035,78.33333587646484,58.66923522949219,1.047048568725586,12.16047191619873,0.00032100093085318804,4.6666669845581055,5.345636367797852,0.8729862367631804,0.42161107063293457,0.4801406264305115,7.135814485081937e-06,1.3348858734049461e-06,0.6145251393318176,0.588972270488739,1.0,48
3010,0.17267869412899017,0.27930083870887756,1.0,0.9866976737976074,0.8737995624542236,0.0048828125,0.024931808933615685,5.106034278869629,0.37689271569252014,9.342991828918457,318.7191467285156,0.03085736557841301,0.2948334217071533,6.54703950881958,90.0999984741211,56.33999252319336,1.1013084650039673,12.15378475189209,0.0003985977382399142,4.270833492279053,3.967228651046753,1.0765281906267015,0.2671594023704529,0.2950870394706726,4.976052423444344e-06,1.2542892907341047e-06,0.3029913604259491,1.063757061958313,1.0,48
3102,0.213967964053154,0.36569744348526,0.9999998807907104,1.29664945602417,0.6869152188301086,0.00439453125,0.02145356871187687,4.881878852844238,0.3429383635520935,8.461336135864258,356.5777282714844,0.02823571488261223,0.28065457940101624,5.313819885253906,51.11111068725586,61.44583511352539,0.7466943264007568,12.167017936706543,0.0002411726745776832,5.625,6.09332799911499,0.9231408503834981,0.4051244258880615,0.5343334674835205,4.033248842461035e-06,6.619123139978203e-07,0.8985778093338013,0.9153523445129395,1.0,48
3124,0.16827623546123505,0.23532429337501526,1.0,1.0670270919799805,0.7620880603790283,0.0029296875,0.015698812901973724,5.358528137207031,0.31225061416625977,8.208723068237305,526.3353881835938,0.020013848319649696,0.22457824647426605,5.2630510330200195,44.66666793823242,65.02519989013672,0.7813836336135864,12.16566276550293,0.00025805673794820905,3.7291667461395264,7.349079132080078,0.5074332000028,0.22873342037200928,0.2419000118970871,6.447076884796843e-06,8.772632271547516e-07,1.1316118240356445,0.6698159575462341,1.0,48
3165,0.15823018550872803,0.3147311806678772,1.0,0.9998614192008972,0.822258472442627,0.00634765625,0.0284783523529768,4.486435890197754,0.3681240379810333,6.892594814300537,200.37779235839844,0.03844451159238815,0.33232390880584717,6.361487865447998,68.30769348144531,61.92055130004883,0.7207300662994385,12.167256355285645,0.00024940058938227594,2.4583334922790527,4.221226692199707,0.5823741925535533,0.4377189576625824,0.4669320285320282,3.279590600868687e-06,7.769283272939765e-07,0.365566611289978,1.2150763273239136,1.0,48
3171,0.2303703874349594,0.3873545229434967,0.9999999403953552,1.1713062524795532,0.6746066212654114,0.00341796875,0.017308814451098442,5.0640645027160645,0.31663280725479126,8.506207466125488,468.39434814453125,0.02282176911830902,0.24633780121803284,5.067965507507324,48.14285659790039,62.01484298706055,0.9620999097824097,12.167001724243164,0.0003232323797419667,3.8541667461395264,6.171291351318359,0.6245316450779549,0.19061917066574097,0.46356695890426636,6.615839993173722e-06,1.0720349446862602e-06,1.1578015089035034,0.7385094165802002,1.0,48
3193,0.13120320439338684,0.22593903541564941,1.0,0.9013010859489441,0.8986517190933228,0.009765625,0.04086388275027275,4.18446159362793,0.42443346977233887,7.813922882080078,134.6787567138672,0.05492175742983818,0.38928478956222534,6.973332405090332,81.5999984741211,55.542049407958984,0.7096509337425232,12.161375045776367,0.000257628969848156,5.2291669845581055,5.4936041831970215,0.9518645320377502,0.3159109950065613,0.4408889710903168,1.2388181858113967e-05,2.255019004364168e-06,0.41471678018569946,1.4692789316177368,1.0,48
3226,0.1995515674352646,0.26386746764183044,1.0,1.0432243347167969,0.7986623048782349,0.04345703125,0.21084453165531158,4.85179328918457,1.0551344156265259,12.624107360839844,36.60769271850586,0.17877927422523499,0.5812784433364868,7.761035919189453,78.61798095703125,61.37289810180664,0.6948260068893433,12.163780212402344,0.00024708203272894025,6.75,6.804549217224121,0.9919834179454714,0.3162927031517029,0.3382708728313446,1.465882633056026e-05,2.1542685402160354e-06,0.5800443887710571,2.6324594020843506,1.0,48
3382,0.20489852130413055,0.25068986415863037,0.9999999403953552,1.286466121673584,0.8176838159561157,0.0029296875,0.016592426225543022,5.663547992706299,0.3290060758590698,9.59187126159668,537.4054565429688,0.020013848319649696,0.22520865499973297,6.18579626083374,95.33333587646484,88.74666595458984,1.8363211154937744,12.165480613708496,0.00043290044413879514,4.25,9.2614107131958,0.4588933724055235,0.4290196895599365,0.4431372582912445,1.5500121662626043e-05,1.6736242594019707e-06,0.6879457831382751,0.7079434990882874,1.0,48
3415,0.20521490275859833,0.3030582070350647,1.0,0.9896772503852844,0.8259732723236084,0.01611328125,0.09142620116472244,5.6739654541015625,0.7850771546363831,13.613571166992188,114.9671859741211,0.08250018209218979,0.446372389793396,7.419981956481934,92.33333587646484,61.43855285644531,0.7867894172668457,12.169609069824219,0.00026340593467466533,5.395833492279053,5.062993049621582,1.065739855602794,0.22158776223659515,0.25602325797080994,9.815001249080524e-06,1.9385768721188247e-06,0.4298524260520935,2.5903756618499756,1.0,48
3416,0.17962594330310822,0.20627029240131378,0.9999999403953552,0.9558852314949036,0.8225345015525818,0.0078125,0.04028350114822388,5.156288146972656,0.4844939410686493,9.331242561340332,197.71958923339844,0.04568839073181152,0.3552244305610657,6.908896446228027,96.375,57.689964294433594,0.7157623171806335,12.163445472717285,0.00028109189588576555,5.0,4.809608459472656,1.0395856610233014,0.38040274381637573,0.4883872866630554,5.902863449591678e-06,1.2273064402348098e-06,0.498088538646698,1.7187625169754028,1.0,48
3418,0.197283074259758,0.6376062035560608,1.0,1.0284225940704346,0.8996093273162842,0.0185546875,0.14804019033908844,7.9785871505737305,1.3843367099761963,28.2420654296875,217.6314239501953,0.09235962480306625,0.44470298290252686,7.605010032653809,101.42105102539062,63.10190200805664,0.6925713419914246,12.168376922607422,0.00023841044458094984,3.125,4.498409271240234,0.6946900125411491,0.2381935566663742,0.27723929286003113,7.72476960264612e-06,1.7172224934847106e-06,0.526507556438446,4.335102558135986,1.0,48
3467,0.16516248881816864,0.3214195966720581,1.0000001192092896,0.9774206876754761,0.8273225426673889,0.00439453125,0.017616746947169304,4.008788585662842,0.27705299854278564,7.082832336425781,335.0028381347656,0.02823571488261223,0.2829711437225342,6.32157039642334,89.77777862548828,60.56399917602539,0.9856734871864319,12.16054916381836,0.00029366553644649684,4.020833492279053,4.379328727722168,0.91813922477316,0.2512137293815613,0.32226473093032837,3.406366431590868e-06,7.778284380091161e-07,0.9845203161239624,0.7516478896141052,1.0,48
3485,0.20133857429027557,0.26596903800964355,1.0,1.0882736444473267,0.9114333391189575,0.00732421875,0.0396827831864357,5.418022632598877,0.5034576654434204,10.823541641235352,248.32354736328125,0.0433073565363884,0.3443093001842499,7.0234375,122.26667022705078,86.86116790771484,1.0238969326019287,12.157149314880371,0.0002657170407474041,3.8333334922790527,8.762970924377441,0.43744678842203516,0.4068811535835266,0.4068811535835266,1.453812546969857e-05,1.659040704182299e-06,0.4187316298484802,1.6931322813034058,1.0,48
3543,0.2190912961959839,0.2474949061870575,1.0,1.3713403940200806,0.8028303384780884,0.0029296875,0.022773003205657005,7.7731852531433105,0.4453881084918976,11.203447341918945,457.8659362792969,0.020013848319649696,0.22625431418418884,6.331579208374023,116.5,96.47843170166016,1.1900005340576172,12.157719612121582,0.0002539440174587071,3.9791667461395264,8.683956146240234,0.4582205016408475,0.41461464762687683,0.41461464762687683,3.5280390875414014e-05,4.062709465669256e-06,0.8217765688896179,0.9716481566429138,1.0,48
3632,0.2022055834531784,0.30076372623443604,1.0000001192092896,1.2260586023330688,0.8707079887390137,0.00341796875,0.017286768183112144,5.057614326477051,0.31727421283721924,9.352794647216797,500.07958984375,0.02282176911830902,0.24609223008155823,6.520162105560303,119.57142639160156,81.32772064208984,1.1148667335510254,12.157312393188477,0.00031444430351257324,3.0625,8.410897254943848,0.36411097455254027,0.4172501564025879,0.43783819675445557,2.0084848074475303e-05,2.38795546322838e-06,0.7243467569351196,0.7375687956809998,1.0,48
3844,0.18800772726535797,0.239724799990654,1.0,1.0115077495574951,0.7996569871902466,0.00537109375,0.026113107800483704,4.861785888671875,0.3649801015853882,6.685164928436279,218.22535705566406,0.03342986851930618,0.3108939826488495,6.673701286315918,94.54545593261719,58.34971618652344,0.7649754881858826,12.159486770629883,0.00027396943187341094,3.5625,6.366637706756592,0.5595575181895026,0.20849120616912842,0.3390062749385834,1.0967509297188371e-05,1.7226532724364972e-06,2.038313150405884,1.1141592264175415,1.0,48
3967,0.3271666467189789,0.5915069580078125,1.0,1.303608775138855,0.723504364490509,0.0244140625,0.2796611785888672,11.45492172241211,1.8548239469528198,17.287391662597656,47.12186050415039,0.1147531270980835,0.5058588981628418,7.301003456115723,81.87999725341797,84.42704772949219,0.9824379086494446,12.155271530151367,0.00025848817313089967,8.1875,9.756669998168945,0.8391695110262897,0.48341792821884155,0.5131347179412842,1.8201473722001538e-05,1.865541594290063e-06,0.36704108119010925,4.999098777770996,1.0,48
4070,0.20590440928936005,0.28009986877441406,0.9999999403953552,1.2687640190124512,0.8828643560409546,0.00341796875,0.01252403762191534,3.664175510406494,0.21785008907318115,5.255006790161133,340.64013671875,0.02282176911830902,0.2529681622982025,6.271047115325928,101.57142639160156,88.51904296875,1.305884599685669,12.159261703491211,0.00031626649433746934,2.4166667461395264,8.179605484008789,0.2954502815459292,0.4396935701370239,0.4507833421230316,1.4942646885174327e-05,1.8268175520346519e-06,0.5326184630393982,0.5343589782714844,1.0,48
4071,0.15769346058368683,0.200289785861969,1.0,0.8280910849571228,0.8428287506103516,0.00732421875,0.0327308364212513,4.468850135803223,0.39627552032470703,8.615297317504883,198.57257080078125,0.0433073565363884,0.35065141320228577,7.0218963623046875,115.13333129882812,69.59996032714844,0.9132524728775024,12.172073364257812,0.00026345631340518594,5.75,5.695079803466797,1.0096434445753222,0.44139450788497925,0.4991750121116638,4.3945892684860155e-06,7.71646651570081e-07,0.5056644678115845,1.3965157270431519,1.0,48
4102,0.1885257214307785,0.2507783770561218,1.0,0.8671542406082153,0.8522276878356934,0.01220703125,0.05323091149330139,4.360676288604736,0.49163371324539185,6.593042373657227,95.10196685791016,0.06591325998306274,0.4188036620616913,7.271770477294922,100.5199966430664,57.59642791748047,0.6988171339035034,12.162790298461914,0.00026093918131664395,3.0,4.032580852508545,0.7439404446644604,0.14207695424556732,0.1719730794429779,3.6883639040752314e-06,9.146410276273576e-07,1.236299991607666,1.6327576637268066,1.0,48
4110,0.1929808408021927,0.28197675943374634,1.0,1.1519865989685059,0.7301923036575317,0.00244140625,0.01527398545295,6.256224632263184,0.32972943782806396,10.381623268127441,635.6461791992188,0.01712392456829548,0.2022843062877655,5.761076927185059,86.0,58.86299514770508,0.8078184127807617,12.16295051574707,0.00028488293173722923,3.9583334922790527,5.239151954650879,0.7555294289965923,0.35748785734176636,0.41151270270347595,6.838106401119148e-06,1.3051933685559394e-06,0.5064675807952881,0.6516900062561035,1.0,48
4117,0.14294825494289398,0.21880245208740234,1.0,0.8754797577857971,0.8602970838546753,0.00634765625,0.028960565105080605,4.562402725219727,0.3745434284210205,6.927962303161621,197.72727966308594,0.03844451159238815,0.33215776085853577,6.661166191101074,85.92308044433594,57.52214813232422,1.0074821710586548,12.157766342163086,0.0003481893509160727,3.9166667461395264,4.684035778045654,0.8361735314096945,0.15706473588943481,0.2683160901069641,6.517399015137926e-06,1.3914067505144354e-06,1.0523372888565063,1.2356507778167725,1.0,48
4126,0.1473986655473709,0.5186138153076172,1.0,0.8984071612358093,0.9159183502197266,0.0029296875,0.011913053691387177,4.066322326660156,0.22928893566131592,6.660019874572754,489.20465087890625,0.020013848319649696,0.2298784703016281,6.472776412963867,130.5,52.07673645019531,0.6437832117080688,12.161456108093262,0.0002687832748051733,1.8333333730697632,5.986675262451172,0.3062356466044177,0.1062924712896347,0.3707444369792938,2.81748793895531e-06,4.70626484773697e-07,2.6103923320770264,0.5082902908325195,1.0,48
4158,0.1566421091556549,0.2155362218618393,0.9999999403953552,0.9967650175094604,0.8322622776031494,0.00341796875,0.01456480659544468,4.261246204376221,0.25018036365509033,4.831849098205566,300.49566650390625,0.02282176911830902,0.2544613778591156,6.173171520233154,81.85713958740234,55.74391174316406,0.9041822552680969,12.158916473388672,0.0003175250312779099,4.833333492279053,7.903315544128418,0.6115577012174703,0.6141230463981628,0.6828176975250244,5.609695108432788e-06,7.097900963226096e-07,0.8352896571159363,0.6214317679405212,1.0,48
4190,0.1263131946325302,0.19597430527210236,0.9999999403953552,0.9327035546302795,0.8753107786178589,0.00439453125,0.02890903130173683,6.578410625457764,0.49420082569122314,12.321276664733887,427.3146057128906,0.02823571488261223,0.269771546125412,6.395632266998291,85.0,64.02565002441406,0.7454124689102173,12.166393280029297,0.00025465217186138034,2.1666667461395264,4.306975364685059,0.5030599336310254,0.333418071269989,0.38545092940330505,6.575115548912436e-06,1.5266201863049267e-06,0.6835426688194275,1.2334519624710083,1.0,48
4239,0.1874748021364212,0.22470444440841675,1.0,0.9478921890258789,0.8371565341949463,0.02490234375,0.13028500974178314,5.231837272644043,0.8717671036720276,10.60002613067627,63.386436462402344,0.11654888093471527,0.5074781775474548,7.413524627685547,77.7450942993164,59.03581619262695,0.6963581442832947,12.162195205688477,0.00026602146681398153,5.020833492279053,8.367103576660156,0.6000682841173222,0.17664548754692078,0.18527816236019135,8.989251000457443e-06,1.074356365659102e-06,2.2393085956573486,2.5050208568573,1.0,48
4284,0.15061448514461517,0.9246355295181274,1.0,0.8464959859848022,0.939742386341095,0.01123046875,0.0514444075524807,4.580789089202881,0.5073899030685425,9.530584335327148,135.8585205078125,0.06158214434981346,0.4052864611148834,7.276577472686768,101.43478393554688,68.38104248046875,0.7483734488487244,12.1597318649292,0.00024231901625171304,3.4166667461395264,4.985116004943848,0.6853735672143654,0.08288819342851639,0.2920408248901367,6.600319466087967e-06,1.3240051879037992e-06,1.6307189464569092,1.704240322113037,1.0,48
4350,0.14753155410289764,0.22951550781726837,1.0,0.9289243221282959,0.8696275949478149,0.00732421875,0.033419735729694366,4.562907695770264,0.4016532003879547,7.691624641418457,174.62335205078125,0.0433073565363884,0.35124579071998596,6.878554344177246,96.46666717529297,55.37263107299805,0.6374175548553467,12.15865707397461,0.00026040198281407356,2.0416667461395264,6.156001091003418,0.33165470776259903,0.25593146681785583,0.37516769766807556,4.351858478912618e-06,7.069294510365296e-07,2.7828633785247803,1.4259086847305298,1.0,48
4520,0.18112337589263916,0.2448655664920807,1.0,0.8338504433631897,0.8942933678627014,0.009765625,0.041830264031887054,4.283419132232666,0.4362960159778595,8.253040313720703,140.52923583984375,0.05492175742983818,0.3887910842895508,7.2161760330200195,102.75,56.8195686340332,0.7226890325546265,12.153901100158691,0.0003050696395803243,3.25,3.8218905925750732,0.8503644761077801,0.37619972229003906,0.3788797855377197,4.1266735024692025e-06,1.0797466310754095e-06,0.32258304953575134,1.5150651931762695,1.0,48
4671,0.18761305510997772,0.2240532785654068,1.0000001192092896,1.0032376050949097,0.7590224742889404,0.00634765625,0.03834747150540352,6.041201591491699,0.6058312058448792,16.610319137573242,553.5213623046875,0.03844451159238815,0.30627161264419556,6.812782287597656,97.30769348144531,76.12610626220703,1.0486960411071777,12.157959938049316,0.0003016651317011565,4.875,5.631101608276367,0.865727584133386,0.34648531675338745,0.3504633903503418,1.1812257980636787e-05,2.097681551740922e-06,0.31944921612739563,1.63615882396698,1.0,48
4734,0.20204801857471466,0.3576800525188446,0.9999999403953552,0.947989821434021,0.8633710145950317,0.009765625,0.046150993555784225,4.725861549377441,0.48575133085250854,9.123516082763672,147.75746154785156,0.05492175742983818,0.38759228587150574,6.858129978179932,92.19999694824219,66.40495300292969,0.9517102241516113,12.159709930419922,0.0003252270689699799,5.8125,6.5747785568237305,0.8840601916739552,0.35917791724205017,0.43611574172973633,8.4198100012145e-06,1.2806225967366841e-06,0.9602676033973694,1.6796687841415405,1.0,48
4749,0.29575371742248535,0.3965449333190918,1.0,1.53879976272583,0.7380138635635376,0.0029296875,0.09241504222154617,31.544334411621094,1.7493209838867188,39.76282501220703,383.8779602050781,0.020013848319649696,0.23109449446201324,5.859801292419434,79.0,82.53662109375,1.5599576234817505,12.16006088256836,0.0003639495698735118,4.9791669845581055,10.020647048950195,0.49689076516379604,0.4215492904186249,0.4337465167045593,2.7106856578029692e-05,2.7051004210170752e-06,0.4061416685581207,3.9430418014526367,1.0,48
4776,0.3017491102218628,0.3786832392215729,1.0,1.4381275177001953,0.7433691620826721,0.00439453125,0.05231741815805435,11.905118942260742,1.1473108530044556,37.35487747192383,878.3513793945312,0.02823571488261223,0.22911526262760162,6.278039932250977,79.11111450195312,79.14878845214844,1.5814321041107178,12.158426284790039,0.0004146814171690494,3.5833334922790527,8.984405517578125,0.39883924220470834,0.39518463611602783,0.40518519282341003,3.247656422900036e-05,3.6147705186850443e-06,0.647901177406311,2.2322099208831787,1.0,48
4806,0.0942414328455925,0.11464873701334,1.0,0.9247207641601562,0.9209004640579224,0.0029296875,0.012363549321889877,4.220091342926025,0.23030339181423187,5.140956878662109,363.4274597167969,0.020013848319649696,0.23377780616283417,6.382646560668945,113.16666412353516,57.2685432434082,0.6111265420913696,12.162468910217285,0.0002463845885358751,2.3125,3.9947333335876465,0.578887199995972,0.24282823503017426,0.2731965482234955,4.334362529334612e-06,1.085019238215772e-06,0.5879718661308289,0.527511477470398,1.0,48
4817,0.17732571065425873,0.3205437660217285,0.9999999403953552,0.9659611582756042,0.8407720923423767,0.00244140625,0.011023040860891342,4.515037536621094,0.23762372136116028,7.671782970428467,662.2239379882812,0.01712392456829548,0.2030101865530014,6.0793280601501465,97.5999984741211,57.456024169921875,1.0377752780914307,12.156336784362793,0.00034457165747880936,3.0625,4.679840087890625,0.6544027009342436,0.32196807861328125,0.4451965093612671,6.2039516706136055e-06,1.325675993376345e-06,0.8074104189872742,0.47031641006469727,1.0,48
4861,0.21175308525562286,0.28290942311286926,1.0,0.9985589385032654,0.7604164481163025,0.0087890625,0.059381790459156036,6.756328105926514,0.7128507494926453,15.963019371032715,246.6957550048828,0.05035991966724396,0.3629111647605896,6.925865173339844,101.05555725097656,65.56900787353516,0.7924101948738098,12.165534973144531,0.0002587416674941778,6.1041669845581055,6.172950744628906,0.9888572300663144,0.3968629539012909,0.43453770875930786,1.8471602743375115e-05,2.992345715624546e-06,0.3922857344150543,2.3897721767425537,1.0,48
4919,0.20302601158618927,0.2597300410270691,1.0000001192092896,1.0597726106643677,0.7307313680648804,0.00830078125,0.04409845918416977,5.312567234039307,0.5438805818557739,14.033129692077637,312.31402587890625,0.04803864285349846,0.3572860062122345,6.566404342651367,70.64705657958984,61.89444351196289,0.8531578779220581,12.162581443786621,0.00025760085554793477,7.833333492279053,6.183860778808594,1.2667383306001383,0.34091219305992126,0.34091219305992126,1.1510619515320286e-05,1.8613969344445682e-06,0.29274263978004456,1.8138447999954224,1.0,48
5083,0.13714110851287842,0.25465819239616394,1.0,0.9193840026855469,0.8772995471954346,0.0068359375,0.034340839833021164,5.023574352264404,0.45607736706733704,11.764002799987793,313.9064636230469,0.04089350998401642,0.3343917429447174,6.737669944763184,82.28571319580078,57.691680908203125,0.7233401536941528,12.16373062133789,0.0002683638012968004,2.0416667461395264,4.111380577087402,0.4965890904266517,0.23312978446483612,0.2638269066810608,5.4166384870768525e-06,1.3174743549864658e-06,0.46061867475509644,1.4652090072631836,1.0,48
5175,0.25121966004371643,0.42870041728019714,1.0,1.0830508470535278,0.9176281690597534,0.00732421875,0.033036008477211,4.510516166687012,0.3956758677959442,7.520691871643066,169.4712677001953,0.0433073565363884,0.35165348649024963,7.021626949310303,121.93333435058594,81.42341613769531,0.822962760925293,12.159772872924805,0.0002445066347718239,2.6041667461395264,10.36034107208252,0.2513591710453673,0.40642833709716797,0.4133487939834595,3.6922545405104756e-05,3.5638349271106236e-06,0.939521849155426,1.4095364809036255,1.0,48
5178,0.12156732380390167,0.18125659227371216,1.0000001192092896,0.9465251564979553,0.8763769865036011,0.00244140625,0.012420420534908772,5.087404251098633,0.27385225892066956,9.355125427246094,763.6741943359375,0.01712392456829548,0.2001820206642151,5.8652143478393555,80.80000305175781,57.956520080566406,0.766146183013916,12.15903377532959,0.0002710809058044106,2.4166667461395264,4.514553070068359,0.5353058660023404,0.20715177059173584,0.3206385672092438,4.900842213828582e-06,1.085565309989527e-06,0.8106992244720459,0.5299379229545593,1.0,48
5319,0.21145783364772797,0.2801358997821808,1.0,1.0553996562957764,0.9140803813934326,0.00732421875,0.03313625976443291,4.524203777313232,0.4017869234085083,7.740272521972656,190.7300262451172,0.0433073565363884,0.3502715528011322,7.108190536499023,121.06666564941406,85.89666748046875,0.8924629092216492,12.158843040466309,0.0002413669863017276,3.9583334922790527,8.338534355163574,0.4747037451588656,0.48748740553855896,0.48748740553855896,1.2286872333788779e-05,1.473505030466796e-06,0.38702353835105896,1.413813591003418,1.0,48
5323,0.21962562203407288,0.3320119380950928,0.9999999403953552,1.0472815036773682,0.7962865829467773,0.025390625,0.17096666991710663,6.733456611633301,1.3086118698120117,27.020458221435547,159.54010009765625,0.1183348149061203,0.492960125207901,7.475872993469238,95.94230651855469,59.9536247253418,0.8067206144332886,12.158430099487305,0.0002497447421774268,7.145833492279053,6.39896297454834,1.1167174289856328,0.2823368012905121,0.3547930121421814,1.1098231880168896e-05,1.7343797591840963e-06,0.4466687738895416,4.128460884094238,1.0,48
5435,0.17323775589466095,0.29635196924209595,1.0,0.9977275729179382,0.8177909851074219,0.00390625,0.02025478705763817,5.185225486755371,0.34338539838790894,9.418253898620605,406.6766052246094,0.02555946074426174,0.26519331336021423,6.436647415161133,96.875,68.12493896484375,1.213958501815796,12.175223350524902,0.0003481415915302932,3.0,4.80876350402832,0.6238609969586315,0.35362082719802856,0.35856759548187256,5.448007414088352e-06,1.132933112263725e-06,0.6299651861190796,0.8642042279243469,1.0,48
5496,0.18901486694812775,0.30405083298683167,1.0,0.9746197462081909,0.7990771532058716,0.01123046875,0.06364237517118454,5.666938304901123,0.6485682129859924,12.461750984191895,167.28054809570312,0.06158214434981346,0.4011118710041046,6.892404556274414,74.60869598388672,58.35078811645508,0.6798252463340759,12.163890838623047,0.000251850753556937,5.9791669845581055,5.856542110443115,1.0209380999219575,0.22738133370876312,0.3663971424102783,9.602163117961027e-06,1.6395618644051537e-06,0.5397053360939026,2.179762601852417,1.0,48
5821,0.19266334176063538,0.3121546506881714,1.0,1.0393766164779663,0.8178637027740479,0.00390625,0.01552998274564743,3.975675582885742,0.2503044009208679,5.1696672439575195,271.564697265625,0.02555946074426174,0.2715786099433899,6.176144599914551,79.0,85.31183624267578,0.9167290925979614,12.165699005126953,0.00025124382227659225,7.6041669845581055,6.995725154876709,1.0869733737877794,0.4689970016479492,0.552391529083252,1.0356860002502799e-05,1.480455529399764e-06,0.2872191071510315,0.6626126170158386,1.0,48
5933,0.2574976086616516,0.35169994831085205,1.0,1.3939216136932373,0.817307710647583,0.00341796875,0.05062708631157875,14.812039375305176,0.8921078443527222,18.4912052154541,340.84100341796875,0.02282176911830902,0.2505326569080353,5.786333084106445,72.42857360839844,88.19680786132812,1.1907033920288086,12.153020858764648,0.000300321145914495,2.0625,11.796018600463867,0.17484713004525296,0.3498614430427551,0.434206485748291,2.3418737328029238e-05,1.9853086114373564e-06,1.684326171875,2.1600887775421143,1.0,48
6038,0.3695765435695648,0.6043925285339355,1.0,1.6726738214492798,0.7338060140609741,0.00390625,0.11993031948804855,30.70216178894043,1.9473479986190796,38.92076110839844,281.29010009765625,0.02555946074426174,0.2704690396785736,5.921287536621094,65.25,84.45166778564453,1.333082675933838,12.158882141113281,0.0003171307616867125,9.4375,11.11393928527832,0.849158858012609,0.40182065963745117,0.44487476348876953,1.4728158930665813e-05,1.3251969926561474e-06,0.516622006893158,5.117027282714844,1.0,48
6121,0.18687939643859863,0.3284361958503723,1.0,1.0233935117721558,0.8242120742797852,0.00830078125,0.03735256940126419,4.4998860359191895,0.42079001665115356,7.010519504547119,147.00538635253906,0.04803864285349846,0.3677186667919159,6.811196327209473,80.23529052734375,58.040061950683594,1.0072888135910034,12.156633377075195,0.00036035157972946763,4.5,5.5691046714782715,0.8080293435614705,0.3176092803478241,0.34734150767326355,1.1728530807886273e-05,2.1059993443637397e-06,0.45963481068611145,1.5271447896957397,1.0,48
6192,0.18223653733730316,0.2805439531803131,1.0,1.0738130807876587,0.7996864318847656,0.013671875,0.10294559597969055,7.529735088348389,0.9497009515762329,13.664480209350586,113.51011657714844,0.07226333767175674,0.42548495531082153,6.968644142150879,76.14286041259766,67.94898986816406,0.788902997970581,12.170180320739746,0.0002467000449541956,6.958333492279053,5.85529899597168,1.1883822645406177,0.29426002502441406,0.3288305997848511,1.8917406123364344e-05,3.230818119462547e-06,0.4551166594028473,3.2511072158813477,1.0,48
6227,0.12989382445812225,0.16095992922782898,0.9999998807907104,0.8831557631492615,0.8967897891998291,0.00537109375,0.022626280784606934,4.212602138519287,0.3108353316783905,5.009317874908447,194.63438415527344,0.03342986851930618,0.31327101588249207,6.6952080726623535,97.09091186523438,55.55265808105469,1.0417762994766235,12.158599853515625,0.00031708856113255024,3.2916667461395264,3.958573818206787,0.8315284466048809,0.26376575231552124,0.27188384532928467,5.10363133798819e-06,1.2892601122207965e-06,0.3820857107639313,0.9653880596160889,1.0,48
6230,0.20832310616970062,0.2887612581253052,1.0,1.048384428024292,0.8135386109352112,0.00244140625,0.012666674330830574,5.18826961517334,0.26431792974472046,7.660547733306885,526.0062255859375,0.01712392456829548,0.20709328353405,6.112460136413574,105.4000015258789,90.90680694580078,0.9653562307357788,12.177621841430664,0.00022807925415690988,3.5416667461395264,4.52119779586792,0.7833470018814281,0.2793322503566742,0.2793322503566742,5.5069904192350805e-06,1.2180379305872731e-06,0.45189329981803894,0.5404447913169861,1.0,48
6235,0.250736266374588,0.35298189520835876,0.9999998807907104,1.443907380104065,0.773889422416687,0.0029296875,0.03270036727190018,11.161725044250488,1.0074526071548462,44.45261764526367,1845.230224609375,0.020013848319649696,0.15419599413871765,6.349514961242676,111.33333587646484,84.26668548583984,1.6008517742156982,12.15907096862793,0.00042977737030014396,3.9583334922790527,8.58700180053711,0.46096805143580866,0.38010868430137634,0.40354880690574646,1.8679886125028133e-05,2.1753676704837822e-06,0.4811621308326721,1.395215630531311,1.0,48
6308,0.16942565143108368,0.2677997350692749,0.9999998807907104,1.04959237575531,0.8412272334098816,0.013671875,0.084370918571949,6.171130180358887,0.9456311464309692,29.919002532958984,530.3977661132812,0.07226333767175674,0.4063493609428406,7.26399040222168,102.60713958740234,57.426246643066406,0.6979959011077881,12.164613723754883,0.0002805048425216228,5.520833492279053,7.725567817687988,0.714618474061247,0.5003238916397095,0.6031402349472046,8.495222573401406e-06,1.0996243593843058e-06,0.6746444702148438,2.7286596298217773,1.0,48
6329,0.1458708792924881,0.2349826544523239,1.0,0.8580474853515625,0.9033523201942444,0.0068359375,0.028354430571198463,4.147848129272461,0.3518165349960327,7.397336959838867,191.89088439941406,0.04089350998401642,0.34275493025779724,6.921871185302734,98.28571319580078,68.1215591430664,0.9427080154418945,12.1629056930542,0.00029176496900618076,4.1875,4.342934608459473,0.9642097723970322,0.16217473149299622,0.26046526432037354,7.078127964632586e-06,1.6298030217971233e-06,0.4689827859401703,1.2097891569137573,1.0,48
6486,0.19534502923488617,0.2963293492794037,1.0,0.9945764541625977,0.8309786319732666,0.005859375,0.02801525965332985,4.781270980834961,0.3901248872280121,8.710627555847168,280.07379150390625,0.03595767915248871,0.31757399439811707,6.658105850219727,103.16666412353516,61.463592529296875,1.0469046831130981,12.153788566589355,0.00034900952596217394,4.395833492279053,5.235002517700195,0.8397003571668187,0.3278639316558838,0.36739295721054077,7.095017281244509e-06,1.355303506292946e-06,0.5088334083557129,1.1953177452087402,1.0,48
6531,0.14067906141281128,0.23352180421352386,1.0,1.0169153213500977,0.8153932690620422,0.00439453125,0.020737428218126297,4.718916893005371,0.3243221044540405,6.985738277435303,297.5497131347656,0.02823571488261223,0.28320667147636414,6.074909210205078,70.55555725097656,60.762184143066406,0.8174420595169067,12.164041519165039,0.0002889636089093983,3.5,5.360243797302246,0.6529553740133908,0.12785375118255615,0.3210669755935669,5.706353022105759e-06,1.0645696776575739e-06,0.889744222164154,0.8847969174385071,1.0,48
6533,0.140733003616333,0.16771797835826874,1.0000001192092896,0.8690430521965027,0.856616199016571,0.01171875,0.05357764661312103,4.571959018707275,0.5172064900398254,9.12614631652832,126.73333740234375,0.0637580007314682,0.41077131032943726,6.98137092590332,77.08333587646484,57.83652114868164,0.7677820324897766,12.16143798828125,0.0002911276533268392,4.8541669845581055,5.913537979125977,0.8208566501955546,0.1918642371892929,0.20983782410621643,8.066230293479748e-06,1.3640278135208092e-06,1.0413763523101807,1.7216299772262573,1.0,48
6626,0.15848736464977264,0.2710942327976227,0.9999999403953552,1.0415321588516235,0.8205212950706482,0.00830078125,0.052342452108860016,6.305726051330566,0.7710307836532593,22.097930908203125,561.2996215820312,0.04803864285349846,0.33336764574050903,6.84403657913208,85.0,56.417423248291016,0.6933971047401428,12.161855697631836,0.0002520458656363189,4.5625,5.100429534912109,0.8945325015912206,0.47579413652420044,0.5307366251945496,6.048199338692939e-06,1.1858215637399147e-06,0.476520836353302,2.1692471504211426,1.0,48
6687,0.19865281879901886,0.5334357023239136,1.0,0.9080289006233215,0.8811327219009399,0.0146484375,0.08583846688270569,5.859906196594238,0.7895005345344543,17.123085021972656,175.02528381347656,0.07640714943408966,0.43257713317871094,7.178867340087891,84.06666564941406,67.23291015625,1.0002615451812744,12.1697359085083,0.00031099835177883506,2.6875,4.5343475341796875,0.5926982821265409,0.1348610371351242,0.2776424288749695,5.326844984665513e-06,1.1747765103500017e-06,1.0717750787734985,2.600316286087036,1.0,48
6833,0.20817911624908447,0.3396691083908081,0.9999999403953552,1.1079422235488892,0.7804948091506958,0.0126953125,0.057332418859004974,4.516030311584473,0.5381231904029846,10.040276527404785,137.96824645996094,0.06804874539375305,0.42014867067337036,6.9889092445373535,70.57691955566406,68.63931274414062,0.9849673509597778,12.165739059448242,0.0002833727339748293,6.020833492279053,7.721416473388672,0.7797576397066345,0.40868109464645386,0.4815793037414551,1.1505791917443275e-05,1.4901141444961622e-06,1.4072794914245605,1.7404886484146118,1.0,48
6983,0.11467292159795761,0.15634141862392426,1.0,0.9755317568778992,0.8642287254333496,0.0146484375,0.07727216184139252,5.275113105773926,0.6617082953453064,9.160120010375977,88.23979187011719,0.07640714943408966,0.4404416084289551,6.539341449737549,91.69999694824219,56.894500732421875,0.8323148488998413,12.166446685791016,0.0002743041259236634,3.8958334922790527,4.034832954406738,0.965550129744188,0.2768893241882324,0.37985777854919434,5.4024958444642834e-06,1.3389639402974986e-06,0.38003620505332947,2.158071279525757,1.0,48
7022,0.1265564262866974,0.17806565761566162,1.0,0.8478471040725708,0.8782519102096558,0.00732421875,0.041119251400232315,5.6141486167907715,0.5358946323394775,12.014331817626953,267.7379455566406,0.0433073565363884,0.3400033712387085,7.000286102294922,110.53333282470703,59.89650344848633,0.8457595109939575,12.165304183959961,0.0002630519447848201,3.2708334922790527,4.041998863220215,0.8092118763193065,0.29885607957839966,0.31210675835609436,5.0359490160190035e-06,1.2459055962098575e-06,0.3492027223110199,1.7544212341308594,1.0,48
7058,0.19251582026481628,0.28660428524017334,1.0,1.123966097831726,0.7417566776275635,0.00732421875,0.04735952615737915,6.466154098510742,0.662849485874176,19.896760940551758,480.34613037109375,0.0433073565363884,0.33261507749557495,6.576096534729004,75.66666412353516,56.80875778198242,0.6974399089813232,12.161142349243164,0.0002661591279320419,6.6041669845581055,5.873567581176758,1.124387671043209,0.26607394218444824,0.28390300273895264,1.2035957297484856e-05,2.0491732002139906e-06,0.48879069089889526,2.0206730365753174,1.0,48
7105,0.16453593969345093,0.24225512146949768,1.0,0.9869948625564575,0.8498579263687134,0.01123046875,0.0675581693649292,6.0156145095825195,0.7207444310188293,15.661090850830078,218.79762268066406,0.06158214434981346,0.3951021134853363,7.0462799072265625,89.0,67.79772186279297,0.9918980002403259,12.167379379272461,0.00028124090749770403,4.75,4.651553630828857,1.0211641887362177,0.24837402999401093,0.25630757212638855,8.343134140886832e-06,1.7936231171570827e-06,0.4777219295501709,2.3961362838745117,1.0,48
7124,0.280617356300354,0.4150424003601074,1.0,1.3596432209014893,0.6400884985923767,0.01318359375,0.10644938796758652,8.074382781982422,1.128487467765808,23.247774124145508,229.1747589111328,0.07016520947217941,0.4047906696796417,5.9650774002075195,40.814815521240234,66.36404418945312,0.9192246198654175,12.1639404296875,0.00032072601607069373,10.833333969116211,10.820562362670898,1.001180308010383,0.14964359998703003,0.326782763004303,1.3195047358749434e-05,1.2194419203271435e-06,0.6571655869483948,3.6524641513824463,1.0,48
7148,0.17814569175243378,0.23955276608467102,1.0,1.07469642162323,0.8128520250320435,0.00390625,0.02332576923072338,5.9713969230651855,0.45962753891944885,17.00316047668457,949.3046264648438,0.02555946074426174,0.24708037078380585,6.427045822143555,103.375,59.522640228271484,0.7984979152679443,12.15964126586914,0.00029336492298170924,4.958333492279053,5.031980514526367,0.9853642056267207,0.28358060121536255,0.3034158945083618,5.720562967326259e-06,1.1368412376486104e-06,0.6550378203392029,0.9952328205108643,1.0,48
7172,0.12410098314285278,0.17958511412143707,1.0,0.9005667567253113,0.8983712196350098,0.00830078125,0.037711020559072495,4.543068885803223,0.44459807872772217,11.426390647888184,270.9161376953125,0.04803864285349846,0.3635176122188568,7.048600673675537,94.82353210449219,58.01423263549805,0.8376714587211609,12.156002044677734,0.0003333534696139395,2.2708334922790527,4.253320217132568,0.5338966668423094,0.2675486207008362,0.2962695062160492,7.096583431120962e-06,1.6684808695688584e-06,0.441450834274292,1.542911171913147,1.0,48
7176,0.2831483483314514,0.35687708854675293,1.0,1.41858971118927,0.7693275213241577,0.00439453125,0.15862353146076202,36.095664978027344,2.4877569675445557,48.35548400878906,260.9300231933594,0.02823571488261223,0.2808704376220703,5.87263298034668,64.11111450195312,83.74341583251953,1.081658959388733,12.15463924407959,0.00029615688254125416,5.4166669845581055,9.04853343963623,0.5986237454618534,0.49725431203842163,0.5381700992584229,1.1985342098341789e-05,1.3245618381201457e-06,0.36673030257225037,6.767937183380127,1.0,48
7194,0.1588459014892578,0.46791067719459534,1.0,1.1630523204803467,0.8015309572219849,0.005859375,0.047607943415641785,8.125088691711426,0.6986258625984192,16.704303741455078,329.02734375,0.03595767915248871,0.30901074409484863,5.877676010131836,56.58333206176758,62.10890579223633,0.9025856852531433,12.162049293518066,0.0002878994564525783,2.1875,5.424899101257324,0.4032333053827069,0.3576596677303314,0.3581623435020447,4.151596385781886e-06,7.65285455201705e-07,0.3975132703781128,2.0312721729278564,1.0,48
7221,0.3282966613769531,0.4900808036327362,1.0,1.287002682685852,0.6716235876083374,0.01513671875,0.1611117571592331,10.643770217895508,1.4479583501815796,19.14375877380371,102.699951171875,0.07845399528741837,0.43349146842956543,6.304091930389404,47.32258224487305,63.96857833862305,0.863613486289978,12.165901184082031,0.00026432081358507276,9.583333969116211,6.652541160583496,1.4405523729025873,0.2729162573814392,0.2850724160671234,1.405111834174022e-05,2.112143011436304e-06,0.4248761832714081,5.050135135650635,1.0,48
7244,0.14806607365608215,0.1983909159898758,1.0,0.9362594485282898,0.8584332466125488,0.00390625,0.019593141973018646,5.015844345092773,0.3485322892665863,11.093852996826172,587.3655395507812,0.02555946074426174,0.2598120868206024,6.29595422744751,80.625,57.19560623168945,1.0781891345977783,12.151376724243164,0.00041406170930713415,3.6875,6.871179580688477,0.5366618571572688,0.24046717584133148,0.28592586517333984,1.1583651939872652e-05,1.6858316373465647e-06,1.1202714443206787,0.8359740376472473,1.0,48
7258,0.16772644221782684,0.25792279839515686,1.0,1.2342393398284912,0.7056576013565063,0.00439453125,0.03776504844427109,8.593647003173828,0.7633357644081116,27.113649368286133,886.4805908203125,0.02823571488261223,0.24588963389396667,5.964995384216309,77.33333587646484,60.90380096435547,0.7516318559646606,12.162444114685059,0.0002471555199008435,4.3125,5.798881530761719,0.7436778919669959,0.29644662141799927,0.29644662141799927,1.1367366823833436e-05,1.960268845626438e-06,0.6189256906509399,1.6113086938858032,1.0,48
7314,0.3299644887447357,0.46464505791664124,0.9999999403953552,1.5542958974838257,0.7268503308296204,0.01513671875,0.3588748574256897,23.708894729614258,3.1841025352478027,41.558223724365234,101.22528076171875,0.07845399528741837,0.4361259937286377,6.740852355957031,83.58064270019531,86.77690124511719,1.4965074062347412,12.156718254089355,0.0003756551304832101,8.104166984558105,19.84097671508789,0.4084560501656556,0.6531105637550354,0.69138503074646,0.00010009310062741861,5.044766798242148e-06,0.719681978225708,10.939193725585938,1.0,48
7341,0.19189953804016113,0.5501858592033386,1.0,1.0330936908721924,0.8712942600250244,0.00341796875,0.018478529527783394,5.406289577484131,0.3313283622264862,8.357032775878906,406.511474609375,0.02282176911830902,0.24879217147827148,6.402263641357422,109.14286041259766,58.75389862060547,0.6201351284980774,12.164745330810547,0.00025021942565217614,1.6666667461395264,7.210540294647217,0.23114311490157738,-0.020252419635653496,0.36480194330215454,3.053731234103907e-06,4.235093495193096e-07,2.3187692165374756,0.7884172797203064,1.0,48
7463,0.13661174476146698,0.17763423919677734,0.9999999403953552,0.8940292596817017,0.8709930777549744,0.00341796875,0.016890324652194977,4.94162654876709,0.31938862800598145,10.459811210632324,642.5614624023438,0.02282176911830902,0.24297618865966797,6.559166431427002,116.71428680419922,58.55047607421875,0.9006870985031128,12.152237892150879,0.0003505833155941218,2.5625,4.172191143035889,0.6141856655190404,0.27064016461372375,0.27064016461372375,4.9789973672886845e-06,1.1933770972276102e-06,0.3853151798248291,0.720653772354126,1.0,48
7512,0.20311947166919708,0.37075671553611755,1.0000001192092896,1.0117180347442627,0.7492368221282959,0.005859375,0.033667806535959244,5.745972156524658,0.4529089331626892,7.899011135101318,203.96864318847656,0.03595767915248871,0.3214445412158966,6.2897844314575195,63.833335876464844,72.93192291259766,0.8272721767425537,12.164591789245605,0.00024835459771566093,5.5625,5.575063228607178,0.9977465298473787,0.35046693682670593,0.37557101249694824,8.63315199239878e-06,1.5485298772244253e-06,0.41805100440979004,1.4364930391311646,1.0,48
7550,0.22652582824230194,0.4238060414791107,1.0,0.9945905208587646,0.7258024215698242,0.00244140625,0.015235972590744495,6.240654468536377,0.3230679929256439,9.874732971191406,587.3843383789062,0.01712392456829548,0.2050161063671112,5.473008155822754,61.599998474121094,85.78279113769531,0.9859356880187988,12.174243927001953,0.0002447025035507977,6.1666669845581055,7.719321250915527,0.7988612957179511,0.2823364734649658,0.38031548261642456,8.601627996540628e-06,1.1142984863309676e-06,1.4220924377441406,0.6500681638717651,1.0,48
7591,0.17133717238903046,0.21143074333667755,0.9999998807907104,1.0181447267532349,0.8492363691329956,0.0068359375,0.042477063834667206,6.21378755569458,0.5722622275352478,12.753941535949707,274.47021484375,0.04089350998401642,0.3307815194129944,6.8174028396606445,101.07142639160156,62.2769889831543,0.8104153275489807,12.159017562866211,0.0002765781246125698,4.083333492279053,4.789496898651123,0.8525600016368006,0.35748371481895447,0.36274632811546326,6.229298378457315e-06,1.3006164315933731e-06,0.3758750259876251,1.8123546838760376,1.0,48
7624,0.14689427614212036,0.26651182770729065,1.0,0.844929039478302,0.9251554012298584,0.00927734375,0.04276800528168678,4.609941005706787,0.461079865694046,8.726733207702637,151.01223754882812,0.05265381559729576,0.38098785281181335,6.903448104858398,81.31578826904297,68.43497467041016,0.7715392708778381,12.163524627685547,0.0002462126431055367,4.4166669845581055,5.954854488372803,0.7416918391146222,0.25251632928848267,0.44123244285583496,6.073004897189094e-06,1.019841021950843e-06,0.9101492166519165,1.6174050569534302,1.0,48
7682,0.2475433647632599,0.351788192987442,0.9999999403953552,1.3212802410125732,0.666557788848877,0.0068359375,0.07132899761199951,10.434412956237793,1.0583680868148804,26.607254028320312,402.5272521972656,0.04089350998401642,0.3161206841468811,6.160496711730957,63.71428680419922,73.08955383300781,0.7440307140350342,12.164403915405273,0.00023177129332907498,5.6041669845581055,5.864230632781982,0.9556525528981406,0.310610294342041,0.3534943461418152,8.270131729659624e-06,1.4102671319449137e-06,0.5898972749710083,3.043370485305786,1.0,48
7710,0.14179657399654388,0.17868220806121826,1.0,0.9165682196617126,0.8883640170097351,0.01611328125,0.07431724667549133,4.612173557281494,0.6201237440109253,10.215924263000488,103.86766815185547,0.08250018209218979,0.45075300335884094,7.48937463760376,101.8787841796875,58.02339172363281,1.0557074546813965,12.156623840332031,0.00036651009577326477,4.145833492279053,5.400066375732422,0.7677375047152768,0.2897505760192871,0.3226928114891052,6.313802259683143e-06,1.1692082668399993e-06,0.8802974224090576,1.9341856241226196,1.0,48
7789,0.20241940021514893,0.30603480339050293,0.9999999403953552,1.1979620456695557,0.9069228172302246,0.00390625,0.016898732632398605,4.326075553894043,0.27356985211372375,5.459440231323242,277.3510437011719,0.02555946074426174,0.27093011140823364,6.5832366943359375,123.5,84.11605072021484,0.9836287498474121,12.159664154052734,0.00024285787367261946,3.125,8.399955749511719,0.37202576888115096,0.43592461943626404,0.43592461943626404,1.606655860086903e-05,1.9126956213639582e-06,0.34248584508895874,0.7210125923156738,1.0,48
7796,0.19308973848819733,0.9309388399124146,1.0,0.9381923675537109,0.8860857486724854,0.00390625,0.01575298048555851,4.0327630043029785,0.25473764538764954,5.400717735290527,279.0767517089844,0.02555946074426174,0.2711561918258667,6.556530952453613,118.875,59.33938217163086,0.8801016807556152,12.159082412719727,0.00029810453997924924,4.0416669845581055,4.07240104675293,0.9924530831402618,0.32774412631988525,0.36802858114242554,6.180441687320126e-06,1.5176407237866724e-06,0.4587896764278412,0.6721270680427551,1.0,48
7810,0.11771758645772934,0.14453575015068054,1.0,0.9082868695259094,0.8832418918609619,0.01318359375,0.0649462640285492,4.926294326782227,0.6035651564598083,9.430727005004883,126.58210754394531,0.07016520947217941,0.4234509766101837,7.233135223388672,101.96295928955078,60.28418731689453,0.8743175864219666,12.16145133972168,0.00032302882755175233,3.9375,4.401090145111084,0.8946646992512284,0.19404320418834686,0.2272922396659851,6.770113031961955e-06,1.5382809243522704e-06,0.5661979913711548,1.9674738645553589,1.0,48
7838,0.2876361906528473,0.5078482627868652,1.0,1.2116700410842896,0.6630668640136719,0.0322265625,0.24090294539928436,7.4752912521362305,1.4728095531463623,16.989534378051758,55.90643310546875,0.14239871501922607,0.5348759293556213,6.808603763580322,53.318180084228516,62.93180847167969,1.015426516532898,12.161131858825684,0.00029662944143638015,8.395833969116211,7.740478515625,1.0846660114515716,0.5349302291870117,0.5555362701416016,1.23946110761608e-05,1.6012719414088168e-06,0.5134875178337097,4.33427095413208,1.0,48
7849,0.16652433574199677,0.23241087794303894,1.0,0.9427746534347534,0.8341270685195923,0.01220703125,0.0612129271030426,5.014563083648682,0.6025509238243103,11.826947212219238,169.21014404296875,0.06591325998306274,0.41145724058151245,7.206766128540039,92.4000015258789,62.48991775512695,0.9481155872344971,12.16075325012207,0.0002879772218875587,5.1666669845581055,4.987278938293457,1.0359691202606647,0.3191834092140198,0.3191834092140198,7.0951909947325476e-06,1.4226577394794357e-06,0.3507114052772522,1.9726835489273071,1.0,48
7859,0.13034622371196747,0.15910965204238892,1.0,0.8789156675338745,0.857231855392456,0.00341796875,0.01897040195763111,5.550197601318359,0.364319771528244,11.180794715881348,599.2117309570312,0.02282176911830902,0.23960766196250916,6.416077613830566,108.28571319580078,75.27783966064453,0.783688485622406,12.181131362915039,0.00022853136761114,2.3125,3.8735759258270264,0.5969935889500694,0.2751277685165405,0.290025532245636,4.8188767323154025e-06,1.2440382768142507e-06,0.40666404366493225,0.8094038367271423,1.0,48
7926,0.1554710566997528,0.32827961444854736,1.0,0.9815449714660645,0.8407691717147827,0.0166015625,0.08878602832555771,5.348052501678467,0.7238285541534424,9.825325012207031,85.80052947998047,0.08450048416852951,0.45502984523773193,6.327747821807861,90.85294342041016,63.482479095458984,0.7538893818855286,12.168869018554688,0.00027083815075457096,6.625,5.102075099945068,1.2984912721269852,0.31964626908302307,0.39920538663864136,8.926320333557669e-06,1.7495470257108336e-06,0.4043501317501068,2.3152236938476562,1.0,48
7951,0.2704477906227112,0.593058168888092,1.0,1.0714207887649536,0.7482377886772156,0.00439453125,0.022260552272200584,5.065512180328369,0.35091087222099304,8.686841011047363,325.3834533691406,0.02823571488261223,0.2823534607887268,6.066072463989258,71.11111450195312,56.47492599487305,0.874181866645813,12.158792495727539,0.0003461511223576963,7.0,5.903865814208984,1.1856638020627575,0.27814817428588867,0.3872776925563812,4.713431280833902e-06,7.983635504564367e-07,0.459954172372818,0.9497835636138916,1.0,48
7953,0.16477224230766296,0.28529274463653564,1.0,1.0636402368545532,0.7638305425643921,0.00244140625,0.010812805965542793,4.428925514221191,0.22918352484703064,6.5203046798706055,560.8007202148438,0.01712392456829548,0.20481078326702118,5.8250579833984375,78.0,70.79302215576172,0.8027293682098389,12.164280891418457,0.0002568700001575053,3.625,5.242029190063477,0.6915260983201132,0.4078027009963989,0.44085603952407837,6.569498509634286e-06,1.2532357716654335e-06,0.3690583407878876,0.46134641766548157,1.0,48
8011,0.23135653138160706,0.2797679007053375,0.9999999403953552,1.255472183227539,0.7738381028175354,0.00341796875,0.03852824866771698,11.27226448059082,0.8803568482398987,34.76124572753906,1210.365234375,0.02282176911830902,0.2150392383337021,6.528337001800537,123.42857360839844,74.49710083007812,1.7617802619934082,12.157899856567383,0.0004952734452672303,3.7083334922790527,13.396174430847168,0.27682033468985934,0.09801125526428223,0.2803451716899872,1.2310363672440872e-05,9.189462056349849e-07,3.0793704986572266,1.6438719034194946,1.0,48
8098,0.160920649766922,0.9322643280029297,1.0,0.8413969874382019,0.9236774444580078,0.0205078125,0.0786350890994072,3.8343968391418457,0.5478456020355225,5.255313873291016,47.0255012512207,0.10000890493392944,0.48922133445739746,7.716601848602295,99.45237731933594,64.83788299560547,0.8085545301437378,12.172840118408203,0.0002541524008847773,5.1666669845581055,4.672604560852051,1.1057359779143396,0.33443570137023926,0.4376503825187683,9.374825822305866e-06,2.00633836656894e-06,0.5346856713294983,1.443604588508606,1.0,48
8099,0.15232378244400024,0.6443511843681335,0.9999999403953552,0.9645810127258301,0.9262493252754211,0.0126953125,0.07644464820623398,6.021486282348633,0.7377384305000305,15.504793167114258,163.00363159179688,0.06804874539375305,0.4162842035293579,7.073614120483398,109.84615325927734,68.68251037597656,0.8674405813217163,12.155550956726074,0.00029734917916357517,3.0833334922790527,7.272563457489014,0.42396790431086195,0.44454431533813477,0.4498386085033417,2.2200267267180607e-05,3.0526055037434632e-06,0.7955505847930908,2.4602396488189697,1.0,48
8144,0.25665774941444397,0.6552641987800598,1.0,1.2884184122085571,0.7616109251976013,0.00537109375,0.06405068933963776,11.925073623657227,0.9274388551712036,18.13823699951172,252.5248260498047,0.03342986851930618,0.305125892162323,6.743355751037598,106.90908813476562,74.6413345336914,1.0676519870758057,12.157493591308594,0.00033374474151059985,4.395833492279053,9.457706451416016,0.464788530941666,0.4529817998409271,0.47313392162323,2.6512796466704458e-05,2.8033008398882933e-06,0.36043012142181396,2.7328293323516846,1.0,48
8167,0.20949812233448029,0.2766355574131012,1.0,1.0849028825759888,0.740033745765686,0.0517578125,0.2813182473182678,5.435280799865723,1.2970808744430542,13.658291816711426,29.406341552734375,0.2036588490009308,0.6025989651679993,7.0584187507629395,64.45282745361328,61.34370040893555,0.7562193870544434,12.162052154541016,0.0002681741025298834,7.7291669845581055,4.9805498123168945,1.5518702272438238,0.3384382128715515,0.35970818996429443,9.567474990035407e-06,1.920967630353857e-06,0.3818456530570984,3.0892021656036377,1.0,48
8221,0.27386853098869324,0.40921950340270996,1.0000001192092896,1.1608906984329224,0.6760932803153992,0.00927734375,0.04592931270599365,4.9506964683532715,0.5030817985534668,8.672778129577637,161.87216186523438,0.05265381559729576,0.3788158595561981,6.434998989105225,62.6315803527832,62.538875579833984,0.7162128686904907,12.160242080688477,0.0002536177053116262,8.729166984558105,10.91822338104248,0.7995043398470562,0.48684605956077576,0.5893235802650452,6.50697211312945e-06,5.959735279338481e-07,1.2155992984771729,1.7574152946472168,1.0,48
8237,0.16989414393901825,0.21337586641311646,1.0,1.0168721675872803,0.7835125923156738,0.00341796875,0.01738486997783184,5.086316108703613,0.31504079699516296,8.8394193649292,454.64422607421875,0.02282176911830902,0.24765253067016602,5.950333595275879,74.14286041259766,73.80690002441406,0.7794104814529419,12.187015533447266,0.00023068666632752866,4.1875,4.201238632202148,0.9967298591267486,0.2981224060058594,0.31548401713371277,5.445328042696929e-06,1.2961244305423864e-06,0.2475622594356537,0.7417544722557068,1.0,48
8307,0.19243216514587402,0.23200544714927673,1.0,1.1740870475769043,0.8866147398948669,0.00390625,0.028340667486190796,7.255210876464844,0.6502843499183655,26.740602493286133,1401.0703125,0.02555946074426174,0.22528983652591705,6.474616050720215,103.75,82.06803894042969,1.2340165376663208,12.159061431884766,0.0003298489609733224,3.0,10.001659393310547,0.29995022616017103,0.43348783254623413,0.44835329055786133,1.2785347280441783e-05,1.2783226027682802e-06,0.8151090145111084,1.209201693534851,1.0,48
8331,0.14473631978034973,0.21087700128555298,1.0,0.8924989700317383,0.8864015936851501,0.00537109375,0.028161514550447464,5.243162155151367,0.4173937439918518,11.529698371887207,377.8567199707031,0.03342986851930618,0.30427172780036926,6.589526176452637,87.2727279663086,55.997276306152344,0.8519169092178345,12.161813735961914,0.0002692298439797014,2.6041667461395264,3.948256254196167,0.6595738908223359,0.20784668624401093,0.25970715284347534,5.709309334633872e-06,1.4460331226236251e-06,0.5815182328224182,1.201557993888855,1.0,48
8339,0.1950744092464447,0.262256383895874,0.9999999403953552,0.9199899435043335,0.8170368075370789,0.017578125,0.08259030431509018,4.698470592498779,0.6607106924057007,10.537081718444824,96.67583465576172,0.08845767378807068,0.46195921301841736,7.358268737792969,83.05555725097656,58.97963333129883,0.9187998175621033,12.161321640014648,0.0003299731179140508,8.625,6.84265661239624,1.2604753498473227,0.3036482036113739,0.37113118171691895,1.0375045349064749e-05,1.5162305989616494e-06,0.37215083837509155,2.019789457321167,1.0,48
8341,0.1464378386735916,0.2584884762763977,1.0,0.8450026512145996,0.9204734563827515,0.01123046875,0.044174470007419586,3.933448553085327,0.4188940227031708,5.607939720153809,92.35121154785156,0.06158214434981346,0.4099348187446594,6.938204288482666,74.6956558227539,55.021339416503906,0.7895904779434204,12.162720680236816,0.00026747380616143346,2.7083334922790527,3.463761329650879,0.7819053412473368,0.19881492853164673,0.3044280707836151,2.9470254503394244e-06,8.50816543450555e-07,0.4389159679412842,1.3939977884292603,1.0,48
8458,0.1600669026374817,0.21095922589302063,1.0,0.8841515779495239,0.8539559841156006,0.01171875,0.06732425093650818,5.745002746582031,0.701443612575531,14.303289413452148,192.9866943359375,0.0637580007314682,0.40077027678489685,7.191141128540039,101.70833587646484,56.91578674316406,0.7089357972145081,12.16018295288086,0.0002768313861452043,4.770833492279053,4.978334426879883,0.9583192034943159,0.2660740613937378,0.2660740613937378,6.299167580436915e-06,1.265316274007668e-06,0.39625683426856995,2.301161050796509,1.0,48
8605,0.25779199600219727,0.31615567207336426,1.0,1.0161261558532715,0.729758083820343,0.01318359375,0.06986693292856216,5.299536228179932,0.676434338092804,15.552570343017578,203.0990753173828,0.07016520947217941,0.4194073975086212,7.228644371032715,109.29629516601562,55.974395751953125,0.7068758010864258,12.163534164428711,0.00029286486096680164,5.6875,7.002326011657715,0.81223010502638,0.17649826407432556,0.22318051755428314,1.13016340037575e-05,1.6139828349611714e-06,0.6061287522315979,2.2476518154144287,1.0,48
8625,0.18703138828277588,0.27286604046821594,1.0,1.1757320165634155,0.8829615116119385,0.00439453125,0.022625532001256943,5.148565292358398,0.35476672649383545,8.261409759521484,306.2087707519531,0.02823571488261223,0.2829149067401886,6.544679164886475,111.44444274902344,80.28186798095703,1.4932732582092285,12.159356117248535,0.0003604578669182956,3.2708334922790527,8.256404876708984,0.39615710919705294,0.4246647357940674,0.4263865649700165,2.3065753339324147e-05,2.7936800164021737e-06,0.5492569208145142,0.9653560519218445,1.0,48
8751,0.10195568948984146,0.1520095020532608,1.0,0.8501304984092712,0.922828197479248,0.0029296875,0.011156460270285606,3.8080718517303467,0.20798660814762115,4.610225677490234,365.7618103027344,0.020013848319649696,0.23367345333099365,6.274665832519531,106.5,57.78577423095703,0.6211179494857788,12.164728164672852,0.00024170815595425665,2.6458334922790527,4.017576217651367,0.6585646027246083,0.19415783882141113,0.29556775093078613,3.652399527709349e-06,9.091052218427983e-07,0.7265624403953552,0.4760090112686157,1.0,48
8787,0.24361662566661835,0.44782188534736633,1.0000001192092896,1.110769510269165,0.7331376671791077,0.005859375,0.027198797091841698,4.641928195953369,0.3658182919025421,8.29159927368164,232.454345703125,0.03595767915248871,0.3222154378890991,6.4503021240234375,72.33333587646484,57.2647705078125,0.5780175924301147,12.163166046142578,0.0002388213761150837,4.145833492279053,4.60117244720459,0.9010384920016289,0.3248424530029297,0.34282195568084717,6.71031102683628e-06,1.458391548947305e-06,0.2975832223892212,1.1604820489883423,1.0,48
8803,0.12136407196521759,0.15146493911743164,1.0,0.8529295921325684,0.8870940208435059,0.01318359375,0.0658920407295227,4.99803352355957,0.6393548250198364,14.78608226776123,214.43360900878906,0.07016520947217941,0.41956961154937744,7.276117324829102,110.62963104248047,58.595558166503906,0.7200034856796265,12.165414810180664,0.0002506338059902191,4.2916669845581055,4.4945454597473145,0.9548611786097662,0.2401435822248459,0.2401435822248459,7.381458090094384e-06,1.642314698956505e-06,0.4827628433704376,2.0856852531433105,1.0,48
8811,0.1511664092540741,0.19535943865776062,0.9999999403953552,0.9118685722351074,0.8355264663696289,0.0068359375,0.030822161585092545,4.5088419914245605,0.3842894732952118,7.001932621002197,187.9297332763672,0.04089350998401642,0.3419052064418793,6.747278213500977,91.21428680419922,59.58615493774414,0.860223650932312,12.162871360778809,0.0003109069657512009,2.6875,4.83197546005249,0.5561907374440387,0.33628591895103455,0.38649606704711914,5.329829491529381e-06,1.1030332261747767e-06,0.99260413646698,1.315078854560852,1.0,48
8852,0.1597135066986084,0.38773998618125916,1.0,0.9739111661911011,0.8786931037902832,0.0107421875,0.06380980461835861,5.940112590789795,0.7014266848564148,16.445175170898438,235.04156494140625,0.05938481166958809,0.3880409598350525,7.078029632568359,102.36363983154297,63.51410675048828,0.7708162069320679,12.160184860229492,0.0002541090943850577,3.9375,5.3792314529418945,0.731981887584846,0.4297561049461365,0.45248961448669434,1.2556256479001604e-05,2.3342101126346783e-06,0.43592923879623413,2.317617177963257,1.0,48
8890,0.22817125916481018,0.36897990107536316,1.0,1.2486522197723389,0.6854531168937683,0.0087890625,0.0789659395813942,8.984569549560547,0.9515802264213562,23.34556770324707,268.5396423339844,0.05035991966724396,0.36248043179512024,5.651364326477051,43.94444274902344,62.670562744140625,0.7037064433097839,12.160799026489258,0.0002508516190573573,7.2916669845581055,11.833242416381836,0.6162019437970413,0.3829335868358612,0.5104078054428101,1.2899754437967204e-05,1.0901284680188425e-06,0.9344491362571716,3.1949548721313477,1.0,48
8913,0.15558196604251862,0.21859785914421082,1.0,1.033800721168518,0.7739097476005554,0.00341796875,0.014834152534604073,4.3400492668151855,0.2630855143070221,6.333761692047119,384.77935791015625,0.02282176911830902,0.25036951899528503,5.907987594604492,69.42857360839844,58.36750793457031,0.7996615171432495,12.160511016845703,0.0003076031862292439,3.7916667461395264,4.70648717880249,0.8056256384083075,0.3372231423854828,0.36231252551078796,6.3891579884511884e-06,1.3575215935256447e-06,0.4483323395252228,0.6329238414764404,1.0,48
8948,0.15708549320697784,0.23311811685562134,1.0,0.9920176267623901,0.8167232275009155,0.00390625,0.017527379095554352,4.487009048461914,0.29117539525032043,7.393848419189453,352.606689453125,0.02555946074426174,0.26785820722579956,6.226986885070801,91.25,94.89144897460938,1.1555676460266113,12.178330421447754,0.0002893274649977684,3.9791667461395264,6.90047550201416,0.5766510929879467,0.5457865595817566,0.6028187274932861,8.723575774638448e-06,1.2641992221333378e-06,0.8412652611732483,0.7478348612785339,1.0,48
9008,0.21411748230457306,0.7181226015090942,0.9999999403953552,1.0450687408447266,0.8454256057739258,0.02294921875,0.1785881221294403,7.781882286071777,1.35880708694458,24.79001235961914,121.22968292236328,0.1093050092458725,0.4855756163597107,7.138421058654785,71.7872314453125,56.355186462402344,0.7741289734840393,12.15899658203125,0.00028423371259123087,2.75,3.71697998046875,0.7398479429675908,0.3331092894077301,0.41506773233413696,3.1127465263125487e-06,8.374396779897647e-07,0.3960394561290741,4.302583694458008,1.0,48
9099,0.1381615847349167,0.17623263597488403,1.0,0.8325952291488647,0.8566840291023254,0.0048828125,0.023034997284412384,4.717567443847656,0.337944358587265,6.355298042297363,240.81980895996094,0.03085736557841301,0.2983066141605377,6.557042121887207,105.9000015258789,67.498779296875,1.067395806312561,12.17363452911377,0.0002908292517531663,3.9583334922790527,3.768138885498047,1.050474412450199,0.25567394495010376,0.27238333225250244,4.711144356406294e-06,1.2502576171050634e-06,0.3264729976654053,0.9828265309333801,1.0,48
9100,0.26239705085754395,0.39732906222343445,1.0000001192092896,1.1930736303329468,0.6880368590354919,0.00732421875,0.056982092559337616,7.77995491027832,0.7327114343643188,15.19186019897461,240.98377990722656,0.0433073565363884,0.3412761688232422,6.4405412673950195,73.73332977294922,81.43177032470703,1.0602235794067383,12.183265686035156,0.00026513932971283793,9.5,6.854470252990723,1.385956847941009,0.3918020725250244,0.44818001985549927,8.566802534915041e-06,1.2498124882340941e-06,0.4614982008934021,2.4312360286712646,1.0,48
9112,0.3169374465942383,0.498977929353714,1.0,1.2788301706314087,0.6867023706436157,0.0068359375,0.04046235233545303,5.919064044952393,0.5029141306877136,8.265316009521484,174.9053955078125,0.04089350998401642,0.34198203682899475,5.974168300628662,106.35713958740234,103.24127197265625,1.7245793342590332,12.154117584228516,0.00037707079900428653,6.708333492279053,11.974852561950684,0.5602017604786491,0.4140627980232239,0.47617900371551514,4.698606062447652e-05,3.9237276903545685e-06,0.481435090303421,1.726393699645996,1.0,48
9152,0.28487107157707214,0.3759697377681732,1.0,1.4039068222045898,0.7266273498535156,0.0029296875,0.0489116795361042,16.695186614990234,1.139603853225708,40.846744537353516,934.9132080078125,0.020013848319649696,0.1984584778547287,6.229065895080566,111.0,77.95162963867188,1.6255146265029907,12.156108856201172,0.0004318196442909539,4.625,8.525365829467773,0.5424987134967022,0.3673027455806732,0.3728758692741394,1.4365705283125862e-05,1.6850544074742828e-06,1.0565766096115112,2.0868983268737793,1.0,48
9207,0.1996728628873825,0.2829200029373169,1.0,0.9866213202476501,0.8041481971740723,0.00390625,0.02187230810523033,5.599310874938965,0.3833053410053253,11.52051067352295,507.8409423828125,0.02555946074426174,0.2610442638397217,6.203165054321289,81.5,58.8991813659668,0.8499411344528198,12.163713455200195,0.00029509200248867273,3.9583334922790527,4.724267959594727,0.8378723471561712,0.2790679931640625,0.2790679931640625,5.82523898629006e-06,1.233045844092917e-06,0.4486166536808014,0.9332185387611389,1.0,48
9226,0.16443243622779846,0.1885307878255844,1.0,0.8980727195739746,0.8640639781951904,0.0126953125,0.06478756666183472,5.103266716003418,0.5865025520324707,7.291249752044678,90.08955383300781,0.06804874539375305,0.42388662695884705,7.206968307495117,101.34615325927734,58.843780517578125,0.6652818918228149,12.16230583190918,0.00025389925576746464,4.3541669845581055,7.288463115692139,0.5974053664632649,0.5032386183738708,0.5534048080444336,6.959958227525931e-06,9.54928097665993e-07,0.9909862279891968,1.9443341493606567,1.0,48
9408,0.24577510356903076,0.7253050208091736,0.9999999403953552,1.1332309246063232,0.8188027739524841,0.0029296875,0.01357729360461235,4.634382724761963,0.2560623288154602,5.957940101623535,395.5659484863281,0.020013848319649696,0.23210081458091736,5.663845062255859,74.0,58.5755500793457,0.7433493137359619,12.161920547485352,0.0002703481004573405,3.8125,4.902432918548584,0.7776750963380809,0.347067654132843,0.35024333000183105,6.286450570769375e-06,1.2823124074092215e-06,0.37338700890541077,0.5792978405952454,1.0,48
9423,0.17988857626914978,0.25539276003837585,1.0,0.857539713382721,0.8534349203109741,0.01318359375,0.06725116074085236,5.101125240325928,0.6414244771003723,13.607298851013184,175.42535400390625,0.07016520947217941,0.4209495782852173,7.424483299255371,110.51851654052734,60.45690155029297,0.7195462584495544,12.160888671875,0.00027385898283682764,6.7291669845581055,5.810576915740967,1.1580893034472648,0.26309433579444885,0.28431764245033264,9.623919140722137e-06,1.6562760055869824e-06,0.9658535718917847,2.065749406814575,1.0,48
9428,0.1712242215871811,0.21595080196857452,1.0,0.9354636669158936,0.8270808458328247,0.01025390625,0.05983354151248932,5.835195064544678,0.6268464922904968,10.857644081115723,147.16104125976562,0.057165034115314484,0.3908703625202179,7.271876811981201,118.76190185546875,67.89392852783203,0.8040026426315308,12.160028457641602,0.00027148236404173076,6.7916669845581055,9.205106735229492,0.7378151250747698,0.333396852016449,0.42965948581695557,1.2916500963910948e-05,1.4031886127344334e-06,0.9531023502349854,2.1789324283599854,1.0,48
9525,0.2104490101337433,0.26552069187164307,0.9999999403953552,0.9318568706512451,0.7845138311386108,0.0087890625,0.04787912592291832,5.447580337524414,0.5414140820503235,10.598094940185547,180.76451110839844,0.05035991966724396,0.3712138235569,6.686271667480469,77.66666412353516,59.96011734008789,0.8553417921066284,12.165189743041992,0.00028996652690693736,6.2291669845581055,7.150058746337891,0.8712050063975353,0.2044210433959961,0.27448761463165283,7.584028935525566e-06,1.0606946311878905e-06,1.3809617757797241,1.8968442678451538,1.0,48
9618,0.18255648016929626,0.26766669750213623,1.0,0.9365341067314148,0.8344283103942871,0.00537109375,0.02664276584982872,4.9603986740112305,0.3797597885131836,8.525984764099121,270.6002502441406,0.03342986851930618,0.30884334444999695,6.583408832550049,96.45454406738281,58.049503326416016,0.6447070240974426,12.16395092010498,0.0002488206373527646,2.6666667461395264,4.1061015129089355,0.6494400421571523,0.32277631759643555,0.3564999997615814,4.4809521568822674e-06,1.0912911266031658e-06,0.8540395498275757,1.1367579698562622,1.0,48
9621,0.16770601272583008,0.8297870755195618,1.0,0.8396232724189758,0.9162417650222778,0.02294921875,0.09280441701412201,4.04390287399292,0.6180351972579956,6.638559341430664,46.88996505737305,0.1093050092458725,0.5024803876876831,7.724881172180176,108.57447052001953,100.77103424072266,1.074830412864685,12.227712631225586,0.00019918708130717278,3.8958334922790527,4.1077189445495605,0.9484177314429384,0.2685926854610443,0.350612610578537,4.542788246908458e-06,1.1059150582532017e-06,0.5913164019584656,1.7361348867416382,1.0,48
9667,0.19586940109729767,0.3464812636375427,1.0,1.0024209022521973,0.8348098993301392,0.00634765625,0.03675127401947975,5.78973913192749,0.5402698516845703,17.05257225036621,544.83642578125,0.03844451159238815,0.3178708851337433,6.693437576293945,85.15384674072266,58.13336181640625,0.7096570730209351,12.160499572753906,0.00025879056192934513,3.4791667461395264,5.717876434326172,0.6084718304103774,0.40021762251853943,0.45521003007888794,8.621173037681729e-06,1.5077578401045177e-06,0.9039304852485657,1.5680543184280396,1.0,48
9723,0.20506182312965393,0.3083791136741638,1.0,0.9400219917297363,0.7733004689216614,0.009765625,0.062463726848363876,6.396285533905029,0.7988603115081787,24.512008666992188,504.701171875,0.05492175742983818,0.36470070481300354,6.951486587524414,88.0999984741211,57.294593811035156,0.8661495447158813,12.159459114074707,0.0002971517969854176,5.4791669845581055,6.183889389038086,0.8860389685188094,0.22047922015190125,0.28192445635795593,9.294777555624023e-06,1.5030633563837414e-06,1.4499561786651611,2.3772192001342773,1.0,48
9820,0.223305344581604,0.8550412654876709,1.0000001192092896,1.0212109088897705,0.9218143820762634,0.01513671875,0.06883250176906586,4.5473856925964355,0.5704590678215027,6.9434356689453125,77.11541748046875,0.07845399528741837,0.4469861090183258,7.432713508605957,117.96774291992188,94.11504364013672,0.927388072013855,12.165157318115234,0.00022847356740385294,4.5625,11.151517868041992,0.4091371282275246,0.461012065410614,0.46186837553977966,3.073122934438288e-05,2.7557889141615882e-06,0.6964257955551147,1.7668088674545288,1.0,48
9827,0.16752780973911285,0.27283039689064026,1.0,0.9715530276298523,0.7764408588409424,0.00244140625,0.015628665685653687,6.401501655578613,0.35474467277526855,11.783082962036133,778.7102661132812,0.01712392456829548,0.19503970444202423,5.934870719909668,89.4000015258789,56.70961380004883,0.9140180349349976,12.157439231872559,0.00033534792601130903,3.1041667461395264,4.7318315505981445,0.6560180146706517,0.3230299949645996,0.3466598391532898,5.7390307119931094e-06,1.2128560872246362e-06,0.5505229830741882,0.6668229699134827,1.0,48
9871,0.19224298000335693,0.23580098152160645,1.0,1.0908493995666504,0.8724455833435059,0.00244140625,0.012025417760014534,4.9256110191345215,0.2574402689933777,7.60795259475708,593.6784057617188,0.01712392456829548,0.20342522859573364,6.295453071594238,121.80000305175781,79.71880340576172,0.8474934697151184,12.161798477172852,0.0002503268769942224,3.375,7.7359938621521,0.4362723207614303,0.4219827353954315,0.4219827353954315,1.2639144188142382e-05,1.6338100051553246e-06,0.5150147676467896,0.5130844712257385,1.0,48
9875,0.19300273060798645,0.9121153950691223,1.0,0.8917027711868286,0.9040400981903076,0.01171875,0.04651869460940361,3.969595193862915,0.43314895033836365,5.392525672912598,90.24441528320312,0.0637580007314682,0.4150778651237488,7.356698036193848,106.58333587646484,53.28694152832031,0.8598242998123169,12.161687850952148,0.0002832342288456857,5.4166669845581055,5.261980056762695,1.0293970930776593,0.23851466178894043,0.38326916098594666,4.203895514365286e-06,7.98918935652987e-07,0.7220832109451294,1.4268712997436523,1.0,48
9877,0.15219707787036896,0.1878897100687027,1.0,0.9899864196777344,0.792925238609314,0.00927734375,0.0584992915391922,6.305607795715332,0.7079483270645142,18.40502166748047,324.27288818359375,0.05265381559729576,0.366779088973999,6.688089370727539,77.10526275634766,81.46083068847656,0.9234721660614014,12.184741020202637,0.000251635501626879,3.875,4.612123489379883,0.8401769814969197,0.30624663829803467,0.30624663829803467,6.468098945333622e-06,1.4024123478487256e-06,0.36449721455574036,2.29327130317688,1.0,48
9894,0.12368156015872955,0.15476679801940918,1.0,0.8748548626899719,0.8885070085525513,0.00732421875,0.0353471003472805,4.826057434082031,0.4517190456390381,11.454350471496582,293.9050598144531,0.0433073565363884,0.3440696895122528,6.97103214263916,103.06666564941406,64.7518310546875,0.8058526515960693,12.169950485229492,0.0002661270264070481,3.0,20.041423797607422,0.1496899635873797,0.06879055500030518,0.35524630546569824,4.638873178919312e-06,2.3146425241296806e-07,5.354502201080322,1.5081428289413452,1.0,48
9937,0.14423508942127228,0.2683829367160797,1.0000001192092896,0.9842787384986877,0.878710150718689,0.0126953125,0.08790917694568634,6.9245381355285645,0.904304027557373,17.1983585357666,189.9463653564453,0.06804874539375305,0.40690067410469055,7.047117233276367,106.34615325927734,72.42975616455078,0.8655443787574768,12.161539077758789,0.00027239799965173006,4.645833492279053,9.240049362182617,0.5027931459181855,0.523123025894165,0.5376156568527222,3.2271986128762364e-05,3.492620529270972e-06,0.5275728702545166,2.96000075340271,1.0,48
9947,0.150919109582901,0.21962104737758636,1.0,1.119918704032898,0.7952530384063721,0.03173828125,0.28414443135261536,8.95273494720459,1.7673015594482422,17.956890106201172,53.74172592163086,0.14073362946510315,0.5306293368339539,6.49718713760376,91.44615173339844,66.95446014404297,0.8578711748123169,12.162760734558105,0.00024334585759788752,11.166666984558105,8.840211868286133,1.2631673469259659,0.43616485595703125,0.48770421743392944,1.4859465409244876e-05,1.6808947131395799e-06,0.7220297455787659,5.309158802032471,1.0,48
9973,0.1509981006383896,0.22362934052944183,1.0,0.9525779485702515,0.8137737512588501,0.0029296875,0.015042545273900032,5.134521961212158,0.2949621081352234,8.28944206237793,502.5266418457031,0.020013848319649696,0.22675928473472595,6.000192642211914,83.33333587646484,58.88630676269531,0.6878726482391357,12.16378402709961,0.0002510861959308386,3.125,4.761028289794922,0.6563708096703831,0.2638786733150482,0.34976717829704285,4.196299414616078e-06,8.81385102205091e-07,0.9158583283424377,0.6418152451515198,1.0,48
10020,0.21600042283535004,0.5533755421638489,1.0,0.9165980815887451,0.8636248707771301,0.009765625,0.04788006842136383,4.902918815612793,0.4998099207878113,8.177515983581543,130.1188201904297,0.05492175742983818,0.38828060030937195,7.1307477951049805,100.44999694824219,61.8596076965332,0.8223872184753418,12.152876853942871,0.0002952630165964365,2.7916667461395264,3.682591199874878,0.7580713109436814,0.29595229029655457,0.29595229029655457,3.687199296109611e-06,1.0012513162531797e-06,0.31700029969215393,1.7653957605361938,1.0,48
10036,0.13011528551578522,0.2023686319589615,1.0,1.0760172605514526,0.81687992811203,0.0029296875,0.015295885503292084,5.2209954261779785,0.2974546253681183,7.873956203460693,479.41241455078125,0.020013848319649696,0.22793732583522797,5.892296314239502,74.83333587646484,66.28229522705078,0.8973438739776611,12.176445960998535,0.00022739320411346853,5.2291669845581055,4.571873188018799,1.1437690325322545,0.24882277846336365,0.26973116397857666,7.758115316391923e-06,1.6969226792540675e-06,0.5019797682762146,0.6526244282722473,1.0,48
10053,0.1460690200328827,0.17865024507045746,0.9999999403953552,0.8953397274017334,0.8268594145774841,0.00341796875,0.019604435190558434,5.7356977462768555,0.36428341269493103,10.818082809448242,520.0282592773438,0.02282176911830902,0.24415776133537292,6.324906349182129,97.28571319580078,62.7923698425293,0.8912535905838013,12.158712387084961,0.0003156254533678293,2.8541667461395264,4.241544246673584,0.6729074538474571,0.30947867035865784,0.31924232840538025,5.074401997262612e-06,1.1963571968578712e-06,0.45776939392089844,0.8364558219909668,1.0,48
10192,0.19159722328186035,0.3021365702152252,1.0,1.157153844833374,0.7724648714065552,0.0029296875,0.015173394232988358,5.179185390472412,0.2860890030860901,7.081173896789551,400.1786193847656,0.020013848319649696,0.2322215437889099,5.450229644775391,58.0,61.389190673828125,0.7418055534362793,12.16006851196289,0.0002816392807289958,2.5208334922790527,4.945606231689453,0.5097117257393946,0.41300004720687866,0.4437941908836365,5.304700607666746e-06,1.0726087659284869e-06,0.22732765972614288,0.6473981738090515,1.0,48
10288,0.3145410120487213,0.3923042416572571,1.0,1.3940703868865967,0.6737055778503418,0.00244140625,0.010708478279411793,4.386192798614502,0.21949036419391632,5.408989429473877,447.5817565917969,0.01712392456829548,0.2092590183019638,5.559452056884766,75.0,117.76799774169922,1.3042320013046265,12.208710670471191,0.00024883862351998687,7.6666669845581055,15.787551879882812,0.4856146816195841,0.44496840238571167,0.5721521973609924,2.0534838768071495e-05,1.3006981013459663e-06,1.3292607069015503,0.4568950831890106,1.0,48
10315,0.14386384189128876,0.6149967908859253,1.0,0.9158267378807068,0.877912163734436,0.0068359375,0.026682743802666664,3.9033043384552,0.3291929066181183,6.27841329574585,176.25379943847656,0.04089350998401642,0.3433230221271515,6.787062644958496,87.0,55.22594451904297,0.8552182912826538,12.16261100769043,0.0002737120375968516,2.0833334922790527,5.156103134155273,0.40405194272357137,0.19611236453056335,0.20034214854240417,3.671685362860444e-06,7.121047155587842e-07,1.3721815347671509,1.1384636163711548,1.0,48
10513,0.18372410535812378,0.22560104727745056,1.0,1.034993052482605,0.8042361736297607,0.0048828125,0.023695124313235283,4.852761268615723,0.3483031988143921,6.825150012969971,246.8068389892578,0.03085736557841301,0.29810792207717896,6.3234028816223145,74.5999984741211,56.91227340698242,0.8287695646286011,12.157658576965332,0.00031975237652659416,2.875,4.239599227905273,0.6781301341634586,0.2961078882217407,0.2961078882217407,5.757972303399583e-06,1.3581407063004655e-06,0.41544318199157715,1.0109920501708984,1.0,48
10633,0.13549987971782684,0.21086648106575012,1.0,0.893296480178833,0.8890678286552429,0.0029296875,0.013868875801563263,4.733909606933594,0.2712717354297638,8.437007904052734,565.477294921875,0.020013848319649696,0.22810380160808563,6.292921543121338,105.66666412353516,54.08033752441406,0.6997666358947754,12.16248893737793,0.00028823467437177896,2.625,3.8894824981689453,0.6748969803789587,0.23427991569042206,0.2861359417438507,3.7893018998147454e-06,9.742432037825613e-07,0.5981817245483398,0.5917387008666992,1.0,48
10701,0.15790094435214996,0.22677816450595856,1.0,0.8867344856262207,0.8360578417778015,0.0048828125,0.02057035267353058,4.212808132171631,0.30491873621940613,7.570046424865723,294.6157531738281,0.03085736557841301,0.29766610264778137,6.393770217895508,80.80000305175781,57.60434341430664,0.7355142831802368,12.163415908813477,0.0002608770737424493,4.4791669845581055,5.470076560974121,0.8188490465244891,0.24185717105865479,0.2976681888103485,4.5527790462074336e-06,8.323062734378994e-07,0.6498985290527344,0.8776683807373047,1.0,48
10708,0.23715892434120178,0.9690465331077576,1.0,1.0795971155166626,0.818791389465332,0.3095703125,2.1081786155700684,6.810015678405762,3.573725938796997,20.043617248535156,2.230177879333496,0.6187564134597778,0.8342938423156738,8.476800918579102,86.24447631835938,50.23579788208008,1.039955496788025,12.149004936218262,0.00045338203199207783,6.125,4.063700199127197,1.5072470125239699,0.3598901033401489,0.4026132822036743,5.472254542837618e-06,1.3466186630959546e-06,0.30052512884140015,6.360517978668213,1.0,48
10774,0.1870754510164261,0.4869799017906189,1.0,0.8959363698959351,0.8791346549987793,0.0224609375,0.10697094351053238,4.7625322341918945,0.7491437792778015,11.643786430358887,75.77742004394531,0.10746800154447556,0.4953595995903015,7.581385135650635,105.63043212890625,61.897705078125,1.237478494644165,12.142728805541992,0.0004711467772722244,3.4791667461395264,4.59229040145874,0.7576103500463007,0.34404683113098145,0.34404683113098145,8.486750630254392e-06,1.8480431048258938e-06,0.3878934979438782,2.148817300796509,1.0,48
10845,0.18376532196998596,0.24645397067070007,0.9999999403953552,1.102173924446106,0.7921057939529419,0.00439453125,0.03975210338830948,9.045811653137207,0.7338119745254517,20.34531021118164,556.4583129882812,0.02823571488261223,0.25756120681762695,5.925954818725586,81.22222137451172,89.51053619384766,1.1054133176803589,12.167400360107422,0.00024656677851453424,4.9791669845581055,8.128976821899414,0.6125207498462847,0.38752323389053345,0.3909492492675781,1.1516820450196974e-05,1.416761381949462e-06,0.5655587911605835,1.6960896253585815,1.0,48
10886,0.121953584253788,0.7963542342185974,1.0,0.8395898938179016,0.9423716068267822,0.01171875,0.049300216138362885,4.20695161819458,0.4602143168449402,6.332852840423584,92.90995788574219,0.0637580007314682,0.41478750109672546,7.375371932983398,112.45833587646484,97.55443572998047,1.081636667251587,12.191521644592285,0.0002459063252899796,2.25,4.070894241333008,0.5527041139089381,0.1692427098751068,0.34948962926864624,3.736513463081792e-06,9.178606056539731e-07,0.6812692284584045,1.5187264680862427,1.0,48
10903,0.24448814988136292,0.37480661273002625,0.9999999403953552,1.4378036260604858,0.774445652961731,0.00341796875,0.05731795355677605,16.769596099853516,1.313218355178833,49.429752349853516,1068.047119140625,0.02282176911830902,0.21225281059741974,6.109733581542969,76.14286041259766,85.674072265625,1.7310268878936768,12.16196346282959,0.0004487049882300198,4.9166669845581055,8.803520202636719,0.5584887483419008,0.42143282294273376,0.43411001563072205,1.1790740245487541e-05,1.3393210852816486e-06,0.6021908521652222,2.445566177368164,1.0,48
10922,0.18055473268032074,0.29456549882888794,1.0,0.9961367249488831,0.816421389579773,0.0185546875,0.10849623382091522,5.847375869750977,0.9216710329055786,21.525781631469727,203.71694946289062,0.09235962480306625,0.4596097767353058,6.95074462890625,74.9473648071289,62.28630828857422,0.7109253406524658,12.173585891723633,0.0002488902537152171,3.0208334922790527,4.143305778503418,0.7290877493669595,0.37419718503952026,0.5049219727516174,3.147106326650828e-06,7.595640986439425e-07,0.5952391028404236,2.8425281047821045,1.0,48
10947,0.12947504222393036,0.18941634893417358,1.0,0.8592158555984497,0.8923903107643127,0.00341796875,0.019695214927196503,5.762257099151611,0.3861919641494751,13.271535873413086,754.00732421875,0.02282176911830902,0.23812027275562286,6.161473751068115,85.42857360839844,56.949363708496094,0.7056220173835754,12.16301155090332,0.0002612893586046994,1.6458333730697632,3.6927170753479004,0.4456971208544954,0.24580824375152588,0.2948368489742279,4.895968231721781e-06,1.3258443900693571e-06,0.41308096051216125,0.8403291702270508,1.0,48
10959,0.16942891478538513,0.23141448199748993,1.0,0.9829110503196716,0.8119063377380371,0.005859375,0.03600567579269409,6.144968509674072,0.5517034530639648,17.938068389892578,595.6283569335938,0.03595767915248871,0.3071867823600769,6.660027503967285,90.91666412353516,71.90672302246094,0.7323082685470581,12.172029495239258,0.0002331774594495073,2.8541667461395264,4.006749629974365,0.7123396774443305,0.28992828726768494,0.3532639443874359,5.011134362575831e-06,1.2506731922007215e-06,0.38802552223205566,1.536242127418518,1.0,48
10988,0.16509634256362915,0.25143977999687195,1.0,0.9313624501228333,0.8381739258766174,0.005859375,0.03613333776593208,6.1667561531066895,0.5038862824440002,10.323102951049805,251.98374938964844,0.03595767915248871,0.3162856101989746,6.59145975112915,95.08333587646484,56.91197204589844,0.7989818453788757,12.160727500915527,0.0003091386752203107,4.458333492279053,5.425516128540039,0.8217344448778569,0.2048487365245819,0.23411327600479126,7.5527950684772804e-06,1.392087844845979e-06,1.1247782707214355,1.5416892766952515,1.0,48
11019,0.209559828042984,0.30513808131217957,1.0,0.9707400798797607,0.7787653207778931,0.00439453125,0.02213546633720398,5.03704833984375,0.3488483726978302,7.632950782775879,308.81890869140625,0.02823571488261223,0.28213077783584595,6.252005577087402,76.11111450195312,70.5960693359375,1.0178279876708984,12.164209365844727,0.0002931831404566765,7.708333492279053,8.24704360961914,0.9346783948058023,0.43713948130607605,0.4874969720840454,1.2173734830867033e-05,1.4761331929791869e-06,0.588652491569519,0.9444465637207031,1.0,48
11126,0.15247850120067596,0.2395736426115036,0.9999999403953552,0.9183284044265747,0.8693761825561523,0.0205078125,0.09545029699802399,4.654338359832764,0.6919442415237427,8.287371635437012,66.331298828125,0.10000890493392944,0.48432794213294983,7.330382823944092,79.33333587646484,56.8962516784668,0.6655511856079102,12.162787437438965,0.00025729878689162433,3.9791667461395264,4.22498893737793,0.9418170782692904,0.25253140926361084,0.3181149959564209,9.061533091880847e-06,2.144747170878287e-06,0.5261023044586182,2.0625264644622803,1.0,48
11138,0.17035527527332306,0.23022961616516113,1.0000001192092896,1.0150891542434692,0.7890963554382324,0.00634765625,0.03663088381290436,5.770772933959961,0.5129208564758301,14.732129096984863,410.4002685546875,0.03844451159238815,0.323565810918808,6.331062316894531,74.61538696289062,57.90925216674805,0.621845006942749,12.16379165649414,0.0002449730527587235,4.5625,4.502145767211914,1.0134056571632077,0.25720542669296265,0.28753066062927246,6.152332844067132e-06,1.3665334594912085e-06,0.2999390661716461,1.562917709350586,1.0,48
11429,0.15661707520484924,0.251437783241272,1.0,0.9882088899612427,0.8293349742889404,0.01708984375,0.0932391807436943,5.45582389831543,0.7806864976882935,14.330385208129883,125.06436157226562,0.08648617565631866,0.4543619155883789,7.027027130126953,71.94285583496094,63.50945281982422,1.183336615562439,12.160425186157227,0.0003451245720498264,5.6041669845581055,5.9624433517456055,0.9399111479219807,0.23156309127807617,0.23191285133361816,6.963098712731153e-06,1.1678263910070232e-06,1.2380826473236084,2.4781436920166016,1.0,48
11618,0.19446974992752075,0.28577950596809387,1.0,0.9315497875213623,0.8281605839729309,0.005859375,0.027636965736746788,4.716708660125732,0.38598981499671936,9.993330001831055,315.9900817871094,0.03595767915248871,0.3177326023578644,6.40662956237793,70.66666412353516,67.2657470703125,0.7290014028549194,12.157451629638672,0.0002556564868427813,4.2291669845581055,7.331719875335693,0.5768315007529051,0.342357873916626,0.3657394349575043,1.0195441063842736e-05,1.3905933700815307e-06,0.7744444608688354,1.1791772842407227,1.0,48
11789,0.15012137591838837,0.20230220258235931,0.9999999403953552,0.8232840299606323,0.8846466541290283,0.00634765625,0.026341967284679413,4.149872779846191,0.34457698464393616,7.800354480743408,234.19700622558594,0.03844451159238815,0.3311513364315033,6.7103729248046875,84.0,53.796138763427734,0.7705212235450745,12.159979820251465,0.0002784487442113459,2.5625,3.9591708183288574,0.6472314813153985,0.1794019192457199,0.2409142255783081,4.252399776305538e-06,1.0740632219955133e-06,0.5754101872444153,1.123923897743225,1.0,48
11896,0.14848393201828003,0.20574483275413513,1.0,0.8635938763618469,0.911885678768158,0.01904296875,0.08381481468677521,4.401352405548096,0.6351784467697144,11.015676498413086,89.3589096069336,0.09429078549146652,0.474418580532074,7.486139297485352,86.4102554321289,72.72157287597656,0.8736969232559204,12.186534881591797,0.00025248448946513236,3.9166667461395264,3.818410873413086,1.025732134578093,0.2178085446357727,0.25689107179641724,5.0461185310268775e-06,1.3215231899078407e-06,0.36346152424812317,1.8641191720962524,1.0,48
11993,0.17510579526424408,0.26792383193969727,1.0,0.9965291619300842,0.8779818415641785,0.0146484375,0.09817355126142502,6.701981067657471,0.9058572053909302,16.01940155029297,141.4298858642578,0.07640714943408966,0.43069958686828613,7.138699531555176,107.0,66.14115905761719,1.2433322668075562,12.154879570007324,0.0003680358058772981,4.3541669845581055,6.091591835021973,0.7147831134018467,0.39467209577560425,0.4072089195251465,6.579759428859688e-06,1.0801379337712268e-06,0.5287845730781555,3.0091495513916016,1.0,48
12179,0.17269611358642578,0.27961117029190063,1.0,1.0371719598770142,0.8257883787155151,0.00439453125,0.022318042814731598,5.07859468460083,0.36439159512519836,9.400067329406738,394.6697692871094,0.02823571488261223,0.2776365876197815,6.659259796142578,114.0,68.24701690673828,1.251794457435608,12.167844772338867,0.0003520645259413868,4.1041669845581055,5.956277847290039,0.689048946824217,0.3100872039794922,0.3100872039794922,1.021386469801655e-05,1.714806619626642e-06,0.473063588142395,0.9522365927696228,1.0,48
12198,0.20459194481372833,0.28963086009025574,0.9999998807907104,0.9298037886619568,0.776638925075531,0.01025390625,0.04488513991236687,4.3773698806762695,0.4540797770023346,6.905263900756836,116.48702239990234,0.057165034115314484,0.39552542567253113,6.7093400955200195,63.619049072265625,56.58032989501953,0.7634354829788208,12.157876014709473,0.0002917007659561932,5.375,4.788821220397949,1.1224056487807834,0.3023565113544464,0.32578355073928833,7.654462024220265e-06,1.5984021236023844e-06,0.3485957980155945,1.581769585609436,1.0,48
12210,0.23382674157619476,0.27375274896621704,1.0,1.2777098417282104,0.72930908203125,0.01953125,0.19005858898162842,9.730999946594238,1.6583836078643799,27.405845642089844,133.56956481933594,0.09620917588472366,0.4530613422393799,7.335715293884277,87.2750015258789,65.65904998779297,0.7762538194656372,12.160354614257812,0.00025506451493129134,5.6041669845581055,6.143245697021484,0.9122485493544181,0.3144029378890991,0.3144029378890991,1.0950807336485013e-05,1.7825768101654599e-06,0.3901643753051758,5.9733428955078125,1.0,48
12226,0.15487875044345856,0.21974597871303558,1.0,0.9465587735176086,0.8293865919113159,0.0048828125,0.02830810472369194,5.797499656677246,0.44334402680397034,11.23583698272705,363.372802734375,0.03085736557841301,0.28951478004455566,6.846225738525391,128.89999389648438,52.95700454711914,0.763617992401123,12.160276412963867,0.00028015405405312777,2.3125,3.9431896209716797,0.5864541694461076,0.2506144046783447,0.334877610206604,4.675287527788896e-06,1.1856613466080791e-06,0.3915174603462219,1.2078124284744263,1.0,48
12321,0.2071213275194168,0.2889916002750397,1.0,1.2124825716018677,0.798337459564209,0.02099609375,0.21107326447963715,10.052977561950684,1.7088338136672974,22.413986206054688,96.56954956054688,0.10189082473516464,0.4674447774887085,7.203911304473877,102.02325439453125,67.39862060546875,0.7502332925796509,12.162284851074219,0.0002545032766647637,8.958333969116211,14.799459457397461,0.6053149433498578,0.26580631732940674,0.4182823598384857,0.00010264571756124496,6.9357747684885945e-06,1.1529403924942017,5.84850549697876,1.0,48
12408,0.19705736637115479,0.5836371779441833,1.0,1.046129822731018,0.8182346224784851,0.0029296875,0.016254441812634468,5.548182964324951,0.31957167387008667,9.786745071411133,558.711669921875,0.020013848319649696,0.22708755731582642,5.533360481262207,76.16666412353516,56.72731018066406,0.9349735975265503,12.162506103515625,0.00029521153192035854,4.0,4.4829254150390625,0.8922744905945308,0.29751211404800415,0.3234189748764038,4.1265893742092885e-06,9.205126079413491e-07,0.7124343514442444,0.6935228705406189,1.0,48
12414,0.15997721254825592,0.27538031339645386,1.0,0.9749911427497864,0.8342297077178955,0.00341796875,0.012618781067430973,3.691894769668579,0.2161739021539688,4.18953800201416,294.5413513183594,0.02282176911830902,0.25481826066970825,6.225455284118652,89.42857360839844,54.9830436706543,0.7604244947433472,12.160785675048828,0.00029425881803035736,2.7708334922790527,3.779331922531128,0.7331543092123547,0.3383730351924896,0.39183494448661804,4.14243640989298e-06,1.0960763658350249e-06,0.4021514356136322,0.5384013652801514,1.0,48
12434,0.1201295480132103,0.1439444124698639,1.0,0.8686785697937012,0.9063836336135864,0.0068359375,0.026677584275603294,3.9025495052337646,0.3283607065677643,5.907583236694336,172.25448608398438,0.04089350998401642,0.3436071276664734,6.785834312438965,84.21428680419922,60.23702621459961,0.7783340215682983,12.16290283203125,0.00029157690005376935,2.875,4.592715740203857,0.6259912775730541,0.21804502606391907,0.26984259486198425,4.5712158680544235e-06,9.953186995845586e-07,1.1367976665496826,1.138243556022644,1.0,48
12453,0.1639598160982132,0.23749564588069916,1.0,1.0961706638336182,0.761786699295044,0.0087890625,0.059024255722761154,6.715648651123047,0.7192751169204712,15.70799446105957,253.57479858398438,0.05035991966724396,0.3605257272720337,6.854780673980713,79.11111450195312,56.609928131103516,0.5974282622337341,12.160722732543945,0.0002516710665076971,4.4791669845581055,5.090886116027832,0.8798403408903155,0.4319503903388977,0.4993978440761566,6.940059392945841e-06,1.363232101669661e-06,0.531477689743042,2.3884687423706055,1.0,48
12492,0.1874782145023346,0.24104779958724976,1.0,1.0424118041992188,0.7613795399665833,0.009765625,0.07940728217363358,8.131305694580078,0.8739166259765625,15.469770431518555,164.58108520507812,0.05492175742983818,0.38004881143569946,6.89925479888916,102.5,60.06981658935547,0.6129909753799438,12.1622314453125,0.0002456286165397614,6.8541669845581055,9.789031982421875,0.7001884343481787,0.13070112466812134,0.30700168013572693,1.292506840400165e-05,1.3203622599259579e-06,2.2087931632995605,3.104893922805786,1.0,48
12497,0.1299988031387329,0.2216033786535263,1.0,0.8680827021598816,0.898897647857666,0.0029296875,0.01463798526674509,4.996432304382324,0.27862223982810974,6.785683631896973,416.76092529296875,0.020013848319649696,0.23079992830753326,6.341717720031738,124.5,54.550899505615234,0.6623543500900269,12.160160064697266,0.00028067786479368806,2.4166667461395264,3.2101845741271973,0.7528123953023664,0.21883904933929443,0.31433165073394775,3.0970893476478523e-06,9.64769864935946e-07,0.44904404878616333,0.6245540976524353,1.0,48
12516,0.18236583471298218,0.22786007821559906,0.9999999403953552,1.0368770360946655,0.7620366811752319,0.00439453125,0.02223234996199608,5.0590949058532715,0.35385745763778687,8.451148986816406,339.57257080078125,0.02823571488261223,0.28103742003440857,6.037914276123047,66.22222137451172,89.7065658569336,1.005937933921814,12.18838119506836,0.00023920087551232427,4.020833492279053,5.961080551147461,0.6745142010805293,0.3537723422050476,0.35773539543151855,1.0800384188769385e-05,1.8118165117853057e-06,0.45561107993125916,0.9485803246498108,1.0,48
12525,0.15221010148525238,0.22153201699256897,1.0,0.9211254715919495,0.8711049556732178,0.0107421875,0.0582299679517746,5.420680522918701,0.6321868896484375,15.077448844909668,250.0390625,0.05938481166958809,0.3910372853279114,7.042429447174072,86.86363983154297,59.54501724243164,0.7705044746398926,12.170368194580078,0.00026643206365406513,3.2083334922790527,3.372347593307495,0.9513650043466508,0.27366316318511963,0.2933785319328308,3.995662154920865e-06,1.1848310509278588e-06,0.337552011013031,2.0460662841796875,1.0,48
12568,0.14045943319797516,0.23499463498592377,1.0000001192092896,0.8588067889213562,0.8968311548233032,0.00439453125,0.01681564748287201,3.826493978500366,0.25636690855026245,5.324548721313477,250.48077392578125,0.02823571488261223,0.28662756085395813,6.112330436706543,63.22222137451172,55.888275146484375,0.6485358476638794,12.158126831054688,0.0002704173093661666,2.8541667461395264,3.937028408050537,0.7249545705724925,0.4092369079589844,0.5147467851638794,3.6765509321412537e-06,9.33839063819036e-07,0.5133103728294373,0.7174676060676575,1.0,48
12576,0.17154300212860107,0.29420650005340576,1.0000001192092896,1.0522477626800537,0.8155666589736938,0.00244140625,0.01277172565460205,5.231298923492432,0.26774361729621887,7.250445365905762,516.5,0.01712392456829548,0.20616039633750916,5.769193172454834,79.4000015258789,65.1808853149414,0.715934693813324,12.163281440734863,0.0002348204143345356,4.5416669845581055,5.8277482986450195,0.7793176273280178,0.38806113600730896,0.4700698256492615,9.064824553206563e-06,1.555459171042028e-06,0.9486855864524841,0.5449269413948059,1.0,48
12723,0.18726061284542084,0.2777731120586395,0.9999999403953552,0.9080148935317993,0.7918281555175781,0.00732421875,0.0443769171833992,6.058928489685059,0.6302802562713623,19.841663360595703,547.6608276367188,0.0433073565363884,0.3316800594329834,7.121280670166016,122.13333129882812,60.31060791015625,0.713417112827301,12.16204833984375,0.0002686233492568135,6.9166669845581055,6.34958553314209,1.089309993158293,0.39185795187950134,0.4417411983013153,1.255793176824227e-05,1.9777561358796943e-06,0.40435555577278137,1.8934153318405151,1.0,48
12729,0.19017581641674042,0.24452689290046692,0.9999999403953552,0.9954942464828491,0.8060355186462402,0.0126953125,0.06453226506710052,5.083157062530518,0.6046355962753296,10.290658950805664,123.50439453125,0.06804874539375305,0.4198157489299774,7.228447914123535,96.69230651855469,60.002689361572266,0.7156047821044922,12.160163879394531,0.0002734444569796324,5.145833492279053,4.982113838195801,1.0328614819074318,0.3009735941886902,0.309206485748291,7.1461709012510255e-06,1.4343652351178017e-06,0.4008719027042389,2.0114715099334717,1.0,48
12811,0.21325431764125824,0.31130123138427734,1.0,1.0486574172973633,0.7805298566818237,0.00732421875,0.05088145285844803,6.947014331817627,0.7731074094772339,23.98224639892578,617.7007446289062,0.0433073565363884,0.3222618103027344,6.807905197143555,111.19999694824219,54.80977249145508,0.8450033664703369,12.161531448364258,0.0002806670672725886,4.270833492279053,5.544050216674805,0.7703453824660967,0.2724469006061554,0.31950944662094116,2.0013065295643173e-05,3.6098275588038016e-06,0.5563626289367676,2.1709420680999756,1.0,48
12829,0.16963078081607819,0.261687695980072,1.0,0.9670352935791016,0.8637959361076355,0.009765625,0.044511400163173676,4.557967185974121,0.46594852209091187,8.632057189941406,139.83059692382812,0.05492175742983818,0.3881692588329315,7.083371162414551,94.6500015258789,63.84352493286133,0.8044980764389038,12.160879135131836,0.0002724778023548424,5.395833492279053,6.3509111404418945,0.8496156479694433,0.4484125077724457,0.511567234992981,9.8434602477937e-06,1.5499288235372015e-06,0.38123559951782227,1.6261558532714844,1.0,48
13043,0.16661719977855682,0.23098190128803253,1.0,0.9485634565353394,0.854947030544281,0.00634765625,0.02757878415286541,4.344719409942627,0.35751208662986755,7.794755935668945,215.56851196289062,0.03844451159238815,0.33218082785606384,6.918943405151367,109.84615325927734,56.39463806152344,0.7880356311798096,12.16041374206543,0.0002996585099026561,2.375,3.295191526412964,0.7207471777453478,0.3281995356082916,0.36140236258506775,3.411593752389308e-06,1.0353248710097915e-06,0.3437340557575226,1.1766948699951172,1.0,48
13131,0.20647545158863068,0.2642298936843872,1.0,0.9995583295822144,0.814998984336853,0.0078125,0.040454745292663574,5.1782073974609375,0.4919597804546356,9.708394050598145,206.50291442871094,0.04568839073181152,0.35360783338546753,6.974138259887695,97.0625,76.87617492675781,0.9495671987533569,12.17957592010498,0.00027828049496747553,2.625,4.166325569152832,0.6300515766542085,0.27994900941848755,0.4031955897808075,4.197732323518721e-06,1.007538235735354e-06,0.6212480068206787,1.7260690927505493,1.0,48
13152,0.16292054951190948,0.24864432215690613,1.0,0.9735803604125977,0.7887737154960632,0.00927734375,0.054913606494665146,5.919108867645264,0.6185482144355774,13.086052894592285,200.33412170410156,0.05265381559729576,0.3753308355808258,7.0475592613220215,107.57894897460938,65.82179260253906,0.8171616792678833,12.160636901855469,0.0002645005297381431,6.520833492279053,7.359384059906006,0.8860569621504123,0.32561156153678894,0.37894678115844727,1.1078805073339026e-05,1.5053984094460402e-06,0.5490037798881531,2.1108710765838623,1.0,48
13165,0.15735073387622833,0.20924223959445953,1.0,1.0755003690719604,0.8287544250488281,0.00341796875,0.036040131002664566,10.544312477111816,1.044917345046997,45.6912841796875,1780.967529296875,0.02282176911830902,0.173590749502182,6.487304210662842,119.57142639160156,65.41426849365234,1.3484058380126953,12.161495208740234,0.00034723777207545936,3.625,6.474059581756592,0.5599268818309466,0.3455171287059784,0.36729496717453003,1.1544805602170527e-05,1.7832405523221483e-06,0.6074718832969666,1.5377122163772583,1.0,48
13173,0.163722425699234,0.2168048620223999,1.0,0.9889106154441833,0.8422353267669678,0.005859375,0.022745274007320404,3.8818600177764893,0.30175143480300903,5.593285083770752,195.29615783691406,0.03595767915248871,0.323662132024765,6.724707126617432,89.33333587646484,79.31097412109375,1.0077680349349976,12.15827465057373,0.00028525706147775054,4.3125,5.754035472869873,0.7494740018268196,0.4006431996822357,0.42933031916618347,1.106398121919483e-05,1.9228211664896748e-06,0.48872026801109314,0.9704651832580566,1.0,48
13261,0.17947322130203247,0.39269232749938965,1.0,0.8280611038208008,0.8681786060333252,0.0166015625,0.0781124085187912,4.7051239013671875,0.6253178715705872,8.780210494995117,78.22073364257812,0.08450048416852951,0.4576128423213959,7.567870616912842,122.82353210449219,69.31716918945312,0.9871230721473694,12.165098190307617,0.00030241598142310977,6.6666669845581055,5.215605735778809,1.2782152849558648,0.3934251070022583,0.4523523449897766,5.990571480651852e-06,1.1485859500596366e-06,0.5272549986839294,1.9344167709350586,1.0,48
13316,0.1650467962026596,0.23441214859485626,1.0,0.9742051959037781,0.8487555980682373,0.0126953125,0.0716824010014534,5.64636754989624,0.6714844107627869,11.292295455932617,118.9144287109375,0.06804874539375305,0.4195520579814911,7.210046768188477,91.92308044433594,57.65822982788086,0.7612345218658447,12.162506103515625,0.0002950230846181512,3.7083334922790527,4.631795883178711,0.8006254113529376,0.3023572564125061,0.3251893222332001,7.152073521865532e-06,1.5441253645046098e-06,0.7173762917518616,2.264004707336426,1.0,48
13321,0.13236452639102936,0.1895069032907486,1.0,1.0303394794464111,0.8662816286087036,0.0224609375,0.11540895700454712,5.13820743560791,0.8013733625411987,9.89793586730957,61.871185302734375,0.10746800154447556,0.4958192706108093,7.391526222229004,84.73912811279297,90.4639892578125,1.0873603820800781,12.194622039794922,0.0002551078505348414,6.7291669845581055,8.308093070983887,0.8099532490747205,0.39127594232559204,0.4904380738735199,1.3734285857935902e-05,1.6531213268868932e-06,0.411922425031662,2.3735320568084717,1.0,48
13370,0.24711158871650696,0.6006889939308167,1.0,1.0418204069137573,0.8235321044921875,0.00439453125,0.01894404925405979,4.310823440551758,0.29222291707992554,6.228115081787109,271.8074645996094,0.02823571488261223,0.2850745916366577,5.961424827575684,68.22222137451172,64.17269134521484,0.8225178718566895,12.159517288208008,0.0003006598853971809,3.0416667461395264,4.57753849029541,0.6644764966899204,0.3329557776451111,0.35114210844039917,4.934561729896814e-06,1.0779945880473453e-06,0.6161250472068787,0.8082795143127441,1.0,48
13390,0.24144016206264496,0.6547693610191345,1.0,1.0704830884933472,0.8807387351989746,0.03955078125,0.20192267000675201,5.105402946472168,1.0658284425735474,11.073592185974121,38.86058044433594,0.1665138602256775,0.5681501626968384,7.744027137756348,78.40740966796875,63.4503059387207,0.8970844149589539,12.156763076782227,0.00031869421945884824,4.145833492279053,4.934669494628906,0.8401441045626469,0.2202351987361908,0.23665235936641693,7.459501830453519e-06,1.511651757722827e-06,0.41912055015563965,2.9085731506347656,1.0,48
13444,0.14172020554542542,0.37176212668418884,1.0000001192092896,0.8223013877868652,0.9220411777496338,0.01220703125,0.04851000756025314,3.973939895629883,0.44371920824050903,5.923830986022949,89.63762664794922,0.06591325998306274,0.42012539505958557,6.988094806671143,120.08000183105469,61.61677169799805,0.7983406782150269,12.16859245300293,0.00027371756732463837,4.875,4.415834903717041,1.1039814882700076,0.2242341935634613,0.2586069703102112,8.676757715875283e-06,1.964918953134414e-06,0.44130390882492065,1.4382845163345337,1.0,48
13446,0.10836461931467056,0.15885822474956512,1.0,0.8505609035491943,0.9052861332893372,0.01220703125,0.05454185605049133,4.468069076538086,0.5068473815917969,7.52321720123291,101.53036499023438,0.06591325998306274,0.4181000292301178,7.1640729904174805,93.55999755859375,56.94221496582031,0.801417350769043,12.163901329040527,0.00029209969216026366,3.6458334922790527,5.335239410400391,0.6833495565988014,0.1719178408384323,0.2840459942817688,1.2354414138826542e-05,2.315625066719009e-06,0.92653888463974,1.6803637742996216,1.0,48
13473,0.13312649726867676,0.16459469497203827,1.0,0.8400453925132751,0.9025161862373352,0.01025390625,0.044980891048908234,4.386707782745361,0.47680509090423584,9.716167449951172,196.68765258789062,0.057165034115314484,0.3908087909221649,7.11215877532959,97.80952453613281,83.35090637207031,0.9170390367507935,12.202337265014648,0.00024064848548732698,3.8958334922790527,3.656146764755249,1.0655571923913938,0.24075791239738464,0.2577340304851532,3.626235411502421e-06,9.918188833502642e-07,0.36351144313812256,1.5764278173446655,1.0,48
13557,0.14963708817958832,0.20102183520793915,0.9999998807907104,1.0149952173233032,0.8307573199272156,0.0341796875,0.2792673707008362,8.170565605163574,1.9844228029251099,44.53129196166992,200.9773712158203,0.1489836424589157,0.5229416489601135,7.60117244720459,90.15714263916016,71.83284759521484,0.8793076872825623,12.169622421264648,0.0002535670646466315,5.625,6.242181301116943,0.9011273014422408,0.39794573187828064,0.41167253255844116,1.065458491211757e-05,1.7068688621944394e-06,0.5164403319358826,5.901184558868408,1.0,48
13651,0.15253105759620667,0.20304197072982788,1.0,0.9332029819488525,0.8505110144615173,0.0048828125,0.019004805013537407,3.892184019088745,0.27649685740470886,5.818826198577881,237.94818115234375,0.03085736557841301,0.29969045519828796,6.4769744873046875,89.80000305175781,55.41218185424805,0.8250340223312378,12.160429954528809,0.0002878044033423066,2.2708334922790527,4.174340724945068,0.5439981152638071,0.3375870883464813,0.3805582523345947,4.8331994548789226e-06,1.1578353952800942e-06,0.5682676434516907,0.8108717799186707,1.0,48
13658,0.24641719460487366,0.4194844365119934,1.0,1.4611523151397705,0.7006864547729492,0.00244140625,0.020364193245768547,8.34117317199707,0.46710970997810364,15.619507789611816,770.5921020507812,0.01712392456829548,0.1922067403793335,5.9489593505859375,95.4000015258789,75.51045989990234,0.907963216304779,12.159828186035156,0.0002684802166186273,4.395833492279053,10.174590110778809,0.4320403515127129,0.3883312940597534,0.39540404081344604,2.1358224330469966e-05,2.099172947208129e-06,0.8577484488487244,0.8688722252845764,1.0,48
13808,0.21413210034370422,0.7427331805229187,1.0,0.9049718379974365,0.8362127542495728,0.02197265625,0.0998801589012146,4.545657157897949,0.6975547075271606,8.535799980163574,60.864444732666016,0.1056201159954071,0.4936392605304718,7.645521640777588,95.26667022705078,57.026363372802734,0.8619788885116577,12.162862777709961,0.0003219681093469262,3.0833334922790527,4.448227405548096,0.6931600397726371,0.3300606906414032,0.4531191289424896,4.449943844520021e-06,1.0003858680799292e-06,0.534273624420166,2.0503015518188477,1.0,48
13820,0.16347667574882507,0.3427879810333252,1.0,1.0565102100372314,0.8641781210899353,0.0087890625,0.06841600686311722,7.784221172332764,0.8522794246673584,18.921810150146484,284.6043395996094,0.05035991966724396,0.3576001226902008,6.970755577087402,88.61111450195312,58.177711486816406,0.8316260576248169,12.159322738647461,0.00032553047640249133,2.3125,3.4797401428222656,0.6645611161869176,0.275195449590683,0.275195449590683,5.107867764309049e-06,1.4678876985013607e-06,0.3331308662891388,2.7817881107330322,1.0,48
13978,0.16775372624397278,0.36008232831954956,1.0,0.9383352398872375,0.8740365505218506,0.00439453125,0.0315634049475193,7.182428359985352,0.6364141702651978,24.34255599975586,1080.2996826171875,0.02823571488261223,0.2510184049606323,6.662715911865234,115.11111450195312,54.73713302612305,0.6397184729576111,12.162343978881836,0.0002541416324675083,1.9166667461395264,4.492656230926514,0.4266221681239193,0.14099566638469696,0.39724254608154297,4.4563234951056074e-06,9.91912858702625e-07,1.2647889852523804,1.3467053174972534,1.0,48
13982,0.14850006997585297,0.3259308636188507,1.0000001192092896,0.8380962014198303,0.8713594675064087,0.009765625,0.04724873602390289,4.838270664215088,0.5083057880401611,9.312721252441406,165.55477905273438,0.05492175742983818,0.3846900761127472,7.090040683746338,105.05000305175781,56.09823226928711,0.6868409514427185,12.161300659179688,0.00027214433066546917,3.9791667461395264,4.605834007263184,0.8639405439330123,0.23957477509975433,0.34289488196372986,5.346880243450869e-06,1.1608929508554065e-06,0.41573062539100647,1.7416917085647583,1.0,48
14019,0.16506075859069824,0.2493070662021637,0.9999999403953552,0.9824010133743286,0.8312973976135254,0.01220703125,0.0837305411696434,6.859205722808838,0.9312751293182373,25.129405975341797,358.2256164550781,0.06591325998306274,0.397026389837265,7.243825435638428,118.08000183105469,55.18608474731445,0.7775090932846069,12.160051345825195,0.00028523860964924097,5.9791669845581055,5.904388427734375,1.0126649097721667,0.31134316325187683,0.32767245173454285,8.8173774202005e-06,1.4933599835419863e-06,0.8308823704719543,2.873023748397827,1.0,48
14055,0.16443996131420135,0.2771449685096741,1.0000001192092896,0.9741896390914917,0.8552677035331726,0.00634765625,0.029179103672504425,4.596831321716309,0.3740931451320648,6.595059871673584,184.59934997558594,0.03844451159238815,0.33325791358947754,6.569857597351074,76.30769348144531,56.155853271484375,0.6775414347648621,12.162184715270996,0.00026189687196165323,4.0416669845581055,5.072239398956299,0.7968210209915444,0.22738295793533325,0.2593696117401123,4.247355718689505e-06,8.373728793616767e-07,1.158177375793457,1.2449750900268555,1.0,48
14090,0.20036350190639496,0.922663152217865,1.0,0.9968870282173157,0.8897916674613953,0.0244140625,0.1056288629770279,4.3265581130981445,0.6932926177978516,8.431974411010742,53.34551239013672,0.1147531270980835,0.5086961984634399,7.711735725402832,103.44000244140625,56.80064010620117,0.8357681035995483,12.157981872558594,0.0003241014201194048,4.270833492279053,4.229902267456055,1.009676633675711,0.3303070068359375,0.350212037563324,6.00024577579461e-06,1.4185305905939923e-06,0.4448012709617615,1.880116581916809,1.0,48
14133,0.17044806480407715,0.22042427957057953,1.0,0.9388419985771179,0.8220122456550598,0.0048828125,0.028068747371435165,5.74847936630249,0.4211858808994293,9.116816520690918,273.3467712402344,0.03085736557841301,0.2949999272823334,6.526601314544678,96.30000305175781,70.06958770751953,0.6880595088005066,12.174723625183105,0.00022204720880836248,3.6458334922790527,4.774658203125,0.7635799945338633,0.24652394652366638,0.2724691331386566,6.012066933180904e-06,1.2591617378296118e-06,0.5752145648002625,1.19760000705719,1.0,48
14286,0.1265491545200348,0.181858092546463,1.0,0.9338957071304321,0.8713876605033875,0.0029296875,0.014422998763620853,4.923050403594971,0.2752622067928314,6.969791412353516,426.5594482421875,0.020013848319649696,0.23047329485416412,6.058381080627441,86.0,64.65648651123047,0.6729716062545776,12.169551849365234,0.00023119387333281338,2.3125,4.751031398773193,0.48673641595586326,0.25310856103897095,0.4258638322353363,4.917842034046771e-06,1.0351104025466023e-06,0.5442496538162231,0.6153812408447266,1.0,48
14324,0.21980606019496918,0.46356239914894104,0.9999999403953552,1.0856481790542603,0.7501174211502075,0.01025390625,0.06341836601495743,6.184800624847412,0.6999351382255554,15.591804504394531,225.1742401123047,0.057165034115314484,0.3848693072795868,6.780120849609375,77.14286041259766,72.2022476196289,0.7098782062530518,12.181349754333496,0.00022799258294980973,7.1875,6.301799774169922,1.140547184322636,0.3250643014907837,0.3812647759914398,1.5804345821379684e-05,2.507909861097157e-06,0.43391671776771545,2.334989309310913,1.0,48
14346,0.2206251621246338,0.35640060901641846,1.0,1.124408483505249,0.9099788069725037,0.01123046875,0.0487554632127285,4.341355800628662,0.4746024012565613,8.837791442871094,125.93775939941406,0.06158214434981346,0.4070137143135071,6.804123401641846,89.08695983886719,85.18106842041016,0.8568952679634094,12.159872055053711,0.00023903159308247268,3.125,8.738724708557129,0.3576036665125636,0.42162561416625977,0.4231404662132263,1.549853550386615e-05,1.773546598962457e-06,0.4283963441848755,1.583573341369629,1.0,48
14395,0.15879492461681366,0.2105812132358551,1.0000001192092896,0.9635173082351685,0.8181113600730896,0.0087890625,0.056789133697748184,6.461341381072998,0.6641479134559631,15.488265991210938,233.45358276367188,0.05035991966724396,0.3668273985385895,6.837010383605957,100.38888549804688,61.44849395751953,0.6965488195419312,12.16555118560791,0.0002649278030730784,4.770833492279053,5.8836989402771,0.8108561523281821,0.36721810698509216,0.4848874509334564,6.508910701086279e-06,1.1062616826749326e-06,0.9334649443626404,2.2895164489746094,1.0,48
14587,0.11972230672836304,0.15634703636169434,1.0,0.9234933257102966,0.8648260831832886,0.01416015625,0.07695507258176804,5.434620380401611,0.7427116632461548,16.793527603149414,231.7021026611328,0.07434378564357758,0.42523929476737976,7.167555809020996,89.6551742553711,54.20460891723633,0.6125240325927734,12.161279678344727,0.0002490175247658044,4.208333492279053,4.829732418060303,0.8713388484689174,0.3344261348247528,0.42812538146972656,5.618330760626122e-06,1.1632799216751916e-06,0.4972388446331024,2.4548990726470947,1.0,48
14609,0.24456290900707245,0.3670436441898346,1.0,1.185321569442749,0.7179274559020996,0.01123046875,0.07116368412971497,6.3366618156433105,0.7349611520767212,16.76280403137207,199.3262176513672,0.06158214434981346,0.3996492922306061,6.09400749206543,66.0,57.13360595703125,0.6130616068840027,12.162355422973633,0.0002424550475552678,10.166666984558105,9.768755912780762,1.040733033451006,0.2712417244911194,0.4479488730430603,4.0276022446050774e-06,4.1229428562266554e-07,0.9246213436126709,2.4786059856414795,1.0,48
14662,0.20368044078350067,0.3654165267944336,0.9999999403953552,1.069189190864563,0.7923051118850708,0.005859375,0.031206967309117317,5.325989246368408,0.49050483107566833,15.292186737060547,574.9422607421875,0.03595767915248871,0.3029264807701111,6.825887203216553,108.08333587646484,58.49997329711914,1.0357489585876465,12.150644302368164,0.0004265274910721928,4.25,5.784144401550293,0.7347672702488587,0.2915620505809784,0.2989843487739563,7.853297574911267e-06,1.3577284756634197e-06,0.8984014987945557,1.331497311592102,1.0,48
14704,0.23611553013324738,0.2871450185775757,1.0,1.0387074947357178,0.7830535173416138,0.013671875,0.07491009682416916,5.479138374328613,0.7332574725151062,16.087177276611328,211.41049194335938,0.07226333767175674,0.4203874468803406,7.277400016784668,87.92857360839844,64.73442077636719,0.7674830555915833,12.160322189331055,0.00027394876815378666,6.708333492279053,6.255189418792725,1.072442900194277,0.298174649477005,0.298174649477005,1.166080437542405e-05,1.8641808546595254e-06,0.49638110399246216,2.300941228866577,1.0,48
14765,0.19134442508220673,0.5023261904716492,1.0,0.875583291053772,0.8542829751968384,0.0126953125,0.06081840395927429,4.790618896484375,0.567716658115387,9.631834983825684,122.95806121826172,0.06804874539375305,0.4204730689525604,7.378356456756592,124.15384674072266,59.08662414550781,0.6416879892349243,12.16104507446289,0.00025386811466887593,6.75,5.580781936645508,1.2095079264039845,0.29107043147087097,0.29436466097831726,8.65908350533573e-06,1.5515896496440836e-06,0.6343868374824524,1.8541674613952637,1.0,48
14861,0.1913442462682724,0.48190581798553467,1.0000001192092896,0.871293842792511,0.8442241549491882,0.01904296875,0.09070546180009842,4.763199806213379,0.6865565180778503,9.72874641418457,76.277587890625,0.09429078549146652,0.47397321462631226,7.162675857543945,74.61538696289062,56.22378158569336,0.6948460340499878,12.16568660736084,0.00026309321401640773,4.9375,5.130428314208984,0.9623952792988819,0.2524048089981079,0.27177518606185913,1.0082259905175306e-05,1.9651887265630595e-06,0.4280622601509094,2.0853323936462402,1.0,48
14868,0.27880868315696716,0.41390261054039,1.0,1.1956658363342285,0.6922717094421387,0.00244140625,0.014760482124984264,6.045893669128418,0.32366031408309937,10.466207504272461,683.76611328125,0.01712392456829548,0.20002464950084686,5.761991500854492,76.19999694824219,64.22228240966797,1.0260707139968872,12.162130355834961,0.0002823814284056425,4.0416669845581055,5.003507614135742,0.807766728497036,0.2978193163871765,0.2995365858078003,6.518787813547533e-06,1.3028435855883252e-06,0.38063666224479675,0.6297805905342102,1.0,48
14976,0.13097037374973297,0.18181779980659485,1.0,0.809451699256897,0.909853994846344,0.00634765625,0.026064911857247353,4.106225967407227,0.3305303454399109,5.857571125030518,172.55662536621094,0.03844451159238815,0.3347681164741516,6.8654327392578125,108.23076629638672,53.22725296020508,0.6849561929702759,12.160301208496094,0.00026103880372829735,3.2708334922790527,4.073339939117432,0.8029856415465011,0.20689666271209717,0.2147732675075531,6.7032865445071366e-06,1.645648688359422e-06,0.4104924201965332,1.1121028661727905,1.0,48
14994,0.1876727193593979,0.24211379885673523,1.0,1.0933862924575806,0.7670646905899048,0.00732421875,0.047617483884096146,6.501373767852783,0.6916776299476624,21.067514419555664,511.41192626953125,0.0433073565363884,0.32643693685531616,6.666936874389648,86.46666717529297,64.10437774658203,0.8970973491668701,12.160655975341797,0.0003036188427358866,4.8541669845581055,5.532010555267334,0.8774688564470463,0.2959725856781006,0.318661093711853,8.764848644204903e-06,1.5843875460460809e-06,0.4864351153373718,2.031679153442383,1.0,48
15155,0.15869152545928955,0.23529936373233795,1.0,0.9140189290046692,0.8381317257881165,0.0078125,0.0378437303006649,4.843997478485107,0.43893659114837646,7.376060485839844,152.94677734375,0.04568839073181152,0.35986679792404175,6.732503890991211,76.0625,56.99185562133789,0.6358564496040344,12.16384506225586,0.00026277208235114813,3.5416667461395264,4.051557540893555,0.8741494355321267,0.2478526085615158,0.2604767680168152,5.016805516788736e-06,1.2382412081700036e-06,0.36278748512268066,1.6146656274795532,1.0,48
15244,0.23689785599708557,0.28854480385780334,0.9999999403953552,1.097350001335144,0.718611478805542,0.0087890625,0.05600268021225929,6.371860504150391,0.6674994826316833,14.37584114074707,245.4588165283203,0.05035991966724396,0.36428749561309814,6.375410079956055,58.77777862548828,72.26764678955078,1.1483235359191895,12.183309555053711,0.00026399875059723854,8.583333969116211,7.788594722747803,1.1020388482952979,0.16604705154895782,0.3492242693901062,9.624552149034571e-06,1.2357238345663732e-06,0.5105011463165283,2.254058837890625,1.0,48
15426,0.16318367421627045,0.27710801362991333,1.0,1.0604397058486938,0.802344024181366,0.00732421875,0.03356479853391647,4.582713603973389,0.4128153920173645,9.449604034423828,224.7427215576172,0.0433073565363884,0.34873735904693604,5.961160659790039,93.5999984741211,54.537567138671875,0.8751155138015747,12.163771629333496,0.0002824747934937477,6.083333492279053,6.029353141784668,1.0089529239929174,0.366674542427063,0.4894949197769165,6.688897883577738e-06,1.1093889701249043e-06,0.5197646617889404,1.4320979118347168,1.0,48
15462,0.15916742384433746,0.4421985149383545,1.0,1.0340311527252197,0.8475559949874878,0.005859375,0.036986835300922394,6.312419891357422,0.5411369800567627,12.449027061462402,325.2123718261719,0.03595767915248871,0.30987468361854553,6.8688859939575195,124.75,73.71002960205078,0.9151734113693237,12.155696868896484,0.0002902724372688681,3.6875,7.926860332489014,0.46519048408542224,0.45951661467552185,0.45951661467552185,8.552875442546792e-06,1.0789739030347557e-06,0.8399110436439514,1.5781049728393555,1.0,48
15499,0.14874492585659027,0.23716622591018677,0.9999999403953552,0.9595503211021423,0.850945234298706,0.0126953125,0.07290919870138168,5.743001461029053,0.6768161654472351,10.358723640441895,111.90745544433594,0.06804874539375305,0.4207782447338104,6.782986640930176,77.84615325927734,62.967193603515625,0.8593588471412659,12.16910171508789,0.00027604930801317096,9.270833969116211,6.962576866149902,1.3315233905528818,0.23569214344024658,0.23796996474266052,2.3386766770272516e-05,3.358924028599696e-06,0.507163941860199,2.23043155670166,1.0,48
15528,0.17240948975086212,0.376777321100235,1.0,0.9791146516799927,0.8329487442970276,0.00537109375,0.02717534452676773,5.0595550537109375,0.37760746479034424,6.928929328918457,212.6528778076172,0.03342986851930618,0.31178557872772217,6.517354965209961,86.0,64.82946014404297,0.6681553721427917,12.175745010375977,0.00022323794837575406,2.1875,3.4911880493164062,0.6265775325859485,0.2925223708152771,0.3020256459712982,3.664833911898313e-06,1.0497383267906536e-06,0.28649666905403137,1.1594812870025635,1.0,48
15549,0.19555221498012543,0.26182061433792114,1.0,0.9491031765937805,0.8017167448997498,0.00390625,0.018157007172703743,4.648193836212158,0.3024085462093353,7.508378028869629,345.47357177734375,0.02555946074426174,0.26723596453666687,6.505714416503906,96.125,66.21552276611328,1.2036288976669312,12.153804779052734,0.0003874526883009821,3.5,6.726772308349609,0.5203089735105993,0.33794277906417847,0.33794277906417847,1.0106117770192213e-05,1.502372503767411e-06,0.7668366432189941,0.7746990323066711,1.0,48
15554,0.15097153186798096,0.22672148048877716,1.0,0.9322463870048523,0.8503916263580322,0.01611328125,0.09030994027853012,5.604689598083496,0.8292961716651917,23.16716957092285,323.66119384765625,0.08250018209218979,0.4425325095653534,7.2678303718566895,102.39393615722656,56.07358169555664,0.6360175609588623,12.165958404541016,0.0002539070846978575,5.7916669845581055,4.86802864074707,1.1897355993723022,0.1780003160238266,0.3175445795059204,5.927242455072701e-06,1.2175857786217176e-06,0.6462621092796326,2.4270689487457275,1.0,48
15555,0.1201140433549881,0.16906887292861938,1.0,0.9927602410316467,0.8663992285728455,0.01220703125,0.06316941976547241,5.174839019775391,0.6156682968139648,11.892704963684082,157.68870544433594,0.06591325998306274,0.4126901924610138,7.015893936157227,87.0,78.26129150390625,0.9014322757720947,12.186680793762207,0.00022838806034997106,4.395833492279053,6.46103048324585,0.6803610502804953,0.1824101209640503,0.38953810930252075,6.246261818887433e-06,9.667593776901488e-07,0.8416922092437744,2.0058460235595703,1.0,48
15614,0.13513949513435364,0.22545823454856873,0.9999999403953552,0.9732416868209839,0.9111727476119995,0.01806640625,0.09961975365877151,5.514088153839111,0.7987439036369324,13.902763366699219,106.28227996826172,0.09041537344455719,0.46347349882125854,7.358263969421387,124.64865112304688,71.72944641113281,0.9080468416213989,12.156732559204102,0.0002790443832054734,3.5625,8.434782028198242,0.4223582759894276,0.3537968099117279,0.3576313257217407,2.097807009704411e-05,2.4870909529187128e-06,0.5433348417282104,2.485348701477051,1.0,48
15651,0.22780953347682953,0.3106602430343628,1.0,0.9616855382919312,0.7375255227088928,0.01416015625,0.06445745378732681,4.552029609680176,0.5514662861824036,7.005704402923584,80.46652221679688,0.07434378564357758,0.43842583894729614,6.97367000579834,70.27586364746094,58.760009765625,0.8484020233154297,12.163483619689941,0.00026774819707497954,5.7291669845581055,5.113326072692871,1.1204384175594977,0.2673695683479309,0.27223965525627136,9.0603807620937e-06,1.771915308268813e-06,0.43122899532318115,1.770067811012268,1.0,48
15745,0.16299067437648773,0.25420406460762024,0.9999999403953552,0.9249674081802368,0.8299887776374817,0.01708984375,0.08425994217395782,4.930410385131836,0.6896877288818359,10.745497703552246,100.59062194824219,0.08648617565631866,0.4568846523761749,7.41114616394043,105.25714111328125,57.57981491088867,0.7620139718055725,12.162935256958008,0.00024328456493094563,5.125,4.529904365539551,1.1313704606379398,0.25534600019454956,0.2680046558380127,5.892996341572143e-06,1.3009096557077404e-06,0.3411669135093689,2.1893606185913086,1.0,48
15747,0.21941137313842773,0.29015371203422546,1.0,1.0682986974716187,0.7894482612609863,0.04150390625,0.27312085032463074,6.580605983734131,1.4992698431015015,22.931360244750977,67.04611206054688,0.17269453406333923,0.5671351552009583,7.7218523025512695,93.01176452636719,68.25689697265625,0.8431280851364136,12.158429145812988,0.0002805176191031933,7.2291669845581055,6.356325149536133,1.137318624065744,0.34637030959129333,0.34637030959129333,1.2727381545118988e-05,2.002317569614044e-06,0.4806719720363617,4.289657115936279,1.0,48
15783,0.3035832643508911,0.5693600177764893,1.0,1.3326419591903687,0.673008918762207,0.00439453125,0.0389031246304512,8.852622032165527,0.6344630718231201,14.249846458435059,341.5856628417969,0.02823571488261223,0.27641400694847107,6.478682518005371,94.44444274902344,66.13612365722656,0.9538559913635254,12.164955139160156,0.0002575498656369746,6.6041669845581055,6.869272232055664,0.9614070824163137,0.38321027159690857,0.4175313413143158,1.2106391295674257e-05,1.7623979468385955e-06,0.38188663125038147,1.6598666906356812,1.0,48
15789,0.17240066826343536,0.3575158715248108,1.0,1.0405986309051514,0.783455491065979,0.0048828125,0.02127636969089508,4.357400417327881,0.31036651134490967,6.135763168334961,238.5805206298828,0.03085736557841301,0.2992650270462036,6.036831855773926,110.80000305175781,66.53622436523438,0.9021576642990112,12.162469863891602,0.0003163083456456661,5.7916669845581055,5.333727836608887,1.0858572373992368,0.49061092734336853,0.5363264083862305,8.829792022879701e-06,1.6554635475999334e-06,0.4471033811569214,0.907791793346405,1.0,48
15795,0.15220986306667328,0.1960335522890091,1.0000001192092896,0.9582052826881409,0.8208832740783691,0.00732421875,0.03747434914112091,5.116497993469238,0.46674802899360657,9.233149528503418,211.00173950195312,0.0433073565363884,0.3462928235530853,6.843924045562744,98.19999694824219,59.2725830078125,0.7035604119300842,12.160234451293945,0.00025249560712836683,5.25,5.641788482666016,0.9305559765001263,0.23126725852489471,0.32553452253341675,8.561439244658686e-06,1.5175044679161653e-06,0.810642659664154,1.5989056825637817,1.0,48
15817,0.18007896840572357,0.3383091688156128,1.0,0.9298210740089417,0.8444436192512512,0.0048828125,0.02711535431444645,5.553224563598633,0.4119499623775482,11.147777557373047,359.464111328125,0.03085736557841301,0.2947289049625397,6.401151657104492,83.30000305175781,60.79106521606445,0.660058856010437,12.162864685058594,0.0002555492683313787,2.2708334922790527,3.908684730529785,0.5809712583704725,0.2748739421367645,0.28322699666023254,4.76997229270637e-06,1.220352269203437e-06,0.44337356090545654,1.1569217443466187,1.0,48
15828,0.21860380470752716,0.34213733673095703,0.9999999403953552,1.119942545890808,0.7397653460502625,0.00927734375,0.06864394247531891,7.399094581604004,0.8563107252120972,22.444522857666016,378.6261291503906,0.05265381559729576,0.36310821771621704,6.708439826965332,70.63157653808594,68.54170227050781,0.8841972351074219,12.163183212280273,0.00026194844394922256,7.0625,6.776562690734863,1.042195034841798,0.3741190433502197,0.3836634159088135,1.719539432087913e-05,2.5374802949900296e-06,0.37892255187034607,2.7360236644744873,1.0,48
15853,0.14602194726467133,0.2198762595653534,1.0,0.898876428604126,0.8700368404388428,0.00927734375,0.03945876285433769,4.253239154815674,0.41804906725883484,6.9626145362854,129.28857421875,0.05265381559729576,0.3831329941749573,6.869953155517578,71.47368621826172,66.9744644165039,0.8781949877738953,12.17035961151123,0.00027835124637931585,4.270833492279053,5.019769668579102,0.850802679354794,0.21383711695671082,0.2168157547712326,1.037564106809441e-05,2.0669556040330806e-06,0.6099931597709656,1.4752756357192993,1.0,48
15854,0.3515845239162445,0.49489980936050415,0.9999999403953552,1.5958532094955444,0.6885597109794617,0.00537109375,0.02418847568333149,4.503454208374023,0.3301110565662384,4.967512607574463,185.0398712158203,0.03342986851930618,0.3141467273235321,5.994383811950684,101.7272720336914,109.51969146728516,1.4587156772613525,12.158814430236816,0.0002926975139416754,6.6875,10.510039329528809,0.6362963813891697,0.4411050081253052,0.44402337074279785,2.7191272238269448e-05,2.5871713092454036e-06,0.40633901953697205,1.0320416688919067,1.0,48
15862,0.2473670095205307,0.3075624108314514,1.0000001192092896,1.2366747856140137,0.6815387010574341,0.00537109375,0.029875803738832474,5.562331676483154,0.49191009998321533,17.240510940551758,766.9005737304688,0.03342986851930618,0.29328277707099915,5.906889915466309,65.09091186523438,82.05880737304688,1.0038968324661255,12.1793212890625,0.00025967208785004914,6.708333492279053,7.084430694580078,0.9469121474986157,0.34027528762817383,0.369596928358078,8.712046110304072e-06,1.2297454056077848e-06,0.6925188899040222,1.2747009992599487,1.0,48
15881,0.15102358162403107,0.2196248173713684,1.0,0.9353668689727783,0.8445051312446594,0.0029296875,0.013090776279568672,4.468318462371826,0.2455795556306839,5.553387641906738,379.7115478515625,0.020013848319649696,0.23279361426830292,6.132184028625488,87.5,77.10370635986328,1.0041050910949707,12.182126998901367,0.0002724126388784498,2.3125,5.127625942230225,0.4509884343248935,0.4219691753387451,0.49924010038375854,6.208153990883147e-06,1.2107267668740453e-06,0.8831391334533691,0.5585398077964783,1.0,48
15986,0.11694826930761337,0.16140216588974,1.0,0.8795515894889832,0.9058467745780945,0.02001953125,0.09923364222049713,4.956840991973877,0.774260401725769,16.71356964111328,149.3248291015625,0.09811511635780334,0.4753032326698303,7.373195171356201,79.56097412109375,61.23863220214844,0.6077533960342407,12.167089462280273,0.00022224575513973832,5.3541669845581055,5.04117488861084,1.062087130925276,0.2909719944000244,0.4387124478816986,8.317456376971677e-06,1.6499043465569224e-06,0.47669726610183716,2.2950661182403564,1.0,48
16054,0.13646864891052246,0.18637095391750336,0.9999999403953552,0.8615180850028992,0.8658038377761841,0.00634765625,0.04815142974257469,7.585702896118164,0.6849791407585144,16.04817008972168,331.10491943359375,0.03844451159238815,0.3187899887561798,6.842945098876953,106.69230651855469,62.196014404296875,0.7396098971366882,12.166421890258789,0.00025183314573951066,3.1875,4.33109188079834,0.7359576015397022,0.2707841992378235,0.2707841992378235,6.3880761445034295e-06,1.4749343365527003e-06,0.3767285943031311,2.0544610023498535,1.0,48
16098,0.16691653430461884,0.22297827899456024,1.0,0.9271823763847351,0.8607192039489746,0.01318359375,0.07799147069454193,5.915797710418701,0.7681068181991577,14.783447265625,174.07174682617188,0.07016520947217941,0.41571423411369324,7.105409622192383,79.88888549804688,74.52037811279297,0.6899825930595398,12.182180404663086,0.00020564283477142453,3.8333334922790527,5.464646816253662,0.7014787257362484,0.2713610827922821,0.3016856908798218,6.7189675974077545e-06,1.2295337303644203e-06,0.9849885702133179,2.528996467590332,1.0,48
16113,0.1475435346364975,0.1719662845134735,1.0000001192092896,1.0194708108901978,0.8085318803787231,0.00537109375,0.03416400030255318,6.360716342926025,0.5142692923545837,11.674295425415039,332.97998046875,0.03342986851930618,0.3005208671092987,6.309572219848633,67.90908813476562,56.9803581237793,0.7297724485397339,12.158060073852539,0.0002738690236583352,3.5625,5.132050037384033,0.694167041846351,0.2826941907405853,0.2827245593070984,7.768079740344547e-06,1.51364068327903e-06,0.36592406034469604,1.4576640129089355,1.0,48
16126,0.16151951253414154,0.24501553177833557,1.0000001192092896,1.0020291805267334,0.8615016341209412,0.01416015625,0.07539087533950806,5.324155807495117,0.6962616443634033,13.594447135925293,153.00343322753906,0.07434378564357758,0.4293666481971741,7.280590534210205,89.96551513671875,56.65342330932617,0.6848365068435669,12.165997505187988,0.00025843363255262375,3.4375,4.565385818481445,0.7529484098704081,0.2209920585155487,0.2268085926771164,5.481708285515197e-06,1.2007108471133407e-06,0.4758117198944092,2.2548224925994873,1.0,48
16257,0.217434361577034,0.2787459194660187,1.0,1.0060778856277466,0.7956750392913818,0.00537109375,0.024688266217708588,4.596506118774414,0.34637969732284546,6.534709453582764,228.68087768554688,0.03342986851930618,0.31053945422172546,6.4534592628479,81.18181610107422,77.8560562133789,1.0129512548446655,12.173341751098633,0.00027123955078423023,5.020833492279053,5.044617652893066,0.9952852382076517,0.2689796984195709,0.29585134983062744,9.2121226771269e-06,1.8261290136790639e-06,0.6895182728767395,1.05336594581604,1.0,48
16272,0.25679510831832886,0.5078482627868652,1.0,1.0798041820526123,0.7223131060600281,0.02001953125,0.13097591698169708,6.54240608215332,1.001340389251709,14.364020347595215,89.45066833496094,0.09811511635780334,0.47575482726097107,7.131925106048584,72.80487823486328,76.653564453125,0.7559034824371338,12.178388595581055,0.00021412453497759998,8.8125,7.627382278442383,1.1553767290979242,0.39577969908714294,0.4206981062889099,2.100734673149418e-05,2.7542013677911735e-06,0.411357045173645,3.1221542358398438,1.0,48
16308,0.15627706050872803,0.2727416455745697,1.0,0.9398657083511353,0.8335847854614258,0.0205078125,0.10769221931695938,5.251277923583984,0.7880457639694214,11.479033470153809,73.43663024902344,0.10000890493392944,0.48321428894996643,7.144306182861328,71.4047622680664,57.647239685058594,0.6573156118392944,12.161396026611328,0.0002696672163438052,4.3541669845581055,4.634134292602539,0.9395858428429225,0.22629347443580627,0.22765088081359863,1.1758202163036913e-05,2.5373028477904673e-06,0.4374130666255951,2.3747878074645996,1.0,48
16322,0.24336786568164825,0.3792468011379242,0.9999998807907104,0.907950222492218,0.7737751007080078,0.01025390625,0.056990161538124084,5.557897567749023,0.5829233527183533,9.887557029724121,127.36555480957031,0.057165034115314484,0.39405378699302673,6.367090702056885,102.0952377319336,99.44934844970703,1.3471193313598633,12.186103820800781,0.0002815175394061953,11.229166984558105,10.058760643005371,1.1163569123401935,0.3784080147743225,0.46336302161216736,5.379939830163494e-05,5.3485116265849975e-06,0.7085584402084351,2.0580155849456787,1.0,48
