setting,target,control,predictor_set,cv_spearman_mean,cv_spearman_sd,oof_spearman,n_pred,n_defined_folds,controls
gemma_2_2b,collateral_raw,none,frequency_only,0.3806974429242647,0.10836240656097748,0.358429210157559,1,5,
gemma_2_2b,collateral_raw,none,actmag_only,0.4829398187535806,0.079028534083156,0.448679143866868,1,5,
gemma_2_2b,collateral_raw,none,geometry_only,0.5553332809663878,0.1154376218322449,0.5631891407948623,5,5,
gemma_2_2b,collateral_raw,none,direct_logit_only,0.28187711916176456,0.05668202439953482,0.2653128757036843,4,5,
gemma_2_2b,collateral_raw,none,coactivation_only,0.27683757181536456,0.11885385274305668,0.2742601463472421,2,5,
gemma_2_2b,collateral_raw,none,full_no_magnitude,0.7290324659102811,0.06469027198315029,0.7316047710567183,15,5,
gemma_2_2b,collateral_raw,none,full_all,0.7335418647042579,0.07852609139862318,0.741387410676435,19,5,
gemma_2_2b,collateral_raw,primary,frequency_only,,,,1,0,"effect_l2,ctx_mean_act,frequency"
gemma_2_2b,collateral_raw,primary,actmag_only,-0.10078355098638511,0.09443483686370832,-0.13646107178968656,1,5,"effect_l2,ctx_mean_act,frequency"
gemma_2_2b,collateral_raw,primary,geometry_only,0.48180050013892767,0.14518180885252552,0.5056811742352693,5,5,"effect_l2,ctx_mean_act,frequency"
gemma_2_2b,collateral_raw,primary,direct_logit_only,0.14598499583217564,0.11383474836479657,0.14044822720252445,4,5,"effect_l2,ctx_mean_act,frequency"
gemma_2_2b,collateral_raw,primary,coactivation_only,0.09666018338427343,0.055739490031381435,0.08911032344803829,2,5,"effect_l2,ctx_mean_act,frequency"
gemma_2_2b,collateral_raw,primary,full_no_magnitude,0.5257460405668242,0.13883131942975374,0.549534550383893,15,5,"effect_l2,ctx_mean_act,frequency"
gemma_2_2b,collateral_raw,primary,full_all,0.5336593498193943,0.1336389783977862,0.5614542383804263,19,5,"effect_l2,ctx_mean_act,frequency"
gemma_2_2b,collateral_raw,robust,frequency_only,,,,1,0,"frequency,ctx_mean_act"
gemma_2_2b,collateral_raw,robust,actmag_only,0.05534870797443734,0.10766302236932768,-0.02126512516805742,1,5,"frequency,ctx_mean_act"
gemma_2_2b,collateral_raw,robust,geometry_only,0.4812892470130593,0.1708074737914613,0.5001295569950777,5,5,"frequency,ctx_mean_act"
gemma_2_2b,collateral_raw,robust,direct_logit_only,0.20334537371492084,0.1487683734052217,0.2040680452005022,4,5,"frequency,ctx_mean_act"
gemma_2_2b,collateral_raw,robust,coactivation_only,0.08566824117810504,0.12261644662996238,0.09963355148390536,2,5,"frequency,ctx_mean_act"
gemma_2_2b,collateral_raw,robust,full_no_magnitude,0.5188441233676022,0.17504623099136615,0.5490007666751853,15,5,"frequency,ctx_mean_act"
gemma_2_2b,collateral_raw,robust,full_all,0.5595998888580163,0.14654168566911213,0.5829882554250602,19,5,"frequency,ctx_mean_act"
gemma_2_2b,collateral_raw,effect_only,frequency_only,0.4556679627917939,0.0990927785962709,0.4102644341325005,1,5,effect_l2
gemma_2_2b,collateral_raw,effect_only,actmag_only,0.4680300083356489,0.05081658236298851,0.431699907776753,1,5,effect_l2
gemma_2_2b,collateral_raw,effect_only,geometry_only,0.413926090580717,0.1841995520937773,0.4422120245780508,5,5,effect_l2
gemma_2_2b,collateral_raw,effect_only,direct_logit_only,0.15776604612392334,0.101169294688441,0.14897721085789842,4,5,effect_l2
gemma_2_2b,collateral_raw,effect_only,coactivation_only,0.3700472353431509,0.1417408845223767,0.35307992311025677,2,5,effect_l2
gemma_2_2b,collateral_raw,effect_only,full_no_magnitude,0.6170936371214226,0.11700541490350685,0.6252438360426226,15,5,effect_l2
gemma_2_2b,collateral_raw,effect_only,full_all,0.6081244790219505,0.10451061632151551,0.6137157079523106,19,5,effect_l2
gemma_2_2b,collateral_ctilde,none,frequency_only,0.47399449551370826,0.04073203797926878,0.4287505041016078,1,5,
gemma_2_2b,collateral_ctilde,none,actmag_only,0.41820505696026683,0.06577379977033015,0.36787742086023173,1,5,
gemma_2_2b,collateral_ctilde,none,geometry_only,0.3708474576271187,0.15584130109200553,0.36913165701841133,5,5,
gemma_2_2b,collateral_ctilde,none,direct_logit_only,0.21748263406501808,0.09584179072426319,0.19845020500227778,4,5,
gemma_2_2b,collateral_ctilde,none,coactivation_only,0.38227285357043633,0.06748581164097976,0.36979921999133325,2,5,
gemma_2_2b,collateral_ctilde,none,full_no_magnitude,0.5859516532370105,0.06710876313282273,0.5852069467438527,15,5,
gemma_2_2b,collateral_ctilde,none,full_all,0.5752153375937762,0.053503386262286054,0.5762988477649751,19,5,
gemma_2_2b,collateral_ctilde,primary,frequency_only,,,,1,0,"effect_l2,ctx_mean_act,frequency"
gemma_2_2b,collateral_ctilde,primary,actmag_only,-0.1005056960266741,0.049133300488298955,-0.11198568872987476,1,5,"effect_l2,ctx_mean_act,frequency"
gemma_2_2b,collateral_ctilde,primary,geometry_only,0.460350097249236,0.12923981094589077,0.4615202391137679,5,5,"effect_l2,ctx_mean_act,frequency"
gemma_2_2b,collateral_ctilde,primary,direct_logit_only,0.10985273687135318,0.10295417019506865,0.09166635184835387,4,5,"effect_l2,ctx_mean_act,frequency"
gemma_2_2b,collateral_ctilde,primary,coactivation_only,0.05290358432898028,0.0807236248968783,0.03413237924865832,2,5,"effect_l2,ctx_mean_act,frequency"
gemma_2_2b,collateral_ctilde,primary,full_no_magnitude,0.5424951375382052,0.1216871569168305,0.5498065534061489,15,5,"effect_l2,ctx_mean_act,frequency"
gemma_2_2b,collateral_ctilde,primary,full_all,0.5497749374826342,0.12490379931023764,0.5547386082067578,19,5,"effect_l2,ctx_mean_act,frequency"
gemma_2_2b,collateral_ctilde,robust,frequency_only,,,,1,0,"frequency,ctx_mean_act"
gemma_2_2b,collateral_ctilde,robust,actmag_only,-0.15477632675743266,0.08964004699112392,-0.18583717596862184,1,5,"frequency,ctx_mean_act"
gemma_2_2b,collateral_ctilde,robust,geometry_only,0.41897193664906923,0.13132913523010803,0.41923710263447367,5,5,"frequency,ctx_mean_act"
gemma_2_2b,collateral_ctilde,robust,direct_logit_only,0.23519866629619343,0.11952589266804689,0.22024955832842588,4,5,"frequency,ctx_mean_act"
gemma_2_2b,collateral_ctilde,robust,coactivation_only,0.15733259238677416,0.09101040630123546,0.15382882032022574,2,5,"frequency,ctx_mean_act"
gemma_2_2b,collateral_ctilde,robust,full_no_magnitude,0.5107196443456516,0.04509376410191234,0.5197115523505816,15,5,"frequency,ctx_mean_act"
gemma_2_2b,collateral_ctilde,robust,full_all,0.5046846346207281,0.06844571855392156,0.5066882965366282,19,5,"frequency,ctx_mean_act"
gemma_2_2b,collateral_ctilde,effect_only,frequency_only,0.5046116070205178,0.054664281772349235,0.47894882239741693,1,5,effect_l2
gemma_2_2b,collateral_ctilde,effect_only,actmag_only,0.4958599611003057,0.04264713581503822,0.4873854153935043,1,5,effect_l2
gemma_2_2b,collateral_ctilde,effect_only,geometry_only,0.41049180327868856,0.16106093110993563,0.42421582462027346,5,5,effect_l2
gemma_2_2b,collateral_ctilde,effect_only,direct_logit_only,0.1129869408168936,0.09640620843293772,0.09688285425393615,4,5,effect_l2
gemma_2_2b,collateral_ctilde,effect_only,coactivation_only,0.39578771881078084,0.10000356843089885,0.3846251625018055,2,5,effect_l2
gemma_2_2b,collateral_ctilde,effect_only,full_no_magnitude,0.648257849402612,0.08258702444331327,0.6440853787264302,15,5,effect_l2
gemma_2_2b,collateral_ctilde,effect_only,full_all,0.6403445401500418,0.08487330510568976,0.6437658196202181,19,5,effect_l2
gemma_2_2b,kl_mean,none,frequency_only,0.077191864310181,0.10868037771623378,0.04251849429635688,1,5,
gemma_2_2b,kl_mean,none,actmag_only,0.22790775215337597,0.11189378625615314,0.1923408037867087,1,5,
gemma_2_2b,kl_mean,none,geometry_only,0.45676021116976945,0.10988092917894585,0.4520899121101345,5,5,
gemma_2_2b,kl_mean,none,direct_logit_only,0.49942761878299535,0.06111419074569239,0.48471249680552003,4,5,
gemma_2_2b,kl_mean,none,coactivation_only,-0.023762156154487363,0.09894125458393369,-0.08456449516105734,2,5,
gemma_2_2b,kl_mean,none,full_no_magnitude,0.5625229230341763,0.10911429914161357,0.5369637440416004,15,5,
gemma_2_2b,kl_mean,none,full_all,0.5370158377327037,0.10341011529087145,0.5061109567884087,19,5,
gemma_2_2b,kl_mean,primary,frequency_only,,,,1,0,"effect_l2,ctx_mean_act,frequency"
gemma_2_2b,kl_mean,primary,actmag_only,-0.2659961100305641,0.23433705650882386,-0.2886592073245258,1,5,"effect_l2,ctx_mean_act,frequency"
gemma_2_2b,kl_mean,primary,geometry_only,0.03157543762156155,0.07246040895783673,0.042309803442260464,5,5,"effect_l2,ctx_mean_act,frequency"
gemma_2_2b,kl_mean,primary,direct_logit_only,0.09462628507918867,0.11634438959264139,0.07329103656707296,4,5,"effect_l2,ctx_mean_act,frequency"
gemma_2_2b,kl_mean,primary,coactivation_only,0.22664073353709363,0.1202514951328235,0.21852731697018854,2,5,"effect_l2,ctx_mean_act,frequency"
gemma_2_2b,kl_mean,primary,full_no_magnitude,0.23975548763545432,0.07034872848281581,0.2392946588295425,15,5,"effect_l2,ctx_mean_act,frequency"
gemma_2_2b,kl_mean,primary,full_all,0.2796221172547931,0.1012464761852579,0.28094534383715375,19,5,"effect_l2,ctx_mean_act,frequency"
gemma_2_2b,kl_mean,robust,frequency_only,,,,1,0,"frequency,ctx_mean_act"
gemma_2_2b,kl_mean,robust,actmag_only,-0.39066407335370945,0.1905696051791458,-0.39303147812753475,1,5,"frequency,ctx_mean_act"
gemma_2_2b,kl_mean,robust,geometry_only,0.27657682689636015,0.12153594205037271,0.2739483772041912,5,5,"frequency,ctx_mean_act"
gemma_2_2b,kl_mean,robust,direct_logit_only,0.43197554876354544,0.08030804441981218,0.41861487349859433,4,5,"frequency,ctx_mean_act"
gemma_2_2b,kl_mean,robust,coactivation_only,0.41259238677410404,0.19542039938882447,0.4140952677251969,2,5,"frequency,ctx_mean_act"
gemma_2_2b,kl_mean,robust,full_no_magnitude,0.5224562378438457,0.047453639374539384,0.5264956277291969,15,5,"frequency,ctx_mean_act"
gemma_2_2b,kl_mean,robust,full_all,0.5872520144484581,0.08813723020182251,0.5721236902632252,19,5,"frequency,ctx_mean_act"
gemma_2_2b,kl_mean,effect_only,frequency_only,0.12851128762917344,0.17489741677749385,0.05696341718654984,1,5,effect_l2
gemma_2_2b,kl_mean,effect_only,actmag_only,0.10679633231453185,0.2116025672626432,0.052683696485516504,1,5,effect_l2
gemma_2_2b,kl_mean,effect_only,geometry_only,0.10983050847457629,0.17158842490328685,0.10172646362737363,5,5,effect_l2
gemma_2_2b,kl_mean,effect_only,direct_logit_only,0.09205890525145874,0.11049064828032566,0.09426326959188434,4,5,effect_l2
gemma_2_2b,kl_mean,effect_only,coactivation_only,0.17756043345373718,0.16148578547182205,0.167754752830587,2,5,effect_l2
gemma_2_2b,kl_mean,effect_only,full_no_magnitude,0.1410169491525424,0.1537024668075506,0.14481983133145923,15,5,effect_l2
gemma_2_2b,kl_mean,effect_only,full_all,0.1601333703806613,0.11354738853233762,0.16269114101267793,19,5,effect_l2
gemma_2_2b,kl_per_effect,none,frequency_only,0.14714564423725243,0.13664457287651885,0.02543295825220116,1,5,
gemma_2_2b,kl_per_effect,none,actmag_only,0.216371214226174,0.15770624008775536,0.09963755152835031,1,5,
gemma_2_2b,kl_per_effect,none,geometry_only,0.14143928869130312,0.1288162702373254,0.12347159412882364,5,5,
gemma_2_2b,kl_per_effect,none,direct_logit_only,0.33475965545985004,0.02416953593183513,0.307501638907099,4,5,
gemma_2_2b,kl_per_effect,none,coactivation_only,0.09158099472075579,0.08768706690680773,0.011607240080445336,2,5,
gemma_2_2b,kl_per_effect,none,full_no_magnitude,0.312164490136149,0.12779662648049608,0.2757443971599684,15,5,
gemma_2_2b,kl_per_effect,none,full_all,0.28461239233120317,0.12216104611307348,0.24669918554650602,19,5,
gemma_2_2b,kl_per_effect,primary,frequency_only,,,,1,0,"effect_l2,ctx_mean_act,frequency"
gemma_2_2b,kl_per_effect,primary,actmag_only,-0.033642678521811624,0.23456534683249183,-0.0411386793186591,1,5,"effect_l2,ctx_mean_act,frequency"
gemma_2_2b,kl_per_effect,primary,geometry_only,-0.014270630730758554,0.1222815371924675,0.005072500805564506,5,5,"effect_l2,ctx_mean_act,frequency"
gemma_2_2b,kl_per_effect,primary,direct_logit_only,0.2052236732425674,0.09567388990572424,0.19226080289780995,4,5,"effect_l2,ctx_mean_act,frequency"
gemma_2_2b,kl_per_effect,primary,coactivation_only,0.09081411503195333,0.05109554202866746,0.07292658807320081,2,5,"effect_l2,ctx_mean_act,frequency"
gemma_2_2b,kl_per_effect,primary,full_no_magnitude,0.1612003334259517,0.07714137161708874,0.1691058789542106,15,5,"effect_l2,ctx_mean_act,frequency"
gemma_2_2b,kl_per_effect,primary,full_all,0.194709641567102,0.05668887726066438,0.1916674629718108,19,5,"effect_l2,ctx_mean_act,frequency"
gemma_2_2b,kl_per_effect,robust,frequency_only,,,,1,0,"frequency,ctx_mean_act"
gemma_2_2b,kl_per_effect,robust,actmag_only,-0.06159488746874133,0.19448339909048118,-0.07335859287325414,1,5,"frequency,ctx_mean_act"
gemma_2_2b,kl_per_effect,robust,geometry_only,0.06200611280911365,0.0891263597519388,0.07679951999466661,5,5,"frequency,ctx_mean_act"
gemma_2_2b,kl_per_effect,robust,direct_logit_only,0.30786329535982226,0.048487376677516555,0.29229791442127134,4,5,"frequency,ctx_mean_act"
gemma_2_2b,kl_per_effect,robust,coactivation_only,0.11107529869408173,0.10447557179834961,0.0985313170146335,2,5,"frequency,ctx_mean_act"
gemma_2_2b,kl_per_effect,robust,full_no_magnitude,0.25674909697138093,0.05679566781577129,0.2470609673440816,15,5,"frequency,ctx_mean_act"
gemma_2_2b,kl_per_effect,robust,full_all,0.26888580161155884,0.04474414772840878,0.2539063767375193,19,5,"frequency,ctx_mean_act"
gemma_2_2b,kl_per_effect,effect_only,frequency_only,0.16641861304889588,0.14079093764449604,0.07514191194903487,1,5,effect_l2
gemma_2_2b,kl_per_effect,effect_only,actmag_only,0.1847402056126702,0.17679460425513605,0.10434115934621495,1,5,effect_l2
gemma_2_2b,kl_per_effect,effect_only,geometry_only,0.03137538205056961,0.15119227300722424,0.03384482049800553,5,5,effect_l2
gemma_2_2b,kl_per_effect,effect_only,direct_logit_only,0.20621283689913872,0.08430789746313219,0.19757686196513294,4,5,effect_l2
gemma_2_2b,kl_per_effect,effect_only,coactivation_only,0.13754931925534872,0.10145137087233465,0.10574161935132612,2,5,effect_l2
gemma_2_2b,kl_per_effect,effect_only,full_no_magnitude,0.19422061683801056,0.1537582608185125,0.1880634229269214,15,5,effect_l2
gemma_2_2b,kl_per_effect,effect_only,full_all,0.16361211447624344,0.12990493307681925,0.16703918932432582,19,5,effect_l2
gemma_2_2b,collateral_raw_nodense,none,frequency_only,0.37015924942989564,0.09720354062695813,0.3572292789124716,1,5,
gemma_2_2b,collateral_raw_nodense,none,actmag_only,0.4966816035546051,0.09528459551470901,0.4724498486238557,1,5,
gemma_2_2b,collateral_raw_nodense,none,geometry_only,0.5533876532754615,0.11058833645818326,0.5422125797035732,5,5,
gemma_2_2b,collateral_raw_nodense,none,direct_logit_only,0.3343860276771715,0.0761226118950474,0.3164366420310843,4,5,
gemma_2_2b,collateral_raw_nodense,none,coactivation_only,0.23508143787131516,0.09918558883413066,0.22579749434661414,2,5,
gemma_2_2b,collateral_raw_nodense,none,full_no_magnitude,0.7386347760482953,0.036388322094016365,0.7401784076505789,15,5,
gemma_2_2b,collateral_raw_nodense,none,full_all,0.7523519710074118,0.052099907291537004,0.7511800896358916,19,5,
gemma_2_2b,collateral_raw_nodense,primary,frequency_only,,,,1,0,"effect_l2,ctx_mean_act,frequency"
gemma_2_2b,collateral_raw_nodense,primary,actmag_only,-0.09044734648513478,0.09094388405852645,-0.15041500461116233,1,5,"effect_l2,ctx_mean_act,frequency"
gemma_2_2b,collateral_raw_nodense,primary,geometry_only,0.36878021672686867,0.14519664831513088,0.39492438804875607,5,5,"effect_l2,ctx_mean_act,frequency"
gemma_2_2b,collateral_raw_nodense,primary,direct_logit_only,0.10089469297026957,0.14819762568139122,0.0787448749430549,4,5,"effect_l2,ctx_mean_act,frequency"
gemma_2_2b,collateral_raw_nodense,primary,coactivation_only,0.04689080300083358,0.1250257927711322,0.02884209824553606,2,5,"effect_l2,ctx_mean_act,frequency"
gemma_2_2b,collateral_raw_nodense,primary,full_no_magnitude,0.4241178105029175,0.14935187259965127,0.4523868042978255,15,5,"effect_l2,ctx_mean_act,frequency"
gemma_2_2b,collateral_raw_nodense,primary,full_all,0.45657126979716595,0.10862860808772426,0.48273158590651005,19,5,"effect_l2,ctx_mean_act,frequency"
gemma_2_2b,collateral_raw_nodense,robust,frequency_only,,,,1,0,"frequency,ctx_mean_act"
gemma_2_2b,collateral_raw_nodense,robust,actmag_only,0.006235065295915529,0.09576109297170984,-0.01002855587284303,1,5,"frequency,ctx_mean_act"
gemma_2_2b,collateral_raw_nodense,robust,geometry_only,0.4143706585162546,0.19035234594797684,0.42894698829986994,5,5,"frequency,ctx_mean_act"
gemma_2_2b,collateral_raw_nodense,robust,direct_logit_only,0.2455348707974438,0.16572088470711954,0.23587995422171357,4,5,"frequency,ctx_mean_act"
gemma_2_2b,collateral_raw_nodense,robust,coactivation_only,0.11352042233953878,0.15838086560053533,0.10583406482294247,2,5,"frequency,ctx_mean_act"
gemma_2_2b,collateral_raw_nodense,robust,full_no_magnitude,0.48533481522645194,0.1853500393467233,0.49514194602162237,15,5,"frequency,ctx_mean_act"
gemma_2_2b,collateral_raw_nodense,robust,full_all,0.542239510975271,0.11594137429184706,0.5498714430160334,19,5,"frequency,ctx_mean_act"
gemma_2_2b,collateral_raw_nodense,effect_only,frequency_only,0.4584572879891705,0.08645736740284234,0.41434380587582165,1,5,effect_l2
gemma_2_2b,collateral_raw_nodense,effect_only,actmag_only,0.49121422617393734,0.052044322348771724,0.4501387793197702,1,5,effect_l2
gemma_2_2b,collateral_raw_nodense,effect_only,geometry_only,0.3389941650458461,0.1839196993018951,0.3526936965966288,5,5,effect_l2
gemma_2_2b,collateral_raw_nodense,effect_only,direct_logit_only,0.09688246735204226,0.08780124295643559,0.08970277447527195,4,5,effect_l2
gemma_2_2b,collateral_raw_nodense,effect_only,coactivation_only,0.3509196999166436,0.11856983660780647,0.3285236502627807,2,5,effect_l2
gemma_2_2b,collateral_raw_nodense,effect_only,full_no_magnitude,0.5908863573214782,0.08653361697498077,0.58909454549495,15,5,effect_l2
gemma_2_2b,collateral_raw_nodense,effect_only,full_all,0.5913642678521812,0.06767592828260588,0.5855940621562462,19,5,effect_l2
gemma_2_2b,collateral_ctilde_nodense,none,frequency_only,0.4884870310720757,0.05789568490903975,0.4460464980364218,1,5,
gemma_2_2b,collateral_ctilde_nodense,none,actmag_only,0.4676521255904419,0.034542824887209396,0.42204868942988255,1,5,
gemma_2_2b,collateral_ctilde_nodense,none,geometry_only,0.29548207835509865,0.15087707255408309,0.29064900721119125,5,5,
gemma_2_2b,collateral_ctilde_nodense,none,direct_logit_only,0.14531814392886916,0.08405827759198409,0.12016133512594583,4,5,
gemma_2_2b,collateral_ctilde_nodense,none,coactivation_only,0.3760600166712976,0.07084801882696766,0.37243213813486814,2,5,
gemma_2_2b,collateral_ctilde_nodense,none,full_no_magnitude,0.5725368157821619,0.02748295192071403,0.5704752275025278,15,5,
gemma_2_2b,collateral_ctilde_nodense,none,full_all,0.5577993887190887,0.032915043322786136,0.5561532905921176,19,5,
gemma_2_2b,collateral_ctilde_nodense,primary,frequency_only,,,,1,0,"effect_l2,ctx_mean_act,frequency"
gemma_2_2b,collateral_ctilde_nodense,primary,actmag_only,-0.09776048902472911,0.034151788670412235,-0.12731474794164377,1,5,"effect_l2,ctx_mean_act,frequency"
gemma_2_2b,collateral_ctilde_nodense,primary,geometry_only,0.37941650458460685,0.12998285992786698,0.3924590273225258,5,5,"effect_l2,ctx_mean_act,frequency"
gemma_2_2b,collateral_ctilde_nodense,primary,direct_logit_only,0.06858571825507087,0.13122284348982408,0.028570095223280256,4,5,"effect_l2,ctx_mean_act,frequency"
gemma_2_2b,collateral_ctilde_nodense,primary,coactivation_only,0.0011336482356209987,0.1122053691047582,-0.013293481038678206,2,5,"effect_l2,ctx_mean_act,frequency"
gemma_2_2b,collateral_ctilde_nodense,primary,full_no_magnitude,0.4434565156988053,0.14290886350811732,0.4731821464682941,15,5,"effect_l2,ctx_mean_act,frequency"
gemma_2_2b,collateral_ctilde_nodense,primary,full_all,0.4796221172547931,0.09819193564419164,0.5060402893365482,19,5,"effect_l2,ctx_mean_act,frequency"
gemma_2_2b,collateral_ctilde_nodense,robust,frequency_only,,,,1,0,"frequency,ctx_mean_act"
gemma_2_2b,collateral_ctilde_nodense,robust,actmag_only,-0.1548763545429286,0.0711816295684661,-0.18688874320825785,1,5,"frequency,ctx_mean_act"
gemma_2_2b,collateral_ctilde_nodense,robust,geometry_only,0.35570991942206176,0.09781336319837283,0.3647236080400893,5,5,"frequency,ctx_mean_act"
gemma_2_2b,collateral_ctilde_nodense,robust,direct_logit_only,0.17099194220616842,0.12344465151239153,0.15486838742652695,4,5,"frequency,ctx_mean_act"
gemma_2_2b,collateral_ctilde_nodense,robust,coactivation_only,0.11932203389830512,0.07330079174381444,0.13733130368115198,2,5,"frequency,ctx_mean_act"
gemma_2_2b,collateral_ctilde_nodense,robust,full_no_magnitude,0.45302584051125316,0.03962004244618401,0.46550339448216094,15,5,"frequency,ctx_mean_act"
gemma_2_2b,collateral_ctilde_nodense,robust,full_all,0.44988052236732434,0.04538678021990053,0.4628758097312192,19,5,"frequency,ctx_mean_act"
gemma_2_2b,collateral_ctilde_nodense,effect_only,frequency_only,0.5025905640261898,0.07692962421849493,0.4794521878909135,1,5,effect_l2
gemma_2_2b,collateral_ctilde_nodense,effect_only,actmag_only,0.5189663795498751,0.053481164642993836,0.5083523150257224,1,5,effect_l2
gemma_2_2b,collateral_ctilde_nodense,effect_only,geometry_only,0.3482745207001946,0.1618054929769542,0.34937721530239224,5,5,effect_l2
gemma_2_2b,collateral_ctilde_nodense,effect_only,direct_logit_only,0.08184495693248126,0.08168886217298346,0.05871976355292836,4,5,effect_l2
gemma_2_2b,collateral_ctilde_nodense,effect_only,coactivation_only,0.3827841066963046,0.09324992207399727,0.3773006366737408,2,5,effect_l2
gemma_2_2b,collateral_ctilde_nodense,effect_only,full_no_magnitude,0.6205946096137818,0.02784816716526948,0.6212557917310191,15,5,effect_l2
gemma_2_2b,collateral_ctilde_nodense,effect_only,full_all,0.6243845512642401,0.02879635826137654,0.6230660340670452,19,5,effect_l2
gemma_2_2b,resid_delta_norm,none,frequency_only,0.07416909651777479,0.1007309034809476,0.016444606206078915,1,5,
gemma_2_2b,resid_delta_norm,none,actmag_only,0.26891914420672414,0.12359566492773277,0.23192791031011456,1,5,
gemma_2_2b,resid_delta_norm,none,geometry_only,0.6827785495971105,0.05711623858552013,0.6869076323070256,5,5,
gemma_2_2b,resid_delta_norm,none,direct_logit_only,0.5877410391775494,0.06314699434780892,0.596410626784742,4,5,
gemma_2_2b,resid_delta_norm,none,coactivation_only,0.035043067518755217,0.08049580929140679,0.02524250269447438,2,5,
gemma_2_2b,resid_delta_norm,none,full_no_magnitude,0.8070575159766603,0.02833632393977923,0.8063494038822653,15,5,
gemma_2_2b,resid_delta_norm,none,full_all,0.8268852459016396,0.016263205642931322,0.8230140334892609,19,5,
gemma_2_2b,resid_delta_norm,primary,frequency_only,,,,1,0,"effect_l2,ctx_mean_act,frequency"
gemma_2_2b,resid_delta_norm,primary,actmag_only,-0.13311475409836068,0.1664242812945382,-0.1428789208768986,1,5,"effect_l2,ctx_mean_act,frequency"
gemma_2_2b,resid_delta_norm,primary,geometry_only,0.36298971936649077,0.1042189174635483,0.3706050067222969,5,5,"effect_l2,ctx_mean_act,frequency"
gemma_2_2b,resid_delta_norm,primary,direct_logit_only,0.4589608224506808,0.03637994788468518,0.46747808308981204,4,5,"effect_l2,ctx_mean_act,frequency"
gemma_2_2b,resid_delta_norm,primary,coactivation_only,0.07991108641289249,0.07808707971809424,0.05085612062356248,2,5,"effect_l2,ctx_mean_act,frequency"
gemma_2_2b,resid_delta_norm,primary,full_no_magnitude,0.48114476243400955,0.08041151644428145,0.48189468771875243,15,5,"effect_l2,ctx_mean_act,frequency"
gemma_2_2b,resid_delta_norm,primary,full_all,0.49390386218394006,0.07149402296032216,0.500039778219758,19,5,"effect_l2,ctx_mean_act,frequency"
gemma_2_2b,resid_delta_norm,robust,frequency_only,,,,1,0,"frequency,ctx_mean_act"
gemma_2_2b,resid_delta_norm,robust,actmag_only,-0.015482078355098645,0.11362769972569584,0.010557006188957654,1,5,"frequency,ctx_mean_act"
gemma_2_2b,resid_delta_norm,robust,geometry_only,0.5811614337315921,0.03736039069473729,0.5787290969899666,5,5,"frequency,ctx_mean_act"
gemma_2_2b,resid_delta_norm,robust,direct_logit_only,0.565890525145874,0.10380195654186146,0.5798015533505928,4,5,"frequency,ctx_mean_act"
gemma_2_2b,resid_delta_norm,robust,coactivation_only,0.15691025284801335,0.08201449020626805,0.15220035778175314,2,5,"frequency,ctx_mean_act"
gemma_2_2b,resid_delta_norm,robust,full_no_magnitude,0.6855348707974439,0.019247641802557777,0.6828724763608485,15,5,"frequency,ctx_mean_act"
gemma_2_2b,resid_delta_norm,robust,full_all,0.7136871353153655,0.057559449498626764,0.7130474783053145,19,5,"frequency,ctx_mean_act"
gemma_2_2b,resid_delta_norm,effect_only,frequency_only,-0.12337994394000114,0.13010590458730653,-0.15876192112164542,1,5,effect_l2
gemma_2_2b,resid_delta_norm,effect_only,actmag_only,0.02231731036398999,0.30869376925586733,0.020532672585250943,1,5,effect_l2
gemma_2_2b,resid_delta_norm,effect_only,geometry_only,0.4313198110586275,0.08202720858287386,0.42585673174146377,5,5,effect_l2
gemma_2_2b,resid_delta_norm,effect_only,direct_logit_only,0.4313642678521812,0.03318286459678568,0.4381755352837253,4,5,effect_l2
gemma_2_2b,resid_delta_norm,effect_only,coactivation_only,-0.047735482078355096,0.12489768538293493,-0.0707670085223169,2,5,effect_l2
gemma_2_2b,resid_delta_norm,effect_only,full_no_magnitude,0.5464629063628786,0.08111463463849541,0.5405580062000689,15,5,effect_l2
gemma_2_2b,resid_delta_norm,effect_only,full_all,0.5791053070297305,0.08418891935666024,0.5778557539528216,19,5,effect_l2
gemma_2_2b,resid_error_delta_norm,none,frequency_only,0.18954409279543458,0.11310641251451732,0.12352922565036137,1,5,
gemma_2_2b,resid_error_delta_norm,none,actmag_only,0.29657126979716597,0.14187418731041918,0.23152657251747238,1,5,
gemma_2_2b,resid_error_delta_norm,none,geometry_only,0.3654015004167825,0.04573436052664555,0.3588457649529439,5,5,
gemma_2_2b,resid_error_delta_norm,none,direct_logit_only,0.3365601555987775,0.06430701119348803,0.3377326414737941,4,5,
gemma_2_2b,resid_error_delta_norm,none,coactivation_only,0.08570158377327038,0.10020704754533047,0.0034613717930199223,2,5,
gemma_2_2b,resid_error_delta_norm,none,full_no_magnitude,0.48818005001389286,0.05672233691890163,0.47959777330859227,15,5,
gemma_2_2b,resid_error_delta_norm,none,full_all,0.47713253681578227,0.07170649623925611,0.4712639029322548,19,5,
gemma_2_2b,resid_error_delta_norm,primary,frequency_only,,,,1,0,"effect_l2,ctx_mean_act,frequency"
gemma_2_2b,resid_error_delta_norm,primary,actmag_only,-0.08027785495971104,0.1127163436630279,-0.060657118412426804,1,5,"effect_l2,ctx_mean_act,frequency"
gemma_2_2b,resid_error_delta_norm,primary,geometry_only,0.10405112531258684,0.1233131685793377,0.07746397182190913,5,5,"effect_l2,ctx_mean_act,frequency"
gemma_2_2b,resid_error_delta_norm,primary,direct_logit_only,0.1249791608780217,0.08343957330020543,0.12921210235669284,4,5,"effect_l2,ctx_mean_act,frequency"
gemma_2_2b,resid_error_delta_norm,primary,coactivation_only,0.11467629897193668,0.05453026695693476,0.08525161390682118,2,5,"effect_l2,ctx_mean_act,frequency"
gemma_2_2b,resid_error_delta_norm,primary,full_no_magnitude,0.2000555709919422,0.1280895669284168,0.18555983955377278,15,5,"effect_l2,ctx_mean_act,frequency"
gemma_2_2b,resid_error_delta_norm,primary,full_all,0.229797165879411,0.09637211979003851,0.21316281292014355,19,5,"effect_l2,ctx_mean_act,frequency"
gemma_2_2b,resid_error_delta_norm,robust,frequency_only,,,,1,0,"frequency,ctx_mean_act"
gemma_2_2b,resid_error_delta_norm,robust,actmag_only,-0.03978883023061962,0.12892924750777643,-0.006486738741541573,1,5,"frequency,ctx_mean_act"
gemma_2_2b,resid_error_delta_norm,robust,geometry_only,0.27207557654904146,0.08194997487578286,0.2752915032389249,5,5,"frequency,ctx_mean_act"
gemma_2_2b,resid_error_delta_norm,robust,direct_logit_only,0.2728980272297861,0.08532171399993893,0.29044456049511663,4,5,"frequency,ctx_mean_act"
gemma_2_2b,resid_error_delta_norm,robust,coactivation_only,0.10062795220894696,0.09805756483779884,0.06040778230869232,2,5,"frequency,ctx_mean_act"
gemma_2_2b,resid_error_delta_norm,robust,full_no_magnitude,0.35956654626285084,0.06633812248555661,0.3531541461571795,15,5,"frequency,ctx_mean_act"
gemma_2_2b,resid_error_delta_norm,robust,full_all,0.38549597110308426,0.051299954201904474,0.39509372326359177,19,5,"frequency,ctx_mean_act"
gemma_2_2b,resid_error_delta_norm,effect_only,frequency_only,0.2067348619569232,0.12250288815630532,0.12207846629427073,1,5,effect_l2
gemma_2_2b,resid_error_delta_norm,effect_only,actmag_only,0.25032509030286193,0.12210353247566931,0.16504538939321547,1,5,effect_l2
gemma_2_2b,resid_error_delta_norm,effect_only,geometry_only,0.12577938316198947,0.10993656738164291,0.10655851731685907,5,5,effect_l2
gemma_2_2b,resid_error_delta_norm,effect_only,direct_logit_only,0.11093081411503196,0.08927369698705186,0.1204537828198091,4,5,effect_l2
gemma_2_2b,resid_error_delta_norm,effect_only,coactivation_only,0.15565434843011952,0.10243304939361485,0.12485649840553782,2,5,effect_l2
gemma_2_2b,resid_error_delta_norm,effect_only,full_no_magnitude,0.24589052514587392,0.11959129185446225,0.22923676929743664,15,5,effect_l2
gemma_2_2b,resid_error_delta_norm,effect_only,full_all,0.2472686857460406,0.11630671996575422,0.22690696563295146,19,5,effect_l2
gemma_2_2b,resid_change_explained_energy,none,frequency_only,0.1247934933206287,0.13539411397202752,0.017851140514396575,1,5,
gemma_2_2b,resid_change_explained_energy,none,actmag_only,0.04101139205334816,0.12931838599682724,0.02035533728152535,1,5,
gemma_2_2b,resid_change_explained_energy,none,geometry_only,0.5173214781883858,0.10993082448048978,0.5131301458905099,5,5,
gemma_2_2b,resid_change_explained_energy,none,direct_logit_only,0.3863406501806058,0.14507357834762796,0.4064774053045033,4,5,
gemma_2_2b,resid_change_explained_energy,none,coactivation_only,0.20742428452347877,0.10194150090705852,0.18794297714419048,2,5,
gemma_2_2b,resid_change_explained_energy,none,full_no_magnitude,0.5073298138371771,0.13180470556055882,0.5109136768186313,15,5,
gemma_2_2b,resid_change_explained_energy,none,full_all,0.5083189774937483,0.12877936543803872,0.5174168601873355,19,5,
gemma_2_2b,resid_change_explained_energy,primary,frequency_only,,,,1,0,"effect_l2,ctx_mean_act,frequency"
gemma_2_2b,resid_change_explained_energy,primary,actmag_only,-0.049569324812447906,0.2193528192387214,-0.061878020866898524,1,5,"effect_l2,ctx_mean_act,frequency"
gemma_2_2b,resid_change_explained_energy,primary,geometry_only,0.23758821894970833,0.1725205990580953,0.22433493705485616,5,5,"effect_l2,ctx_mean_act,frequency"
gemma_2_2b,resid_change_explained_energy,primary,direct_logit_only,0.200677966101695,0.12242196141029255,0.19238969321881352,4,5,"effect_l2,ctx_mean_act,frequency"
gemma_2_2b,resid_change_explained_energy,primary,coactivation_only,0.1205557099194221,0.14643476056499663,0.11760308447871644,2,5,"effect_l2,ctx_mean_act,frequency"
gemma_2_2b,resid_change_explained_energy,primary,full_no_magnitude,0.197832731314254,0.09993771376115095,0.18908876765297392,15,5,"effect_l2,ctx_mean_act,frequency"
gemma_2_2b,resid_change_explained_energy,primary,full_all,0.20445679355376498,0.10506177959126284,0.19919643551595018,19,5,"effect_l2,ctx_mean_act,frequency"
gemma_2_2b,resid_change_explained_energy,robust,frequency_only,,,,1,0,"frequency,ctx_mean_act"
gemma_2_2b,resid_change_explained_energy,robust,actmag_only,-0.07212003334259517,0.1727767804594338,-0.06961010677896422,1,5,"frequency,ctx_mean_act"
gemma_2_2b,resid_change_explained_energy,robust,geometry_only,0.4217838288413449,0.14306768873823625,0.42071889687663194,5,5,"frequency,ctx_mean_act"
gemma_2_2b,resid_change_explained_energy,robust,direct_logit_only,0.3459961100305641,0.1474642480542145,0.347800308892321,4,5,"frequency,ctx_mean_act"
gemma_2_2b,resid_change_explained_energy,robust,coactivation_only,0.1985662684078911,0.1046384065052588,0.19817420193557703,2,5,"frequency,ctx_mean_act"
gemma_2_2b,resid_change_explained_energy,robust,full_no_magnitude,0.4314865240344541,0.1360324017769616,0.4258927321414682,15,5,"frequency,ctx_mean_act"
gemma_2_2b,resid_change_explained_energy,robust,full_all,0.4456571269797167,0.14555452514382075,0.4389982110912343,19,5,"frequency,ctx_mean_act"
gemma_2_2b,resid_change_explained_energy,effect_only,frequency_only,0.1473930385873485,0.14104728913721437,0.07581551054099424,1,5,effect_l2
gemma_2_2b,resid_change_explained_energy,effect_only,actmag_only,-0.026829674909697142,0.16434568727180562,-0.07285458727319191,1,5,effect_l2
gemma_2_2b,resid_change_explained_energy,effect_only,geometry_only,0.2634398444012226,0.13447738505974766,0.2554117267969644,5,5,effect_l2
gemma_2_2b,resid_change_explained_energy,effect_only,direct_logit_only,0.2055682133926091,0.1179953537293794,0.20765164057378416,4,5,effect_l2
gemma_2_2b,resid_change_explained_energy,effect_only,coactivation_only,0.19632120033342598,0.11023055798305724,0.16074578606428958,2,5,effect_l2
gemma_2_2b,resid_change_explained_energy,effect_only,full_no_magnitude,0.21916087802167272,0.07968172128556458,0.22128156979521993,15,5,effect_l2
gemma_2_2b,resid_change_explained_energy,effect_only,full_all,0.24509030286190617,0.0714427605781634,0.23452927254747277,19,5,effect_l2
gemma_2_2b,stab_anti_frac,none,frequency_only,-0.15906588586111917,0.1290718506010979,-0.24859569492824685,1,5,
gemma_2_2b,stab_anti_frac,none,actmag_only,0.09124436400062856,0.2218064654887803,-0.12523549728878247,1,5,
gemma_2_2b,stab_anti_frac,none,geometry_only,0.20129557767027006,0.07317982067106904,0.136711386121896,5,5,
gemma_2_2b,stab_anti_frac,none,direct_logit_only,0.337237303465613,0.053336621854280925,0.2874933998521577,4,5,
gemma_2_2b,stab_anti_frac,none,coactivation_only,-0.13614080149622873,0.08968518280521116,-0.20182354423677362,2,5,
gemma_2_2b,stab_anti_frac,none,full_no_magnitude,0.30331557514416974,0.08708200559580326,0.25598041113326647,15,5,
gemma_2_2b,stab_anti_frac,none,full_all,0.2772612118517071,0.09311102866818023,0.23267079228004164,19,5,
gemma_2_2b,stab_anti_frac,primary,frequency_only,,,,1,0,"effect_l2,ctx_mean_act,frequency"
gemma_2_2b,stab_anti_frac,primary,actmag_only,-0.011025284801333718,0.263347748508373,-0.009512994588828764,1,5,"effect_l2,ctx_mean_act,frequency"
gemma_2_2b,stab_anti_frac,primary,geometry_only,0.2355543206446235,0.0653949214229065,0.2320599117767975,5,5,"effect_l2,ctx_mean_act,frequency"
gemma_2_2b,stab_anti_frac,primary,direct_logit_only,0.3872186718532927,0.05027099487540819,0.38655985066500737,4,5,"effect_l2,ctx_mean_act,frequency"
gemma_2_2b,stab_anti_frac,primary,coactivation_only,0.024106696304529034,0.16479260506421986,-0.011720130223669151,2,5,"effect_l2,ctx_mean_act,frequency"
gemma_2_2b,stab_anti_frac,primary,full_no_magnitude,0.3370158377327036,0.057683038693593064,0.3180084223158035,15,5,"effect_l2,ctx_mean_act,frequency"
gemma_2_2b,stab_anti_frac,primary,full_all,0.3253348152264518,0.02289086732451714,0.320345337170413,19,5,"effect_l2,ctx_mean_act,frequency"
gemma_2_2b,stab_anti_frac,robust,frequency_only,,,,1,0,"frequency,ctx_mean_act"
gemma_2_2b,stab_anti_frac,robust,actmag_only,0.14380661294804115,0.21680148443743832,0.045059611773464146,1,5,"frequency,ctx_mean_act"
gemma_2_2b,stab_anti_frac,robust,geometry_only,0.12158933036954708,0.11475984907417844,0.13489260991788796,5,5,"frequency,ctx_mean_act"
gemma_2_2b,stab_anti_frac,robust,direct_logit_only,0.28824673520422345,0.06800204822928436,0.29390593228813655,4,5,"frequency,ctx_mean_act"
gemma_2_2b,stab_anti_frac,robust,coactivation_only,-0.015482078355098638,0.12163812349179103,-0.04576006400071112,2,5,"frequency,ctx_mean_act"
gemma_2_2b,stab_anti_frac,robust,full_no_magnitude,0.2457238121700473,0.08935618791888976,0.2319394659940666,15,5,"frequency,ctx_mean_act"
gemma_2_2b,stab_anti_frac,robust,full_all,0.22760766879688807,0.06079935247312392,0.2200055556172846,19,5,"frequency,ctx_mean_act"
gemma_2_2b,stab_anti_frac,effect_only,frequency_only,-0.1742677889864441,0.1125135743827498,-0.11098153508598733,1,5,effect_l2
gemma_2_2b,stab_anti_frac,effect_only,actmag_only,0.11944429008057796,0.22727270063559496,0.05989488772097467,1,5,effect_l2
gemma_2_2b,stab_anti_frac,effect_only,geometry_only,0.31130869686023904,0.07711805817252411,0.3061109567884087,5,5,effect_l2
gemma_2_2b,stab_anti_frac,effect_only,direct_logit_only,0.42995276465684923,0.05478181508339422,0.4273065256280625,4,5,effect_l2
gemma_2_2b,stab_anti_frac,effect_only,coactivation_only,-0.13471519866629622,0.10483368520707595,-0.15581728685874288,2,5,effect_l2
gemma_2_2b,stab_anti_frac,effect_only,full_no_magnitude,0.4039121978327314,0.06923147030120308,0.38729230324781383,15,5,effect_l2
gemma_2_2b,stab_anti_frac,effect_only,full_all,0.3764378994165047,0.06494798435996994,0.36047689418771317,19,5,effect_l2
gemma_2_2b,effect_pc1_ratio,none,frequency_only,0.22310773026118777,0.16252604386143948,0.06586154124575835,1,5,
gemma_2_2b,effect_pc1_ratio,none,actmag_only,0.18875243123089752,0.18359260556779183,-0.00029778108645651615,1,5,
gemma_2_2b,effect_pc1_ratio,none,geometry_only,0.02382884134481801,0.048999655891516315,-0.017744197157746198,5,5,
gemma_2_2b,effect_pc1_ratio,none,direct_logit_only,0.1660572381217005,0.10827005986967661,0.1234235935954844,4,5,
gemma_2_2b,effect_pc1_ratio,none,coactivation_only,0.19243123089747155,0.15589837548368576,0.13653707263414036,2,5,
gemma_2_2b,effect_pc1_ratio,none,full_no_magnitude,0.25345929424840236,0.13616203984494427,0.22452738363759597,15,5,
gemma_2_2b,effect_pc1_ratio,none,full_all,0.21166990830786334,0.1214236016448289,0.19653418371315234,19,5,
gemma_2_2b,effect_pc1_ratio,primary,frequency_only,,,,1,0,"effect_l2,ctx_mean_act,frequency"
gemma_2_2b,effect_pc1_ratio,primary,actmag_only,0.08226729647124205,0.15699363520256798,0.06115045722730252,1,5,"effect_l2,ctx_mean_act,frequency"
gemma_2_2b,effect_pc1_ratio,primary,geometry_only,0.14075020839121982,0.10574445408472666,0.14792653251702795,5,5,"effect_l2,ctx_mean_act,frequency"
gemma_2_2b,effect_pc1_ratio,primary,direct_logit_only,0.32597943873298146,0.11756389230635876,0.3301258902876698,4,5,"effect_l2,ctx_mean_act,frequency"
gemma_2_2b,effect_pc1_ratio,primary,coactivation_only,0.024184495693248126,0.0898896646258483,0.015523283592039912,2,5,"effect_l2,ctx_mean_act,frequency"
gemma_2_2b,effect_pc1_ratio,primary,full_no_magnitude,0.3164767991108642,0.1241699960822848,0.3202026689185435,15,5,"effect_l2,ctx_mean_act,frequency"
gemma_2_2b,effect_pc1_ratio,primary,full_all,0.32926924145596004,0.1151124274042334,0.34084334270380784,19,5,"effect_l2,ctx_mean_act,frequency"
gemma_2_2b,effect_pc1_ratio,robust,frequency_only,,,,1,0,"frequency,ctx_mean_act"
gemma_2_2b,effect_pc1_ratio,robust,actmag_only,-0.06975270908585719,0.1779917597616781,-0.052252580584228714,1,5,"frequency,ctx_mean_act"
gemma_2_2b,effect_pc1_ratio,robust,geometry_only,0.058027229786051696,0.06601346783380066,0.032641251569461883,5,5,"frequency,ctx_mean_act"
gemma_2_2b,effect_pc1_ratio,robust,direct_logit_only,0.1621783828841345,0.11543845821319602,0.17525083612040132,4,5,"frequency,ctx_mean_act"
gemma_2_2b,effect_pc1_ratio,robust,coactivation_only,0.09403723256460131,0.15334835676643746,0.08549383882043134,2,5,"frequency,ctx_mean_act"
gemma_2_2b,effect_pc1_ratio,robust,full_no_magnitude,0.21780494581828286,0.14713270176140875,0.21054189490994343,15,5,"frequency,ctx_mean_act"
gemma_2_2b,effect_pc1_ratio,robust,full_all,0.1850847457627119,0.12487261930601974,0.1888167646307181,19,5,"frequency,ctx_mean_act"
gemma_2_2b,effect_pc1_ratio,effect_only,frequency_only,0.24008908345160665,0.15422773465991463,0.20359345208745558,1,5,effect_l2
gemma_2_2b,effect_pc1_ratio,effect_only,actmag_only,0.2815893303695472,0.18620842677319446,0.2615264614051267,1,5,effect_l2
gemma_2_2b,effect_pc1_ratio,effect_only,geometry_only,0.1759266462906363,0.1196680630547025,0.18877054189490994,5,5,effect_l2
gemma_2_2b,effect_pc1_ratio,effect_only,direct_logit_only,0.3245679355376494,0.14307047578351312,0.3242102690029889,4,5,effect_l2
gemma_2_2b,effect_pc1_ratio,effect_only,coactivation_only,0.1506751875520978,0.15232092055016744,0.1215875731952577,2,5,effect_l2
gemma_2_2b,effect_pc1_ratio,effect_only,full_no_magnitude,0.39424284523478753,0.17453393542710902,0.3926848076089734,15,5,effect_l2
gemma_2_2b,effect_pc1_ratio,effect_only,full_all,0.36078910808557946,0.15043158706637755,0.37649929443660485,19,5,effect_l2
gpt2_small,collateral_raw,none,frequency_only,0.09316283378160088,0.055244676734937964,0.0027577520538759528,1,5,
gpt2_small,collateral_raw,none,actmag_only,0.07103322217198373,0.03999912689835257,0.011824901851281272,1,5,
gpt2_small,collateral_raw,none,geometry_only,0.547138144620068,0.11579406005944128,0.5387756045577806,5,5,
gpt2_small,collateral_raw,none,direct_logit_only,0.20185428615507672,0.11581005933022982,0.18618125850109182,4,5,
gpt2_small,collateral_raw,none,coactivation_only,0.19993998633900772,0.0929379478956522,0.1660619694611236,2,5,
gpt2_small,collateral_raw,none,full_no_magnitude,0.5790440129363477,0.10495426228900581,0.5788452903897425,15,5,
gpt2_small,collateral_raw,none,full_all,0.5812837271275223,0.10228845766357217,0.5835078275670503,19,5,
gpt2_small,collateral_raw,primary,frequency_only,,,,1,0,"effect_l2,ctx_mean_act,frequency"
gpt2_small,collateral_raw,primary,actmag_only,0.00715754376215615,0.0840841180863264,0.02547983866487405,1,5,"effect_l2,ctx_mean_act,frequency"
gpt2_small,collateral_raw,primary,geometry_only,0.45378160600166717,0.07236362648830433,0.45619662440693776,5,5,"effect_l2,ctx_mean_act,frequency"
gpt2_small,collateral_raw,primary,direct_logit_only,0.20205612670186163,0.11023372702105035,0.2058391759908443,4,5,"effect_l2,ctx_mean_act,frequency"
gpt2_small,collateral_raw,primary,coactivation_only,0.19774381772714647,0.1053110125850438,0.19134612606806742,2,5,"effect_l2,ctx_mean_act,frequency"
gpt2_small,collateral_raw,primary,full_no_magnitude,0.513320366768547,0.08503421109459817,0.5105847842753808,15,5,"effect_l2,ctx_mean_act,frequency"
gpt2_small,collateral_raw,primary,full_all,0.5017393720477912,0.09284579020466442,0.5137581528683652,19,5,"effect_l2,ctx_mean_act,frequency"
gpt2_small,collateral_raw,robust,frequency_only,,,,1,0,"frequency,ctx_mean_act"
gpt2_small,collateral_raw,robust,actmag_only,-0.00599055293136982,0.06260440016244799,-0.005962288469871887,1,5,"frequency,ctx_mean_act"
gpt2_small,collateral_raw,robust,geometry_only,0.5399055293136983,0.08991504369174935,0.5431273680818676,5,5,"frequency,ctx_mean_act"
gpt2_small,collateral_raw,robust,direct_logit_only,0.20221172547929983,0.0943330340816055,0.20085956510627895,4,5,"frequency,ctx_mean_act"
gpt2_small,collateral_raw,robust,coactivation_only,0.2020338983050848,0.10967490519199073,0.1895167724085823,2,5,"frequency,ctx_mean_act"
gpt2_small,collateral_raw,robust,full_no_magnitude,0.5398833009169215,0.10275137060157606,0.5509456771741907,15,5,"frequency,ctx_mean_act"
gpt2_small,collateral_raw,robust,full_all,0.5305029174770771,0.09832663287134642,0.5452562806253402,19,5,"frequency,ctx_mean_act"
gpt2_small,collateral_raw,effect_only,frequency_only,0.05279779356478655,0.08142627334585426,0.06049286903438944,1,5,effect_l2
gpt2_small,collateral_raw,effect_only,actmag_only,0.0494026118366213,0.06971809170369221,0.07899554439493772,1,5,effect_l2
gpt2_small,collateral_raw,effect_only,geometry_only,0.46617393720477923,0.07912087220783001,0.4629682552028356,5,5,effect_l2
gpt2_small,collateral_raw,effect_only,direct_logit_only,0.2281522645179217,0.09029066008572031,0.23929065878509762,4,5,effect_l2
gpt2_small,collateral_raw,effect_only,coactivation_only,0.17323701028063354,0.09137338383198146,0.18129045878287534,2,5,effect_l2
gpt2_small,collateral_raw,effect_only,full_no_magnitude,0.5334148374548486,0.08908737808359181,0.5380357559528439,15,5,effect_l2
gpt2_small,collateral_raw,effect_only,full_all,0.5386051681022507,0.09125670199003574,0.5456047289414326,19,5,effect_l2
gpt2_small,collateral_ctilde,none,frequency_only,0.04841598006774386,0.07700132633681146,-0.029986164574955846,1,5,
gpt2_small,collateral_ctilde,none,actmag_only,0.05413726035009726,0.07015391191817462,-0.041179124212491244,1,5,
gpt2_small,collateral_ctilde,none,geometry_only,0.35839955543206453,0.04199198905092681,0.349936332625918,5,5,
gpt2_small,collateral_ctilde,none,direct_logit_only,0.24784662406223953,0.07549763789743184,0.2339061545128279,4,5,
gpt2_small,collateral_ctilde,none,coactivation_only,0.14757432620172273,0.08164572592009739,0.13746063845153833,2,5,
gpt2_small,collateral_ctilde,none,full_no_magnitude,0.4665407057515978,0.0660547358135639,0.4672611917910198,15,5,
gpt2_small,collateral_ctilde,none,full_all,0.4653959433175883,0.06488294822049034,0.48009244547161634,19,5,
gpt2_small,collateral_ctilde,primary,frequency_only,,,,1,0,"effect_l2,ctx_mean_act,frequency"
gpt2_small,collateral_ctilde,primary,actmag_only,0.0005668241178105063,0.06534880620830162,0.013052589473216369,1,5,"effect_l2,ctx_mean_act,frequency"
gpt2_small,collateral_ctilde,primary,geometry_only,0.451180883578772,0.07611535052156364,0.4504218935765953,5,5,"effect_l2,ctx_mean_act,frequency"
gpt2_small,collateral_ctilde,primary,direct_logit_only,0.2135815504306752,0.10491169608962439,0.22301536683740927,4,5,"effect_l2,ctx_mean_act,frequency"
gpt2_small,collateral_ctilde,primary,coactivation_only,0.18769658238399559,0.11757470150066818,0.18319447993866597,2,5,"effect_l2,ctx_mean_act,frequency"
gpt2_small,collateral_ctilde,primary,full_no_magnitude,0.5132314531814395,0.09410998002869057,0.5113665707396748,15,5,"effect_l2,ctx_mean_act,frequency"
gpt2_small,collateral_ctilde,primary,full_all,0.5080411225340373,0.09981246560531937,0.5226022511361237,19,5,"effect_l2,ctx_mean_act,frequency"
gpt2_small,collateral_ctilde,robust,frequency_only,,,,1,0,"frequency,ctx_mean_act"
gpt2_small,collateral_ctilde,robust,actmag_only,-0.007213114754098365,0.0787094504084329,-0.0010102334470383004,1,5,"frequency,ctx_mean_act"
gpt2_small,collateral_ctilde,robust,geometry_only,0.34914142817449295,0.05955385752356776,0.3486638740430449,5,5,"frequency,ctx_mean_act"
gpt2_small,collateral_ctilde,robust,direct_logit_only,0.21612670186162827,0.09271510926657263,0.22138690429893665,4,5,"frequency,ctx_mean_act"
gpt2_small,collateral_ctilde,robust,coactivation_only,0.17942761878299532,0.09859555294988617,0.16821520239113766,2,5,"frequency,ctx_mean_act"
gpt2_small,collateral_ctilde,robust,full_no_magnitude,0.45462628507918873,0.06610998566207092,0.4523343592706585,15,5,"frequency,ctx_mean_act"
gpt2_small,collateral_ctilde,robust,full_all,0.46291747707696584,0.05959173037437265,0.47278347537194854,19,5,"frequency,ctx_mean_act"
gpt2_small,collateral_ctilde,effect_only,frequency_only,0.06561649711603033,0.08730276204641063,0.0561360702233165,1,5,effect_l2
gpt2_small,collateral_ctilde,effect_only,actmag_only,0.06247290914142818,0.07044253465405793,0.08272891921021344,1,5,effect_l2
gpt2_small,collateral_ctilde,effect_only,geometry_only,0.4474687413170327,0.07575760311264627,0.4497894421049123,5,5,effect_l2
gpt2_small,collateral_ctilde,effect_only,direct_logit_only,0.25095859961100314,0.08453841692346457,0.2573815264614051,4,5,effect_l2
gpt2_small,collateral_ctilde,effect_only,coactivation_only,0.1756043345373715,0.09938048718774192,0.17915221280236446,2,5,effect_l2
gpt2_small,collateral_ctilde,effect_only,full_no_magnitude,0.5286246179494305,0.08802237852631677,0.5296605517839087,15,5,effect_l2
gpt2_small,collateral_ctilde,effect_only,full_all,0.5288246735204225,0.09206594612141408,0.5421349126101401,19,5,effect_l2
gpt2_small,kl_mean,none,frequency_only,0.36170932683126944,0.11136170922509539,0.251455437226655,1,5,
gpt2_small,kl_mean,none,actmag_only,0.201989441511531,0.10579409465761982,0.14526872520805786,1,5,
gpt2_small,kl_mean,none,geometry_only,0.40533481522645187,0.11505743798517853,0.3977644196046622,5,5,
gpt2_small,kl_mean,none,direct_logit_only,0.12267852181161434,0.1153164075147738,0.11581017566861854,4,5,
gpt2_small,kl_mean,none,coactivation_only,0.3212559044178939,0.12063106915680247,0.3068736319292436,2,5,
gpt2_small,kl_mean,none,full_no_magnitude,0.446724090025007,0.06819105892122426,0.4530112556806186,15,5,
gpt2_small,kl_mean,none,full_all,0.4470686301750487,0.07298672164667093,0.4590242113801264,19,5,
gpt2_small,kl_mean,primary,frequency_only,,,,1,0,"effect_l2,ctx_mean_act,frequency"
gpt2_small,kl_mean,primary,actmag_only,-0.07165323701028065,0.10421420954673156,-0.07586750963899598,1,5,"effect_l2,ctx_mean_act,frequency"
gpt2_small,kl_mean,primary,geometry_only,0.12874687413170327,0.09490424611767503,0.1288458760652896,5,5,"effect_l2,ctx_mean_act,frequency"
gpt2_small,kl_mean,primary,direct_logit_only,0.5725368157821619,0.1447106163582537,0.56416715741286,4,5,"effect_l2,ctx_mean_act,frequency"
gpt2_small,kl_mean,primary,coactivation_only,0.10953042511808837,0.10912112759526141,0.09187390971010788,2,5,"effect_l2,ctx_mean_act,frequency"
gpt2_small,kl_mean,primary,full_no_magnitude,0.583951097527091,0.07753224806226866,0.574923721374682,15,5,"effect_l2,ctx_mean_act,frequency"
gpt2_small,kl_mean,primary,full_all,0.5970102806335094,0.06447877457941027,0.5891323236924855,19,5,"effect_l2,ctx_mean_act,frequency"
gpt2_small,kl_mean,robust,frequency_only,,,,1,0,"frequency,ctx_mean_act"
gpt2_small,kl_mean,robust,actmag_only,-0.032175604334537374,0.1082782888749526,-0.07562217357970644,1,5,"frequency,ctx_mean_act"
gpt2_small,kl_mean,robust,geometry_only,0.37207001944984724,0.1199369324570673,0.36768675207502305,5,5,"frequency,ctx_mean_act"
gpt2_small,kl_mean,robust,direct_logit_only,0.14910808557932761,0.16648343705246557,0.15311192346581629,4,5,"frequency,ctx_mean_act"
gpt2_small,kl_mean,robust,coactivation_only,0.1164656849124757,0.1263346213113108,0.09308014533494816,2,5,"frequency,ctx_mean_act"
gpt2_small,kl_mean,robust,full_no_magnitude,0.3730258405112532,0.08225985013183729,0.3826749186102067,15,5,"frequency,ctx_mean_act"
gpt2_small,kl_mean,robust,full_all,0.3831731036399001,0.07672281283548398,0.39661685129834773,19,5,"frequency,ctx_mean_act"
gpt2_small,kl_mean,effect_only,frequency_only,0.1743360606893877,0.1040283366241879,0.17682775437784942,1,5,effect_l2
gpt2_small,kl_mean,effect_only,actmag_only,-0.08305640455682135,0.1002589567319998,-0.06569095212169024,1,5,effect_l2
gpt2_small,kl_mean,effect_only,geometry_only,0.17385940539038627,0.1018801326294323,0.16862720696896633,5,5,effect_l2
gpt2_small,kl_mean,effect_only,direct_logit_only,0.5904529035843291,0.13941127609971243,0.5777966421849132,4,5,effect_l2
gpt2_small,kl_mean,effect_only,coactivation_only,0.15682133926090586,0.10406850151989491,0.14824431382570916,2,5,effect_l2
gpt2_small,kl_mean,effect_only,full_no_magnitude,0.5777160322311754,0.08227609937032658,0.5710534561495128,15,5,effect_l2
gpt2_small,kl_mean,effect_only,full_all,0.5899083078632954,0.06002151401124319,0.5775104167824087,19,5,effect_l2
gpt2_small,kl_per_effect,none,frequency_only,0.3903477688880934,0.13287993404373435,0.27915896106139454,1,5,
gpt2_small,kl_per_effect,none,actmag_only,0.21640455682133924,0.12662707902605402,0.17102056689518771,1,5,
gpt2_small,kl_per_effect,none,geometry_only,0.35447624340094486,0.0876919648450816,0.36484316492405466,5,5,
gpt2_small,kl_per_effect,none,direct_logit_only,0.1964767991108642,0.17516991295050283,0.1816837964866276,4,5,
gpt2_small,kl_per_effect,none,coactivation_only,0.3632564601278133,0.12577931196117553,0.347381193124368,2,5,
gpt2_small,kl_per_effect,none,full_no_magnitude,0.4475909974993055,0.09503390028362957,0.4593162146246069,15,5,
gpt2_small,kl_per_effect,none,full_all,0.4554820783550987,0.09079546816904667,0.4770186335403727,19,5,
gpt2_small,kl_per_effect,primary,frequency_only,,,,1,0,"effect_l2,ctx_mean_act,frequency"
gpt2_small,kl_per_effect,primary,actmag_only,-0.07663239788830231,0.12538041437035788,-0.08730185890954344,1,5,"effect_l2,ctx_mean_act,frequency"
gpt2_small,kl_per_effect,primary,geometry_only,0.19256460127813285,0.07367803552741761,0.1872451916132401,5,5,"effect_l2,ctx_mean_act,frequency"
gpt2_small,kl_per_effect,primary,direct_logit_only,0.4492025562656295,0.1795093353832811,0.43227102523361366,4,5,"effect_l2,ctx_mean_act,frequency"
gpt2_small,kl_per_effect,primary,coactivation_only,0.1341706029452626,0.11924750014763758,0.113100812231247,2,5,"effect_l2,ctx_mean_act,frequency"
gpt2_small,kl_per_effect,primary,full_no_magnitude,0.5027729924979163,0.10156223935656813,0.4923210257891754,15,5,"effect_l2,ctx_mean_act,frequency"
gpt2_small,kl_per_effect,primary,full_all,0.5300583495415394,0.07794830030961902,0.5207946754963944,19,5,"effect_l2,ctx_mean_act,frequency"
gpt2_small,kl_per_effect,robust,frequency_only,,,,1,0,"frequency,ctx_mean_act"
gpt2_small,kl_per_effect,robust,actmag_only,-0.07871075298694084,0.09511708380377207,-0.09037611529016988,1,5,"frequency,ctx_mean_act"
gpt2_small,kl_per_effect,robust,geometry_only,0.32499027507641015,0.09155514381693541,0.3258613984599829,5,5,"frequency,ctx_mean_act"
gpt2_small,kl_per_effect,robust,direct_logit_only,0.1617671575437622,0.1875983617417284,0.16081334237047076,4,5,"frequency,ctx_mean_act"
gpt2_small,kl_per_effect,robust,coactivation_only,0.16406779661016951,0.14153013114687782,0.15771908576761962,2,5,"frequency,ctx_mean_act"
gpt2_small,kl_per_effect,robust,full_no_magnitude,0.36464573492636854,0.09760616846032559,0.388772319692441,15,5,"frequency,ctx_mean_act"
gpt2_small,kl_per_effect,robust,full_all,0.38639622117254807,0.09574543190295401,0.411388570984122,19,5,"frequency,ctx_mean_act"
gpt2_small,kl_per_effect,effect_only,frequency_only,0.2632338084467023,0.13594911037741783,0.26032773061204467,1,5,effect_l2
gpt2_small,kl_per_effect,effect_only,actmag_only,0.12950263962211728,0.12305584342504171,0.11678396426626961,1,5,effect_l2
gpt2_small,kl_per_effect,effect_only,geometry_only,0.22838566268407892,0.081602215675399,0.2281345348281647,5,5,effect_l2
gpt2_small,kl_per_effect,effect_only,direct_logit_only,0.47722145040288977,0.17044766898210945,0.45231213680152,4,5,effect_l2
gpt2_small,kl_per_effect,effect_only,coactivation_only,0.22782995276465692,0.11760917648533331,0.21213613484594274,2,5,effect_l2
gpt2_small,kl_per_effect,effect_only,full_no_magnitude,0.5118755209780496,0.12063862291882602,0.4974210824564717,15,5,effect_l2
gpt2_small,kl_per_effect,effect_only,full_all,0.5263573214781885,0.08867883987720228,0.521662685140946,19,5,effect_l2
gpt2_small,collateral_raw_nodense,none,frequency_only,0.09077369069847877,0.06059840693402316,-0.0030316982897483145,1,5,
gpt2_small,collateral_raw_nodense,none,actmag_only,0.07029998856452115,0.047094425809636874,0.01146513475294627,1,5,
gpt2_small,collateral_raw_nodense,none,geometry_only,0.5460598893937452,0.1158474869775918,0.537393079680289,5,5,
gpt2_small,collateral_raw_nodense,none,direct_logit_only,0.20657473940801713,0.11281023776717136,0.18339215497489245,4,5,
gpt2_small,collateral_raw_nodense,none,coactivation_only,0.19919637400456686,0.09539350446055968,0.16877228590358626,2,5,
gpt2_small,collateral_raw_nodense,none,full_no_magnitude,0.5791867445533071,0.10502713351872911,0.5771208205106301,15,5,
gpt2_small,collateral_raw_nodense,none,full_all,0.5798925854052548,0.10441766633537664,0.5812582425689019,19,5,
gpt2_small,collateral_raw_nodense,primary,frequency_only,,,,1,0,"effect_l2,ctx_mean_act,frequency"
gpt2_small,collateral_raw_nodense,primary,actmag_only,0.008991386496248956,0.07595131571389203,0.02490561006233402,1,5,"effect_l2,ctx_mean_act,frequency"
gpt2_small,collateral_raw_nodense,primary,geometry_only,0.4573492636843568,0.07273202247495016,0.4543183813153479,5,5,"effect_l2,ctx_mean_act,frequency"
gpt2_small,collateral_raw_nodense,primary,direct_logit_only,0.20535704362322874,0.10878323142915017,0.2088809875665285,4,5,"effect_l2,ctx_mean_act,frequency"
gpt2_small,collateral_raw_nodense,primary,coactivation_only,0.20782439566546268,0.10349164375368168,0.1961195124390271,2,5,"effect_l2,ctx_mean_act,frequency"
gpt2_small,collateral_raw_nodense,primary,full_no_magnitude,0.5134648513475967,0.08687774447132476,0.5077145301614462,15,5,"effect_l2,ctx_mean_act,frequency"
gpt2_small,collateral_raw_nodense,primary,full_all,0.5027841066963046,0.09350964747133764,0.5122888032089244,19,5,"effect_l2,ctx_mean_act,frequency"
gpt2_small,collateral_raw_nodense,robust,frequency_only,,,,1,0,"frequency,ctx_mean_act"
gpt2_small,collateral_raw_nodense,robust,actmag_only,-0.002311753264795776,0.05794126576773011,-0.007596528850320559,1,5,"frequency,ctx_mean_act"
gpt2_small,collateral_raw_nodense,robust,geometry_only,0.5411614337315923,0.08880286520874864,0.5411104567828531,5,5,"frequency,ctx_mean_act"
gpt2_small,collateral_raw_nodense,robust,direct_logit_only,0.20356765768268964,0.09209576070330117,0.20490094334381495,4,5,"frequency,ctx_mean_act"
gpt2_small,collateral_raw_nodense,robust,coactivation_only,0.20822450680744656,0.10724599648826724,0.19417015744619384,2,5,"frequency,ctx_mean_act"
gpt2_small,collateral_raw_nodense,robust,full_no_magnitude,0.5379272020005559,0.10165991468953388,0.5495243280480894,15,5,"frequency,ctx_mean_act"
gpt2_small,collateral_raw_nodense,robust,full_all,0.5322478466240624,0.09702645159990887,0.5459505105612285,19,5,"frequency,ctx_mean_act"
gpt2_small,collateral_raw_nodense,effect_only,frequency_only,0.05206997471063944,0.08583893310855766,0.05868387069119372,1,5,effect_l2
gpt2_small,collateral_raw_nodense,effect_only,actmag_only,0.052392331203111986,0.0719530439705101,0.08226580295336615,1,5,effect_l2
gpt2_small,collateral_raw_nodense,effect_only,geometry_only,0.4643178660739096,0.07922612393479501,0.46123579150879446,5,5,effect_l2
gpt2_small,collateral_raw_nodense,effect_only,direct_logit_only,0.22640733537093644,0.09399554540898171,0.23790308781208677,4,5,effect_l2
gpt2_small,collateral_raw_nodense,effect_only,coactivation_only,0.18266185051403172,0.09227809772565433,0.18926388070978564,2,5,effect_l2
gpt2_small,collateral_raw_nodense,effect_only,full_no_magnitude,0.5317143651014171,0.0897280796473243,0.5337477083078701,15,5,effect_l2
gpt2_small,collateral_raw_nodense,effect_only,full_all,0.5366268407891082,0.09457908952988142,0.5427406971188569,19,5,effect_l2
gpt2_small,collateral_ctilde_nodense,none,frequency_only,0.047478945978557965,0.08065525430256754,-0.030595831911899685,1,5,
gpt2_small,collateral_ctilde_nodense,none,actmag_only,0.05421505973881634,0.06677479022707786,-0.04232402582250914,1,5,
gpt2_small,collateral_ctilde_nodense,none,geometry_only,0.3564434565156989,0.0397261843826722,0.349074989722108,5,5,
gpt2_small,collateral_ctilde_nodense,none,direct_logit_only,0.24060016671297588,0.07682920337579258,0.2278123090256558,4,5,
gpt2_small,collateral_ctilde_nodense,none,coactivation_only,0.15430953042511814,0.08715925155071141,0.14260025111390126,2,5,
gpt2_small,collateral_ctilde_nodense,none,full_no_magnitude,0.46045012503473204,0.06935270837332068,0.4610709007877865,15,5,
gpt2_small,collateral_ctilde_nodense,none,full_all,0.46185051403167554,0.06827668361956807,0.4749443882709808,19,5,
gpt2_small,collateral_ctilde_nodense,primary,frequency_only,,,,1,0,"effect_l2,ctx_mean_act,frequency"
gpt2_small,collateral_ctilde_nodense,primary,actmag_only,0.0004890247290914127,0.06427122311129511,0.014511272347470528,1,5,"effect_l2,ctx_mean_act,frequency"
gpt2_small,collateral_ctilde_nodense,primary,geometry_only,0.4541039177549321,0.07490081349757613,0.4484027600306669,5,5,"effect_l2,ctx_mean_act,frequency"
gpt2_small,collateral_ctilde_nodense,primary,direct_logit_only,0.21913864962489585,0.10266147570845437,0.22312914587939867,4,5,"effect_l2,ctx_mean_act,frequency"
gpt2_small,collateral_ctilde_nodense,primary,coactivation_only,0.19553209224784668,0.1173984026845179,0.18788119867998535,2,5,"effect_l2,ctx_mean_act,frequency"
gpt2_small,collateral_ctilde_nodense,primary,full_no_magnitude,0.5150764101139206,0.09492995533522645,0.5084603162257358,15,5,"effect_l2,ctx_mean_act,frequency"
gpt2_small,collateral_ctilde_nodense,primary,full_all,0.5080300083356489,0.09792081847607975,0.5207502305581173,19,5,"effect_l2,ctx_mean_act,frequency"
gpt2_small,collateral_ctilde_nodense,robust,frequency_only,,,,1,0,"frequency,ctx_mean_act"
gpt2_small,collateral_ctilde_nodense,robust,actmag_only,-0.006690747429841623,0.06833712538118562,-0.0016409071211902352,1,5,"frequency,ctx_mean_act"
gpt2_small,collateral_ctilde_nodense,robust,geometry_only,0.3476632397888303,0.05906795879602448,0.3493838820431338,5,5,"frequency,ctx_mean_act"
gpt2_small,collateral_ctilde_nodense,robust,direct_logit_only,0.21514865240344544,0.09446468836687483,0.22098823320259112,4,5,"frequency,ctx_mean_act"
gpt2_small,collateral_ctilde_nodense,robust,coactivation_only,0.18022784106696307,0.10450892022209554,0.1711232347026078,2,5,"frequency,ctx_mean_act"
gpt2_small,collateral_ctilde_nodense,robust,full_no_magnitude,0.4519699916643513,0.0657793566370112,0.4478151979466439,15,5,"frequency,ctx_mean_act"
gpt2_small,collateral_ctilde_nodense,robust,full_all,0.45720477910530705,0.057540316436825875,0.4684020933565928,19,5,"frequency,ctx_mean_act"
gpt2_small,collateral_ctilde_nodense,effect_only,frequency_only,0.06215842226447984,0.08570851334818948,0.054263504669633734,1,5,effect_l2
gpt2_small,collateral_ctilde_nodense,effect_only,actmag_only,0.060939149763823294,0.06258264481110119,0.08451827242524916,1,5,effect_l2
gpt2_small,collateral_ctilde_nodense,effect_only,geometry_only,0.44510141706029466,0.07161713478444703,0.4488529872554139,5,5,effect_l2
gpt2_small,collateral_ctilde_nodense,effect_only,direct_logit_only,0.24413448180050015,0.09005119971322109,0.25444238269314107,4,5,effect_l2
gpt2_small,collateral_ctilde_nodense,effect_only,coactivation_only,0.18488469019171996,0.1022576739902198,0.18612206802297804,2,5,effect_l2
gpt2_small,collateral_ctilde_nodense,effect_only,full_no_magnitude,0.5223117532647958,0.0887692841237482,0.5250098334425938,15,5,effect_l2
gpt2_small,collateral_ctilde_nodense,effect_only,full_all,0.5196332314531815,0.09354298862503146,0.5375499727774753,19,5,effect_l2
gpt2_small,resid_delta_norm,none,frequency_only,0.2691449663475289,0.09424961795153389,0.20633605355928383,1,5,
gpt2_small,resid_delta_norm,none,actmag_only,0.22283967768824678,0.07811467887383934,0.1616866854076156,1,5,
gpt2_small,resid_delta_norm,none,geometry_only,0.4182606279522091,0.11036587928285098,0.408429871443016,5,5,
gpt2_small,resid_delta_norm,none,direct_logit_only,0.04570158377327037,0.10756316147379884,0.04332270358559539,4,5,
gpt2_small,resid_delta_norm,none,coactivation_only,0.2272409002500695,0.1076342169998643,0.2100636673740819,2,5,
gpt2_small,resid_delta_norm,none,full_no_magnitude,0.4325201444845792,0.14343738058635502,0.43211991244347153,15,5,
gpt2_small,resid_delta_norm,none,full_all,0.41587107529869416,0.14267381621834027,0.4242669362992922,19,5,
gpt2_small,resid_delta_norm,primary,frequency_only,,,,1,0,"effect_l2,ctx_mean_act,frequency"
gpt2_small,resid_delta_norm,primary,actmag_only,-0.04556821339260907,0.05909774730303198,-0.03976844187157635,1,5,"effect_l2,ctx_mean_act,frequency"
gpt2_small,resid_delta_norm,primary,geometry_only,0.1442511808835788,0.11890754302261469,0.15187413193479926,5,5,"effect_l2,ctx_mean_act,frequency"
gpt2_small,resid_delta_norm,primary,direct_logit_only,0.5543762156154488,0.07842923704421831,0.5531603684485383,4,5,"effect_l2,ctx_mean_act,frequency"
gpt2_small,resid_delta_norm,primary,coactivation_only,0.04667963323145319,0.11401497586364065,0.05945532728141424,2,5,"effect_l2,ctx_mean_act,frequency"
gpt2_small,resid_delta_norm,primary,full_no_magnitude,0.5312920255626563,0.11517054817819551,0.5560764008488983,15,5,"effect_l2,ctx_mean_act,frequency"
gpt2_small,resid_delta_norm,primary,full_all,0.5312809113642679,0.09438991431216422,0.5552417249080545,19,5,"effect_l2,ctx_mean_act,frequency"
gpt2_small,resid_delta_norm,robust,frequency_only,,,,1,0,"frequency,ctx_mean_act"
gpt2_small,resid_delta_norm,robust,actmag_only,0.09987218671853296,0.09782110680090338,0.029399882220913564,1,5,"frequency,ctx_mean_act"
gpt2_small,resid_delta_norm,robust,geometry_only,0.40098916365657133,0.11980722014655763,0.40825031389237654,5,5,"frequency,ctx_mean_act"
gpt2_small,resid_delta_norm,robust,direct_logit_only,0.041000277854959716,0.08287519774485776,0.07628573650818342,4,5,"frequency,ctx_mean_act"
gpt2_small,resid_delta_norm,robust,coactivation_only,0.11932203389830512,0.06950755517284102,0.0862538472649696,2,5,"frequency,ctx_mean_act"
gpt2_small,resid_delta_norm,robust,full_no_magnitude,0.3403723256460129,0.162455500672074,0.3518167979644218,15,5,"frequency,ctx_mean_act"
gpt2_small,resid_delta_norm,robust,full_all,0.3271686579605446,0.14280587016263097,0.3480172001911132,19,5,"frequency,ctx_mean_act"
gpt2_small,resid_delta_norm,effect_only,frequency_only,0.03288185065933935,0.03993127901275785,0.027216545659295203,1,5,effect_l2
gpt2_small,resid_delta_norm,effect_only,actmag_only,0.025495971103084197,0.017185203245836327,0.02047133857042856,1,5,effect_l2
gpt2_small,resid_delta_norm,effect_only,geometry_only,0.15803278688524594,0.09072632129928129,0.16240447116079065,5,5,effect_l2
gpt2_small,resid_delta_norm,effect_only,direct_logit_only,0.6241178105029175,0.05595869203034687,0.6251913910154557,4,5,effect_l2
gpt2_small,resid_delta_norm,effect_only,coactivation_only,0.018105029174770772,0.08709387818874348,0.009048100534450381,2,5,effect_l2
gpt2_small,resid_delta_norm,effect_only,full_no_magnitude,0.6026785218116144,0.08724552573377518,0.616757075078612,15,5,effect_l2
gpt2_small,resid_delta_norm,effect_only,full_all,0.5978216171158657,0.07613487440316752,0.6128156979521995,19,5,effect_l2
gpt2_small,resid_error_delta_norm,none,frequency_only,-0.15667642444544666,0.14547804361688474,-0.16439947567573912,1,5,
gpt2_small,resid_error_delta_norm,none,actmag_only,-0.08262295081967215,0.10243199662564514,-0.12458849542772696,1,5,
gpt2_small,resid_error_delta_norm,none,geometry_only,0.5795832175604335,0.09101941946395853,0.5717467971866353,5,5,
gpt2_small,resid_error_delta_norm,none,direct_logit_only,0.10874131703250907,0.08053655527761758,0.09757663974044156,4,5,
gpt2_small,resid_error_delta_norm,none,coactivation_only,0.35303139761044744,0.07049550740306629,0.3330134779275325,2,5,
gpt2_small,resid_error_delta_norm,none,full_no_magnitude,0.5853070297304808,0.10089094776605168,0.5818446871631906,15,5,
gpt2_small,resid_error_delta_norm,none,full_all,0.5704918032786888,0.10879688745676314,0.5673845264947388,19,5,
gpt2_small,resid_error_delta_norm,primary,frequency_only,,,,1,0,"effect_l2,ctx_mean_act,frequency"
gpt2_small,resid_error_delta_norm,primary,actmag_only,0.014003889969435957,0.18840532952656774,-0.007284969832998144,1,5,"effect_l2,ctx_mean_act,frequency"
gpt2_small,resid_error_delta_norm,primary,geometry_only,0.5227118644067797,0.09202050475165387,0.5048153868376315,5,5,"effect_l2,ctx_mean_act,frequency"
gpt2_small,resid_error_delta_norm,primary,direct_logit_only,0.15504306751875524,0.04969850233900307,0.15330170335225946,4,5,"effect_l2,ctx_mean_act,frequency"
gpt2_small,resid_error_delta_norm,primary,coactivation_only,0.3646679633231454,0.07606060274872739,0.35541239347103853,2,5,"effect_l2,ctx_mean_act,frequency"
gpt2_small,resid_error_delta_norm,primary,full_no_magnitude,0.5788052236732428,0.08227636661059066,0.5728041422682474,15,5,"effect_l2,ctx_mean_act,frequency"
gpt2_small,resid_error_delta_norm,primary,full_all,0.5600555709919423,0.10461705502465347,0.5623115812397915,19,5,"effect_l2,ctx_mean_act,frequency"
gpt2_small,resid_error_delta_norm,robust,frequency_only,,,,1,0,"frequency,ctx_mean_act"
gpt2_small,resid_error_delta_norm,robust,actmag_only,0.008802445123645461,0.1636305710376421,-0.023379370881898683,1,5,"frequency,ctx_mean_act"
gpt2_small,resid_error_delta_norm,robust,geometry_only,0.5880966935259796,0.09330138456286012,0.5788224313603485,5,5,"frequency,ctx_mean_act"
gpt2_small,resid_error_delta_norm,robust,direct_logit_only,0.11386496248958045,0.09460712896673676,0.1117390193224369,4,5,"frequency,ctx_mean_act"
gpt2_small,resid_error_delta_norm,robust,coactivation_only,0.3741594887468742,0.0640510684205171,0.36392848809431216,2,5,"frequency,ctx_mean_act"
gpt2_small,resid_error_delta_norm,robust,full_no_magnitude,0.5776493470408448,0.11115916177337082,0.5804300047778308,15,5,"frequency,ctx_mean_act"
gpt2_small,resid_error_delta_norm,robust,full_all,0.5688469019171993,0.11217716084007891,0.570032555917288,19,5,"frequency,ctx_mean_act"
gpt2_small,resid_error_delta_norm,effect_only,frequency_only,0.2786922403027544,0.07555455071997716,0.1708150964124813,1,5,effect_l2
gpt2_small,resid_error_delta_norm,effect_only,actmag_only,-0.013337038066129481,0.16492884730720705,-0.04051600573339704,1,5,effect_l2
gpt2_small,resid_error_delta_norm,effect_only,geometry_only,0.5250125034731872,0.09725197058831114,0.5134688163201814,5,5,effect_l2
gpt2_small,resid_error_delta_norm,effect_only,direct_logit_only,0.1368602389552654,0.041876234737129106,0.13729708107867863,4,5,effect_l2
gpt2_small,resid_error_delta_norm,effect_only,coactivation_only,0.3983995554320645,0.08703866037782777,0.38633673707485633,2,5,effect_l2
gpt2_small,resid_error_delta_norm,effect_only,full_no_magnitude,0.5643901083634344,0.09067798819556755,0.5593355481727574,15,5,effect_l2
gpt2_small,resid_error_delta_norm,effect_only,full_all,0.5463406501806058,0.11420130405576664,0.5464722941366015,19,5,effect_l2
gpt2_small,resid_change_explained_energy,none,frequency_only,0.36269403833027025,0.07833142741013792,0.25863764295979497,1,5,
gpt2_small,resid_change_explained_energy,none,actmag_only,0.02017227007502086,0.16837333789243353,0.0047902754475049715,1,5,
gpt2_small,resid_change_explained_energy,none,geometry_only,0.5479855515420952,0.07683274365299028,0.5264974055267281,5,5,
gpt2_small,resid_change_explained_energy,none,direct_logit_only,0.28790219505418174,0.05993183882388769,0.2883960932899254,4,5,
gpt2_small,resid_change_explained_energy,none,coactivation_only,0.47702139483189787,0.07186290619251373,0.4678820875787509,2,5,
gpt2_small,resid_change_explained_energy,none,full_no_magnitude,0.5956543484301196,0.07493539555058021,0.5865042944921609,15,5,
gpt2_small,resid_change_explained_energy,none,full_all,0.6009558210614061,0.08022967461545129,0.5940701563350703,19,5,
gpt2_small,resid_change_explained_energy,primary,frequency_only,,,,1,0,"effect_l2,ctx_mean_act,frequency"
gpt2_small,resid_change_explained_energy,primary,actmag_only,0.06161711586551821,0.15265017652328072,0.051776575295281055,1,5,"effect_l2,ctx_mean_act,frequency"
gpt2_small,resid_change_explained_energy,primary,geometry_only,0.5033509308141151,0.0899029383134271,0.48484360937343746,5,5,"effect_l2,ctx_mean_act,frequency"
gpt2_small,resid_change_explained_energy,primary,direct_logit_only,0.2888024451236455,0.043190424166528456,0.2867502972255247,4,5,"effect_l2,ctx_mean_act,frequency"
gpt2_small,resid_change_explained_energy,primary,coactivation_only,0.3602111697693805,0.06044540351271082,0.35552572806364513,2,5,"effect_l2,ctx_mean_act,frequency"
gpt2_small,resid_change_explained_energy,primary,full_no_magnitude,0.5947763267574327,0.0951206316955012,0.5930634784830943,15,5,"effect_l2,ctx_mean_act,frequency"
gpt2_small,resid_change_explained_energy,primary,full_all,0.6172825784940261,0.08428153932923346,0.6133810375670841,19,5,"effect_l2,ctx_mean_act,frequency"
gpt2_small,resid_change_explained_energy,robust,frequency_only,,,,1,0,"frequency,ctx_mean_act"
gpt2_small,resid_change_explained_energy,robust,actmag_only,0.06939705473742708,0.17230952734163427,0.0627860309558995,1,5,"frequency,ctx_mean_act"
gpt2_small,resid_change_explained_energy,robust,geometry_only,0.4557710475131982,0.07711869567442024,0.4404955610617895,5,5,"frequency,ctx_mean_act"
gpt2_small,resid_change_explained_energy,robust,direct_logit_only,0.26026118366212836,0.03258821702484864,0.2671078567539639,4,5,"frequency,ctx_mean_act"
gpt2_small,resid_change_explained_energy,robust,coactivation_only,0.35464295637677135,0.053010082378358546,0.34567539639329325,2,5,"frequency,ctx_mean_act"
gpt2_small,resid_change_explained_energy,robust,full_no_magnitude,0.5442956376771326,0.07264300432719986,0.5404184490938787,15,5,"frequency,ctx_mean_act"
gpt2_small,resid_change_explained_energy,robust,full_all,0.5665240344540152,0.07125395366410131,0.566716519072434,19,5,"frequency,ctx_mean_act"
gpt2_small,resid_change_explained_energy,effect_only,frequency_only,0.33112950791522355,0.07930804436103442,0.2905228223823076,1,5,effect_l2
gpt2_small,resid_change_explained_energy,effect_only,actmag_only,0.008035565434843014,0.15550461803888085,-0.011736130401448905,1,5,effect_l2
gpt2_small,resid_change_explained_energy,effect_only,geometry_only,0.5803389830508475,0.09644820674991576,0.5610764564050711,5,5,effect_l2
gpt2_small,resid_change_explained_energy,effect_only,direct_logit_only,0.3161211447624341,0.04647160675198088,0.3220462449582773,4,5,effect_l2
gpt2_small,resid_change_explained_energy,effect_only,coactivation_only,0.4656849124756878,0.06251017834018008,0.45870109667885195,2,5,effect_l2
gpt2_small,resid_change_explained_energy,effect_only,full_no_magnitude,0.6359766601833845,0.0882761297429894,0.6321350237224859,15,5,effect_l2
gpt2_small,resid_change_explained_energy,effect_only,full_all,0.6372547929980551,0.0925102078282491,0.6320896898854431,19,5,effect_l2
gpt2_small,stab_anti_frac,none,frequency_only,0.09372029729092837,0.1067216478259207,0.0297953112060272,1,5,
gpt2_small,stab_anti_frac,none,actmag_only,0.07474490772133081,0.14743555563060817,0.014134061269865513,1,5,
gpt2_small,stab_anti_frac,none,geometry_only,0.2329513449236586,0.1175962236426098,0.20002511711857185,5,5,
gpt2_small,stab_anti_frac,none,direct_logit_only,-0.06553079698115513,0.0942439674617682,-0.08877962172602116,4,5,
gpt2_small,stab_anti_frac,none,coactivation_only,0.08586512727834149,0.10189278156209802,0.03375016016532369,2,5,
gpt2_small,stab_anti_frac,none,full_no_magnitude,0.11826144336496942,0.05851977983559718,0.09203018721983976,15,5,
gpt2_small,stab_anti_frac,none,full_all,0.13680186698245178,0.06929322664332085,0.1114482607384872,19,5,
gpt2_small,stab_anti_frac,primary,frequency_only,,,,1,0,"effect_l2,ctx_mean_act,frequency"
gpt2_small,stab_anti_frac,primary,actmag_only,-0.16763545429285914,0.08711690269364146,-0.1506985633173702,1,5,"effect_l2,ctx_mean_act,frequency"
gpt2_small,stab_anti_frac,primary,geometry_only,0.08925812725757157,0.1102776359393012,0.11498305536728186,5,5,"effect_l2,ctx_mean_act,frequency"
gpt2_small,stab_anti_frac,primary,direct_logit_only,0.3997332592386775,0.088155579692817,0.3937639307103412,4,5,"effect_l2,ctx_mean_act,frequency"
gpt2_small,stab_anti_frac,primary,coactivation_only,0.2728757988330092,0.16549986192245777,0.24677207524528047,2,5,"effect_l2,ctx_mean_act,frequency"
gpt2_small,stab_anti_frac,primary,full_no_magnitude,0.32088913587107537,0.10673402014703778,0.34263047367192967,15,5,"effect_l2,ctx_mean_act,frequency"
gpt2_small,stab_anti_frac,primary,full_all,0.3118199499861073,0.14619815032671965,0.32352315025722506,19,5,"effect_l2,ctx_mean_act,frequency"
gpt2_small,stab_anti_frac,robust,frequency_only,,,,1,0,"frequency,ctx_mean_act"
gpt2_small,stab_anti_frac,robust,actmag_only,-0.4039344262295083,0.18632119235706546,-0.31150479449771656,1,5,"frequency,ctx_mean_act"
gpt2_small,stab_anti_frac,robust,geometry_only,0.1571881078077244,0.18193558343698163,0.19306970077445304,5,5,"frequency,ctx_mean_act"
gpt2_small,stab_anti_frac,robust,direct_logit_only,-0.021683801055848856,0.060654645876564384,0.01022189135434838,4,5,"frequency,ctx_mean_act"
gpt2_small,stab_anti_frac,robust,coactivation_only,0.5621783828841346,0.35945816580747963,0.47850398337759303,2,5,"frequency,ctx_mean_act"
gpt2_small,stab_anti_frac,robust,full_no_magnitude,0.05994998610725203,0.19596804212527,0.13109967888532095,15,5,"frequency,ctx_mean_act"
gpt2_small,stab_anti_frac,robust,full_all,0.02033898305084747,0.12174991288124695,0.077328414760164,19,5,"frequency,ctx_mean_act"
gpt2_small,stab_anti_frac,effect_only,frequency_only,-0.11006015764512689,0.08237663207687995,-0.08461484731042944,1,5,effect_l2
gpt2_small,stab_anti_frac,effect_only,actmag_only,-0.043123089747151996,0.07982309049241819,-0.034092378804208935,1,5,effect_l2
gpt2_small,stab_anti_frac,effect_only,geometry_only,0.10499583217560435,0.10318329005473872,0.11078967544083822,5,5,effect_l2
gpt2_small,stab_anti_frac,effect_only,direct_logit_only,0.5126535148652405,0.1135868541432635,0.4966481849798331,4,5,effect_l2
gpt2_small,stab_anti_frac,effect_only,coactivation_only,-0.031642122811892194,0.14997267448905624,-0.07191724352492805,2,5,effect_l2
gpt2_small,stab_anti_frac,effect_only,full_no_magnitude,0.34313976104473476,0.1307423412461265,0.3471629684774275,15,5,effect_l2
gpt2_small,stab_anti_frac,effect_only,full_all,0.3508752431230898,0.16913889681534727,0.3578879765330726,19,5,effect_l2
gpt2_small,effect_pc1_ratio,none,frequency_only,0.2537173597790453,0.06150497791466103,0.1975075459797191,1,5,
gpt2_small,effect_pc1_ratio,none,actmag_only,0.0001333703806612796,0.17205695068928717,-0.10967810753452815,1,5,
gpt2_small,effect_pc1_ratio,none,geometry_only,0.419672131147541,0.07121854835149287,0.43228569206324513,5,5,
gpt2_small,effect_pc1_ratio,none,direct_logit_only,0.09951653237010281,0.11462941651178675,0.07291369904110045,4,5,
gpt2_small,effect_pc1_ratio,none,coactivation_only,0.2777549319255349,0.05706239220064038,0.25877131968132977,2,5,
gpt2_small,effect_pc1_ratio,none,full_no_magnitude,0.35796610169491533,0.11869015595885446,0.36235691507683415,15,5,
gpt2_small,effect_pc1_ratio,none,full_all,0.3624340094470687,0.12234830952537315,0.36474938610429003,19,5,
gpt2_small,effect_pc1_ratio,primary,frequency_only,,,,1,0,"effect_l2,ctx_mean_act,frequency"
gpt2_small,effect_pc1_ratio,primary,actmag_only,0.00110030564045569,0.18966800894778596,0.025124279158657316,1,5,"effect_l2,ctx_mean_act,frequency"
gpt2_small,effect_pc1_ratio,primary,geometry_only,0.3380716865796055,0.11481278193150331,0.34170735230391447,5,5,"effect_l2,ctx_mean_act,frequency"
gpt2_small,effect_pc1_ratio,primary,direct_logit_only,0.0462239510975271,0.09916763575220584,0.02210069000766675,4,5,"effect_l2,ctx_mean_act,frequency"
gpt2_small,effect_pc1_ratio,primary,coactivation_only,0.15148652403445406,0.06596784681239082,0.13987710974566384,2,5,"effect_l2,ctx_mean_act,frequency"
gpt2_small,effect_pc1_ratio,primary,full_no_magnitude,0.2852570158377327,0.14955150046189541,0.27612306803408926,15,5,"effect_l2,ctx_mean_act,frequency"
gpt2_small,effect_pc1_ratio,primary,full_all,0.30960822450680753,0.14257509511671554,0.3039815997955533,19,5,"effect_l2,ctx_mean_act,frequency"
gpt2_small,effect_pc1_ratio,robust,frequency_only,,,,1,0,"frequency,ctx_mean_act"
gpt2_small,effect_pc1_ratio,robust,actmag_only,-0.003478744095582112,0.1881281244325398,0.0244229380326448,1,5,"frequency,ctx_mean_act"
gpt2_small,effect_pc1_ratio,robust,geometry_only,0.30457349263684363,0.13927904569400476,0.31295103278925324,5,5,"frequency,ctx_mean_act"
gpt2_small,effect_pc1_ratio,robust,direct_logit_only,0.024240066685190343,0.11281433883740083,0.007982755363948489,4,5,"frequency,ctx_mean_act"
gpt2_small,effect_pc1_ratio,robust,coactivation_only,0.1496749096971381,0.06643393994378075,0.13554817275747508,2,5,"frequency,ctx_mean_act"
gpt2_small,effect_pc1_ratio,robust,full_no_magnitude,0.262239510975271,0.15614384742441234,0.2502210024555828,15,5,"frequency,ctx_mean_act"
gpt2_small,effect_pc1_ratio,robust,full_all,0.27587663239788834,0.1545173734136245,0.2691452127245858,19,5,"frequency,ctx_mean_act"
gpt2_small,effect_pc1_ratio,effect_only,frequency_only,0.25939835863627314,0.060958961608555594,0.23434496671992963,1,5,effect_l2
gpt2_small,effect_pc1_ratio,effect_only,actmag_only,0.03369824951375382,0.17247438556271247,0.033855487283192036,1,5,effect_l2
gpt2_small,effect_pc1_ratio,effect_only,geometry_only,0.43588774659627677,0.05776881284620745,0.4478538650429449,5,5,effect_l2
gpt2_small,effect_pc1_ratio,effect_only,direct_logit_only,0.08843567657682691,0.1218503942829338,0.06668429649218324,4,5,effect_l2
gpt2_small,effect_pc1_ratio,effect_only,coactivation_only,0.2840011114198389,0.06260055445176219,0.2734657051745019,2,5,effect_l2
gpt2_small,effect_pc1_ratio,effect_only,full_no_magnitude,0.36802445123645466,0.10969695567227002,0.3752512805697841,15,5,effect_l2
gpt2_small,effect_pc1_ratio,effect_only,full_all,0.37324812447902206,0.11219499276721474,0.375212613473483,19,5,effect_l2
llama_3_1_8b,collateral_raw,none,frequency_only,0.13241952870161702,0.07350964989332934,0.08485934299136066,1,5,
llama_3_1_8b,collateral_raw,none,actmag_only,0.15934069369548323,0.12532063282651712,0.1431041940507786,1,5,
llama_3_1_8b,collateral_raw,none,geometry_only,0.4955488239187959,0.10964209619076355,0.48432906521657293,5,5,
llama_3_1_8b,collateral_raw,none,direct_logit_only,0.493286188174938,0.13810178524589656,0.4675959915183821,4,5,
llama_3_1_8b,collateral_raw,none,coactivation_only,0.2148836143309183,0.04689628396533713,0.22940576670689947,2,5,
llama_3_1_8b,collateral_raw,none,full_no_magnitude,0.6165084571502542,0.07025798681695189,0.6256411204722151,15,5,
llama_3_1_8b,collateral_raw,none,full_all,0.6212608312346823,0.05722571760583859,0.6235013992024266,19,5,
llama_3_1_8b,collateral_raw,primary,frequency_only,,,,1,0,"effect_l2,ctx_mean_act,frequency"
llama_3_1_8b,collateral_raw,primary,actmag_only,-0.0999166435120867,0.10339235364863267,0.002144912721252458,1,5,"effect_l2,ctx_mean_act,frequency"
llama_3_1_8b,collateral_raw,primary,geometry_only,0.13688246735204226,0.09821016236527493,0.1608720096889965,5,5,"effect_l2,ctx_mean_act,frequency"
llama_3_1_8b,collateral_raw,primary,direct_logit_only,0.3086301750486247,0.12837395370799312,0.290824120268003,4,5,"effect_l2,ctx_mean_act,frequency"
llama_3_1_8b,collateral_raw,primary,coactivation_only,0.061606001667129776,0.12450755636909948,0.024176713074589712,2,5,"effect_l2,ctx_mean_act,frequency"
llama_3_1_8b,collateral_raw,primary,full_no_magnitude,0.27324256737982777,0.0920192200962517,0.28473116367959644,15,5,"effect_l2,ctx_mean_act,frequency"
llama_3_1_8b,collateral_raw,primary,full_all,0.27878855237565997,0.0804641743212463,0.28900854453938374,19,5,"effect_l2,ctx_mean_act,frequency"
llama_3_1_8b,collateral_raw,robust,frequency_only,,,,1,0,"frequency,ctx_mean_act"
llama_3_1_8b,collateral_raw,robust,actmag_only,-0.06223951097527092,0.18336210766375055,-0.047980533117034624,1,5,"frequency,ctx_mean_act"
llama_3_1_8b,collateral_raw,robust,geometry_only,0.5217338149485969,0.08143963736013772,0.5133190368781875,5,5,"frequency,ctx_mean_act"
llama_3_1_8b,collateral_raw,robust,direct_logit_only,0.5205112531258683,0.11173951959444647,0.5091047678307536,4,5,"frequency,ctx_mean_act"
llama_3_1_8b,collateral_raw,robust,coactivation_only,0.26016115587663247,0.09089921351125173,0.2757235080389782,2,5,"frequency,ctx_mean_act"
llama_3_1_8b,collateral_raw,robust,full_no_magnitude,0.606246179494304,0.04497636919695637,0.604450716119068,15,5,"frequency,ctx_mean_act"
llama_3_1_8b,collateral_raw,robust,full_all,0.6135704362322869,0.029616438028460174,0.6125792508805653,19,5,"frequency,ctx_mean_act"
llama_3_1_8b,collateral_raw,effect_only,frequency_only,0.08891505281989151,0.06509780618932474,0.09408032199225397,1,5,effect_l2
llama_3_1_8b,collateral_raw,effect_only,actmag_only,0.05567101972770215,0.08520504608311874,0.061496683296481065,1,5,effect_l2
llama_3_1_8b,collateral_raw,effect_only,geometry_only,0.05525979438732982,0.1473520263062287,0.07593684374270825,5,5,effect_l2
llama_3_1_8b,collateral_raw,effect_only,direct_logit_only,0.27093081411503195,0.1228636784674166,0.27313636818186865,4,5,effect_l2
llama_3_1_8b,collateral_raw,effect_only,coactivation_only,-0.01474854126146152,0.10523942021132257,0.0030520339114879056,2,5,effect_l2
llama_3_1_8b,collateral_raw,effect_only,full_no_magnitude,0.3116198944151154,0.12422223543655193,0.3257800642229358,15,5,effect_l2
llama_3_1_8b,collateral_raw,effect_only,full_all,0.32302306196165603,0.10195637257594944,0.34852609473438595,19,5,effect_l2
llama_3_1_8b,collateral_ctilde,none,frequency_only,0.13315054341222518,0.03572537691081968,0.08430366123610275,1,5,
llama_3_1_8b,collateral_ctilde,none,actmag_only,0.12731314253959436,0.07558422235207442,0.09992244358270648,1,5,
llama_3_1_8b,collateral_ctilde,none,geometry_only,0.2179049736037789,0.14035296202168965,0.21620862454027268,5,5,
llama_3_1_8b,collateral_ctilde,none,direct_logit_only,0.31698805223673243,0.12939873856213235,0.3061251791686574,4,5,
llama_3_1_8b,collateral_ctilde,none,coactivation_only,0.04452347874409559,0.06271319174416184,0.033511927910310116,2,5,
llama_3_1_8b,collateral_ctilde,none,full_no_magnitude,0.4190386218393999,0.0899694572354762,0.42653629484772054,15,5,
llama_3_1_8b,collateral_ctilde,none,full_all,0.4124479021950543,0.07598462960165094,0.4368630762564028,19,5,
llama_3_1_8b,collateral_ctilde,primary,frequency_only,,,,1,0,"effect_l2,ctx_mean_act,frequency"
llama_3_1_8b,collateral_ctilde,primary,actmag_only,0.0013670464017782658,0.10315076447231146,0.0506387848753875,1,5,"effect_l2,ctx_mean_act,frequency"
llama_3_1_8b,collateral_ctilde,primary,geometry_only,0.1779160878021673,0.09076912545752056,0.19724219157990644,5,5,"effect_l2,ctx_mean_act,frequency"
llama_3_1_8b,collateral_ctilde,primary,direct_logit_only,0.2820450125034733,0.12284695273507268,0.2801853353926154,4,5,"effect_l2,ctx_mean_act,frequency"
llama_3_1_8b,collateral_ctilde,primary,coactivation_only,0.09984995832175605,0.10618716161413132,0.07989644329381437,2,5,"effect_l2,ctx_mean_act,frequency"
llama_3_1_8b,collateral_ctilde,primary,full_no_magnitude,0.32671297582661857,0.10201614512615158,0.34001755575061937,15,5,"effect_l2,ctx_mean_act,frequency"
llama_3_1_8b,collateral_ctilde,primary,full_all,0.3088191164212282,0.10447418254233164,0.33264680718674655,19,5,"effect_l2,ctx_mean_act,frequency"
llama_3_1_8b,collateral_ctilde,robust,frequency_only,,,,1,0,"frequency,ctx_mean_act"
llama_3_1_8b,collateral_ctilde,robust,actmag_only,0.09324812447902198,0.09551289519782658,0.1324028044756053,1,5,"frequency,ctx_mean_act"
llama_3_1_8b,collateral_ctilde,robust,geometry_only,0.29314809669352604,0.07243614659330917,0.3079518661318459,5,5,"frequency,ctx_mean_act"
llama_3_1_8b,collateral_ctilde,robust,direct_logit_only,0.3494637399277578,0.11020781959252654,0.3450353892821031,4,5,"frequency,ctx_mean_act"
llama_3_1_8b,collateral_ctilde,robust,coactivation_only,0.11494303973325926,0.12336366001276372,0.10878654207268969,2,5,"frequency,ctx_mean_act"
llama_3_1_8b,collateral_ctilde,robust,full_no_magnitude,0.4185162545151432,0.08451845053410613,0.4365959621773575,15,5,"frequency,ctx_mean_act"
llama_3_1_8b,collateral_ctilde,robust,full_all,0.39212003334259526,0.06265130316282821,0.41153079478660864,19,5,"frequency,ctx_mean_act"
llama_3_1_8b,collateral_ctilde,effect_only,frequency_only,0.10597792759437985,0.06769128614399753,0.10180840402493446,1,5,effect_l2
llama_3_1_8b,collateral_ctilde,effect_only,actmag_only,0.07993331480966936,0.07918690160511944,0.0812515694618829,1,5,effect_l2
llama_3_1_8b,collateral_ctilde,effect_only,geometry_only,0.08105584884690195,0.15317614105284555,0.10537405971177458,5,5,effect_l2
llama_3_1_8b,collateral_ctilde,effect_only,direct_logit_only,0.27942206168380107,0.11038889843648848,0.2885427615862398,4,5,effect_l2
llama_3_1_8b,collateral_ctilde,effect_only,coactivation_only,-0.004812447902195052,0.09257456512081944,0.0047956088400982234,2,5,effect_l2
llama_3_1_8b,collateral_ctilde,effect_only,full_no_magnitude,0.3339149763823285,0.1090081767773343,0.34774475271947464,15,5,effect_l2
llama_3_1_8b,collateral_ctilde,effect_only,full_all,0.34230619616560165,0.09306120402882521,0.3738428204757831,19,5,effect_l2
llama_3_1_8b,kl_mean,none,frequency_only,0.21683309400149117,0.1585829212864331,0.1099251246085838,1,5,
llama_3_1_8b,kl_mean,none,actmag_only,0.27429841622672974,0.18463504681357407,0.20218046867187414,1,5,
llama_3_1_8b,kl_mean,none,geometry_only,0.5068407891080856,0.03374213887804699,0.5084554272825252,5,5,
llama_3_1_8b,kl_mean,none,direct_logit_only,0.49759377604890265,0.09841805230295325,0.49339303770041887,4,5,
llama_3_1_8b,kl_mean,none,coactivation_only,0.3411725479299806,0.0906346667103176,0.3452278358648429,2,5,
llama_3_1_8b,kl_mean,none,full_no_magnitude,0.5843178660739096,0.0776244721244472,0.5910892343248257,15,5,
llama_3_1_8b,kl_mean,none,full_all,0.6011558766323979,0.08703444524701863,0.6104298936654852,19,5,
llama_3_1_8b,kl_mean,primary,frequency_only,,,,1,0,"effect_l2,ctx_mean_act,frequency"
llama_3_1_8b,kl_mean,primary,actmag_only,0.008246735204223404,0.12707494731166602,0.031090123223591375,1,5,"effect_l2,ctx_mean_act,frequency"
llama_3_1_8b,kl_mean,primary,geometry_only,0.08402333981661574,0.06501761410304979,0.0746066067400749,5,5,"effect_l2,ctx_mean_act,frequency"
llama_3_1_8b,kl_mean,primary,direct_logit_only,0.17611558766323981,0.11136290574448776,0.18835098167757416,4,5,"effect_l2,ctx_mean_act,frequency"
llama_3_1_8b,kl_mean,primary,coactivation_only,0.08413448180050015,0.16409387699053074,0.045899621106901184,2,5,"effect_l2,ctx_mean_act,frequency"
llama_3_1_8b,kl_mean,primary,full_no_magnitude,0.23288691303139766,0.15157282570539024,0.24592984366492956,15,5,"effect_l2,ctx_mean_act,frequency"
llama_3_1_8b,kl_mean,primary,full_all,0.25702695193109204,0.1185450497253813,0.2745386059845109,19,5,"effect_l2,ctx_mean_act,frequency"
llama_3_1_8b,kl_mean,robust,frequency_only,,,,1,0,"frequency,ctx_mean_act"
llama_3_1_8b,kl_mean,robust,actmag_only,-0.11575437621561546,0.2511748149564303,-0.11254036155957288,1,5,"frequency,ctx_mean_act"
llama_3_1_8b,kl_mean,robust,geometry_only,0.4786662961933871,0.09307816079222926,0.47340170446338287,5,5,"frequency,ctx_mean_act"
llama_3_1_8b,kl_mean,robust,direct_logit_only,0.4688080022228398,0.1202743168912765,0.47699329992555467,4,5,"frequency,ctx_mean_act"
llama_3_1_8b,kl_mean,robust,coactivation_only,0.3704362322867464,0.07996320103842246,0.37605440060445117,2,5,"frequency,ctx_mean_act"
llama_3_1_8b,kl_mean,robust,full_no_magnitude,0.5431619894415116,0.05672694261114377,0.5504763386259848,15,5,"frequency,ctx_mean_act"
llama_3_1_8b,kl_mean,robust,full_all,0.5644123367602113,0.06109631243473515,0.5742992699918887,19,5,"frequency,ctx_mean_act"
llama_3_1_8b,kl_mean,effect_only,frequency_only,0.21865608607138887,0.12741221292134947,0.15344619465234544,1,5,effect_l2
llama_3_1_8b,kl_mean,effect_only,actmag_only,0.24661294804112255,0.08973119773682353,0.13724908054533938,1,5,effect_l2
llama_3_1_8b,kl_mean,effect_only,geometry_only,0.005957210336204502,0.05421395468732919,-0.014094378826431404,5,5,effect_l2
llama_3_1_8b,kl_mean,effect_only,direct_logit_only,0.1613114754098361,0.11784989092385127,0.17738685985399835,4,5,effect_l2
llama_3_1_8b,kl_mean,effect_only,coactivation_only,0.18216171158655184,0.14733534484128916,0.17758686207624527,2,5,effect_l2
llama_3_1_8b,kl_mean,effect_only,full_no_magnitude,0.2877243678799667,0.1393082133891544,0.29980510894565493,15,5,effect_l2
llama_3_1_8b,kl_mean,effect_only,full_all,0.335237565990553,0.10601529447513129,0.3416486849853887,19,5,effect_l2
llama_3_1_8b,kl_per_effect,none,frequency_only,0.2381392409368977,0.1342426354841644,0.06332051448279317,1,5,
llama_3_1_8b,kl_per_effect,none,actmag_only,0.28324534592942496,0.11006619668272932,0.13569972999699995,1,5,
llama_3_1_8b,kl_per_effect,none,geometry_only,0.16326757432620181,0.17533560143758442,0.14074867498527763,5,5,
llama_3_1_8b,kl_per_effect,none,direct_logit_only,0.2537371492081134,0.22389605755541492,0.22845987177635302,4,5,
llama_3_1_8b,kl_per_effect,none,coactivation_only,0.2464351208669075,0.13862852234947573,0.20958677318636873,2,5,
llama_3_1_8b,kl_per_effect,none,full_no_magnitude,0.34067240900250084,0.25308764550041024,0.3389335437060411,15,5,
llama_3_1_8b,kl_per_effect,none,full_all,0.3622006112809114,0.24958671417782344,0.36667207413415703,19,5,
llama_3_1_8b,kl_per_effect,primary,frequency_only,,,,1,0,"effect_l2,ctx_mean_act,frequency"
llama_3_1_8b,kl_per_effect,primary,actmag_only,-0.11944429008057796,0.07726761939071682,-0.029191435460394002,1,5,"effect_l2,ctx_mean_act,frequency"
llama_3_1_8b,kl_per_effect,primary,geometry_only,0.11173103639899973,0.07730356511224015,0.10123934710385671,5,5,"effect_l2,ctx_mean_act,frequency"
llama_3_1_8b,kl_per_effect,primary,direct_logit_only,0.1747929980550153,0.12484818339607007,0.18292247691641017,4,5,"effect_l2,ctx_mean_act,frequency"
llama_3_1_8b,kl_per_effect,primary,coactivation_only,0.11829952764656851,0.1774049913417252,0.0724821386904299,2,5,"effect_l2,ctx_mean_act,frequency"
llama_3_1_8b,kl_per_effect,primary,full_no_magnitude,0.24093359266462908,0.14366187471810027,0.2614064600717786,15,5,"effect_l2,ctx_mean_act,frequency"
llama_3_1_8b,kl_per_effect,primary,full_all,0.2761878299527647,0.13080058749377405,0.2977926421404682,19,5,"effect_l2,ctx_mean_act,frequency"
llama_3_1_8b,kl_per_effect,robust,frequency_only,,,,1,0,"frequency,ctx_mean_act"
llama_3_1_8b,kl_per_effect,robust,actmag_only,0.04707974437343708,0.15213710319918636,0.05202280025333614,1,5,"frequency,ctx_mean_act"
llama_3_1_8b,kl_per_effect,robust,geometry_only,0.2233509308141151,0.18447118481282593,0.18326648073867485,5,5,"frequency,ctx_mean_act"
llama_3_1_8b,kl_per_effect,robust,direct_logit_only,0.25631564323423184,0.21488234278107132,0.24368359648440535,4,5,"frequency,ctx_mean_act"
llama_3_1_8b,kl_per_effect,robust,coactivation_only,0.19269797165879415,0.09676234309106925,0.17070189668774097,2,5,"frequency,ctx_mean_act"
llama_3_1_8b,kl_per_effect,robust,full_no_magnitude,0.30419560989163663,0.2189800219634822,0.29482816475738616,15,5,"frequency,ctx_mean_act"
llama_3_1_8b,kl_per_effect,robust,full_all,0.320577938316199,0.21184067215451785,0.31458082867587417,19,5,"frequency,ctx_mean_act"
llama_3_1_8b,kl_per_effect,effect_only,frequency_only,0.21242590599629713,0.12463504714675024,0.10665482458215332,1,5,effect_l2
llama_3_1_8b,kl_per_effect,effect_only,actmag_only,0.2447902195054182,0.08429818722205895,0.1092541028233647,1,5,effect_l2
llama_3_1_8b,kl_per_effect,effect_only,geometry_only,0.044556821339260914,0.06326181220369026,0.024758497316636846,5,5,effect_l2
llama_3_1_8b,kl_per_effect,effect_only,direct_logit_only,0.1629674909697138,0.1290171871277009,0.17197479971999688,4,5,effect_l2
llama_3_1_8b,kl_per_effect,effect_only,coactivation_only,0.17734926368435683,0.14695558842636958,0.1681294236602629,2,5,effect_l2
llama_3_1_8b,kl_per_effect,effect_only,full_no_magnitude,0.2854459572103362,0.13144710607743323,0.30578028644762717,15,5,effect_l2
llama_3_1_8b,kl_per_effect,effect_only,full_all,0.33503751041956104,0.1137593828983997,0.3535830398115534,19,5,effect_l2
llama_3_1_8b,collateral_raw_nodense,none,frequency_only,0.23085855871597533,0.11988951463477833,0.14032044962895807,1,5,
llama_3_1_8b,collateral_raw_nodense,none,actmag_only,0.27103841091584796,0.1529589163900751,0.21431830680645675,1,5,
llama_3_1_8b,collateral_raw_nodense,none,geometry_only,0.5702657726887045,0.11405636206778877,0.5691262335369272,5,5,
llama_3_1_8b,collateral_raw_nodense,none,direct_logit_only,0.5032137079404613,0.09772697441555209,0.49254299203280477,4,5,
llama_3_1_8b,collateral_raw_nodense,none,coactivation_only,0.22957745816185476,0.08256865010550975,0.23647942549223222,2,5,
llama_3_1_8b,collateral_raw_nodense,none,full_no_magnitude,0.6652467835723049,0.0842419120359044,0.6791239516995623,15,5,
llama_3_1_8b,collateral_raw_nodense,none,full_all,0.6647699773139513,0.07345596316482728,0.6757879935850386,19,5,
llama_3_1_8b,collateral_raw_nodense,primary,frequency_only,,,,1,0,"effect_l2,ctx_mean_act,frequency"
llama_3_1_8b,collateral_raw_nodense,primary,actmag_only,0.020683523200889137,0.1592216562238673,0.0023129145879398657,1,5,"effect_l2,ctx_mean_act,frequency"
llama_3_1_8b,collateral_raw_nodense,primary,geometry_only,0.22505140316754657,0.08812988457013475,0.2562024022489139,5,5,"effect_l2,ctx_mean_act,frequency"
llama_3_1_8b,collateral_raw_nodense,primary,direct_logit_only,0.2679966657404835,0.07866904564539269,0.2569037433749264,4,5,"effect_l2,ctx_mean_act,frequency"
llama_3_1_8b,collateral_raw_nodense,primary,coactivation_only,0.05045846068352321,0.10511261572420647,0.03409060100667785,2,5,"effect_l2,ctx_mean_act,frequency"
llama_3_1_8b,collateral_raw_nodense,primary,full_no_magnitude,0.29531536537927205,0.09515178953902022,0.3013011255680618,15,5,"effect_l2,ctx_mean_act,frequency"
llama_3_1_8b,collateral_raw_nodense,primary,full_all,0.28217838288413455,0.06290276342477755,0.29806997855531725,19,5,"effect_l2,ctx_mean_act,frequency"
llama_3_1_8b,collateral_raw_nodense,robust,frequency_only,,,,1,0,"frequency,ctx_mean_act"
llama_3_1_8b,collateral_raw_nodense,robust,actmag_only,-0.06280633509308142,0.18880408656666361,-0.0704492272136357,1,5,"frequency,ctx_mean_act"
llama_3_1_8b,collateral_raw_nodense,robust,geometry_only,0.5964323423173105,0.0598535483994289,0.5901767797419971,5,5,"frequency,ctx_mean_act"
llama_3_1_8b,collateral_raw_nodense,robust,direct_logit_only,0.5353598221728258,0.06081568506295644,0.5304152268358536,4,5,"frequency,ctx_mean_act"
llama_3_1_8b,collateral_raw_nodense,robust,coactivation_only,0.2509030286190609,0.1149308770917822,0.2660665118501317,2,5,"frequency,ctx_mean_act"
llama_3_1_8b,collateral_raw_nodense,robust,full_no_magnitude,0.6272186718532927,0.05986979857277294,0.630031444793831,15,5,"frequency,ctx_mean_act"
llama_3_1_8b,collateral_raw_nodense,robust,full_all,0.6434120589052517,0.04892417109367194,0.6478471983022033,19,5,"frequency,ctx_mean_act"
llama_3_1_8b,collateral_raw_nodense,effect_only,frequency_only,0.17832023884489695,0.09784500911364709,0.17471481732066874,1,5,effect_l2
llama_3_1_8b,collateral_raw_nodense,effect_only,actmag_only,0.1633342595165324,0.09954209770061408,0.16040044889387658,1,5,effect_l2
llama_3_1_8b,collateral_raw_nodense,effect_only,geometry_only,0.16081133648235624,0.11024955067714952,0.19781019789108767,5,5,effect_l2
llama_3_1_8b,collateral_raw_nodense,effect_only,direct_logit_only,0.22830786329535985,0.07882894837872047,0.21984999833331478,4,5,effect_l2
llama_3_1_8b,collateral_raw_nodense,effect_only,coactivation_only,0.10131703250903032,0.10402740313782316,0.11418349092767696,2,5,effect_l2
llama_3_1_8b,collateral_raw_nodense,effect_only,full_no_magnitude,0.35485412614615175,0.09370555657862137,0.38121579128656985,15,5,effect_l2
llama_3_1_8b,collateral_raw_nodense,effect_only,full_all,0.344506807446513,0.07452207681739278,0.3769530772564139,19,5,effect_l2
llama_3_1_8b,collateral_ctilde_nodense,none,frequency_only,0.24295652408403318,0.0984170777473134,0.16716638056784108,1,5,
llama_3_1_8b,collateral_ctilde_nodense,none,actmag_only,0.2596832453459295,0.12120360750940641,0.21327614751275015,1,5,
llama_3_1_8b,collateral_ctilde_nodense,none,geometry_only,0.41532647957766056,0.1235161745638816,0.4171246347181635,5,5,
llama_3_1_8b,collateral_ctilde_nodense,none,direct_logit_only,0.34908585718255075,0.10557702490451475,0.3378993099923332,4,5,
llama_3_1_8b,collateral_ctilde_nodense,none,coactivation_only,0.13932759099749933,0.12055524114873448,0.1308801208902321,2,5,
llama_3_1_8b,collateral_ctilde_nodense,none,full_no_magnitude,0.5471631008613504,0.09006453874269041,0.5673400815564618,15,5,
llama_3_1_8b,collateral_ctilde_nodense,none,full_all,0.5503528757988332,0.07821406259110414,0.5695098834431493,19,5,
llama_3_1_8b,collateral_ctilde_nodense,primary,frequency_only,,,,1,0,"effect_l2,ctx_mean_act,frequency"
llama_3_1_8b,collateral_ctilde_nodense,primary,actmag_only,0.1344151153098083,0.08254001467681014,0.11736574850831676,1,5,"effect_l2,ctx_mean_act,frequency"
llama_3_1_8b,collateral_ctilde_nodense,primary,geometry_only,0.25634898582939714,0.09419824403063425,0.28184846498294425,5,5,"effect_l2,ctx_mean_act,frequency"
llama_3_1_8b,collateral_ctilde_nodense,primary,direct_logit_only,0.27295359822172827,0.06977838071017502,0.26771630795897733,4,5,"effect_l2,ctx_mean_act,frequency"
llama_3_1_8b,collateral_ctilde_nodense,primary,coactivation_only,0.05993887190886358,0.08386904450977635,0.038909765664062936,2,5,"effect_l2,ctx_mean_act,frequency"
llama_3_1_8b,collateral_ctilde_nodense,primary,full_no_magnitude,0.3371825507085302,0.06694823179193435,0.34438693763264033,15,5,"effect_l2,ctx_mean_act,frequency"
llama_3_1_8b,collateral_ctilde_nodense,primary,full_all,0.31222006112809125,0.06931044914378844,0.3283587595417727,19,5,"effect_l2,ctx_mean_act,frequency"
llama_3_1_8b,collateral_ctilde_nodense,robust,frequency_only,,,,1,0,"frequency,ctx_mean_act"
llama_3_1_8b,collateral_ctilde_nodense,robust,actmag_only,0.018205056960266745,0.17486545005793314,0.04043644929388104,1,5,"frequency,ctx_mean_act"
llama_3_1_8b,collateral_ctilde_nodense,robust,geometry_only,0.4411447624340095,0.0965508178390322,0.44458671763019586,5,5,"frequency,ctx_mean_act"
llama_3_1_8b,collateral_ctilde_nodense,robust,direct_logit_only,0.39599888858016125,0.06961812684958163,0.3838762652918366,4,5,"frequency,ctx_mean_act"
llama_3_1_8b,collateral_ctilde_nodense,robust,coactivation_only,0.10439566546262853,0.1580263245099764,0.11492794364381825,2,5,"frequency,ctx_mean_act"
llama_3_1_8b,collateral_ctilde_nodense,robust,full_no_magnitude,0.4838677410391776,0.09098572784431869,0.503817153523928,15,5,"frequency,ctx_mean_act"
llama_3_1_8b,collateral_ctilde_nodense,robust,full_all,0.48569046957488204,0.0786502199464629,0.509138990433227,19,5,"frequency,ctx_mean_act"
llama_3_1_8b,collateral_ctilde_nodense,effect_only,frequency_only,0.18017339623995215,0.09877547652160597,0.17356468732972952,1,5,effect_l2
llama_3_1_8b,collateral_ctilde_nodense,effect_only,actmag_only,0.1683467629897194,0.10718797985333953,0.1731788130979233,1,5,effect_l2
llama_3_1_8b,collateral_ctilde_nodense,effect_only,geometry_only,0.19901083634342878,0.11625055391580036,0.23593195479949775,5,5,effect_l2
llama_3_1_8b,collateral_ctilde_nodense,effect_only,direct_logit_only,0.2458349541539317,0.06951684905007123,0.2444711607906754,4,5,effect_l2
llama_3_1_8b,collateral_ctilde_nodense,effect_only,coactivation_only,0.09577104751319812,0.10290507547687808,0.10207891198791097,2,5,effect_l2
llama_3_1_8b,collateral_ctilde_nodense,effect_only,full_no_magnitude,0.37627118644067803,0.070513190594793,0.39910932343692707,15,5,effect_l2
llama_3_1_8b,collateral_ctilde_nodense,effect_only,full_all,0.3723701028063351,0.05918276099024276,0.4051369459660663,19,5,effect_l2
llama_3_1_8b,resid_delta_norm,none,frequency_only,0.017443239827542294,0.11091782040961427,-0.03875513412924916,1,5,
llama_3_1_8b,resid_delta_norm,none,actmag_only,0.17412614615170885,0.11809143372422266,0.10404960055111723,1,5,
llama_3_1_8b,resid_delta_norm,none,geometry_only,0.9108530147263132,0.014625009762223775,0.9146181624240268,5,5,
llama_3_1_8b,resid_delta_norm,none,direct_logit_only,0.884078910808558,0.018422433402890518,0.8853267258525094,4,5,
llama_3_1_8b,resid_delta_norm,none,coactivation_only,0.24636843567657687,0.09656854844945767,0.250193446593851,2,5,
llama_3_1_8b,resid_delta_norm,none,full_no_magnitude,0.917454848569047,0.02264376023660203,0.9227400304447826,15,5,
llama_3_1_8b,resid_delta_norm,none,full_all,0.9140872464573494,0.0304675432246586,0.9207462305136723,19,5,
llama_3_1_8b,resid_delta_norm,primary,frequency_only,,,,1,0,"effect_l2,ctx_mean_act,frequency"
llama_3_1_8b,resid_delta_norm,primary,actmag_only,-0.06641844956932483,0.17135075589334137,-0.09446993855487282,1,5,"effect_l2,ctx_mean_act,frequency"
llama_3_1_8b,resid_delta_norm,primary,geometry_only,0.4810336204501252,0.10623574652310638,0.4812404582273136,5,5,"effect_l2,ctx_mean_act,frequency"
llama_3_1_8b,resid_delta_norm,primary,direct_logit_only,0.49352597943873305,0.10981843200127857,0.5011571239680441,4,5,"effect_l2,ctx_mean_act,frequency"
llama_3_1_8b,resid_delta_norm,primary,coactivation_only,0.1749485968324535,0.05060926114084318,0.1745988288758764,2,5,"effect_l2,ctx_mean_act,frequency"
llama_3_1_8b,resid_delta_norm,primary,full_no_magnitude,0.5612114476243402,0.08113849723070146,0.559431549239436,15,5,"effect_l2,ctx_mean_act,frequency"
llama_3_1_8b,resid_delta_norm,primary,full_all,0.5482634065018062,0.07917573489465812,0.5477043078256425,19,5,"effect_l2,ctx_mean_act,frequency"
llama_3_1_8b,resid_delta_norm,robust,frequency_only,,,,1,0,"frequency,ctx_mean_act"
llama_3_1_8b,resid_delta_norm,robust,actmag_only,-0.1410725201444846,0.13143132228563542,-0.16414226824742495,1,5,"frequency,ctx_mean_act"
llama_3_1_8b,resid_delta_norm,robust,geometry_only,0.8764990275076412,0.024444834848674817,0.8820369115212392,5,5,"frequency,ctx_mean_act"
llama_3_1_8b,resid_delta_norm,robust,direct_logit_only,0.8526701861628233,0.022695791809342617,0.8596588850987233,4,5,"frequency,ctx_mean_act"
llama_3_1_8b,resid_delta_norm,robust,coactivation_only,0.34218393998332874,0.11641326010660505,0.34525361392904363,2,5,"frequency,ctx_mean_act"
llama_3_1_8b,resid_delta_norm,robust,full_no_magnitude,0.8980050013892749,0.010369588789466274,0.9006860076223068,15,5,"frequency,ctx_mean_act"
llama_3_1_8b,resid_delta_norm,robust,full_all,0.9108307863295362,0.011249501507113027,0.9179830887009856,19,5,"frequency,ctx_mean_act"
llama_3_1_8b,resid_delta_norm,effect_only,frequency_only,-0.005206724742740238,0.12796371535488962,-0.012926678485056452,1,5,effect_l2
llama_3_1_8b,resid_delta_norm,effect_only,actmag_only,0.0692636843567658,0.1482021266108708,0.05485616506850076,1,5,effect_l2
llama_3_1_8b,resid_delta_norm,effect_only,geometry_only,0.4476243400944708,0.11069574769066237,0.44160490672118574,5,5,effect_l2
llama_3_1_8b,resid_delta_norm,effect_only,direct_logit_only,0.47283134203945554,0.10961859892056011,0.4827266969632995,4,5,effect_l2
llama_3_1_8b,resid_delta_norm,effect_only,coactivation_only,0.1360600166712976,0.11793775781690179,0.12644273825264724,2,5,effect_l2
llama_3_1_8b,resid_delta_norm,effect_only,full_no_magnitude,0.5203223117532649,0.06874635642246905,0.5174075267502971,15,5,effect_l2
llama_3_1_8b,resid_delta_norm,effect_only,full_all,0.49884968046679645,0.08320684094293784,0.5013437927088078,19,5,effect_l2
llama_3_1_8b,resid_error_delta_norm,none,frequency_only,0.11624393777414385,0.10226279904833954,0.054865847333083986,1,5,
llama_3_1_8b,resid_error_delta_norm,none,actmag_only,0.20068908030008342,0.1534778589481452,0.1556919521328015,1,5,
llama_3_1_8b,resid_error_delta_norm,none,geometry_only,0.7337371492081134,0.07413294963028959,0.7304636718185759,5,5,
llama_3_1_8b,resid_error_delta_norm,none,direct_logit_only,0.7090525145873856,0.0507408572881756,0.6974761941799353,4,5,
llama_3_1_8b,resid_error_delta_norm,none,coactivation_only,0.2974937482634065,0.12298754491752793,0.308714096823298,2,5,
llama_3_1_8b,resid_error_delta_norm,none,full_no_magnitude,0.7444067796610171,0.06023503440946287,0.7467527416971299,15,5,
llama_3_1_8b,resid_error_delta_norm,none,full_all,0.7455959988885803,0.049424079203610735,0.7413113479038655,19,5,
llama_3_1_8b,resid_error_delta_norm,primary,frequency_only,,,,1,0,"effect_l2,ctx_mean_act,frequency"
llama_3_1_8b,resid_error_delta_norm,primary,actmag_only,-0.025740483467629895,0.10982594775708876,-0.008548094978833097,1,5,"effect_l2,ctx_mean_act,frequency"
llama_3_1_8b,resid_error_delta_norm,primary,geometry_only,0.3436954709641568,0.10722746480871331,0.3421193568817431,5,5,"effect_l2,ctx_mean_act,frequency"
llama_3_1_8b,resid_error_delta_norm,primary,direct_logit_only,0.3392386774103918,0.12170070377213686,0.32889920999122213,4,5,"effect_l2,ctx_mean_act,frequency"
llama_3_1_8b,resid_error_delta_norm,primary,coactivation_only,-0.026285079188663518,0.12019873758323601,-0.036218180202002244,2,5,"effect_l2,ctx_mean_act,frequency"
llama_3_1_8b,resid_error_delta_norm,primary,full_no_magnitude,0.3181994998610726,0.19806224062656438,0.3138132645918288,15,5,"effect_l2,ctx_mean_act,frequency"
llama_3_1_8b,resid_error_delta_norm,primary,full_all,0.308285634898583,0.19331476294351504,0.30771230791453236,19,5,"effect_l2,ctx_mean_act,frequency"
llama_3_1_8b,resid_error_delta_norm,robust,frequency_only,,,,1,0,"frequency,ctx_mean_act"
llama_3_1_8b,resid_error_delta_norm,robust,actmag_only,-0.09317032509030287,0.15591299832993982,-0.08978810875676395,1,5,"frequency,ctx_mean_act"
llama_3_1_8b,resid_error_delta_norm,robust,geometry_only,0.7375493192553488,0.06165899839031658,0.7305432282580918,5,5,"frequency,ctx_mean_act"
llama_3_1_8b,resid_error_delta_norm,robust,direct_logit_only,0.704328980272298,0.06179291006748629,0.6970833009255657,4,5,"frequency,ctx_mean_act"
llama_3_1_8b,resid_error_delta_norm,robust,coactivation_only,0.3311141983884413,0.1208346750671392,0.3196804408937877,2,5,"frequency,ctx_mean_act"
llama_3_1_8b,resid_error_delta_norm,robust,full_no_magnitude,0.7264017782717422,0.05985951453110202,0.719799997777753,15,5,"frequency,ctx_mean_act"
llama_3_1_8b,resid_error_delta_norm,robust,full_all,0.7332036676854683,0.05666799417835068,0.7265036278180868,19,5,"frequency,ctx_mean_act"
llama_3_1_8b,resid_error_delta_norm,effect_only,frequency_only,0.06369936826371798,0.058233942162073817,0.05278191762013728,1,5,effect_l2
llama_3_1_8b,resid_error_delta_norm,effect_only,actmag_only,0.09671575437621563,0.09051260554226134,0.09865442949366104,1,5,effect_l2
llama_3_1_8b,resid_error_delta_norm,effect_only,geometry_only,0.2914476243400945,0.12925142129427175,0.2817862420693563,5,5,effect_l2
llama_3_1_8b,resid_error_delta_norm,effect_only,direct_logit_only,0.301761600444568,0.13739322599319015,0.2936850409448994,4,5,effect_l2
llama_3_1_8b,resid_error_delta_norm,effect_only,coactivation_only,0.06692970269519312,0.08680804825421133,0.06748519427993643,2,5,effect_l2
llama_3_1_8b,resid_error_delta_norm,effect_only,full_no_magnitude,0.3237899416504585,0.15771062629753865,0.33403971155235057,15,5,effect_l2
llama_3_1_8b,resid_error_delta_norm,effect_only,full_all,0.3251903306474021,0.15889919877917633,0.3375321948021644,19,5,effect_l2
llama_3_1_8b,resid_change_explained_energy,none,frequency_only,0.01530113531992754,0.1543400058360791,-0.06158720433213356,1,5,
llama_3_1_8b,resid_change_explained_energy,none,actmag_only,-0.10218393998332873,0.1498867049788257,-0.17262458471760797,1,5,
llama_3_1_8b,resid_change_explained_energy,none,geometry_only,0.5551097527090859,0.08950101450260714,0.5665800731119235,5,5,
llama_3_1_8b,resid_change_explained_energy,none,direct_logit_only,0.5210225062517366,0.10455576854203508,0.5387628751430571,4,5,
llama_3_1_8b,resid_change_explained_energy,none,coactivation_only,0.13210336204501255,0.1397762984157323,0.10203580039778218,2,5,
llama_3_1_8b,resid_change_explained_energy,none,full_no_magnitude,0.5526757432620173,0.07022833746642357,0.578336203735597,15,5,
llama_3_1_8b,resid_change_explained_energy,none,full_all,0.5394276187829954,0.07237115059549976,0.5641329348103868,19,5,
llama_3_1_8b,resid_change_explained_energy,primary,frequency_only,,,,1,0,"effect_l2,ctx_mean_act,frequency"
llama_3_1_8b,resid_change_explained_energy,primary,actmag_only,0.05268130036121145,0.21469131639540215,-0.030432338137090408,1,5,"effect_l2,ctx_mean_act,frequency"
llama_3_1_8b,resid_change_explained_energy,primary,geometry_only,0.21485968324534593,0.0731433544508659,0.24054178379759775,5,5,"effect_l2,ctx_mean_act,frequency"
llama_3_1_8b,resid_change_explained_energy,primary,direct_logit_only,0.18519588774659632,0.07470664222753254,0.20551783908710097,4,5,"effect_l2,ctx_mean_act,frequency"
llama_3_1_8b,resid_change_explained_energy,primary,coactivation_only,0.15671019727702143,0.09266732425919988,0.15015277947532749,2,5,"effect_l2,ctx_mean_act,frequency"
llama_3_1_8b,resid_change_explained_energy,primary,full_no_magnitude,0.29261461517088083,0.06753749672714315,0.31547728308092315,15,5,"effect_l2,ctx_mean_act,frequency"
llama_3_1_8b,resid_change_explained_energy,primary,full_all,0.3004723534315088,0.05723411829095038,0.3217982422026911,19,5,"effect_l2,ctx_mean_act,frequency"
llama_3_1_8b,resid_change_explained_energy,robust,frequency_only,,,,1,0,"frequency,ctx_mean_act"
llama_3_1_8b,resid_change_explained_energy,robust,actmag_only,0.022050569602667408,0.16174483941162673,-0.039574661940688226,1,5,"frequency,ctx_mean_act"
llama_3_1_8b,resid_change_explained_energy,robust,geometry_only,0.5414281744929148,0.07593855246811333,0.5588879876443072,5,5,"frequency,ctx_mean_act"
llama_3_1_8b,resid_change_explained_energy,robust,direct_logit_only,0.5095415393164769,0.10418550229756308,0.534097045522728,4,5,"frequency,ctx_mean_act"
llama_3_1_8b,resid_change_explained_energy,robust,coactivation_only,0.15480966935259793,0.10803862606941854,0.15187324303603372,2,5,"frequency,ctx_mean_act"
llama_3_1_8b,resid_change_explained_energy,robust,full_no_magnitude,0.5479966657404836,0.08509591929535235,0.5710041222680252,15,5,"frequency,ctx_mean_act"
llama_3_1_8b,resid_change_explained_energy,robust,full_all,0.5382050569602669,0.07729249388549538,0.5652120579117546,19,5,"frequency,ctx_mean_act"
llama_3_1_8b,resid_change_explained_energy,effect_only,frequency_only,0.1297538403867107,0.14667880342260295,0.14530768540851596,1,5,effect_l2
llama_3_1_8b,resid_change_explained_energy,effect_only,actmag_only,0.06019449847179773,0.15397599938031592,0.07446482738697097,1,5,effect_l2
llama_3_1_8b,resid_change_explained_energy,effect_only,geometry_only,0.18689636010002783,0.11767071870957627,0.20845876065289612,5,5,effect_l2
llama_3_1_8b,resid_change_explained_energy,effect_only,direct_logit_only,0.1733259238677411,0.1102896744508955,0.19239547106078955,4,5,effect_l2
llama_3_1_8b,resid_change_explained_energy,effect_only,coactivation_only,0.20278966379549876,0.07778521206127537,0.18987410971233012,2,5,effect_l2
llama_3_1_8b,resid_change_explained_energy,effect_only,full_no_magnitude,0.2976493470408447,0.06571998899826013,0.31219813553483927,15,5,effect_l2
llama_3_1_8b,resid_change_explained_energy,effect_only,full_all,0.2917477076965825,0.07172045698222196,0.3101385570950788,19,5,effect_l2
llama_3_1_8b,stab_anti_frac,none,frequency_only,0.053034419906511164,0.12828326544995391,-0.16775794084980897,1,5,
llama_3_1_8b,stab_anti_frac,none,actmag_only,-0.04671255419590759,0.11653814220130615,-0.18870292384859436,1,5,
llama_3_1_8b,stab_anti_frac,none,geometry_only,0.15949146280864385,0.07856919478163195,0.11947546628702004,5,5,
llama_3_1_8b,stab_anti_frac,none,direct_logit_only,0.17492704462938818,0.16356274757192252,0.11740780665172836,4,5,
llama_3_1_8b,stab_anti_frac,none,coactivation_only,-0.08745703845910016,0.07518007517917208,-0.1786348194537212,2,5,
llama_3_1_8b,stab_anti_frac,none,full_no_magnitude,0.14450433495160508,0.1273465683190584,0.11433719320866614,15,5,
llama_3_1_8b,stab_anti_frac,none,full_all,0.13628310946107774,0.13305941177373715,0.09995103865948672,19,5,
llama_3_1_8b,stab_anti_frac,primary,frequency_only,,,,1,0,"effect_l2,ctx_mean_act,frequency"
llama_3_1_8b,stab_anti_frac,primary,actmag_only,0.020861350375104205,0.21860431061945373,0.10795986622073578,1,5,"effect_l2,ctx_mean_act,frequency"
llama_3_1_8b,stab_anti_frac,primary,geometry_only,0.12802445123645462,0.0316681603915274,0.127733419260214,5,5,"effect_l2,ctx_mean_act,frequency"
llama_3_1_8b,stab_anti_frac,primary,direct_logit_only,0.13773826062795225,0.17946495940270082,0.16125423615817952,4,5,"effect_l2,ctx_mean_act,frequency"
llama_3_1_8b,stab_anti_frac,primary,coactivation_only,0.05867185329258129,0.049039483231014015,0.05849087212080134,2,5,"effect_l2,ctx_mean_act,frequency"
llama_3_1_8b,stab_anti_frac,primary,full_no_magnitude,0.15771047513198116,0.10000711095037812,0.15643818264647386,15,5,"effect_l2,ctx_mean_act,frequency"
llama_3_1_8b,stab_anti_frac,primary,full_all,0.1209113642678522,0.11713898169241475,0.12236624851387236,19,5,"effect_l2,ctx_mean_act,frequency"
llama_3_1_8b,stab_anti_frac,robust,frequency_only,,,,1,0,"frequency,ctx_mean_act"
llama_3_1_8b,stab_anti_frac,robust,actmag_only,0.0840677966101695,0.18167825814983865,0.12803831153679485,1,5,"frequency,ctx_mean_act"
llama_3_1_8b,stab_anti_frac,robust,geometry_only,0.15962211725479303,0.07880785366047197,0.14602251136123734,5,5,"frequency,ctx_mean_act"
llama_3_1_8b,stab_anti_frac,robust,direct_logit_only,0.1996665740483468,0.17076492568711138,0.19210524561384015,4,5,"frequency,ctx_mean_act"
llama_3_1_8b,stab_anti_frac,robust,coactivation_only,0.044823562100583504,0.08423645627129456,0.01912243469371882,2,5,"frequency,ctx_mean_act"
llama_3_1_8b,stab_anti_frac,robust,full_no_magnitude,0.17749374826340653,0.14736000839569705,0.16729741441571572,15,5,"frequency,ctx_mean_act"
llama_3_1_8b,stab_anti_frac,robust,full_all,0.14770769658238403,0.15763280935180907,0.13652996144401602,19,5,"frequency,ctx_mean_act"
llama_3_1_8b,stab_anti_frac,effect_only,frequency_only,0.08739469719803457,0.1266056220081407,-0.104031959029648,1,5,effect_l2
llama_3_1_8b,stab_anti_frac,effect_only,actmag_only,0.0994609613781606,0.1289540519042978,-0.06452782808697874,1,5,effect_l2
llama_3_1_8b,stab_anti_frac,effect_only,geometry_only,0.1806057238121701,0.057234528356549894,0.14320914676829744,5,5,effect_l2
llama_3_1_8b,stab_anti_frac,effect_only,direct_logit_only,0.18870797443734372,0.21910967001669213,0.16538005977844197,4,5,effect_l2
llama_3_1_8b,stab_anti_frac,effect_only,coactivation_only,-0.0401555987774382,0.11569700409027996,-0.04111290125445838,2,5,effect_l2
llama_3_1_8b,stab_anti_frac,effect_only,full_no_magnitude,0.16574604056682418,0.09445414169561304,0.13762908476760854,15,5,effect_l2
llama_3_1_8b,stab_anti_frac,effect_only,full_all,0.14283967768824676,0.126055881911745,0.11034655940621563,19,5,effect_l2
llama_3_1_8b,effect_pc1_ratio,none,frequency_only,-0.002981600361568542,0.10177954972626099,-0.09954127169986059,1,5,
llama_3_1_8b,effect_pc1_ratio,none,actmag_only,-0.01627118644067797,0.08345000515032908,-0.0946766075178613,1,5,
llama_3_1_8b,effect_pc1_ratio,none,geometry_only,-0.08052236732425674,0.11311390435450365,-0.15516172401915573,5,5,
llama_3_1_8b,effect_pc1_ratio,none,direct_logit_only,-0.027452070019449853,0.11671227647407412,-0.05171257458416204,4,5,
llama_3_1_8b,effect_pc1_ratio,none,coactivation_only,-0.0934704084467908,0.10043571538617793,-0.17775219724663605,2,5,
llama_3_1_8b,effect_pc1_ratio,none,full_no_magnitude,-0.044145595998888586,0.13721046032822326,-0.03715330170335225,15,5,
llama_3_1_8b,effect_pc1_ratio,none,full_all,-0.013370380661294808,0.1471411180193976,-0.020490449893887708,19,5,
llama_3_1_8b,effect_pc1_ratio,primary,frequency_only,,,,1,0,"effect_l2,ctx_mean_act,frequency"
llama_3_1_8b,effect_pc1_ratio,primary,actmag_only,-0.12176715754376219,0.09003468949950567,-0.060818897987755416,1,5,"effect_l2,ctx_mean_act,frequency"
llama_3_1_8b,effect_pc1_ratio,primary,geometry_only,-0.061528202278410694,0.08548581908700126,-0.09321170235224835,5,5,"effect_l2,ctx_mean_act,frequency"
llama_3_1_8b,effect_pc1_ratio,primary,direct_logit_only,0.08293414837454852,0.1604005431719797,0.0666802964477383,4,5,"effect_l2,ctx_mean_act,frequency"
llama_3_1_8b,effect_pc1_ratio,primary,coactivation_only,0.0630175048624618,0.13175959768342219,0.05790019889109879,2,5,"effect_l2,ctx_mean_act,frequency"
llama_3_1_8b,effect_pc1_ratio,primary,full_no_magnitude,0.018371769936093345,0.13708944772093734,0.030189668774097487,15,5,"effect_l2,ctx_mean_act,frequency"
llama_3_1_8b,effect_pc1_ratio,primary,full_all,0.0475687691025285,0.14644052781975023,0.0488658762875143,19,5,"effect_l2,ctx_mean_act,frequency"
llama_3_1_8b,effect_pc1_ratio,robust,frequency_only,,,,1,0,"frequency,ctx_mean_act"
llama_3_1_8b,effect_pc1_ratio,robust,actmag_only,-0.13308141150319536,0.11910205136464819,-0.07068300758897321,1,5,"frequency,ctx_mean_act"
llama_3_1_8b,effect_pc1_ratio,robust,geometry_only,-0.05853848291191999,0.08652115128155359,-0.05742508250091668,5,5,"frequency,ctx_mean_act"
llama_3_1_8b,effect_pc1_ratio,robust,direct_logit_only,-0.029619338705195897,0.1220725236478784,-0.01485572061911799,4,5,"frequency,ctx_mean_act"
llama_3_1_8b,effect_pc1_ratio,robust,coactivation_only,0.052058905251458745,0.1574839297487711,0.06496161068456316,2,5,"frequency,ctx_mean_act"
llama_3_1_8b,effect_pc1_ratio,robust,full_no_magnitude,0.0036454570714087196,0.10356785671473065,0.016764630718119088,15,5,"frequency,ctx_mean_act"
llama_3_1_8b,effect_pc1_ratio,robust,full_all,0.03407613225896082,0.12887428185044406,0.049537439304881165,19,5,"frequency,ctx_mean_act"
llama_3_1_8b,effect_pc1_ratio,effect_only,frequency_only,-0.009002895675335623,0.09817040507098591,-0.013754425238635945,1,5,effect_l2
llama_3_1_8b,effect_pc1_ratio,effect_only,actmag_only,-0.035887746596276755,0.06151711719580156,-0.021237569306325626,1,5,effect_l2
llama_3_1_8b,effect_pc1_ratio,effect_only,geometry_only,-0.043034176160044464,0.09637103157425708,-0.07055545061611797,5,5,effect_l2
llama_3_1_8b,effect_pc1_ratio,effect_only,direct_logit_only,0.09599333148096698,0.16926439798977003,0.07739019322436914,4,5,effect_l2
llama_3_1_8b,effect_pc1_ratio,effect_only,coactivation_only,-0.1225006946373993,0.09952160276811892,-0.12709830109223436,2,5,effect_l2
llama_3_1_8b,effect_pc1_ratio,effect_only,full_no_magnitude,0.01633787163100861,0.18010309008822983,0.0220433560372893,15,5,effect_l2
llama_3_1_8b,effect_pc1_ratio,effect_only,full_all,0.01335926646290635,0.1639926565477302,0.022399359992888807,19,5,effect_l2
pythia_70m_deduped,collateral_raw,none,frequency_only,0.17300897245704405,0.10771575500636103,0.0980908615906533,1,5,
pythia_70m_deduped,collateral_raw,none,actmag_only,0.13208979366144036,0.14609160922529965,0.0366300211648073,1,5,
pythia_70m_deduped,collateral_raw,none,geometry_only,0.07400512224856509,0.06720747712191893,0.03881450662909855,5,5,
pythia_70m_deduped,collateral_raw,none,direct_logit_only,0.6286759320229905,0.03717595174848081,0.6309267363094799,4,5,
pythia_70m_deduped,collateral_raw,none,coactivation_only,0.11771820710075016,0.11308733110740325,0.08649717978291803,2,5,
pythia_70m_deduped,collateral_raw,none,full_no_magnitude,0.6631198027000883,0.06238176308891109,0.6593190472325973,15,5,
pythia_70m_deduped,collateral_raw,none,full_all,0.6676099863315115,0.04663851678739901,0.6654127172139127,19,5,
pythia_70m_deduped,collateral_raw,primary,frequency_only,,,,1,0,"effect_l2,ctx_mean_act,frequency"
pythia_70m_deduped,collateral_raw,primary,actmag_only,-0.04861350375104197,0.1316175330080407,-0.02443093812153468,1,5,"effect_l2,ctx_mean_act,frequency"
pythia_70m_deduped,collateral_raw,primary,geometry_only,0.01843845512642401,0.08556750819605301,0.026704296714407938,5,5,"effect_l2,ctx_mean_act,frequency"
pythia_70m_deduped,collateral_raw,primary,direct_logit_only,0.4979938871908864,0.06541836053839414,0.5012211246791631,4,5,"effect_l2,ctx_mean_act,frequency"
pythia_70m_deduped,collateral_raw,primary,coactivation_only,0.22131703250903034,0.12366814343983348,0.24133290369892996,2,5,"effect_l2,ctx_mean_act,frequency"
pythia_70m_deduped,collateral_raw,primary,full_no_magnitude,0.52256737982773,0.053796079614214364,0.5461327348081645,15,5,"effect_l2,ctx_mean_act,frequency"
pythia_70m_deduped,collateral_raw,primary,full_all,0.5325701583773271,0.04917151232639073,0.5446216069067433,19,5,"effect_l2,ctx_mean_act,frequency"
pythia_70m_deduped,collateral_raw,robust,frequency_only,,,,1,0,"frequency,ctx_mean_act"
pythia_70m_deduped,collateral_raw,robust,actmag_only,-0.046246179494303985,0.1496968959066802,-0.11019455771730798,1,5,"frequency,ctx_mean_act"
pythia_70m_deduped,collateral_raw,robust,geometry_only,0.07185329258127258,0.07876411349737496,0.08360315114612384,5,5,"frequency,ctx_mean_act"
pythia_70m_deduped,collateral_raw,robust,direct_logit_only,0.6278966379549875,0.02921721729956218,0.6369546328292536,4,5,"frequency,ctx_mean_act"
pythia_70m_deduped,collateral_raw,robust,coactivation_only,0.12710197277021398,0.11916096704199916,0.12954321714685718,2,5,"frequency,ctx_mean_act"
pythia_70m_deduped,collateral_raw,robust,full_no_magnitude,0.6509474854126147,0.03476130389359304,0.6609148990544339,15,5,"frequency,ctx_mean_act"
pythia_70m_deduped,collateral_raw,robust,full_all,0.6557599333148099,0.03915212975875403,0.6639895998844432,19,5,"frequency,ctx_mean_act"
pythia_70m_deduped,collateral_raw,effect_only,frequency_only,0.2816507909728566,0.12332137988527457,0.26835961626642557,1,5,effect_l2
pythia_70m_deduped,collateral_raw,effect_only,actmag_only,0.2298749652681301,0.14074040062949864,0.1978924210269003,1,5,effect_l2
pythia_70m_deduped,collateral_raw,effect_only,geometry_only,0.03856626840789109,0.1120751103336808,0.03655773953043922,5,5,effect_l2
pythia_70m_deduped,collateral_raw,effect_only,direct_logit_only,0.5112420116699083,0.07041208622387328,0.5245284947610529,4,5,effect_l2
pythia_70m_deduped,collateral_raw,effect_only,coactivation_only,0.24323423173103645,0.06868071928955552,0.2665771841909354,2,5,effect_l2
pythia_70m_deduped,collateral_raw,effect_only,full_no_magnitude,0.5600555709919423,0.0876277007921947,0.5917296858853986,15,5,effect_l2
pythia_70m_deduped,collateral_raw,effect_only,full_all,0.5637565990552933,0.08504473493174625,0.5894425493616594,19,5,effect_l2
pythia_70m_deduped,collateral_ctilde,none,frequency_only,0.3837598958918606,0.09346932248975168,0.34329338225219386,1,5,
pythia_70m_deduped,collateral_ctilde,none,actmag_only,0.30367324256737993,0.10248811831158096,0.25585528728096973,1,5,
pythia_70m_deduped,collateral_ctilde,none,geometry_only,0.09225896082245069,0.1450884612323555,0.0436711519016878,5,5,
pythia_70m_deduped,collateral_ctilde,none,direct_logit_only,0.30898582939705477,0.11870039013928645,0.3054842831587018,4,5,
pythia_70m_deduped,collateral_ctilde,none,coactivation_only,0.3369602667407614,0.0504270986157844,0.3324103601151124,2,5,
pythia_70m_deduped,collateral_ctilde,none,full_no_magnitude,0.4947040844679078,0.0884129794404594,0.5033509261214013,15,5,
pythia_70m_deduped,collateral_ctilde,none,full_all,0.5024729091414283,0.09666869469384733,0.5096438849320547,19,5,
pythia_70m_deduped,collateral_ctilde,primary,frequency_only,,,,1,0,"effect_l2,ctx_mean_act,frequency"
pythia_70m_deduped,collateral_ctilde,primary,actmag_only,-0.06360655737704919,0.12102913284348596,-0.03324525828064756,1,5,"effect_l2,ctx_mean_act,frequency"
pythia_70m_deduped,collateral_ctilde,primary,geometry_only,0.0380327868852459,0.08856404340459514,0.0428000311114568,5,5,"effect_l2,ctx_mean_act,frequency"
pythia_70m_deduped,collateral_ctilde,primary,direct_logit_only,0.4285746040566825,0.09802120247933777,0.4345879398659984,4,5,"effect_l2,ctx_mean_act,frequency"
pythia_70m_deduped,collateral_ctilde,primary,coactivation_only,0.2074020561267019,0.12073313040107521,0.22413582373137475,2,5,"effect_l2,ctx_mean_act,frequency"
pythia_70m_deduped,collateral_ctilde,primary,full_no_magnitude,0.48856904695748826,0.051658662594481444,0.5071416349070546,15,5,"effect_l2,ctx_mean_act,frequency"
pythia_70m_deduped,collateral_ctilde,primary,full_all,0.4831897749374828,0.034701279109490404,0.5082185357615084,19,5,"effect_l2,ctx_mean_act,frequency"
pythia_70m_deduped,collateral_ctilde,robust,frequency_only,,,,1,0,"frequency,ctx_mean_act"
pythia_70m_deduped,collateral_ctilde,robust,actmag_only,-0.06272853570436233,0.11041587428033113,-0.022198024422493582,1,5,"frequency,ctx_mean_act"
pythia_70m_deduped,collateral_ctilde,robust,geometry_only,-0.003389830508474581,0.09725169369338918,-0.016749963888487648,5,5,"frequency,ctx_mean_act"
pythia_70m_deduped,collateral_ctilde,robust,direct_logit_only,0.2916810225062518,0.1424348306187953,0.30743586039844883,4,5,"frequency,ctx_mean_act"
pythia_70m_deduped,collateral_ctilde,robust,coactivation_only,0.2178382884134482,0.11136034675607483,0.24610895676618624,2,5,"frequency,ctx_mean_act"
pythia_70m_deduped,collateral_ctilde,robust,full_no_magnitude,0.3897860516810226,0.0623558076737436,0.4093601040011556,15,5,"frequency,ctx_mean_act"
pythia_70m_deduped,collateral_ctilde,robust,full_all,0.3854737427063074,0.037563599937743886,0.40794542161579567,19,5,"frequency,ctx_mean_act"
pythia_70m_deduped,collateral_ctilde,effect_only,frequency_only,0.32351126363205374,0.12201774684755788,0.3107123148531609,1,5,effect_l2
pythia_70m_deduped,collateral_ctilde,effect_only,actmag_only,0.2503584328980273,0.13720165007841656,0.22313847931643682,1,5,effect_l2
pythia_70m_deduped,collateral_ctilde,effect_only,geometry_only,0.10009447068630177,0.11653650353609127,0.10399893332148136,5,5,effect_l2
pythia_70m_deduped,collateral_ctilde,effect_only,direct_logit_only,0.4517588218949709,0.07949912069223321,0.46912343470483003,4,5,effect_l2
pythia_70m_deduped,collateral_ctilde,effect_only,coactivation_only,0.2636732425673799,0.07208203654802763,0.2762092912143468,2,5,effect_l2
pythia_70m_deduped,collateral_ctilde,effect_only,full_no_magnitude,0.5435176437899416,0.10678686186659694,0.5752961699574439,15,5,effect_l2
pythia_70m_deduped,collateral_ctilde,effect_only,full_all,0.5466518477354823,0.10014648879661776,0.5781815353503927,19,5,effect_l2
pythia_70m_deduped,kl_mean,none,frequency_only,0.08865283050420895,0.14099252202478382,0.04540530550041009,1,5,
pythia_70m_deduped,kl_mean,none,actmag_only,0.14698527368713535,0.06371736106810834,-0.0444658273980822,1,5,
pythia_70m_deduped,kl_mean,none,geometry_only,0.3645234787440957,0.10312412213404511,0.32654762830698114,5,5,
pythia_70m_deduped,kl_mean,none,direct_logit_only,0.15335370936371218,0.07516262603962846,0.10329403660040666,4,5,
pythia_70m_deduped,kl_mean,none,coactivation_only,0.17776048902472913,0.15898196842442022,0.09820020222446914,2,5,
pythia_70m_deduped,kl_mean,none,full_no_magnitude,0.3239121978327314,0.11577200339006427,0.2922868031867021,15,5,
pythia_70m_deduped,kl_mean,none,full_all,0.3695915532092249,0.08706014443851444,0.3511279014211269,19,5,
pythia_70m_deduped,kl_mean,primary,frequency_only,,,,1,0,"effect_l2,ctx_mean_act,frequency"
pythia_70m_deduped,kl_mean,primary,actmag_only,0.120100027785496,0.05353813767401863,0.05769041878243091,1,5,"effect_l2,ctx_mean_act,frequency"
pythia_70m_deduped,kl_mean,primary,geometry_only,0.21574881911642124,0.05104879205294896,0.18525228058089532,5,5,"effect_l2,ctx_mean_act,frequency"
pythia_70m_deduped,kl_mean,primary,direct_logit_only,0.005357043623228669,0.15737487734423036,0.026534517050189447,4,5,"effect_l2,ctx_mean_act,frequency"
pythia_70m_deduped,kl_mean,primary,coactivation_only,0.142795220894693,0.13510307559101536,0.16501650018333536,2,5,"effect_l2,ctx_mean_act,frequency"
pythia_70m_deduped,kl_mean,primary,full_no_magnitude,0.17043623228674637,0.07624044412176581,0.17271214124601386,15,5,"effect_l2,ctx_mean_act,frequency"
pythia_70m_deduped,kl_mean,primary,full_all,0.20092247846624067,0.10482406513425295,0.1827509194546606,19,5,"effect_l2,ctx_mean_act,frequency"
pythia_70m_deduped,kl_mean,robust,frequency_only,,,,1,0,"frequency,ctx_mean_act"
pythia_70m_deduped,kl_mean,robust,actmag_only,-0.029474854126146165,0.09270526429424236,-0.07125190279891998,1,5,"frequency,ctx_mean_act"
pythia_70m_deduped,kl_mean,robust,geometry_only,0.1870297304806891,0.08628808817281004,0.159782664251825,5,5,"frequency,ctx_mean_act"
pythia_70m_deduped,kl_mean,robust,direct_logit_only,0.21911642122811897,0.09463284711091587,0.2078680874231936,4,5,"frequency,ctx_mean_act"
pythia_70m_deduped,kl_mean,robust,coactivation_only,0.1052514587385385,0.17341300716045224,0.07954488383204257,2,5,"frequency,ctx_mean_act"
pythia_70m_deduped,kl_mean,robust,full_no_magnitude,0.1703695470964157,0.11510326826036522,0.1515403504483383,15,5,"frequency,ctx_mean_act"
pythia_70m_deduped,kl_mean,robust,full_all,0.19274242845234793,0.09654928896509847,0.17551972799697774,19,5,"frequency,ctx_mean_act"
pythia_70m_deduped,kl_mean,effect_only,frequency_only,0.037052382536733305,0.1704303342067582,0.041178191631379236,1,5,effect_l2
pythia_70m_deduped,kl_mean,effect_only,actmag_only,0.23006390664073356,0.07558653481584064,0.23942754919499104,1,5,effect_l2
pythia_70m_deduped,kl_mean,effect_only,geometry_only,0.38579605445957216,0.10356532219574395,0.38556695074389713,5,5,effect_l2
pythia_70m_deduped,kl_mean,effect_only,direct_logit_only,0.04085579327590999,0.21193382605914782,0.058431760352892805,4,5,effect_l2
pythia_70m_deduped,kl_mean,effect_only,coactivation_only,0.11234231731036401,0.16282388869630948,0.08146223846931633,2,5,effect_l2
pythia_70m_deduped,kl_mean,effect_only,full_no_magnitude,0.36900250069463747,0.1372670562497344,0.364303158923988,15,5,effect_l2
pythia_70m_deduped,kl_mean,effect_only,full_all,0.41390386218394004,0.1448040215899658,0.41895798842209353,19,5,effect_l2
pythia_70m_deduped,kl_per_effect,none,frequency_only,0.035493592881901806,0.1866797993133735,-0.00347618501337367,1,5,
pythia_70m_deduped,kl_per_effect,none,actmag_only,0.2347318699638789,0.07459790015592598,0.14632740363781818,1,5,
pythia_70m_deduped,kl_per_effect,none,geometry_only,0.37098082800778,0.11147192149668798,0.35954088378759763,5,5,
pythia_70m_deduped,kl_per_effect,none,direct_logit_only,0.07594331758821896,0.20420560614928857,0.07024344714941276,4,5,
pythia_70m_deduped,kl_per_effect,none,coactivation_only,0.017993887190886355,0.10212428862385162,-0.004428049200546672,2,5,
pythia_70m_deduped,kl_per_effect,none,full_no_magnitude,0.3468296749096972,0.13600498835487135,0.34927632529250324,15,5,
pythia_70m_deduped,kl_per_effect,none,full_all,0.38647402056126706,0.14407636179067013,0.39649773886376516,19,5,
pythia_70m_deduped,kl_per_effect,primary,frequency_only,,,,1,0,"effect_l2,ctx_mean_act,frequency"
pythia_70m_deduped,kl_per_effect,primary,actmag_only,0.09913864962489582,0.06818040307833209,0.050260558450649445,1,5,"effect_l2,ctx_mean_act,frequency"
pythia_70m_deduped,kl_per_effect,primary,geometry_only,0.19979994442900811,0.08003526027688398,0.16358848431649242,5,5,"effect_l2,ctx_mean_act,frequency"
pythia_70m_deduped,kl_per_effect,primary,direct_logit_only,-0.012303417616004442,0.22007968072318843,0.006560517339081545,4,5,"effect_l2,ctx_mean_act,frequency"
pythia_70m_deduped,kl_per_effect,primary,coactivation_only,0.11909974993053626,0.1277164807335693,0.14894832164801827,2,5,"effect_l2,ctx_mean_act,frequency"
pythia_70m_deduped,kl_per_effect,primary,full_no_magnitude,0.14393998332870245,0.0815148178925091,0.13878554206157845,15,5,"effect_l2,ctx_mean_act,frequency"
pythia_70m_deduped,kl_per_effect,primary,full_all,0.15232008891358711,0.09506770476261171,0.14801053345037168,19,5,"effect_l2,ctx_mean_act,frequency"
pythia_70m_deduped,kl_per_effect,robust,frequency_only,,,,1,0,"frequency,ctx_mean_act"
pythia_70m_deduped,kl_per_effect,robust,actmag_only,0.003312031119755493,0.14409689411564264,0.032674585273169694,1,5,"frequency,ctx_mean_act"
pythia_70m_deduped,kl_per_effect,robust,geometry_only,0.16986940816893586,0.08820859294276803,0.1423260258447316,5,5,"frequency,ctx_mean_act"
pythia_70m_deduped,kl_per_effect,robust,direct_logit_only,0.037843845512642395,0.18818389586533488,0.05370993011033455,4,5,"frequency,ctx_mean_act"
pythia_70m_deduped,kl_per_effect,robust,coactivation_only,0.12264517921644905,0.11869287433648738,0.16215824620273556,2,5,"frequency,ctx_mean_act"
pythia_70m_deduped,kl_per_effect,robust,full_no_magnitude,0.1687024173381495,0.10571692888347986,0.18183713152368358,15,5,"frequency,ctx_mean_act"
pythia_70m_deduped,kl_per_effect,robust,full_all,0.20342317310363994,0.09314585884182847,0.19602128912543473,19,5,"frequency,ctx_mean_act"
pythia_70m_deduped,kl_per_effect,effect_only,frequency_only,0.052901321987911795,0.1765171258908479,0.06015653505115194,1,5,effect_l2
pythia_70m_deduped,kl_per_effect,effect_only,actmag_only,0.2143706585162546,0.07526871751002984,0.21329836998188867,1,5,effect_l2
pythia_70m_deduped,kl_per_effect,effect_only,geometry_only,0.39507641011392064,0.10294050465614327,0.3865029611440127,5,5,effect_l2
pythia_70m_deduped,kl_per_effect,effect_only,direct_logit_only,0.02641844956932482,0.22716809401194946,0.034365270725230275,4,5,effect_l2
pythia_70m_deduped,kl_per_effect,effect_only,coactivation_only,0.1041511530980828,0.160494567878294,0.09711707907865642,2,5,effect_l2
pythia_70m_deduped,kl_per_effect,effect_only,full_no_magnitude,0.3373270352875799,0.1257718528388301,0.33252680585339833,15,5,effect_l2
pythia_70m_deduped,kl_per_effect,effect_only,full_all,0.38906362878577394,0.13034903869767633,0.38655229502550026,19,5,effect_l2
pythia_70m_deduped,collateral_raw_nodense,none,frequency_only,0.20130041980175517,0.10267221014915301,0.11104271176628762,1,5,
pythia_70m_deduped,collateral_raw_nodense,none,actmag_only,0.13819021951739505,0.13063388103087,0.042296680109163355,1,5,
pythia_70m_deduped,collateral_raw_nodense,none,geometry_only,0.07650810766708235,0.05311534852170525,0.04314825383166949,5,5,
pythia_70m_deduped,collateral_raw_nodense,none,direct_logit_only,0.6708347715571207,0.034926658072468725,0.6769306634450774,4,5,
pythia_70m_deduped,collateral_raw_nodense,none,coactivation_only,0.16373119956119053,0.09329861333634423,0.1256455693342661,2,5,
pythia_70m_deduped,collateral_raw_nodense,none,full_no_magnitude,0.7043066049869136,0.06219301197184913,0.7103778214306398,15,5,
pythia_70m_deduped,collateral_raw_nodense,none,full_all,0.7157882971588363,0.0451706936598062,0.7151405897032784,19,5,
pythia_70m_deduped,collateral_raw_nodense,primary,frequency_only,,,,1,0,"effect_l2,ctx_mean_act,frequency"
pythia_70m_deduped,collateral_raw_nodense,primary,actmag_only,-0.03673242567379828,0.09485304509553215,-0.003722263580706452,1,5,"effect_l2,ctx_mean_act,frequency"
pythia_70m_deduped,collateral_raw_nodense,primary,geometry_only,0.05686023895526535,0.057146408961400344,0.06938165979621995,5,5,"effect_l2,ctx_mean_act,frequency"
pythia_70m_deduped,collateral_raw_nodense,primary,direct_logit_only,0.5686579605445958,0.045768007166532725,0.5718610206780075,4,5,"effect_l2,ctx_mean_act,frequency"
pythia_70m_deduped,collateral_raw_nodense,primary,coactivation_only,0.23144206724090027,0.09431185117557148,0.25483483149812775,2,5,"effect_l2,ctx_mean_act,frequency"
pythia_70m_deduped,collateral_raw_nodense,primary,full_no_magnitude,0.5778160600166714,0.04724971619906826,0.5901136679296436,15,5,"effect_l2,ctx_mean_act,frequency"
pythia_70m_deduped,collateral_raw_nodense,primary,full_all,0.5789830508474577,0.03989030261897563,0.5836398182202024,19,5,"effect_l2,ctx_mean_act,frequency"
pythia_70m_deduped,collateral_raw_nodense,robust,frequency_only,,,,1,0,"frequency,ctx_mean_act"
pythia_70m_deduped,collateral_raw_nodense,robust,actmag_only,-0.04370102806335093,0.1214907387483942,-0.08178801986688741,1,5,"frequency,ctx_mean_act"
pythia_70m_deduped,collateral_raw_nodense,robust,geometry_only,0.07258682967490972,0.05838355589113276,0.09468638540428227,5,5,"frequency,ctx_mean_act"
pythia_70m_deduped,collateral_raw_nodense,robust,direct_logit_only,0.6797332592386776,0.02802687926295541,0.6915636840409337,4,5,"frequency,ctx_mean_act"
pythia_70m_deduped,collateral_raw_nodense,robust,coactivation_only,0.15087524312308978,0.10771606201132852,0.1619391326570295,2,5,"frequency,ctx_mean_act"
pythia_70m_deduped,collateral_raw_nodense,robust,full_no_magnitude,0.6936926924145597,0.047907687371001914,0.7118830209224547,15,5,"frequency,ctx_mean_act"
pythia_70m_deduped,collateral_raw_nodense,robust,full_all,0.704051125312587,0.043028308657379936,0.7127132523694707,19,5,"frequency,ctx_mean_act"
pythia_70m_deduped,collateral_raw_nodense,effect_only,frequency_only,0.31066947910307074,0.10404487801786544,0.292058655380744,1,5,effect_l2
pythia_70m_deduped,collateral_raw_nodense,effect_only,actmag_only,0.2347318699638789,0.11141036227047273,0.200228891432127,1,5,effect_l2
pythia_70m_deduped,collateral_raw_nodense,effect_only,geometry_only,0.10717421505973886,0.08916267277399066,0.10680163112923477,5,5,effect_l2
pythia_70m_deduped,collateral_raw_nodense,effect_only,direct_logit_only,0.5680244512364547,0.05198893178900167,0.5863349592773253,4,5,effect_l2
pythia_70m_deduped,collateral_raw_nodense,effect_only,coactivation_only,0.2893914976382329,0.05029219104558984,0.29658996211069005,2,5,effect_l2
pythia_70m_deduped,collateral_raw_nodense,effect_only,full_no_magnitude,0.62160600166713,0.0837666183424124,0.6420973566372958,15,5,effect_l2
pythia_70m_deduped,collateral_raw_nodense,effect_only,full_all,0.6251514309530426,0.07781091170173182,0.6399191102123357,19,5,effect_l2
pythia_70m_deduped,collateral_ctilde_nodense,none,frequency_only,0.3963599242965933,0.08139974544817401,0.3371639449133715,1,5,
pythia_70m_deduped,collateral_ctilde_nodense,none,actmag_only,0.29617115865518207,0.08425431528433092,0.2357008411204569,1,5,
pythia_70m_deduped,collateral_ctilde_nodense,none,geometry_only,0.12607946651847737,0.1046209218724413,0.08443827153635039,5,5,
pythia_70m_deduped,collateral_ctilde_nodense,none,direct_logit_only,0.3712475687691026,0.12195025300973764,0.37697885532061465,4,5,
pythia_70m_deduped,collateral_ctilde_nodense,none,coactivation_only,0.36492358988607954,0.034382602182753755,0.35229191435460394,2,5,
pythia_70m_deduped,collateral_ctilde_nodense,none,full_no_magnitude,0.5110197277021395,0.07593556262753715,0.5322841364904054,15,5,
pythia_70m_deduped,collateral_ctilde_nodense,none,full_all,0.512564601278133,0.08024283136291631,0.5276214180157557,19,5,
pythia_70m_deduped,collateral_ctilde_nodense,primary,frequency_only,,,,1,0,"effect_l2,ctx_mean_act,frequency"
pythia_70m_deduped,collateral_ctilde_nodense,primary,actmag_only,-0.06342873020283414,0.10250261663154062,-0.02466694074378604,1,5,"effect_l2,ctx_mean_act,frequency"
pythia_70m_deduped,collateral_ctilde_nodense,primary,geometry_only,0.059405390386218414,0.052169471869961556,0.06765141834909276,5,5,"effect_l2,ctx_mean_act,frequency"
pythia_70m_deduped,collateral_ctilde_nodense,primary,direct_logit_only,0.4867796610169492,0.09084940197916418,0.5016575739730441,4,5,"effect_l2,ctx_mean_act,frequency"
pythia_70m_deduped,collateral_ctilde_nodense,primary,coactivation_only,0.22827452070019455,0.09814078464155511,0.24947121634684827,2,5,"effect_l2,ctx_mean_act,frequency"
pythia_70m_deduped,collateral_ctilde_nodense,primary,full_no_magnitude,0.5262795220894694,0.045604057494160195,0.5429349214991277,15,5,"effect_l2,ctx_mean_act,frequency"
pythia_70m_deduped,collateral_ctilde_nodense,primary,full_all,0.5307363156432343,0.03972626522751882,0.540788675429727,19,5,"effect_l2,ctx_mean_act,frequency"
pythia_70m_deduped,collateral_ctilde_nodense,robust,frequency_only,,,,1,0,"frequency,ctx_mean_act"
pythia_70m_deduped,collateral_ctilde_nodense,robust,actmag_only,-0.057604890247290916,0.09502858393819863,-0.013361926243624929,1,5,"frequency,ctx_mean_act"
pythia_70m_deduped,collateral_ctilde_nodense,robust,geometry_only,0.02359544317866074,0.06918080617323052,0.04155646173846376,5,5,"frequency,ctx_mean_act"
pythia_70m_deduped,collateral_ctilde_nodense,robust,direct_logit_only,0.3587329813837178,0.13505243189296243,0.38534517050189443,4,5,"frequency,ctx_mean_act"
pythia_70m_deduped,collateral_ctilde_nodense,robust,coactivation_only,0.2301861628230064,0.1049254227621436,0.2592028800320003,2,5,"frequency,ctx_mean_act"
pythia_70m_deduped,collateral_ctilde_nodense,robust,full_no_magnitude,0.4173603778827453,0.04334531101939742,0.4428818097978866,15,5,"frequency,ctx_mean_act"
pythia_70m_deduped,collateral_ctilde_nodense,robust,full_all,0.4137927202000557,0.05133126426481661,0.43631640351559453,19,5,"frequency,ctx_mean_act"
pythia_70m_deduped,collateral_ctilde_nodense,effect_only,frequency_only,0.33998439487239823,0.11309876206208418,0.3278578940608576,1,5,effect_l2
pythia_70m_deduped,collateral_ctilde_nodense,effect_only,actmag_only,0.2522478466240623,0.11850646814982879,0.22550383893154366,1,5,effect_l2
pythia_70m_deduped,collateral_ctilde_nodense,effect_only,geometry_only,0.13966101694915256,0.09089632438629515,0.1336374848609429,5,5,effect_l2
pythia_70m_deduped,collateral_ctilde_nodense,effect_only,direct_logit_only,0.5152431230897473,0.0730390871619461,0.534098823320259,4,5,effect_l2
pythia_70m_deduped,collateral_ctilde_nodense,effect_only,coactivation_only,0.3065740483467631,0.05820808638652801,0.31155101723352474,2,5,effect_l2
pythia_70m_deduped,collateral_ctilde_nodense,effect_only,full_no_magnitude,0.6003445401500417,0.09872224740717353,0.6252531694796609,15,5,effect_l2
pythia_70m_deduped,collateral_ctilde_nodense,effect_only,full_all,0.5974881911642125,0.0912542113253125,0.6240269336325959,19,5,effect_l2
pythia_70m_deduped,resid_delta_norm,none,frequency_only,0.1867089548771772,0.04371079949976162,0.14075015782765038,1,5,
pythia_70m_deduped,resid_delta_norm,none,actmag_only,0.05649347040844681,0.10973250527141606,0.002688918765764064,1,5,
pythia_70m_deduped,resid_delta_norm,none,geometry_only,0.22687413170325094,0.08655525921762064,0.19960044000488894,5,5,
pythia_70m_deduped,resid_delta_norm,none,direct_logit_only,0.27463184217838293,0.14924502573689982,0.23870576339737104,4,5,
pythia_70m_deduped,resid_delta_norm,none,coactivation_only,0.25059183106418453,0.049269889550114625,0.2405320059111768,2,5,
pythia_70m_deduped,resid_delta_norm,none,full_no_magnitude,0.30581828285634904,0.2152300155950832,0.2992553250591673,15,5,
pythia_70m_deduped,resid_delta_norm,none,full_all,0.33424840233398173,0.15909656626120525,0.3201448904987833,19,5,
pythia_70m_deduped,resid_delta_norm,primary,frequency_only,,,,1,0,"effect_l2,ctx_mean_act,frequency"
pythia_70m_deduped,resid_delta_norm,primary,actmag_only,0.10595165323701031,0.06469754833574586,0.09848464982944255,1,5,"effect_l2,ctx_mean_act,frequency"
pythia_70m_deduped,resid_delta_norm,primary,geometry_only,0.26469574881911645,0.06402250414808112,0.27117856865076273,5,5,"effect_l2,ctx_mean_act,frequency"
pythia_70m_deduped,resid_delta_norm,primary,direct_logit_only,0.32101139205334817,0.11000187444697017,0.3470020778008644,4,5,"effect_l2,ctx_mean_act,frequency"
pythia_70m_deduped,resid_delta_norm,primary,coactivation_only,0.05936093359266463,0.0694968381274384,0.046347626084734264,2,5,"effect_l2,ctx_mean_act,frequency"
pythia_70m_deduped,resid_delta_norm,primary,full_no_magnitude,0.3621228118921923,0.060873455853701956,0.3744468271869687,15,5,"effect_l2,ctx_mean_act,frequency"
pythia_70m_deduped,resid_delta_norm,primary,full_all,0.370880800222284,0.07244632311257221,0.38437938199313326,19,5,"effect_l2,ctx_mean_act,frequency"
pythia_70m_deduped,resid_delta_norm,robust,frequency_only,,,,1,0,"frequency,ctx_mean_act"
pythia_70m_deduped,resid_delta_norm,robust,actmag_only,0.1029841622672965,0.132733974817951,0.09312992366581851,1,5,"frequency,ctx_mean_act"
pythia_70m_deduped,resid_delta_norm,robust,geometry_only,0.1520755765490414,0.10390046764663255,0.12166757408415649,5,5,"frequency,ctx_mean_act"
pythia_70m_deduped,resid_delta_norm,robust,direct_logit_only,0.2969936093359267,0.121146524378519,0.27160924010266774,4,5,"frequency,ctx_mean_act"
pythia_70m_deduped,resid_delta_norm,robust,coactivation_only,0.09689358155043071,0.11412494134502987,0.0892601028900321,2,5,"frequency,ctx_mean_act"
pythia_70m_deduped,resid_delta_norm,robust,full_no_magnitude,0.24614615170880802,0.1690545699215787,0.22397271080789785,15,5,"frequency,ctx_mean_act"
pythia_70m_deduped,resid_delta_norm,robust,full_all,0.28401222561822737,0.12573554283996333,0.2587770975233058,19,5,"frequency,ctx_mean_act"
pythia_70m_deduped,resid_delta_norm,effect_only,frequency_only,0.14855122484055888,0.09769170646731977,0.13341087831948867,1,5,effect_l2
pythia_70m_deduped,resid_delta_norm,effect_only,actmag_only,0.016382328424562376,0.08581829131272564,0.003394704385604284,1,5,effect_l2
pythia_70m_deduped,resid_delta_norm,effect_only,geometry_only,0.2913920533481523,0.06092842279731128,0.30249224991388796,5,5,effect_l2
pythia_70m_deduped,resid_delta_norm,effect_only,direct_logit_only,0.3379938871908864,0.12082421579189857,0.3610053445038278,4,5,effect_l2
pythia_70m_deduped,resid_delta_norm,effect_only,coactivation_only,0.15237565990552934,0.06533795150668369,0.15696396626629183,2,5,effect_l2
pythia_70m_deduped,resid_delta_norm,effect_only,full_no_magnitude,0.3749930536260073,0.06480352557804346,0.38061711796797737,15,5,effect_l2
pythia_70m_deduped,resid_delta_norm,effect_only,full_all,0.37964990275076416,0.06400038933545422,0.39364170713007923,19,5,effect_l2
pythia_70m_deduped,resid_error_delta_norm,none,frequency_only,0.38481005298984694,0.08525917804675794,0.3778985573805331,1,5,
pythia_70m_deduped,resid_error_delta_norm,none,actmag_only,0.15583217560433454,0.1756854824973175,0.10712652362804032,1,5,
pythia_70m_deduped,resid_error_delta_norm,none,geometry_only,0.4180828007779939,0.06679690189165476,0.4369506327848087,5,5,
pythia_70m_deduped,resid_error_delta_norm,none,direct_logit_only,0.4427007502083913,0.07411169332692813,0.420714896832187,4,5,
pythia_70m_deduped,resid_error_delta_norm,none,coactivation_only,0.4571158655181996,0.03258887656394215,0.45576150846120506,2,5,
pythia_70m_deduped,resid_error_delta_norm,none,full_no_magnitude,0.6267407613225897,0.046138026814321054,0.6241171568572984,15,5,
pythia_70m_deduped,resid_error_delta_norm,none,full_all,0.6229285912753545,0.04653124245957723,0.6217602417804642,19,5,
pythia_70m_deduped,resid_error_delta_norm,primary,frequency_only,,,,1,0,"effect_l2,ctx_mean_act,frequency"
pythia_70m_deduped,resid_error_delta_norm,primary,actmag_only,-0.1046290636287858,0.21830797333182325,-0.09763619595773286,1,5,"effect_l2,ctx_mean_act,frequency"
pythia_70m_deduped,resid_error_delta_norm,primary,geometry_only,0.3755043067518756,0.14011256657151946,0.3953692818809098,5,5,"effect_l2,ctx_mean_act,frequency"
pythia_70m_deduped,resid_error_delta_norm,primary,direct_logit_only,0.25373714920811347,0.10685277842751909,0.2443587150968344,4,5,"effect_l2,ctx_mean_act,frequency"
pythia_70m_deduped,resid_error_delta_norm,primary,coactivation_only,0.35627674353987226,0.05580540058150218,0.3489652107245636,2,5,"effect_l2,ctx_mean_act,frequency"
pythia_70m_deduped,resid_error_delta_norm,primary,full_no_magnitude,0.5375382050569604,0.05416084692913431,0.5461131790353226,15,5,"effect_l2,ctx_mean_act,frequency"
pythia_70m_deduped,resid_error_delta_norm,primary,full_all,0.5380050013892749,0.039103070148435955,0.5491278791986577,19,5,"effect_l2,ctx_mean_act,frequency"
pythia_70m_deduped,resid_error_delta_norm,robust,frequency_only,,,,1,0,"frequency,ctx_mean_act"
pythia_70m_deduped,resid_error_delta_norm,robust,actmag_only,-0.06099472075576549,0.17651275682818038,-0.08281469794108821,1,5,"frequency,ctx_mean_act"
pythia_70m_deduped,resid_error_delta_norm,robust,geometry_only,0.2630619616560156,0.0868277314147597,0.2546508294536606,5,5,"frequency,ctx_mean_act"
pythia_70m_deduped,resid_error_delta_norm,robust,direct_logit_only,0.514531814392887,0.06470409109003579,0.5026269180768675,4,5,"frequency,ctx_mean_act"
pythia_70m_deduped,resid_error_delta_norm,robust,coactivation_only,0.24354542928591277,0.05577390683211302,0.22916876854187265,2,5,"frequency,ctx_mean_act"
pythia_70m_deduped,resid_error_delta_norm,robust,full_no_magnitude,0.5716921367046403,0.018508848015709733,0.5598053311703464,15,5,"frequency,ctx_mean_act"
pythia_70m_deduped,resid_error_delta_norm,robust,full_all,0.5661906085023618,0.01800680564095833,0.5612160135112612,19,5,"frequency,ctx_mean_act"
pythia_70m_deduped,resid_error_delta_norm,effect_only,frequency_only,0.4887422134006112,0.10753540683427848,0.4870710345458453,1,5,effect_l2
pythia_70m_deduped,resid_error_delta_norm,effect_only,actmag_only,0.19107529869408174,0.22279394014680962,0.11627906976744186,1,5,effect_l2
pythia_70m_deduped,resid_error_delta_norm,effect_only,geometry_only,0.5768380105584886,0.11428890435097162,0.6075365281836466,5,5,effect_l2
pythia_70m_deduped,resid_error_delta_norm,effect_only,direct_logit_only,0.13807168657960547,0.08449423113910301,0.12789119879109767,4,5,effect_l2
pythia_70m_deduped,resid_error_delta_norm,effect_only,coactivation_only,0.5700916921367047,0.049388343846236527,0.5675200835564839,2,5,effect_l2
pythia_70m_deduped,resid_error_delta_norm,effect_only,full_no_magnitude,0.6376882467352043,0.06879418932205683,0.6571779686440959,15,5,effect_l2
pythia_70m_deduped,resid_error_delta_norm,effect_only,full_all,0.6160044456793555,0.07600084386075033,0.6415449060545118,19,5,effect_l2
pythia_70m_deduped,resid_change_explained_energy,none,frequency_only,-0.05758940123214444,0.10369303804171724,-0.1325606108433879,1,5,
pythia_70m_deduped,resid_change_explained_energy,none,actmag_only,-0.06486246179494305,0.07716898885865028,-0.13372504138934874,1,5,
pythia_70m_deduped,resid_change_explained_energy,none,geometry_only,0.20113364823562105,0.1356282328314929,0.1666054067267414,5,5,
pythia_70m_deduped,resid_change_explained_energy,none,direct_logit_only,0.22815226451792175,0.1626803468321778,0.20960721785797617,4,5,
pythia_70m_deduped,resid_change_explained_energy,none,coactivation_only,0.06509585996110032,0.09200774599910251,0.0008533428149201657,2,5,
pythia_70m_deduped,resid_change_explained_energy,none,full_no_magnitude,0.19733259238677417,0.1908000272322679,0.16562006244513824,15,5,
pythia_70m_deduped,resid_change_explained_energy,none,full_all,0.23299805501528206,0.1880947489909088,0.19725596951077234,19,5,
pythia_70m_deduped,resid_change_explained_energy,primary,frequency_only,,,,1,0,"effect_l2,ctx_mean_act,frequency"
pythia_70m_deduped,resid_change_explained_energy,primary,actmag_only,-0.038166157265907205,0.07354168913435459,-0.026110512339025987,1,5,"effect_l2,ctx_mean_act,frequency"
pythia_70m_deduped,resid_change_explained_energy,primary,geometry_only,0.17400388996943597,0.13045364583075938,0.1672196357737308,5,5,"effect_l2,ctx_mean_act,frequency"
pythia_70m_deduped,resid_change_explained_energy,primary,direct_logit_only,0.3166657404834677,0.1903685068711788,0.3359450660562895,4,5,"effect_l2,ctx_mean_act,frequency"
pythia_70m_deduped,resid_change_explained_energy,primary,coactivation_only,0.04243400944706864,0.08310886327714216,0.043453371704130044,2,5,"effect_l2,ctx_mean_act,frequency"
pythia_70m_deduped,resid_change_explained_energy,primary,full_no_magnitude,0.2789997221450403,0.197325024508544,0.28705518950210557,15,5,"effect_l2,ctx_mean_act,frequency"
pythia_70m_deduped,resid_change_explained_energy,primary,full_all,0.3120422339538761,0.18049095941188223,0.3159999555550617,19,5,"effect_l2,ctx_mean_act,frequency"
pythia_70m_deduped,resid_change_explained_energy,robust,frequency_only,,,,1,0,"frequency,ctx_mean_act"
pythia_70m_deduped,resid_change_explained_energy,robust,actmag_only,-0.05308141150319534,0.11601400096745557,-0.025609173435260393,1,5,"frequency,ctx_mean_act"
pythia_70m_deduped,resid_change_explained_energy,robust,geometry_only,0.2090247290914143,0.15626203101904004,0.182005133390371,5,5,"frequency,ctx_mean_act"
pythia_70m_deduped,resid_change_explained_energy,robust,direct_logit_only,0.2269408168935816,0.16455014337660462,0.2264598495538839,4,5,"frequency,ctx_mean_act"
pythia_70m_deduped,resid_change_explained_energy,robust,coactivation_only,0.06516254515143097,0.10015532975587915,0.0780373115256836,2,5,"frequency,ctx_mean_act"
pythia_70m_deduped,resid_change_explained_energy,robust,full_no_magnitude,0.20930258405112534,0.19748280725028017,0.19256125068056312,15,5,"frequency,ctx_mean_act"
pythia_70m_deduped,resid_change_explained_energy,robust,full_all,0.2377549319255349,0.18327330194637137,0.21839442660474,19,5,"frequency,ctx_mean_act"
pythia_70m_deduped,resid_change_explained_energy,effect_only,frequency_only,0.10221354386428705,0.10032210130213615,0.08867138603350559,1,5,effect_l2
pythia_70m_deduped,resid_change_explained_energy,effect_only,actmag_only,0.0699416504584607,0.07823585423708063,0.06491716574628607,1,5,effect_l2
pythia_70m_deduped,resid_change_explained_energy,effect_only,geometry_only,0.18400666851903308,0.10834254556044377,0.17642418249091654,5,5,effect_l2
pythia_70m_deduped,resid_change_explained_energy,effect_only,direct_logit_only,0.3017727146429564,0.17561056892925497,0.3237809308992322,4,5,effect_l2
pythia_70m_deduped,resid_change_explained_energy,effect_only,coactivation_only,0.1039844401222562,0.0857889012723459,0.0953383926488072,2,5,effect_l2
pythia_70m_deduped,resid_change_explained_energy,effect_only,full_no_magnitude,0.2719533203667686,0.18115121042617188,0.27227902532250353,15,5,effect_l2
pythia_70m_deduped,resid_change_explained_energy,effect_only,full_all,0.3023395387607669,0.1813043264245058,0.3065242947143857,19,5,effect_l2
pythia_70m_deduped,stab_anti_frac,none,frequency_only,,,-0.07174320681157342,1,0,
pythia_70m_deduped,stab_anti_frac,none,actmag_only,,,-0.07039943649767406,1,0,
pythia_70m_deduped,stab_anti_frac,none,geometry_only,,,-0.028159774599069626,5,0,
pythia_70m_deduped,stab_anti_frac,none,direct_logit_only,,,-0.037546366132092834,4,0,
pythia_70m_deduped,stab_anti_frac,none,coactivation_only,,,-0.04358060354617919,2,0,
pythia_70m_deduped,stab_anti_frac,none,full_no_magnitude,,,-0.008045649885448465,15,0,
pythia_70m_deduped,stab_anti_frac,none,full_all,,,-0.010057062356810581,19,0,
pythia_70m_deduped,stab_anti_frac,primary,frequency_only,,,,1,0,"effect_l2,ctx_mean_act,frequency"
pythia_70m_deduped,stab_anti_frac,primary,actmag_only,,,0.6133126802372278,1,4,"effect_l2,ctx_mean_act,frequency"
pythia_70m_deduped,stab_anti_frac,primary,geometry_only,,,0.19215493860457653,5,4,"effect_l2,ctx_mean_act,frequency"
pythia_70m_deduped,stab_anti_frac,primary,direct_logit_only,,,-0.38016281267192054,4,4,"effect_l2,ctx_mean_act,frequency"
pythia_70m_deduped,stab_anti_frac,primary,coactivation_only,,,-0.10395792219397794,2,4,"effect_l2,ctx_mean_act,frequency"
pythia_70m_deduped,stab_anti_frac,primary,full_no_magnitude,,,-0.18205693948351015,15,4,"effect_l2,ctx_mean_act,frequency"
pythia_70m_deduped,stab_anti_frac,primary,full_all,,,-0.10036675602471967,19,4,"effect_l2,ctx_mean_act,frequency"
pythia_70m_deduped,stab_anti_frac,robust,frequency_only,,,,1,0,"frequency,ctx_mean_act"
pythia_70m_deduped,stab_anti_frac,robust,actmag_only,,,0.9256041544969505,1,4,"frequency,ctx_mean_act"
pythia_70m_deduped,stab_anti_frac,robust,geometry_only,,,0.249865117807163,5,4,"frequency,ctx_mean_act"
pythia_70m_deduped,stab_anti_frac,robust,direct_logit_only,,,-0.039146040553145196,4,4,"frequency,ctx_mean_act"
pythia_70m_deduped,stab_anti_frac,robust,coactivation_only,,,-0.31221084435945246,2,4,"frequency,ctx_mean_act"
pythia_70m_deduped,stab_anti_frac,robust,full_no_magnitude,,,-0.13072772099953217,15,4,"frequency,ctx_mean_act"
pythia_70m_deduped,stab_anti_frac,robust,full_all,,,-0.028540073060376314,19,4,"frequency,ctx_mean_act"
pythia_70m_deduped,stab_anti_frac,effect_only,frequency_only,,,-0.23424200753311689,1,4,effect_l2
pythia_70m_deduped,stab_anti_frac,effect_only,actmag_only,,,-0.250503437850969,1,4,effect_l2
pythia_70m_deduped,stab_anti_frac,effect_only,geometry_only,,,0.06318136587981242,5,4,effect_l2
pythia_70m_deduped,stab_anti_frac,effect_only,direct_logit_only,,,-0.5078704959624419,4,4,effect_l2
pythia_70m_deduped,stab_anti_frac,effect_only,coactivation_only,,,0.05761252743448139,2,4,effect_l2
pythia_70m_deduped,stab_anti_frac,effect_only,full_no_magnitude,,,-0.1851036298539991,15,4,effect_l2
pythia_70m_deduped,stab_anti_frac,effect_only,full_all,,,-0.18024075097992306,19,4,effect_l2
pythia_70m_deduped,effect_pc1_ratio,none,frequency_only,0.024567960371225574,0.08399259435705127,0.011408829435594176,1,5,
pythia_70m_deduped,effect_pc1_ratio,none,actmag_only,0.09810502917477079,0.06725316700171,0.07282969810775675,1,5,
pythia_70m_deduped,effect_pc1_ratio,none,geometry_only,0.10825229230341767,0.057944808889284216,0.09750997233302591,5,5,
pythia_70m_deduped,effect_pc1_ratio,none,direct_logit_only,0.2818227285357044,0.05244727217472667,0.2481903132257025,4,5,
pythia_70m_deduped,effect_pc1_ratio,none,coactivation_only,1.1114198388445517e-05,0.07466091632289332,-0.08119245769397437,2,5,
pythia_70m_deduped,effect_pc1_ratio,none,full_no_magnitude,0.3803278688524591,0.07279301909495658,0.36796008844542716,15,5,
pythia_70m_deduped,effect_pc1_ratio,none,full_all,0.40772436787996674,0.05923845846236411,0.3931999244436049,19,5,
pythia_70m_deduped,effect_pc1_ratio,primary,frequency_only,,,,1,0,"effect_l2,ctx_mean_act,frequency"
pythia_70m_deduped,effect_pc1_ratio,primary,actmag_only,0.003078632953598223,0.10615284046964178,-0.0052271691907687864,1,5,"effect_l2,ctx_mean_act,frequency"
pythia_70m_deduped,effect_pc1_ratio,primary,geometry_only,0.20140038899694365,0.07381761916078733,0.20693029922554695,5,5,"effect_l2,ctx_mean_act,frequency"
pythia_70m_deduped,effect_pc1_ratio,primary,direct_logit_only,0.38970825229230355,0.06106929299761472,0.3832198135534839,4,5,"effect_l2,ctx_mean_act,frequency"
pythia_70m_deduped,effect_pc1_ratio,primary,coactivation_only,0.1492081133648236,0.08026471395654783,0.13282325359170657,2,5,"effect_l2,ctx_mean_act,frequency"
pythia_70m_deduped,effect_pc1_ratio,primary,full_no_magnitude,0.4352320088913588,0.06923494412503423,0.4447547194968833,15,5,"effect_l2,ctx_mean_act,frequency"
pythia_70m_deduped,effect_pc1_ratio,primary,full_all,0.447101972770214,0.05846575019484617,0.45814331270347447,19,5,"effect_l2,ctx_mean_act,frequency"
pythia_70m_deduped,effect_pc1_ratio,robust,frequency_only,,,,1,0,"frequency,ctx_mean_act"
pythia_70m_deduped,effect_pc1_ratio,robust,actmag_only,0.024473464851347604,0.12230255302870702,0.029243880487560974,1,5,"frequency,ctx_mean_act"
pythia_70m_deduped,effect_pc1_ratio,robust,geometry_only,0.17657126979716592,0.0681140664280912,0.18484249824998056,5,5,"frequency,ctx_mean_act"
pythia_70m_deduped,effect_pc1_ratio,robust,direct_logit_only,0.27273131425395947,0.04895189853691779,0.2553828375870843,4,5,"frequency,ctx_mean_act"
pythia_70m_deduped,effect_pc1_ratio,robust,coactivation_only,0.14606279522089474,0.08566188358611708,0.12064845164946277,2,5,"frequency,ctx_mean_act"
pythia_70m_deduped,effect_pc1_ratio,robust,full_no_magnitude,0.33188107807724376,0.05080691897840436,0.34019044656051733,15,5,"frequency,ctx_mean_act"
pythia_70m_deduped,effect_pc1_ratio,robust,full_all,0.36066685190330655,0.03612633215578306,0.3723103590039889,19,5,"frequency,ctx_mean_act"
pythia_70m_deduped,effect_pc1_ratio,effect_only,frequency_only,0.013802456752927189,0.07488961619462019,0.035937468259343824,1,5,effect_l2
pythia_70m_deduped,effect_pc1_ratio,effect_only,actmag_only,0.08106696304529039,0.058040067915308496,0.08821520239113767,1,5,effect_l2
pythia_70m_deduped,effect_pc1_ratio,effect_only,geometry_only,0.13512642400666858,0.08229523638305301,0.14321048011644574,5,5,effect_l2
pythia_70m_deduped,effect_pc1_ratio,effect_only,direct_logit_only,0.3947207557654905,0.07212462257777727,0.395331948132757,4,5,effect_l2
pythia_70m_deduped,effect_pc1_ratio,effect_only,coactivation_only,0.04411225340372327,0.08492946823685078,0.018115756841742686,2,5,effect_l2
pythia_70m_deduped,effect_pc1_ratio,effect_only,full_no_magnitude,0.46519588774659637,0.09370521911132504,0.4708518983544261,15,5,effect_l2
pythia_70m_deduped,effect_pc1_ratio,effect_only,full_all,0.477754931925535,0.07845697876853763,0.48894143268258533,19,5,effect_l2
