feature,crowding,crowd_max,dec_norm,enc_norm,enc_dec_cos,frequency,act_mag,act_mean_firing,act_std,act_max,act_kurtosis,bin_entropy,act_entropy,coact_entropy,coact_count,logit_l2,logit_linf,logit_entropy,logit_top10_mass,collateral_raw,effect_l2,collateral_ctilde,stab_signed,stab_abs,kl_mean,kl_per_effect,effect_cv,ctx_mean_act,intervention_value,n_ctx
99,0.1553030014038086,0.309542179107666,1.0,0.8433220982551575,0.850737452507019,0.009765625,0.04364130273461342,4.468869209289551,0.4581988751888275,7.938621997833252,139.9864044189453,0.05492175742983818,0.3877426087856293,7.192880153656006,118.05000305175781,67.97073364257812,0.9302678108215332,12.166641235351562,0.00029904069378972054,4.2916669845581055,4.952317714691162,0.8665976666159366,0.28190088272094727,0.31897538900375366,5.565410901908763e-06,1.1237992413452905e-06,0.6103143095970154,1.5928583145141602,1.0,48
119,0.14451122283935547,0.20298168063163757,1.0,0.9801114201545715,0.8300206661224365,0.0048828125,0.027759796008467674,5.685206413269043,0.46571657061576843,15.596479415893555,668.3838500976562,0.03085736557841301,0.2830488085746765,6.612753868103027,107.0,56.05690002441406,0.8104526996612549,12.162729263305664,0.0002642743638716638,4.1041669845581055,5.376042366027832,0.7634179006584635,0.30827605724334717,0.39134782552719116,6.340043910313398e-06,1.1793143481502525e-06,0.5944204926490784,1.1844180822372437,1.0,48
338,0.23557452857494354,0.4462515413761139,1.0,1.1473147869110107,0.7241756319999695,0.00439453125,0.028470439836382866,6.478606700897217,0.5020537972450256,13.575807571411133,519.2905883789062,0.02823571488261223,0.2661210894584656,6.019868850708008,62.77777862548828,62.722801208496094,0.7869446277618408,12.162065505981445,0.00026801222702488303,5.0,6.561005592346191,0.7620783006513542,0.3188192844390869,0.3433104455471039,1.1855175216624048e-05,1.8069143566017807e-06,0.5664763450622559,1.2147388458251953,1.0,48
425,0.25895610451698303,0.4295477271080017,1.0,0.9912413954734802,0.7552929520606995,0.01171875,0.06937716901302338,5.920185089111328,0.7074795365333557,15.147921562194824,182.02354431152344,0.0637580007314682,0.4035310447216034,6.918004989624023,81.33333587646484,91.74427032470703,1.1285040378570557,12.208218574523926,0.00025102493236772716,9.0,6.555998802185059,1.3727885342615516,0.41239821910858154,0.46278032660484314,1.0355373888160102e-05,1.579526504628628e-06,0.3548183739185333,2.383709669113159,1.0,48
426,0.16034887731075287,0.20544196665287018,1.0000001192092896,1.0014233589172363,0.8286195397377014,0.00537109375,0.03033873438835144,5.6485209465026855,0.47747036814689636,13.832192420959473,491.51519775390625,0.03342986851930618,0.2965063452720642,6.74028205871582,111.18181610107422,67.11380767822266,0.8887814283370972,12.167421340942383,0.00025774427922442555,3.2083334922790527,4.919957160949707,0.6521059799509887,0.3677324950695038,0.4432225227355957,4.87305214846856e-06,9.904663758542244e-07,0.4182579517364502,1.2944526672363281,1.0,48
478,0.1619982123374939,0.22429269552230835,1.0,1.0081944465637207,0.7962621450424194,0.00634765625,0.036746904253959656,5.789050579071045,0.49481865763664246,10.613669395446777,246.52891540527344,0.03844451159238815,0.3263218402862549,6.525345802307129,79.76923370361328,57.08241271972656,0.8227553963661194,12.158891677856445,0.0002931002527475357,4.5416669845581055,7.910855770111084,0.5741056480863227,0.14790187776088715,0.27040916681289673,1.0888847100432031e-05,1.3764436368323138e-06,2.1710402965545654,1.5678678750991821,1.0,48
547,0.14823389053344727,0.17127245664596558,1.0,1.215944528579712,0.767818033695221,0.0078125,0.07215318083763123,9.235607147216797,0.8887627124786377,16.6929931640625,202.9857635498047,0.04568839073181152,0.3506055474281311,6.353579521179199,67.875,76.16148376464844,0.962313175201416,12.163055419921875,0.0002731186687014997,4.583333492279053,7.875231742858887,0.5819934747463399,0.45694777369499207,0.45694777369499207,1.5712332242401317e-05,1.9951580773095836e-06,0.6089122295379639,3.078535795211792,1.0,48
579,0.14041733741760254,0.17687954008579254,1.0,0.9374497532844543,0.8434325456619263,0.00830078125,0.04514884948730469,5.439108371734619,0.5557008385658264,15.505977630615234,352.1959228515625,0.04803864285349846,0.3582703769207001,6.847535133361816,83.82353210449219,55.211029052734375,0.8398122787475586,12.158336639404297,0.0003125891671516001,3.3541667461395264,4.906987190246582,0.6835491125737959,0.2185317724943161,0.22607629001140594,8.610756594862323e-06,1.7547949981262682e-06,0.48171859979629517,1.8589972257614136,1.0,48
655,0.13780610263347626,0.2620825469493866,1.0,0.860091507434845,0.8823469877243042,0.01025390625,0.044476769864559174,4.337543964385986,0.4553747773170471,7.6212310791015625,133.06378173828125,0.057165034115314484,0.39422857761383057,7.298863410949707,113.33333587646484,54.27130126953125,0.6573924422264099,12.161027908325195,0.0002678322489373386,1.9791667461395264,3.6488842964172363,0.5424032608155859,0.25620734691619873,0.2885551452636719,4.341652129369322e-06,1.1898574371716105e-06,0.7324196696281433,1.5618711709976196,1.0,48
696,0.17538684606552124,0.23372651636600494,0.9999999403953552,0.8936249017715454,0.7946450710296631,0.009765625,0.05040557309985161,5.161530494689941,0.5575159788131714,11.507589340209961,198.5656280517578,0.05492175742983818,0.3811319172382355,7.160905838012695,121.1500015258789,55.21036911010742,0.7229014039039612,12.158951759338379,0.0002712929272092879,6.9166669845581055,6.032642364501953,1.1465401983370738,0.3844761848449707,0.44298219680786133,1.330079794570338e-05,2.2048046477811436e-06,0.46537765860557556,1.8792964220046997,1.0,48
740,0.14415951073169708,0.21225035190582275,1.0,0.8884094953536987,0.9024732112884521,0.0078125,0.03748577833175659,4.798179626464844,0.4630391001701355,11.357867240905762,274.17596435546875,0.04568839073181152,0.3528379797935486,7.007867813110352,100.6875,57.00450897216797,0.7563151121139526,12.15985107421875,0.0002563038142398,2.2291667461395264,4.043407917022705,0.5513088924918182,0.22502367198467255,0.28741738200187683,4.702198111772304e-06,1.1629294388891127e-06,1.0669184923171997,1.5993932485580444,1.0,48
888,0.22865644097328186,0.3885539770126343,1.0,1.103941798210144,0.907044529914856,0.0048828125,0.023985497653484344,4.912230014801025,0.34974271059036255,7.363282203674316,239.67166137695312,0.03085736557841301,0.29933345317840576,6.652927398681641,129.1999969482422,83.33565521240234,0.9761002659797668,12.1619873046875,0.00025391948292963207,3.6041667461395264,8.465311050415039,0.4257571541574067,0.4271182715892792,0.4346330165863037,1.6781976228230633e-05,1.9824405870571567e-06,0.5604317784309387,1.0233813524246216,1.0,48
1006,0.15489719808101654,0.2360314428806305,1.0000001192092896,0.8251129388809204,0.9013919830322266,0.01171875,0.05501297488808632,4.6944403648376465,0.5437131524085999,11.388057708740234,165.98312377929688,0.0637580007314682,0.4083840847015381,7.341638565063477,115.95833587646484,68.83112335205078,0.8147040009498596,12.187986373901367,0.00023096551012713462,2.5208334922790527,5.484652519226074,0.45961589705934597,0.20706012845039368,0.27567777037620544,6.6221873566973954e-06,1.2074032623597828e-06,1.3327252864837646,1.7756229639053345,1.0,48
1017,0.20729844272136688,0.36439764499664307,1.0,1.093881607055664,0.7923690676689148,0.0048828125,0.04870373010635376,9.974523544311523,0.836435079574585,23.074146270751953,466.753662109375,0.03085736557841301,0.2734980583190918,6.11616849899292,66.30000305175781,62.527732849121094,1.1013253927230835,12.15703010559082,0.0003431434743106365,3.4166667461395264,8.02968978881836,0.4255042015000778,0.5134700536727905,0.6284521818161011,1.097015592677053e-05,1.366199218353975e-06,0.6718120574951172,2.0780258178710938,1.0,48
1033,0.17539522051811218,0.9631336331367493,1.0,1.066396713256836,0.8382471203804016,0.09912109375,0.502933144569397,5.0739264488220215,1.5938911437988281,12.633797645568848,10.188163757324219,0.3231475353240967,0.6911593079566956,8.321243286132812,96.93103790283203,52.61946487426758,0.7586442232131958,12.156473159790039,0.00033747556153684855,4.958333492279053,3.3591620922088623,1.476062583886212,0.34338557720184326,0.36182498931884766,2.60377373706433e-06,7.751259563663759e-07,0.4301454722881317,3.160721778869629,1.0,48
1128,0.23215918242931366,0.2900976538658142,1.0,1.1093006134033203,0.787671685218811,0.0205078125,0.12368474900722504,6.03110408782959,0.9435904026031494,17.150545120239258,109.36158752441406,0.10000890493392944,0.4783799946308136,7.365668296813965,80.38095092773438,60.52792739868164,0.7342118620872498,12.159261703491211,0.00027709954883903265,5.0625,5.194319725036621,0.9746223294366203,0.33333486318588257,0.3400105834007263,1.33427192849922e-05,2.568713511221336e-06,0.4037158489227295,2.9015629291534424,1.0,48
1135,0.1669178456068039,0.23558200895786285,1.0,0.9708290100097656,0.8438229560852051,0.0078125,0.04449477791786194,5.695331573486328,0.5540747046470642,13.270325660705566,266.9101257324219,0.04568839073181152,0.3511960208415985,7.068228721618652,113.875,58.063846588134766,0.8852183818817139,12.16454029083252,0.000294110388495028,2.8125,3.2439990043640137,0.8669854668717867,0.22763356566429138,0.26534807682037354,3.0949045140005182e-06,9.54039905775765e-07,0.30735817551612854,1.8984440565109253,1.0,48
1193,0.10898997634649277,0.17059582471847534,1.0,1.0324064493179321,0.8684164881706238,0.00830078125,0.04036256670951843,4.862502098083496,0.47001880407333374,9.182957649230957,189.94198608398438,0.04803864285349846,0.36361247301101685,6.800858497619629,86.23529052734375,62.9412841796875,0.8704670667648315,12.173151016235352,0.0002534441009629518,5.375,5.733282089233398,0.9375083777438225,0.4327763020992279,0.4976411759853363,6.741852757841116e-06,1.175915058975133e-06,0.6008380055427551,1.6557761430740356,1.0,48
1204,0.2008846253156662,0.30774763226509094,1.0,1.0623195171356201,0.7743799686431885,0.005859375,0.03295093774795532,5.623626708984375,0.4809996485710144,13.259245872497559,385.6182556152344,0.03595767915248871,0.31153762340545654,6.7067108154296875,92.91666412353516,59.04758071899414,0.6195660829544067,12.160112380981445,0.0002490130427759141,5.520833492279053,5.54079008102417,0.9963982395259033,0.31903383135795593,0.32888659834861755,8.94671757123433e-06,1.614700687854537e-06,0.5592591762542725,1.4059066772460938,1.0,48
1263,0.17616496980190277,0.22907888889312744,1.0,1.020958662033081,0.7820325493812561,0.00830078125,0.06145056337118149,7.402985572814941,0.8195789456367493,23.46021270751953,434.60003662109375,0.04803864285349846,0.3468596935272217,6.480550765991211,64.88235473632812,61.338504791259766,0.8929946422576904,12.170185089111328,0.0002830674347933382,4.708333492279053,5.114649772644043,0.9205583358329291,0.2970203757286072,0.3474303185939789,1.0070510143123101e-05,1.9689539990198708e-06,0.43618643283843994,2.5464284420013428,1.0,48
1275,0.16521607339382172,0.23965637385845184,1.0,1.0109918117523193,0.8069664239883423,0.03125,0.17742052674293518,5.677456855773926,1.1030545234680176,20.20128059387207,90.68627166748047,0.13906079530715942,0.5332302451133728,7.282261848449707,67.296875,94.97919464111328,0.990022599697113,12.217504501342773,0.00019989079737570137,5.333333492279053,6.286914348602295,0.8483229113788593,0.24024145305156708,0.3703582286834717,8.980927304946817e-06,1.4285111570922456e-06,1.5387654304504395,3.2291972637176514,1.0,48
1317,0.20766134560108185,0.3576800525188446,0.9999999403953552,0.9173334240913391,0.8478313684463501,0.00830078125,0.05310623347759247,6.397739410400391,0.6377483010292053,11.904083251953125,202.80401611328125,0.04803864285349846,0.3584943413734436,7.0228424072265625,124.5882339477539,55.12444305419922,0.7480797171592712,12.161637306213379,0.0002665439387783408,6.395833492279053,4.810866355895996,1.3294556543118332,0.32108986377716064,0.3626142740249634,5.421810783445835e-06,1.1269925978158104e-06,0.35690584778785706,2.20078444480896,1.0,48
1366,0.15408143401145935,0.24214565753936768,1.0,1.1111748218536377,0.8029754757881165,0.005859375,0.07535716891288757,12.860957145690918,1.1148978471755981,24.542984008789062,314.15673828125,0.03595767915248871,0.3066352605819702,6.762353897094727,114.83333587646484,59.59290313720703,0.6482279896736145,12.161118507385254,0.00024708756245672703,4.9166669845581055,6.79925537109375,0.7231184459153518,0.38517850637435913,0.4227376878261566,1.3230054719315376e-05,1.9458093537864947e-06,0.490047812461853,3.2152392864227295,1.0,48
1373,0.25210535526275635,0.5160248279571533,1.0,1.2426891326904297,0.7376424074172974,0.00390625,0.02817540429532528,7.2129034996032715,0.4762164056301117,12.127477645874023,375.13153076171875,0.02555946074426174,0.26518553495407104,5.907683372497559,61.75,75.7510986328125,0.9155433177947998,12.156761169433594,0.00027585923089645803,5.6666669845581055,9.432265281677246,0.6007747671768949,0.33816537261009216,0.3462578058242798,4.933500167680904e-05,5.230451026471954e-06,0.6192322969436646,1.2021507024765015,1.0,48
1469,0.18546389043331146,0.2996925711631775,1.0,1.1651915311813354,0.748261034488678,0.0087890625,0.07258427888154984,8.258478164672852,0.8426069617271423,16.432043075561523,191.9408416748047,0.05035991966724396,0.3668171465396881,6.482842922210693,75.61111450195312,62.67073059082031,0.7263363599777222,12.162264823913574,0.00025165267288684845,7.333333492279053,10.681376457214355,0.6865532279278932,0.051332324743270874,0.43581968545913696,4.4069318391848356e-05,4.125808928008076e-06,1.4779659509658813,2.9376704692840576,1.0,48
1476,0.16039080917835236,0.6158987283706665,0.9999999403953552,0.8832916617393494,0.8924984931945801,0.0087890625,0.049746155738830566,5.660006999969482,0.5768943428993225,12.02036190032959,208.34556579589844,0.05035991966724396,0.36783769726753235,6.772097587585449,79.22222137451172,79.41627502441406,1.035036563873291,12.181741714477539,0.00023575960949528962,3.2708334922790527,3.8364675045013428,0.8525638441914944,0.2578245997428894,0.2953864336013794,4.875702870776877e-06,1.2708833979037647e-06,0.4109920561313629,1.9841278791427612,1.0,48
1733,0.22706866264343262,0.36007004976272583,1.0,1.2461011409759521,0.6886699199676514,0.00244140625,0.015944642946124077,6.530925750732422,0.35422730445861816,11.187383651733398,699.5161743164062,0.01712392456829548,0.1979498714208603,5.542253494262695,64.4000015258789,60.85076904296875,0.7020384073257446,12.161203384399414,0.0002571203513070941,5.5416669845581055,9.078683853149414,0.6104042246753253,0.20777162909507751,0.32931551337242126,1.3876466255169362e-05,1.5284667320000266e-06,1.8264135122299194,0.680304765701294,1.0,48
1806,0.25811001658439636,0.3200805187225342,1.0,1.0833662748336792,0.6909536123275757,0.00341796875,0.023850755766034126,6.9780497550964355,0.44399815797805786,11.556565284729004,454.7714538574219,0.02282176911830902,0.24253399670124054,6.007806777954102,75.42857360839844,76.38987731933594,0.8234913349151611,12.171568870544434,0.00022963734227232635,6.0,8.61933708190918,0.6961092176835842,0.2920217514038086,0.3923659324645996,1.3450119695335161e-05,1.560458716478388e-06,1.1404880285263062,1.017632246017456,1.0,48
1860,0.13801254332065582,0.20328648388385773,1.0,0.9348449110984802,0.8543805480003357,0.0068359375,0.03967398405075073,5.803737163543701,0.5547804832458496,16.142621994018555,438.9699401855469,0.04089350998401642,0.3285018801689148,6.751833915710449,92.57142639160156,75.40434265136719,0.926798939704895,12.16689395904541,0.00027508364291861653,3.7083334922790527,4.94597053527832,0.749768616357657,0.25488942861557007,0.3064236342906952,5.865239927516086e-06,1.1858622840193313e-06,0.9056326150894165,1.6927566528320312,1.0,48
1870,0.21930275857448578,0.3150879442691803,1.0,0.9916086196899414,0.7816610336303711,0.00830078125,0.04152622073888779,5.002688407897949,0.4677180349826813,8.212980270385742,149.740478515625,0.04803864285349846,0.3678305149078369,6.770431995391846,83.94117736816406,58.58785629272461,0.630043625831604,12.162052154541016,0.00024116896383929998,3.7916667461395264,5.669544219970703,0.668778052051482,0.24546091258525848,0.312707781791687,7.686678145546466e-06,1.355784139563223e-06,1.4612916707992554,1.706292986869812,1.0,48
1973,0.14652906358242035,0.20128566026687622,1.0,0.9388659596443176,0.8181522488594055,0.00439453125,0.02002803422510624,4.557490348815918,0.31732290983200073,7.634081840515137,332.883544921875,0.02823571488261223,0.28171420097351074,6.48390531539917,90.33333587646484,58.789756774902344,0.9316422343254089,12.163668632507324,0.0002710747648961842,3.8958334922790527,4.327690124511719,0.9002108217525164,0.2498455047607422,0.2507583498954773,5.274765044305241e-06,1.2188407395993886e-06,0.5480639934539795,0.8545295596122742,1.0,48
1979,0.27149108052253723,0.33176448941230774,0.9999999403953552,1.483777403831482,0.79258793592453,0.00244140625,0.06060405820608139,24.823421478271484,1.4406102895736694,41.95889663696289,673.8009643554688,0.01712392456829548,0.18105362355709076,6.1365509033203125,108.0,95.82725524902344,1.715194582939148,12.166013717651367,0.00038265291368588805,4.375,7.890270233154297,0.554480374584864,0.41338250041007996,0.41338250041007996,1.0789989573822822e-05,1.3675057052937268e-06,0.6363097429275513,2.585773468017578,1.0,48
2092,0.16441017389297485,0.949253261089325,1.0,0.879896342754364,0.9183067083358765,0.02490234375,0.1032554879784584,4.146416664123535,0.6664592027664185,8.103128433227539,49.940895080566406,0.11654888093471527,0.5121368765830994,7.783107280731201,105.78431701660156,60.77064895629883,0.8907879590988159,12.15909194946289,0.0002959753619506955,6.958333492279053,6.165624141693115,1.1285691960915676,0.17191290855407715,0.28327909111976624,8.620619155408349e-06,1.3981746118989556e-06,0.676715075969696,1.7488746643066406,1.0,48
2107,0.25874876976013184,0.6405645608901978,1.0,1.2542095184326172,0.7212872505187988,0.00439453125,0.04744774103164673,10.7969970703125,0.7854328751564026,18.62669563293457,359.3053894042969,0.02823571488261223,0.27387750148773193,5.5137529373168945,49.22222137451172,55.03925323486328,1.0139211416244507,12.159093856811523,0.0003519039892125875,2.9375,5.090831756591797,0.5770176927230486,0.2300240844488144,0.31598687171936035,4.777987214765744e-06,9.385474582210571e-07,1.4381015300750732,2.0244369506835938,1.0,48
2117,0.12853208184242249,0.2023368626832962,0.9999999403953552,0.8992156386375427,0.8819057941436768,0.0029296875,0.012878505513072014,4.395863056182861,0.24422195553779602,6.5034589767456055,425.0640563964844,0.020013848319649696,0.23156403005123138,6.2563652992248535,104.33333587646484,58.45515060424805,0.8332926034927368,12.16490364074707,0.0002992029767483473,2.3125,3.1944024562835693,0.7239225565369689,0.3053412437438965,0.3355575501918793,4.529231318883831e-06,1.4178649580599741e-06,0.38622787594795227,0.5494828820228577,1.0,48
2168,0.22156086564064026,0.41213324666023254,1.0,0.9579586982727051,0.7962707281112671,0.01708984375,0.0751500278711319,4.397350311279297,0.5915846228599548,7.608741760253906,75.8037338256836,0.08648617565631866,0.4617895781993866,7.243149280548096,75.34285736083984,65.97352600097656,0.7709794640541077,12.176799774169922,0.0002365153341088444,2.8958334922790527,4.740452766418457,0.6108769834570391,0.32198089361190796,0.3223164677619934,8.317222636833321e-06,1.7545207238868884e-06,0.5705691576004028,1.7806307077407837,1.0,48
2235,0.16601884365081787,0.20584608614444733,1.0,0.8607563972473145,0.810291051864624,0.00390625,0.017615707591176033,4.5096211433410645,0.2962184250354767,8.033668518066406,394.142578125,0.02555946074426174,0.2664653956890106,6.403566360473633,96.125,84.79890441894531,0.9941102266311646,12.177070617675781,0.00027473364025354385,6.3541669845581055,7.815095901489258,0.8130632120863178,0.2086561620235443,0.44323742389678955,9.7030033430201e-06,1.2415718825351024e-06,0.8178828358650208,0.7516035437583923,1.0,48
2257,0.21254543960094452,0.3253012001514435,1.0,1.0622566938400269,0.7852464914321899,0.00830078125,0.05141941085457802,6.194526672363281,0.6412909626960754,14.120211601257324,259.70843505859375,0.04803864285349846,0.35394802689552307,6.371189117431641,76.5882339477539,79.21771240234375,0.8452162742614746,12.18541145324707,0.00022772295051254332,5.5,6.472571849822998,0.849739503726484,0.13658958673477173,0.2800742983818054,7.71253507991787e-06,1.1915719511422746e-06,1.4570006132125854,2.1288199424743652,1.0,48
2334,0.16614823043346405,0.2505883276462555,1.0,1.0405616760253906,0.8094914555549622,0.0048828125,0.025133425369858742,5.14732551574707,0.4221058487892151,14.340035438537598,694.5309448242188,0.03085736557841301,0.28331029415130615,6.745291709899902,114.19999694824219,57.495506286621094,0.7116854190826416,12.163094520568848,0.000272964418400079,3.3125,4.08055305480957,0.811777214360178,0.3427894115447998,0.36394232511520386,5.202911324886372e-06,1.2750505243409155e-06,0.28299829363822937,1.0723594427108765,1.0,48
2348,0.19801495969295502,0.9304772019386292,1.0000001192092896,0.9219940900802612,0.8852139711380005,0.00537109375,0.022138802334666252,4.121842384338379,0.3064548075199127,5.488831520080566,206.3423614501953,0.03342986851930618,0.31227993965148926,6.768362045288086,102.0,54.453147888183594,0.7786347270011902,12.161539077758789,0.00028765422757714987,4.1666669845581055,4.694785118103027,0.8875096241607306,0.25554025173187256,0.2891274094581604,3.867099621857051e-06,8.237010888333433e-07,1.2095263004302979,0.9445890784263611,1.0,48
2359,0.18357257544994354,0.24846090376377106,1.0,0.8564910888671875,0.832811713218689,0.009765625,0.04744182527065277,4.8580427169799805,0.5240070223808289,11.67226791381836,218.0775604248047,0.05492175742983818,0.38200491666793823,7.165109634399414,105.8499984741211,60.38340377807617,0.7865266799926758,12.162469863891602,0.0002571966906543821,5.270833492279053,5.071101665496826,1.039386277294994,0.22648338973522186,0.2411622703075409,6.6931452238350175e-06,1.319860190572747e-06,0.5173236727714539,1.742310881614685,1.0,48
2360,0.15469101071357727,0.21103908121585846,0.9999999403953552,0.8329427242279053,0.8152319192886353,0.0078125,0.03624057397246361,4.638793468475342,0.44788193702697754,12.016709327697754,315.8735656738281,0.04568839073181152,0.35358700156211853,7.057744979858398,121.9375,56.98576354980469,0.6983093023300171,12.159661293029785,0.0002682217746041715,6.6041669845581055,6.349263668060303,1.040146908275146,0.28781819343566895,0.3096204400062561,1.2067361240042374e-05,1.9005922342996704e-06,0.5994167923927307,1.5462645292282104,1.0,48
2396,0.16395044326782227,0.3359062969684601,0.9999999403953552,1.1544926166534424,0.7719153761863708,0.00244140625,0.00906340405344963,3.7123703956604004,0.1870451420545578,5.152981758117676,483.5733337402344,0.01712392456829548,0.2085152268409729,5.66940975189209,103.0,79.67091369628906,1.105299949645996,12.17354965209961,0.00023749686079099774,4.895833492279053,8.717500686645508,0.5616097620918995,0.34878501296043396,0.4597568213939667,7.73340343585005e-06,8.87112454011717e-07,1.7424495220184326,0.3867052495479584,1.0,48
2430,0.14663730561733246,0.18128405511379242,1.0,0.9167340993881226,0.8704507946968079,0.0107421875,0.06113315373659134,5.690940856933594,0.6511911153793335,13.810667991638184,202.40725708007812,0.05938481166958809,0.39263004064559937,7.155749797821045,105.81818389892578,55.41154098510742,0.646077036857605,12.162786483764648,0.00025395434931851923,2.25,3.6037070751190186,0.6243570708871001,0.2083519697189331,0.20960736274719238,3.923889380530454e-06,1.0888480356057744e-06,0.415713906288147,2.164397954940796,1.0,48
2527,0.33553701639175415,0.7142893075942993,0.9999999403953552,1.3613451719284058,0.5854136943817139,0.0244140625,0.14795397222042084,6.060194492340088,1.0374341011047363,12.891081809997559,76.67375946044922,0.1147531270980835,0.4998181164264679,6.964848518371582,58.18000030517578,97.53671264648438,0.9921783208847046,12.216911315917969,0.0002239853929495439,8.583333969116211,6.237380504608154,1.3761119670370847,0.38028427958488464,0.44814547896385193,5.319730917108245e-06,8.52879009810169e-07,0.4891819953918457,3.234837293624878,1.0,48
2550,0.14257346093654633,0.19562475383281708,1.0,1.0151950120925903,0.8440945744514465,0.00244140625,0.009776882827281952,4.004611015319824,0.20077458024024963,5.269586086273193,459.5993957519531,0.01712392456829548,0.20907479524612427,6.127537727355957,107.19999694824219,57.555580139160156,0.627112627029419,12.162960052490234,0.00024436088278889656,3.4791667461395264,4.955130577087402,0.7021342192687925,0.3792908191680908,0.45882701873779297,3.7162706121307565e-06,7.499843943194965e-07,0.9763707518577576,0.4171470105648041,1.0,48
2555,0.16245761513710022,0.23490677773952484,1.0,1.01240873336792,0.8195315599441528,0.0078125,0.05101991817355156,6.5305495262146,0.7121313810348511,22.506940841674805,549.566650390625,0.04568839073181152,0.3379172682762146,6.870205402374268,100.25,59.445823669433594,0.86250901222229,12.156061172485352,0.00031310447957366705,6.0625,5.319206714630127,1.1397376176278537,0.3430071771144867,0.36033910512924194,1.1132181498396676e-05,2.092827384739546e-06,0.5157415866851807,2.1768500804901123,1.0,48
2617,0.162098228931427,0.8428319692611694,1.0,0.8601517081260681,0.9106671214103699,0.03759765625,0.17762482166290283,4.724359035491943,0.9515556693077087,12.28828239440918,42.881771087646484,0.16023273766040802,0.5632550120353699,7.933863639831543,105.40259552001953,66.3414306640625,0.7416406869888306,12.167633056640625,0.0002568269264884293,5.9166669845581055,4.89655876159668,1.208331659139626,0.24564418196678162,0.24564418196678162,7.839523277652916e-06,1.6010270974643256e-06,0.39981770515441895,2.4331295490264893,1.0,48
2789,0.1907634288072586,0.2570303976535797,1.0,0.9821603894233704,0.7853668928146362,0.0048828125,0.031540483236312866,6.459490776062012,0.5350398421287537,14.513455390930176,545.1817016601562,0.03085736557841301,0.27931997179985046,6.17648983001709,68.30000305175781,60.14900207519531,0.7916272878646851,12.161126136779785,0.0002859987143892795,5.2916669845581055,5.900821685791016,0.8967678159691873,0.3266189694404602,0.406059205532074,7.102089512045495e-06,1.2035763624431033e-06,0.40331920981407166,1.3457273244857788,1.0,48
2872,0.17262673377990723,0.3123103678226471,1.0,1.0325267314910889,0.7922509908676147,0.013671875,0.10540249943733215,7.709439754486084,1.100645899772644,24.814659118652344,244.69284057617188,0.07226333767175674,0.41022244095802307,6.956180572509766,97.0,58.31877517700195,0.6260963082313538,12.163928985595703,0.00025057810125872493,6.1875,6.3578948974609375,0.9731994771947268,0.26690220832824707,0.3534961938858032,6.1448690757970326e-06,9.66494282342742e-07,0.7930943965911865,3.5060901641845703,1.0,48
2877,0.14146137237548828,0.2756998538970947,1.0,0.9838680624961853,0.8947814702987671,0.0166015625,0.10690823197364807,6.439648628234863,0.9502038955688477,15.818882942199707,142.83663940429688,0.08450048416852951,0.4437074661254883,7.320230007171631,115.64705657958984,79.29791259765625,1.325951337814331,12.15372085571289,0.00037479150341823697,3.4375,7.964839458465576,0.43158434185770644,0.3812811076641083,0.38798996806144714,1.9596611309680156e-05,2.4603899911940646e-06,1.0247715711593628,3.136826753616333,1.0,48
3058,0.15522712469100952,0.1956634223461151,1.0,0.8598567843437195,0.8669265508651733,0.00830078125,0.037534523755311966,4.521806240081787,0.42983657121658325,8.206679344177246,176.17437744140625,0.04803864285349846,0.365971177816391,7.1004791259765625,103.76470947265625,54.95345687866211,0.7125477194786072,12.163366317749023,0.0002679239842109382,2.6666667461395264,3.619839668273926,0.7366808983681543,0.2527073323726654,0.26739931106567383,4.105199423065642e-06,1.134083215813346e-06,0.28682586550712585,1.5343109369277954,1.0,48
3070,0.1475519835948944,0.8728938698768616,1.0,0.834046483039856,0.9337636232376099,0.017578125,0.07110632210969925,4.045159816741943,0.5380293726921082,6.608735084533691,58.94331359863281,0.08845767378807068,0.4685777425765991,7.519342422485352,93.30555725097656,58.085636138916016,0.8316425085067749,12.16630744934082,0.00027067484916187823,5.6875,5.295056343078613,1.0741151029852998,0.21660475432872772,0.22922375798225403,7.938869202916976e-06,1.499298340479647e-06,0.5599050521850586,1.5126433372497559,1.0,48
3197,0.1425400823354721,0.19106794893741608,1.0,0.9346378445625305,0.8574039936065674,0.0087890625,0.04689580202102661,5.335700035095215,0.5383644104003906,10.305968284606934,198.79307556152344,0.05035991966724396,0.3693833351135254,6.885031700134277,87.88888549804688,57.34611892700195,0.6853353977203369,12.160377502441406,0.00026914544287137687,3.4375,4.885880470275879,0.7035579388151352,0.2535533905029297,0.3011632561683655,6.234698048501741e-06,1.2760643805494198e-06,0.7637969255447388,1.8580020666122437,1.0,48
3242,0.19631855189800262,0.3016069829463959,1.0,0.9239792823791504,0.7715597748756409,0.00390625,0.01652008481323719,4.229141712188721,0.27132555842399597,6.532956123352051,320.6029052734375,0.02555946074426174,0.26924335956573486,6.065640449523926,95.375,71.48236083984375,1.124756097793579,12.152568817138672,0.0003513311967253685,5.125,5.489225387573242,0.9336472140979556,0.4310488700866699,0.5252387523651123,8.284784598799888e-06,1.50928118245291e-06,0.7923933267593384,0.7048569321632385,1.0,48
3333,0.19751344621181488,0.5533755421638489,1.0,0.9039176106452942,0.8731499910354614,0.01025390625,0.05239802598953247,5.110054969787598,0.5794538259506226,13.595428466796875,240.9206085205078,0.057165034115314484,0.38511842489242554,7.214908123016357,97.71428680419922,61.276329040527344,0.7799388766288757,12.163429260253906,0.0002835987543221563,2.125,3.868527889251709,0.5493045559813695,0.28829845786094666,0.3244929909706116,4.005385562777519e-06,1.035377194397973e-06,0.34777286648750305,1.8897957801818848,1.0,48
3431,0.1347520649433136,0.15887579321861267,1.0,0.9266458749771118,0.8707789182662964,0.015625,0.08619820326566696,5.5166850090026855,0.745855450630188,14.097908973693848,125.33277893066406,0.08048483729362488,0.44397225975990295,7.277700424194336,84.9375,55.04391860961914,0.6822521090507507,12.162546157836914,0.0002612303360365331,4.7291669845581055,5.481758117675781,0.8627098960608888,0.2210315763950348,0.23314671218395233,7.443924005201552e-06,1.3579446286802355e-06,0.6940866112709045,2.415342092514038,1.0,48
3441,0.2444482296705246,0.41175487637519836,1.0,1.2148711681365967,0.8605055809020996,0.01318359375,0.08769901096820831,6.652132511138916,0.8563695549964905,16.98636817932129,184.428955078125,0.07016520947217941,0.41773492097854614,7.399129390716553,116.77777862548828,98.32125854492188,1.2114425897598267,12.154533386230469,0.0002889518509618938,3.7708334922790527,13.841934204101562,0.27242099506855705,0.47464054822921753,0.47464054822921753,9.129737736657262e-05,6.595709526892766e-06,0.6613928079605103,2.749016523361206,1.0,48
3470,0.2187880575656891,0.3243125081062317,1.0,1.066137671470642,0.7819750308990479,0.005859375,0.03404011204838753,5.809512615203857,0.519960343837738,14.848151206970215,480.59210205078125,0.03595767915248871,0.3061297535896301,6.497788429260254,78.33333587646484,88.5699234008789,1.136063575744629,12.181306838989258,0.00025065633235499263,6.645833492279053,10.326043128967285,0.6435992376595578,0.247184157371521,0.3294110596179962,2.402201062068343e-05,2.32635195276609e-06,0.8389372825622559,1.4523781538009644,1.0,48
3491,0.1708749234676361,0.25996696949005127,1.0,0.9486315250396729,0.8192673921585083,0.0029296875,0.014971306547522545,5.110206127166748,0.32175061106681824,11.874131202697754,946.6881713867188,0.020013848319649696,0.21642930805683136,6.007423400878906,78.33333587646484,68.08182525634766,1.131261944770813,12.163972854614258,0.00039249949622899294,3.2291667461395264,7.702540397644043,0.41923398972823095,0.23752650618553162,0.36722368001937866,5.8218602134729736e-06,7.558363741520041e-07,2.0667502880096436,0.6387757658958435,1.0,48
3519,0.26679283380508423,0.4201851189136505,1.0,1.2015621662139893,0.6767117977142334,0.00439453125,0.030901484191417694,7.03180456161499,0.5070894956588745,13.04896354675293,393.1938171386719,0.02823571488261223,0.276633083820343,6.081865310668945,72.11111450195312,64.00527954101562,0.826836347579956,12.1643705368042,0.0002473286003805697,6.583333492279053,5.933960914611816,1.109433239604576,0.31238800287246704,0.31238800287246704,7.169356649683323e-06,1.2081907415243592e-06,0.46318814158439636,1.3184632062911987,1.0,48
3582,0.20152728259563446,0.33151087164878845,1.0,0.8870545029640198,0.8266370296478271,0.017578125,0.0860399380326271,4.894716262817383,0.6797836422920227,9.925210952758789,86.85174560546875,0.08845767378807068,0.46335190534591675,7.356791973114014,81.55555725097656,69.4572525024414,1.1880489587783813,12.165781021118164,0.0002907540765590966,5.9791669845581055,4.591958045959473,1.30209529610104,0.29698002338409424,0.29698002338409424,6.784735433029709e-06,1.4775255676006092e-06,0.3150314390659332,2.079202890396118,1.0,48
3900,0.14974339306354523,0.8178597688674927,1.0000001192092896,0.8310005068778992,0.9179540872573853,0.009765625,0.04171290248632431,4.271401405334473,0.43007317185401917,6.319604396820068,118.063232421875,0.05492175742983818,0.3899002969264984,7.20689582824707,109.0,57.31771469116211,0.7765030860900879,12.161337852478027,0.00025874312268570065,3.1041667461395264,3.40832781791687,0.9107594406600132,0.24903741478919983,0.252710223197937,3.820039637503214e-06,1.1207958360736612e-06,0.3084108233451843,1.5087933540344238,1.0,48
3925,0.14370742440223694,0.18888668715953827,1.0,1.0488269329071045,0.7952015399932861,0.0107421875,0.06328070163726807,5.890858173370361,0.6684237122535706,13.516263008117676,179.4027099609375,0.05938481166958809,0.39316391944885254,6.93617057800293,85.68181610107422,57.2436637878418,0.7414056062698364,12.162839889526367,0.0002675729338079691,5.0416669845581055,5.337515830993652,0.9445718073259206,0.2969929277896881,0.3651294410228729,7.990005542524159e-06,1.4969520991691726e-06,0.8986397981643677,2.257201910018921,1.0,48
3935,0.14231251180171967,0.17015938460826874,0.9999999403953552,0.9509209394454956,0.8258771896362305,0.0107421875,0.05558108910918236,5.174094200134277,0.5862315893173218,13.436729431152344,211.19259643554688,0.05938481166958809,0.3944392502307892,6.717206954956055,70.31818389892578,55.4052619934082,0.6848579049110413,12.161602973937988,0.00026481522945687175,3.9583334922790527,4.407782077789307,0.8980329366201332,0.34769171476364136,0.41149044036865234,8.433892617176753e-06,1.9134096126350734e-06,0.482361763715744,1.9363778829574585,1.0,48
4062,0.14135582745075226,0.2498263418674469,1.0,0.9329806566238403,0.882061243057251,0.00244140625,0.00866218563169241,3.5480313301086426,0.1753632128238678,3.834892749786377,408.8094787597656,0.01712392456829548,0.2109173685312271,5.809297561645508,83.19999694824219,56.32932662963867,0.7288338541984558,12.16211223602295,0.0002970310742966831,2.6041667461395264,5.229503631591797,0.49797589305184037,0.24095098674297333,0.4216277301311493,4.373019692138769e-06,8.362207949065841e-07,1.7218148708343506,0.3695865869522095,1.0,48
4064,0.14153547585010529,0.1904110461473465,0.9999999403953552,0.9241704940795898,0.8542990684509277,0.005859375,0.02757304534316063,4.705799579620361,0.3915928602218628,10.584295272827148,355.8304748535156,0.03595767915248871,0.31579530239105225,6.111019611358643,72.0,57.263343811035156,0.7300339937210083,12.16842269897461,0.0002715976443141699,3.5625,3.698216199874878,0.9633022510927046,0.27634263038635254,0.2840101420879364,3.889627350872615e-06,1.0517576934757456e-06,0.30279240012168884,1.1764498949050903,1.0,48
4154,0.14861685037612915,0.24611033499240875,1.0,1.0785651206970215,0.8485491871833801,0.00244140625,0.016265399754047394,6.6623077392578125,0.38014036417007446,13.818219184875488,939.9646606445312,0.01712392456829548,0.1913977861404419,5.61937141418457,67.4000015258789,80.09647369384766,0.8250100612640381,12.209684371948242,0.00021846759773325175,3.8958334922790527,6.932643413543701,0.5619549794020204,0.3935372233390808,0.5144870281219482,6.484054665634176e-06,9.352932596553157e-07,0.9163050055503845,0.6939902901649475,1.0,48
4160,0.14209018647670746,0.25298240780830383,1.0,0.8976259827613831,0.9010951519012451,0.005859375,0.029752269387245178,5.077720642089844,0.42737120389938354,11.131302833557129,350.05816650390625,0.03595767915248871,0.3138315975666046,6.6856184005737305,92.66666412353516,54.02067565917969,0.6826292872428894,12.157183647155762,0.0002905001165345311,2.2916667461395264,3.43261981010437,0.6676144945378331,0.2532685399055481,0.3388327360153198,5.321665867086267e-06,1.5503219540707715e-06,0.5262908935546875,1.269430160522461,1.0,48
4185,0.16321618854999542,0.20773270726203918,0.9999999403953552,1.1195054054260254,0.8702980279922485,0.00634765625,0.02478293888270855,3.904266119003296,0.3243848383426666,7.235881805419922,235.2727813720703,0.03844451159238815,0.33111560344696045,6.890026092529297,114.92308044433594,96.87123107910156,1.666990876197815,12.173807144165039,0.0003786686575040221,3.8958334922790527,8.369477272033691,0.4654811000732423,0.4239473044872284,0.42444366216659546,1.975520899577532e-05,2.3603874328188653e-06,0.5727109313011169,1.0574053525924683,1.0,48
4198,0.1729799062013626,0.26958706974983215,1.0,1.0488853454589844,0.7989728450775146,0.0087890625,0.044797927141189575,5.09700870513916,0.5205833911895752,11.517586708068848,222.14120483398438,0.05035991966724396,0.36790794134140015,6.721137046813965,83.05555725097656,55.886478424072266,0.7304243445396423,12.162964820861816,0.0002709567197598517,5.1875,4.796110153198242,1.0816056811632457,0.25125032663345337,0.26110756397247314,8.74272154760547e-06,1.8228775507890892e-06,0.4412502646446228,1.7814768552780151,1.0,48
4256,0.1475086212158203,0.27730292081832886,1.0,0.8671610951423645,0.8997484445571899,0.0185546875,0.09059660136699677,4.8826799392700195,0.7166705131530762,14.125946044921875,128.58108520507812,0.09235962480306625,0.4680972099304199,7.5460615158081055,109.81578826904297,54.96294403076172,0.7899958491325378,12.159521102905273,0.00030967933707870543,2.7916667461395264,4.189386367797852,0.6663665020095292,0.27705252170562744,0.3704105019569397,6.65986362946569e-06,1.5896990701932925e-06,0.7706844210624695,2.102961301803589,1.0,48
4316,0.15466634929180145,0.23091427981853485,1.0,0.9481147527694702,0.8344921469688416,0.00341796875,0.024784870445728302,7.251345157623291,0.45759662985801697,11.993734359741211,442.75311279296875,0.02282176911830902,0.24381935596466064,6.180437088012695,88.42857360839844,58.44539260864258,0.7378320693969727,12.15945053100586,0.00028465475770644844,2.4166667461395264,4.455965042114258,0.5423441875947548,0.3067435920238495,0.3410786986351013,6.315141945378855e-06,1.4172332752884717e-06,0.43426576256752014,1.0574878454208374,1.0,48
4320,0.1902788132429123,0.2419423609972,0.9999999403953552,0.9474108219146729,0.8024746179580688,0.009765625,0.05779964476823807,5.9186835289001465,0.6471495032310486,12.574599266052246,204.80807495117188,0.05492175742983818,0.37917014956474304,7.053444862365723,97.6500015258789,79.38931274414062,0.8944001793861389,12.185813903808594,0.00024270359426736832,5.8125,6.205735683441162,0.9366335092458461,0.2782183885574341,0.2880285382270813,1.969116783584468e-05,3.17305937741697e-06,0.5417051315307617,2.1905620098114014,1.0,48
4322,0.17935042083263397,0.23721247911453247,1.0,0.9069400429725647,0.8265765905380249,0.00927734375,0.04627469927072525,4.9879255294799805,0.5267409086227417,11.515729904174805,227.93316650390625,0.05265381559729576,0.37457919120788574,7.081790924072266,99.84210205078125,63.59757995605469,0.9525657296180725,12.154266357421875,0.0003314235364086926,3.5416667461395264,5.022102355957031,0.7052159609782491,0.3304155468940735,0.3328038156032562,8.016620995476842e-06,1.5962679394626724e-06,0.4426425099372864,1.7723013162612915,1.0,48
4352,0.2177048921585083,0.3236909806728363,0.9999999403953552,1.0745935440063477,0.7942047715187073,0.0146484375,0.07224944978952408,4.932229042053223,0.6251491904258728,8.340137481689453,94.55560302734375,0.07640714943408966,0.4391261339187622,7.179841041564941,83.06666564941406,59.52168655395508,0.6441747546195984,12.163092613220215,0.00024191875127144158,7.125,5.586940288543701,1.2752955319492516,0.27037808299064636,0.27199774980545044,1.1902585356438067e-05,2.130430024380359e-06,0.3643820285797119,2.0545711517333984,1.0,48
4429,0.11129102855920792,0.15423332154750824,1.0,0.8885039687156677,0.8962362408638,0.0068359375,0.02929617464542389,4.285611629486084,0.36440616846084595,6.328885078430176,181.8697967529297,0.04089350998401642,0.3421270251274109,6.896546363830566,92.42857360839844,56.63093566894531,0.8167520761489868,12.157934188842773,0.00028782367007806897,2.7083334922790527,3.9010798931121826,0.6942522479784157,0.257080614566803,0.2849268317222595,3.8458365452243015e-06,9.858389576066337e-07,0.3576785922050476,1.2499701976776123,1.0,48
4433,0.3173695206642151,0.438097208738327,1.0,1.6110643148422241,0.7390973567962646,0.00244140625,0.03450910001993179,14.134927749633789,0.941559374332428,39.5228385925293,1520.5860595703125,0.01712392456829548,0.1685408353805542,5.841604232788086,90.5999984741211,89.74148559570312,1.4811067581176758,12.166959762573242,0.0003470280789770186,4.5416669845581055,8.954463005065918,0.5071959063225492,0.39274951815605164,0.39298033714294434,1.328227881458588e-05,1.4833138282260359e-06,0.6925070881843567,1.4723882675170898,1.0,48
4497,0.1827387660741806,0.2660502791404724,0.9999999403953552,0.9610065221786499,0.8120185136795044,0.00439453125,0.02550455927848816,5.803704261779785,0.4296087324619293,13.077963829040527,517.819091796875,0.02823571488261223,0.2742450535297394,6.483671188354492,96.55555725097656,64.89704895019531,0.7664854526519775,12.17020034790039,0.00025117708719335496,3.625,5.660033226013184,0.6404556031464894,0.29690954089164734,0.36344385147094727,5.935135959589388e-06,1.048604436070411e-06,1.1025677919387817,1.088194489479065,1.0,48
4549,0.15940307080745697,0.2869289815425873,0.9999999403953552,1.1109412908554077,0.7955735921859741,0.00244140625,0.011337054893374443,4.643657684326172,0.24785436689853668,8.426000595092773,745.3518676757812,0.01712392456829548,0.20151230692863464,5.792935371398926,72.80000305175781,57.79911804199219,0.6823843121528625,12.162306785583496,0.0002643396146595478,2.9583334922790527,5.9513349533081055,0.49708737796110125,0.15214288234710693,0.37495237588882446,1.0358851795899682e-05,1.740592969437166e-06,1.3182270526885986,0.48371434211730957,1.0,48
4572,0.3638596534729004,0.7386035919189453,1.0,1.6965227127075195,0.5332967042922974,0.00634765625,0.12994302809238434,20.471025466918945,1.6914408206939697,26.597780227661133,188.17489624023438,0.03844451159238815,0.33047592639923096,6.316089153289795,74.76923370361328,92.79466247558594,1.1297268867492676,12.181477546691895,0.00026731437537819147,9.916666984558105,9.384064674377441,1.0567560346282925,0.3016471266746521,0.31403082609176636,2.2624935809290037e-05,2.410995295775822e-06,0.9014735221862793,5.544236660003662,1.0,48
4630,0.14591173827648163,0.20398163795471191,1.0,0.9010369181632996,0.8291245102882385,0.0087890625,0.04320819303393364,4.916131973266602,0.4865493178367615,9.996424674987793,180.59515380859375,0.05035991966724396,0.371849924325943,6.987611770629883,91.11111450195312,56.389163970947266,0.8405287265777588,12.160747528076172,0.0003008470230270177,3.9166667461395264,5.02862024307251,0.7788750291387434,0.28446221351623535,0.2952941656112671,6.9774469011463225e-06,1.3875469910226509e-06,0.4891274571418762,1.7128387689590454,1.0,48
4674,0.1405569612979889,0.7963542342185974,1.0,0.8418485522270203,0.937201976776123,0.009765625,0.037536945194005966,3.843783140182495,0.3826957643032074,5.779697895050049,109.62141418457031,0.05492175742983818,0.39140942692756653,7.112349510192871,91.3499984741211,76.4930648803711,0.9680720567703247,12.166383743286133,0.0002694149734452367,3.0416667461395264,4.206615447998047,0.7230674580336073,0.17691057920455933,0.21411626040935516,7.751152224955149e-06,1.8426101226385852e-06,0.7062984108924866,1.3303760290145874,1.0,48
4693,0.16861282289028168,0.8869883418083191,0.9999999403953552,0.8563048839569092,0.9440291523933411,0.01904296875,0.0737917423248291,3.8750126361846924,0.536788284778595,5.504309177398682,53.9212760925293,0.09429078549146652,0.47885769605636597,7.666421890258789,105.33333587646484,52.36930847167969,0.6997247934341431,12.158110618591309,0.00029370569973252714,3.2916667461395264,4.07822322845459,0.8071325559379817,0.2543250322341919,0.32029491662979126,7.516092409787234e-06,1.8429820954665046e-06,0.5334545969963074,1.4930673837661743,1.0,48
4695,0.11762218922376633,0.14281144738197327,0.9999999403953552,0.8848884701728821,0.8732244968414307,0.0029296875,0.012059401720762253,4.116275787353516,0.23312582075595856,6.89646577835083,508.22216796875,0.020013848319649696,0.2293798327445984,6.153453350067139,95.0,54.77617263793945,0.7086173295974731,12.1605224609375,0.00028967924299649894,2.0833334922790527,3.556131362915039,0.5858426682845799,0.18801552057266235,0.22929058969020844,5.4582378652412444e-06,1.5348808277482186e-06,0.6801163554191589,0.5145345330238342,1.0,48
4829,0.17014245688915253,0.22193773090839386,1.0000001192092896,0.9568191170692444,0.837526261806488,0.01611328125,0.07701083272695541,4.779338836669922,0.6405922770500183,9.101394653320312,95.43358612060547,0.08250018209218979,0.450828492641449,7.205158710479736,76.96969604492188,56.19630813598633,0.597797691822052,12.160608291625977,0.00024946703342720866,5.2916669845581055,5.0062360763549805,1.0570150694612859,0.2299729585647583,0.2299729585647583,7.366793852270348e-06,1.471523460978861e-06,0.5040256977081299,2.03027081489563,1.0,48
4871,0.1867973655462265,0.23023146390914917,1.0,1.0744602680206299,0.7679561972618103,0.009765625,0.08055632561445236,8.248968124389648,0.9228426218032837,17.186370849609375,194.6721954345703,0.05492175742983818,0.37421488761901855,6.612232685089111,70.80000305175781,82.94548797607422,0.9358452558517456,12.19301700592041,0.00021804215793963522,5.9166669845581055,5.611667633056641,1.0543509275498244,0.27916523814201355,0.3640832304954529,9.68139647739008e-06,1.725226277320423e-06,0.4565015733242035,3.1452829837799072,1.0,48
4948,0.20279951393604279,0.4336213171482086,1.0,0.9052316546440125,0.838493287563324,0.0126953125,0.06466497480869293,5.0936102867126465,0.5916244387626648,8.526094436645508,98.93830871582031,0.06804874539375305,0.42259854078292847,7.296266555786133,112.92308044433594,60.92781448364258,0.8926644325256348,12.16214656829834,0.00028202339308336377,4.770833492279053,5.849226951599121,0.8156348733944073,0.32141345739364624,0.4260715842247009,1.0287816621712409e-05,1.7588335500149274e-06,0.9053410887718201,1.972540020942688,1.0,48
5016,0.14831414818763733,0.19230769574642181,0.9999999403953552,0.9173070192337036,0.9068267941474915,0.01416015625,0.06898967176675797,4.872097969055176,0.6295856237411499,13.184935569763184,157.19285583496094,0.07434378564357758,0.43133479356765747,7.21162223815918,78.82758331298828,74.13433837890625,0.8953914642333984,12.15238094329834,0.00026607990730553865,2.8333334922790527,4.623956203460693,0.6127509348014586,0.3439750671386719,0.391900897026062,4.1580710785638075e-06,8.992453402693005e-07,0.5863770246505737,2.00580096244812,1.0,48
5086,0.18662205338478088,0.23486702144145966,1.0,1.0491039752960205,0.7765498757362366,0.00537109375,0.03553151711821556,6.615322589874268,0.5292554497718811,13.587170600891113,349.1930847167969,0.03342986851930618,0.30289632081985474,6.250666618347168,71.2727279663086,76.91795349121094,0.9553412199020386,12.17830753326416,0.00024371265317313373,5.645833492279053,6.2820258140563965,0.898728157190773,0.33926352858543396,0.33926352858543396,1.0339630534872413e-05,1.6459070408908255e-06,0.46109163761138916,1.5160112380981445,1.0,48
5108,0.2558784782886505,0.3898894488811493,1.0,1.1100893020629883,0.7068312168121338,0.0087890625,0.05035343021154404,5.729101181030273,0.5873206853866577,14.718657493591309,262.137451171875,0.05035991966724396,0.36812812089920044,6.171423435211182,50.88888931274414,87.57047271728516,0.9023531675338745,12.194121360778809,0.00022573742899112403,9.354166984558105,10.258600234985352,0.9118365821039419,0.19912336766719818,0.38377878069877625,1.2943273759447038e-05,1.2616997885041887e-06,0.7588940858840942,2.0111923217773438,1.0,48
5141,0.20024919509887695,0.27336379885673523,0.9999999403953552,1.077527642250061,0.8078388571739197,0.00390625,0.03889067471027374,9.956012725830078,0.6789365410804749,16.97123908996582,412.7857666015625,0.02555946074426174,0.25971129536628723,6.387709617614746,95.0,59.18867492675781,0.8334983587265015,12.15509033203125,0.000330068840412423,4.5416669845581055,6.7103376388549805,0.6768164617369252,0.34464821219444275,0.41958341002464294,8.896134204405826e-06,1.3257357036160198e-06,0.9006165862083435,1.6593354940414429,1.0,48
5142,0.14375407993793488,0.21185560524463654,1.0000001192092896,0.8431930541992188,0.9013654589653015,0.017578125,0.06760881841182709,3.8461904525756836,0.5157672762870789,6.138910293579102,63.54582977294922,0.08845767378807068,0.4675866365432739,7.365994453430176,82.44444274902344,72.48554992675781,0.7178418636322021,12.1865816116333,0.00022416410502046347,4.958333492279053,4.373319625854492,1.133768831262263,0.1957533061504364,0.1957533061504364,6.5595158957876265e-06,1.4998940031754571e-06,0.40142613649368286,1.4882818460464478,1.0,48
5152,0.16688843071460724,0.45863088965415955,1.0,1.0275875329971313,0.8922866582870483,0.04541015625,0.3011278510093689,6.631288528442383,1.565475583076477,19.293495178222656,49.050209045410156,0.18477223813533783,0.5790793299674988,7.762877941131592,86.30107879638672,65.58045959472656,1.1711481809616089,12.141046524047852,0.000425477308453992,6.583333492279053,7.235434532165527,0.9098739618075096,0.3568958640098572,0.3611016273498535,1.4229030057322234e-05,1.966575742534955e-06,0.533185601234436,4.482865810394287,1.0,48
5153,0.19800998270511627,0.6996386051177979,1.0,0.9742894172668457,0.8922809362411499,0.02392578125,0.14663948118686676,6.128931999206543,1.0763190984725952,19.554222106933594,115.07080841064453,0.11294737458229065,0.4937383830547333,7.652489185333252,98.26530456542969,70.48641967773438,0.9271659851074219,12.179302215576172,0.0002346706751268357,3.6458334922790527,4.521434783935547,0.8063443704129252,0.2654225826263428,0.29411447048187256,7.492657459806651e-06,1.6571415493719623e-06,0.709982693195343,3.2972822189331055,1.0,48
5260,0.19250713288784027,0.27945563197135925,0.9999999403953552,1.1204438209533691,0.7743844985961914,0.00830078125,0.035772550851106644,4.309540271759033,0.395357608795166,5.315694808959961,125.46299743652344,0.04803864285349846,0.3701440095901489,5.983399391174316,127.5294189453125,59.79587936401367,1.0038764476776123,12.16445541381836,0.00028086674865335226,6.333333492279053,5.690325736999512,1.1130001644666119,0.24227198958396912,0.29050156474113464,7.973977517394815e-06,1.4013217998283252e-06,0.45471981167793274,1.4622246026992798,1.0,48
5504,0.19552427530288696,0.27829962968826294,1.0,0.9480419158935547,0.7801272869110107,0.0068359375,0.03424450010061264,5.009480953216553,0.44143766164779663,10.472716331481934,255.84161376953125,0.04089350998401642,0.3380310535430908,6.70829963684082,90.14286041259766,70.87940979003906,0.9410961270332336,12.164119720458984,0.00029852669104002416,6.1666669845581055,16.618274688720703,0.371077449154985,0.24439606070518494,0.38410085439682007,2.1135856513865292e-05,1.2718442134966248e-06,4.085965156555176,1.4610987901687622,1.0,48
5546,0.15069282054901123,0.22577235102653503,1.0,0.8442170023918152,0.8895754218101501,0.00732421875,0.032689545303583145,4.463212490081787,0.3903198838233948,6.451864242553711,159.47689819335938,0.0433073565363884,0.35188019275665283,6.825872898101807,94.06666564941406,57.33025360107422,0.7608749866485596,12.1627197265625,0.00028390748775564134,2.375,3.9190499782562256,0.6060142144440347,0.27886319160461426,0.35426801443099976,4.644117325369734e-06,1.1850109948294195e-06,0.6583301424980164,1.3947539329528809,1.0,48
5591,0.12937885522842407,0.18913306295871735,1.0,1.0154402256011963,0.8476563692092896,0.00341796875,0.017121735960245132,5.009330749511719,0.33243662118911743,11.421313285827637,744.30419921875,0.02282176911830902,0.23977826535701752,6.052603244781494,123.71428680419922,55.01791763305664,0.5946462154388428,12.161467552185059,0.0002505532465875149,3.2708334922790527,5.524706840515137,0.592037474707653,0.5595996379852295,0.6069996356964111,4.147019808442565e-06,7.506316480947558e-07,0.738044798374176,0.7305274605751038,1.0,48
5727,0.18757852911949158,0.2607085108757019,1.0,0.9935431480407715,0.8183529376983643,0.00927734375,0.04808410257101059,5.182960033416748,0.5471862554550171,11.96826457977295,218.9212646484375,0.05265381559729576,0.37426385283470154,6.9075517654418945,79.68421173095703,56.914146423339844,0.7478079795837402,12.158832550048828,0.0002705965598579496,3.8541667461395264,5.031742095947266,0.765970644954974,0.29733961820602417,0.3358634412288666,8.973780495580286e-06,1.783434108233355e-06,0.4124220311641693,1.8474464416503906,1.0,48
5775,0.1984964907169342,0.26566046476364136,1.0,0.9709081053733826,0.8177021741867065,0.01513671875,0.10544775426387787,6.966354846954346,0.9792821407318115,22.467012405395508,193.73109436035156,0.07845399528741837,0.4329078197479248,7.249210357666016,95.29032135009766,53.10248565673828,0.8893058896064758,12.159172058105469,0.00033432355849072337,3.6458334922790527,3.452336072921753,1.0560482539097238,0.29611843824386597,0.3234722316265106,4.279519089323003e-06,1.2396009503516224e-06,0.34020641446113586,3.2069032192230225,1.0,48
5863,0.17409352958202362,0.21531207859516144,0.9999999403953552,0.9014102816581726,0.8551336526870728,0.00390625,0.015550543554127216,3.9809391498565674,0.25204890966415405,5.269294261932373,283.11895751953125,0.02555946074426174,0.2708389163017273,6.394017219543457,90.375,56.54912567138672,0.6130191087722778,12.16021728515625,0.00026299164164811373,3.2083334922790527,4.496636390686035,0.7134963128861318,0.2694959342479706,0.27167364954948425,6.052169737813529e-06,1.3459326479877652e-06,0.5795029401779175,0.6634898781776428,1.0,48
5864,0.18969880044460297,0.23800505697727203,1.0,1.4355981349945068,0.8588367700576782,0.00341796875,0.023106681182980537,6.760354518890381,0.44861268997192383,14.080561637878418,631.9249877929688,0.02282176911830902,0.238082617521286,6.520520210266113,116.28571319580078,80.32857513427734,1.162917137145996,12.160804748535156,0.0003038241411559284,3.5208334922790527,9.061281204223633,0.3885580205536879,0.5210177302360535,0.5594694018363953,2.875539576052688e-05,3.1734359723202378e-06,0.4358181655406952,0.985884964466095,1.0,48
5906,0.11961765587329865,0.18033567070960999,1.0,0.9294909238815308,0.8783024549484253,0.00244140625,0.010150104761123657,4.157483100891113,0.20824770629405975,5.443954944610596,457.1612548828125,0.01712392456829548,0.2092084139585495,5.828802108764648,77.0,56.81499481201172,0.6937456130981445,12.1629638671875,0.0002768709964584559,2.1458334922790527,4.0744709968566895,0.5266532731900546,0.2087954878807068,0.34231457114219666,6.396665412466973e-06,1.5699376438566866e-06,0.8318151831626892,0.4330711364746094,1.0,48
5970,0.2572907507419586,0.3316521644592285,1.0,0.9873598217964172,0.7844429612159729,0.01806640625,0.10257790982723236,5.677825927734375,0.84553462266922,15.46432113647461,129.51776123046875,0.09041537344455719,0.46019455790519714,7.498473167419434,93.43243408203125,63.75227737426758,0.7903361320495605,12.163308143615723,0.00027154729468747973,10.604166984558105,15.395712852478027,0.6887740164602748,0.22610554099082947,0.47449764609336853,2.8026952350046486e-05,1.8204387546323325e-06,1.6470297574996948,2.6464297771453857,1.0,48
6015,0.2032310515642166,0.29138657450675964,1.0,1.126234531402588,0.748011589050293,0.00244140625,0.01210177130997181,4.95688533782959,0.25128355622291565,6.851192474365234,497.2532958984375,0.01712392456829548,0.20762503147125244,5.557982444763184,62.599998474121094,69.74268341064453,0.6986488103866577,12.176736831665039,0.0002100226702168584,4.625,5.453502655029297,0.848078800741753,0.329755961894989,0.32991012930870056,7.307846317416988e-06,1.3400280088389267e-06,0.47239556908607483,0.5163422226905823,1.0,48
6078,0.1547919064760208,0.46973028779029846,0.9999999403953552,0.8528923392295837,0.8676775693893433,0.00341796875,0.017495732754468918,5.118751525878906,0.3020709156990051,6.755285739898682,316.36676025390625,0.02282176911830902,0.25384521484375,6.614882469177246,133.7142791748047,65.4920883178711,0.7181260585784912,12.164815902709961,0.00025683591957204044,5.1666669845581055,5.599606990814209,0.9226838568861794,0.24384652078151703,0.246016263961792,5.9107546803716104e-06,1.0555659851686304e-06,1.0306907892227173,0.7464845776557922,1.0,48
6096,0.12062213569879532,0.16574081778526306,1.0,0.8536568284034729,0.8980042338371277,0.01123046875,0.05626798793673515,5.0102972984313965,0.5733781456947327,11.120150566101074,170.74090576171875,0.06158214434981346,0.4013720750808716,7.289431571960449,107.08695983886719,58.25410079956055,1.0542322397232056,12.163833618164062,0.000312161078909412,3.2291667461395264,4.104060173034668,0.7868224641266789,0.24417953193187714,0.2680172324180603,8.644798072054982e-06,2.1064013894802958e-06,0.3836706876754761,1.8981704711914062,1.0,48
6153,0.23787569999694824,0.2613334059715271,0.9999999403953552,1.0173696279525757,0.7677812576293945,0.0078125,0.04181108623743057,5.351819038391113,0.49328097701072693,8.557305335998535,173.55105590820312,0.04568839073181152,0.35772189497947693,6.802323341369629,82.1875,79.78662109375,0.9896252751350403,12.178276062011719,0.0002707273233681917,7.9375,6.1207733154296875,1.2968132583872114,0.3282269239425659,0.3736291825771332,1.2741390492010396e-05,2.0816635112224044e-06,0.26721417903900146,1.7839394807815552,1.0,48
6191,0.16427560150623322,0.22018203139305115,0.9999999403953552,0.9870878458023071,0.8302474617958069,0.0068359375,0.044231392443180084,6.470420837402344,0.6539210677146912,20.82784080505371,576.1491088867188,0.04089350998401642,0.321517676115036,6.738453388214111,89.78571319580078,66.1656494140625,0.9903966188430786,12.171834945678711,0.0003241862286813557,2.75,4.919672966003418,0.5589802438929611,0.28302693367004395,0.3237189054489136,6.821488568675704e-06,1.3865735795750513e-06,1.1751941442489624,1.887205958366394,1.0,48
6409,0.2311553806066513,0.35294198989868164,1.0,1.0628677606582642,0.7361698150634766,0.009765625,0.06290347874164581,6.4413161277771,0.7012510299682617,12.908848762512207,187.453369140625,0.05492175742983818,0.3791144788265228,6.704150676727295,70.80000305175781,95.85503387451172,1.2086846828460693,12.190349578857422,0.00023500548559240997,6.9166669845581055,7.050819396972656,0.9809734990117764,0.3479589819908142,0.36278101801872253,2.065035187115427e-05,2.9287875180483055e-06,0.6462807059288025,2.4212286472320557,1.0,48
6431,0.1741616576910019,0.23866912722587585,1.0,1.1387184858322144,0.7347660064697266,0.00341796875,0.023232564330101013,6.797184467315674,0.4420446455478668,13.313851356506348,557.4654541015625,0.02282176911830902,0.24036723375320435,5.200095176696777,50.14285659790039,56.968650817871094,0.77152019739151,12.162870407104492,0.0002719848125707358,4.333333492279053,10.210488319396973,0.42440021989966636,0.17858248949050903,0.4320511817932129,6.2458511820295826e-06,6.117093502812376e-07,3.2021267414093018,0.9912561774253845,1.0,48
6479,0.1430584043264389,0.19749504327774048,1.0000001192092896,0.9664190411567688,0.8263044357299805,0.00927734375,0.04644335061311722,5.006104469299316,0.510358989238739,9.511378288269043,164.30038452148438,0.05265381559729576,0.378244012594223,6.967148303985596,86.7368392944336,58.221797943115234,0.8000310659408569,12.158214569091797,0.0003109583631157875,3.625,4.811488628387451,0.753405083632267,0.33772727847099304,0.42715638875961304,6.974804819037672e-06,1.4496147332429837e-06,0.47727668285369873,1.7855720520019531,1.0,48
6624,0.15812978148460388,0.24044033885002136,1.0000001192092896,1.0051698684692383,0.8393012285232544,0.00537109375,0.03183715045452118,5.9274983406066895,0.4636618196964264,10.649092674255371,287.3639221191406,0.03342986851930618,0.30537864565849304,6.299551010131836,67.2727279663086,59.63908004760742,0.7086294889450073,12.15903377532959,0.00026877500931732357,4.020833492279053,4.626676082611084,0.8690544597881886,0.2642245888710022,0.265064537525177,5.860474175278796e-06,1.2666705120417048e-06,0.5469362139701843,1.3583852052688599,1.0,48
6642,0.1162533164024353,0.13447028398513794,1.0,0.8307275176048279,0.9084738492965698,0.00830078125,0.036015283316373825,4.33878231048584,0.4082523584365845,7.472443580627441,158.60379028320312,0.04803864285349846,0.36708202958106995,6.921332359313965,86.82353210449219,54.3680419921875,0.7667827606201172,12.160263061523438,0.0002991592336911708,1.5,3.6441659927368164,0.4116168140730912,0.23301339149475098,0.2340112179517746,5.797402991447598e-06,1.5908723661583124e-06,0.7086724042892456,1.469655156135559,1.0,48
6681,0.13178320229053497,0.20409457385540009,1.0,0.918620765209198,0.863415002822876,0.01171875,0.051660142838954926,4.408332347869873,0.49348604679107666,8.149145126342773,116.1811294555664,0.0637580007314682,0.4120674729347229,7.160722732543945,88.41666412353516,57.36806106567383,0.6587705612182617,12.164444923400879,0.000261050125118345,3.375,3.862421989440918,0.8738040536452331,0.32208317518234253,0.33620700240135193,6.1735436247545294e-06,1.5983607243455387e-06,0.31806766986846924,1.6315436363220215,1.0,48
6688,0.1708928495645523,0.29205235838890076,1.0,1.0548887252807617,0.8354395031929016,0.009765625,0.06313438713550568,6.464961051940918,0.7138327956199646,16.476106643676758,232.14678955078125,0.05492175742983818,0.37803763151168823,6.909676551818848,85.44999694824219,64.57563781738281,0.7622641921043396,12.170324325561523,0.000242067631916143,5.395833492279053,5.137895107269287,1.0502031219249286,0.2448742836713791,0.25154629349708557,6.320395186776295e-06,1.230152629144265e-06,0.3722807466983795,2.4206883907318115,1.0,48
6737,0.23789969086647034,0.36245763301849365,0.9999999403953552,1.0689066648483276,0.7939822673797607,0.005859375,0.026166753843426704,4.465792655944824,0.3684416711330414,9.714048385620117,338.325927734375,0.03595767915248871,0.316933810710907,6.614957809448242,86.83333587646484,62.029075622558594,1.2087903022766113,12.15989875793457,0.0004224322037771344,4.833333492279053,4.766003608703613,1.0141271133977345,0.30284518003463745,0.30284518003463745,6.8461645241768565e-06,1.4364581045028794e-06,0.4448185861110687,1.116448163986206,1.0,48
6781,0.15714891254901886,0.29329150915145874,0.9999999403953552,0.9217676520347595,0.8694538474082947,0.0224609375,0.116138756275177,5.170699596405029,0.8749669790267944,17.766780853271484,145.84524536132812,0.10746800154447556,0.48768091201782227,7.41490364074707,88.82608795166016,56.7802734375,0.6486034393310547,12.166236877441406,0.0002571304503362626,3.0833334922790527,3.6941306591033936,0.8346573980360613,0.2180957794189453,0.2180957794189453,4.18570198235102e-06,1.1330681985233989e-06,0.36796775460243225,2.5523734092712402,1.0,48
6785,0.144814595580101,0.1960969716310501,1.0,0.9227802157402039,0.8843863010406494,0.0185546875,0.09695180505514145,5.225192070007324,0.7450500726699829,11.39852523803711,80.6966552734375,0.09235962480306625,0.47030481696128845,7.036284446716309,65.39473724365234,58.06498336791992,0.8280984163284302,12.160457611083984,0.0002934192889370024,5.5,7.24810791015625,0.7588187235326699,0.3236006498336792,0.453695148229599,6.7387459239398595e-06,9.297248327663684e-07,1.6935268640518188,2.2554848194122314,1.0,48
6808,0.2824065685272217,0.37060970067977905,1.0,1.3317961692810059,0.7801409959793091,0.00390625,0.039523109793663025,10.117916107177734,0.8399542570114136,27.82426643371582,831.6971435546875,0.02555946074426174,0.23002570867538452,6.380173206329346,94.0,78.45398712158203,1.1998790502548218,12.154704093933105,0.000334497366566211,3.625,9.529470443725586,0.38039889179600644,0.41037580370903015,0.4253027141094208,4.5385790144791827e-05,4.7626770412041165e-06,0.7659273743629456,1.686319351196289,1.0,48
6838,0.22786937654018402,0.3124206066131592,1.0,1.292212724685669,0.7092688679695129,0.00439453125,0.029988745227456093,6.824105739593506,0.4998615086078644,12.07829475402832,402.22601318359375,0.02823571488261223,0.27395597100257874,6.303245544433594,80.55555725097656,69.73873901367188,0.8566368818283081,12.160528182983398,0.0002868356241378933,6.4791669845581055,7.75419807434082,0.8355689284804871,0.38268133997917175,0.38718101382255554,1.8218472177977674e-05,2.3494979080775464e-06,0.4104331135749817,1.2795199155807495,1.0,48
6994,0.1610901802778244,0.22203068435192108,1.0,0.8551220297813416,0.8565818071365356,0.00830078125,0.03296176344156265,3.9709229469299316,0.36935296654701233,6.376258373260498,144.52169799804688,0.04803864285349846,0.36853936314582825,7.070817947387695,104.76470947265625,53.58320236206055,0.7177994251251221,12.161689758300781,0.0002701429184526205,4.083333492279053,4.806066036224365,0.8496207611393336,0.22677144408226013,0.36352115869522095,6.7951768869534135e-06,1.4138750532343786e-06,0.941376805305481,1.3398747444152832,1.0,48
7192,0.3135685622692108,0.4958750605583191,1.0,1.5116671323776245,0.6784700155258179,0.00830078125,0.1698235124349594,20.458738327026367,2.0132977962493896,31.00470542907715,168.22544860839844,0.04803864285349846,0.35862061381340027,6.817814826965332,113.5882339477539,75.82880401611328,1.0111173391342163,12.15473461151123,0.0002959705889225006,9.604166984558105,9.63039779663086,0.9972762472953408,0.3739573359489441,0.38009604811668396,2.5421830287086777e-05,2.6397487204093452e-06,0.5158537030220032,7.119056701660156,1.0,48
7202,0.1860593557357788,0.22273749113082886,1.0,0.9449704885482788,0.792987585067749,0.005859375,0.02711966075003147,4.628422260284424,0.36978256702423096,8.486127853393555,251.1940155029297,0.03595767915248871,0.3203814625740051,6.690950393676758,90.91666412353516,59.27934265136719,0.7272271513938904,12.163529396057129,0.0002634876291267574,3.625,4.265726089477539,0.8497967088050932,0.3179333209991455,0.3221866488456726,5.274152044876246e-06,1.236401944682341e-06,0.2937631607055664,1.157105565071106,1.0,48
7275,0.2143293172121048,0.3249673843383789,0.9999999403953552,0.8953287601470947,0.7954000234603882,0.009765625,0.06746482104063034,6.908397674560547,0.7886524796485901,20.527095794677734,303.826416015625,0.05492175742983818,0.3743136525154114,7.161406517028809,115.5999984741211,67.55829620361328,0.8110830783843994,12.163045883178711,0.00024768541334196925,7.25,6.788498878479004,1.0679827925293213,0.36648082733154297,0.3789297938346863,1.1671740139718167e-05,1.7193403624955557e-06,0.3305126130580902,2.593200922012329,1.0,48
7321,0.1833736002445221,0.3128078281879425,1.0,0.9347469210624695,0.8050767779350281,0.00244140625,0.009880351833999157,4.046992301940918,0.20388637483119965,5.604971885681152,482.33404541015625,0.01712392456829548,0.20851293206214905,6.2450761795043945,124.80000305175781,53.74087905883789,0.7445963025093079,12.161198616027832,0.0002865798305720091,3.5416667461395264,5.254424571990967,0.6740351280858131,0.17070508003234863,0.2928154170513153,5.008218067814596e-06,9.531430111262383e-07,1.1559219360351562,0.42156168818473816,1.0,48
7334,0.16738608479499817,0.1863485723733902,1.0000001192092896,0.8961479067802429,0.8459361791610718,0.0068359375,0.029359526932239532,4.29487943649292,0.3648315668106079,7.063266277313232,184.04476928710938,0.04089350998401642,0.34233489632606506,6.852958679199219,95.5,60.8234977722168,0.8100882172584534,12.152101516723633,0.00030955305555835366,4.375,5.251384735107422,0.8331135904822197,0.24809393286705017,0.2778189480304718,7.198832463473082e-06,1.3708446082112048e-06,0.8314065933227539,1.2526731491088867,1.0,48
7356,0.2012690156698227,0.27874431014060974,1.0,1.0695669651031494,0.7909192442893982,0.009765625,0.04415323585271835,4.521291255950928,0.46940895915031433,8.803317070007324,162.85861206054688,0.05492175742983818,0.3865041732788086,6.731988906860352,74.0,59.138343811035156,0.6689877510070801,12.15860652923584,0.00025332829682156444,6.833333492279053,6.091518402099609,1.121778353112415,0.36213311553001404,0.40329718589782715,1.3963966921437532e-05,2.292362261222234e-06,0.42863893508911133,1.612236499786377,1.0,48
7358,0.21425147354602814,0.35985755920410156,1.0,1.1987289190292358,0.6882734298706055,0.015625,0.12191101908683777,7.802305221557617,1.164393424987793,25.258697509765625,192.23577880859375,0.08048483729362488,0.42964449524879456,6.789449691772461,77.125,58.07843017578125,0.8246302604675293,12.16278076171875,0.00030942901503294706,7.770833492279053,5.751800060272217,1.3510263565039529,0.426567405462265,0.46533721685409546,7.295051091205096e-06,1.2683074867134318e-06,0.5705336332321167,3.8605034351348877,1.0,48
7458,0.13290634751319885,0.1997288316488266,1.0,0.8327676653862,0.8813931345939636,0.0068359375,0.03149697557091713,4.607557773590088,0.40636563301086426,8.95544147491455,247.10023498535156,0.04089350998401642,0.33779099583625793,6.820271015167236,95.14286041259766,56.171573638916016,0.7775375843048096,12.164535522460938,0.00028303146245889366,3.9375,4.060054779052734,0.9698144987148491,0.24823176860809326,0.2816632390022278,6.547132215928286e-06,1.612572380447068e-06,0.3598155677318573,1.3438711166381836,1.0,48
7463,0.13661174476146698,0.17763423919677734,0.9999999403953552,0.8940292596817017,0.8709930777549744,0.00341796875,0.016890324652194977,4.94162654876709,0.31938862800598145,10.459811210632324,642.5614624023438,0.02282176911830902,0.24297618865966797,6.559166431427002,116.71428680419922,58.55047607421875,0.9006870985031128,12.152237892150879,0.0003505833155941218,2.75,4.247491359710693,0.6474409858982972,0.2672158479690552,0.2704801559448242,5.755750862590503e-06,1.35509418656748e-06,0.4134678840637207,0.720653772354126,1.0,48
7474,0.22590529918670654,0.2888586223125458,1.0,1.3075114488601685,0.8174213767051697,0.0029296875,0.01532243937253952,5.2300591468811035,0.3198172152042389,10.943217277526855,765.5803833007812,0.020013848319649696,0.21918943524360657,6.44262170791626,119.16666412353516,83.25371551513672,1.0972275733947754,12.164057731628418,0.00030048246844671667,3.125,7.862767696380615,0.39744274747733815,0.40127110481262207,0.41011524200439453,9.820076229516417e-06,1.2489337846706893e-06,0.6456864476203918,0.6537573933601379,1.0,48
7498,0.14249888062477112,0.33889713883399963,1.0,0.9481161832809448,0.9152740240097046,0.0205078125,0.12926580011844635,6.30324649810791,0.9821612238883972,14.789892196655273,89.90341186523438,0.10000890493392944,0.47796767950057983,7.482439041137695,126.35713958740234,73.43225860595703,1.084164023399353,12.155817031860352,0.00032818689942359924,4.1875,6.4989542961120605,0.6443344271649655,0.4092581272125244,0.4092581272125244,5.969757239654427e-06,9.185719668839739e-07,0.3930015563964844,3.102529287338257,1.0,48
7517,0.1841556280851364,0.962509036064148,1.0,1.0620476007461548,0.8847175240516663,0.21435546875,1.448074221611023,6.755480766296387,3.237464189529419,22.028011322021484,8.975030899047852,0.5196704864501953,0.7825495600700378,8.404667854309082,87.74715423583984,59.650516510009766,0.9942765235900879,12.16907787322998,0.0003072163672186434,10.979166984558105,8.22768783569336,1.3344170550059162,0.19540756940841675,0.2601633667945862,1.8342514522373676e-05,2.2293644176078878e-06,0.8818447589874268,7.058762073516846,1.0,48
7583,0.15151655673980713,0.2548960745334625,0.9999999403953552,1.014587163925171,0.8177157640457153,0.00244140625,0.012946286238729954,5.302798748016357,0.2752869725227356,8.51380729675293,599.895263671875,0.01712392456829548,0.20465944707393646,6.134084701538086,120.0,64.1463394165039,0.7708609700202942,12.164571762084961,0.00026841615908779204,4.645833492279053,4.8755598068237305,0.9528820621271062,0.3242695927619934,0.3558395504951477,5.794935532321688e-06,1.1885682362721787e-06,0.7134958505630493,0.5523748993873596,1.0,48
7601,0.16545729339122772,0.23515437543392181,1.0,0.9417051672935486,0.7857255339622498,0.00634765625,0.046526022255420685,7.3296380043029785,0.6218854784965515,11.488201141357422,227.12722778320312,0.03844451159238815,0.3270939290523529,6.796013832092285,114.07691955566406,68.53748321533203,0.8555319309234619,12.173486709594727,0.0002356020559091121,4.875,5.250208854675293,0.928534487989651,0.34207552671432495,0.3451470732688904,6.81369419908151e-06,1.2977948829666062e-06,0.4637981355190277,1.9851106405258179,1.0,48
7719,0.16626550257205963,0.20714439451694489,1.0,0.8808045983314514,0.8403205871582031,0.00244140625,0.01810179278254509,7.414494514465332,0.4015763998031616,12.093833923339844,664.606689453125,0.01712392456829548,0.19762901961803436,5.9858245849609375,94.5999984741211,59.19142532348633,0.7177959084510803,12.165461540222168,0.00024343586119357497,2.8541667461395264,4.59214973449707,0.6215317236899279,0.38670700788497925,0.4531486928462982,4.469707164389547e-06,9.733365445553576e-07,0.7659027576446533,0.7723431587219238,1.0,48
7741,0.20320594310760498,0.23475554585456848,1.0000001192092896,1.2402626276016235,0.8033460974693298,0.00341796875,0.020005185157060623,5.852945804595947,0.36631736159324646,10.345664024353027,476.2894287109375,0.02282176911830902,0.24617452919483185,6.485145568847656,128.57142639160156,82.11228942871094,1.3772244453430176,12.16234016418457,0.0003556608280632645,3.7291667461395264,7.937608242034912,0.4698098756868613,0.4377971291542053,0.4421449601650238,1.4915570318407845e-05,1.8791013419670893e-06,0.6281843185424805,0.8535544872283936,1.0,48
7790,0.1765068769454956,0.2442823350429535,1.0,0.916783332824707,0.8567568063735962,0.00439453125,0.016168583184480667,3.679250955581665,0.24602824449539185,4.840285301208496,244.3949432373047,0.02823571488261223,0.2868315875530243,6.402313709259033,86.0,70.89726257324219,0.880022406578064,12.178696632385254,0.0002544135204516351,4.75,4.430727005004883,1.0720588255412449,0.32123351097106934,0.3554474115371704,5.0702747103059664e-06,1.1443437370741242e-06,0.3990776240825653,0.6898596882820129,1.0,48
7832,0.29691100120544434,0.47217726707458496,1.0,1.0181071758270264,0.7470875978469849,0.01171875,0.059299662709236145,5.060237884521484,0.5736473798751831,9.018675804138184,121.14929962158203,0.0637580007314682,0.410182386636734,7.209650993347168,107.70833587646484,75.06656646728516,0.931106448173523,12.160426139831543,0.0002690125838853419,6.9375,12.583784103393555,0.5513047536007925,0.5596575736999512,0.6226536631584167,1.9494233129080385e-05,1.5491550835119373e-06,0.8337249755859375,1.9432233572006226,1.0,48
7901,0.13115619122982025,0.1743009239435196,0.9999999403953552,0.9917040467262268,0.853401780128479,0.0078125,0.05179733783006668,6.630059242248535,0.68996262550354,17.077045440673828,363.3670959472656,0.04568839073181152,0.34263312816619873,6.777832984924316,95.0,59.47340774536133,0.6193675994873047,12.164628982543945,0.00023616483667865396,4.208333492279053,4.914083003997803,0.8563822548971157,0.15833574533462524,0.22198890149593353,8.149307177518494e-06,1.658357653768797e-06,0.6622190475463867,2.210019826889038,1.0,48
7919,0.17072859406471252,0.46973028779029846,1.0,0.9044122695922852,0.8193408846855164,0.00244140625,0.010480805300176144,4.292937755584717,0.21812401711940765,6.149693965911865,510.2158203125,0.01712392456829548,0.207373708486557,6.090701103210449,100.4000015258789,76.70905303955078,0.8301299810409546,12.186897277832031,0.00024459234555251896,4.8125,5.314079284667969,0.9056131331778879,0.2421559989452362,0.2787497937679291,5.752299330197275e-06,1.0824639624721082e-06,0.6055564880371094,0.44718101620674133,1.0,48
7963,0.2780081331729889,0.9433940649032593,1.0,1.0468206405639648,0.9360901117324829,0.02880859375,0.14487218856811523,5.028783798217773,0.8754928112030029,10.204076766967773,44.08710861206055,0.1305760145187378,0.5299743413925171,7.824618339538574,110.44068145751953,138.71632385253906,1.8666787147521973,12.198159217834473,0.00023429976135957986,2.9375,14.444957733154297,0.2033581580667572,0.5943979620933533,0.5980837345123291,0.00010431661939946935,7.2216631750900554e-06,0.47165030241012573,2.315796375274658,1.0,48
8001,0.2491821050643921,0.3206847310066223,1.0,1.0392943620681763,0.7461654543876648,0.0107421875,0.05364605411887169,4.993959903717041,0.5402587056159973,8.269407272338867,126.47412109375,0.05938481166958809,0.39915144443511963,7.061491012573242,82.04545593261719,63.0926628112793,0.9590240716934204,12.161069869995117,0.0003147562383674085,5.9375,5.601542949676514,1.0599758035851765,0.3500356078147888,0.36284980177879333,1.197305664391024e-05,2.1374568989472996e-06,0.3511909544467926,1.8580526113510132,1.0,48
8066,0.1489788144826889,0.19524087011814117,1.0,0.9257776737213135,0.8191099166870117,0.005859375,0.02511601895093918,4.2864670753479,0.3448578417301178,7.565027236938477,256.5982360839844,0.03595767915248871,0.31941813230514526,6.44141960144043,74.91666412353516,59.26846694946289,0.6228008270263672,12.162271499633789,0.00024490259238518775,3.4375,4.3810224533081055,0.7846341872906872,0.2567446529865265,0.2567446529865265,7.115299922588747e-06,1.624118566426156e-06,0.5273609757423401,1.071616768836975,1.0,48
8100,0.22309516370296478,0.27724939584732056,1.0,0.985268771648407,0.8041101098060608,0.013671875,0.07845087349414825,5.738121032714844,0.7302201986312866,13.144529342651367,137.6422576904297,0.07226333767175674,0.4254373013973236,7.3140177726745605,103.71428680419922,84.38329315185547,0.714194655418396,12.208749771118164,0.00018824610742740333,7.7291669845581055,6.761832237243652,1.14305807981391,0.3693200349807739,0.4471341073513031,1.2369673640932888e-05,1.829337550628408e-06,0.44251176714897156,2.4215900897979736,1.0,48
8126,0.1395443230867386,0.1946963220834732,1.0000001192092896,0.9563446640968323,0.831961989402771,0.01904296875,0.10892345011234283,5.71987771987915,0.8911409378051758,19.090675354003906,158.06101989746094,0.09429078549146652,0.46523070335388184,7.193490982055664,98.4102554321289,61.61569595336914,0.6060823202133179,12.165583610534668,0.0002311251882929355,4.833333492279053,4.722991466522217,1.023362738701804,0.24089640378952026,0.2929682731628418,4.805777280125767e-06,1.0175282559824796e-06,0.4000057280063629,2.7464683055877686,1.0,48
8152,0.3370140492916107,0.45795708894729614,0.9999999403953552,1.5193907022476196,0.5990380048751831,0.02880859375,0.321971595287323,11.176234245300293,2.175447702407837,26.434703826904297,65.4063949584961,0.1305760145187378,0.511730432510376,6.947050094604492,67.13558959960938,75.88717651367188,0.8122813701629639,12.16567325592041,0.0002216915600001812,13.125,17.03028106689453,0.7706860468560945,0.2504822909832001,0.4875337779521942,5.066773883299902e-05,2.9751557595688415e-06,0.7699412107467651,6.578996181488037,1.0,48
8180,0.19810186326503754,0.23553352057933807,1.0,1.1267147064208984,0.7006182074546814,0.005859375,0.034333936870098114,5.859658718109131,0.4931862950325012,11.626274108886719,312.967529296875,0.03595767915248871,0.3128955662250519,6.631940841674805,87.75,76.65547943115234,1.0157231092453003,12.190086364746094,0.00023844355018809438,5.7291669845581055,6.0012359619140625,0.9546645076732115,0.28371763229370117,0.2839207351207733,5.089386831969023e-06,8.480564430039883e-07,0.5903031826019287,1.4649144411087036,1.0,48
8196,0.21043896675109863,0.6810693144798279,1.0,1.1081100702285767,0.8684307336807251,0.00390625,0.015025986358523369,3.8466525077819824,0.2417641133069992,4.83495569229126,267.743896484375,0.02555946074426174,0.27180445194244385,6.491825103759766,103.0,56.873077392578125,0.9465054869651794,12.157639503479004,0.00033623905619606376,1.5625,4.127784729003906,0.37853233605807013,0.43224093317985535,0.5837244987487793,2.4769797164481133e-06,6.000748277987588e-07,0.7043846845626831,0.6411086916923523,1.0,48
8203,0.15816771984100342,0.2083444744348526,1.0,0.9786062836647034,0.81508469581604,0.00927734375,0.06523439288139343,7.031580924987793,0.7430245876312256,16.701879501342773,227.84361267089844,0.05265381559729576,0.37417781352996826,6.805492877960205,90.2631607055664,61.76239776611328,0.7141016721725464,12.162729263305664,0.0002662457700353116,5.9791669845581055,8.78851318359375,0.6803388528695077,0.22118894755840302,0.3531063497066498,1.4404120520339347e-05,1.6389712574863067e-06,1.7416510581970215,2.546260356903076,1.0,48
8285,0.23870515823364258,0.6859283447265625,0.9999999403953552,0.8365485668182373,0.8640928864479065,0.01611328125,0.08396262675523758,5.210771560668945,0.6904172897338867,10.326709747314453,90.40135192871094,0.08250018209218979,0.4523133337497711,7.486577987670898,123.1212158203125,56.176063537597656,0.7304627895355225,12.159857749938965,0.0002666972577571869,7.645833492279053,4.656271934509277,1.6420504608402644,0.2576960325241089,0.2698386013507843,5.4907368394196965e-06,1.179213092545943e-06,0.37547558546066284,2.1550939083099365,1.0,48
8408,0.20920677483081818,0.360580712556839,0.9999999403953552,1.0211387872695923,0.7721747159957886,0.013671875,0.09969892352819443,7.292263984680176,0.9962040781974792,23.391380310058594,228.57273864746094,0.07226333767175674,0.41687992215156555,7.0436506271362305,105.92857360839844,57.947166442871094,0.6227001547813416,12.164724349975586,0.0002452461631037295,6.6666669845581055,5.73590612411499,1.1622691914198706,0.2473289966583252,0.31566235423088074,6.7207620304543525e-06,1.1717001417582155e-06,0.44876301288604736,3.227076768875122,1.0,48
8482,0.1429806500673294,0.23691962659358978,0.9999999403953552,0.8982567191123962,0.8705436587333679,0.009765625,0.05641903355717659,5.777308940887451,0.6783833503723145,17.85752296447754,351.0169372558594,0.05492175742983818,0.3716057240962982,7.219826698303223,120.3499984741211,58.33755111694336,0.7146207690238953,12.161497116088867,0.00025863718474283814,6.208333492279053,6.2265753746032715,0.99707031695636,0.2983032464981079,0.3656642436981201,1.2960761523572728e-05,2.0815232648786967e-06,0.5079789161682129,2.132775068283081,1.0,48
8551,0.14108248054981232,0.17955678701400757,0.9999999403953552,0.8097177743911743,0.871884822845459,0.01220703125,0.062139611691236496,5.090476989746094,0.5907003879547119,10.430293083190918,122.67431640625,0.06591325998306274,0.41523298621177673,7.265531063079834,100.68000030517578,60.639705657958984,0.7826353907585144,12.162306785583496,0.00025994936004281044,3.7291667461395264,4.017127513885498,0.928316744730213,0.2511128783226013,0.2511128783226013,4.6977961574157234e-06,1.1694416294934696e-06,0.2887471914291382,1.9956430196762085,1.0,48
8604,0.13649272918701172,0.2550402879714966,1.0,0.8671513199806213,0.9112323522567749,0.00830078125,0.04725690186023712,5.693066596984863,0.6125723719596863,17.651615142822266,420.5311584472656,0.04803864285349846,0.35147374868392944,6.901912689208984,95.82353210449219,59.441402435302734,0.8955875635147095,12.160199165344238,0.00029064336558803916,2.7083334922790527,3.5909135341644287,0.7542185182041903,0.2510682940483093,0.3100820481777191,3.077263272643904e-06,8.569583296274971e-07,0.42778757214546204,1.9498342275619507,1.0,48
8666,0.18339942395687103,0.3065437078475952,1.0,0.9391619563102722,0.8235760927200317,0.00927734375,0.047298356890678406,5.098265171051025,0.5211650133132935,9.610139846801758,168.9219512939453,0.05265381559729576,0.3780001997947693,7.0326690673828125,106.9473648071289,60.90928268432617,0.6416311860084534,12.170567512512207,0.0002298283507116139,4.645833492279053,7.1070990562438965,0.6536891422190878,-0.032640594989061356,0.4210050106048584,5.318765033734962e-06,7.483735605990267e-07,1.10416841506958,1.8144656419754028,1.0,48
8688,0.1448732614517212,0.20926006138324738,0.9999999403953552,0.9644460678100586,0.8474797010421753,0.00341796875,0.014739733189344406,4.312424659729004,0.2687016725540161,8.000938415527344,500.7928466796875,0.02282176911830902,0.247331440448761,6.24502420425415,88.28571319580078,65.97511291503906,0.803106427192688,12.172011375427246,0.0002730413689278066,2.5,4.263655662536621,0.5863512891304022,0.25246870517730713,0.25936636328697205,3.53482528225868e-06,8.29059744441246e-07,0.5186594128608704,0.6288952827453613,1.0,48
8790,0.10888149589300156,0.16714927554130554,1.0,0.9230011701583862,0.885442316532135,0.0048828125,0.02244851365685463,4.5974555015563965,0.3329765498638153,7.354374408721924,268.7013244628906,0.03085736557841301,0.2970542013645172,6.598862171173096,93.30000305175781,56.9320182800293,0.6688783764839172,12.16344928741455,0.0002705678343772888,1.9791667461395264,3.6081175804138184,0.5485316641003748,0.24152885377407074,0.2683471739292145,2.784528533084085e-06,7.717399622678941e-07,0.44041430950164795,0.9578032493591309,1.0,48
8843,0.12894807755947113,0.16647909581661224,1.0,0.9121514558792114,0.8844960927963257,0.0029296875,0.013879735954105854,4.737616539001465,0.26202720403671265,6.5012688636779785,400.8534240722656,0.020013848319649696,0.23199966549873352,5.871767997741699,69.0,60.22420883178711,0.7957985401153564,12.162676811218262,0.00030146236531436443,2.3958334922790527,4.592193126678467,0.5217187999222435,0.24556398391723633,0.2558801472187042,5.44848899153294e-06,1.1864677354301853e-06,0.650040328502655,0.5922020673751831,1.0,48
8936,0.15976586937904358,0.29022547602653503,1.0,0.917874276638031,0.8586586713790894,0.0068359375,0.03478650376200676,5.088768482208252,0.45228177309036255,10.357860565185547,250.50425720214844,0.04089350998401642,0.336420476436615,6.9264397621154785,98.0,61.92807388305664,0.956081211566925,12.166117668151855,0.00029099202947691083,3.4375,4.701895236968994,0.7310881717783765,0.2134251445531845,0.24716000258922577,7.825316970411222e-06,1.6642899425408712e-06,0.5970020294189453,1.4842242002487183,1.0,48
9025,0.21889398992061615,0.3230471909046173,1.0000001192092896,1.0580843687057495,0.7887692451477051,0.01513671875,0.0863095074892044,5.701995849609375,0.8144081830978394,17.692550659179688,207.73843383789062,0.07845399528741837,0.43177562952041626,7.172331809997559,84.74193572998047,58.388633728027344,0.9201717972755432,12.15776538848877,0.0003459463478066027,5.145833492279053,4.921875,1.045502675672183,0.3088618516921997,0.3290567398071289,6.305734132183716e-06,1.2811650274279752e-06,0.4676414728164673,2.559947967529297,1.0,48
9145,0.18860124051570892,0.2653195858001709,1.0,0.9709151983261108,0.7742184400558472,0.00244140625,0.014095510356128216,5.7735209465026855,0.32396766543388367,11.886453628540039,944.6904296875,0.01712392456829548,0.19481778144836426,5.921647071838379,84.19999694824219,61.70814514160156,0.6840949058532715,12.16383171081543,0.0002461651456542313,3.9583334922790527,5.36460018157959,0.7378617885620166,0.3375643193721771,0.3506045341491699,7.580888905067695e-06,1.4131321318160574e-06,0.3316551744937897,0.6014084219932556,1.0,48
9174,0.14983195066452026,0.22484439611434937,1.0,1.0278961658477783,0.8205791115760803,0.00732421875,0.03597445785999298,4.911712646484375,0.4580506980419159,12.168354034423828,313.20849609375,0.0433073565363884,0.3450213670730591,7.025861740112305,116.26667022705078,56.24276351928711,0.6863174438476562,12.16440486907959,0.00026267440989613533,3.6666667461395264,4.467660427093506,0.8207129431091956,0.24741491675376892,0.28121572732925415,5.692996182915522e-06,1.2742678775782642e-06,0.759742259979248,1.5349103212356567,1.0,48
9224,0.17023569345474243,0.21607381105422974,0.9999999403953552,0.9401499629020691,0.815750002861023,0.00732421875,0.03606582060456276,4.924186706542969,0.44781023263931274,8.956476211547852,214.08546447753906,0.0433073565363884,0.3469676673412323,6.728775501251221,84.33333587646484,56.686805725097656,0.8334030508995056,12.15765380859375,0.00034309455077163875,3.625,4.309715270996094,0.8411228500371288,0.2732345163822174,0.2823711037635803,4.927238478558138e-06,1.1432863094889457e-06,0.34096983075141907,1.5388082265853882,1.0,48
9247,0.32176125049591064,0.6095105409622192,1.0,1.5223113298416138,0.6730239987373352,0.00244140625,0.03464526683092117,14.190701484680176,0.8712728023529053,33.125728607177734,1091.78125,0.01712392456829548,0.17728449404239655,6.075333595275879,97.0,93.79295349121094,1.6460275650024414,12.172708511352539,0.00032159590045921504,4.2291669845581055,10.632867813110352,0.39774471524663224,0.34170907735824585,0.3811168670654297,1.3512241821445059e-05,1.2707993785154027e-06,0.9925866723060608,1.4781979322433472,1.0,48
9283,0.22584950923919678,0.549856960773468,0.9999999403953552,1.5765103101730347,0.6031379699707031,0.00244140625,0.021351249888539314,8.745471954345703,0.4390665292739868,11.612808227539062,464.34765625,0.01712392456829548,0.20889274775981903,5.392062187194824,54.400001525878906,73.31271362304688,1.1904985904693604,12.156770706176758,0.0003350602346472442,4.770833492279053,7.7234907150268555,0.6177043078228678,0.37314915657043457,0.3734886050224304,1.4348761396831833e-05,1.8578078109599776e-06,0.7316485643386841,0.9109866619110107,1.0,48
9286,0.24960727989673615,0.3923640847206116,0.9999999403953552,1.0071542263031006,0.7832427024841309,0.01416015625,0.08500413596630096,6.003050804138184,0.7632153630256653,13.115706443786621,113.97891998291016,0.07434378564357758,0.4319988489151001,7.349122524261475,105.96551513671875,66.83464813232422,0.7445893883705139,12.157302856445312,0.0002585827896837145,6.895833492279053,6.873042106628418,1.0033160535413415,0.34168967604637146,0.3839031457901001,1.165400226454949e-05,1.695610483217347e-06,0.5657500624656677,2.5594966411590576,1.0,48
9290,0.11186094582080841,0.13208560645580292,1.0,1.1604939699172974,0.8187090158462524,0.0048828125,0.02067633531987667,4.234513282775879,0.300635427236557,5.665896415710449,232.0899200439453,0.03085736557841301,0.29967132210731506,5.937558174133301,123.69999694824219,60.868106842041016,0.8624047040939331,12.168235778808594,0.0002836745698004961,5.875,5.43219518661499,1.081514891744122,0.3218934237957001,0.3576243817806244,5.5371142479998525e-06,1.0193143006809183e-06,0.5181084871292114,0.8821902871131897,1.0,48
9377,0.14445249736309052,0.2559029459953308,1.0,1.149294137954712,0.8073012828826904,0.00341796875,0.024272482842206955,7.10143518447876,0.5116055011749268,19.111602783203125,992.6190185546875,0.02282176911830902,0.2280849814414978,5.70772647857666,67.42857360839844,64.12323760986328,0.9016255140304565,12.169178009033203,0.0002721089986152947,4.520833492279053,6.646511077880859,0.6801814414365858,0.3184400796890259,0.36014828085899353,7.938144335639663e-06,1.1943325198259199e-06,1.0308864116668701,1.0356258153915405,1.0,48
9414,0.21130409836769104,0.25695279240608215,0.9999999403953552,1.0236579179763794,0.8248165845870972,0.0029296875,0.0193193219602108,6.5943284034729,0.4988768994808197,20.962923049926758,1523.7581787109375,0.020013848319649696,0.1892530918121338,6.175539970397949,98.0,62.58921432495117,0.8286619782447815,12.158245086669922,0.0002895831421483308,4.375,6.5526041984558105,0.667673471618243,0.2759042978286743,0.38910627365112305,2.141735421901103e-05,3.268525541550793e-06,1.0969253778457642,0.8242910504341125,1.0,48
9436,0.1626632660627365,0.2267216295003891,1.0,1.0806195735931396,0.788663387298584,0.0107421875,0.0790875181555748,7.362329006195068,0.8431503176689148,15.413036346435547,165.97801208496094,0.05938481166958809,0.3906516432762146,6.68610143661499,71.54545593261719,79.90394592285156,0.9753154516220093,12.180608749389648,0.00024368945742025971,6.0625,6.27105712890625,0.9667429056558358,0.33189746737480164,0.35382401943206787,1.137726485467283e-05,1.8142499107665868e-06,0.3990078270435333,2.931312322616577,1.0,48
9506,0.12251152843236923,0.17597785592079163,0.9999999403953552,0.8728718757629395,0.8964238166809082,0.00390625,0.01641574315726757,4.202430248260498,0.27118128538131714,6.897747039794922,343.296875,0.02555946074426174,0.26863524317741394,6.5036163330078125,107.0,71.84609985351562,0.8241515755653381,12.186271667480469,0.0002480906550772488,3.5833334922790527,4.396726608276367,0.8150002953069241,0.2998788356781006,0.3512159287929535,3.874232788803056e-06,8.811629935549319e-07,0.7244981527328491,0.7004050612449646,1.0,48
9687,0.12264921516180038,0.1589938998222351,0.9999999403953552,0.9681808948516846,0.8831236362457275,0.009765625,0.04082734137773514,4.18071985244751,0.42586418986320496,7.9508490562438965,139.16087341308594,0.05492175742983818,0.38875141739845276,6.765878677368164,119.9000015258789,55.52925109863281,0.7166051268577576,12.162433624267578,0.0002497298992238939,3.4375,4.37449836730957,0.7858043833849018,0.20899510383605957,0.2524070739746094,4.452768735063728e-06,1.0178924189708571e-06,0.4990902543067932,1.469675898551941,1.0,48
9701,0.35930243134498596,0.6480332612991333,1.0,1.9483745098114014,0.656429648399353,0.00439453125,0.06279900670051575,14.290263175964355,1.0928212404251099,36.2907600402832,651.528076171875,0.02823571488261223,0.2703731954097748,5.84744930267334,55.55555725097656,88.30358123779297,1.42589271068573,12.154980659484863,0.0003279558150097728,7.3541669845581055,10.852518081665039,0.677646139121045,0.3698042035102844,0.37997519969940186,2.1863559595658444e-05,2.0146070627101848e-06,0.445374071598053,2.679424285888672,1.0,48
9806,0.1488088220357895,0.18365444242954254,1.0000001192092896,0.9314969182014465,0.8605102896690369,0.00634765625,0.028498074039816856,4.4895429611206055,0.3885258734226227,10.442354202270508,338.30126953125,0.03844451159238815,0.3265395164489746,6.710412979125977,91.92308044433594,54.57278060913086,0.7625026106834412,12.158607482910156,0.0002864144626073539,3.4583334922790527,5.3226776123046875,0.6497356664598475,0.25211119651794434,0.25211119651794434,6.197749371494865e-06,1.164404424104738e-06,1.3238893747329712,1.215917706489563,1.0,48
9832,0.15698638558387756,0.1781819760799408,1.0,0.9884518980979919,0.7951561212539673,0.00390625,0.01914007030427456,4.899857997894287,0.3275398313999176,9.630648612976074,465.142578125,0.02555946074426174,0.2645769715309143,6.2647013664245605,87.0,58.12682342529297,0.7977793216705322,12.161012649536133,0.0003007507184520364,3.6875,5.0272603034973145,0.733500907064571,0.3907569646835327,0.4235844612121582,5.487896032718709e-06,1.091627584508538e-06,0.36842674016952515,0.8166430592536926,1.0,48
9852,0.20055849850177765,0.25907102227211,1.0,0.9211673140525818,0.8391337394714355,0.01171875,0.06773173063993454,5.779774188995361,0.6657531261444092,11.720185279846191,134.64495849609375,0.0637580007314682,0.40803372859954834,7.227463722229004,102.75,54.71808624267578,0.7312328219413757,12.160122871398926,0.0002863132394850254,2.6041667461395264,4.400865077972412,0.591739736184308,0.3212558925151825,0.4241650104522705,5.041007170802914e-06,1.1454582383313711e-06,0.7652568817138672,2.268162965774536,1.0,48
10104,0.21209660172462463,0.42409348487854004,1.0000001192092896,1.0164865255355835,0.7453970909118652,0.01220703125,0.06858012080192566,5.618083477020264,0.6985468864440918,15.074045181274414,203.0789337158203,0.06591325998306274,0.40699702501296997,7.205256462097168,99.16000366210938,71.52861022949219,0.8665840029716492,12.166152000427246,0.00025670434115454555,6.395833492279053,5.3358893394470215,1.198644325887657,0.27789080142974854,0.27789080142974854,1.0059963642561343e-05,1.885339628267197e-06,0.315030574798584,2.2855513095855713,1.0,48
10156,0.2567337453365326,0.48380160331726074,0.9999999403953552,1.1246291399002075,0.747003972530365,0.0029296875,0.021254507824778557,7.254871845245361,0.4611009359359741,16.7756404876709,915.94287109375,0.020013848319649696,0.21391302347183228,6.237924098968506,104.33333587646484,110.54714965820312,0.9483445882797241,12.242076873779297,0.00018916718545369804,6.3125,6.612933158874512,0.9545688484667321,0.3045441806316376,0.3207673728466034,9.391675121150911e-06,1.4201980998923852e-06,0.8729422688484192,0.9068590998649597,1.0,48
10186,0.23007182776927948,0.3036186099052429,1.0,1.1430758237838745,0.7771607041358948,0.05810546875,0.4371785521507263,7.523879528045654,2.040632724761963,26.47209358215332,42.6473388671875,0.22172251343727112,0.6084028482437134,7.818098545074463,83.18487548828125,57.91514205932617,0.7617147564888,12.15791130065918,0.0002553303202148527,7.1875,5.612823486328125,1.280549798991901,0.2958332300186157,0.30508896708488464,1.0187901352765039e-05,1.8151116562688819e-06,0.3925286829471588,5.260859966278076,1.0,48
10202,0.20538020133972168,0.2762829661369324,1.0,1.1426526308059692,0.7761667966842651,0.01708984375,0.08878542482852936,5.195215702056885,0.7535224556922913,15.973187446594238,160.0030517578125,0.08648617565631866,0.45367443561553955,7.155420303344727,75.57142639160156,67.720703125,0.9766469597816467,12.171365737915039,0.00030407559825107455,6.8125,5.703996658325195,1.1943380047590881,0.3287533223628998,0.33494603633880615,1.1993710359092802e-05,2.1026853724678613e-06,0.40360531210899353,2.301165819168091,1.0,48
10208,0.17544342577457428,0.24305549263954163,0.9999999403953552,0.9648669362068176,0.8691045045852661,0.0205078125,0.12687456607818604,6.1866455078125,0.98005610704422,15.158162117004395,102.70649719238281,0.10000890493392944,0.47625258564949036,7.581450939178467,99.9047622680664,60.169822692871094,0.8551973104476929,12.157299041748047,0.00033615846768952906,5.958333492279053,5.733950614929199,1.03913233336442,0.34531015157699585,0.3953701853752136,7.93195067672059e-06,1.3833308299229609e-06,0.3117789626121521,3.0871622562408447,1.0,48
10276,0.15762682259082794,0.2208927422761917,1.0,0.9401695132255554,0.8122294545173645,0.00439453125,0.019549213349819183,4.4485321044921875,0.320504754781723,8.687419891357422,420.23919677734375,0.02823571488261223,0.27746230363845825,6.71241569519043,130.55555725097656,55.05986022949219,0.7564358711242676,12.163858413696289,0.00026931127649731934,5.4166669845581055,4.986298561096191,1.0863101972987754,0.25177210569381714,0.28382158279418945,3.8800380934844725e-06,7.781399445223117e-07,0.5291579365730286,0.8340997695922852,1.0,48
10518,0.2542617917060852,0.45797696709632874,1.0,1.2536706924438477,0.8891456127166748,0.02978515625,0.2719931900501251,9.131836891174316,1.6909053325653076,19.85605239868164,54.63024139404297,0.13399454951286316,0.5278535485267639,7.480220794677734,115.01639556884766,137.3091278076172,1.218281865119934,12.190617561340332,0.00020252259855624288,3.7708334922790527,13.74085521697998,0.27442494881068774,0.4998149871826172,0.5035229325294495,9.611953282728791e-05,6.9951637827140865e-06,0.5518996715545654,4.788880825042725,1.0,48
10555,0.2096940279006958,0.2627203166484833,1.0,0.904659628868103,0.8165194392204285,0.01025390625,0.06081024184823036,5.930446624755859,0.6590343713760376,14.810384750366211,217.56771850585938,0.057165034115314484,0.3876309096813202,7.091249465942383,95.66666412353516,65.75518798828125,0.9159114360809326,12.160947799682617,0.0003016651317011565,6.333333492279053,5.473128318786621,1.157168827737525,0.2861413061618805,0.2861413061618805,1.3043347280472517e-05,2.3831612373986114e-06,0.42015233635902405,2.280419111251831,1.0,48
10599,0.14361417293548584,0.21049630641937256,0.9999999403953552,0.8932461142539978,0.8675636053085327,0.0087890625,0.039305608719587326,4.472105026245117,0.4386577606201172,9.125871658325195,176.84877014160156,0.05035991966724396,0.3732375204563141,6.970003604888916,90.38888549804688,55.447792053222656,0.6230471134185791,12.159163475036621,0.00026246305787935853,3.4583334922790527,4.945998668670654,0.6992184424134452,0.29090219736099243,0.3270910978317261,9.003388186101802e-06,1.8203377661478995e-06,0.6399919390678406,1.54362154006958,1.0,48
10644,0.14368946850299835,0.19700223207473755,0.9999999403953552,0.8539530634880066,0.8882054090499878,0.00244140625,0.01012241281569004,4.146140098571777,0.21073026955127716,6.074094772338867,519.190185546875,0.01712392456829548,0.2074279487133026,5.960812091827393,91.19999694824219,57.58209228515625,0.754179060459137,12.161924362182617,0.0002636666176840663,2.0208334922790527,4.2906951904296875,0.47098043507650655,0.14651158452033997,0.25867462158203125,3.4621450595295755e-06,8.068960617810518e-07,0.6757698655128479,0.4318895637989044,1.0,48
10715,0.18659190833568573,0.2762446403503418,1.0,0.9526301622390747,0.8532313108444214,0.01416015625,0.06155133992433548,4.346797943115234,0.5306327939033508,7.53886604309082,87.7326431274414,0.07434378564357758,0.43758898973464966,7.338028430938721,97.24137878417969,56.823402404785156,0.6819919943809509,12.165193557739258,0.0002823933318722993,4.1666669845581055,5.02442741394043,0.8292819525474165,0.4912821650505066,0.5512753129005432,7.216590802272549e-06,1.4363011331175535e-06,0.5805567502975464,1.6995272636413574,1.0,48
10733,0.14606128633022308,0.20797224342823029,1.0,0.9981823563575745,0.852527379989624,0.0029296875,0.011504879221320152,3.9269988536834717,0.2132023423910141,4.37993049621582,347.328125,0.020013848319649696,0.23442606627941132,6.128965377807617,88.33333587646484,51.97551727294922,0.6214509010314941,12.159809112548828,0.00027802493423223495,1.875,4.1463942527771,0.452200124052891,0.18439799547195435,0.30912426114082336,2.4320602278748993e-06,5.865482329328703e-07,1.4875028133392334,0.49087485671043396,1.0,48
10825,0.25216150283813477,0.3970479667186737,1.0,0.972732424736023,0.8093686103820801,0.017578125,0.10082107037305832,5.735598564147949,0.8394284844398499,15.03915786743164,121.12677001953125,0.08845767378807068,0.45659109950065613,7.198246002197266,97.08333587646484,59.58758544921875,0.8269011974334717,12.162217140197754,0.0002900155959650874,12.75,15.008855819702148,0.8494984657503385,0.21459773182868958,0.5225256085395813,3.280868986621499e-05,2.1859554278139852e-06,1.6216821670532227,2.7000539302825928,1.0,48
10857,0.20581045746803284,0.2788536250591278,0.9999999403953552,1.0249897241592407,0.7555310726165771,0.00927734375,0.0455041266977787,4.904865741729736,0.4949185848236084,8.807451248168945,150.0776824951172,0.05265381559729576,0.379476934671402,6.882782936096191,82.36842346191406,57.073974609375,0.7591813206672668,12.160249710083008,0.000268167641479522,4.625,4.61517333984375,1.0021292049965107,0.3327176868915558,0.3459271788597107,8.576527761761099e-06,1.8583327454106278e-06,0.30383196473121643,1.736886978149414,1.0,48
11014,0.12656041979789734,0.1964610368013382,0.9999999403953552,0.9149613976478577,0.9079447984695435,0.0029296875,0.016069045290350914,5.484900951385498,0.30709734559059143,7.2182440757751465,419.80340576171875,0.020013848319649696,0.2300979048013687,6.320437431335449,110.5,99.71765899658203,1.0878914594650269,12.229848861694336,0.00024014039081521332,3.2291667461395264,4.912652969360352,0.6573162728379763,0.18210339546203613,0.18967685103416443,5.933972715865821e-06,1.2078957623907825e-06,0.753797709941864,0.685612678527832,1.0,48
11085,0.29863083362579346,0.4824486970901489,1.0,1.414408802986145,0.7186299562454224,0.01025390625,0.050333380699157715,4.908702850341797,0.5174435973167419,9.853232383728027,141.95697021484375,0.057165034115314484,0.3938032388687134,6.145689010620117,87.23809814453125,92.6762466430664,1.3251367807388306,12.174747467041016,0.0002893114578910172,8.125,11.967059135437012,0.6789470914496171,0.5087000131607056,0.5591952800750732,2.5021892724907957e-05,2.090897389309611e-06,0.9426000118255615,1.7836843729019165,1.0,48
11213,0.33260035514831543,0.6034826636314392,1.0,1.1726475954055786,0.6685556769371033,0.00830078125,0.08968587219715118,10.804510116577148,1.0486294031143188,16.145383834838867,164.55203247070312,0.04803864285349846,0.36137714982032776,6.318824768066406,61.0,84.75863647460938,1.1191359758377075,12.168355941772461,0.00029815692687407136,8.8125,14.465917587280273,0.6091905294453517,0.3752273917198181,0.3808194100856781,3.6403824196895584e-05,2.5165236807196967e-06,0.6691358685493469,3.75177264213562,1.0,48
11293,0.19255483150482178,0.25117233395576477,1.0,1.1821823120117188,0.7228342890739441,0.0048828125,0.032250016927719116,6.604803562164307,0.6633936166763306,26.914722442626953,1325.542724609375,0.03085736557841301,0.2575649321079254,6.225603103637695,68.5,62.74260330200195,0.7289412021636963,12.163434028625488,0.00026710497331805527,6.4791669845581055,6.602614879608154,0.981303179556278,0.34738683700561523,0.36218827962875366,1.2701653758995235e-05,1.923730820494521e-06,0.6359862089157104,1.3760007619857788,1.0,48
11326,0.21778416633605957,0.2988812029361725,1.0,1.013859510421753,0.7424991130828857,0.00390625,0.021416757255792618,5.48268985748291,0.35019370913505554,7.511612892150879,299.9060974121094,0.02555946074426174,0.2696273922920227,6.344081878662109,108.25,60.50248718261719,0.8457459807395935,12.157697677612305,0.00029793899739161134,7.6875,8.219297409057617,0.935298920096921,0.2691752314567566,0.4280494153499603,1.0339109394408297e-05,1.2579067123712535e-06,0.6872233152389526,0.9137815833091736,1.0,48
11378,0.18378467857837677,0.2982115149497986,1.0,1.1645500659942627,0.9003541469573975,0.00732421875,0.04356721416115761,5.9483771324157715,0.5419542193412781,11.600157737731934,217.99395751953125,0.0433073565363884,0.34663838148117065,6.910067081451416,119.4000015258789,83.26023864746094,1.1639792919158936,12.160783767700195,0.00028818161808885634,4.25,9.000838279724121,0.47217824198131036,0.43554168939590454,0.43554168939590454,1.54812223627232e-05,1.7199756138711503e-06,0.43971800804138184,1.8588676452636719,1.0,48
11385,0.18449445068836212,0.3686731159687042,1.0,0.9560707211494446,0.8428844809532166,0.0205078125,0.1105869859457016,5.39243221282959,0.8300163149833679,10.885725021362305,80.1937026977539,0.10000890493392944,0.47953981161117554,7.524763107299805,110.78571319580078,76.25051879882812,0.9090619683265686,12.177470207214355,0.00023887280258350074,2.9166667461395264,3.479550838470459,0.8382308157449789,0.24106912314891815,0.24106912314891815,3.945558546547545e-06,1.133927543631654e-06,0.3258560597896576,2.627565860748291,1.0,48
11432,0.1512152999639511,0.21379220485687256,1.0,0.9666730761528015,0.8672428131103516,0.00341796875,0.01814468391239643,5.3086161613464355,0.32487186789512634,7.703135013580322,394.5006408691406,0.02282176911830902,0.24878543615341187,6.440299034118652,107.14286041259766,63.614810943603516,1.003584861755371,12.167389869689941,0.00031148732523433864,3.4166667461395264,4.247371673583984,0.8044190621096059,0.25540798902511597,0.32481247186660767,3.950056907342514e-06,9.300002923241716e-07,0.5380163192749023,0.7741732001304626,1.0,48
11473,0.24732838571071625,0.4544220268726349,0.9999999403953552,1.0350271463394165,0.7612844705581665,0.0048828125,0.019421570003032684,3.9775376319885254,0.2806316018104553,5.576288223266602,223.4882049560547,0.03085736557841301,0.3005315065383911,6.1994733810424805,64.0,72.77438354492188,0.9984312057495117,12.151700973510742,0.0003155251615680754,6.125,8.605260848999023,0.7117738904561771,0.2745247483253479,0.3664395213127136,1.141977099905489e-05,1.3270685440189263e-06,1.1476510763168335,0.8286536335945129,1.0,48
11487,0.1684340387582779,0.8839253783226013,1.0000001192092896,0.8695682287216187,0.9202279448509216,0.02001953125,0.08524549007415771,4.258116245269775,0.6135461926460266,8.365442276000977,60.89826202392578,0.09811511635780334,0.4837273955345154,7.648881912231445,107.36585235595703,73.56520080566406,0.9310355186462402,12.172750473022461,0.0002501932031009346,4.208333492279053,4.481075286865234,0.9391347418828289,0.25123968720436096,0.2540707588195801,5.341486939869355e-06,1.1920100837417366e-06,0.5291862487792969,1.7320324182510376,1.0,48
11608,0.15894019603729248,0.5708513259887695,1.0,0.8369940519332886,0.8828461170196533,0.0205078125,0.10253879427909851,4.9999871253967285,0.7533484697341919,9.796947479248047,72.51277923583984,0.10000890493392944,0.4825301766395569,7.521537780761719,105.45237731933594,60.884822845458984,0.9018968939781189,12.15951919555664,0.0003035385743714869,3.4166667461395264,4.938085079193115,0.691901148811069,0.20853254199028015,0.24433791637420654,9.490242518950254e-06,1.9218466971578576e-06,0.5415222644805908,2.359903335571289,1.0,48
11615,0.21490517258644104,0.29104867577552795,1.0,1.0534816980361938,0.9150981307029724,0.00732421875,0.0351320281624794,4.796692848205566,0.4284679591655731,7.482190132141113,184.4459686279297,0.0433073565363884,0.3491054177284241,7.00234842300415,118.46666717529297,90.38240051269531,0.9734882116317749,12.164078712463379,0.00024004248552955687,3.3958334922790527,8.717498779296875,0.3895421811183239,0.4425186514854431,0.4428904056549072,5.0660666602198035e-05,5.811376385207867e-06,0.5287865400314331,1.4989663362503052,1.0,48
11697,0.12742970883846283,0.18128879368305206,1.0,0.9512835144996643,0.8567823171615601,0.00537109375,0.022920306771993637,4.2673444747924805,0.3243038058280945,7.452422142028809,258.66796875,0.03342986851930618,0.30977120995521545,6.749645233154297,106.45454406738281,62.65116500854492,0.8026421070098877,12.170799255371094,0.000266707269474864,2.0833334922790527,4.407963752746582,0.47262945078771185,0.26808780431747437,0.3687487244606018,3.091296093771234e-06,7.012979825054328e-07,1.123888373374939,0.9779329299926758,1.0,48
11784,0.15087558329105377,0.2719440758228302,1.0,0.9694904088973999,0.8613438606262207,0.00732421875,0.036933403462171555,5.042640686035156,0.45751452445983887,9.027083396911621,204.62913513183594,0.0433073565363884,0.34704455733299255,6.945051193237305,96.86666870117188,60.51341247558594,0.8978058099746704,12.166889190673828,0.0002816136402543634,4.770833492279053,6.481346130371094,0.7360868234705785,0.35922884941101074,0.4533611238002777,6.528881385747809e-06,1.007334162432805e-06,0.4749038815498352,1.5758250951766968,1.0,48
11821,0.15917617082595825,0.1934942603111267,1.0,0.8670333027839661,0.806784987449646,0.009765625,0.04405418410897255,4.511148452758789,0.459970086812973,7.289551734924316,131.2386474609375,0.05492175742983818,0.3883337378501892,7.325535774230957,125.44999694824219,76.9925765991211,0.7322548031806946,12.171990394592285,0.00022192356118466705,6.0625,8.665425300598145,0.6996194396350438,0.20406675338745117,0.21256420016288757,1.2679537576332223e-05,1.4632331503480465e-06,1.8740198612213135,1.610406756401062,1.0,48
11826,0.20490813255310059,0.3001629412174225,1.0,0.9912668466567993,0.8426276445388794,0.00830078125,0.06416643410921097,7.730167865753174,0.8509135842323303,23.209012985229492,392.6885681152344,0.04803864285349846,0.34653544425964355,7.164829254150391,119.29412078857422,64.0718002319336,1.081026315689087,12.15167236328125,0.0003792154311668128,3.3125,5.473148345947266,0.6052275188924033,0.3626837134361267,0.3626837134361267,1.2885226169601083e-05,2.354262178111737e-06,0.3767480254173279,2.6705706119537354,1.0,48
11842,0.11499102413654327,0.1496570110321045,1.0,0.8504330515861511,0.9084876775741577,0.01171875,0.06064271926879883,5.174845218658447,0.6319380402565002,13.964658737182617,220.8131561279297,0.0637580007314682,0.40178975462913513,7.216853618621826,94.75,60.90729522705078,0.6514087915420532,12.172201156616211,0.00022638437803834677,3.125,3.9222474098205566,0.7967370911402039,0.21497975289821625,0.22160938382148743,4.461996468307916e-06,1.1376121877880036e-06,0.3423680365085602,2.024228572845459,1.0,48
11850,0.10627438873052597,0.13161331415176392,1.0000001192092896,0.8477069735527039,0.9139165878295898,0.00537109375,0.025172239169478416,4.686613082885742,0.3480089604854584,6.6384711265563965,206.96815490722656,0.03342986851930618,0.3125024735927582,6.748142242431641,100.0,56.77454376220703,0.5878722071647644,12.16502571105957,0.00023451469314750284,2.25,3.95259165763855,0.5692467598972215,0.2681843042373657,0.33685189485549927,5.688834335160209e-06,1.4392668946142282e-06,0.3871710002422333,1.0740156173706055,1.0,48
11965,0.1771087646484375,0.23850660026073456,1.0,0.8887360095977783,0.859103798866272,0.00537109375,0.022846858948469162,4.253669738769531,0.3190265893936157,6.195617198944092,224.9949493408203,0.03342986851930618,0.31127533316612244,6.568765640258789,88.45454406738281,54.255943298339844,0.6003663539886475,12.16281795501709,0.0002503333962522447,3.3541667461395264,4.176534652709961,0.8030980267174802,0.26002809405326843,0.2882053256034851,4.286559033062076e-06,1.026343459168306e-06,0.5060529112815857,0.974799394607544,1.0,48
11968,0.24908772110939026,0.4877263903617859,1.0,1.2055057287216187,0.6491849422454834,0.005859375,0.06754434108734131,11.527567863464355,0.9628927111625671,18.97478485107422,258.4520263671875,0.03595767915248871,0.31178179383277893,6.392400741577148,101.0,74.30679321289062,0.8839713335037231,12.162786483764648,0.00026371548301540315,7.9166669845581055,7.949916362762451,0.9958176430234835,0.35981136560440063,0.4390296936035156,6.001431756885722e-06,7.549050172964692e-07,0.777529239654541,2.881892204284668,1.0,48
12060,0.27601152658462524,0.39398396015167236,1.0,1.2376095056533813,0.7054439187049866,0.00537109375,0.07591482996940613,14.133960723876953,1.1266342401504517,20.09355354309082,253.56759643554688,0.03342986851930618,0.29961347579956055,6.106540679931641,64.09091186523438,62.71368408203125,0.8861396908760071,12.157523155212402,0.000317984027788043,5.895833492279053,5.680010795593262,1.0379968795962966,0.40848612785339355,0.4708007574081421,5.606289050774649e-06,9.870208425050852e-07,0.5023376941680908,3.239032506942749,1.0,48
12143,0.16579771041870117,0.2532270550727844,1.0,0.9817063808441162,0.8327909708023071,0.00341796875,0.014932243153452873,4.368747711181641,0.2771807909011841,8.62398624420166,561.4754028320312,0.02282176911830902,0.24505601823329926,6.350311279296875,104.85713958740234,77.73509216308594,0.9485889673233032,12.169044494628906,0.000263852474745363,3.1875,4.551218509674072,0.7003618890679562,0.3074406385421753,0.3801862597465515,5.140768735145684e-06,1.129536785131959e-06,0.482221394777298,0.637109100818634,1.0,48
12195,0.2866609990596771,0.41914206743240356,1.0,1.1438484191894531,0.6797824501991272,0.00341796875,0.02565985731780529,7.507340908050537,0.4887262284755707,15.023329734802246,582.9966430664062,0.02282176911830902,0.2407102882862091,6.160210609436035,99.0,108.9947509765625,1.3675600290298462,12.206313133239746,0.00024429289624094963,7.583333492279053,7.889197826385498,0.9612299817484892,0.3559294641017914,0.36579179763793945,1.5307037756429054e-05,1.9402527448141803e-06,0.42613348364830017,1.0948206186294556,1.0,48
12223,0.26623034477233887,0.42521047592163086,1.0,1.1707797050476074,0.7158985137939453,0.0029296875,0.012127412483096123,4.139490127563477,0.23037748038768768,5.678121089935303,418.3961181640625,0.020013848319649696,0.23119303584098816,5.660858631134033,65.83333587646484,67.7613754272461,1.0055896043777466,12.153804779052734,0.0003362151619512588,5.3125,8.191720008850098,0.6485206998988394,0.2858375906944275,0.3328647017478943,1.0658228347892873e-05,1.3010977332436963e-06,0.6281852722167969,0.5174362063407898,1.0,48
12227,0.19285525381565094,0.2460113763809204,1.0,0.9497248530387878,0.7891079783439636,0.00537109375,0.023377735167741776,4.352509021759033,0.3320567309856415,7.666757583618164,265.4405212402344,0.03342986851930618,0.3092785179615021,6.494497299194336,83.18181610107422,59.62923049926758,0.9542883634567261,12.151294708251953,0.0003539388417266309,3.7291667461395264,4.7587127685546875,0.7836503104253638,0.29353436827659607,0.29353436827659607,6.0775760175602045e-06,1.277147056436989e-06,0.597294270992279,0.997450053691864,1.0,48
12268,0.1630137711763382,0.20786307752132416,1.0,0.9767076373100281,0.8370124101638794,0.01025390625,0.05187022686004639,5.058582305908203,0.5661477446556091,14.100542068481445,252.3932342529297,0.057165034115314484,0.3873318135738373,6.953619956970215,84.95237731933594,58.62995529174805,0.8745188117027283,12.15872573852539,0.00030103023163974285,5.4791669845581055,5.070245742797852,1.080651165978415,0.3229888081550598,0.3241322636604309,7.5455573096405715e-06,1.4882034673520114e-06,0.3879503309726715,1.8733524084091187,1.0,48
12300,0.23372983932495117,0.359789103269577,1.0,1.1241635084152222,0.7378137111663818,0.00732421875,0.08056130260229111,10.999302864074707,1.143846869468689,26.585615158081055,345.896728515625,0.0433073565363884,0.3256995677947998,6.616420745849609,88.0,68.60563659667969,0.88746577501297,12.163186073303223,0.0002822544192895293,9.479166984558105,7.760944366455078,1.221393496043564,0.3788149356842041,0.4122704863548279,1.758290090947412e-05,2.265562031705394e-06,0.5590269565582275,3.4372825622558594,1.0,48
12321,0.2071213275194168,0.2889916002750397,1.0,1.2124825716018677,0.798337459564209,0.02099609375,0.21107326447963715,10.052977561950684,1.7088338136672974,22.413986206054688,96.56954956054688,0.10189082473516464,0.4674447774887085,7.203911304473877,102.02325439453125,67.39862060546875,0.7502332925796509,12.162284851074219,0.0002545032766647637,9.020833969116211,14.766365051269531,0.6109041684724981,0.2738346457481384,0.4026176333427429,0.00010342647146899253,7.004193045468462e-06,1.158030390739441,5.84850549697876,1.0,48
12333,0.17271046340465546,0.2917204797267914,1.0,1.041417121887207,0.7910921573638916,0.00439453125,0.017063407227396965,3.882873058319092,0.2581653594970703,4.400880813598633,231.03353881835938,0.02823571488261223,0.28751686215400696,5.796292304992676,93.44444274902344,62.24644088745117,0.7786310315132141,12.165594100952148,0.0002732337452471256,7.4375,7.008075714111328,1.0612756329688668,0.3975054621696472,0.5029093623161316,7.895250746514648e-06,1.126593241472975e-06,0.7521696090698242,0.7280386090278625,1.0,48
12337,0.15351790189743042,0.92721027135849,1.0000001192092896,0.8572993278503418,0.9371174573898315,0.0234375,0.09457281976938248,4.035107135772705,0.6228233575820923,6.580124378204346,45.7247314453125,0.11113139986991882,0.5052958130836487,7.695131778717041,97.66666412353516,72.43498229980469,0.7077398300170898,12.193346977233887,0.00021220445341896266,3.4375,4.202352046966553,0.8179942930534341,0.3441343307495117,0.42320746183395386,8.057451850618236e-06,1.917367165195214e-06,0.4259529411792755,1.672218680381775,1.0,48
12370,0.20777197182178497,0.7416287064552307,0.9999999403953552,1.1367028951644897,0.7702531218528748,0.00439453125,0.021773776039481163,4.9547438621521,0.33871516585350037,6.882317066192627,279.6946105957031,0.02823571488261223,0.2837660014629364,5.630290508270264,54.0,55.43714904785156,0.8218627572059631,12.163928985595703,0.0002934001386165619,3.2708334922790527,4.307280540466309,0.7593732179634667,0.2764814496040344,0.2992144525051117,4.224936674290802e-06,9.808826299539296e-07,0.374481201171875,0.9290145039558411,1.0,48
12384,0.2019970417022705,0.24069072306156158,1.0,0.9842501878738403,0.7839962244033813,0.00732421875,0.037383440881967545,5.104085922241211,0.4591958224773407,9.206863403320312,208.67750549316406,0.0433073565363884,0.348595529794693,6.573809623718262,72.06666564941406,66.7828598022461,0.8186095356941223,12.179316520690918,0.00025441465550102293,3.6458334922790527,5.567958354949951,0.6547882102045539,0.13123013079166412,0.31970104575157166,5.569830591412028e-06,1.0003362500829501e-06,1.2721068859100342,1.595026969909668,1.0,48
12497,0.1299988031387329,0.2216033786535263,1.0,0.8680827021598816,0.898897647857666,0.0029296875,0.01463798526674509,4.996432304382324,0.27862223982810974,6.785683631896973,416.76092529296875,0.020013848319649696,0.23079992830753326,6.341717720031738,124.5,54.550899505615234,0.6623543500900269,12.160160064697266,0.00028067786479368806,2.2083334922790527,3.37593412399292,0.6541399815958863,0.18824917078018188,0.29002776741981506,3.3402764074708102e-06,9.89437671143206e-07,0.44763922691345215,0.6245540976524353,1.0,48
12498,0.19619220495224,0.26985466480255127,0.9999999403953552,0.975986897945404,0.8163692951202393,0.0126953125,0.08122629672288895,6.398132801055908,0.8287145495414734,18.758270263671875,220.35745239257812,0.06804874539375305,0.40942201018333435,7.005040168762207,78.07691955566406,62.6184196472168,0.7115849256515503,12.162020683288574,0.0002536432002671063,5.708333492279053,6.500324249267578,0.8781613446653256,0.24012885987758636,0.2511344254016876,1.1189269571332261e-05,1.7213402170483427e-06,0.6724994778633118,2.677809476852417,1.0,48
12530,0.22963164746761322,0.6678550243377686,0.9999999403953552,0.9853619933128357,0.8458045721054077,0.00244140625,0.010104435496032238,4.138776779174805,0.2077244222164154,5.046578407287598,457.54107666015625,0.01712392456829548,0.20887169241905212,6.04327917098999,95.5999984741211,55.46535110473633,0.5961965322494507,12.161088943481445,0.00023934742785058916,3.625,7.172157287597656,0.5054267286098436,0.1307855248451233,0.3507262170314789,6.697834578517359e-06,9.338661020110122e-07,1.2951511144638062,0.43112263083457947,1.0,48
12576,0.17154300212860107,0.29420650005340576,1.0000001192092896,1.0522477626800537,0.8155666589736938,0.00244140625,0.01277172565460205,5.231298923492432,0.26774361729621887,7.250445365905762,516.5,0.01712392456829548,0.20616039633750916,5.769193172454834,79.4000015258789,65.1808853149414,0.715934693813324,12.163281440734863,0.0002348204143345356,4.375,5.85385799407959,0.7473703661672414,0.37882861495018005,0.47871875762939453,8.73809949553106e-06,1.4927077987613338e-06,0.9566693902015686,0.5449269413948059,1.0,48
12705,0.24708497524261475,0.3017318546772003,1.0,1.080388069152832,0.7281318306922913,0.0068359375,0.03801904618740082,5.561643123626709,0.497035413980484,9.475234031677246,236.35690307617188,0.04089350998401642,0.3351876437664032,6.982974529266357,110.71428680419922,57.36423873901367,0.7019580602645874,12.161453247070312,0.00027022557333111763,5.75,5.392282009124756,1.0663388857642329,0.27655401825904846,0.27655401825904846,8.018421794986352e-06,1.4870182543397196e-06,0.38879284262657166,1.6221460103988647,1.0,48
12718,0.14404970407485962,0.2130633145570755,1.0,0.9043314456939697,0.8915729522705078,0.0029296875,0.012024283409118652,4.104288578033447,0.22635622322559357,5.569947242736816,394.48321533203125,0.020013848319649696,0.23240922391414642,6.042762279510498,80.66666412353516,55.722286224365234,0.7336322069168091,12.158616065979004,0.0002886164002120495,2.375,4.276747703552246,0.5553285251019253,0.26694586873054504,0.35233694314956665,3.198371359758312e-06,7.478513052390832e-07,0.6809028387069702,0.5130360722541809,1.0,48
12723,0.18726061284542084,0.2777731120586395,0.9999999403953552,0.9080148935317993,0.7918281555175781,0.00732421875,0.0443769171833992,6.058928489685059,0.6302802562713623,19.841663360595703,547.6608276367188,0.0433073565363884,0.3316800594329834,7.121280670166016,122.13333129882812,60.31060791015625,0.713417112827301,12.16204833984375,0.0002686233492568135,6.7916669845581055,6.415868759155273,1.0585732390926554,0.4215165078639984,0.4725911617279053,1.274040732823778e-05,1.9857649504129754e-06,0.3990325629711151,1.8934153318405151,1.0,48
12765,0.3059346675872803,0.38934963941574097,1.0,1.1402785778045654,0.6535205841064453,0.0048828125,0.02818203903734684,5.771681785583496,0.4212455749511719,10.312833786010742,299.3153076171875,0.03085736557841301,0.2963431179523468,5.722201347351074,48.400001525878906,68.49251556396484,0.7341709136962891,12.163675308227539,0.00024353382468689233,6.9375,9.25285530090332,0.7497685597466366,0.371145099401474,0.3869767189025879,2.5654666387708858e-05,2.7726215882224024e-06,0.668302059173584,1.202433705329895,1.0,48
12820,0.20883746445178986,0.26702138781547546,1.0,1.126190423965454,0.833767294883728,0.00244140625,0.010958587750792503,4.488637447357178,0.2396259754896164,8.146801948547363,745.6661376953125,0.01712392456829548,0.20147950947284698,6.3871564865112305,137.1999969482422,76.9863510131836,1.177400827407837,12.15377426147461,0.0003597579780034721,3.375,9.038494110107422,0.3734029092846152,0.3577762246131897,0.395820677280426,1.805270221666433e-05,1.997313045378158e-06,0.8843643665313721,0.46756646037101746,1.0,48
12823,0.1520528942346573,0.3145376741886139,1.0,1.135678768157959,0.7983956336975098,0.00244140625,0.017515670508146286,7.1744184494018555,0.4346683919429779,16.007572174072266,1027.4276123046875,0.01712392456829548,0.18048253655433655,5.808307647705078,83.80000305175781,59.0908317565918,0.7358155250549316,12.164581298828125,0.0002546489704400301,3.4791667461395264,4.989485740661621,0.6972996657377323,0.3751714825630188,0.4615762233734131,6.255332664295565e-06,1.2537028817982071e-06,0.5561320781707764,0.7473352551460266,1.0,48
12829,0.16963078081607819,0.261687695980072,1.0,0.9670352935791016,0.8637959361076355,0.009765625,0.044511400163173676,4.557967185974121,0.46594852209091187,8.632057189941406,139.83059692382812,0.05492175742983818,0.3881692588329315,7.083371162414551,94.6500015258789,63.84352493286133,0.8044980764389038,12.160879135131836,0.0002724778023548424,4.8125,6.667903423309326,0.7217411062012821,0.46845942735671997,0.5343779921531677,1.0450988156662788e-05,1.5673574551867635e-06,0.382013738155365,1.6261558532714844,1.0,48
12881,0.21460366249084473,0.3003233075141907,1.0,1.100506067276001,0.8527653217315674,0.0029296875,0.016589827835559845,5.662661075592041,0.3542250990867615,12.83026123046875,894.7261352539062,0.020013848319649696,0.2168060690164566,6.244204521179199,103.5,80.07473754882812,1.1722501516342163,12.155284881591797,0.0003316552028991282,2.7916667461395264,8.42530632019043,0.33134305587633495,0.39565858244895935,0.39681515097618103,1.8551218090578914e-05,2.2018449375667524e-06,0.5911666750907898,0.7078326344490051,1.0,48
12929,0.1837676614522934,0.32423293590545654,1.0000001192092896,0.9907193779945374,0.8007587790489197,0.0048828125,0.028969060629606247,5.932863712310791,0.452867716550827,12.017202377319336,376.5730285644531,0.03085736557841301,0.2900754511356354,6.75178337097168,111.9000015258789,58.65177917480469,0.8294297456741333,12.156518936157227,0.0003229654976166785,3.0,4.430769920349121,0.6770832264277861,0.32490894198417664,0.3336033821105957,4.330069714342244e-06,9.77272524281363e-07,0.4216848909854889,1.2360132932662964,1.0,48
12988,0.20654569566249847,0.2853017747402191,1.0000001192092896,1.0437530279159546,0.8188544511795044,0.00390625,0.01780361495912075,4.557725429534912,0.29404816031455994,6.436150550842285,316.1398620605469,0.02555946074426174,0.2681995928287506,6.259380340576172,85.5,76.80985260009766,0.7545035481452942,12.180121421813965,0.0002210317470598966,3.8958334922790527,5.462775707244873,0.7131600662243368,0.32067978382110596,0.336029052734375,6.087861947889905e-06,1.1144264862772532e-06,0.5127121210098267,0.7596209049224854,1.0,48
13020,0.2394852191209793,0.3725772202014923,1.0,1.1409580707550049,0.7079399824142456,0.0341796875,0.26599231362342834,7.782175064086914,1.5038127899169922,13.289481163024902,37.12790298461914,0.1489836424589157,0.5487174391746521,6.515583038330078,84.35713958740234,66.57426452636719,1.0637420415878296,12.154939651489258,0.0003264910774305463,12.166666984558105,10.350565910339355,1.175459108052249,0.6736847758293152,0.6872624754905701,1.755137782311067e-05,1.695692579342099e-06,0.4684733748435974,3.86875319480896,1.0,48
13062,0.14409850537776947,0.1989184319972992,1.0,0.8591108322143555,0.8827896118164062,0.00390625,0.015975825488567352,4.089811325073242,0.260968953371048,6.0371294021606445,307.1650085449219,0.02555946074426174,0.2699483633041382,6.498502731323242,101.875,54.97584915161133,0.8114054203033447,12.164466857910156,0.00029447535052895546,3.625,4.06345272064209,0.892098478878378,0.22926092147827148,0.22926092147827148,5.5788659665267915e-06,1.3729373358910078e-06,0.3353205919265747,0.6816351413726807,1.0,48
13196,0.16314314305782318,0.2134798914194107,1.0,0.9155783653259277,0.8646345138549805,0.0087890625,0.0402529239654541,4.579888343811035,0.46235960721969604,11.147927284240723,236.26856994628906,0.05035991966724396,0.37008747458457947,6.902435302734375,79.72222137451172,61.91350555419922,0.6499430537223816,12.160937309265137,0.00023994507500901818,3.9375,6.138420104980469,0.6414516970565036,0.3614870011806488,0.4215714633464813,6.764233603462344e-06,1.101950253772076e-06,0.8010405898094177,1.5849332809448242,1.0,48
13284,0.18525317311286926,0.2505883276462555,1.0,1.0259943008422852,0.7810027599334717,0.00439453125,0.02249910682439804,5.1197967529296875,0.3572351336479187,8.14306640625,316.71942138671875,0.02823571488261223,0.2809408903121948,6.463333606719971,99.22222137451172,58.853302001953125,1.0139532089233398,12.157998085021973,0.00032022525556385517,2.8125,4.025381088256836,0.6986916098994786,0.3304295241832733,0.3451964259147644,5.543593488255283e-06,1.3771599142888355e-06,0.3729688227176666,0.9599618911743164,1.0,48
13290,0.1394307166337967,0.1658812165260315,0.9999999403953552,1.0312798023223877,0.8306362628936768,0.005859375,0.0393131859600544,6.7094502449035645,0.5754811763763428,14.273087501525879,347.0427551269531,0.03595767915248871,0.3102686405181885,6.496448993682861,104.91666412353516,56.9459114074707,1.1146020889282227,12.16226577758789,0.00035921361995860934,4.083333492279053,4.938733100891113,0.8267977638383222,0.27176782488822937,0.359421968460083,8.539615009794943e-06,1.7291104455438188e-06,0.4418275058269501,1.6773624420166016,1.0,48
13353,0.13716374337673187,0.17471438646316528,1.0,0.7964878082275391,0.8781461715698242,0.0107421875,0.04988575726747513,4.6439104080200195,0.49303576350212097,7.754695892333984,114.49282836914062,0.05938481166958809,0.40174663066864014,7.217309951782227,107.81818389892578,78.5621566772461,0.8372461795806885,12.187379837036133,0.00022983367671258748,4.375,4.291971206665039,1.019345139830522,0.39580199122428894,0.4296035170555115,7.318470125028398e-06,1.705153589244016e-06,0.3676944375038147,1.6878442764282227,1.0,48
13355,0.21678610146045685,0.3425794839859009,1.0,1.137652039527893,0.7201283574104309,0.015625,0.10634541511535645,6.8061065673828125,0.9269952178001404,12.610057830810547,105.13104248046875,0.08048483729362488,0.4416068196296692,6.6359758377075195,57.03125,87.90166473388672,0.9764769077301025,12.198589324951172,0.00023140115081332624,5.1041669845581055,6.415093898773193,0.7956496127948677,0.5199214816093445,0.6456493139266968,5.514573331311112e-06,8.59624724085404e-07,0.33080345392227173,3.1205310821533203,1.0,48
13358,0.2105180025100708,0.28917762637138367,1.0,1.0417200326919556,0.7643056511878967,0.0068359375,0.03627735376358032,5.306858539581299,0.48617246747016907,10.768182754516602,284.1846008300781,0.04089350998401642,0.332168310880661,6.5912766456604,77.21428680419922,93.79620361328125,1.02669095993042,12.205747604370117,0.0002339758793823421,5.895833492279053,5.448398590087891,1.0821222757424438,0.3084469437599182,0.3108339309692383,9.457300620852038e-06,1.735794554513592e-06,0.34331491589546204,1.547833800315857,1.0,48
13383,0.21074278652668,0.3054939806461334,1.0,1.1011743545532227,0.7775411605834961,0.00537109375,0.031892888247966766,5.937875747680664,0.4633789658546448,9.96517562866211,285.1106872558594,0.03342986851930618,0.30580058693885803,6.612198352813721,99.0,61.76197814941406,0.7233892679214478,12.161259651184082,0.00025165569968521595,4.1041669845581055,5.4653120040893555,0.7509483399992036,0.24648258090019226,0.24682502448558807,6.92057574269711e-06,1.26627276262657e-06,0.5600075125694275,1.3607631921768188,1.0,48
13403,0.13981656730175018,0.24427387118339539,1.0,0.8696835041046143,0.8762962818145752,0.01123046875,0.0513254776597023,4.570199012756348,0.5049353837966919,8.613218307495117,127.22879028320312,0.06158214434981346,0.40542182326316833,7.266219139099121,96.73912811279297,64.42684936523438,0.693123996257782,12.172414779663086,0.00024329926236532629,4.4375,4.99448299407959,0.8884803484915985,0.4046626091003418,0.4627050757408142,8.09454832051415e-06,1.6206979408884498e-06,0.32297173142433167,1.702981948852539,1.0,48
13500,0.1916825771331787,0.3017701506614685,1.0000001192092896,1.1198852062225342,0.7558740973472595,0.01025390625,0.06579045951366425,6.416136264801025,0.9246127009391785,33.321533203125,849.460693359375,0.057165034115314484,0.35851848125457764,6.987786293029785,101.14286041259766,62.053192138671875,0.7425912618637085,12.165533065795898,0.00027452013455331326,4.4375,4.330185413360596,1.0247829056142632,0.33583125472068787,0.4451093375682831,5.3152880354900844e-06,1.227496634858875e-06,0.39699500799179077,2.485826253890991,1.0,48
13528,0.16145657002925873,0.2920517325401306,1.0,1.121279001235962,0.8209245800971985,0.00634765625,0.045774608850479126,7.21126127243042,0.6739386916160583,18.032392501831055,395.6192321777344,0.03844451159238815,0.3142525255680084,6.281749725341797,63.53845977783203,65.1387939453125,0.8129187226295471,12.171934127807617,0.000277931394521147,3.5833334922790527,6.027108192443848,0.5945361144878895,0.16932223737239838,0.25904297828674316,5.531993792828871e-06,9.17852078810495e-07,1.0725510120391846,1.953050136566162,1.0,48
13597,0.12139685451984406,0.14714418351650238,1.0,0.8919786810874939,0.8917683959007263,0.0087890625,0.0532161220908165,6.054811954498291,0.7070170044898987,22.365375518798828,551.62646484375,0.05035991966724396,0.35334512591362,7.049980163574219,93.5,57.91056823730469,0.749016284942627,12.157517433166504,0.00029970670584589243,2.75,4.057607173919678,0.6777393363503168,0.31401729583740234,0.364398330450058,5.0274734348931815e-06,1.2390241851939463e-06,0.46077796816825867,2.1385340690612793,1.0,48
13598,0.24081146717071533,0.39977407455444336,1.0,1.1913467645645142,0.7947633266448975,0.02587890625,0.24069881439208984,9.300965309143066,1.6806941032409668,22.369871139526367,76.58893585205078,0.12011110782623291,0.5027183294296265,7.706684112548828,99.11320495605469,58.72794723510742,0.6923136711120605,12.160686492919922,0.00026211299700662494,4.5625,4.546535968780518,1.003511249288247,0.3721812665462494,0.5064417123794556,4.425923179951496e-06,9.73471495795493e-07,0.48431700468063354,5.20338249206543,1.0,48
13605,0.12360253185033798,0.15760201215744019,1.0,0.83992600440979,0.9023430347442627,0.0029296875,0.01284821331501007,4.385523319244385,0.23894642293453217,5.552918434143066,361.08038330078125,0.020013848319649696,0.23401756584644318,6.2432451248168945,100.83333587646484,57.46092987060547,0.972524106502533,12.16086196899414,0.0002864834386855364,2.3333334922790527,4.656398773193359,0.5011025904183516,0.14486868679523468,0.24666577577590942,5.479152605403215e-06,1.176693161500573e-06,0.9302857518196106,0.5481904149055481,1.0,48
13630,0.13889749348163605,0.18280896544456482,1.0000001192092896,0.9174545407295227,0.8673111200332642,0.0068359375,0.025802260264754295,3.7745020389556885,0.31487464904785156,5.088516712188721,157.2422332763672,0.04089350998401642,0.34459465742111206,6.542489528656006,116.5,58.16007995605469,0.7534489631652832,12.158805847167969,0.0002934869553428143,3.5208334922790527,4.5020270347595215,0.7820551625467013,0.27577218413352966,0.2882258892059326,5.228383997746278e-06,1.161339979916881e-06,0.3781932592391968,1.1008964776992798,1.0,48
13709,0.1803961545228958,0.2807822823524475,1.0,1.13448166847229,0.7811429500579834,0.00390625,0.023551110178232193,6.029084205627441,0.42838209867477417,14.44955062866211,689.3868408203125,0.02555946074426174,0.25740495324134827,6.188109397888184,77.5,62.02949142456055,1.3265427350997925,12.153133392333984,0.0004691062495112419,3.9583334922790527,5.460120677947998,0.724953479694358,0.343350887298584,0.343350887298584,1.4605786418542266e-05,2.674993329503007e-06,0.6425377130508423,1.0048474073410034,1.0,48
13799,0.22140741348266602,0.28281912207603455,1.0,1.0998106002807617,0.8068206310272217,0.00244140625,0.010349413380026817,4.239119529724121,0.21268218755722046,5.45081901550293,460.1897277832031,0.01712392456829548,0.20897085964679718,5.9285430908203125,85.5999984741211,63.81287384033203,0.8565500974655151,12.160683631896973,0.00028945927624590695,3.5,5.612137794494629,0.6236482641600376,0.2952874004840851,0.3186107575893402,7.894028385635465e-06,1.4065991714090348e-06,0.5758532285690308,0.44157496094703674,1.0,48
13888,0.19465461373329163,0.2770199179649353,0.9999999403953552,0.9553062915802002,0.8339457511901855,0.0107421875,0.05208318680524826,4.848471164703369,0.5192467570304871,8.582460403442383,121.04289245605469,0.05938481166958809,0.4005751311779022,7.1639814376831055,95.7272720336914,60.24492645263672,0.9919450283050537,12.158475875854492,0.0002997905248776078,3.375,4.788571834564209,0.704803041397648,0.3799644410610199,0.4595573842525482,6.129864232207183e-06,1.2801028012486759e-06,0.5587860941886902,1.7863861322402954,1.0,48
13962,0.1516670286655426,0.1818789541721344,1.0,0.8974760174751282,0.8367639183998108,0.00390625,0.02213778719305992,5.66727352142334,0.38069212436676025,9.156227111816406,391.58575439453125,0.02555946074426174,0.2624056041240692,6.088421821594238,74.625,72.48595428466797,0.8045569658279419,12.167131423950195,0.00025447405641898513,3.2916667461395264,5.619601249694824,0.5857473856282611,0.2605770230293274,0.29672133922576904,8.693237759871408e-06,1.5469492154579487e-06,0.775063157081604,0.9445456862449646,1.0,48
13978,0.16775372624397278,0.36008232831954956,1.0,0.9383352398872375,0.8740365505218506,0.00439453125,0.0315634049475193,7.182428359985352,0.6364141702651978,24.34255599975586,1080.2996826171875,0.02823571488261223,0.2510184049606323,6.662715911865234,115.11111450195312,54.73713302612305,0.6397184729576111,12.162343978881836,0.0002541416324675083,1.3958333730697632,3.908263683319092,0.3571492311165811,0.18959519267082214,0.37962985038757324,3.743297156688641e-06,9.577903259412998e-07,1.345542550086975,1.3467053174972534,1.0,48
14107,0.1958279013633728,0.27092427015304565,1.0,1.1331801414489746,0.7506889700889587,0.0029296875,0.0262539554387331,8.961350440979004,0.5851629972457886,21.30669593811035,945.5538940429688,0.020013848319649696,0.20929284393787384,5.592028617858887,63.5,76.9399185180664,0.8144317865371704,12.182474136352539,0.0002299307961948216,4.645833492279053,6.822249412536621,0.6809826502285309,0.32076507806777954,0.38321346044540405,8.091055860859342e-06,1.1859806582461417e-06,0.7446199059486389,1.1201688051223755,1.0,48
14179,0.17765691876411438,0.3414222002029419,1.0,0.876102864742279,0.7999453544616699,0.013671875,0.05769585818052292,4.2200398445129395,0.5092169046401978,8.088262557983398,98.25231170654297,0.07226333767175674,0.43242013454437256,7.298906326293945,100.82142639160156,67.04334259033203,0.9091533422470093,12.160479545593262,0.000276779814157635,4.75,5.955767631530762,0.7975462250873083,0.6938228607177734,0.7055479884147644,6.871527148177847e-06,1.1537601131819367e-06,0.31494706869125366,1.6251535415649414,1.0,48
14238,0.13739965856075287,0.2006251960992813,1.0,0.8809424042701721,0.8689681887626648,0.0078125,0.037502553313970566,4.800326824188232,0.45610812306404114,11.389397621154785,264.55206298828125,0.04568839073181152,0.35502997040748596,6.842865943908691,84.8125,68.73193359375,0.9566373825073242,12.170451164245605,0.0002857756335288286,2.2083334922790527,3.831372022628784,0.5763819001319663,0.3218572735786438,0.40141281485557556,5.2950049393984955e-06,1.3820127344212726e-06,0.3811347782611847,1.6001089811325073,1.0,48
14248,0.12220374494791031,0.1481289267539978,1.0,0.9373088479042053,0.8465968370437622,0.0029296875,0.014212553389370441,4.851218223571777,0.28199172019958496,8.412433624267578,564.026611328125,0.020013848319649696,0.22564908862113953,6.1499342918396,95.0,57.42997360229492,0.8143641352653503,12.161796569824219,0.00027200355543754995,2.3541667461395264,5.57136344909668,0.42254768754957917,0.1597462296485901,0.3265061378479004,6.103028681536671e-06,1.0954282064602895e-06,1.2725775241851807,0.6064023375511169,1.0,48
14254,0.11895151436328888,0.16929656267166138,0.9999998807907104,0.8304883241653442,0.8934671878814697,0.00341796875,0.012981366366147995,3.7979769706726074,0.22261342406272888,4.523508548736572,297.8020324707031,0.02282176911830902,0.2546987235546112,6.46720027923584,114.42857360839844,54.887123107910156,0.6792647242546082,12.164037704467773,0.00026064534904435277,3.1666667461395264,4.258131980895996,0.7436751028173733,0.24351412057876587,0.26210328936576843,3.1351278266811278e-06,7.362683527387403e-07,0.7414292097091675,0.5538716912269592,1.0,48
14302,0.19280149042606354,0.2966119050979614,0.9999999403953552,1.0528759956359863,0.8289793729782104,0.01611328125,0.10812300443649292,6.710179328918457,1.1183894872665405,28.556974411010742,340.717041015625,0.08250018209218979,0.4247521162033081,7.042169570922852,96.33333587646484,59.488338470458984,1.449499249458313,12.15052604675293,0.0005465023568831384,4.583333492279053,6.351177215576172,0.7216510151569984,0.2292300909757614,0.2873380780220032,1.675172825343907e-05,2.637578461199273e-06,0.9166761040687561,3.3296470642089844,1.0,48
14308,0.22427845001220703,0.437742680311203,1.0,1.2997820377349854,0.6781743168830872,0.00634765625,0.0411086231470108,6.476189136505127,0.5460119247436523,11.38131046295166,232.08692932128906,0.03844451159238815,0.3284301459789276,5.50456428527832,40.61538314819336,106.06099700927734,1.2983264923095703,12.1836576461792,0.00027442784630693495,6.020833492279053,11.229206085205078,0.5361762391065185,0.407479852437973,0.46922868490219116,1.8928672943729907e-05,1.6856643990007928e-06,0.8057207465171814,1.7539678812026978,1.0,48
14328,0.12790893018245697,0.16589035093784332,1.0,0.8810796737670898,0.8611621260643005,0.0107421875,0.05275372043251991,4.910892009735107,0.5381970405578613,10.063201904296875,152.71124267578125,0.05938481166958809,0.3980279862880707,7.041562080383301,83.45454406738281,56.31806945800781,0.7073636054992676,12.157100677490234,0.00029032715247012675,4.208333492279053,5.565610408782959,0.7561315247787853,0.1217147633433342,0.308307409286499,5.8930590967065655e-06,1.0588342793125665e-06,2.114534854888916,1.8173869848251343,1.0,48
14505,0.17809413373470306,0.2855447828769684,0.9999999403953552,0.9691383838653564,0.8369624614715576,0.02880859375,0.1508007049560547,5.234573841094971,0.9401086568832397,10.557544708251953,53.67768096923828,0.1305760145187378,0.5259511470794678,7.419170379638672,94.61016845703125,61.46502685546875,0.7027860283851624,12.169129371643066,0.00025659077800810337,5.9791669845581055,7.526907920837402,0.7943722760393718,0.4159683585166931,0.563474714756012,1.6131532902363688e-05,2.143181908240637e-06,0.7012173533439636,2.7108261585235596,1.0,48
14515,0.1703965961933136,0.28664329648017883,1.0,1.018943190574646,0.8090041875839233,0.00341796875,0.013937237672507763,4.077637672424316,0.2468019723892212,6.64191198348999,400.5837097167969,0.02282176911830902,0.2508338987827301,6.2798566818237305,104.14286041259766,56.21900939941406,0.7173799276351929,12.160402297973633,0.0002618369762785733,3.5,4.907851696014404,0.7131429818286624,0.3016401529312134,0.3292657136917114,5.167038580111694e-06,1.0528106572127403e-06,0.7161769866943359,0.594655454158783,1.0,48
14606,0.18572573363780975,0.27669665217399597,1.0,1.0569995641708374,0.8287625908851624,0.00244140625,0.011595124378800392,4.749362945556641,0.2524636387825012,8.431256294250488,715.43701171875,0.01712392456829548,0.20187199115753174,6.122914791107178,109.4000015258789,61.86153030395508,0.803836464881897,12.158330917358398,0.0002985702594742179,4.083333492279053,5.494867324829102,0.7431177576202667,0.36599165201187134,0.3881027102470398,7.379177077382337e-06,1.3429217900511588e-06,0.40747013688087463,0.4947253167629242,1.0,48
14650,0.19106557965278625,0.2257668375968933,0.9999999403953552,1.066978096961975,0.756210207939148,0.00830078125,0.037780486047267914,4.5514373779296875,0.43782782554626465,9.116750717163086,190.94789123535156,0.04803864285349846,0.3643834590911865,6.856071949005127,100.23529052734375,64.5074462890625,0.8065681457519531,12.168157577514648,0.00026023510145023465,7.208333492279053,5.4921698570251465,1.3124746078153393,0.30009838938713074,0.3157091438770294,1.3031705748289824e-05,2.372779077087886e-06,0.5854727029800415,1.5478273630142212,1.0,48
14653,0.19333615899085999,0.3036532700061798,1.0,1.031798005104065,0.8257296681404114,0.0048828125,0.02092936262488365,4.2863335609436035,0.3104385733604431,7.500030040740967,287.8809814453125,0.03085736557841301,0.2974489629268646,6.454366207122803,81.0999984741211,53.98325729370117,0.7443556785583496,12.159280776977539,0.0002992210502270609,2.875,5.022098541259766,0.572469849138827,0.38872861862182617,0.47442102432250977,6.132960606919369e-06,1.221194794232174e-06,0.8858546018600464,0.8929860591888428,1.0,48
14699,0.15764787793159485,0.244979128241539,0.9999999403953552,1.0785396099090576,0.7896888256072998,0.0048828125,0.028163697570562363,5.767925262451172,0.4651409089565277,14.295275688171387,554.1232299804688,0.03085736557841301,0.28411394357681274,6.442142009735107,91.0,60.61756134033203,0.8871402740478516,12.160773277282715,0.0003127983654849231,4.1875,6.142041206359863,0.6817766036551868,0.3617185056209564,0.454113245010376,7.1452336669608485e-06,1.1633320935601823e-06,0.7816888689994812,1.2016510963439941,1.0,48
14860,0.19172810018062592,0.26787662506103516,1.0,1.1445401906967163,0.7601355314254761,0.005859375,0.05977658927440643,10.201870918273926,0.9908243417739868,25.382476806640625,441.8381042480469,0.03595767915248871,0.2881610095500946,6.514430522918701,94.33333587646484,61.565086364746094,0.7561081647872925,12.160276412963867,0.0002591833472251892,7.5,7.915038585662842,0.9475632884607451,0.2932860255241394,0.2962104082107544,1.0874049621634185e-05,1.373846695781468e-06,0.7331263422966003,2.5504677295684814,1.0,48
14878,0.20179212093353271,0.6347482800483704,1.0,1.6035794019699097,0.6166455745697021,0.00341796875,0.02580622397363186,7.550163745880127,0.5034857988357544,17.04889678955078,721.0032348632812,0.02282176911830902,0.2384166717529297,5.6716766357421875,54.85714340209961,70.12279510498047,1.2157137393951416,12.160123825073242,0.0003661907685454935,4.0416669845581055,7.260863304138184,0.5566372495524418,0.36292576789855957,0.3656090199947357,1.048694957717089e-05,1.4443116642549856e-06,0.5113747119903564,1.1010655164718628,1.0,48
14887,0.30410847067832947,0.38734889030456543,1.0,1.2037018537521362,0.6543020009994507,0.0029296875,0.02392428368330002,8.166155815124512,0.497486412525177,15.114814758300781,631.4547729492188,0.020013848319649696,0.21744132041931152,5.692071914672852,62.5,107.07678985595703,1.0886626243591309,12.216442108154297,0.0002131056389771402,6.5,9.029410362243652,0.7198698178544367,0.30088889598846436,0.41320353746414185,1.189843169413507e-05,1.317741824063149e-06,1.4817818403244019,1.020769476890564,1.0,48
14906,0.12989695370197296,0.9693374633789062,1.0,1.0265696048736572,0.9288250803947449,0.2626953125,2.127121686935425,8.097295761108398,4.244951248168945,30.208398818969727,6.3645124435424805,0.5758572816848755,0.8072271347045898,8.486656188964844,85.43865966796875,49.86711502075195,0.7705304026603699,12.158479690551758,0.00030933308880776167,5.458333492279053,3.9864232540130615,1.3692307943196793,0.36070120334625244,0.4326029419898987,4.628795068128966e-06,1.1611398894630271e-06,0.42675527930259705,8.066174507141113,1.0,48
14925,0.153287872672081,0.21086648106575012,0.9999998807907104,0.9061620235443115,0.8598125576972961,0.00390625,0.018008409067988396,4.610152721405029,0.2954614460468292,7.123579978942871,318.1177978515625,0.02555946074426174,0.2693564295768738,6.600231647491455,113.5,56.11672592163086,0.7750197649002075,12.16318130493164,0.0002569661883171648,3.75,4.001206398010254,0.9372173333754168,0.27474766969680786,0.36660927534103394,4.4429934860090725e-06,1.1104134685764721e-06,0.5459165573120117,0.7683587670326233,1.0,48
14929,0.16062016785144806,0.26271751523017883,1.0,0.8948696851730347,0.9118180274963379,0.01318359375,0.06198522076010704,4.701694011688232,0.5607444047927856,9.080177307128906,105.72560119628906,0.07016520947217941,0.426796555519104,7.130165100097656,83.74073791503906,53.967262268066406,0.9481256604194641,12.161407470703125,0.00032009059214033186,5.5625,5.33839225769043,1.0419803793111904,0.2865283191204071,0.41941237449645996,8.58795738167828e-06,1.6087160611360848e-06,0.6510632634162903,1.8286161422729492,1.0,48
14932,0.21709921956062317,0.292705774307251,1.0,1.1909273862838745,0.8899387717247009,0.00341796875,0.015533204190433025,4.544571876525879,0.2849642038345337,8.227357864379883,494.8833312988281,0.02282176911830902,0.24620412290096283,6.541285991668701,124.42857360839844,101.98790740966797,1.2287473678588867,12.163986206054688,0.00026694987900555134,3.6041667461395264,8.8302640914917,0.4081606965221655,0.42511433362960815,0.42532217502593994,2.25066723942291e-05,2.548810787032637e-06,0.5528640747070312,0.6627500057220459,1.0,48
15194,0.2009206861257553,0.27798956632614136,1.0,1.254469871520996,0.8377667665481567,0.0029296875,0.013930143788456917,4.754822254180908,0.26646286249160767,7.273420333862305,449.45208740234375,0.020013848319649696,0.23039570450782776,6.146615982055664,113.0,81.38387298583984,1.5287771224975586,12.157781600952148,0.00037219247315078974,3.3125,8.505876541137695,0.3894366418422731,0.459589421749115,0.4689364433288574,1.4729076610819902e-05,1.7316353608317802e-06,0.482154905796051,0.5943527817726135,1.0,48
15236,0.2014162540435791,0.7687758207321167,1.0,1.0951991081237793,0.8261349201202393,0.00537109375,0.02807237207889557,5.226565361022949,0.40903186798095703,10.916879653930664,341.5418395996094,0.03342986851930618,0.3064594566822052,5.572733402252197,46.181819915771484,65.69013214111328,0.6489367485046387,12.166629791259766,0.0002291625423822552,3.2083334922790527,5.829637050628662,0.550348753946797,0.311977356672287,0.34680360555648804,7.874725270085037e-06,1.3508088390730511e-06,0.6724122762680054,1.1977545022964478,1.0,48
15333,0.1305878460407257,0.17859598994255066,1.0000001192092896,0.8915178179740906,0.8536482453346252,0.00244140625,0.011179064400494099,4.578944683074951,0.23587679862976074,7.130745887756348,570.5029907226562,0.01712392456829548,0.20568124949932098,5.893545627593994,84.5999984741211,62.80928039550781,0.7889103889465332,12.160591125488281,0.0002833423495758325,2.0625,3.9233627319335938,0.5256969940494249,0.26900333166122437,0.2740928828716278,5.07518598169554e-06,1.2935806132456367e-06,0.37446141242980957,0.47697341442108154,1.0,48
15379,0.2247130125761032,0.37156441807746887,1.0,1.1513029336929321,0.7206684350967407,0.005859375,0.043280720710754395,7.386576175689697,0.6632939577102661,18.830839157104492,466.9847412109375,0.03595767915248871,0.30485162138938904,6.266247272491455,70.33333587646484,83.28948211669922,0.9318637847900391,12.182865142822266,0.00023340499319601804,6.1666669845581055,7.580337047576904,0.81350828303792,0.3350803256034851,0.3707042634487152,1.7300804756814614e-05,2.2823265806527223e-06,0.7234580516815186,1.8466440439224243,1.0,48
15405,0.18605104088783264,0.2539328932762146,1.0,0.9631696939468384,0.8601014614105225,0.0068359375,0.030245225876569748,4.424444675445557,0.42306604981422424,13.640409469604492,560.6334228515625,0.04089350998401642,0.33070069551467896,6.872414588928223,93.57142639160156,58.99491500854492,0.761298656463623,12.157220840454102,0.0002903953427448869,3.6875,5.181278228759766,0.7116969655122538,0.30287256836891174,0.3057040572166443,6.2203698689700104e-06,1.2005473518941863e-06,0.36808764934539795,1.2904629707336426,1.0,48
15507,0.16598398983478546,0.22588694095611572,1.0,0.9849578142166138,0.7812160849571228,0.00927734375,0.06951726227998734,7.493228912353516,0.8318823575973511,17.70638656616211,251.68385314941406,0.05265381559729576,0.3665528893470764,6.837681770324707,95.0526351928711,62.831851959228516,0.6662177443504333,12.16369342803955,0.0002402110694674775,4.8541669845581055,4.766932964324951,1.0182998189198387,0.3195328414440155,0.3756280839443207,4.941048700857209e-06,1.0365257341502508e-06,0.5214643478393555,2.74391770362854,1.0,48
15597,0.13483892381191254,0.1720408797264099,1.0,0.9123450517654419,0.8495159149169922,0.0048828125,0.02408423274755478,4.932450771331787,0.3657039701938629,8.336201667785645,320.62939453125,0.03085736557841301,0.29420191049575806,6.635083198547363,100.9000015258789,57.16584396362305,0.8046997785568237,12.159858703613281,0.0002909658069256693,4.583333492279053,4.5407514572143555,1.0093777484568696,0.2935347259044647,0.3220767378807068,5.890796728635905e-06,1.2973175852431692e-06,0.3508225679397583,1.0275938510894775,1.0,48
15604,0.22954662144184113,0.37849166989326477,1.0,1.0090276002883911,0.8320268392562866,0.01953125,0.12135207653045654,6.213225364685059,0.9403690099716187,15.247594833374023,91.85334014892578,0.09620917588472366,0.4722099304199219,7.564556121826172,103.57499694824219,61.988311767578125,0.8397750854492188,12.161369323730469,0.0002745208330452442,4.333333492279053,5.539897918701172,0.782204572728473,0.28864383697509766,0.32836446166038513,1.1005630767613184e-05,1.986612553021072e-06,0.5188249945640564,3.0012407302856445,1.0,48
15629,0.26121246814727783,0.36300235986709595,1.0,1.164302110671997,0.7198314666748047,0.00830078125,0.0775037556886673,9.336921691894531,1.0178170204162598,23.878644943237305,310.2378234863281,0.04803864285349846,0.345453143119812,6.540256023406982,80.64705657958984,83.322265625,0.7580912113189697,12.206307411193848,0.00019782918388955295,7.625,6.220860958099365,1.2257145818080606,0.28528881072998047,0.2885899543762207,9.292907634517178e-06,1.4938298222981187e-06,0.30976971983909607,3.2405383586883545,1.0,48
15659,0.24371056258678436,0.32403621077537537,1.0,1.1318998336791992,0.7140680551528931,0.0029296875,0.014241363853216171,4.861052513122559,0.2728090286254883,6.237315654754639,422.81317138671875,0.020013848319649696,0.22973009943962097,5.36157751083374,51.0,119.56583404541016,1.1871922016143799,12.232588768005371,0.0002176477137254551,4.9375,7.482826232910156,0.6598442673552914,0.5638854503631592,0.7160362005233765,5.254181360214716e-06,7.021653569990294e-07,0.7191174626350403,0.6076315641403198,1.0,48
15810,0.17272160947322845,0.23824672400951385,0.9999999403953552,1.1052160263061523,0.7392594814300537,0.00927734375,0.0666542500257492,7.184626579284668,0.7719491124153137,16.933109283447266,220.62911987304688,0.05265381559729576,0.37086740136146545,6.249190330505371,59.26315689086914,61.107582092285156,0.6989481449127197,12.158512115478516,0.00025404663756489754,5.875,7.007674217224121,0.8383665977473962,0.4079930782318115,0.4911324977874756,8.741950296098366e-06,1.2474824046666944e-06,0.5677587389945984,2.6339426040649414,1.0,48
15956,0.1561228632926941,0.29250219464302063,1.0,0.9215830564498901,0.862761914730072,0.01220703125,0.06523241102695465,5.343839168548584,0.7883473038673401,28.116741180419922,796.0032348632812,0.06591325998306274,0.3938012421131134,7.124608039855957,112.12000274658203,65.34147644042969,0.9118925333023071,12.168977737426758,0.0002930224873125553,6.7291669845581055,7.110276699066162,0.9464001557039107,0.3297266662120819,0.4642469882965088,1.1160142094013281e-05,1.5695791529158382e-06,0.8521242737770081,2.133363723754883,1.0,48
15987,0.12101397663354874,0.1619003713130951,0.9999999403953552,0.8477091789245605,0.8806723356246948,0.013671875,0.06937369704246521,5.074190616607666,0.6345140933990479,11.491923332214355,137.2799835205078,0.07226333767175674,0.4283924102783203,7.233973503112793,91.25,53.75160598754883,0.7333246469497681,12.159835815429688,0.0002954993396997452,2.9375,3.7536628246307373,0.7825689544886824,0.2526903748512268,0.2629341781139374,5.858614713361021e-06,1.560772762889173e-06,0.36677366495132446,2.034703254699707,1.0,48
16129,0.2893304228782654,0.3670612871646881,0.9999999403953552,1.5180299282073975,0.7063230872154236,0.00439453125,0.02650613524019718,6.031618118286133,0.4151124358177185,8.907870292663574,282.26483154296875,0.02823571488261223,0.28245818614959717,5.513974189758301,69.11111450195312,85.26739501953125,1.3709561824798584,12.159899711608887,0.0003136687446385622,6.3541669845581055,10.03268814086914,0.6333464061680855,0.4951113164424896,0.5327042937278748,2.677277007023804e-05,2.6685539974566724e-06,0.4791156053543091,1.13092839717865,1.0,48
16171,0.1658298671245575,0.2470199018716812,1.0,0.9380574822425842,0.8656011819839478,0.01123046875,0.06928352266550064,6.16924524307251,0.6987286806106567,11.416717529296875,135.9970703125,0.06158214434981346,0.4014785885810852,7.142744064331055,96.82608795166016,61.017269134521484,1.1840193271636963,12.152734756469727,0.00039997283602133393,3.5208334922790527,6.168796062469482,0.5707488869654915,0.2928120493888855,0.296985000371933,1.4248469597077928e-05,2.3097650545893316e-06,1.0298107862472534,2.4309277534484863,1.0,48
16172,0.21799211204051971,0.6544150114059448,0.9999999403953552,1.068623423576355,0.9192388653755188,0.0087890625,0.03907410055398941,4.445764541625977,0.4264834225177765,7.125372409820557,139.07041931152344,0.05035991966724396,0.3757157325744629,7.073191165924072,117.38888549804688,85.11597442626953,1.0638033151626587,12.1633939743042,0.0002630226663313806,3.875,8.496458053588867,0.4560723975801296,0.4617348909378052,0.46402162313461304,2.3483726181439124e-05,2.7639430461120523e-06,0.3554478585720062,1.5286035537719727,1.0,48
16175,0.16803015768527985,0.24607084691524506,1.0,0.8955612182617188,0.8619046211242676,0.0166015625,0.07816573232412338,4.708335876464844,0.6247861981391907,8.104024887084961,77.17300415039062,0.08450048416852951,0.45780816674232483,7.468860626220703,111.76470947265625,77.2206802368164,1.4122297763824463,12.171836853027344,0.0003277999348938465,7.7916669845581055,6.090117454528809,1.2793951889991904,0.2439720630645752,0.2615998685359955,5.283914561005076e-06,8.676211241869523e-07,0.5815618634223938,1.9228779077529907,1.0,48
16187,0.13713526725769043,0.2784889042377472,1.0,0.9785313606262207,0.9212196469306946,0.0185546875,0.09146524220705032,4.929495811462402,0.7179720997810364,13.773374557495117,112.52368927001953,0.09235962480306625,0.4684564471244812,7.414244651794434,121.28947448730469,83.69940185546875,1.118990421295166,12.176475524902344,0.00027385272551327944,4.145833492279053,7.5731000900268555,0.5474420564260535,0.4049125909805298,0.4049125909805298,1.4230301530915312e-05,1.8790589511506457e-06,0.5294602513313293,2.170980215072632,1.0,48
16295,0.15298978984355927,0.19795867800712585,0.9999999403953552,0.874250590801239,0.88542640209198,0.00732421875,0.03717382997274399,5.075467586517334,0.47120940685272217,10.759574890136719,260.9903869628906,0.0433073565363884,0.3448495864868164,7.0474371910095215,112.19999694824219,61.13753890991211,0.9275466799736023,12.155683517456055,0.00034246197901666164,2.9583334922790527,3.6939196586608887,0.8008656813458808,0.2608865797519684,0.27990031242370605,5.3470139391720295e-06,1.447517655712967e-06,0.3217957615852356,1.5860835313796997,1.0,48
