feature,crowding,crowd_max,dec_norm,enc_norm,enc_dec_cos,frequency,act_mag,act_mean_firing,act_std,act_max,act_kurtosis,bin_entropy,act_entropy,coact_entropy,coact_count,logit_l2,logit_linf,logit_entropy,logit_top10_mass,collateral_raw,effect_l2,collateral_ctilde,collateral_w2,collateral_w2_per_effect,collateral_raw_nodense,collateral_ctilde_nodense,resid_delta_norm,resid_reconstruction_norm_ratio,resid_error_delta_norm,resid_change_explained_energy,stab_signed,stab_abs,stab_anti_frac,effect_pc1_ratio,kl_mean,kl_per_effect,effect_cv,ctx_mean_act,intervention_value,n_ctx
41,0.2741253077983856,0.506944477558136,0.3286708891391754,4.7740960121154785,0.6698861122131348,0.0029296875,0.014028143137693405,4.788272857666016,0.29760345816612244,10.386524200439453,808.6019897460938,0.020013848319649696,0.2165055125951767,4.98330545425415,33.5,1.6931804418563843,0.03769458830356598,11.444679260253906,0.0006479376461356878,0.9791666865348816,11.511459350585938,0.08506016968512684,1.1824982166290283,0.10272357132039935,0.4375,0.038005606960482816,0.23869270086288452,1.3534605503082275,0.4546162784099579,-4.8038105964660645,0.21489672362804413,0.21489672362804413,0.0,0.16180218756198883,0.0005340416682884097,4.639217770397678e-05,0.2830442488193512,0.598534107208252,0.5,48
119,0.21592223644256592,0.3566519320011139,0.21062208712100983,5.662355899810791,0.705351710319519,0.0078125,0.03174632042646408,4.063529014587402,0.3809918761253357,6.759871482849121,180.5365447998047,0.04568839073181152,0.3547849655151367,5.8988423347473145,39.625,1.0787614583969116,0.01646432653069496,11.464219093322754,0.0004816484870389104,1.1875,10.849090576171875,0.10945617889056744,1.8807284832000732,0.1733535606751434,0.5625,0.05184766368500563,0.17897269129753113,1.5110149383544922,0.3529629111289978,-6.093512058258057,0.16518168151378632,0.17730125784873962,0.0416666679084301,0.21623991429805756,0.0006001117872074246,5.531447842940127e-05,0.2853676378726959,1.354509711265564,0.5,48
243,0.21543581783771515,0.3069073259830475,0.18344846367835999,7.37242317199707,0.6015222072601318,0.00244140625,0.007414623163640499,3.03702974319458,0.15059691667556763,3.5307235717773438,420.0702209472656,0.01712392456829548,0.21049581468105316,4.345691680908203,22.399999618530273,1.382007360458374,0.01799839548766613,11.476642608642578,0.0004312017117626965,0.75,10.697566032409668,0.07010940591782125,0.5300338268280029,0.04954714228701417,0.2291666716337204,0.021422318939206073,0.15940271317958832,0.8014334440231323,0.2269909828901291,-2.9803342819213867,0.15683427453041077,0.158656045794487,0.02083333395421505,0.11766576766967773,0.00043657360947690904,4.081055519976665e-05,0.2694271504878998,0.31635725498199463,0.5,48
416,0.2902739644050598,0.3833546042442322,0.31548041105270386,6.841730117797852,0.4832953214645386,0.005859375,0.022553622722625732,3.849151611328125,0.3241160809993744,7.281269550323486,295.9404602050781,0.03595767915248871,0.312253475189209,5.530666828155518,31.416667938232422,1.5934841632843018,0.03183009475469589,11.464969635009766,0.0005852752365171909,1.0625,11.278980255126953,0.09420177844313665,2.198045253753662,0.1948797854137323,0.5208333730697632,0.046177345897138226,0.21075978875160217,1.2531570196151733,0.35920077562332153,-4.112305641174316,0.1808537244796753,0.1808537244796753,0.0,0.1489090621471405,0.0005883107660338283,5.215992511777006e-05,0.28470534086227417,0.9622879028320312,0.5,48
418,0.3437109887599945,0.7170478701591492,0.4132951498031616,5.476749420166016,0.3996255099773407,0.0029296875,0.017963336780667305,6.131485462188721,0.34056347608566284,7.895449638366699,396.17938232421875,0.020013848319649696,0.23109714686870575,4.542722225189209,25.0,2.3699898719787598,0.032762810587882996,11.473751068115234,0.00043195474427193403,1.2708333730697632,12.547820091247559,0.10127921525934304,5.652216911315918,0.4504540920820143,0.375,0.029885669142062043,0.27398881316185,0.8697236776351929,0.37441444396972656,-1.850003957748413,0.23617582023143768,0.2489188313484192,0.1041666716337204,0.18113721907138824,0.0007629161118529737,6.080068933863032e-05,0.25386348366737366,0.7664356827735901,0.5,48
421,0.2006312906742096,0.27704280614852905,0.2553071081638336,6.155656814575195,0.5719926357269287,0.00244140625,0.007543393410742283,3.0897738933563232,0.15830551087856293,4.590606689453125,537.7142333984375,0.01712392456829548,0.20623566210269928,4.923882484436035,34.0,1.3215755224227905,0.0197196863591671,11.47140884399414,0.00045958475675433874,1.0625,10.743281364440918,0.0988990200450086,3.284182071685791,0.3056963656838691,0.2083333432674408,0.019391965639388505,0.1877225935459137,1.3406813144683838,0.34859389066696167,-5.211166858673096,0.17421011626720428,0.17421011626720428,0.0,0.1621018797159195,0.0003618958580773324,3.368578420912535e-05,0.2271028757095337,0.3218514621257782,0.5,48
567,0.20314188301563263,0.2977457046508789,0.19860988855361938,6.2758073806762695,0.6922527551651001,0.00244140625,0.008053316734731197,3.2986385822296143,0.16907410323619843,4.7746100425720215,527.7786865234375,0.01712392456829548,0.20601995289325714,4.919956684112549,31.0,1.0524803400039673,0.022470513358712196,11.468639373779297,0.000646415981464088,0.75,10.42440414428711,0.07194655818208633,1.2322382926940918,0.1182070720260136,0.2083333432674408,0.01998515600354599,0.16713488101959229,1.2279281616210938,0.29496368765830994,-4.853676795959473,0.16978657245635986,0.183625265955925,0.1041666716337204,0.13991717994213104,0.0005456837825477123,5.234676001345324e-05,0.2135819047689438,0.34360817074775696,0.5,48
785,0.2364097684621811,0.3270777761936188,0.2891799807548523,9.587736129760742,0.3388960361480713,0.005859375,0.01894364506006241,3.233048677444458,0.2618092894554138,6.209451675415039,277.09881591796875,0.03595767915248871,0.31875860691070557,5.378228187561035,29.58333396911621,1.5029047727584839,0.022651711478829384,11.470012664794922,0.00046659944928251207,1.2708333730697632,11.376243591308594,0.11170940229546253,2.342994213104248,0.20595499667699946,0.4791666865348816,0.04211993899987898,0.20722365379333496,1.6795272827148438,0.4433853030204773,-6.626368999481201,0.1769862025976181,0.1769862025976181,0.0,0.14745691418647766,0.0007134454790502787,6.271362534538307e-05,0.262307733297348,0.8082621693611145,0.5,48
788,0.18892906606197357,0.29830074310302734,0.3098400831222534,4.100039958953857,0.7452198266983032,0.00439453125,0.01369509194046259,3.116394281387329,0.21335487067699432,5.004888534545898,299.8624572753906,0.02823571488261223,0.2839292883872986,5.256385803222656,31.22222137451172,1.578806757926941,0.025375226512551308,11.465066909790039,0.0005294648581184447,0.9375,11.332809448242188,0.08272441211108246,1.7592740058898926,0.15523723507152043,0.25,0.02205984322962199,0.206885427236557,1.2886587381362915,0.38401398062705994,-5.1185150146484375,0.1666407287120819,0.1666407287120819,0.0,0.16833652555942535,0.000413547910284251,3.6491208275233425e-05,0.2953648269176483,0.5843239426612854,0.5,48
841,0.20221762359142303,0.35936903953552246,0.2659675180912018,4.909787178039551,0.6813246011734009,0.00244140625,0.006033483427017927,2.4713149070739746,0.12332329899072647,3.1470558643341064,444.46307373046875,0.01712392456829548,0.20970571041107178,5.079303741455078,38.0,1.6554763317108154,0.07022092491388321,11.480113983154297,0.0009374141227453947,0.9583333730697632,11.089617729187012,0.08641716924861463,1.382189154624939,0.12463812433685097,0.3958333432674408,0.03569404758368701,0.19346413016319275,1.2130630016326904,0.34712061285972595,-4.747801303863525,0.20778977870941162,0.2446916699409485,0.1666666716337204,0.23013024032115936,0.0005363328382372856,4.836350998304154e-05,0.23669859766960144,0.2574286162853241,0.5,48
930,0.24213926494121552,0.3320867121219635,0.2561899423599243,9.622620582580566,0.3803052306175232,0.00341796875,0.01346725132316351,3.9401328563690186,0.259994775056839,7.262890815734863,584.9379272460938,0.02282176911830902,0.23855730891227722,4.951683044433594,34.42856979370117,1.3160474300384521,0.020595362409949303,11.470088005065918,0.00045842392137274146,1.2916667461395264,10.765440940856934,0.11998270688918776,3.0805206298828125,0.2861490434014783,0.4166666865348816,0.03870409846070585,0.19601041078567505,1.3621138334274292,0.3609541356563568,-4.904321193695068,0.17078523337841034,0.18415358662605286,0.125,0.18980209529399872,0.0005020533571951091,4.663565194281665e-05,0.21156829595565796,0.5746027827262878,0.5,48
1172,0.20117831230163574,0.27072420716285706,0.30308565497398376,4.931700229644775,0.6282995939254761,0.00439453125,0.015426898375153542,3.5104763507843018,0.24341613054275513,5.361440658569336,314.4339599609375,0.02823571488261223,0.28204822540283203,5.36187744140625,34.55555725097656,1.5265012979507446,0.045954957604408264,11.462268829345703,0.0008564391755498946,1.3125,10.4638090133667,0.12543233511516316,2.9791598320007324,0.28471083764506594,0.4375,0.04181077837172105,0.20288829505443573,1.183199405670166,0.3442619740962982,-3.7894482612609863,0.19201737642288208,0.195954367518425,0.02083333395421505,0.11714491993188858,0.0004926660330966115,4.708285787674837e-05,0.2255479097366333,0.6582143902778625,0.5,48
1229,0.24519085884094238,0.35886675119400024,0.1895994246006012,7.118650436401367,0.6481390595436096,0.0087890625,0.028988642618060112,3.2982633113861084,0.3204788267612457,5.3514485359191895,149.2565155029297,0.05035991966724396,0.37393712997436523,6.060649394989014,39.5,0.942209005355835,0.026820478960871696,11.464956283569336,0.0006877165869809687,0.6875,10.029691696166992,0.0685464738240433,1.4546122550964355,0.14503060489905514,0.2291666716337204,0.02284882510324937,0.1668897122144699,1.3412107229232788,0.31503826379776,-5.6859049797058105,0.16810953617095947,0.20261399447917938,0.1458333432674408,0.16505154967308044,0.0005065469304099679,5.050473586326742e-05,0.20558412373065948,1.1470896005630493,0.5,48
1262,0.361695259809494,0.4844246208667755,0.23689492046833038,9.028458595275879,0.5234394669532776,0.00244140625,0.00863182544708252,3.535595655441284,0.17959631979465485,4.418704986572266,484.0894470214844,0.01712392456829548,0.2070743292570114,4.877202987670898,31.799999237060547,1.7325031757354736,0.025282854214310646,11.498557090759277,0.0004087126289959997,0.9375,11.12613582611084,0.0842610600669877,1.6840426921844482,0.15135917060429385,0.3541666865348816,0.031831957811031104,0.18345396220684052,1.035644292831421,0.2960565984249115,-3.436997413635254,0.170446515083313,0.17333614826202393,0.0416666679084301,0.17906087636947632,0.00042549677891656756,3.824299695637193e-05,0.25519445538520813,0.3682912588119507,0.5,48
1285,0.2841735780239105,0.36596617102622986,0.3064640164375305,5.007408142089844,0.6311094760894775,0.009765625,0.025489050894975662,2.610078811645508,0.2609879970550537,3.6803293228149414,112.32559967041016,0.05492175742983818,0.39081451296806335,5.922669410705566,34.70000076293945,1.5817464590072632,0.04224884882569313,11.464018821716309,0.0008389976574108005,1.75,12.288215637207031,0.1424128653209105,2.318800449371338,0.1887011520585069,1.0,0.08137878018337742,0.22894537448883057,1.3779205083847046,0.4095073640346527,-4.700306415557861,0.16891483962535858,0.17242465913295746,0.0416666679084301,0.20830966532230377,0.000621254148427397,5.0556904782884474e-05,0.3320225775241852,0.91383957862854,0.5,48
1342,0.17438745498657227,0.35543039441108704,0.45213624835014343,2.8872885704040527,0.7565679550170898,0.017578125,0.08279424905776978,4.710072994232178,0.6642248630523682,9.36442756652832,87.32630157470703,0.08845767378807068,0.46070241928100586,6.227557182312012,30.72222137451172,2.3549954891204834,0.03900103271007538,11.465560913085938,0.0005011506727896631,1.8333333730697632,13.393394470214844,0.13688339993106471,3.34004545211792,0.24938005500039165,0.9583333730697632,0.07155268774360707,0.2666715085506439,0.7635952830314636,0.3501414954662323,-1.507739543914795,0.2092854082584381,0.2468336820602417,0.125,0.14696170389652252,0.0006112923729233444,4.564133266039205e-05,0.31205713748931885,2.116602897644043,0.5,48
1352,0.2685554027557373,0.3149423897266388,0.17158104479312897,9.9457426071167,0.5193124413490295,0.0029296875,0.013724414631724358,4.684600353240967,0.3159884512424469,12.054144859313965,1084.91455078125,0.020013848319649696,0.20487374067306519,5.261044979095459,42.83333206176758,0.8967569470405579,0.015001634135842323,11.467047691345215,0.0004880050546489656,0.5833333730697632,10.186643600463867,0.057264531417448895,1.146875262260437,0.11258617716657429,0.0416666679084301,0.004090323515944888,0.1563628613948822,0.6242287158966064,0.19691000878810883,-1.7509887218475342,0.1560678333044052,0.15777936577796936,0.0416666679084301,0.1286022961139679,0.0004912415170110762,4.822408005974272e-05,0.23292316496372223,0.5855749845504761,0.5,48
1410,0.25248679518699646,0.39633896946907043,0.27601611614227295,7.003289222717285,0.5239126086235046,0.00830078125,0.025243915617465973,3.041149377822876,0.2865906059741974,4.591371059417725,152.97711181640625,0.04803864285349846,0.36662527918815613,5.7678141593933105,32.64706039428711,1.4404720067977905,0.01895005814731121,11.472341537475586,0.0004492218140512705,1.125,10.544221878051758,0.10669350587877895,2.238245725631714,0.21227225198741256,0.4791666865348816,0.04544353216597726,0.1983138918876648,1.4102783203125,0.3679196834564209,-4.860388278961182,0.20223091542720795,0.2042933702468872,0.02083333395421505,0.15283805131912231,0.0005849383305758238,5.547477441067982e-05,0.24901263415813446,1.0344244241714478,0.5,48
1451,0.2934860587120056,0.615706205368042,0.2930809557437897,5.644803047180176,0.5823525786399841,0.00244140625,0.007486799266189337,3.0665929317474365,0.15310724079608917,3.845780849456787,443.4681396484375,0.01712392456829548,0.20960229635238647,5.005403995513916,41.400001525878906,1.4644229412078857,0.03102167695760727,11.466594696044922,0.00058606150560081,1.625,11.725057601928711,0.13859206954742595,3.5142126083374023,0.299718152750239,0.5625,0.047974177920262824,0.21351632475852966,1.150038242340088,0.35223159193992615,-3.570540428161621,0.23386482894420624,0.3227194547653198,0.2291666716337204,0.23869670927524567,0.0007031240384094417,5.996764038874359e-05,0.308295875787735,0.31943678855895996,0.5,48
1640,0.22518722712993622,0.30349287390708923,0.30005866289138794,5.479771137237549,0.5721741318702698,0.0029296875,0.007317704148590565,2.4977762699127197,0.13638770580291748,3.2242648601531982,367.4815673828125,0.020013848319649696,0.23373642563819885,3.8925628662109375,21.0,1.6246674060821533,0.023154718801379204,11.468613624572754,0.0004431018605828285,2.7083334922790527,13.424467086791992,0.20174607101731848,2.5699055194854736,0.1914344532975612,1.2291667461395264,0.09156167893124464,0.2665930986404419,1.4982465505599976,0.520915150642395,-4.703595161437988,0.19161230325698853,0.19902430474758148,0.0416666679084301,0.14397095143795013,0.0006216036854311824,4.630378851907837e-05,0.35966062545776367,0.31222203373908997,0.5,48
1817,0.15596453845500946,0.34543314576148987,0.27817216515541077,4.042047500610352,0.8986502885818481,0.00927734375,0.026859041303396225,2.8951218128204346,0.2830211818218231,4.334061622619629,121.78976440429688,0.05265381559729576,0.383748859167099,5.899577617645264,36.105262756347656,1.4713351726531982,0.021310893818736076,11.465510368347168,0.0004639347898773849,0.8333333730697632,10.955968856811523,0.07606204281888264,1.3354179859161377,0.12188953821888503,0.25,0.02281861175758859,0.1852220594882965,0.8554673194885254,0.26776739954948425,-2.444199323654175,0.15796659886837006,0.15796659886837006,0.0,0.155425027012825,0.00048086087917909026,4.3890310845601505e-05,0.30990996956825256,1.0046520233154297,0.5,48
1976,0.194067120552063,0.2902938723564148,0.2215002328157425,5.445396423339844,0.7295330762863159,0.00244140625,0.006796305533498526,2.783766746520996,0.13952775299549103,3.3623156547546387,451.2696838378906,0.01712392456829548,0.2090175449848175,5.04808235168457,35.79999923706055,1.1285464763641357,0.029385194182395935,11.465242385864258,0.0006049397634342313,0.9166666865348816,10.395364761352539,0.08818032908869385,1.5970191955566406,0.15362800927945242,0.25,0.024049180139300925,0.17341896891593933,0.9434233903884888,0.26637351512908936,-3.218860626220703,0.16262896358966827,0.17467892169952393,0.1458333432674408,0.1785133183002472,0.0006401970749720931,6.158485912262963e-05,0.22664812207221985,0.28997567296028137,0.5,48
2011,0.3158317506313324,0.5372830629348755,0.23227906227111816,7.070981025695801,0.6028024554252625,0.005859375,0.020311512053012848,3.4664981365203857,0.27422982454299927,5.9703288078308105,228.3232421875,0.03595767915248871,0.32148340344429016,4.417168617248535,28.5,1.4216716289520264,0.0196942500770092,11.476214408874512,0.0004465670499484986,1.4166667461395264,11.61629867553711,0.12195508952463054,2.017395496368408,0.173669389104136,0.8541666865348816,0.07353174273991105,0.19818054139614105,1.1385295391082764,0.3177449703216553,-3.6494407653808594,0.24246633052825928,0.3394277095794678,0.2291666716337204,0.24993617832660675,0.0007392647094093263,6.364029794875617e-05,0.24236580729484558,0.8666245341300964,0.5,48
2036,0.29685178399086,0.35328373312950134,0.3358578383922577,6.6864776611328125,0.4746011197566986,0.00537109375,0.018375370651483536,3.4211599826812744,0.2635308504104614,5.870057582855225,266.68365478515625,0.03342986851930618,0.3076404929161072,5.562176704406738,36.272727966308594,1.71243417263031,0.029791610315442085,11.462308883666992,0.0004802158218808472,1.2708333730697632,11.797798156738281,0.10771784320337363,1.826401710510254,0.1548086926643191,0.6041666865348816,0.05121012226147573,0.2294980138540268,1.5643466711044312,0.4657225012779236,-5.833516597747803,0.20446503162384033,0.20446503162384033,0.0,0.20072388648986816,0.0005049491883255541,4.280029046005935e-05,0.2593645751476288,0.7840158343315125,0.5,48
2042,0.17062783241271973,0.23617343604564667,0.3219134211540222,5.219744682312012,0.5739781856536865,0.00390625,0.01189437322318554,3.044959545135498,0.19392360746860504,4.025432586669922,291.7826843261719,0.02555946074426174,0.2699740529060364,5.064955711364746,32.875,1.632934331893921,0.02144119143486023,11.465489387512207,0.00043837318662554026,0.9166666865348816,10.936241149902344,0.08381917270586844,1.3515748977661133,0.12358678617308236,0.3333333432674408,0.030479699413506468,0.2044423520565033,0.7438207864761353,0.2767692804336548,-1.978139877319336,0.17202866077423096,0.17973975837230682,0.0625,0.16614378988742828,0.0006045902846381068,5.528318878472003e-05,0.21970008313655853,0.5074931979179382,0.5,48
2169,0.34504491090774536,0.5031759142875671,0.2120210975408554,7.475775241851807,0.6138805150985718,0.0029296875,0.017427189275622368,5.948480606079102,0.36878469586372375,9.94027328491211,589.85009765625,0.020013848319649696,0.21320849657058716,4.887548923492432,31.333332061767578,1.1798635721206665,0.027858294546604156,11.468038558959961,0.0006158940959721804,0.7916666865348816,10.789996147155762,0.073370432667843,1.7162435054779053,0.15905876892641138,0.2916666865348816,0.02703121319848225,0.1816760003566742,0.831298291683197,0.258781760931015,-3.3187999725341797,0.19996044039726257,0.20787011086940765,0.0833333358168602,0.18500569462776184,0.0005112596554681659,4.7382746761138204e-05,0.2541216313838959,0.7435600757598877,0.5,48
2264,0.3127719461917877,0.530218780040741,0.385158896446228,4.310614109039307,0.6012149453163147,0.00927734375,0.031808286905288696,3.428598403930664,0.3477746248245239,6.186628341674805,161.73951721191406,0.05265381559729576,0.37908807396888733,5.57058572769165,26.842105865478516,2.2523250579833984,0.03340853378176689,11.474373817443848,0.00047700857976451516,1.9791667461395264,13.450531005859375,0.14714413459259804,4.504802227020264,0.3349163108659948,1.0625,0.07899316381986836,0.2726362347602844,1.1149351596832275,0.4295894503593445,-3.20371675491333,0.17455920577049255,0.17455920577049255,0.0,0.11488576233386993,0.0008516339003108442,6.331600583699572e-05,0.4129125475883484,1.217126727104187,0.5,48
2281,0.18930630385875702,0.30295711755752563,0.3006165325641632,5.444355487823486,0.5655539035797119,0.00341796875,0.013622744008898735,3.985625743865967,0.2796879708766937,9.67573356628418,818.06591796875,0.02282176911830902,0.2307778000831604,5.122663497924805,34.85714340209961,1.6506465673446655,0.035351235419511795,11.466368675231934,0.0005958098918199539,1.125,11.583806991577148,0.09711833077388374,1.903541922569275,0.16432783473603327,0.4375,0.03776823974539923,0.20422151684761047,1.581036925315857,0.4155605733394623,-5.992703437805176,0.1650114208459854,0.1650114208459854,0.0,0.1262921690940857,0.0006264906842261553,5.4083315108828886e-05,0.236379474401474,0.5812370777130127,0.5,48
2358,0.22563277184963226,0.3415491282939911,0.21442559361457825,5.514382362365723,0.7345843315124512,0.0068359375,0.021655164659023285,3.1678411960601807,0.2720143496990204,5.530472755432129,199.59518432617188,0.04089350998401642,0.34093979001045227,5.645228385925293,32.92856979370117,1.0825302600860596,0.046582382172346115,11.45217514038086,0.0010042705107480288,0.7708333730697632,10.816546440124512,0.0712642779859638,1.6108225584030151,0.14892207654546452,0.0833333358168602,0.007704246101203673,0.17318737506866455,0.6736178398132324,0.21428239345550537,-1.4416563510894775,0.17352914810180664,0.17352914810180664,0.0,0.1704263985157013,0.0004528688150458038,4.186815238431215e-05,0.20615887641906738,0.9239537715911865,0.5,48
2391,0.2708006799221039,0.34405696392059326,0.17274416983127594,7.254408836364746,0.6721094846725464,0.0263671875,0.09025799483060837,3.4231181144714355,0.5719306468963623,5.883235931396484,46.38594436645508,0.12187793850898743,0.5178091526031494,6.629218101501465,33.203704833984375,0.923188328742981,0.04118255153298378,11.452877044677734,0.0012353102210909128,1.2083333730697632,10.036951065063477,0.12038848889797156,2.7237508296966553,0.27137233302489017,0.5625,0.056042915402618174,0.16936668753623962,1.6563396453857422,0.3489360809326172,-6.732757091522217,0.189883291721344,0.2094419002532959,0.125,0.12518183887004852,0.0005537059041671455,5.5166743369190294e-05,0.25114431977272034,1.6943715810775757,0.5,48
2438,0.275005966424942,0.47145068645477295,0.29601702094078064,7.820034027099609,0.42085209488868713,0.00244140625,0.010832269676029682,4.4368977546691895,0.24665988981723785,8.42471694946289,804.7705078125,0.01712392456829548,0.19453643262386322,4.727565765380859,32.0,1.5097321271896362,0.02539440058171749,11.465072631835938,0.0004947016714140773,0.7083333730697632,12.533012390136719,0.0565174078230415,0.9597543478012085,0.07657810565883895,0.1458333432674408,0.011635937044620648,0.21491611003875732,0.4794893264770508,0.24720904231071472,-0.8919548988342285,0.1713578701019287,0.1713578701019287,0.0,0.21869663894176483,0.0004505308752413839,3.594753287218237e-05,0.38933953642845154,0.4621768295764923,0.5,48
2447,0.2703374922275543,0.5111487507820129,0.31723085045814514,5.9796013832092285,0.48997318744659424,0.00341796875,0.012517914175987244,3.662384033203125,0.21913422644138336,4.595643997192383,333.8111572265625,0.02282176911830902,0.2516511082649231,4.679103851318359,28.0,1.9098283052444458,0.0274786539375782,11.477605819702148,0.0004285179893486202,2.1041667461395264,13.97400188446045,0.15057724780856488,5.77199649810791,0.41305250576758795,1.0,0.07156146160223567,0.2545432448387146,1.4961185455322266,0.4598855972290039,-3.9353713989257812,0.16250655055046082,0.1630045771598816,0.02083333395421505,0.17007505893707275,0.000876030302606523,6.26900088623716e-05,0.4257566034793854,0.5340976715087891,0.5,48
2560,0.2552551329135895,0.5618523359298706,0.20345652103424072,5.710562705993652,0.8058942556381226,0.0029296875,0.006489340215921402,2.2150280475616455,0.1200254037976265,2.460745334625244,342.8318786621094,0.020013848319649696,0.23469264805316925,5.191036701202393,36.83333206176758,1.3262391090393066,0.022844506427645683,11.476484298706055,0.0005001509562134743,2.2916667461395264,10.501604080200195,0.21822063814784695,3.0182299613952637,0.2874065652705182,0.3333333432674408,0.03174118357580231,0.18602751195430756,1.1627013683319092,0.30547189712524414,-3.8195748329162598,0.1719568967819214,0.18284964561462402,0.1041666716337204,0.15032252669334412,0.0005244938074611127,4.9944161192532075e-05,0.2227478325366974,0.2768785059452057,0.5,48
2754,0.21708936989307404,0.3553091287612915,0.2125665545463562,5.499412536621094,0.8360151648521423,0.00390625,0.010548381134867668,2.700385570526123,0.1717984825372696,3.569002151489258,291.7026672363281,0.02555946074426174,0.27017247676849365,5.339582920074463,34.875,1.2255250215530396,0.016923677176237106,11.474454879760742,0.00045697312452830374,0.6041666865348816,10.476909637451172,0.05766649774266819,0.8216773271560669,0.07842745187326923,0.0625,0.005965499570305546,0.15255747735500336,1.0910274982452393,0.2606504559516907,-4.924051284790039,0.14538300037384033,0.15924610197544098,0.1041666716337204,0.19544313848018646,0.0004807675431948155,4.58882971575284e-05,0.26223626732826233,0.4500642716884613,0.5,48
3079,0.18852601945400238,0.23206575214862823,0.2689838111400604,5.414314270019531,0.6263403296470642,0.00244140625,0.009766267612576485,4.000263214111328,0.22129569947719574,8.035189628601074,907.7266845703125,0.01712392456829548,0.19704894721508026,4.967979431152344,38.20000076293945,1.3804949522018433,0.02574756368994713,11.469289779663086,0.0005177851999178529,1.0,10.788840293884277,0.09268836796481014,1.6092851161956787,0.1491620110102373,0.3125,0.028965114989003168,0.18925213813781738,0.7618616819381714,0.25196823477745056,-1.8598313331604004,0.1789691299200058,0.20142263174057007,0.1666666716337204,0.14734557271003723,0.0005421340465545654,5.024951999330107e-05,0.25819864869117737,0.4166940450668335,0.5,48
3369,0.24130681157112122,0.330807089805603,0.2843472957611084,5.694572448730469,0.5962064266204834,0.00390625,0.012003084644675255,3.0727896690368652,0.1983710378408432,4.612099647521973,322.07861328125,0.02555946074426174,0.2681769132614136,5.472257614135742,44.75,1.772213339805603,0.042451392859220505,11.48299789428711,0.00047025358071550727,1.0,10.79407024383545,0.0926434585363821,1.4946131706237793,0.1384661333006147,0.4791666865348816,0.044391659056009905,0.20440155267715454,1.1064618825912476,0.3364408612251282,-3.6187562942504883,0.18793737888336182,0.190711110830307,0.0416666679084301,0.11139519512653351,0.000577347120270133,5.348743399784568e-05,0.22089193761348724,0.5121316313743591,0.5,48
3431,0.3350347876548767,0.5230069160461426,0.17031586170196533,9.556075096130371,0.5747948884963989,0.00390625,0.014071470126509666,3.6022963523864746,0.2404669225215912,6.357503890991211,404.8641662597656,0.02555946074426174,0.26383814215660095,5.4980621337890625,42.5,0.8500463366508484,0.012025299482047558,11.466625213623047,0.0004718536220025271,1.2291667461395264,10.519250869750977,0.11684926618734894,1.7219901084899902,0.16369892953163934,0.5208333730697632,0.04951240150307099,0.1692071408033371,1.3140071630477905,0.3083287179470062,-5.587573528289795,0.17526821792125702,0.245076522231102,0.25,0.2101709395647049,0.0004657350364141166,4.427454404672797e-05,0.2769102156162262,0.6003826260566711,0.5,48
3451,0.21074378490447998,0.3503488004207611,0.2590925097465515,4.940542221069336,0.6912779808044434,0.00634765625,0.018252495676279068,2.8754701614379883,0.24208098649978638,6.149069786071777,283.7345886230469,0.03844451159238815,0.3299148976802826,5.834543704986572,42.53845977783203,1.4693682193756104,0.04586298018693924,11.473579406738281,0.0008626978960819542,0.9583333730697632,11.093017578125,0.0863906836400992,2.1933841705322266,0.19772655664769065,0.4375,0.03943922350473335,0.19896137714385986,1.4772138595581055,0.38049983978271484,-4.983131408691406,0.19640907645225525,0.22708287835121155,0.1875,0.22235800325870514,0.0007057864568196237,6.362438815342394e-05,0.2883019745349884,0.7787731289863586,0.5,48
3651,0.2502376437187195,0.4665529727935791,0.22303543984889984,5.782601356506348,0.7014591097831726,0.005859375,0.020360752940177917,3.4749019145965576,0.28198131918907166,5.469538688659668,247.614013671875,0.03595767915248871,0.31764301657676697,5.629539966583252,37.66666793823242,1.1454578638076782,0.04330369830131531,11.45016098022461,0.0011205633636564016,0.8541666865348816,11.791908264160156,0.07243668002460925,1.2593709230422974,0.10679958610278388,0.3333333432674408,0.028267972877458754,0.18558494746685028,0.7354089021682739,0.2499956339597702,-2.09818434715271,0.17291389405727386,0.17291389405727386,0.0,0.1780720204114914,0.0005366477416828275,4.550983006362035e-05,0.2892908751964569,0.8687254786491394,0.5,48
3669,0.24555158615112305,0.3019573986530304,0.2732515037059784,8.56071949005127,0.42140287160873413,0.00244140625,0.006298732943832874,2.579961061477661,0.12836284935474396,2.894503116607666,428.20550537109375,0.01712392456829548,0.21001353859901428,4.469632148742676,24.799999237060547,1.6784332990646362,0.021011974662542343,11.479415893554688,0.0004049884155392647,0.9583333730697632,11.049128532409668,0.08673384234706019,1.8598921298980713,0.16832930513562958,0.3125,0.028282773505669424,0.19752907752990723,0.8493544459342957,0.28470057249069214,-3.138957977294922,0.17265991866588593,0.1747608184814453,0.02083333395421505,0.18613041937351227,0.0007531944429501891,6.816776907420495e-05,0.2562141418457031,0.26874595880508423,0.5,48
3670,0.15995199978351593,0.22844433784484863,0.3850517272949219,8.953469276428223,0.29152047634124756,0.0029296875,0.007400080561637878,2.5258941650390625,0.1375206708908081,2.9487972259521484,356.1660461425781,0.020013848319649696,0.2340761125087738,3.996553421020508,27.33333396911621,2.132333517074585,0.030107885599136353,11.469834327697754,0.0004470433050300926,1.4375,12.091411590576172,0.1188860364270042,2.8923110961914062,0.23920375814959302,0.7291666865348816,0.060304512874256616,0.23504841327667236,1.1977620124816895,0.40181562304496765,-3.8238396644592285,0.22143463790416718,0.23743709921836853,0.1041666716337204,0.17730358242988586,0.0006347191520035267,5.249338728765808e-05,0.3361687958240509,0.3157367706298828,0.5,48
3741,0.24505653977394104,0.3457534611225128,0.18210898339748383,7.755085468292236,0.6300302147865295,0.00439453125,0.011214226484298706,2.5518596172332764,0.17017677426338196,3.261209011077881,238.2733154296875,0.02823571488261223,0.2871640622615814,5.528453350067139,41.66666793823242,0.9576692581176758,0.021058455109596252,11.464345932006836,0.0006143027567304671,0.7083333730697632,10.397597312927246,0.06812471680431892,0.9666694402694702,0.09297046329519931,0.2291666716337204,0.022040348795619915,0.1593601554632187,1.189594030380249,0.2751162648200989,-4.427195072174072,0.15835796296596527,0.16846829652786255,0.125,0.14071060717105865,0.0004684872692450881,4.505726224000319e-05,0.23474504053592682,0.47847363352775574,0.5,48
3923,0.2270818054676056,0.302738219499588,0.2477574646472931,5.124893665313721,0.6595404744148254,0.0029296875,0.007282889913767576,2.4858930110931396,0.13776050508022308,3.7070112228393555,423.96026611328125,0.020013848319649696,0.23198716342449188,4.844571113586426,29.83333396911621,1.2408983707427979,0.017994694411754608,11.46381950378418,0.0004782293108291924,0.875,10.94141960144043,0.07997134111236291,1.6906828880310059,0.1545213462303571,0.3333333432674408,0.030465273712645565,0.1799626648426056,1.018926978111267,0.287555456161499,-4.1907219886779785,0.15884223580360413,0.16809241473674774,0.125,0.16472260653972626,0.0005097138346172869,4.658571307185096e-05,0.25207605957984924,0.31073662638664246,0.5,48
4006,0.22162066400051117,0.3808650076389313,0.2633901834487915,6.787995338439941,0.47989141941070557,0.0029296875,0.01285505946725607,4.387860298156738,0.27340540289878845,9.022560119628906,735.9291381835938,0.020013848319649696,0.21502797305583954,4.757286071777344,26.83333396911621,1.3630247116088867,0.020605403929948807,11.46524715423584,0.0004727057821583003,1.0,11.160545349121094,0.08960135619024545,2.1452670097351074,0.1922188334624581,0.25,0.022400339047561363,0.198357492685318,1.351136565208435,0.36792606115341187,-5.387908458709717,0.16860726475715637,0.17128059267997742,0.0416666679084301,0.12603695690631866,0.0004638670361600816,4.156311553189294e-05,0.24911712110042572,0.5484825372695923,0.5,48
4049,0.1757812350988388,0.2517819404602051,0.18155337870121002,6.354414939880371,0.717844545841217,0.00244140625,0.005549715366214514,2.273163318634033,0.11252536624670029,2.5558536052703857,414.110107421875,0.01712392456829548,0.2107182741165161,5.092678070068359,39.0,1.033003807067871,0.01437733881175518,11.473711967468262,0.00044181212433613837,1.1666667461395264,10.858522415161133,0.10744249543898822,2.0972557067871094,0.19314374688101152,0.2708333432674408,0.02494200708559312,0.16365981101989746,1.5994646549224854,0.3471071124076843,-8.022027969360352,0.1541794240474701,0.1624889075756073,0.0833333358168602,0.19715318083763123,0.0005553676164709032,5.1145781601373066e-05,0.31167247891426086,0.2367878407239914,0.5,48
4107,0.2733552157878876,0.4202699661254883,0.2529604136943817,6.316034317016602,0.5843256115913391,0.00244140625,0.007741957902908325,3.1711058616638184,0.18672756850719452,7.287959575653076,1160.046875,0.01712392456829548,0.1886688470840454,4.959967613220215,35.79999923706055,1.2464802265167236,0.01777925156056881,11.464902877807617,0.00046898043365217745,0.9375,11.256427764892578,0.08328574737458809,1.889822244644165,0.16788827525366498,0.3541666865348816,0.031463506328788346,0.18320709466934204,1.076908826828003,0.3045123219490051,-4.670966148376465,0.1581079214811325,0.16428415477275848,0.0625,0.20917554199695587,0.0005690862890332937,5.055656202961997e-05,0.269209623336792,0.33032354712486267,0.5,48
4128,0.19853335618972778,0.2766920030117035,0.3475334644317627,3.8762972354888916,0.6940677165985107,0.00439453125,0.018369462341070175,4.180073261260986,0.31482017040252686,8.891666412353516,488.4363708496094,0.02823571488261223,0.2708221673965454,5.196043968200684,30.66666603088379,1.7688448429107666,0.032522764056921005,11.463409423828125,0.0005637226859107614,1.1041667461395264,12.923421859741211,0.08543919383494034,1.710257887840271,0.13233785177628954,0.4583333432674408,0.035465323958864065,0.2261030673980713,0.9601540565490723,0.33564484119415283,-2.249551296234131,0.1693306565284729,0.1693306565284729,0.0,0.19784292578697205,0.0006807439494878054,5.2675209116379106e-05,0.3545701205730438,0.783763587474823,0.5,48
4131,0.3218904435634613,0.5985653400421143,0.30626562237739563,8.341568946838379,0.409055233001709,0.0048828125,0.02601609006524086,5.328095436096191,0.39003467559814453,7.826473236083984,266.7891540527344,0.03085736557841301,0.2949742078781128,5.139255046844482,29.5,1.6674312353134155,0.036034200340509415,11.470315933227539,0.0004926685360260308,1.6875,12.097898483276367,0.13948703578045885,2.5225181579589844,0.20850878847767823,0.5833333730697632,0.048217744048188335,0.21429690718650818,1.40799880027771,0.3958551287651062,-4.650976181030273,0.17351007461547852,0.17471091449260712,0.02083333395421505,0.28899943828582764,0.0009386150632053614,7.758496764764675e-05,0.5110803842544556,1.1100198030471802,0.5,48
4143,0.25455766916275024,0.33066269755363464,0.27384480834007263,5.580742359161377,0.573388934135437,0.00341796875,0.011740987189114094,3.435077428817749,0.218495711684227,6.810790061950684,565.8054809570312,0.02282176911830902,0.24463877081871033,5.161952972412109,35.57143020629883,1.3441002368927002,0.026181058958172798,11.465517044067383,0.0005449592717923224,1.25,11.199893951416016,0.11160819953352139,3.0940895080566406,0.27626060735180846,0.4791666865348816,0.042783144928481086,0.2055853307247162,1.2757515907287598,0.35915255546569824,-4.0013885498046875,0.16995513439178467,0.16995513439178467,0.0,0.17112471163272858,0.000706956721842289,6.312173349835069e-05,0.22758075594902039,0.5009487867355347,0.5,48
4626,0.35011133551597595,0.44204050302505493,0.2645788788795471,10.150840759277344,0.35931068658828735,0.0029296875,0.012081428430974483,4.123794078826904,0.22960655391216278,5.120429992675781,394.26953125,0.020013848319649696,0.2305794507265091,4.830059051513672,37.0,1.4283791780471802,0.019797757267951965,11.471126556396484,0.0004410807159729302,1.125,11.001077651977539,0.10226270866974058,2.2361488342285156,0.20326634380168063,0.4583333432674408,0.04166258591661023,0.19966301321983337,1.2828397750854492,0.3566710352897644,-4.93350076675415,0.21935860812664032,0.2276795208454132,0.0625,0.1460411548614502,0.0004701097495853901,4.273306343524928e-05,0.24330691993236542,0.515474259853363,0.5,48
4649,0.20104388892650604,0.2643660306930542,0.22883006930351257,5.053337097167969,0.7584030628204346,0.0029296875,0.008397319354116917,2.8662850856781006,0.16104422509670258,4.416594505310059,455.8709411621094,0.020013848319649696,0.23004071414470673,5.061115264892578,34.83333206176758,1.117996096611023,0.015970630571246147,11.462095260620117,0.0004899047780781984,1.5416667461395264,11.482707023620605,0.13425986935185477,2.1588289737701416,0.18800697147887108,0.4166666865348816,0.03628645103588458,0.18692967295646667,1.0591564178466797,0.302985280752182,-3.873080253601074,0.17597024142742157,0.2280125468969345,0.1875,0.22390641272068024,0.0007350600208155811,6.401452363657576e-05,0.2601679265499115,0.3582856357097626,0.5,48
5137,0.29015663266181946,0.429365336894989,0.26293060183525085,6.952857494354248,0.5025352239608765,0.0048828125,0.01897081919014454,3.885223865509033,0.29457780718803406,7.172687530517578,340.04473876953125,0.03085736557841301,0.2905368208885193,5.376557350158691,35.099998474121094,1.3183873891830444,0.01953529566526413,11.465619087219238,0.00046109003596939147,1.8333333730697632,11.861427307128906,0.15456262758717698,4.011344909667969,0.3381839977955475,0.7083333730697632,0.05971738089621556,0.21131834387779236,1.2983030080795288,0.3684755563735962,-5.517027854919434,0.2246893048286438,0.2246893048286438,0.0,0.18201862275600433,0.0007247540052048862,6.110175325681758e-05,0.2365521639585495,0.8094215989112854,0.5,48
5173,0.2658402919769287,0.4581403136253357,0.27976128458976746,4.239543437957764,0.7296422123908997,0.00341796875,0.008828829973936081,2.5830633640289307,0.15229377150535583,3.3456296920776367,313.2012023925781,0.02282176911830902,0.25395017862319946,5.137246131896973,36.57143020629883,1.4786839485168457,0.018840840086340904,11.469123840332031,0.00043017297866754234,1.4166667461395264,11.477169036865234,0.12343346519989276,1.5115900039672852,0.13170408118891883,0.4375,0.03811915623212804,0.2097470462322235,1.2488269805908203,0.3840892016887665,-5.404980182647705,0.22945301234722137,0.25501367449760437,0.1041666716337204,0.13522322475910187,0.0006003905436955392,5.231172785239442e-05,0.2136082649230957,0.37669673562049866,0.5,48
5427,0.1853211671113968,0.2880702018737793,0.27129653096199036,4.5704345703125,0.7444071769714355,0.00439453125,0.016398010775446892,3.7314584255218506,0.28509801626205444,9.299137115478516,629.7915649414062,0.02823571488261223,0.27060073614120483,5.366117477416992,33.66666793823242,1.5327256917953491,0.04184384644031525,11.474247932434082,0.0006459696451202035,1.0,10.820551872253418,0.09241672798963987,2.6889090538024902,0.24850017661414467,0.1875,0.017328136498057478,0.1963336169719696,0.6855119466781616,0.24332426488399506,-1.5456202030181885,0.1943366825580597,0.21933691203594208,0.1458333432674408,0.16872863471508026,0.0006151891429908574,5.6853767689965735e-05,0.21874603629112244,0.6996484398841858,0.5,48
5443,0.21520447731018066,0.3053015172481537,0.24464160203933716,4.559080123901367,0.7791377305984497,0.00439453125,0.010667097754776478,2.4273574352264404,0.16293154656887054,3.4009933471679688,254.361083984375,0.02823571488261223,0.2863928973674774,5.353762626647949,32.77777862548828,1.2697328329086304,0.02855655923485756,11.465753555297852,0.0005121182184666395,1.3125,11.897575378417969,0.11031659452880543,3.8169314861297607,0.32081591093303435,0.5625,0.04727854051234519,0.18997693061828613,1.6703195571899414,0.3932359218597412,-6.909383773803711,0.1852206587791443,0.18543365597724915,0.0416666679084301,0.17525430023670197,0.0005603470490314066,4.709758339307455e-05,0.2611091732978821,0.4551295340061188,0.5,48
5522,0.2904011011123657,0.4265056848526001,0.23999027907848358,8.626172065734863,0.42971640825271606,0.0048828125,0.022431587800383568,4.593989372253418,0.35583755373954773,10.318061828613281,445.559814453125,0.03085736557841301,0.28881028294563293,4.699527263641357,21.899999618530273,1.3604875802993774,0.018540387973189354,11.476850509643555,0.0004400598118081689,1.1666667461395264,12.363912582397461,0.09436064331746463,3.475700855255127,0.2811165825769689,0.2708333432674408,0.021905148652860546,0.19109821319580078,1.1805616617202759,0.31318941712379456,-3.773797035217285,0.16415902972221375,0.2241320013999939,0.2083333432674408,0.3604021966457367,0.0008447339059785008,6.832253946035865e-05,0.5845890045166016,0.957081139087677,0.5,48
6173,0.2500632703304291,0.4154329001903534,0.2798614501953125,9.862164497375488,0.3350421190261841,0.00244140625,0.01694740727543831,6.941658020019531,0.3833629786968231,11.465951919555664,689.5564575195312,0.01712392456829548,0.1937556266784668,4.69950532913208,32.400001525878906,1.4180525541305542,0.020903464406728745,11.467041015625,0.0004509255522862077,0.9583333730697632,11.332560539245605,0.08456459322721714,1.577585220336914,0.1392081880773125,0.2916666865348816,0.025737050798665045,0.19086971879005432,1.511889934539795,0.3932797908782959,-6.578417778015137,0.15485376119613647,0.1552678793668747,0.02083333395421505,0.1876962035894394,0.0003846481558866799,3.39418575541858e-05,0.3480634093284607,0.7230893969535828,0.5,48
6325,0.20021028816699982,0.258993536233902,0.2586071789264679,7.704710006713867,0.5207988023757935,0.0029296875,0.00856941007077694,2.925025224685669,0.160318985581398,3.598991870880127,373.8199462890625,0.020013848319649696,0.23317928612232208,4.034196376800537,28.83333396911621,1.2704066038131714,0.017910178750753403,11.470001220703125,0.0004424216167535633,1.3541667461395264,10.881495475769043,0.1244467497974449,2.8306055068969727,0.2601301917184889,0.5416666865348816,0.049778698823454925,0.19073069095611572,1.4232969284057617,0.35262054204940796,-4.698045253753662,0.16737335920333862,0.16737335920333862,0.0,0.17962296307086945,0.0006404097657650709,5.885310218642344e-05,0.2424875646829605,0.3656281530857086,0.5,48
6498,0.2751236855983734,0.3791198134422302,0.21893912553787231,6.797473907470703,0.5999507904052734,0.005859375,0.01703345775604248,2.90704345703125,0.22742561995983124,4.119904518127441,198.67738342285156,0.03595767915248871,0.3226460814476013,5.681622505187988,39.66666793823242,1.1522151231765747,0.01923203468322754,11.471304893493652,0.00046552467392757535,1.25,10.78498649597168,0.11590186036003579,2.6207962036132812,0.24300412449863876,0.4791666865348816,0.04442904831355751,0.1824125349521637,1.5756192207336426,0.37204521894454956,-6.778623104095459,0.20884674787521362,0.29103851318359375,0.2291666716337204,0.2085917890071869,0.0008085904992185533,7.497371450310431e-05,0.2251354455947876,0.7267608642578125,0.5,48
6508,0.21571068465709686,0.2613186836242676,0.29063963890075684,5.009197235107422,0.6089885830879211,0.00341796875,0.01130007952451706,3.3060803413391113,0.22158174216747284,7.786104202270508,795.8958740234375,0.02282176911830902,0.2387712299823761,4.961228370666504,31.28571319580078,1.4864459037780762,0.021412599831819534,11.470268249511719,0.0004779695882461965,0.9166666865348816,11.798221588134766,0.0776953271228438,18.661012649536133,1.5816801281717183,0.4791666865348816,0.040613467254305105,0.19836226105690002,1.101372241973877,0.3219461441040039,-4.012197017669678,0.17761239409446716,0.18086127936840057,0.0833333358168602,0.21040335297584534,0.0007221290725283325,6.120660359884214e-05,0.2857663631439209,0.48213672637939453,0.5,48
6676,0.28745466470718384,0.36366480588912964,0.18513572216033936,7.600081920623779,0.6148629784584045,0.00537109375,0.018938982859253883,3.5260941982269287,0.27649766206741333,5.914838790893555,294.96649169921875,0.03342986851930618,0.3053251802921295,5.785745620727539,44.0,0.9571067094802856,0.021619318053126335,11.46194076538086,0.0006393257644958794,0.9583333730697632,10.312716484069824,0.09292734592489171,1.5420362949371338,0.14952765314782568,0.4166666865348816,0.04040319413168001,0.16903066635131836,1.2407002449035645,0.29713520407676697,-4.284487247467041,0.1604752540588379,0.19352953135967255,0.1041666716337204,0.13771839439868927,0.0007108192658051848,6.892648180660555e-05,0.23072770237922668,0.8080632090568542,0.5,48
6799,0.20182888209819794,0.3888874650001526,0.3397023677825928,4.028514385223389,0.6667343378067017,0.0068359375,0.026186654344201088,3.83073353767395,0.3380209803581238,5.998729705810547,217.39324951171875,0.04089350998401642,0.33676278591156006,5.132059574127197,29.571428298950195,1.7250088453292847,0.0400511771440506,11.464489936828613,0.000580844352953136,1.25,11.97531795501709,0.10438136203577757,2.9464149475097656,0.2460406442749147,0.375,0.03131440861073327,0.22725963592529297,1.440749168395996,0.42061933875083923,-4.501448631286621,0.19142208993434906,0.2440422773361206,0.1875,0.20723292231559753,0.0005459251115098596,4.5587525367146314e-05,0.27293193340301514,1.1172972917556763,0.5,48
6814,0.2940407395362854,0.4129711985588074,0.26729562878608704,5.107640743255615,0.6158294677734375,0.00341796875,0.009697336703538895,2.8371636867523193,0.17092083394527435,4.096844673156738,370.22021484375,0.02282176911830902,0.25120383501052856,4.730629920959473,23.571428298950195,1.3427784442901611,0.018408918753266335,11.466461181640625,0.0004547846911009401,1.625,13.1802978515625,0.12329008168616298,1.7870630025863647,0.13558593450288775,0.8958333730697632,0.06796761214951509,0.2244182825088501,1.2068915367126465,0.37621137499809265,-3.7381768226623535,0.16423168778419495,0.21099510788917542,0.2291666716337204,0.21023474633693695,0.000739371869713068,5.6096749669769357e-05,0.44036024808883667,0.41375303268432617,0.5,48
6838,0.23126859962940216,0.33204084634780884,0.29895317554473877,6.629002571105957,0.45243149995803833,0.005859375,0.01693141832947731,2.8896286487579346,0.22582201659679413,4.495278358459473,204.07574462890625,0.03595767915248871,0.3229718506336212,5.311271667480469,26.75,1.5122008323669434,0.019663218408823013,11.468706130981445,0.00042678648605942726,0.9791666865348816,11.58106803894043,0.08454891054927072,1.3754489421844482,0.11876702013768843,0.5625,0.04857064975552613,0.20831260085105896,1.4702694416046143,0.3996610641479492,-5.262415885925293,0.17203281819820404,0.18640486896038055,0.1041666716337204,0.16124460101127625,0.0006342154229059815,5.476312031203433e-05,0.2978097200393677,0.7224071621894836,0.5,48
6882,0.2556595504283905,0.36167848110198975,0.2590998113155365,8.202444076538086,0.43328213691711426,0.00244140625,0.008703076280653477,3.5647799968719482,0.19752515852451324,6.976762771606445,852.9776000976562,0.01712392456829548,0.19591239094734192,4.6710710525512695,31.799999237060547,1.302491307258606,0.019557353109121323,11.468788146972656,0.00045444892020896077,1.3333333730697632,11.665445327758789,0.11429768298292231,2.0079774856567383,0.17213037543944454,0.2708333432674408,0.023216717015578106,0.1893901228904724,1.2905471324920654,0.3406367897987366,-4.483715534210205,0.19408681988716125,0.234139084815979,0.1666666716337204,0.14640308916568756,0.0004968791035935283,4.2594096428125785e-05,0.2482495903968811,0.37133124470710754,0.5,48
7066,0.26791006326675415,0.3940172493457794,0.2450341433286667,5.1126933097839355,0.7127245664596558,0.00439453125,0.01374056376516819,3.126741647720337,0.21871687471866608,5.566845893859863,345.236572265625,0.02823571488261223,0.2810527980327606,5.640923500061035,44.33333206176758,1.3699843883514404,0.018506914377212524,11.473372459411621,0.00042806880082935095,1.6875,10.637042999267578,0.1586437131569137,1.8371667861938477,0.17271405075576046,0.6041666865348816,0.05679836830672756,0.1914304941892624,1.1964104175567627,0.32553815841674805,-4.02916145324707,0.15941780805587769,0.15941780805587769,0.0,0.17295895516872406,0.00048071806668303907,4.519282908456899e-05,0.24652940034866333,0.5862640738487244,0.5,48
7262,0.2730071246623993,0.43510058522224426,0.19856399297714233,7.372696876525879,0.6024506688117981,0.00390625,0.011068718507885933,2.833591938018799,0.18318147957324982,4.485135555267334,337.2777404785156,0.02555946074426174,0.2682422697544098,5.452476501464844,39.625,0.9874135255813599,0.01791379041969776,11.464448928833008,0.0005223038606345654,0.6875,10.688177108764648,0.06432341009703084,1.1290066242218018,0.10563135431575758,0.1666666716337204,0.01559355442764069,0.16754840314388275,1.1297075748443604,0.2837103307247162,-5.072819709777832,0.17823253571987152,0.19585303962230682,0.1041666716337204,0.17066092789173126,0.00052307965233922,4.894002471393159e-05,0.25127652287483215,0.4722653329372406,0.5,48
7270,0.22530196607112885,0.373721718788147,0.2539018392562866,7.264210224151611,0.5000705718994141,0.00439453125,0.016111362725496292,3.6662302017211914,0.25186315178871155,5.77043342590332,305.1367492675781,0.02823571488261223,0.28347209095954895,5.070286750793457,29.11111068725586,1.265812873840332,0.019537102431058884,11.466373443603516,0.00046361362910829484,1.1041667461395264,11.119608879089355,0.09929906322720965,3.0710866451263428,0.27618657056721807,0.2916666865348816,0.026229941128690877,0.18746015429496765,1.0931318998336792,0.3050972819328308,-3.7370548248291016,0.16231952607631683,0.16319668292999268,0.02083333395421505,0.26427215337753296,0.0006313370540738106,5.6776911883410145e-05,0.2884220778942108,0.6874181628227234,0.5,48
7393,0.21922874450683594,0.3016241192817688,0.1993524581193924,6.539825439453125,0.6413179636001587,0.01025390625,0.03227980434894562,3.1480495929718018,0.33646267652511597,6.195927619934082,152.34873962402344,0.057165034115314484,0.39201319217681885,5.773785591125488,30.761905670166016,1.0714914798736572,0.015359386801719666,11.472033500671387,0.00045769676216877997,1.0625,10.686643600463867,0.09942317145859052,1.77073335647583,0.16569593045491007,0.5416666865348816,0.05068632456354272,0.17254957556724548,1.0372936725616455,0.2809828519821167,-3.837615966796875,0.1773756593465805,0.17839229106903076,0.02083333395421505,0.19210238754749298,0.0005295644514262676,4.955386094355599e-05,0.23803463578224182,1.1485408544540405,0.5,48
7490,0.26314878463745117,0.4523639380931854,0.24779391288757324,7.086453914642334,0.5180613994598389,0.0068359375,0.023779459297657013,3.47859525680542,0.2997204661369324,5.74202823638916,192.5606231689453,0.04089350998401642,0.34006616473197937,5.392210960388184,35.57143020629883,1.2819846868515015,0.02296486683189869,11.471973419189453,0.0005055169458501041,1.625,12.015823364257812,0.13523833942843488,2.442798137664795,0.2032984391979447,0.7916666865348816,0.06588534650325457,0.190517395734787,1.3172087669372559,0.3455425500869751,-5.065970420837402,0.15758536756038666,0.15758536756038666,0.0,0.27690842747688293,0.0006604797672480345,5.496749966074053e-05,0.41610032320022583,1.0145902633666992,0.5,48
7589,0.3422587513923645,0.63639235496521,0.3325837552547455,8.125115394592285,0.4569522738456726,0.00390625,0.020696695894002914,5.298354148864746,0.3605465888977051,8.712695121765137,410.9812927246094,0.02555946074426174,0.2604151666164398,5.185463905334473,31.625,1.6863845586776733,0.07300647348165512,11.451051712036133,0.0008906188886612654,1.4791667461395264,12.095641136169434,0.12228923859963912,3.679619312286377,0.3042103570881544,0.625,0.05167150649123971,0.2492457628250122,1.0384740829467773,0.38526543974876404,-2.677851915359497,0.19196981191635132,0.19196981191635132,0.0,0.2337968796491623,0.0006153334397822618,5.0872329324777596e-05,0.2884313762187958,0.8830589652061462,0.5,48
7802,0.2448165863752365,0.46980175375938416,0.2818666994571686,5.236149311065674,0.5937159061431885,0.00244140625,0.011590734124183655,4.747564792633057,0.2549622058868408,8.566398620605469,733.550537109375,0.01712392456829548,0.20011752843856812,4.9550275802612305,34.599998474121094,1.4836572408676147,0.022019047290086746,11.463358879089355,0.00047202559653669596,1.3125,10.7343168258667,0.12227140488480163,3.8027992248535156,0.3542656028325135,0.3125,0.029112239258286102,0.2133454531431198,1.0758960247039795,0.3342272639274597,-3.0880794525146484,0.18713824450969696,0.19501134753227234,0.1041666716337204,0.14929082989692688,0.0003851866058539599,3.588366281186441e-05,0.23917393386363983,0.49453797936439514,0.5,48
7962,0.25905051827430725,0.34746065735816956,0.199445441365242,6.63107442855835,0.6891148090362549,0.0126953125,0.04033476859331131,3.1771388053894043,0.37074705958366394,5.710986614227295,104.70415496826172,0.06804874539375305,0.4221179485321045,6.243802070617676,35.30769348144531,0.990249514579773,0.025729412212967873,11.45633602142334,0.0008081101113930345,1.7291667461395264,10.314878463745117,0.16763811134962425,1.991397738456726,0.1930607077461467,0.9583333730697632,0.09290786852303189,0.1807594746351242,1.286423683166504,0.3154545724391937,-4.107640266418457,0.1828460395336151,0.19531726837158203,0.1041666716337204,0.13756141066551208,0.0006544261705130339,6.344487452554788e-05,0.20878379046916962,1.223831295967102,0.5,48
8034,0.23301823437213898,0.38875076174736023,0.2176298052072525,5.965806484222412,0.6996137499809265,0.01025390625,0.04200822860002518,4.096802711486816,0.4614127576351166,9.711231231689453,206.8247528076172,0.057165034115314484,0.3850930631160736,5.988150596618652,37.52381134033203,1.1317107677459717,0.021405920386314392,11.466873168945312,0.000482209085021168,1.0416667461395264,10.502634048461914,0.09918147584131631,1.5878453254699707,0.15118543754179956,0.4791666865348816,0.04562347729794695,0.1711251437664032,1.5353477001190186,0.3446063995361328,-6.086966037750244,0.15092821419239044,0.15629816055297852,0.0625,0.2007085680961609,0.00045247410889714956,4.308196461749457e-05,0.27776506543159485,1.5462417602539062,0.5,48
8182,0.20543015003204346,0.2807788848876953,0.20031794905662537,6.231663227081299,0.6994515061378479,0.0048828125,0.013736036606132984,2.813140392303467,0.2031632959842682,4.767096042633057,276.4463806152344,0.03085736557841301,0.2976958751678467,5.405617713928223,31.200000762939453,0.9923986792564392,0.019678283482789993,11.460012435913086,0.000610979797784239,0.8958333730697632,10.697833061218262,0.08373970383590461,1.7576768398284912,0.16430213746346373,0.2083333432674408,0.01947434979406684,0.16973620653152466,1.213783860206604,0.29980653524398804,-5.156606674194336,0.1825578212738037,0.1931564062833786,0.0833333358168602,0.13491345942020416,0.0005797729245387018,5.419536093702363e-05,0.21925923228263855,0.5860709547996521,0.5,48
8356,0.2969721555709839,0.5003913640975952,0.46504515409469604,3.1753060817718506,0.6607363224029541,0.0029296875,0.008845326490700245,3.01920485496521,0.16591402888298035,3.9222874641418457,380.026123046875,0.020013848319649696,0.23280860483646393,5.059203147888184,33.33333206176758,2.410538911819458,0.035508450120687485,11.465469360351562,0.0004482078074943274,1.6875,13.726966857910156,0.12293320266874885,6.80563497543335,0.4957857799848732,0.5833333730697632,0.0424954309777956,0.29501432180404663,1.4478428363800049,0.5617844462394714,-4.473419189453125,0.19593852758407593,0.19593852758407593,0.0,0.1538754552602768,0.0006849964847788215,4.990151803893061e-05,0.33250632882118225,0.37740060687065125,0.5,48
8362,0.21611438691616058,0.8762966990470886,0.12335707247257233,12.118678092956543,0.48062771558761597,0.0078125,0.02799157425761223,3.5829215049743652,0.3329527974128723,6.255143165588379,181.8793182373047,0.04568839073181152,0.3565312325954437,5.7496209144592285,30.0625,0.6624041795730591,0.013043775223195553,11.469486236572266,0.0005967944161966443,0.8125,10.815455436706543,0.07512397457542276,1.7497198581695557,0.16177958170983633,0.1875,0.01733630182509756,0.13956330716609955,1.5734431743621826,0.2962513864040375,-8.908485412597656,0.14714491367340088,0.14919564127922058,0.0416666679084301,0.13490432500839233,0.0004554725019261241,4.211311342092596e-05,0.238687664270401,1.1943072080612183,0.5,48
8451,0.29775044322013855,0.5016161203384399,0.26855945587158203,5.370103359222412,0.7039283514022827,0.0107421875,0.05355159193277359,4.985166549682617,0.5460177063941956,9.69223403930664,139.6116180419922,0.05938481166958809,0.3974565267562866,6.153200149536133,35.3636360168457,1.401720643043518,0.030541904270648956,11.462934494018555,0.0006250028382055461,2.4166667461395264,11.243038177490234,0.21494783757191835,3.1005427837371826,0.27577445989528493,0.75,0.06670794739757273,0.23200556635856628,1.4625825881958008,0.4376288652420044,-5.013902187347412,0.20343540608882904,0.20343540608882904,0.0,0.16318576037883759,0.0006198018090799451,5.5127608636033854e-05,0.20928481221199036,1.8931132555007935,0.5,48
8586,0.17598150670528412,0.3960675001144409,0.3260248601436615,4.359297752380371,0.7330471277236938,0.0029296875,0.011294879950582981,3.855319023132324,0.22089320421218872,6.101555824279785,498.1456298828125,0.020013848319649696,0.227167010307312,5.035139083862305,34.0,1.592487096786499,0.024824142456054688,11.464071273803711,0.0004772607353515923,1.2083333730697632,12.239818572998047,0.09872151003514232,1.3084943294525146,0.10690471599555434,0.5208333730697632,0.04255237686228754,0.2281128168106079,1.0526089668273926,0.3590105175971985,-2.778181552886963,0.18552705645561218,0.1901065707206726,0.0625,0.14318978786468506,0.0005948271718807518,4.859771146502186e-05,0.33951714634895325,0.4819148778915405,0.5,48
8701,0.18959377706050873,0.3168671727180481,0.40835443139076233,5.292967796325684,0.5032691955566406,0.01806640625,0.09796332567930222,5.422402381896973,0.7914915680885315,11.111173629760742,94.9229507446289,0.09041537344455719,0.4614580273628235,6.231184005737305,31.83783721923828,2.063608169555664,0.03080715797841549,11.46360969543457,0.00048242288175970316,1.8333333730697632,12.683737754821777,0.1445420432890449,5.5592169761657715,0.43829485276684016,0.8541666865348816,0.06734345209374357,0.27219638228416443,1.180675745010376,0.42511463165283203,-2.8654510974884033,0.18824204802513123,0.18824204802513123,0.0,0.18906085193157196,0.0005340249626897275,4.210312232809169e-05,0.3949119746685028,2.6430065631866455,0.5,48
8781,0.312513142824173,0.4577235281467438,0.26338037848472595,7.279237270355225,0.5249484777450562,0.00439453125,0.016932852566242218,3.8531646728515625,0.26669472455978394,5.815980911254883,301.98553466796875,0.02823571488261223,0.2820240557193756,5.502992630004883,38.66666793823242,1.3383777141571045,0.022761819884181023,11.466935157775879,0.0005308231338858604,0.8958333730697632,11.11936092376709,0.08056518521215651,1.773144006729126,0.1594645607144986,0.375,0.03372495975566422,0.1980818212032318,1.1155831813812256,0.32209160923957825,-3.4694814682006836,0.16860684752464294,0.16860684752464294,0.0,0.19784103333950043,0.0007008048705756664,6.302564281796752e-05,0.29295048117637634,0.722468376159668,0.5,48
8798,0.16778947412967682,0.2391725480556488,0.28944388031959534,5.5583977699279785,0.5463327169418335,0.00244140625,0.008629926480352879,3.534817934036255,0.177474245429039,4.294217109680176,450.3150939941406,0.01712392456829548,0.20867721736431122,4.786361217498779,31.0,1.4570175409317017,0.02555171586573124,11.464123725891113,0.0005068740574643016,0.9791666865348816,11.084391593933105,0.088337431725837,1.0300195217132568,0.09292521940020344,0.3333333432674408,0.030072317469292873,0.19210663437843323,1.260772466659546,0.34566181898117065,-4.550170421600342,0.1787780225276947,0.18316535651683807,0.0416666679084301,0.20034463703632355,0.0005336360773071647,4.814301915477373e-05,0.2907005548477173,0.36821019649505615,0.5,48
9062,0.27082234621047974,0.4131150245666504,0.2675824761390686,5.505786418914795,0.5872282385826111,0.0029296875,0.008441804908216,2.881469488143921,0.16663581132888794,5.267868518829346,594.0885009765625,0.020013848319649696,0.22688156366348267,5.168525695800781,37.0,1.3204395771026611,0.05921557545661926,11.457209587097168,0.0012438675621524453,1.0,11.038284301757812,0.09059378901255652,1.5681495666503906,0.14206461098125742,0.5208333730697632,0.04718426871058026,0.19219093024730682,1.0021088123321533,0.30539917945861816,-4.1470723152160645,0.17888623476028442,0.17888623476028442,0.0,0.14602263271808624,0.0004992997855879366,4.523345942956824e-05,0.22715087234973907,0.3601836860179901,0.5,48
9181,0.2646821439266205,0.3295162618160248,0.24897097051143646,6.865830898284912,0.5358556509017944,0.00244140625,0.013407433405518532,5.491684913635254,0.28899744153022766,8.009977340698242,566.345947265625,0.01712392456829548,0.201616108417511,4.6772565841674805,27.399999618530273,1.481130599975586,0.019575050100684166,11.478595733642578,0.00043419282883405685,0.9791666865348816,11.389605522155762,0.08597020184504583,2.150766611099243,0.1888359175414004,0.1875,0.016462378742673717,0.18482784926891327,1.7228740453720093,0.3966284990310669,-6.822082996368408,0.18383023142814636,0.18383023142814636,0.0,0.22190701961517334,0.0004377604345791042,3.8435083053859485e-05,0.2375745326280594,0.5720505118370056,0.5,48
9323,0.25942087173461914,0.3895578682422638,0.2646491527557373,5.028381824493408,0.6497785449028015,0.0126953125,0.03794132545590401,2.9886090755462646,0.34799185395240784,5.092355251312256,103.49110412597656,0.06804874539375305,0.422426700592041,6.047644138336182,32.38461685180664,1.3780711889266968,0.06655876338481903,11.458616256713867,0.0013691307976841927,1.3125,10.81486701965332,0.12136071543008821,1.1536874771118164,0.1066760667466846,0.8333333730697632,0.07705442616953528,0.20810304582118988,0.9030259847640991,0.3055746555328369,-2.688462018966675,0.20330995321273804,0.20330995321273804,0.0,0.1443784236907959,0.0006719528464600444,6.21323262336573e-05,0.2417626976966858,1.1482547521591187,0.5,48
9410,0.18345744907855988,0.28181225061416626,0.27485761046409607,5.240670204162598,0.6607860922813416,0.00244140625,0.007015494629740715,2.873546600341797,0.14711877703666687,4.115401268005371,523.6275024414062,0.01712392456829548,0.20619149506092072,4.997021675109863,37.79999923706055,1.3979202508926392,0.03755062073469162,11.460393905639648,0.0007049049017950892,0.8958333730697632,10.822943687438965,0.0827716929989892,1.6246193647384644,0.1501088253025744,0.2708333432674408,0.025024000016883402,0.19449388980865479,1.4797258377075195,0.3865271508693695,-5.666502475738525,0.1928376406431198,0.1928376406431198,0.0,0.16666586697101593,0.00046076750732026994,4.257321484812874e-05,0.24286557734012604,0.2993277609348297,0.5,48
9585,0.19235968589782715,0.2403169721364975,0.20934508740901947,6.169478416442871,0.6952672004699707,0.00927734375,0.03024234063923359,3.259805917739868,0.3326890468597412,6.610021591186523,177.8745880126953,0.05265381559729576,0.3786129951477051,5.997483253479004,36.0,1.1539093255996704,0.016439177095890045,11.475000381469727,0.00044158275704830885,0.6666666865348816,11.126449584960938,0.05991728815603573,1.1494425535202026,0.10330721796832425,0.2916666865348816,0.026213814572707418,0.17336806654930115,1.0788296461105347,0.283680260181427,-4.369664669036865,0.18106751143932343,0.18106751143932343,0.0,0.17885355651378632,0.000555563485249877,4.993178466394944e-05,0.24683809280395508,1.198325276374817,0.5,48
9603,0.2560276985168457,0.34042122960090637,0.255786657333374,8.650471687316895,0.4419816732406616,0.00244140625,0.007470501586794853,3.059917449951172,0.15357716381549835,3.5292768478393555,447.8934326171875,0.01712392456829548,0.20870757102966309,4.717412948608398,30.799999237060547,1.3848142623901367,0.020702822133898735,11.467405319213867,0.00047209940385073423,0.9583333730697632,11.60284423828125,0.08259469424591498,1.3453261852264404,0.1159479655538534,0.2708333432674408,0.023341978696952672,0.19522914290428162,1.016426682472229,0.3159673810005188,-4.010100841522217,0.18473517894744873,0.18473517894744873,0.0,0.1959783136844635,0.0004786152276210487,4.1249819214969364e-05,0.25815868377685547,0.31874141097068787,0.5,48
9636,0.23653295636177063,0.5020151734352112,0.2775520086288452,7.346916198730469,0.4780595600605011,0.00244140625,0.009158485569059849,3.7513155937194824,0.19939880073070526,6.302371501922607,652.1694946289062,0.01712392456829548,0.2009548544883728,4.587162971496582,37.20000076293945,1.5530949831008911,0.020489627495408058,11.472896575927734,0.00044397381134331226,1.1666667461395264,11.507678031921387,0.10138159426162856,1.5021775960922241,0.1305369850129568,0.4583333432674408,0.03982848161008464,0.19392162561416626,1.2681734561920166,0.3541315495967865,-5.806211948394775,0.16797322034835815,0.17741432785987854,0.0833333358168602,0.16428858041763306,0.000520234985742718,4.520764170213582e-05,0.2861312925815582,0.390762060880661,0.5,48
10003,0.2449118196964264,0.39251992106437683,0.26624149084091187,5.446046352386475,0.5937643647193909,0.00244140625,0.0070768194273114204,2.898665189743042,0.14696143567562103,4.055238723754883,499.7110290527344,0.01712392456829548,0.20763039588928223,4.801638603210449,31.599998474121094,1.3426786661148071,0.02030307799577713,11.465753555297852,0.0004934926982969046,1.2291667461395264,11.512923240661621,0.10676408757166768,2.156446933746338,0.1873066367937797,0.4583333432674408,0.03981033602748124,0.19085010886192322,0.9490005970001221,0.2828757166862488,-2.6835715770721436,0.17257893085479736,0.21938571333885193,0.2291666716337204,0.19704021513462067,0.0005728814285248518,4.97598582090721e-05,0.3401138484477997,0.3019442856311798,0.5,48
10071,0.25575554370880127,0.3814149796962738,0.24337048828601837,7.691462516784668,0.5035970211029053,0.0029296875,0.009272378869354725,3.1649720668792725,0.17606373131275177,4.6711297035217285,428.4468994140625,0.020013848319649696,0.23140348494052887,5.092754364013672,40.0,1.256945013999939,0.018899399787187576,11.467588424682617,0.00048284479998983443,0.8958333730697632,10.61417293548584,0.08439973398499757,1.6111962795257568,0.15179668616677205,0.1666666716337204,0.015702275861691418,0.1820816844701767,0.9931365251541138,0.2864140272140503,-3.125216007232666,0.2273951768875122,0.27368736267089844,0.1666666716337204,0.14874520897865295,0.000433442706707865,4.083622048877639e-05,0.22005730867385864,0.39562150835990906,0.5,48
10277,0.37450408935546875,0.5573038458824158,0.23103687167167664,8.484386444091797,0.5327615141868591,0.0087890625,0.030640868470072746,3.4862499237060547,0.3372803330421448,6.107785224914551,147.94293212890625,0.05035991966724396,0.3745741844177246,6.00958776473999,42.0,1.287022352218628,0.019875463098287582,11.465789794921875,0.0005014616763219237,0.7291666865348816,11.858443260192871,0.06148924187778503,1.0589189529418945,0.08929662425451496,0.2708333432674408,0.022838861484306434,0.20517536997795105,1.1684932708740234,0.3313763439655304,-3.2140603065490723,0.17773309350013733,0.17773309350013733,0.0,0.10264340043067932,0.0005976669490337372,5.0400118752182253e-05,0.31107428669929504,1.2103536128997803,0.5,48
10490,0.16147199273109436,0.3235662877559662,0.31382283568382263,4.925943851470947,0.6630100011825562,0.00439453125,0.024176623672246933,5.501524925231934,0.3836823105812073,7.963168144226074,301.8601379394531,0.02823571488261223,0.28047817945480347,4.573818206787109,34.0,1.5923678874969482,0.04038288816809654,11.4638032913208,0.0005339207709766924,1.4583333730697632,11.605253219604492,0.12566148658864407,1.7320680618286133,0.14924862280559148,0.6458333730697632,0.05565008882548728,0.219084233045578,1.2612675428390503,0.3872006833553314,-3.7669501304626465,0.1946757733821869,0.22978699207305908,0.125,0.1959684193134308,0.00045206781942397356,3.895372298044892e-05,0.2661546766757965,1.0315359830856323,0.5,48
10550,0.3102779686450958,0.47570982575416565,0.2646266520023346,5.944431304931641,0.6280373930931091,0.00390625,0.011326950043439865,2.8996992111206055,0.18366500735282898,3.8616719245910645,282.5405578613281,0.02555946074426174,0.27074578404426575,5.251768589019775,32.0,1.358441710472107,0.019388891756534576,11.46760368347168,0.0004518302739597857,1.0416667461395264,11.438888549804688,0.09106363268542168,1.6872490644454956,0.1475011366379029,0.4583333432674408,0.040067996193090503,0.188555046916008,1.4522390365600586,0.37252694368362427,-6.774341106414795,0.17296254634857178,0.17296254634857178,0.0,0.18398423492908478,0.0006618413026444614,5.785888193457162e-05,0.23389136791229248,0.4832831919193268,0.5,48
10580,0.25166067481040955,0.3595757782459259,0.2157001793384552,5.7577619552612305,0.6440171003341675,0.00341796875,0.009814087301492691,2.871321439743042,0.17258739471435547,3.987248420715332,354.8974304199219,0.02282176911830902,0.2513168454170227,4.995142936706543,30.14285659790039,1.149796724319458,0.01643434725701809,11.46826457977295,0.000449236948043108,1.3958333730697632,11.508013725280762,0.12129229293413846,3.8198843002319336,0.33193254614574363,0.2916666865348816,0.025344659230002713,0.190525621175766,1.2051568031311035,0.3125030994415283,-3.697969436645508,0.18478527665138245,0.19334468245506287,0.0625,0.18130432069301605,0.0006806226447224617,5.914336395305462e-05,0.2417709082365036,0.41873443126678467,0.5,48
10591,0.15645496547222137,0.20506832003593445,0.25135084986686707,4.591481685638428,0.795421838760376,0.00390625,0.010319359600543976,2.641756057739258,0.16638705134391785,3.1901371479034424,270.0093994140625,0.02555946074426174,0.2714857757091522,5.130526065826416,30.75,1.2276257276535034,0.017595656216144562,11.467818260192871,0.0004379194579087198,1.1875,11.54077434539795,0.10289604175863401,2.513739824295044,0.21781379194189826,0.375,0.03249348687114758,0.19064651429653168,1.3905847072601318,0.36234837770462036,-5.268505573272705,0.1552598625421524,0.1552598625421524,0.0,0.1584145426750183,0.0006185949896462262,5.36008217990062e-05,0.2717522978782654,0.44029268622398376,0.5,48
10711,0.20806796848773956,0.30243560671806335,0.2657695412635803,5.081399440765381,0.6714798808097839,0.00244140625,0.00749031500890851,3.06803297996521,0.1560005098581314,4.397107124328613,509.049072265625,0.01712392456829548,0.2072029709815979,4.7499260902404785,32.20000076293945,1.3210564851760864,0.01860189251601696,11.464234352111816,0.0004575566272251308,1.125,11.330241203308105,0.09929179607214489,1.979964017868042,0.1747503853265229,0.3958333432674408,0.03493600319845872,0.1939897984266281,0.8659069538116455,0.2794841229915619,-2.6022820472717285,0.18230414390563965,0.22313587367534637,0.2708333432674408,0.20240625739097595,0.0006522293551824987,5.756535477959753e-05,0.26344701647758484,0.31958678364753723,0.5,48
10718,0.21272556483745575,0.2950003445148468,0.24675914645195007,6.950113773345947,0.5544290542602539,0.00341796875,0.013731110841035843,4.017330646514893,0.2568680942058563,6.537266254425049,473.8504943847656,0.02282176911830902,0.24229508638381958,5.179802417755127,34.0,1.406168818473816,0.02176092565059662,11.472480773925781,0.00045259861508384347,0.9791666865348816,11.107940673828125,0.08815015441705003,1.3641259670257568,0.12280637841465665,0.3333333432674408,0.030008563491227092,0.18529300391674042,1.3781530857086182,0.363159716129303,-6.7308244705200195,0.17234459519386292,0.17234459519386292,0.0,0.1382373720407486,0.0005778675549663603,5.20229240877806e-05,0.28236520290374756,0.5858607888221741,0.5,48
10784,0.17021380364894867,0.31481537222862244,0.4456048011779785,4.029008388519287,0.5756396055221558,0.0068359375,0.03930605202913284,5.749913692474365,0.5272600650787354,12.744607925415039,292.1818542480469,0.04089350998401642,0.33190682530403137,5.49904727935791,28.428571701049805,2.2139508724212646,0.04597695544362068,11.463706970214844,0.0005335471360012889,2.0833334922790527,12.3682279586792,0.16844235872388527,4.237627983093262,0.3426220792359633,1.0208333730697632,0.08253675269043231,0.2691771984100342,1.441957950592041,0.4788739085197449,-3.5872435569763184,0.21913354098796844,0.2271689623594284,0.0416666679084301,0.19074133038520813,0.0006975297583267093,5.6396903428130964e-05,0.3058055639266968,1.6770581007003784,0.5,48
10859,0.3160346448421478,0.4191228747367859,0.2393368035554886,6.5247883796691895,0.5747714042663574,0.00732421875,0.025594083592295647,3.494445562362671,0.30843111872673035,5.515410900115967,169.80467224121094,0.0433073565363884,0.3505991995334625,5.798364162445068,34.13333511352539,1.2429227828979492,0.01703765243291855,11.465550422668457,0.00043713327613659203,1.8958333730697632,11.556361198425293,0.16405106580500312,4.338673114776611,0.3754359210936963,0.9375,0.0811241517197044,0.2155860960483551,0.9295975565910339,0.2932035028934479,-2.097527027130127,0.20895922183990479,0.246185302734375,0.1666666716337204,0.23576723039150238,0.0006953986594453454,6.0174534778158134e-05,0.24826180934906006,1.092014193534851,0.5,48
10884,0.2605392634868622,0.40476152300834656,0.2683437168598175,7.37738037109375,0.42410826683044434,0.00390625,0.014040625654160976,3.59440016746521,0.23030215501785278,5.178386211395264,307.0936584472656,0.02555946074426174,0.2692216634750366,5.081189155578613,30.75,1.3686572313308716,0.019945364445447922,11.468937873840332,0.0004620988038368523,0.9375,11.3589506149292,0.08253403249614384,2.488028049468994,0.2190367870786041,0.3125,0.02751134416538128,0.19271552562713623,1.3269792795181274,0.35311251878738403,-5.3488969802856445,0.18628577888011932,0.1989324986934662,0.1041666716337204,0.15682555735111237,0.000531479949131608,4.6789528952188814e-05,0.22541528940200806,0.5990666747093201,0.5,48
10995,0.268033504486084,0.8264541625976562,0.27643918991088867,4.751968860626221,0.7441191673278809,0.00341796875,0.00837449636310339,2.4501383304595947,0.14590288698673248,3.509728193283081,343.36956787109375,0.02282176911830902,0.2527415454387665,4.987358570098877,27.14285659790039,1.477575659751892,0.026321010664105415,11.463991165161133,0.0005845944979228079,0.875,11.091001510620117,0.07889278514417489,1.272545337677002,0.11473673818465509,0.2083333432674408,0.018783997358589533,0.18408814072608948,1.089493989944458,0.3075142502784729,-3.8796582221984863,0.1751813143491745,0.1831369698047638,0.1041666716337204,0.14847974479198456,0.0004360630118753761,3.931682914880666e-05,0.2776263952255249,0.35731184482574463,0.5,48
11101,0.21277907490730286,0.29928961396217346,0.27165931463241577,5.061064720153809,0.6575747728347778,0.0048828125,0.013662291690707207,2.79803729057312,0.20021933317184448,4.3622612953186035,250.6381072998047,0.03085736557841301,0.29871946573257446,5.464824676513672,34.20000076293945,1.3818062543869019,0.05958184227347374,11.466005325317383,0.0011078633833676577,1.2291667461395264,11.175161361694336,0.1099909616744232,2.233004093170166,0.19981850989876185,0.5208333730697632,0.04660634023495952,0.1926921010017395,1.7608153820037842,0.4319755434989929,-7.442997932434082,0.17978541553020477,0.20375874638557434,0.1458333432674408,0.19762425124645233,0.0006562733906321228,5.872607730698219e-05,0.24768327176570892,0.582924485206604,0.5,48
11120,0.19525040686130524,0.2510664761066437,0.24668864905834198,4.866786003112793,0.7384297847747803,0.00244140625,0.00990609172731638,4.057535171508789,0.211502343416214,6.4178595542907715,593.8318481445312,0.01712392456829548,0.20382843911647797,4.918880462646484,34.400001525878906,1.3058087825775146,0.019826244562864304,11.467750549316406,0.0004603854613378644,0.8333333730697632,11.5150146484375,0.07236928460695856,1.6523503065109253,0.14349528468035286,0.2708333432674408,0.023520017238448813,0.17951607704162598,1.1566307544708252,0.30091387033462524,-3.869568347930908,0.14730265736579895,0.14730265736579895,0.0,0.18123361468315125,0.0007734321989119053,6.716727870990432e-05,0.373880535364151,0.42265990376472473,0.5,48
11253,0.18720638751983643,0.30985698103904724,0.27941498160362244,5.624334335327148,0.5927048325538635,0.00390625,0.012546855956315994,3.2119951248168945,0.21545091271400452,5.781468391418457,420.1106262207031,0.02555946074426174,0.2633116841316223,5.11155366897583,28.875,1.5382635593414307,0.024174366146326065,11.471604347229004,0.00045223848428577185,1.1041667461395264,11.179431915283203,0.09876769709938146,1.6298508644104004,0.14579013274586508,0.4166666865348816,0.03727082818873432,0.19662272930145264,0.9684315919876099,0.3008914589881897,-3.302395820617676,0.19038008153438568,0.19832965731620789,0.0625,0.20205162465572357,0.0007043328951112926,6.300256576708392e-05,0.28358548879623413,0.5353325009346008,0.5,48
11342,0.23895084857940674,0.35472366213798523,0.2661418914794922,6.532358646392822,0.5028602480888367,0.00341796875,0.013354829512536526,3.9072415828704834,0.25920557975769043,7.247463703155518,604.0162963867188,0.02282176911830902,0.23799791932106018,5.311642646789551,38.71428680419922,1.331758975982666,0.02904174104332924,11.462297439575195,0.0005881962715648115,0.7708333730697632,10.42214584350586,0.07396110013279712,1.6246182918548584,0.15588136211971743,0.1458333432674408,0.013992640797517197,0.1903214305639267,1.2052216529846191,0.3405071198940277,-4.764842987060547,0.1910719871520996,0.1939922422170639,0.0416666679084301,0.16302256286144257,0.0005856789648532867,5.619562162011701e-05,0.21880905330181122,0.5698060393333435,0.5,48
11655,0.2838916778564453,0.4506406784057617,0.2366447001695633,6.697537422180176,0.6215454339981079,0.00341796875,0.011130786500871181,3.2565500736236572,0.19882923364639282,5.03341007232666,396.5066223144531,0.02282176911830902,0.24925781786441803,5.394054412841797,44.85714340209961,1.196406602859497,0.018237652257084846,11.467531204223633,0.0004659903352148831,1.2291667461395264,11.079977035522461,0.11093585673412978,1.6140382289886475,0.14567162209428022,0.5416666865348816,0.04888698634567794,0.18658845126628876,1.2393677234649658,0.32694217562675476,-4.731375217437744,0.1579529196023941,0.1579529196023941,0.0,0.1928461492061615,0.0006736124632880092,6.0795474622415686e-05,0.2266291379928589,0.4749135673046112,0.5,48
11821,0.24476900696754456,0.36928591132164,0.3516750633716583,9.2841796875,0.3654259741306305,0.00244140625,0.006863744929432869,2.811389923095703,0.14652137458324432,4.678749084472656,634.6407470703125,0.01712392456829548,0.20441174507141113,4.876930236816406,33.599998474121094,1.7865676879882812,0.02585700713098049,11.469584465026855,0.0004535569460131228,1.2708333730697632,11.613784790039062,0.10942456700812027,2.299826145172119,0.19802555194275545,0.5208333730697632,0.044846136038960475,0.22835955023765564,1.1244885921478271,0.3654170036315918,-3.008999824523926,0.19685542583465576,0.19734176993370056,0.02083333395421505,0.15949217975139618,0.0005809460999444127,5.002211681608382e-05,0.31948500871658325,0.29285311698913574,0.5,48
12003,0.2336953729391098,0.44225752353668213,0.2891281545162201,5.8664469718933105,0.6217654943466187,0.00244140625,0.010496057569980621,4.299185276031494,0.2306952029466629,6.273625373840332,604.057861328125,0.01712392456829548,0.1983717679977417,4.688723564147949,34.0,1.4440605640411377,0.027892479673027992,11.465988159179688,0.0004978767246939242,0.6041666865348816,10.404647827148438,0.05806700005528137,1.266918420791626,0.12176466139183097,0.0833333358168602,0.00800924136224288,0.1929575651884079,0.8289755582809448,0.280101478099823,-3.1731042861938477,0.1596897542476654,0.1685146987438202,0.125,0.16806986927986145,0.0005165945622138679,4.9650364942620585e-05,0.26661622524261475,0.44783177971839905,0.5,48
12018,0.339598685503006,0.4960724115371704,0.28511252999305725,10.86750316619873,0.3409457802772522,0.00244140625,0.014121163636446,5.78402853012085,0.3423827290534973,11.525766372680664,874.4981079101562,0.01712392456829548,0.18277008831501007,4.972053527832031,41.20000076293945,1.4266096353530884,0.02123447135090828,11.465740203857422,0.0004494296736083925,1.2083333730697632,11.455355644226074,0.10548196053816876,1.8095121383666992,0.15796210898953097,0.6041666865348816,0.05274098026908438,0.20614898204803467,1.3135151863098145,0.37739306688308716,-5.460096836090088,0.17560069262981415,0.1829603910446167,0.0625,0.1511586755514145,0.0005044666468165815,4.403762415097738e-05,0.2547031342983246,0.6025030016899109,0.5,48
12035,0.2503296434879303,0.341828852891922,0.2637088894844055,9.17345905303955,0.3801094889640808,0.00244140625,0.007924813777208328,3.2460036277770996,0.16223536431789398,3.858081817626953,441.63336181640625,0.01712392456829548,0.20939193665981293,4.586205005645752,30.0,1.3307381868362427,0.019999496638774872,11.46766185760498,0.000472645100671798,1.2291667461395264,10.756818771362305,0.11426861148476627,2.128049373626709,0.19783259501534528,0.5208333730697632,0.048418903735013175,0.19215890765190125,1.235248327255249,0.3332282304763794,-3.917238235473633,0.1832699179649353,0.18716534972190857,0.02083333395421505,0.14963848888874054,0.0006292235339060426,5.8495317871884245e-05,0.2612574100494385,0.3381253778934479,0.5,48
12224,0.1815803050994873,0.23449257016181946,0.261471152305603,5.555265426635742,0.5985013246536255,0.00341796875,0.009211398661136627,2.6949920654296875,0.16221821308135986,4.1599016189575195,374.9973449707031,0.02282176911830902,0.2513872981071472,5.030675411224365,35.28571319580078,1.3495182991027832,0.01977665349841118,11.46540641784668,0.000468613114207983,0.9166666865348816,11.422141075134277,0.08025349010334916,2.2104134559631348,0.19352006243732622,0.1666666716337204,0.014591543773753086,0.1871711015701294,1.2072341442108154,0.32641899585723877,-4.823099613189697,0.17408254742622375,0.1756843626499176,0.0416666679084301,0.15914049744606018,0.0007123008836060762,6.236141528081137e-05,0.27155131101608276,0.3930197060108185,0.5,48
12376,0.20023980736732483,0.30482906103134155,0.2813281714916229,5.903871536254883,0.5574030876159668,0.00244140625,0.007125296629965305,2.9185214042663574,0.14539259672164917,3.3850321769714355,431.1961975097656,0.01712392456829548,0.2098250389099121,4.835628986358643,30.799999237060547,1.4186787605285645,0.022433608770370483,11.469221115112305,0.0004645153530873358,1.1875,12.510251998901367,0.09492214858302318,2.3428053855895996,0.18727083866277297,0.375,0.029975415342007324,0.19760780036449432,1.396281123161316,0.377078115940094,-5.952789783477783,0.18469032645225525,0.22171804308891296,0.1875,0.18862181901931763,0.0005367481498979032,4.290466327264974e-05,0.28725171089172363,0.304012656211853,0.5,48
12480,0.3578852117061615,0.6011960506439209,0.22359615564346313,8.244699478149414,0.5883435606956482,0.00830078125,0.02741633914411068,3.3028624057769775,0.31707221269607544,6.8111138343811035,192.7366485595703,0.04803864285349846,0.36469683051109314,6.121864318847656,42.70588302612305,1.186862826347351,0.01967252790927887,11.45473861694336,0.0005222383188083768,1.125,10.56313705444336,0.10650245217274226,3.070117473602295,0.2906444794640255,0.7083333730697632,0.06705710327797303,0.20415008068084717,1.5370628833770752,0.3978613615036011,-6.095377445220947,0.2280612587928772,0.2305595874786377,0.02083333395421505,0.10436814278364182,0.0004379239398986101,4.145775419053385e-05,0.19517694413661957,1.1259549856185913,0.5,48
12555,0.17903666198253632,0.21846263110637665,0.1640992909669876,7.320590972900391,0.6926594972610474,0.00244140625,0.005769102834165096,2.3630244731903076,0.1175699234008789,2.835833787918091,431.72760009765625,0.01712392456829548,0.21006226539611816,4.720361709594727,30.799999237060547,0.8381282091140747,0.01198065560311079,11.461725234985352,0.00048031320329755545,0.9375,10.711638450622559,0.08752162458118593,1.229062557220459,0.11474085516783078,0.3333333432674408,0.031118800778500835,0.15852509438991547,1.299511432647705,0.2910366356372833,-5.671895503997803,0.21253299713134766,0.2814908027648926,0.2708333432674408,0.15626811981201172,0.0005049139726907015,4.7136950574539456e-05,0.26066064834594727,0.24614840745925903,0.5,48
12709,0.22061149775981903,0.2993691563606262,0.20239904522895813,6.47606897354126,0.6384986639022827,0.00439453125,0.020055066794157028,4.5636420249938965,0.32436403632164,8.36032772064209,367.1559753417969,0.02823571488261223,0.27863648533821106,5.496224403381348,41.66666793823242,1.0679351091384888,0.014454553835093975,11.470138549804688,0.00044463560334406793,1.0208333730697632,10.836057662963867,0.09420708193688912,1.5550241470336914,0.14350460231616344,0.4583333432674408,0.042297056466485,0.16931363940238953,0.9114937782287598,0.2468724250793457,-2.7471649646759033,0.17278987169265747,0.21870848536491394,0.1875,0.18964144587516785,0.0005489056347869337,5.0655473729755214e-05,0.2466709166765213,0.8556828498840332,0.5,48
12841,0.20707054436206818,0.3532806932926178,0.284325510263443,4.618035793304443,0.6980903148651123,0.00244140625,0.010848335921764374,4.443478584289551,0.24015088379383087,8.305021286010742,787.0679931640625,0.01712392456829548,0.1997297704219818,5.022827625274658,41.79999923706055,1.429518461227417,0.032743338495492935,11.46389389038086,0.0005058014066889882,1.5208333730697632,11.46697998046875,0.13262719341394735,3.1647257804870605,0.2759859861199332,0.5,0.043603459709147085,0.19993498921394348,1.1343756914138794,0.3320697546005249,-3.5459866523742676,0.19654569029808044,0.2534758448600769,0.1875,0.20604538917541504,0.0006773187778890133,5.906688408386467e-05,0.3083561360836029,0.4628623425960541,0.5,48
12920,0.26075804233551025,0.3151457905769348,0.2031032294034958,6.604487895965576,0.6409227252006531,0.0029296875,0.007919767871499062,2.7032806873321533,0.14788243174552917,3.4166934490203857,369.6534729003906,0.020013848319649696,0.23344922065734863,5.088019371032715,34.33333206176758,1.084229826927185,0.04210352152585983,11.464624404907227,0.0008099012775346637,0.7291666865348816,10.2998685836792,0.07079378536754877,1.2041348218917847,0.11690778488482226,0.1875,0.018204115741346893,0.1727869212627411,1.0921679735183716,0.28072643280029297,-3.6345767974853516,0.1832164227962494,0.19338107109069824,0.1041666716337204,0.15099376440048218,0.0003866333863697946,3.753770087970471e-05,0.20726758241653442,0.33791008591651917,0.5,48
12971,0.346811980009079,0.5120029449462891,0.18264614045619965,8.830890655517578,0.6343817710876465,0.02099609375,0.08139213919639587,3.876537322998047,0.604388952255249,8.105704307556152,77.06086730957031,0.10189082473516464,0.4823039174079895,6.465818405151367,33.627906799316406,0.9208695888519287,0.01644049771130085,11.46578598022461,0.0005817109486088157,1.2083333730697632,10.816736221313477,0.11170960881635875,1.0773981809616089,0.09960473824282025,0.5,0.04622466419700103,0.16859468817710876,1.2808973789215088,0.31257590651512146,-6.265319347381592,0.1601218581199646,0.16836249828338623,0.1041666716337204,0.18035945296287537,0.0004325273912400007,3.998686683214784e-05,0.2573833465576172,1.9231611490249634,0.5,48
13140,0.200903058052063,0.2764803469181061,0.3258036673069,6.566611289978027,0.48756688833236694,0.00341796875,0.011787516064941883,3.448690414428711,0.21562306582927704,6.077680587768555,472.0283203125,0.02282176911830902,0.2462598979473114,5.099277973175049,33.42856979370117,1.6575671434402466,0.029873076826334,11.46513557434082,0.0005438445950858295,1.1875,11.942377090454102,0.09943581499824235,2.2029073238372803,0.18446137693587952,0.2708333432674408,0.02267834460336565,0.20870499312877655,0.8846049308776855,0.30187368392944336,-2.100672483444214,0.17527298629283905,0.17734794318675995,0.02083333395421505,0.19754493236541748,0.0004183711134828627,3.5032482223907865e-05,0.3043900728225708,0.5029340386390686,0.5,48
13199,0.23953990638256073,0.3202386498451233,0.28952130675315857,5.153238773345947,0.6161779761314392,0.0048828125,0.015237565152347088,3.1206533908843994,0.22869856655597687,5.9171857833862305,324.3075866699219,0.03085736557841301,0.2961284816265106,5.223393440246582,31.099998474121094,1.4555628299713135,0.04819886013865471,11.462099075317383,0.0008554015075787902,1.1458333730697632,11.97450065612793,0.09568944919022493,1.7676547765731812,0.1476182452912894,0.3333333432674408,0.02783693053776641,0.21059834957122803,0.9435372352600098,0.3219331204891205,-2.940284490585327,0.18370358645915985,0.2080758512020111,0.1041666716337204,0.23887468874454498,0.0005564088933169842,4.646614575678205e-05,0.3008418679237366,0.6501361131668091,0.5,48
13493,0.285527765750885,0.36456286907196045,0.28798162937164307,6.157378196716309,0.5327736735343933,0.0029296875,0.011295441538095474,3.855510711669922,0.2135009765625,5.063228130340576,393.5420837402344,0.020013848319649696,0.23162713646888733,4.631625652313232,24.33333396911621,1.4343923330307007,0.0406075045466423,11.462671279907227,0.0007190332980826497,1.5625,11.27938461303711,0.13852706084769348,4.252742767333984,0.37703677190404045,0.5416666865348816,0.04802271618866308,0.2113245725631714,1.0725975036621094,0.32101836800575256,-2.699532985687256,0.21927031874656677,0.21994242072105408,0.02083333395421505,0.1459997594356537,0.0005904952413402498,5.235172494554511e-05,0.22278128564357758,0.4819388687610626,0.5,48
13721,0.281379759311676,0.42659151554107666,0.27992311120033264,9.428359985351562,0.4522375166416168,0.00390625,0.014806896448135376,3.7905654907226562,0.25892430543899536,7.055691719055176,452.47760009765625,0.02555946074426174,0.260579913854599,5.181899547576904,32.125,1.4817464351654053,0.022140685468912125,11.469594955444336,0.0004680579877458513,1.1875,11.370695114135742,0.1044351279350882,2.9868412017822266,0.2626788572883532,0.5,0.04397268544635293,0.21103887259960175,1.2111001014709473,0.36240360140800476,-4.363574028015137,0.19702696800231934,0.20980863273143768,0.0833333358168602,0.18450912833213806,0.0005007406580261886,4.4037822891170744e-05,0.2765064239501953,0.631760835647583,0.5,48
13725,0.3177877366542816,0.6168646216392517,0.3285817503929138,4.747119903564453,0.5711584091186523,0.009765625,0.03736472129821777,3.8261475563049316,0.39369523525238037,6.246424674987793,131.3103485107422,0.05492175742983818,0.38664373755455017,5.809945106506348,35.400001525878906,1.8060479164123535,0.0541754886507988,11.463062286376953,0.0006169088883325458,1.5,10.51576042175293,0.14264303658636665,3.076306104660034,0.2925424294919229,0.7916666865348816,0.07528382675440184,0.22095084190368652,1.3402493000030518,0.38698410987854004,-4.330419540405273,0.21078602969646454,0.2139747142791748,0.0416666679084301,0.1498664915561676,0.0006199231720529497,5.8951815807923574e-05,0.20587995648384094,1.409435749053955,0.5,48
14109,0.1973833590745926,0.26518526673316956,0.31892505288124084,5.712048053741455,0.538516640663147,0.00341796875,0.01098127756267786,3.212808132171631,0.19012711942195892,3.866015672683716,318.92681884765625,0.02282176911830902,0.2534162700176239,4.301100730895996,28.85714340209961,1.6029356718063354,0.02811436541378498,11.463640213012695,0.00048783846432343125,3.1458334922790527,11.663475036621094,0.26971665645998016,4.97454309463501,0.42650608628653375,1.0833333730697632,0.09288255590546357,0.2257997840642929,1.3143147230148315,0.3821566104888916,-3.996614456176758,0.17044579982757568,0.17044579982757568,0.0,0.1639871746301651,0.0006253476603887975,5.361589559622375e-05,0.22874604165554047,0.4685344994068146,0.5,48
14129,0.2354428768157959,0.396557092666626,0.33153387904167175,7.247878551483154,0.5473483204841614,0.00341796875,0.009108688682317734,2.6649420261383057,0.15737950801849365,3.3501901626586914,314.69281005859375,0.02282176911830902,0.25369492173194885,5.109922885894775,36.71428680419922,1.9886606931686401,0.03151069954037666,11.477909088134766,0.0004804654745385051,1.5625,11.894171714782715,0.13136686069063325,1.8976320028305054,0.1595430137330703,0.6041666865348816,0.050795187804127534,0.21865783631801605,0.9547168612480164,0.33696216344833374,-2.766446113586426,0.23716549575328827,0.267250120639801,0.125,0.195722758769989,0.000555371749214828,4.6692763654795276e-05,0.2618032991886139,0.38863739371299744,0.5,48
14149,0.19938628375530243,0.2622852623462677,0.2742321193218231,4.194918155670166,0.791903018951416,0.00341796875,0.009378960356116295,2.74401593208313,0.16404829919338226,3.6264586448669434,342.69140625,0.02282176911830902,0.25205883383750916,5.253019332885742,34.28571319580078,1.5385867357254028,0.02257312834262848,11.472591400146484,0.00046199726057238877,1.3333333730697632,11.278366088867188,0.11822043737378632,2.403200387954712,0.21308054437034918,0.5625,0.04987424553069776,0.2129528522491455,1.619420051574707,0.4493288993835449,-6.460914611816406,0.16881272196769714,0.18169277906417847,0.0833333358168602,0.16440105438232422,0.0005399194778874516,4.787213619015983e-05,0.23581147193908691,0.4001689851284027,0.5,48
14187,0.18042133748531342,0.3006555140018463,0.2775440514087677,5.373398780822754,0.6097065210342407,0.00341796875,0.010851586237549782,3.1748640537261963,0.19317851960659027,4.771783828735352,396.3769836425781,0.02282176911830902,0.24991261959075928,5.208710193634033,34.14285659790039,1.4125607013702393,0.02126472070813179,11.467378616333008,0.00047403809730894864,0.7083333730697632,11.260984420776367,0.0629015498089032,1.5052087306976318,0.1336658211322878,0.2083333432674408,0.018500455670470865,0.1932869851589203,1.0327366590499878,0.3122182786464691,-3.5705299377441406,0.17263315618038177,0.17263315618038177,0.0,0.1450861692428589,0.000569709693081677,5.05914644127076e-05,0.30785349011421204,0.463001012802124,0.5,48
14310,0.21526990830898285,0.3012140095233917,0.23624007403850555,5.470813274383545,0.7183674573898315,0.00732421875,0.029596615582704544,4.040924549102783,0.39740487933158875,10.732437133789062,362.11529541015625,0.0433073565363884,0.3371371924877167,5.694016933441162,32.20000076293945,1.245499849319458,0.039159294217824936,11.46419620513916,0.0008163296733982861,0.8125,10.885756492614746,0.07463881814780979,1.7147048711776733,0.15751820930091565,0.2708333432674408,0.02487960696184844,0.18095557391643524,1.0121347904205322,0.28430840373039246,-3.4506149291992188,0.18554942309856415,0.18554942309856415,0.0,0.11650895327329636,0.0006236862391233444,5.729378927165381e-05,0.2670789957046509,1.2627888917922974,0.5,48
14523,0.2895199954509735,0.502724289894104,0.26630404591560364,6.606471538543701,0.6429096460342407,0.00732421875,0.027113759890198708,3.701931953430176,0.3418203294277191,7.765694618225098,240.97523498535156,0.0433073565363884,0.3449462056159973,5.690975189208984,34.33333206176758,1.4031540155410767,0.04320816323161125,11.437114715576172,0.0008258242160081863,0.6875,13.009397506713867,0.05284641345740508,1.1969773769378662,0.09200867107028173,0.1666666716337204,0.01281125212905477,0.22469018399715424,1.4055185317993164,0.4330640733242035,-5.066507816314697,0.2089122235774994,0.2089122235774994,0.0,0.12903228402137756,0.0005828674184158444,4.480356739556951e-05,0.34039488434791565,1.1568537950515747,0.5,48
14692,0.18121084570884705,0.23401203751564026,0.2753048241138458,5.698430061340332,0.6004922389984131,0.00390625,0.010604709386825562,2.7148056030273438,0.17167633771896362,3.4791295528411865,278.0254821777344,0.02555946074426174,0.27094438672065735,5.332671165466309,34.125,1.4137002229690552,0.03286316245794296,11.463338851928711,0.0005840876256115735,1.0625,11.33206844329834,0.0937604643299473,1.6606611013412476,0.14654527619429367,0.2916666865348816,0.025738168432082525,0.19519981741905212,1.1443164348602295,0.33383768796920776,-4.1367950439453125,0.17238131165504456,0.1742197573184967,0.0416666679084301,0.17242062091827393,0.0007119141519069672,6.282296606668976e-05,0.2420823574066162,0.45246759057044983,0.5,48
14776,0.23313342034816742,0.3612189292907715,0.25881990790367126,5.962528705596924,0.5984839200973511,0.0029296875,0.008161862380802631,2.7859156131744385,0.15958023071289062,4.931175231933594,558.88720703125,0.020013848319649696,0.22808031737804413,5.108526706695557,36.33333206176758,1.387700080871582,0.025633303448557854,11.469413757324219,0.0005343544762581587,1.0208333730697632,11.204254150390625,0.09111122957908452,1.8320198059082031,0.1635110895988753,0.3125,0.027891191642613094,0.19133731722831726,1.2375032901763916,0.34242329001426697,-5.541311740875244,0.15951870381832123,0.15951870381832123,0.0,0.1693975329399109,0.0004823238996323198,4.304828261906405e-05,0.24445979297161102,0.3482394516468048,0.5,48
15028,0.20655761659145355,0.26373106241226196,0.26768237352371216,6.257236480712891,0.5454039573669434,0.00244140625,0.007067424710839987,2.8948171138763428,0.14522045850753784,3.7021689414978027,459.0204162597656,0.01712392456829548,0.2089747041463852,4.884016990661621,33.0,1.4031859636306763,0.019340883940458298,11.467137336730957,0.0004510949947871268,1.0416667461395264,11.517669677734375,0.09044075532473715,2.844782590866089,0.24699289595842558,0.3333333432674408,0.02894104035839999,0.1920454502105713,1.3484187126159668,0.3533535897731781,-4.839440822601318,0.17306405305862427,0.17306405305862427,0.0,0.18122856318950653,0.00044403757783584297,3.855272723341912e-05,0.2576410174369812,0.3015434443950653,0.5,48
15233,0.328918993473053,0.6157980561256409,0.2619563043117523,7.007108211517334,0.4829719066619873,0.00244140625,0.01083348412066698,4.437395095825195,0.2361820489168167,7.424925327301025,646.549072265625,0.01712392456829548,0.20047904551029205,4.756065368652344,30.399999618530273,1.3305273056030273,0.01827908866107464,11.467105865478516,0.00045473696081899107,1.9791667461395264,11.90157699584961,0.1662944956930303,2.1058671474456787,0.1769401774580501,1.1666667461395264,0.09802623178139427,0.19629113376140594,1.2424240112304688,0.33949920535087585,-4.755651473999023,0.18946197628974915,0.21725814044475555,0.1041666716337204,0.19074563682079315,0.0006488548824563622,5.451839551493478e-05,0.26971790194511414,0.4622286260128021,0.5,48
15328,0.32288771867752075,0.4363657236099243,0.24358166754245758,9.908961296081543,0.3958247900009155,0.0029296875,0.010066165588796139,3.435917854309082,0.1974591165781021,5.957786560058594,545.2222290039062,0.020013848319649696,0.22731922566890717,4.700619220733643,32.66666793823242,1.3826594352722168,0.018281031399965286,11.470595359802246,0.00043799937702715397,2.0,11.408541679382324,0.17530724385758745,3.100343704223633,0.2717563548993342,0.5208333730697632,0.0456529315709554,0.205130934715271,1.2009718418121338,0.34738847613334656,-4.139771938323975,0.1777026355266571,0.20126013457775116,0.1666666716337204,0.1411357820034027,0.0005820341757498682,5.101740359081602e-05,0.255620539188385,0.42948973178863525,0.5,48
15386,0.27086564898490906,0.9732887744903564,0.30652177333831787,3.8577356338500977,0.7764678001403809,0.01904296875,0.04611673206090927,2.421719789505005,0.336099773645401,3.922041416168213,55.90692138671875,0.09429078549146652,0.47870147228240967,6.521868705749512,34.92307662963867,2.1560871601104736,0.03652800992131233,11.476778030395508,0.0005043407436460257,3.3333334922790527,10.609481811523438,0.3141843822680128,5.263897895812988,0.49615032895707756,1.0833333730697632,0.1021099231134933,0.22480687499046326,1.4148156642913818,0.4046609103679657,-4.016764163970947,0.17697429656982422,0.2134748101234436,0.1875,0.20802317559719086,0.0004984218394383788,4.697890507972135e-05,0.23515479266643524,0.9205873012542725,0.5,48
15408,0.20005257427692413,0.26703205704689026,0.27930304408073425,5.003575325012207,0.6535377502441406,0.0029296875,0.007296302821487188,2.490471363067627,0.13622821867465973,3.0316693782806396,370.4067687988281,0.020013848319649696,0.2334832400083542,5.075991630554199,35.0,1.4089982509613037,0.05561770498752594,11.456966400146484,0.0010462856153026223,0.8958333730697632,11.052349090576172,0.08105366243118961,2.588510513305664,0.23420455595007597,0.1875,0.01696471929123424,0.19496843218803406,0.9788436889648438,0.2991671860218048,-2.904057264328003,0.18243932723999023,0.20423421263694763,0.125,0.24877779185771942,0.0005103026051074266,4.617141572924293e-05,0.31318399310112,0.311308890581131,0.5,48
15606,0.24752981960773468,0.3410308361053467,0.24889887869358063,6.6470489501953125,0.54744952917099,0.00537109375,0.01738661900162697,3.237072229385376,0.25010764598846436,5.851550102233887,285.6555480957031,0.03342986851930618,0.30758076906204224,4.877248764038086,23.545454025268555,1.2724615335464478,0.019604722037911415,11.467745780944824,0.0004482177901081741,2.0,13.237723350524902,0.1510833808450803,3.8751068115234375,0.2927321191103801,0.9791666865348816,0.07396790670628244,0.21383218467235565,1.4469631910324097,0.3874302804470062,-5.164645195007324,0.15203404426574707,0.15203404426574707,0.0,0.14934305846691132,0.0006706705316901207,5.0663585680455495e-05,0.3509766161441803,0.741828978061676,0.5,48
15639,0.16878440976142883,0.2240108698606491,0.20240871608257294,5.476119518280029,0.8176116347312927,0.0048828125,0.014615297317504883,2.993212938308716,0.21168303489685059,3.710139751434326,220.884765625,0.03085736557841301,0.30005407333374023,5.673176288604736,39.5,0.9705871343612671,0.013277067802846432,11.466255187988281,0.00046327264863066375,0.9583333730697632,10.378173828125,0.09234123344024683,1.5826191902160645,0.15249495864120083,0.4791666865348816,0.04617061672012342,0.17649495601654053,1.114521861076355,0.2935936450958252,-4.127959728240967,0.16477817296981812,0.17150136828422546,0.0833333358168602,0.16657231748104095,0.00043630803702399135,4.2040925872833335e-05,0.22667540609836578,0.6235859990119934,0.5,48
15683,0.2047664225101471,0.3174284100532532,0.3465100824832916,5.997961044311523,0.4776689410209656,0.00439453125,0.027629295364022255,6.2871994972229,0.41903093457221985,7.662806510925293,235.43438720703125,0.02823571488261223,0.28719833493232727,4.279699325561523,26.33333396911621,1.7440130710601807,0.02818640135228634,11.466958045959473,0.00048062438145279884,1.9166667461395264,14.078636169433594,0.13614008641969444,4.497905731201172,0.3194844780328807,0.9583333730697632,0.06807004320984722,0.2627151608467102,1.1898388862609863,0.4202781617641449,-2.5299158096313477,0.24748222529888153,0.27932390570640564,0.1041666716337204,0.20012934505939484,0.001019438961520791,7.241034916507124e-05,0.40796053409576416,1.1788499355316162,0.5,48
15684,0.2685169279575348,0.39528754353523254,0.3004326820373535,8.195449829101562,0.42380934953689575,0.0068359375,0.028359655290842056,4.1486124992370605,0.3672892451286316,7.854597091674805,232.49822998046875,0.04089350998401642,0.3364795744419098,5.226017951965332,27.5,1.5052382946014404,0.02280271425843239,11.463767051696777,0.0004907934926450253,1.1041667461395264,11.25839900970459,0.09807493447398692,2.69559645652771,0.23942982051087755,0.4791666865348816,0.04256081932220008,0.22416912019252777,1.5782808065414429,0.44491252303123474,-5.824593544006348,0.1814468801021576,0.1820037066936493,0.0416666679084301,0.19123834371566772,0.0006424844032153487,5.7067119586973646e-05,0.3269475996494293,1.2100119590759277,0.5,48
15698,0.27347779273986816,0.4323955774307251,0.3010394871234894,6.388150215148926,0.4931788444519043,0.00244140625,0.00723071675747633,2.9617016315460205,0.15200506150722504,4.409739971160889,543.9913940429688,0.01712392456829548,0.20602551102638245,4.933810234069824,35.79999923706055,1.6305149793624878,0.0219441968947649,11.4746675491333,0.00043955433648079634,0.9583333730697632,11.204862594604492,0.08552834665513422,1.7099851369857788,0.15261098661603245,0.3333333432674408,0.029748989793990138,0.20040002465248108,1.5014293193817139,0.40520238876342773,-6.3224873542785645,0.17554037272930145,0.17554037272930145,0.0,0.18649564683437347,0.00046857784036546946,4.181915092585905e-05,0.2856381833553314,0.30851057171821594,0.5,48
15837,0.38613685965538025,0.5896276235580444,0.1987704038619995,7.6588335037231445,0.5925731658935547,0.005859375,0.016427863389253616,2.8036887645721436,0.21826982498168945,3.810391426086426,192.35540771484375,0.03595767915248871,0.32331058382987976,5.3582844734191895,26.16666603088379,1.083021879196167,0.015069305896759033,11.46986198425293,0.0004451110726222396,1.8541667461395264,14.220479965209961,0.1303870719815243,1.5142438411712646,0.1064833144739833,1.0208333730697632,0.07178614047130226,0.2241797149181366,1.0023019313812256,0.33788856863975525,-2.996457576751709,0.15127569437026978,0.15127569437026978,0.0,0.13377569615840912,0.0008492078050039709,5.9717239255240576e-05,0.3654944896697998,0.7009221911430359,0.5,48
15919,0.22876468300819397,0.5181496739387512,0.1808513104915619,6.997980117797852,0.6610794067382812,0.0078125,0.032355621457099915,4.141519546508789,0.39972496032714844,8.224531173706055,218.1863555908203,0.04568839073181152,0.35098695755004883,5.702454566955566,34.3125,0.8933390974998474,0.03876115754246712,11.45935344696045,0.0012941271997988224,1.0,10.695700645446777,0.09349551116043536,1.0992697477340698,0.10277678696759969,0.4375,0.04090428613269047,0.16529682278633118,1.3168370723724365,0.30459344387054443,-5.2718095779418945,0.15941274166107178,0.19668292999267578,0.2083333432674408,0.20049279928207397,0.0006557442247867584,6.13091414869414e-05,0.26880398392677307,1.3805066347122192,0.5,48
15924,0.20245499908924103,0.2935018539428711,0.3192334473133087,4.125539302825928,0.6752990484237671,0.00341796875,0.01164223998785019,3.406186819076538,0.2054387331008911,5.129572868347168,372.2633972167969,0.02282176911830902,0.2509944438934326,5.081657409667969,30.0,1.7258163690567017,0.027753477916121483,11.473377227783203,0.0004685991443693638,1.125,11.829225540161133,0.09510343641935846,2.089266300201416,0.17661902643938993,0.2708333432674408,0.02289527257037986,0.214819073677063,1.1388956308364868,0.35537418723106384,-3.866417407989502,0.18068771064281464,0.18308477103710175,0.02083333395421505,0.17257224023342133,0.0006333972560241818,5.354511614799279e-05,0.2614501118659973,0.4967355728149414,0.5,48
15977,0.25615641474723816,0.4109163284301758,0.26320159435272217,7.417105197906494,0.47522592544555664,0.00244140625,0.008970251306891441,3.6742148399353027,0.1831943392753601,4.573774814605713,439.37908935546875,0.01712392456829548,0.209788978099823,4.965096473693848,38.400001525878906,1.3333332538604736,0.026092395186424255,11.468696594238281,0.00048980419524014,1.2083333730697632,11.000887870788574,0.109839622598094,1.882813811302185,0.1711510772317061,0.5416666865348816,0.04923845169632375,0.19924096763134003,0.8297452330589294,0.2818361520767212,-2.3108408451080322,0.1654479205608368,0.1657915860414505,0.02083333395421505,0.20182031393051147,0.0006536586442962289,5.941871705080706e-05,0.25545015931129456,0.38273075222969055,0.5,48
15981,0.4622223377227783,0.7426177859306335,0.3855607807636261,6.528316974639893,0.4647452235221863,0.00439453125,0.014482248574495316,3.295516014099121,0.2253870964050293,4.532069206237793,282.3501892089844,0.02823571488261223,0.28375354409217834,5.132004737854004,29.44444465637207,2.094289779663086,0.02906329371035099,11.470169067382812,0.00045153399696573615,2.0208334922790527,12.791069030761719,0.1579878496347097,8.365795135498047,0.6540340849414926,0.75,0.05863466123198541,0.2952287495136261,1.3944125175476074,0.5170081853866577,-3.5304479598999023,0.20511822402477264,0.24160060286521912,0.1458333432674408,0.20529255270957947,0.0005512195639312267,4.309409652740027e-05,0.32564684748649597,0.6179091930389404,0.5,48
16532,0.1822483092546463,0.2620639503002167,0.23007836937904358,5.3817362785339355,0.7501471042633057,0.00244140625,0.006835054140537977,2.799638271331787,0.14164122939109802,3.909619092941284,493.9749755859375,0.01712392456829548,0.20792336761951447,5.0193376541137695,39.400001525878906,1.1507576704025269,0.02106550894677639,11.466890335083008,0.0005814129835925996,0.75,11.671003341674805,0.0642618271455105,1.2499630451202393,0.10709987885839034,0.2083333432674408,0.017850508391598113,0.1840178221464157,0.9693702459335327,0.2911601662635803,-4.072803020477295,0.19942697882652283,0.20557722449302673,0.0625,0.2122792750597,0.0005803442909382284,4.972531267887505e-05,0.29496756196022034,0.29162898659706116,0.5,48
16667,0.24535337090492249,0.35759395360946655,0.27916419506073,5.131864070892334,0.6724714636802673,0.00830078125,0.028122544288635254,3.387939453125,0.32375022768974304,5.85725212097168,168.217041015625,0.04803864285349846,0.3647754192352295,5.841577529907227,31.823528289794922,1.4084081649780273,0.05134524405002594,11.450080871582031,0.0010049603879451752,1.1041667461395264,11.5973539352417,0.0952085062983317,2.4528279304504395,0.21149892829276068,0.5,0.04311328276784602,0.21352460980415344,1.153151035308838,0.3650195002555847,-4.369083881378174,0.20192277431488037,0.20192277431488037,0.0,0.1267864853143692,0.0007602762198075652,6.555600729246522e-05,0.22989128530025482,1.156011700630188,0.5,48
16809,0.3025680184364319,0.5288588404655457,0.32628777623176575,5.8594651222229,0.5753934383392334,0.00244140625,0.009747756645083427,3.9926810264587402,0.2149924784898758,7.208575248718262,738.2916259765625,0.01712392456829548,0.19977210462093353,5.180397987365723,43.20000076293945,1.6582975387573242,0.03275052458047867,11.448247909545898,0.0006326896836981177,0.9791666865348816,11.780294418334961,0.08311903344110882,1.6909186840057373,0.1435378966368274,0.25,0.02122188044796901,0.22372637689113617,0.960564136505127,0.33001789450645447,-2.319427013397217,0.19079214334487915,0.19080035388469696,0.02083333395421505,0.19877959787845612,0.0005990160861983895,5.084899107085009e-05,0.28987565636634827,0.41590428352355957,0.5,48
16922,0.3446098268032074,0.5523767471313477,0.31235742568969727,9.49773120880127,0.33583864569664,0.00244140625,0.012909786775708199,5.287848472595215,0.2757400870323181,7.85764741897583,579.1412353515625,0.01712392456829548,0.2036588191986084,4.554296016693115,27.799999237060547,1.6561912298202515,0.023366430774331093,11.470596313476562,0.00045104470336809754,1.3125,11.814428329467773,0.11109297566395214,2.2069926261901855,0.18680485951380427,0.4791666865348816,0.04055775470186376,0.22360572218894958,0.8366588354110718,0.30593341588974,-2.276930332183838,0.22947677969932556,0.22977344691753387,0.02083333395421505,0.14945386350154877,0.0007084158132784069,5.9961920536759555e-05,0.2758939266204834,0.5508175492286682,0.5,48
16979,0.21377348899841309,0.27468767762184143,0.27703529596328735,5.0893635749816895,0.6186366081237793,0.0048828125,0.014089183881878853,2.885464906692505,0.20763428509235382,4.16025447845459,250.7852783203125,0.03085736557841301,0.2977795898914337,5.222426414489746,29.100000381469727,1.3965121507644653,0.020288843661546707,11.466285705566406,0.0004539031651802361,1.5625,12.921455383300781,0.12092291096017628,1.5244262218475342,0.11797635602548948,0.8333333730697632,0.06449222225398933,0.21277639269828796,1.3302377462387085,0.38249048590660095,-4.15714693069458,0.17511042952537537,0.19303485751152039,0.125,0.12971021234989166,0.0009036359842866659,6.993298794771696e-05,0.3014991581439972,0.6011385321617126,0.5,48
17183,0.19124501943588257,0.2467886507511139,0.22501015663146973,5.454308986663818,0.734440803527832,0.0107421875,0.03444641828536987,3.206648349761963,0.3430975675582886,5.053794860839844,117.792236328125,0.05938481166958809,0.4005853831768036,6.206390380859375,42.40909194946289,1.3019160032272339,0.041579220443964005,11.470220565795898,0.0009462898597121239,0.9791666865348816,10.190546035766602,0.09608579188370882,1.5137070417404175,0.1485403269797547,0.5625,0.055198219749340714,0.18387752771377563,1.4699095487594604,0.37190672755241394,-6.318874359130859,0.20137546956539154,0.2182469367980957,0.1041666716337204,0.16812480986118317,0.0005820414517074823,5.711582569702203e-05,0.24439844489097595,1.231726050376892,0.5,48
17208,0.1907355636358261,0.3823331296443939,0.2928042411804199,5.905086517333984,0.4646494388580322,0.00244140625,0.0086684450507164,3.5505950450897217,0.17918480932712555,4.496176719665527,467.21453857421875,0.01712392456829548,0.2079908698797226,4.50042724609375,26.200000762939453,1.511610746383667,0.020280880853533745,11.466800689697266,0.0004534170147962868,0.75,11.18091869354248,0.06707856660851809,1.050739049911499,0.09397609246354599,0.2083333432674408,0.018632936057520387,0.18967585265636444,1.3597677946090698,0.35540449619293213,-4.640315532684326,0.18130573630332947,0.20062355697155,0.1458333432674408,0.1773841679096222,0.000563666457310319,5.041325066890353e-05,0.2317177802324295,0.3698536455631256,0.5,48
17297,0.2112412005662918,0.2814496159553528,0.2607897222042084,4.482447624206543,0.7329280376434326,0.0029296875,0.007306395098567009,2.4939162731170654,0.13715212047100067,3.4834821224212646,393.6372985839844,0.020013848319649696,0.23288285732269287,4.964820384979248,30.16666603088379,1.402600884437561,0.020977921783924103,11.465256690979004,0.0004635658406186849,2.125,10.773849487304688,0.1972368372633769,6.77962589263916,0.6292668088908454,0.6458333730697632,0.059944532660432315,0.2064392864704132,1.5505692958831787,0.39437001943588257,-4.75618314743042,0.1771828532218933,0.1993616819381714,0.125,0.1924816370010376,0.0005573055241256952,5.172761363198152e-05,0.23138363659381866,0.3117395043373108,0.5,48
17377,0.24636463820934296,0.33513206243515015,0.2669224143028259,5.92572021484375,0.6271633505821228,0.00341796875,0.010833906941115856,3.169691562652588,0.19762900471687317,5.395195960998535,464.8429870605469,0.02282176911830902,0.24675992131233215,5.379775047302246,42.57143020629883,1.3577613830566406,0.04540177062153816,11.464529037475586,0.0007816499564796686,1.1666667461395264,11.640972137451172,0.10022073168476497,2.4467759132385254,0.21018656193368307,0.5,0.04295173922475853,0.19986030459403992,1.3696634769439697,0.36553412675857544,-4.7029924392700195,0.19944757223129272,0.21223971247673035,0.1041666716337204,0.17549382150173187,0.0005996047984808683,5.150813788452829e-05,0.21826499700546265,0.4622466564178467,0.5,48
17379,0.16878117620944977,0.24612221121788025,0.3166918158531189,4.256135940551758,0.6814836263656616,0.00244140625,0.007801452651619911,3.1954751014709473,0.16509482264518738,4.529256343841553,552.6892700195312,0.01712392456829548,0.2050054967403412,4.896214485168457,32.400001525878906,1.6280641555786133,0.03511969745159149,11.467707633972168,0.0006160227349027991,0.875,11.272300720214844,0.077623904910078,2.0006113052368164,0.1774802991082625,0.3333333432674408,0.029571012275600248,0.20967823266983032,1.036738634109497,0.33597564697265625,-3.6045169830322266,0.17433199286460876,0.17433199286460876,0.0,0.19558824598789215,0.0006564133800566196,5.823242262310622e-05,0.36216500401496887,0.332861989736557,0.5,48
17444,0.21293628215789795,0.2882179021835327,0.2100605070590973,6.109592914581299,0.664228618144989,0.00439453125,0.01548365131020546,3.523390769958496,0.2447957992553711,5.189208984375,302.0536804199219,0.02823571488261223,0.2813398540019989,5.361435890197754,32.44444274902344,1.1136420965194702,0.02105172537267208,11.470569610595703,0.000519182940479368,0.9583333730697632,11.070180892944336,0.08656889905158417,1.3578548431396484,0.12265877631489289,0.375,0.033874785180815,0.17429499328136444,1.3630002737045288,0.3297923803329468,-5.959647178649902,0.19807212054729462,0.22794930636882782,0.1875,0.16017061471939087,0.00045540177961811423,4.113769988139859e-05,0.23209699988365173,0.660635769367218,0.5,48
17520,0.28879567980766296,0.6301203966140747,0.3144837021827698,5.702365875244141,0.5416272878646851,0.00390625,0.014605509117245674,3.7390103340148926,0.25874239206314087,8.218289375305176,578.4720458984375,0.02555946074426174,0.2603496015071869,5.246291160583496,35.0,1.8692384958267212,0.025328755378723145,11.478702545166016,0.0004333656979724765,1.75,12.044600486755371,0.14529332047762172,3.172154188156128,0.2633673228938276,0.5833333730697632,0.04843111012498124,0.21552345156669617,1.4320573806762695,0.39958375692367554,-4.561683177947998,0.19211845099925995,0.1940368115901947,0.02083333395421505,0.1432216316461563,0.0007191495969891548,5.9707218780970157e-05,0.2871233820915222,0.623168408870697,0.5,48
17848,0.20614328980445862,0.26974666118621826,0.24023045599460602,7.993814945220947,0.5405970811843872,0.00244140625,0.007545557804405689,3.090660572052002,0.15341202914714813,3.728883981704712,425.1112976074219,0.01712392456829548,0.21038421988487244,5.1193342208862305,44.599998474121094,1.1902790069580078,0.01607583463191986,11.469024658203125,0.0004509986029006541,0.8333333730697632,10.908289909362793,0.07639450172575192,1.516908049583435,0.13906011490314743,0.2708333432674408,0.02482821278766136,0.1836596578359604,0.982064425945282,0.2917768359184265,-3.501166820526123,0.15948884189128876,0.15988187491893768,0.02083333395421505,0.192721888422966,0.0005490518524311483,5.03334488256085e-05,0.27882254123687744,0.3219437897205353,0.5,48
18087,0.23241786658763885,0.38864076137542725,0.2267732471227646,5.501658916473389,0.731400191783905,0.00244140625,0.006081908475607634,2.491149663925171,0.12471416592597961,3.0793848037719727,451.9056701660156,0.01712392456829548,0.20924539864063263,5.153625965118408,41.400001525878906,1.1007764339447021,0.015412763692438602,11.468976974487305,0.0004550012818071991,1.2291667461395264,11.303258895874023,0.10874445647712792,1.1025757789611816,0.0975449459437048,0.2916666865348816,0.0258037694229325,0.1881413459777832,1.2009162902832031,0.3283117413520813,-4.210651397705078,0.1633700132369995,0.16785085201263428,0.0625,0.19550231099128723,0.0005007707513868809,4.430321870506237e-05,0.3060411810874939,0.2594947814941406,0.5,48
18124,0.27227264642715454,0.3611215651035309,0.23556718230247498,6.325905799865723,0.6314594745635986,0.0048828125,0.014845166355371475,3.040290117263794,0.21620117127895355,3.991240978240967,231.1809844970703,0.03085736557841301,0.2993641197681427,5.055842399597168,34.0,1.1547242403030396,0.022081591188907623,11.468511581420898,0.0005313308211043477,2.4166667461395264,11.091110229492188,0.2178922302597341,2.719564199447632,0.24520216107527829,0.7291666865348816,0.06574334496636171,0.19494259357452393,1.2171237468719482,0.32889723777770996,-3.998383045196533,0.15817275643348694,0.15927566587924957,0.02083333395421505,0.14745324850082397,0.0005140944267623127,4.635193552866992e-05,0.2255776971578598,0.6333937644958496,0.5,48
18267,0.28959664702415466,0.49960091710090637,0.16561733186244965,11.08360481262207,0.5542895197868347,0.00927734375,0.03617698699235916,3.899498462677002,0.3957415521144867,6.4030985832214355,151.0339813232422,0.05265381559729576,0.378467857837677,6.123421669006348,37.421051025390625,0.9491245150566101,0.021760009229183197,11.460573196411133,0.0006128311506472528,1.0833333730697632,10.184499740600586,0.10637079872341086,1.2989829778671265,0.12754509398368089,0.8333333730697632,0.08182369222608317,0.1686302125453949,1.6431546211242676,0.35988444089889526,-7.326425552368164,0.1694459170103073,0.1694459170103073,0.0,0.18304820358753204,0.0006933502736501396,6.807897202896513e-05,0.2503107488155365,1.4044972658157349,0.5,48
18483,0.25443294644355774,0.36671683192253113,0.2924635708332062,4.3179779052734375,0.7474207878112793,0.00390625,0.01344718225300312,3.442478656768799,0.2446172535419464,7.242812156677246,545.408203125,0.02555946074426174,0.2551521062850952,5.467960357666016,41.25,1.4076497554779053,0.03285800665616989,11.46586799621582,0.000606702989898622,1.5833333730697632,11.675954818725586,0.13560632910075943,1.9569759368896484,0.16760735765053053,0.75,0.0642345753303896,0.20805446803569794,1.4907087087631226,0.41445213556289673,-5.646134853363037,0.1876414716243744,0.25348958373069763,0.1875,0.2023952603340149,0.0006879949942231178,5.8924088377807765e-05,0.22455663979053497,0.5737464427947998,0.5,48
18600,0.1916726678609848,0.22717492282390594,0.24406135082244873,6.577993869781494,0.5330464839935303,0.0078125,0.02763504348695278,3.537285566329956,0.3270208537578583,5.878480911254883,179.27076721191406,0.04568839073181152,0.3573477268218994,5.334603309631348,32.625,1.3666517734527588,0.01924508810043335,11.4716796875,0.00045780136133544147,1.1458333730697632,10.798979759216309,0.10610570605346335,1.2879899740219116,0.11926959782751607,0.6041666865348816,0.055946644909653946,0.18871688842773438,1.070748209953308,0.29851266741752625,-3.3294191360473633,0.21989047527313232,0.255949467420578,0.125,0.10522084683179855,0.0006696688360534608,6.201223174456037e-05,0.2412843555212021,1.1790951490402222,0.5,48
18636,0.21682225167751312,0.4063565731048584,0.20159772038459778,6.85985803604126,0.6883680820465088,0.00439453125,0.013066515326499939,2.973358154296875,0.20282383263111115,4.618617534637451,287.548583984375,0.02823571488261223,0.28429555892944336,5.442028045654297,38.22222137451172,1.0486035346984863,0.01635906845331192,11.468334197998047,0.0004756626149173826,0.7083333730697632,10.427811622619629,0.06792732723076805,1.477781057357788,0.14171535787385012,0.1875,0.017980762081803835,0.16093555092811584,1.1466670036315918,0.2779805660247803,-4.754411697387695,0.1407686471939087,0.14318305253982544,0.0416666679084301,0.20533373951911926,0.00045193603727966547,4.33394899334341e-05,0.28678950667381287,0.5575046539306641,0.5,48
18691,0.28009670972824097,0.607274055480957,0.22133177518844604,5.895286560058594,0.6933456063270569,0.00244140625,0.005670186597853899,2.3225083351135254,0.11513184010982513,2.5864627361297607,418.754150390625,0.01712392456829548,0.21053197979927063,4.904604911804199,34.79999923706055,1.189186930656433,0.018272703513503075,11.46756649017334,0.0004921600921079516,3.0833334922790527,11.184443473815918,0.27568054653239465,1.0691070556640625,0.0955887574747084,0.5416666865348816,0.048430365562549677,0.1804027408361435,1.0566562414169312,0.2838065028190613,-3.033186912536621,0.1755174845457077,0.2176779955625534,0.1458333432674408,0.1551525592803955,0.0005527455359697342,4.9420924408940546e-05,0.2364010214805603,0.24192796647548676,0.5,48
18789,0.2189289629459381,0.35108622908592224,0.389388769865036,4.296700477600098,0.5789393186569214,0.0029296875,0.02190454676747322,7.476751804351807,0.4522861838340759,11.304634094238281,498.112060546875,0.020013848319649696,0.2152058184146881,4.634561061859131,25.0,1.9985026121139526,0.02946014329791069,11.468389511108398,0.00047165347496047616,1.6041667461395264,12.064974784851074,0.13296063799686766,4.048321723937988,0.33554332211830856,0.625,0.05180284340641383,0.24189484119415283,1.395330786705017,0.43538159132003784,-4.034490585327148,0.17868642508983612,0.17868642508983612,0.0,0.09534430503845215,0.0005763325607404113,4.776906463048482e-05,0.3345710039138794,0.9345939755439758,0.5,48
18828,0.26523762941360474,0.41556984186172485,0.24666950106620789,7.286089897155762,0.4869455397129059,0.00244140625,0.007985725998878479,3.270953416824341,0.16474299132823944,4.421266078948975,474.53704833984375,0.01712392456829548,0.20845778286457062,4.874776363372803,35.79999923706055,1.2542296648025513,0.019074417650699615,11.467028617858887,0.0004778443544637412,1.1041667461395264,11.350845336914062,0.09727616863705349,2.4326484203338623,0.21431429518993692,0.2708333432674408,0.023860191465041133,0.19793587923049927,1.2974379062652588,0.3541392982006073,-4.656590938568115,0.1894688606262207,0.19550298154354095,0.0833333358168602,0.1941097378730774,0.0006005452014505863,5.290753094560095e-05,0.279050350189209,0.34072431921958923,0.5,48
18905,0.21035926043987274,0.3111971914768219,0.1905856430530548,6.414638996124268,0.7508861422538757,0.0048828125,0.014410162344574928,2.9512012004852295,0.21942801773548126,5.912887096405029,359.551513671875,0.03085736557841301,0.29434555768966675,5.657054424285889,40.900001525878906,1.0253766775131226,0.014174351468682289,11.473650932312012,0.000417764182202518,0.7708333730697632,10.409093856811523,0.07405384012603607,1.5793921947479248,0.15173195812785176,0.3125,0.030021825530498734,0.15981072187423706,1.246721625328064,0.28653478622436523,-4.975475788116455,0.1542978435754776,0.16929948329925537,0.1458333432674408,0.18192674219608307,0.0007030225242488086,6.753926261442735e-05,0.2552468478679657,0.6148335933685303,0.5,48
18945,0.28564128279685974,0.37593913078308105,0.24514181911945343,8.051772117614746,0.462414413690567,0.00244140625,0.01290559396147728,5.286131381988525,0.2769676744937897,8.317527770996094,581.8602294921875,0.01712392456829548,0.2024269849061966,4.630159854888916,33.0,1.2732985019683838,0.02112351357936859,11.46813678741455,0.0005033800844103098,0.7083333730697632,10.739645004272461,0.06595500802199913,2.0461831092834473,0.190526139976151,0.1875,0.017458677614653157,0.18209843337535858,1.0033838748931885,0.2854989767074585,-3.8112845420837402,0.169206440448761,0.18661777675151825,0.1666666716337204,0.21923357248306274,0.0007721033762209117,7.18928209633395e-05,0.2774771451950073,0.5506386756896973,0.5,48
18982,0.16410978138446808,0.517490565776825,0.25542840361595154,4.834336280822754,0.7133802175521851,0.00244140625,0.00644037825986743,2.637979030609131,0.13365712761878967,3.7947661876678467,506.20489501953125,0.01712392456829548,0.2078176885843277,4.960017681121826,37.0,1.271207332611084,0.0625506266951561,11.454087257385254,0.0013794940896332264,0.875,11.137923240661621,0.07856042641953227,1.8036617040634155,0.1619387801003453,0.125,0.011222918059933182,0.18618381023406982,0.8549787998199463,0.26654207706451416,-2.467278480529785,0.1742808073759079,0.17453187704086304,0.0416666679084301,0.17489221692085266,0.0006484180921688676,5.8217144935915214e-05,0.25750529766082764,0.2747894823551178,0.5,48
19039,0.26668116450309753,0.3654654324054718,0.2423289567232132,5.947457313537598,0.5994459986686707,0.00439453125,0.01431774627417326,3.258082628250122,0.2411511242389679,7.441553115844727,538.5166625976562,0.02823571488261223,0.2747829854488373,4.838002681732178,22.88888931274414,1.2423088550567627,0.024479294195771217,11.465038299560547,0.0005339003400877118,1.6041667461395264,12.538169860839844,0.12794265532088173,2.6908071041107178,0.21460923977180726,0.6875,0.05483256384960345,0.20216351747512817,0.9714463949203491,0.29872003197669983,-2.911937713623047,0.22035539150238037,0.2313888520002365,0.0833333358168602,0.21259285509586334,0.000554552476387471,4.4229140464686126e-05,0.2790484130382538,0.6108904480934143,0.5,48
19149,0.226713165640831,0.31054195761680603,0.278059720993042,7.966104507446289,0.42730405926704407,0.00341796875,0.01231625210493803,3.6033835411071777,0.23447702825069427,7.245232582092285,597.0352783203125,0.02282176911830902,0.24122151732444763,4.843427658081055,29.14285659790039,1.7278940677642822,0.021489650011062622,11.485294342041016,0.0003921696625184268,1.375,11.20291519165039,0.12273591072058081,3.3016200065612793,0.294710791533519,0.4791666865348816,0.04277160702459764,0.20009379088878632,1.2752978801727295,0.3393412232398987,-3.7252140045166016,0.17650316655635834,0.17678049206733704,0.02083333395421505,0.1198635846376419,0.0005186194903217256,4.629326215424032e-05,0.24071794748306274,0.5254934430122375,0.5,48
19307,0.26181167364120483,0.3900079131126404,0.21867600083351135,6.575970649719238,0.6248239874839783,0.0029296875,0.008546018972992897,2.917041063308716,0.16466158628463745,4.441673278808594,464.45947265625,0.020013848319649696,0.2293775975704193,4.978580951690674,30.83333396911621,1.094549536705017,0.032406747341156006,11.462478637695312,0.000695384806022048,0.9791666865348816,9.999848365783691,0.09791815332981425,2.2185466289520264,0.22185802680014716,0.25,0.025000379066288332,0.17366401851177216,1.3248016834259033,0.3251224160194397,-5.995294570922852,0.19898568093776703,0.24159693717956543,0.2083333432674408,0.1389499306678772,0.0005059162504039705,5.059239214357804e-05,0.24638240039348602,0.3646301031112671,0.5,48
19469,0.25084376335144043,0.32621943950653076,0.27437400817871094,8.086560249328613,0.4616354703903198,0.00341796875,0.011008448898792267,3.2207577228546143,0.1985812932252884,5.365983009338379,434.92791748046875,0.02282176911830902,0.24818642437458038,5.2197065353393555,36.42856979370117,1.3819172382354736,0.02279467135667801,11.466582298278809,0.0004943879321217537,1.2083333730697632,10.586386680603027,0.1141403019164543,1.595442295074463,0.15070697318195,0.5208333730697632,0.049198408134106725,0.19154135882854462,1.3106896877288818,0.352611780166626,-4.654224395751953,0.17193393409252167,0.17193393409252167,0.0,0.18421533703804016,0.0006300236564129591,5.9512624545653294e-05,0.2570011019706726,0.4696938097476959,0.5,48
19505,0.20238275825977325,0.2538157105445862,0.3695237636566162,5.551732540130615,0.4933183789253235,0.00244140625,0.008244313299655914,3.376870632171631,0.17217758297920227,4.852724552154541,516.3494873046875,0.01712392456829548,0.20682470500469208,4.775962829589844,29.399999618530273,1.9316306114196777,0.02580578811466694,11.469130516052246,0.0004379231249913573,1.0,11.722472190856934,0.08530623770017541,1.6526081562042236,0.14097778419840612,0.3958333432674408,0.03376705327042743,0.22789663076400757,1.040373682975769,0.3648483157157898,-2.8814756870269775,0.19412368535995483,0.2035536766052246,0.0833333358168602,0.16433370113372803,0.0005551250651478767,4.735563076083013e-05,0.29270467162132263,0.35175731778144836,0.5,48
19769,0.23656515777111053,0.3105398118495941,0.18444131314754486,6.5453314781188965,0.6632521748542786,0.0029296875,0.007357994560152292,2.511528730392456,0.13616202771663666,2.7570056915283203,343.6827087402344,0.020013848319649696,0.23461535573005676,4.964663982391357,30.0,0.9946938753128052,0.017529981210827827,11.468143463134766,0.0004830175603274256,1.0208333730697632,10.863012313842773,0.09397332366356415,1.995258092880249,0.18367447567936013,0.25,0.023013874287087514,0.1637893170118332,0.9316900968551636,0.24669978022575378,-4.227975368499756,0.17544083297252655,0.18247756361961365,0.0625,0.18785730004310608,0.0005957807297818363,5.4844891271473744e-05,0.2173619270324707,0.313941091299057,0.5,48
19778,0.25081849098205566,0.39254677295684814,0.38507726788520813,4.437440395355225,0.5834751725196838,0.009765625,0.03345698118209839,3.425994873046875,0.3532089293003082,6.367876052856445,145.2670440673828,0.05492175742983818,0.3869999349117279,5.636765480041504,29.75,1.955440878868103,0.03233867883682251,11.463342666625977,0.0005218490259721875,2.0,13.586825370788574,0.14720142078428042,4.7221808433532715,0.34755586467095656,1.0833333730697632,0.07973410584944803,0.2705249786376953,1.392429232597351,0.470400869846344,-3.812145233154297,0.21992623805999756,0.2222006767988205,0.02083333395421505,0.1356830596923828,0.000871961354278028,6.41769751093555e-05,0.34173187613487244,1.2329456806182861,0.5,48
19946,0.19970065355300903,0.2820113003253937,0.266753226518631,5.337492942810059,0.6057417392730713,0.0029296875,0.008558039553463459,2.9211442470550537,0.16062290966510773,3.7397327423095703,381.2298583984375,0.020013848319649696,0.23272618651390076,4.819925785064697,29.83333396911621,1.326090931892395,0.022192457690835,11.469734191894531,0.00046130799455568194,1.5833333730697632,11.04184627532959,0.1433938973750622,3.139463186264038,0.2843241161974143,0.5833333730697632,0.052829332884736055,0.19775480031967163,1.3344725370407104,0.35684359073638916,-5.2635064125061035,0.17656216025352478,0.17881326377391815,0.02083333395421505,0.14420300722122192,0.0005026388098485768,4.5521264909872216e-05,0.22241589426994324,0.3651430308818817,0.5,48
19967,0.20905311405658722,0.2965671122074127,0.2713460624217987,4.530703544616699,0.736849844455719,0.00244140625,0.006491676904261112,2.6589908599853516,0.1327817589044571,3.341552734375,444.827392578125,0.01712392456829548,0.20958946645259857,5.072183609008789,39.400001525878906,1.3723788261413574,0.0363544225692749,11.46450424194336,0.0005950119812041521,1.1041667461395264,11.668993949890137,0.09462398814626878,1.9162167310714722,0.1642143905171336,0.4375,0.03749252090658542,0.19545631110668182,1.4121809005737305,0.38133668899536133,-5.808724403381348,0.16593772172927856,0.20413991808891296,0.1875,0.2251596301794052,0.00041650928324088454,3.569367545073319e-05,0.2720181345939636,0.27697819471359253,0.5,48
20089,0.18940328061580658,0.2633435130119324,0.21889540553092957,5.6779656410217285,0.7429676055908203,0.0087890625,0.028525954112410545,3.245619773864746,0.3144230246543884,4.61675500869751,140.91561889648438,0.05035991966724396,0.3740999698638916,5.4314727783203125,28.94444465637207,1.1535569429397583,0.017597153782844543,11.462814331054688,0.0005210819072090089,1.2708333730697632,13.254722595214844,0.09587777963529584,2.22391414642334,0.16778277544249615,0.6458333730697632,0.04872477473166214,0.19281606376171112,1.53080153465271,0.3919917941093445,-7.075675964355469,0.1538061499595642,0.1538061499595642,0.0,0.10975754261016846,0.0007204787107184529,5.435637788715343e-05,0.3898638188838959,1.128823161125183,0.5,48
20150,0.23925307393074036,0.3905898630619049,0.2860214114189148,4.704938888549805,0.7236663103103638,0.0029296875,0.009229093790054321,3.1501972675323486,0.17347142100334167,3.9273464679718018,380.0154113769531,0.020013848319649696,0.23242345452308655,5.172325134277344,36.33333206176758,1.4173250198364258,0.021506251767277718,11.463555335998535,0.00047718349378556013,1.1041667461395264,12.21966552734375,0.09035981735876092,1.0395084619522095,0.08506848724913403,0.5625,0.046032356473340384,0.2260395735502243,1.1234111785888672,0.3671964108943939,-3.1942238807678223,0.17630484700202942,0.18432438373565674,0.0625,0.1626824587583542,0.0005187806091271341,4.245456698808337e-05,0.3690892457962036,0.3937746584415436,0.5,48
20319,0.20958144962787628,0.3509494662284851,0.32918113470077515,6.808359622955322,0.4160724878311157,0.00244140625,0.007898973301053047,3.235419511795044,0.1625143438577652,4.02374792098999,462.1291809082031,0.01712392456829548,0.2087954580783844,5.009335517883301,40.599998474121094,1.7669856548309326,0.023728959262371063,11.473624229431152,0.0004439144395291805,1.5416667461395264,11.472944259643555,0.13437411617335637,4.1570024490356445,0.36233091971297404,0.5208333730697632,0.04539666199267126,0.22873157262802124,1.1616058349609375,0.366621196269989,-3.056149959564209,0.18458771705627441,0.18458771705627441,0.0,0.18143929541110992,0.0005945810698904097,5.182462809164176e-05,0.250209778547287,0.3370228111743927,0.5,48
20337,0.30935370922088623,0.5132073760032654,0.25147101283073425,7.844242572784424,0.47258260846138,0.00537109375,0.01995118334889412,3.714547634124756,0.27961504459381104,4.769650459289551,216.8067626953125,0.03342986851930618,0.3103462755680084,5.338719367980957,36.09090805053711,1.3405499458312988,0.019929902628064156,11.466686248779297,0.0004754269612021744,1.625,12.223165512084961,0.13294428493698549,2.6976757049560547,0.22070188774600671,0.8125,0.06647214246849274,0.214270681142807,1.290863037109375,0.377618670463562,-4.717160701751709,0.16970738768577576,0.16992656886577606,0.0416666679084301,0.25742045044898987,0.0003984961367677897,3.2601713201689216e-05,0.3014584183692932,0.8512504696846008,0.5,48
20424,0.2518390715122223,0.47583669424057007,0.3040596544742584,5.134182929992676,0.5928190350532532,0.00244140625,0.008115030825138092,3.3239166736602783,0.17117321491241455,4.578654766082764,520.7560424804688,0.01712392456829548,0.20506693422794342,4.8311052322387695,32.0,1.5638095140457153,0.03904164209961891,11.46591567993164,0.0005475436337292194,1.2291667461395264,11.02460765838623,0.11149301481849923,1.7650012969970703,0.16009651772537217,0.3125,0.02834567990080171,0.20615868270397186,1.1678180694580078,0.3514651656150818,-4.187511920928955,0.17525874078273773,0.17525874078273773,0.0,0.16821734607219696,0.0004973888862878084,4.511624370217753e-05,0.23348449170589447,0.3462413251399994,0.5,48
20559,0.19982518255710602,0.23934100568294525,0.2583852708339691,5.120194911956787,0.6707229614257812,0.0029296875,0.009394999593496323,3.2068264484405518,0.17670711874961853,3.9659292697906494,381.2055358886719,0.020013848319649696,0.23234114050865173,5.064248561859131,34.16666793823242,1.2841757535934448,0.036614637821912766,11.456786155700684,0.0008252861443907022,1.1458333730697632,11.059736251831055,0.10360404135713616,3.0864779949188232,0.2790733813039249,0.3333333432674408,0.030139357338730424,0.18976199626922607,1.635433554649353,0.402243435382843,-7.420652389526367,0.18059185147285461,0.1949872225522995,0.125,0.19832922518253326,0.0004897643229924142,4.42835445075368e-05,0.24064171314239502,0.40085330605506897,0.5,48
20975,0.2666342854499817,0.7481548190116882,0.23050957918167114,5.59916877746582,0.7751976251602173,0.00439453125,0.01386159099638462,3.1542820930480957,0.2126009315252304,4.173295974731445,255.94796752929688,0.02823571488261223,0.2857125401496887,5.233948707580566,32.11111068725586,1.1861544847488403,0.0294063501060009,11.453069686889648,0.0007012952119112015,0.6458333730697632,11.386764526367188,0.05671790006784567,0.9039246439933777,0.07938380047347182,0.2291666716337204,0.020125705673618266,0.1781754195690155,1.34073007106781,0.35341447591781616,-6.892652988433838,0.17014722526073456,0.1985716074705124,0.1666666716337204,0.15124759078025818,0.0005287579260766506,4.6436186889427376e-05,0.2804434597492218,0.5914278030395508,0.5,48
21077,0.2794264853000641,0.37756654620170593,0.2832914888858795,6.303047180175781,0.5574457049369812,0.00244140625,0.009006988257169724,3.6892623901367188,0.19431520998477936,6.234340190887451,652.1285400390625,0.01712392456829548,0.20263764262199402,5.052271842956543,40.0,1.5689125061035156,0.03288795053958893,11.472583770751953,0.0005139585118740797,1.5,13.120491027832031,0.11432498948971143,3.4313266277313232,0.26152425376743366,0.7291666865348816,0.05557464918289869,0.23001310229301453,1.341919183731079,0.40680310130119324,-4.747325897216797,0.23759059607982635,0.2812556028366089,0.1666666716337204,0.24909384548664093,0.0005854523624293506,4.4621223454308156e-05,0.3444007337093353,0.3842981159687042,0.5,48
21101,0.1977759748697281,0.3122572898864746,0.44382143020629883,3.158280849456787,0.7131655812263489,0.0087890625,0.033833108842372894,3.8494558334350586,0.3689501881599426,5.931713104248047,134.71923828125,0.05035991966724396,0.37568235397338867,5.406088829040527,26.88888931274414,2.622389078140259,0.042082637548446655,11.480056762695312,0.0005188413197174668,2.3125,15.277365684509277,0.15136771916320088,3.858916997909546,0.25259047109780514,1.1666667461395264,0.07636570135640788,0.34013742208480835,1.1722800731658936,0.52384352684021,-2.2089357376098633,0.2092941850423813,0.24145279824733734,0.1041666716337204,0.13051943480968475,0.001689244294539094,0.00011057169988057642,0.36947163939476013,1.3334423303604126,0.5,48
21162,0.2827165722846985,0.32732734084129333,0.23219463229179382,8.7429838180542,0.48779579997062683,0.0048828125,0.015350177884101868,3.143716335296631,0.22943267226219177,5.09852409362793,285.2664489746094,0.03085736557841301,0.2961331903934479,5.401395797729492,33.599998474121094,1.2234208583831787,0.02466769702732563,11.466344833374023,0.0005017773364670575,1.0833333730697632,10.488412857055664,0.10328858968476891,1.876511573791504,0.178912824807428,0.5,0.04767165502899976,0.18838278949260712,1.1616826057434082,0.3180128335952759,-4.058145999908447,0.19992300868034363,0.213060662150383,0.1875,0.18532216548919678,0.0005461339605972171,5.2070219538423764e-05,0.2759037911891937,0.6549409031867981,0.5,48
21210,0.18171508610248566,0.23913699388504028,0.29142704606056213,4.908071041107178,0.6388520002365112,0.0029296875,0.00785768497735262,2.6820898056030273,0.15135541558265686,4.198966979980469,473.0428161621094,0.020013848319649696,0.22955477237701416,5.030895709991455,33.5,1.452126383781433,0.019080594182014465,11.467254638671875,0.0004455416346900165,1.0416667461395264,11.17093563079834,0.09324794087391974,1.6443065404891968,0.14719505987339884,0.375,0.03356925615348011,0.19702941179275513,0.8768800497055054,0.2965238690376282,-2.8349924087524414,0.17305444180965424,0.17341183125972748,0.02083333395421505,0.17146936058998108,0.0004452508292160928,3.985797103601186e-05,0.2685098648071289,0.3352612257003784,0.5,48
21332,0.2903207242488861,0.5339040756225586,0.2732483446598053,5.886390686035156,0.618423581123352,0.0048828125,0.01543312706053257,3.1607043743133545,0.22911062836647034,4.943839073181152,271.5609436035156,0.03085736557841301,0.2969982922077179,5.50740385055542,38.5,1.4070574045181274,0.024471284821629524,11.466853141784668,0.0005159591673873365,1.5208333730697632,11.043536186218262,0.13771253573566009,2.402181625366211,0.21751924226850558,0.7708333730697632,0.06979950618840065,0.2055155634880066,1.3559341430664062,0.3755442798137665,-5.232295036315918,0.18691009283065796,0.20174317061901093,0.1041666716337204,0.1765352338552475,0.0005635607521981001,5.1030824020940435e-05,0.2616804242134094,0.6584800481796265,0.5,48
21549,0.2987065017223358,0.6397427916526794,0.2578296661376953,8.69451904296875,0.48399198055267334,0.00244140625,0.008242865093052387,3.376277446746826,0.17104975879192352,4.517690658569336,482.78216552734375,0.01712392456829548,0.20749765634536743,4.825809478759766,31.599998474121094,1.3895866870880127,0.022365368902683258,11.470870971679688,0.0004786352510564029,0.5416666865348816,10.720956802368164,0.05052409929587546,0.6658058166503906,0.06210320853846626,0.1875,0.017489110653229365,0.18716399371623993,1.022157907485962,0.3033619821071625,-3.9323067665100098,0.1744939386844635,0.18526332080364227,0.0833333358168602,0.1418597251176834,0.0005973888910375535,5.572160223128402e-05,0.22969411313533783,0.35169556736946106,0.5,48
21818,0.26753219962120056,0.3722173273563385,0.22874507308006287,5.4371337890625,0.6928473711013794,0.00341796875,0.01089579425752163,3.187798023223877,0.20586685836315155,6.750588417053223,643.8822021484375,0.02282176911830902,0.24315693974494934,4.997969150543213,29.0,1.321318507194519,0.019035890698432922,11.475278854370117,0.0004351834941189736,1.2291667461395264,11.374639511108398,0.10806203958011237,1.263175368309021,0.11105190331217908,0.2916666865348816,0.025641839989181493,0.17891621589660645,0.9252526164054871,0.2609841227531433,-2.588273525238037,0.16293981671333313,0.18870866298675537,0.2083333432674408,0.20013386011123657,0.0005587277701124549,4.9120481495312456e-05,0.26592040061950684,0.46488723158836365,0.5,48
22199,0.31346556544303894,0.471547394990921,0.3317776918411255,5.53433895111084,0.5812990069389343,0.00537109375,0.023513060063123703,4.37770414352417,0.3311637043952942,5.940370559692383,229.2755584716797,0.03342986851930618,0.3098771870136261,5.113428115844727,26.81818199157715,1.6859956979751587,0.029109466820955276,11.456281661987305,0.0005634065018966794,1.4375,12.63033676147461,0.11381327560849906,2.913403272628784,0.23066710930532378,0.3125,0.02474201643663023,0.24092340469360352,1.048434853553772,0.354430615901947,-2.5069828033447266,0.1755448430776596,0.1755448430776596,0.0,0.17582546174526215,0.0005318205803632736,4.21066033301963e-05,0.270785927772522,1.0032238960266113,0.5,48
22340,0.22865071892738342,0.3283402919769287,0.22598962485790253,5.903004169464111,0.606486976146698,0.00390625,0.010352087207138538,2.650134325027466,0.16980881989002228,4.16831111907959,323.2242126464844,0.02555946074426174,0.26950007677078247,5.150160312652588,29.25,1.1525589227676392,0.021923720836639404,11.464621543884277,0.0005405911942943931,1.0625,11.005404472351074,0.09654347568087011,1.8732799291610718,0.17021454615004614,0.4375,0.03975319586859358,0.18292610347270966,1.3800468444824219,0.34761497378349304,-6.409231662750244,0.20422029495239258,0.20491710305213928,0.02083333395421505,0.14365823566913605,0.0005643726326525211,5.1281407562764535e-05,0.23568111658096313,0.44168904423713684,0.5,48
22360,0.2221483439207077,0.3188363313674927,0.2724525034427643,5.134457588195801,0.6457265019416809,0.00244140625,0.0052042799070477486,2.1316730976104736,0.10543515533208847,2.4009716510772705,411.7573547363281,0.01712392456829548,0.21082960069179535,5.002362251281738,39.20000076293945,1.4489824771881104,0.047084592282772064,11.46394157409668,0.0009411690989509225,0.7291666865348816,10.796897888183594,0.0675348320796432,1.359633445739746,0.12592815626870776,0.125,0.01157739946962259,0.1904822587966919,1.4195979833602905,0.37293434143066406,-5.987818717956543,0.18869182467460632,0.23180869221687317,0.1875,0.17885731160640717,0.0006307931034825742,5.8423549933605936e-05,0.2934172451496124,0.222049281001091,0.5,48
22416,0.2262168675661087,0.3666698634624481,0.21041950583457947,5.397979259490967,0.8068684935569763,0.01171875,0.028176385909318924,2.4043848514556885,0.2629167139530182,3.9502780437469482,95.25727081298828,0.0637580007314682,0.41496041417121887,6.12286376953125,37.20833206176758,0.9952192902565002,0.0163346529006958,11.462687492370605,0.0005174078978598118,1.4583333730697632,10.470002174377441,0.13928682605680634,2.471008062362671,0.23600836168398562,0.625,0.05969435239780355,0.172368586063385,1.1540404558181763,0.2993277907371521,-5.052314758300781,0.15568870306015015,0.1613658368587494,0.0625,0.20217128098011017,0.0005572575610131025,5.322420675753065e-05,0.2758987545967102,0.8496255874633789,0.5,48
22429,0.27088943123817444,0.4760184586048126,0.2713008224964142,8.719730377197266,0.3778139054775238,0.00439453125,0.023557309061288834,5.360596656799316,0.4054643213748932,11.060508728027344,488.7424011230469,0.02823571488261223,0.2698078751564026,5.320548057556152,34.0,1.334694743156433,0.024956658482551575,11.466270446777344,0.0005044101271778345,1.1458333730697632,11.662649154663086,0.09824812157957633,2.3115508556365967,0.1982011825100951,0.3541666865348816,0.030367601865961887,0.21063920855522156,0.8840874433517456,0.2979927062988281,-2.4657180309295654,0.19506385922431946,0.2079574316740036,0.0833333358168602,0.18248111009597778,0.0007611088803969324,6.5260376922169e-05,0.27783098816871643,1.005111813545227,0.5,48
22518,0.2162424772977829,0.2816826403141022,0.22137433290481567,5.894083499908447,0.6463459134101868,0.0029296875,0.009484570473432541,3.2374000549316406,0.17986921966075897,4.109145641326904,405.79217529296875,0.020013848319649696,0.231292262673378,4.984963417053223,32.66666793823242,1.2111482620239258,0.017195209860801697,11.47016716003418,0.00046080799074843526,0.8333333730697632,10.931642532348633,0.07623130465906396,1.0144972801208496,0.09280373705879406,0.3541666865348816,0.03239830475272656,0.1694069355726242,1.5495870113372803,0.3530115485191345,-7.816789627075195,0.1619851142168045,0.16831672191619873,0.02083333395421505,0.1565261036157608,0.0006657774792984128,6.090370012733441e-05,0.27044203877449036,0.4046749770641327,0.5,48
22540,0.180057093501091,0.2570801377296448,0.2966410517692566,4.565096855163574,0.6594640016555786,0.00341796875,0.010247315280139446,2.9980716705322266,0.1802230328321457,4.750644683837891,381.7455749511719,0.02282176911830902,0.25171685218811035,5.012673854827881,30.571428298950195,1.4894142150878906,0.022886646911501884,11.46710205078125,0.0004848809039685875,0.9791666865348816,11.154146194458008,0.08778499659109142,1.899963140487671,0.17033694069101474,0.4166666865348816,0.03735531872160249,0.20006132125854492,1.1120796203613281,0.34012866020202637,-4.733841896057129,0.1866435706615448,0.2171873301267624,0.1666666716337204,0.15420852601528168,0.00046277299406938255,4.148887647576511e-05,0.2636973559856415,0.4372187852859497,0.5,48
22813,0.2840343415737152,0.4882211983203888,0.263410359621048,7.350980758666992,0.4905637204647064,0.0029296875,0.011450676247477531,3.9084975719451904,0.22020040452480316,6.031491279602051,458.1754455566406,0.020013848319649696,0.22956350445747375,5.137065410614014,38.66666793823242,1.3229774236679077,0.02427716739475727,11.463886260986328,0.0005466951988637447,0.7708333730697632,11.034144401550293,0.06985891649767355,0.9638978838920593,0.08735592429650212,0.3541666865348816,0.03209734015844019,0.19524237513542175,0.9810875654220581,0.30489277839660645,-3.6769776344299316,0.19173388183116913,0.2312781810760498,0.1875,0.18453937768936157,0.0007579955272376537,6.869545104414267e-05,0.23741960525512695,0.48856213688850403,0.5,48
22885,0.3632478713989258,0.6082322001457214,0.18960842490196228,9.336275100708008,0.5516447424888611,0.01416015625,0.06408027559518814,4.525393486022949,0.5617870092391968,7.3784966468811035,91.28518676757812,0.07434378564357758,0.4347882866859436,5.713423728942871,28.034482955932617,1.0458017587661743,0.016220547258853912,11.459854125976562,0.0005200606537982821,1.0,11.854876518249512,0.08435347239737635,1.223666787147522,0.10322054255323469,0.5,0.042176736198688176,0.19010506570339203,1.5300562381744385,0.37559962272644043,-5.778670787811279,0.20582425594329834,0.23898178339004517,0.1458333432674408,0.1917342245578766,0.00044073964818380773,3.7177919747502186e-05,0.256600946187973,1.871425986289978,0.5,48
22909,0.3007600009441376,0.3913767635822296,0.2301742136478424,7.406224250793457,0.5372391939163208,0.00390625,0.013370098546147346,3.4227452278137207,0.22686870396137238,6.078151702880859,405.8771667480469,0.02555946074426174,0.26514193415641785,5.49659538269043,41.125,1.2880072593688965,0.04229089617729187,11.46707534790039,0.000835044716950506,0.6666666865348816,10.683688163757324,0.062400425367377874,0.9775643348693848,0.0915006427528095,0.125,0.011700079407693813,0.18095378577709198,1.096720576286316,0.3087436556816101,-4.685815334320068,0.18128690123558044,0.2244006246328354,0.1875,0.1611742228269577,0.0005050782347097993,4.7275643625619724e-05,0.2103402018547058,0.5704575181007385,0.5,48
22963,0.22311197221279144,0.5309089422225952,0.29802078008651733,5.166865825653076,0.6138960123062134,0.00244140625,0.007991171441972256,3.273183822631836,0.17022094130516052,4.8979082107543945,577.0330810546875,0.01712392456829548,0.2041434645652771,4.876293182373047,30.399999618530273,1.5935282707214355,0.0365692600607872,11.470266342163086,0.0006231383886188269,0.8333333730697632,11.218356132507324,0.07428301994373228,5.064452648162842,0.4514433829545838,0.1458333432674408,0.012999528755809918,0.20230603218078613,0.9415127635002136,0.30579447746276855,-3.1076083183288574,0.20128345489501953,0.20822326838970184,0.02083333395421505,0.14809055626392365,0.000660100718960166,5.8841127039904456e-05,0.2664760649204254,0.34095659852027893,0.5,48
23027,0.22699439525604248,0.2930040657520294,0.28139567375183105,5.10687780380249,0.6637213826179504,0.00244140625,0.007966924458742142,3.2632522583007812,0.1698801964521408,4.905488014221191,580.13623046875,0.01712392456829548,0.20399455726146698,5.014477252960205,39.0,1.484458327293396,0.022157687693834305,11.469042778015137,0.00044466587132774293,1.25,11.087210655212402,0.11274251367136381,2.2459611892700195,0.20257224806930216,0.3333333432674408,0.03006467120836068,0.2046099156141281,1.2039904594421387,0.3584689497947693,-4.550045967102051,0.1699925661087036,0.17226819694042206,0.02083333395421505,0.18770389258861542,0.0006821989081799984,6.153025578565835e-05,0.270442932844162,0.33992210030555725,0.5,48
23062,0.2626064717769623,0.3580368459224701,0.2623065114021301,5.052514553070068,0.6586931943893433,0.00439453125,0.014262674376368523,3.2455508708953857,0.23890633881092072,7.335160255432129,524.8506469726562,0.02823571488261223,0.2754422128200531,5.333093166351318,32.0,1.5095272064208984,0.028068654239177704,11.47065258026123,0.00047890126006677747,1.5833333730697632,10.728334426879883,0.14758426691349893,3.2679786682128906,0.3046119309050283,0.6458333730697632,0.06019884790780167,0.20135074853897095,1.164237380027771,0.32230693101882935,-3.3549723625183105,0.16292116045951843,0.1662718653678894,0.0625,0.15019407868385315,0.0006024051690474153,5.6150856648966704e-05,0.22171685099601746,0.6085407137870789,0.5,48
23386,0.1895364373922348,0.2784837484359741,0.25935783982276917,7.760063648223877,0.4370412230491638,0.00341796875,0.00898415595293045,2.628507375717163,0.15613071620464325,3.4141311645507812,328.7608947753906,0.02282176911830902,0.25293874740600586,4.431175231933594,22.571428298950195,1.6325812339782715,0.02025149017572403,11.482486724853516,0.00039852168993093073,1.0208333730697632,11.440211296081543,0.08923203826900424,1.2079224586486816,0.1055856772511324,0.4791666865348816,0.04188442623259586,0.20787398517131805,1.154543161392212,0.34415173530578613,-3.264101505279541,0.16520988941192627,0.16520988941192627,0.0,0.1304330974817276,0.0005546714528463781,4.8484371311526236e-05,0.29899072647094727,0.38332393765449524,0.5,48
23483,0.24953746795654297,0.3631802499294281,0.2907344698905945,4.566061973571777,0.7209606170654297,0.02392578125,0.06946290284395218,2.9032657146453857,0.4678417444229126,7.226192951202393,68.36673736572266,0.11294737458229065,0.5045168399810791,6.284923553466797,30.40816307067871,1.6332263946533203,0.04550153389573097,11.470412254333496,0.0007064995588734746,1.3958333730697632,11.33985710144043,0.12309091369956947,1.155351161956787,0.10188410229536218,0.8333333730697632,0.0734871140685749,0.20701073110103607,1.3747419118881226,0.3888399302959442,-5.783839702606201,0.18771013617515564,0.20417927205562592,0.0833333358168602,0.13027575612068176,0.0004946843255311251,4.3623506069759326e-05,0.2883967161178589,1.3429937362670898,0.5,48
23562,0.18787716329097748,0.31320902705192566,0.2830530107021332,4.3747358322143555,0.7433837056159973,0.0029296875,0.007610183209180832,2.597609281539917,0.1436389833688736,3.751389980316162,411.50665283203125,0.020013848319649696,0.23219329118728638,5.053600788116455,31.666667938232422,1.4470417499542236,0.04149836674332619,11.459331512451172,0.000776014057919383,0.9583333730697632,11.603469848632812,0.08259024108696048,2.167008876800537,0.18675524676683794,0.2708333432674408,0.023340720195515027,0.19785921275615692,1.3170316219329834,0.37551066279411316,-5.862330913543701,0.20253828167915344,0.20698079466819763,0.0833333358168602,0.19212689995765686,0.0006086209323257208,5.2451632118724866e-05,0.26051825284957886,0.32470113039016724,0.5,48
23573,0.2928125560283661,0.5248093605041504,0.5292856693267822,3.013442039489746,0.7059919834136963,0.0546875,0.29524269700050354,5.398723602294922,1.2475289106369019,7.286011695861816,15.345878601074219,0.2120925486087799,0.6167406439781189,6.604373931884766,27.553571701049805,3.06636905670166,0.07904186844825745,11.467185020446777,0.0006171584827825427,5.770833492279053,16.051502227783203,0.3595198385042891,22.421531677246094,1.39684942537457,4.125,0.2569852926469569,0.44582366943359375,1.5554571151733398,0.7549489736557007,-2.5275259017944336,0.22299806773662567,0.22299806773662567,0.0,0.2626586854457855,0.0010323773603886366,6.431655711068282e-05,0.4969582259654999,2.337836503982544,0.5,48
23606,0.3194916844367981,0.5680245757102966,0.4355113208293915,4.328971862792969,0.6086045503616333,0.00634765625,0.0354318805038929,5.581883907318115,0.45887091755867004,7.4796552658081055,185.7306365966797,0.03844451159238815,0.331358939409256,5.263448715209961,30.153846740722656,2.2709696292877197,0.03381417319178581,11.466537475585938,0.0004773261025547981,2.5208334922790527,16.586973190307617,0.151976702550668,14.918197631835938,0.8993923997875193,1.1875,0.07159232643952043,0.32177385687828064,1.2809324264526367,0.4868311882019043,-2.3865182399749756,0.31349337100982666,0.32111722230911255,0.0833333358168602,0.21656034886837006,0.000927513639908284,5.591819729298667e-05,0.39525067806243896,1.5117602348327637,0.5,48
23652,0.26174256205558777,0.3519003689289093,0.23729856312274933,6.392829418182373,0.5276538133621216,0.005859375,0.019062405452132225,3.25331711769104,0.2626056373119354,5.760148048400879,260.5706787109375,0.03595767915248871,0.31889808177948,5.276577949523926,29.66666603088379,1.4138323068618774,0.021632205694913864,11.475893020629883,0.00046796409878879786,1.2916667461395264,11.783267974853516,0.10961871933998824,1.3776949644088745,0.11691959872081288,0.7083333730697632,0.06011349092461202,0.18764464557170868,0.9126712083816528,0.27146267890930176,-2.757943868637085,0.19754068553447723,0.33916395902633667,0.3333333432674408,0.3482556641101837,0.000568926043342799,4.8282534528970195e-05,0.31521499156951904,0.81332927942276,0.5,48
23750,0.25529664754867554,0.4220004379749298,0.33096882700920105,3.9023232460021973,0.7644333243370056,0.00341796875,0.011323034763336182,3.3127963542938232,0.20199662446975708,4.627507209777832,380.2240905761719,0.02282176911830902,0.24921725690364838,5.086159706115723,33.14285659790039,1.7411075830459595,0.044674552977085114,11.459543228149414,0.0006509179947897792,1.0,12.03006649017334,0.08312506003068154,1.8875598907470703,0.15690352922985693,0.2083333432674408,0.017317721665498602,0.2222568690776825,1.0106232166290283,0.34733933210372925,-2.734628915786743,0.1738964319229126,0.1738964319229126,0.0,0.1233484223484993,0.000619056518189609,5.1459110236895956e-05,0.31198209524154663,0.48311617970466614,0.5,48
23894,0.29650387167930603,0.5117159485816956,0.2590203285217285,5.682616233825684,0.6033450365066528,0.0029296875,0.0066435676999390125,2.2676711082458496,0.12303636968135834,2.604323387145996,346.5860290527344,0.020013848319649696,0.23452717065811157,4.678097724914551,24.5,1.5126376152038574,0.023420462384819984,11.46889591217041,0.0004487690166570246,1.125,12.47254467010498,0.09019811344468408,1.2304637432098389,0.09865378515521037,0.4791666865348816,0.038417716578654774,0.1966574639081955,1.194340705871582,0.33903002738952637,-4.010669708251953,0.17472872138023376,0.20957422256469727,0.2083333432674408,0.1931590884923935,0.0004564887494780123,3.659948801034642e-05,0.3533560335636139,0.2834588885307312,0.5,48
23968,0.2688741385936737,0.35183417797088623,0.18429134786128998,8.606441497802734,0.5368078947067261,0.00341796875,0.010742480866611004,3.1429429054260254,0.1997908055782318,6.312971591949463,579.9503784179688,0.02282176911830902,0.2449807971715927,5.1237592697143555,33.42856979370117,0.9586049914360046,0.016687925904989243,11.468879699707031,0.00048494996735826135,0.9791666865348816,10.491374969482422,0.09333063477854905,1.5282790660858154,0.14567004506793552,0.1875,0.01787182331836261,0.16744355857372284,0.9032344818115234,0.24656395614147186,-2.631298065185547,0.15757539868354797,0.1587696373462677,0.02083333395421505,0.15362367033958435,0.0005459517706185579,5.203815245249119e-05,0.2418047934770584,0.45834580063819885,0.5,48
24149,0.17017124593257904,0.3880015015602112,0.42162516713142395,3.2154455184936523,0.7222027778625488,0.005859375,0.02202817052602768,3.759474515914917,0.3161064088344574,8.639102935791016,366.9791259765625,0.03595767915248871,0.31411972641944885,5.139716148376465,26.5,2.170806407928467,0.037793777883052826,11.467134475708008,0.0004981135716661811,1.5416667461395264,13.234809875488281,0.11648574928378341,2.224029302597046,0.16804391765654692,0.625,0.047223949977951755,0.27433156967163086,1.2135212421417236,0.45577627420425415,-2.986362934112549,0.1789780706167221,0.1789780706167221,0.0,0.16128826141357422,0.0010942815570160747,8.268207601651562e-05,0.40015774965286255,0.9398686289787292,0.5,48
24366,0.24282431602478027,0.3504677712917328,0.2099006325006485,7.797946453094482,0.5360734462738037,0.00390625,0.00951251108199358,2.4352028369903564,0.15255513787269592,2.807901382446289,259.16650390625,0.02555946074426174,0.2721952795982361,5.297739505767822,38.375,1.023459553718567,0.018360868096351624,11.469827651977539,0.0005050247418694198,0.9791666865348816,11.230279922485352,0.08718987348681201,0.9960932731628418,0.08869710097621746,0.4375,0.03895717672490624,0.17284081876277924,1.3496975898742676,0.31850600242614746,-4.793036460876465,0.17076681554317474,0.22031216323375702,0.1875,0.16910971701145172,0.0005659826565533876,5.039791171333083e-05,0.240595743060112,0.4058671295642853,0.5,48
24488,0.23485814034938812,0.31896716356277466,0.2906510531902313,4.383474349975586,0.7292512655258179,0.00537109375,0.016008339822292328,2.980461835861206,0.22509871423244476,4.391049385070801,232.64511108398438,0.03342986851930618,0.31027141213417053,5.448910236358643,31.272727966308594,1.5012582540512085,0.03819978982210159,11.465450286865234,0.0007364469929598272,1.0625,11.400347709655762,0.09319891165846672,1.7021996974945068,0.1493112086888088,0.3125,0.02741144460543139,0.20300309360027313,1.3486155271530151,0.3680604100227356,-4.511650562286377,0.17579911649227142,0.2089531421661377,0.1458333432674408,0.20465773344039917,0.0006216884939931333,5.453241508776588e-05,0.25044870376586914,0.6830224990844727,0.5,48
24564,0.21733127534389496,0.30972999334335327,0.3080407381057739,6.580933094024658,0.43165141344070435,0.00244140625,0.00877416506409645,3.593898057937622,0.18445457518100739,4.722192764282227,513.2239379882812,0.01712392456829548,0.20556679368019104,4.464052200317383,31.0,1.5532158613204956,0.02295582927763462,11.466741561889648,0.00045582110760733485,1.3125,11.04671859741211,0.11881356325301351,3.430023193359375,0.31050154487124376,0.4166666865348816,0.03771859330745578,0.2139601707458496,0.8174406886100769,0.2947928309440613,-2.1541802883148193,0.17967024445533752,0.1809448003768921,0.02083333395421505,0.1840026080608368,0.0004697457770816982,4.25235577890532e-05,0.24497906863689423,0.37436437606811523,0.5,48
24668,0.21801875531673431,0.263224333524704,0.20882293581962585,5.587075710296631,0.7025775909423828,0.0078125,0.024182729423046112,3.0953893661499023,0.2825993001461029,4.5630998611450195,160.38455200195312,0.04568839073181152,0.3588661253452301,5.785870552062988,33.875,1.0793418884277344,0.014520484022796154,11.46696662902832,0.0004552971222437918,1.125,10.674108505249023,0.10539521856957194,2.009557008743286,0.18826462236845676,0.375,0.035131739523190646,0.17704932391643524,1.355792760848999,0.3277202844619751,-5.0310516357421875,0.16230617463588715,0.16230617463588715,0.0,0.13591206073760986,0.0005483428831212223,5.1371304904560415e-05,0.2366536557674408,1.0317964553833008,0.5,48
24796,0.3057720959186554,0.6115354895591736,0.3711996078491211,3.9626669883728027,0.6771336793899536,0.0302734375,0.12023856490850449,3.9717512130737305,0.7023298144340515,5.876378059387207,35.36708068847656,0.13569138944149017,0.5370442867279053,6.749248504638672,41.30644989013672,1.8875267505645752,0.042735133320093155,11.451347351074219,0.0006742551922798157,2.1458334922790527,11.460017204284668,0.18724522416984826,6.198116302490234,0.5408470324777884,1.2291667461395264,0.10725697205824404,0.26907095313072205,1.1731390953063965,0.43065279722213745,-2.71501088142395,0.24008862674236298,0.25494951009750366,0.0625,0.1965549737215042,0.0009380876435898244,8.18574375630534e-05,0.2364961802959442,1.8890985250473022,0.5,48
24823,0.2253774255514145,0.30816859006881714,0.23769770562648773,7.679476261138916,0.5695024728775024,0.00244140625,0.009340915828943253,3.8260390758514404,0.212622731924057,7.709529876708984,908.319091796875,0.01712392456829548,0.19614961743354797,4.825915336608887,33.599998474121094,1.2536307573318481,0.018568020313978195,11.464168548583984,0.00047400605399161577,0.625,10.423307418823242,0.05996177357982431,1.3814187049865723,0.13253170497174235,0.125,0.011992354715964862,0.1740104854106903,0.9195682406425476,0.2721783220767975,-4.419955730438232,0.20097677409648895,0.21474027633666992,0.0833333358168602,0.1889359951019287,0.00040846550837159157,3.918770612503233e-05,0.23962654173374176,0.3985457420349121,0.5,48
24850,0.18282145261764526,0.26116105914115906,0.26526570320129395,5.9489006996154785,0.5790760517120361,0.00244140625,0.006851716432720423,2.8064630031585693,0.14298304915428162,4.123808860778809,524.0823974609375,0.01712392456829548,0.20706357061862946,4.399326801300049,23.600000381469727,1.310657024383545,0.021208010613918304,11.467556953430176,0.00046600704081356525,1.0208333730697632,10.588744163513184,0.09640740736973213,2.0832326412200928,0.19674029394638853,0.2708333432674408,0.025577475367183453,0.19200323522090912,1.2918434143066406,0.3451032340526581,-4.646326065063477,0.1666516661643982,0.1666516661643982,0.0,0.18747955560684204,0.0006687834393233061,6.31598448658538e-05,0.2996337413787842,0.29233989119529724,0.5,48
24900,0.23549000918865204,0.38810136914253235,0.26728129386901855,6.998876094818115,0.5429511070251465,0.046875,0.16631188988685608,3.5479869842529297,0.7905473113059998,7.460762023925781,27.195913314819336,0.189208984375,0.5921720266342163,6.035923957824707,32.46875,1.7056033611297607,0.021147120743989944,11.475364685058594,0.0004040717612951994,2.5208334922790527,10.77160930633545,0.23402570760305402,4.9545817375183105,0.45996671360931624,1.5,0.1392549577271808,0.20946502685546875,1.5414080619812012,0.4100044369697571,-5.13271427154541,0.1924300491809845,0.21048647165298462,0.125,0.198557049036026,0.0004958389909006655,4.6032025144906776e-05,0.21905766427516937,1.8439725637435913,0.5,48
25078,0.3372216522693634,0.4305586516857147,0.29064518213272095,5.564815998077393,0.6173011064529419,0.015625,0.054213736206293106,3.469679117202759,0.45199915766716003,5.968388557434082,85.74951934814453,0.08048483729362488,0.4481655955314636,6.140392303466797,33.71875,1.5314505100250244,0.03018392249941826,11.45129108428955,0.0005912284832447767,1.3333333730697632,12.112261772155762,0.1100812876282182,17.981945037841797,1.4846067036243777,0.5416666865348816,0.0447205234065272,0.2353045791387558,1.1646004915237427,0.37235015630722046,-2.9855518341064453,0.15734785795211792,0.15734785795211792,0.0,0.21406114101409912,0.0005679528694599867,4.689073598926966e-05,0.31364282965660095,1.4538272619247437,0.5,48
25373,0.24795623123645782,0.3806873857975006,0.2589823305606842,5.049559593200684,0.6653193235397339,0.0390625,0.1367436647415161,3.5006377696990967,0.7307904362678528,8.33954906463623,42.588722229003906,0.16495318710803986,0.5658498406410217,5.542560577392578,29.5,1.3480998277664185,0.01935412921011448,11.469182968139648,0.00046111911069601774,2.9166667461395264,10.815486907958984,0.2696750288048924,3.676361560821533,0.3399164169591828,1.0208333730697632,0.09438626118392152,0.20254194736480713,1.3844093084335327,0.35865649580955505,-4.321757793426514,0.20998424291610718,0.21076104044914246,0.02083333395421505,0.1611333042383194,0.0005767086986452341,5.332249051936962e-05,0.3009561598300934,1.9241822957992554,0.5,48
25387,0.18701766431331635,0.26752758026123047,0.2648907005786896,4.879608154296875,0.7056969404220581,0.00244140625,0.006328021176159382,2.5919575691223145,0.12943929433822632,3.2143757343292236,443.0888671875,0.01712392456829548,0.2095590978860855,4.985116481781006,34.599998474121094,1.3519959449768066,0.03183648735284805,11.466164588928223,0.0006040121661499143,1.1666667461395264,10.867853164672852,0.10735024916037714,2.672370672225952,0.24589683254589945,0.3333333432674408,0.030671498584859645,0.18624167144298553,1.6392011642456055,0.3950997292995453,-7.302005767822266,0.16789913177490234,0.16789913177490234,0.0,0.1753658503293991,0.00046427029883489013,4.271959616797691e-05,0.25744491815567017,0.2699955701828003,0.5,48
25389,0.1832953542470932,0.3480987548828125,0.2564842700958252,5.349020957946777,0.6633120775222778,0.00244140625,0.00878958310931921,3.6002132892608643,0.19159258902072906,6.066896915435791,662.7747192382812,0.01712392456829548,0.20096158981323242,4.8455963134765625,32.0,1.2850168943405151,0.03814726322889328,11.45928955078125,0.0008178357384167612,0.7708333730697632,10.890700340270996,0.07077904526595319,1.0079591274261475,0.0925522780911942,0.2083333432674408,0.0191294716195416,0.18351680040359497,0.8643719553947449,0.27261829376220703,-3.287733554840088,0.1726309061050415,0.17864350974559784,0.0416666679084301,0.21547287702560425,0.0005122802685946226,4.703832188183154e-05,0.26648950576782227,0.37502220273017883,0.5,48
25452,0.19844110310077667,0.34278061985969543,0.2380957007408142,6.943851947784424,0.5648941993713379,0.00390625,0.014006962068378925,3.585782289505005,0.24266880750656128,6.839156627655029,455.23486328125,0.02555946074426174,0.26227623224258423,5.210206508636475,31.75,1.2064988613128662,0.017551634460687637,11.463863372802734,0.0004916419857181609,1.0833333730697632,11.391624450683594,0.0950991122301054,1.8490331172943115,0.16231513983593468,0.3541666865348816,0.03109009498664851,0.17719309031963348,1.310039758682251,0.3295632004737854,-5.6650776863098145,0.16304296255111694,0.1659626066684723,0.0416666679084301,0.17371971905231476,0.0005169622600078583,4.5380907858407065e-05,0.23172147572040558,0.5976303219795227,0.5,48
25465,0.1810237467288971,0.2239965945482254,0.2793867290019989,5.532947063446045,0.6219320297241211,0.0029296875,0.010724450461566448,3.6606123447418213,0.2171737402677536,7.326962471008301,708.9735717773438,0.020013848319649696,0.22392283380031586,5.103094100952148,34.0,1.406632900238037,0.025590719655156136,11.465303421020508,0.0005698928143829107,1.0208333730697632,11.78669548034668,0.08660895446953959,1.8789409399032593,0.1594120202258652,0.2083333432674408,0.017675296985322653,0.20031195878982544,1.0278363227844238,0.3232212960720062,-3.496438980102539,0.19171643257141113,0.23270003497600555,0.1875,0.22699043154716492,0.0004785108321812004,4.0597539197742185e-05,0.29844415187835693,0.45757654309272766,0.5,48
25539,0.34425488114356995,0.43337327241897583,0.2613963484764099,7.513854026794434,0.483047217130661,0.0048828125,0.014188649132847786,2.9058353900909424,0.21384084224700928,5.397792339324951,322.4948425292969,0.03085736557841301,0.29545021057128906,5.116911888122559,30.200000762939453,1.3156081438064575,0.020752375945448875,11.469134330749512,0.0004554658953566104,1.1666667461395264,11.19178581237793,0.10424312658010136,1.7819008827209473,0.15921506281491232,0.6458333730697632,0.05770601611928831,0.2044069468975067,1.4162057638168335,0.3846125602722168,-5.048288345336914,0.19485758244991302,0.2622106671333313,0.1875,0.20020872354507446,0.0006325035355985165,5.6514978542015004e-05,0.2408382147550583,0.6053822636604309,0.5,48
25595,0.17398273944854736,0.32902830839157104,0.24312283098697662,4.664675235748291,0.8078525066375732,0.00390625,0.010610940866172314,2.7164008617401123,0.17344866693019867,4.158150672912598,312.8246154785156,0.02555946074426174,0.2699195444583893,5.116430282592773,29.25,1.224491000175476,0.019931813701987267,11.468758583068848,0.0004708839696832001,1.4583333730697632,10.702345848083496,0.1362629644386125,3.485962390899658,0.3257194672200493,0.5208333730697632,0.048665346829207264,0.18569442629814148,1.2697432041168213,0.33004266023635864,-5.165395736694336,0.2174685001373291,0.24894951283931732,0.1666666716337204,0.2232477366924286,0.0004202883574180305,3.927067607337564e-05,0.2744539678096771,0.45273342728614807,0.5,48
25709,0.23835399746894836,0.4152498245239258,0.30316948890686035,4.898508548736572,0.5702172517776489,0.00390625,0.015086844563484192,3.862232208251953,0.271416038274765,8.92021656036377,638.9490356445312,0.02555946074426174,0.25858744978904724,5.100930690765381,31.625,1.5118014812469482,0.021800518035888672,11.467964172363281,0.00046144210500642657,1.3125,11.410377502441406,0.11502686905572615,2.970608711242676,0.26034271942393195,0.2916666865348816,0.02556152819806884,0.20795445144176483,1.006310224533081,0.3186013400554657,-3.1619977951049805,0.18025211989879608,0.1819630116224289,0.0416666679084301,0.1487407684326172,0.0006271614111028612,5.496412458036819e-05,0.2059452086687088,0.6437053680419922,0.5,48
25717,0.2411225289106369,0.8855875134468079,0.1410706341266632,7.5483503341674805,0.689224362373352,0.06494140625,0.21010521054267883,3.235304355621338,0.8445391058921814,7.381936073303223,19.50384521484375,0.24035285413265228,0.6346089839935303,7.007706165313721,33.54135513305664,1.0513170957565308,0.024199556559324265,11.485343933105469,0.000566773465834558,1.5416667461395264,9.638263702392578,0.15995274586202693,2.894038677215576,0.3002655627169146,0.3541666865348816,0.036745901243551274,0.14537549018859863,1.4161279201507568,0.27696165442466736,-5.411286354064941,0.1456080824136734,0.14708644151687622,0.0416666679084301,0.18128925561904907,0.00041687616612762213,4.325220585027319e-05,0.26580142974853516,1.9916929006576538,0.5,48
25892,0.22360992431640625,0.29350849986076355,0.2826659679412842,5.014986038208008,0.6635900139808655,0.0029296875,0.008236228488385677,2.8112993240356445,0.15236851572990417,3.1603198051452637,343.5352478027344,0.020013848319649696,0.23466627299785614,5.005398750305176,35.66666793823242,1.5095165967941284,0.02396264672279358,11.470545768737793,0.00047760389861650765,0.8333333730697632,11.137395858764648,0.07482300017788591,1.1092760562896729,0.09959923031924274,0.3541666865348816,0.0317997753431894,0.2032756507396698,1.167876124382019,0.34964001178741455,-4.154465675354004,0.23274123668670654,0.25297924876213074,0.1875,0.17800986766815186,0.0005665431963279843,5.0868551589953036e-05,0.2571336328983307,0.35141241550445557,0.5,48
26099,0.21123962104320526,0.2868901491165161,0.21162143349647522,6.701081275939941,0.6444364786148071,0.00244140625,0.007094245404005051,2.9058029651641846,0.14661914110183716,3.8116989135742188,476.1631774902344,0.01712392456829548,0.20817308127880096,5.137292385101318,40.79999923706055,1.0798064470291138,0.028502672910690308,11.461270332336426,0.0006995054427534342,0.8125,10.556211471557617,0.07696890133543553,1.6350315809249878,0.15488810391696806,0.2083333432674408,0.01973561666810224,0.16583679616451263,1.0149564743041992,0.2678833603858948,-3.955930709838867,0.1644144207239151,0.1644144207239151,0.0,0.20467974245548248,0.0004123929829802364,3.9066381314992936e-05,0.23264911770820618,0.3026878237724304,0.5,48
26116,0.2669997215270996,0.32533857226371765,0.24936527013778687,7.413111686706543,0.5188119411468506,0.00341796875,0.012562200427055359,3.6753408908843994,0.22856073081493378,5.902536392211914,434.0166931152344,0.02282176911830902,0.24659863114356995,5.100915431976318,32.57143020629883,1.4033503532409668,0.020707255229353905,11.472770690917969,0.0004665587330237031,0.9166666865348816,11.102210998535156,0.08256613802693595,1.2608141899108887,0.11356424309910881,0.4166666865348816,0.03753006371564697,0.18982192873954773,1.0947270393371582,0.3115730583667755,-3.5948362350463867,0.1810006946325302,0.1810006946325302,0.0,0.2228827029466629,0.0005604780744761229,5.0483464423909667e-05,0.30984216928482056,0.5359871983528137,0.5,48
26170,0.17635110020637512,0.3778245151042938,0.4025576114654541,3.1413276195526123,0.7879770994186401,0.009765625,0.039089519530534744,4.0027666091918945,0.40823453664779663,6.875649452209473,132.59481811523438,0.05492175742983818,0.38830116391181946,5.977055072784424,32.75,1.973330020904541,0.06741606444120407,11.460775375366211,0.0008860738016664982,1.2916667461395264,11.746050834655762,0.10996604418132679,4.931774139404297,0.41986657512624026,0.6041666865348816,0.05143572886965378,0.2491009682416916,1.5680828094482422,0.47565531730651855,-4.457312107086182,0.19102931022644043,0.20342108607292175,0.125,0.22434885799884796,0.0006344489520415664,5.401380944389739e-05,0.2817872166633606,1.4402872323989868,0.5,48
26238,0.20405304431915283,0.28737717866897583,0.2643304765224457,4.985373497009277,0.6706873178482056,0.0048828125,0.012603307142853737,2.5811572074890137,0.18324823677539825,3.5307273864746094,231.97113037109375,0.03085736557841301,0.29967594146728516,5.347046852111816,33.599998474121094,1.3827353715896606,0.04663698747754097,11.467321395874023,0.0008511538035236299,0.9375,10.551128387451172,0.08885305577614533,2.075833797454834,0.19674045459974607,0.2291666716337204,0.02171963632715151,0.19031541049480438,1.0667117834091187,0.32022976875305176,-4.2513861656188965,0.18878953158855438,0.18878953158855438,0.0,0.1799376904964447,0.000630826863925904,5.978762082719914e-05,0.21654772758483887,0.5377411246299744,0.5,48
26273,0.251165509223938,0.3014790713787079,0.21901638805866241,6.219377040863037,0.6176746487617493,0.0078125,0.025215454399585724,3.2275781631469727,0.2976708710193634,5.565521717071533,178.81626892089844,0.04568839073181152,0.3577687442302704,5.241107940673828,23.8125,1.1150431632995605,0.015724143013358116,11.467220306396484,0.0004610629694070667,1.5625,12.67239761352539,0.12329947705391847,1.7513892650604248,0.13820504351987006,0.625,0.04931979082156739,0.184119313955307,1.5793368816375732,0.37200114130973816,-6.169996738433838,0.20931583642959595,0.25015807151794434,0.1458333432674408,0.1291504204273224,0.0008276384323835373,6.531032697767361e-05,0.2816877067089081,1.0758594274520874,0.5,48
26314,0.23821447789669037,0.3399108052253723,0.22580406069755554,8.405970573425293,0.510459303855896,0.0029296875,0.007964154705405235,2.7184314727783203,0.15103760361671448,4.038837909698486,427.0317687988281,0.020013848319649696,0.23158486187458038,5.2010498046875,40.66666793823242,1.1686755418777466,0.019687168300151825,11.467081069946289,0.00047824252396821976,1.0625,10.020651817321777,0.10603102655488376,2.2688112258911133,0.22641353726162733,0.3541666865348816,0.03534367750102139,0.184465691447258,1.0672110319137573,0.30509474873542786,-4.055593490600586,0.18342235684394836,0.1902024745941162,0.0625,0.15049032866954803,0.0005758934421464801,5.747065680660409e-05,0.24442917108535767,0.33980393409729004,0.5,48
26348,0.3182692229747772,0.5525980591773987,0.2380877435207367,11.027897834777832,0.3605039119720459,0.0029296875,0.010634750127792358,3.6299946308135986,0.21009235084056854,6.487616539001465,570.6878051757812,0.020013848319649696,0.22636385262012482,4.558554649353027,26.33333396911621,1.1986972093582153,0.01879895105957985,11.469745635986328,0.0004745995393022895,1.6666667461395264,11.902236938476562,0.1400297064622674,1.453639030456543,0.12213158221846715,0.75,0.06301336490330894,0.18074139952659607,1.6698802709579468,0.3925495147705078,-7.705430030822754,0.15817013382911682,0.15817013382911682,0.0,0.15191270411014557,0.00047598488163203,3.999121204631656e-05,0.2801048755645752,0.45374932885169983,0.5,48
26407,0.23456107079982758,0.364052414894104,0.38521525263786316,4.664140224456787,0.5869023203849792,0.0048828125,0.020376378670334816,4.17308235168457,0.31239381432533264,6.901669979095459,315.3919372558594,0.03085736557841301,0.2923368513584137,5.049511909484863,27.799999237060547,2.0469441413879395,0.038327667862176895,11.464661598205566,0.0005140029825270176,1.4166667461395264,12.333610534667969,0.11486228959548067,3.4877753257751465,0.2827862379101123,0.6458333730697632,0.05236369112927503,0.25243765115737915,1.2682875394821167,0.4204331338405609,-3.3024353981018066,0.18360714614391327,0.18360714614391327,0.0,0.1363976001739502,0.0007195798680186272,5.834300227111629e-05,0.33927154541015625,0.8693922162055969,0.5,48
26589,0.23075640201568604,0.37995830178260803,0.4104820489883423,4.672063827514648,0.5354223251342773,0.0087890625,0.03480931371450424,3.960526466369629,0.42748183012008667,11.678726196289062,353.0911865234375,0.05035991966724396,0.36210352182388306,5.829826354980469,33.33333206176758,2.267413854598999,0.03020886704325676,11.473939895629883,0.00043440464651212096,1.875,13.394350051879883,0.1399843957592404,3.9347171783447266,0.29375947023684795,0.9375,0.0699921978796202,0.26565682888031006,1.746832251548767,0.5592432022094727,-5.461925983428955,0.1963556855916977,0.20681747794151306,0.1041666716337204,0.2996987998485565,0.0005518753314390779,4.1202098563162585e-05,0.5079870820045471,1.3872252702713013,0.5,48
26606,0.22729699313640594,0.28978562355041504,0.2230352759361267,7.122256755828857,0.6025328636169434,0.00439453125,0.010232317261397839,2.328420639038086,0.15456657111644745,2.68715238571167,228.9083709716797,0.02823571488261223,0.2877454161643982,5.507612705230713,35.44444274902344,1.1946574449539185,0.01916869916021824,11.468252182006836,0.0005041072145104408,0.875,10.775106430053711,0.0812056943351771,1.2983232736587524,0.12049284903883331,0.25,0.023201626952907742,0.1758725941181183,1.1473767757415771,0.30618971586227417,-5.145391464233398,0.1687052696943283,0.1693260669708252,0.02083333395421505,0.1809704601764679,0.00047628465108573437,4.4202315191548135e-05,0.2298499196767807,0.4365788698196411,0.5,48
26846,0.19235150516033173,0.26423656940460205,0.30448833107948303,4.362187385559082,0.6847414374351501,0.00341796875,0.012893963605165482,3.7724053859710693,0.2437593936920166,7.634027004241943,587.28271484375,0.02282176911830902,0.2421148419380188,5.443572044372559,43.42856979370117,1.5283405780792236,0.021197810769081116,11.464597702026367,0.0004665323649533093,0.8958333730697632,10.711390495300293,0.0836337142807444,2.3692545890808105,0.22119019822015054,0.1875,0.01750473011951341,0.20337027311325073,1.2397205829620361,0.35963115096092224,-4.249941349029541,0.1670912504196167,0.1670912504196167,0.0,0.16015461087226868,0.000749858096241951,7.000567254745314e-05,0.2835179567337036,0.5501424670219421,0.5,48
26876,0.3280503749847412,0.5019373893737793,0.2056431919336319,7.381564617156982,0.5719051957130432,0.00439453125,0.01906626671552658,4.338634967803955,0.3086514472961426,7.871085166931152,378.66888427734375,0.02823571488261223,0.27884599566459656,5.352586269378662,33.44444274902344,1.167108416557312,0.01882137358188629,11.46868896484375,0.0004978047218173742,0.9375,10.432483673095703,0.0898635481710918,1.4791086912155151,0.14177915213154774,0.2916666865348816,0.02795755022435207,0.17375056445598602,1.4342575073242188,0.3430977761745453,-6.9902167320251465,0.17713312804698944,0.20853862166404724,0.125,0.15883421897888184,0.0003977308515459299,3.812427257282884e-05,0.19535940885543823,0.8134940266609192,0.5,48
26911,0.20526829361915588,0.3039162755012512,0.3142370283603668,4.093842506408691,0.7158791422843933,0.0029296875,0.011372335255146027,3.8817570209503174,0.21406087279319763,4.513082981109619,374.8411560058594,0.020013848319649696,0.2320299595594406,5.027156829833984,33.83333206176758,1.8791465759277344,0.042293354868888855,11.476242065429688,0.0005207592621445656,1.1458333730697632,10.708282470703125,0.10700440291284935,2.9545836448669434,0.27591573627155,0.5625,0.0525294323355453,0.2037934958934784,1.2936266660690308,0.3686649203300476,-4.786266326904297,0.18777047097682953,0.18777047097682953,0.0,0.1486377865076065,0.0005879150121472776,5.49028299549186e-05,0.23572805523872375,0.4852196276187897,0.5,48
27031,0.2197183221578598,0.2894064486026764,0.28144991397857666,4.430368900299072,0.7412840723991394,0.0029296875,0.007527738809585571,2.5694682598114014,0.14424939453601837,4.09233283996582,469.4215393066406,0.020013848319649696,0.23037616908550262,5.211288928985596,37.16666793823242,1.3760778903961182,0.03263487666845322,11.46394157409668,0.0007049115374684334,0.875,11.507319450378418,0.076038559893359,1.4493699073791504,0.12595200058272196,0.2916666865348816,0.02534618835769161,0.19746676087379456,0.7928044199943542,0.27866023778915405,-2.276092290878296,0.17319539189338684,0.19836227595806122,0.1458333432674408,0.17982697486877441,0.0006010574870742857,5.2232623691714205e-05,0.2785130441188812,0.32118356227874756,0.5,48
27066,0.23015959560871124,0.3125167489051819,0.18545129895210266,7.770986557006836,0.594108521938324,0.00390625,0.011006553657352924,2.8176777362823486,0.1832691878080368,4.589349746704102,351.4020080566406,0.02555946074426174,0.26743966341018677,5.312524318695068,36.75,1.1118507385253906,0.01513417437672615,11.48239517211914,0.0004344289773143828,1.125,11.388358116149902,0.09878509154157872,2.3607475757598877,0.2072948136693338,0.2083333432674408,0.01829353634296647,0.16460713744163513,1.2013893127441406,0.28870007395744324,-5.7750420570373535,0.1688614785671234,0.17123179137706757,0.0625,0.13988253474235535,0.0004097381024621427,3.597868085315158e-05,0.3029012680053711,0.4696129262447357,0.5,48
27080,0.25020191073417664,0.3307754695415497,0.21047766506671906,6.68654727935791,0.5673881769180298,0.00439453125,0.013584138825535774,3.091146230697632,0.20902422070503235,4.253794193267822,262.1135559082031,0.02823571488261223,0.28528502583503723,5.306148052215576,30.22222137451172,1.2285850048065186,0.01831572689116001,11.476716995239258,0.0004449051048140973,0.75,11.115238189697266,0.06747493724609761,1.2732207775115967,0.11454732275069679,0.1875,0.016868734311524403,0.17861829698085785,1.0003411769866943,0.28241708874702454,-3.7506704330444336,0.17700457572937012,0.19219772517681122,0.125,0.1425975263118744,0.0006117013399489224,5.503267936854314e-05,0.28984805941581726,0.5795899033546448,0.5,48
27179,0.4909510612487793,0.6371716260910034,0.31358611583709717,8.1611967086792,0.4320255517959595,0.0029296875,0.021620724350214005,7.379873752593994,0.41568735241889954,9.673480987548828,419.4941711425781,0.020013848319649696,0.22882869839668274,4.460658073425293,25.16666603088379,1.6861481666564941,0.03738198056817055,11.452903747558594,0.0006576235755346715,1.4791667461395264,13.96759033203125,0.10589992331665256,2.482109546661377,0.17770492159926948,0.5416666865348816,0.038780252947775755,0.2538561522960663,0.8727434873580933,0.35989850759506226,-2.2210323810577393,0.22483991086483002,0.2316218614578247,0.0625,0.1427289992570877,0.0005996403051540256,4.2930834200484024e-05,0.4425043761730194,0.9224842190742493,0.5,48
27236,0.38091516494750977,0.6490582823753357,0.3213558495044708,7.507800102233887,0.44395413994789124,0.00439453125,0.024189315736293793,5.50441312789917,0.3777017295360565,6.856808662414551,269.9183654785156,0.02823571488261223,0.28270843625068665,5.272900581359863,38.33333206176758,1.6447166204452515,0.03429320454597473,11.459371566772461,0.0005836492637172341,1.3333333730697632,11.596782684326172,0.11497442076948705,2.8689608573913574,0.2473928272187959,0.5,0.0431154065036184,0.24516873061656952,1.196289300918579,0.38456282019615173,-2.913996458053589,0.19744646549224854,0.19744646549224854,0.0,0.17699483036994934,0.0006826535682193935,5.886577218984949e-05,0.22980082035064697,1.0320775508880615,0.5,48
27591,0.22406835854053497,0.2695232927799225,0.177609384059906,7.254139423370361,0.6365953683853149,0.01171875,0.036696575582027435,3.131441116333008,0.3526413142681122,5.780385971069336,118.18622589111328,0.0637580007314682,0.41114017367362976,5.982885360717773,36.95833206176758,1.0739963054656982,0.02268974855542183,11.475854873657227,0.0005536978715099394,0.8958333730697632,11.020866394042969,0.08128520392381579,1.3325183391571045,0.12090867362916898,0.3541666865348816,0.03213601123092797,0.1703091561794281,1.3263019323349,0.31487858295440674,-6.0078959465026855,0.17157578468322754,0.17418718338012695,0.0416666679084301,0.16828900575637817,0.0005000333185307682,4.5371507121012965e-05,0.23824091255664825,1.1896950006484985,0.5,48
27639,0.25530797243118286,0.3781526982784271,0.26102688908576965,5.482821941375732,0.6690434813499451,0.00390625,0.013941430486738682,3.5690062046051025,0.23632033169269562,6.289306163787842,393.9386291503906,0.02555946074426174,0.26502108573913574,5.271272659301758,32.0,1.344469666481018,0.050713010132312775,11.454940795898438,0.0010350170778110623,0.8958333730697632,11.179475784301758,0.08013196589471346,1.5303235054016113,0.13688687498045532,0.2083333432674408,0.018635340967742824,0.19597235321998596,1.2877569198608398,0.36347484588623047,-5.1235833168029785,0.19681590795516968,0.20228314399719238,0.0833333358168602,0.1858668178319931,0.0005957254907116294,5.328742614347571e-05,0.21543999016284943,0.5948343276977539,0.5,48
27691,0.1826239675283432,0.24829784035682678,0.37928497791290283,4.683379650115967,0.5564498901367188,0.0029296875,0.010513994842767715,3.5887768268585205,0.2056751251220703,6.035738945007324,521.59228515625,0.020013848319649696,0.22746415436267853,4.723041534423828,29.83333396911621,1.9226421117782593,0.03282604739069939,11.466790199279785,0.00048669110401533544,1.2083333730697632,12.541090965270996,0.0963499408027899,1.5616835355758667,0.1245253334542628,0.5833333730697632,0.04651376616436339,0.23647312819957733,1.2192727327346802,0.4125240445137024,-3.777942657470703,0.17355787754058838,0.17355787754058838,0.0,0.17187300324440002,0.0005856244242750108,4.669644972911587e-05,0.28177380561828613,0.44859710335731506,0.5,48
27726,0.2067132443189621,0.5012094378471375,0.27337056398391724,5.971017837524414,0.5819962620735168,0.00244140625,0.007724773604422808,3.164067268371582,0.16113786399364471,4.6582841873168945,524.7488403320312,0.01712392456829548,0.20714685320854187,4.988316535949707,38.79999923706055,1.4328079223632812,0.04060811176896095,11.463388442993164,0.0007397467270493507,0.7291666865348816,10.259115219116211,0.07107500698163977,1.3270472288131714,0.12935298991933558,0.25,0.024368573158285566,0.1867961287498474,0.9670929312705994,0.29089853167533875,-3.2522292137145996,0.19352416694164276,0.200243279337883,0.0416666679084301,0.13805946707725525,0.0005910220788791776,5.760945906931705e-05,0.2765708267688751,0.3295903503894806,0.5,48
27754,0.20365972816944122,0.27649250626564026,0.24705947935581207,7.297943592071533,0.553403913974762,0.0068359375,0.020091446116566658,2.939091444015503,0.26002901792526245,6.790475845336914,298.5371398925781,0.04089350998401642,0.33826741576194763,5.19221305847168,31.928569793701172,1.2295567989349365,0.019927989691495895,11.469030380249023,0.00046659671352244914,1.25,10.738131523132324,0.1164075888010075,2.7211644649505615,0.25341135527670283,0.5416666865348816,0.050443290330685384,0.19277691841125488,1.3196029663085938,0.35218602418899536,-4.69619083404541,0.20320972800254822,0.21887747943401337,0.1041666716337204,0.19514624774456024,0.0006803805008530617,6.33611628572214e-05,0.19896535575389862,0.8572350144386292,0.5,48
28014,0.24103699624538422,0.28099119663238525,0.28414565324783325,8.802986145019531,0.4077526926994324,0.00390625,0.010980520397424698,2.8110132217407227,0.1795075684785843,3.931131362915039,302.1358642578125,0.02555946074426174,0.2697329521179199,5.136378288269043,31.125,1.6651753187179565,0.024784935638308525,11.477943420410156,0.0004447985265869647,1.125,11.887802124023438,0.09463481872567496,1.7620398998260498,0.14822251245106194,0.4791666865348816,0.040307424461876296,0.1973363608121872,1.0000789165496826,0.30916696786880493,-3.216031074523926,0.17292219400405884,0.17378202080726624,0.02083333395421505,0.1258491426706314,0.000774489133618772,6.514990112446004e-05,0.278120756149292,0.4685021936893463,0.5,48
28170,0.2288833111524582,0.2793940305709839,0.17312267422676086,7.051436901092529,0.6106805205345154,0.06005859375,0.23219488561153412,3.8661391735076904,0.974550724029541,9.748405456542969,21.274654388427734,0.22712871432304382,0.6238788366317749,5.73919677734375,29.186992645263672,1.256876826286316,0.01902058534324169,11.464736938476562,0.0004777566355187446,1.4166667461395264,11.329566955566406,0.12504156164530883,2.010336399078369,0.17744159200332377,0.5,0.04413231339905877,0.1783200353384018,1.521713137626648,0.36012300848960876,-6.233067989349365,0.203729510307312,0.2693611681461334,0.2708333432674408,0.28187429904937744,0.000546337803825736,4.822230236038175e-05,0.29815202951431274,2.1668169498443604,0.5,48
28179,0.2013537436723709,0.2571382522583008,0.2643074691295624,5.439547538757324,0.6180011630058289,0.0029296875,0.008588882163167,2.9316718578338623,0.16083550453186035,3.659522771835327,373.4718933105469,0.020013848319649696,0.23299825191497803,5.072188377380371,33.5,1.3309597969055176,0.019017893821001053,11.465619087219238,0.0004595161881297827,1.1666667461395264,10.925280570983887,0.10678597565449995,2.5808348655700684,0.2362259574424265,0.2083333432674408,0.01906892383432766,0.18539683520793915,1.064471960067749,0.3015950918197632,-3.917269706726074,0.19130071997642517,0.19341588020324707,0.02083333395421505,0.12831734120845795,0.000611098250374198,5.593433009289038e-05,0.28880575299263,0.3664589822292328,0.5,48
28273,0.337118536233902,0.5274478197097778,0.3187025487422943,5.364949703216553,0.5795350074768066,0.0078125,0.04219043254852295,5.4003753662109375,0.5136063098907471,9.665741920471191,197.50437927246094,0.04568839073181152,0.35282620787620544,5.821586608886719,41.375,1.5838440656661987,0.07182498276233673,11.46104621887207,0.0010033135768026114,1.7291667461395264,12.033063888549805,0.1437012851189065,2.5831682682037354,0.2146725297881159,0.9166666865348816,0.07617899267079899,0.22502240538597107,1.1013481616973877,0.3435029983520508,-2.635537624359131,0.21872326731681824,0.2337595820426941,0.1458333432674408,0.2344728410243988,0.00038000833592377603,3.1580347210619704e-05,0.30089953541755676,1.800125002861023,0.5,48
28307,0.35504576563835144,0.47757813334465027,0.2892247140407562,8.4571533203125,0.4351283013820648,0.00439453125,0.023124737665057182,5.262162685394287,0.3698098361492157,9.224055290222168,343.96343994140625,0.02823571488261223,0.28018203377723694,4.666790962219238,24.11111068725586,1.4961133003234863,0.030476802960038185,11.46316146850586,0.0005786130204796791,1.2083333730697632,14.205083847045898,0.08506344525874901,3.1050281524658203,0.21858569676276057,0.3958333432674408,0.027865611160831163,0.2363676130771637,1.354313850402832,0.4191136360168457,-4.032999038696289,0.1828548014163971,0.18677955865859985,0.0416666679084301,0.16209670901298523,0.0008122440776787698,5.71798157513788e-05,0.45243769884109497,0.9866555333137512,0.5,48
28485,0.2487499713897705,0.4478774964809418,0.2742697298526764,8.070140838623047,0.42742010951042175,0.00439453125,0.013445800170302391,3.059666633605957,0.2083078771829605,4.690366268157959,282.92584228515625,0.02823571488261223,0.28453901410102844,4.470967769622803,21.88888931274414,1.3573153018951416,0.019835172221064568,11.464788436889648,0.00048267035163007677,1.4166667461395264,11.222548484802246,0.12623396074391297,16.79144287109375,1.496223685633504,0.5625,0.050122305130650434,0.20372676849365234,1.397775411605835,0.3738066554069519,-4.93520450592041,0.18587848544120789,0.1860298365354538,0.02083333395421505,0.12775780260562897,0.0006065969355404377,5.405162079017833e-05,0.23945394158363342,0.5736874938011169,0.5,48
28640,0.22807422280311584,0.2684227526187897,0.28837767243385315,6.80869197845459,0.4741608500480652,0.00244140625,0.007292395457625389,2.9869651794433594,0.15051846206188202,3.9341297149658203,470.2840270996094,0.01712392456829548,0.20831041038036346,4.1450347900390625,21.0,1.5092570781707764,0.021271709352731705,11.46670150756836,0.00044466619146987796,1.875,13.835139274597168,0.13552447586035224,1.9091830253601074,0.13799521537781875,1.0,0.07227972045885453,0.22589972615242004,1.4498841762542725,0.4189903140068054,-4.401362895965576,0.1643349975347519,0.1643349975347519,0.0,0.2281898856163025,0.0010940044885501266,7.907433861313526e-05,0.43151670694351196,0.3111422061920166,0.5,48
28644,0.20076587796211243,0.25062471628189087,0.2721961736679077,4.461882591247559,0.7727435827255249,0.0029296875,0.006992240436375141,2.3866846561431885,0.13041433691978455,3.1032071113586426,369.7259521484375,0.020013848319649696,0.2336471527814865,5.209532260894775,39.83333206176758,1.3012446165084839,0.034535836428403854,11.464950561523438,0.0005595054244622588,1.3958333730697632,11.59839916229248,0.12034707137897806,1.8509817123413086,0.15958941271508703,0.625,0.053886746844604906,0.20426872372627258,1.1099128723144531,0.33762675523757935,-3.6856741905212402,0.26445338129997253,0.26445338129997253,0.0,0.1764911711215973,0.0006561223417520523,5.657007764653149e-05,0.25484466552734375,0.29833558201789856,0.5,48
28652,0.2305232137441635,0.3667955994606018,0.20806913077831268,7.2141828536987305,0.6212918162345886,0.00390625,0.012478550896048546,3.1945090293884277,0.20075060427188873,3.9418742656707764,266.09375,0.02555946074426174,0.27179154753685,5.164034843444824,30.125,1.0546826124191284,0.019328445196151733,11.464049339294434,0.0005611197557300329,0.6875,10.753751754760742,0.06393117630377959,1.3474414348602295,0.12529965953609756,0.2083333432674408,0.01937308465219868,0.1671677529811859,1.2450345754623413,0.30252453684806824,-5.546436786651611,0.15921930968761444,0.1783616989850998,0.1666666716337204,0.1519976109266281,0.0006705909036099911,6.235878587112902e-05,0.2867266535758972,0.5324181914329529,0.5,48
28725,0.33362698554992676,0.5047085881233215,0.2964155375957489,9.274023056030273,0.3763826787471771,0.0029296875,0.01209310069680214,4.12777853012085,0.2322060912847519,5.927517414093018,430.4100036621094,0.020013848319649696,0.22930273413658142,4.413211345672607,25.33333396911621,1.9254224300384521,0.024931440129876137,11.490289688110352,0.0004165665595792234,2.3125,12.832613945007324,0.18020490666265662,4.256497383117676,0.33169371400413533,0.8333333730697632,0.0649387082001788,0.22309140861034393,1.2502955198287964,0.37090837955474854,-3.8675084114074707,0.23777738213539124,0.23777738213539124,0.0,0.17900700867176056,0.000746541190892458,5.817530189172061e-05,0.294655442237854,0.5159723162651062,0.5,48
28886,0.1729619950056076,0.22743652760982513,0.2714008092880249,4.720149993896484,0.6879105567932129,0.00390625,0.009831244125962257,2.516798496246338,0.15854576230049133,3.090566396713257,271.77789306640625,0.02555946074426174,0.27148884534835815,5.350545883178711,35.875,1.359479308128357,0.03972241282463074,11.46491813659668,0.0007645027944818139,1.0208333730697632,11.365321159362793,0.08982001985316505,2.4399333000183105,0.21468230098024652,0.3958333432674408,0.034828170481840726,0.19726428389549255,1.413187026977539,0.38676702976226807,-5.754560947418213,0.1736583560705185,0.1736583560705185,0.0,0.14567449688911438,0.000602562096901238,5.3017603983383175e-05,0.2827126085758209,0.41946640610694885,0.5,48
28994,0.19505535066127777,0.24570441246032715,0.25467386841773987,8.569924354553223,0.4349598288536072,0.0029296875,0.016499480232596397,5.63182258605957,0.3248971104621887,8.831155776977539,490.6522216796875,0.020013848319649696,0.22556811571121216,4.879362106323242,33.83333206176758,1.3214038610458374,0.020034655928611755,11.470169067382812,0.00047324574552476406,1.2083333730697632,10.7564115524292,0.11233610447654499,3.885416030883789,0.3612186097875858,0.3541666865348816,0.0329261003522719,0.18760249018669128,1.088688850402832,0.3015150725841522,-3.6845293045043945,0.16757965087890625,0.17337068915367126,0.0625,0.17177407443523407,0.0005900344694964588,5.485421100447433e-05,0.2695871889591217,0.7039778232574463,0.5,48
28996,0.19351279735565186,0.4638446271419525,0.3197306990623474,4.153354644775391,0.6826633214950562,0.00244140625,0.008316347375512123,3.4063758850097656,0.17379970848560333,4.493062973022461,504.609619140625,0.01712392456829548,0.20655469596385956,4.844844341278076,32.79999923706055,1.6122651100158691,0.046529170125722885,11.458549499511719,0.0008418448851443827,0.7708333730697632,11.900374412536621,0.06477387565301969,0.9074434638023376,0.07625335401916805,0.2916666865348816,0.024509034436977946,0.1958884298801422,1.110689640045166,0.33263352513313293,-3.9783568382263184,0.1871221512556076,0.21816763281822205,0.1875,0.14189927279949188,0.0007817032746970654,6.568728402500478e-05,0.3035232722759247,0.3548308312892914,0.5,48
29224,0.22152690589427948,0.2814847528934479,0.2016175389289856,6.576865196228027,0.6302253007888794,0.00341796875,0.007877138443291187,2.3046257495880127,0.13604332506656647,3.018065929412842,317.3288879394531,0.02282176911830902,0.2538153827190399,5.18021821975708,35.71428680419922,1.0313457250595093,0.019887853413820267,11.465475082397461,0.0005023314733989537,1.4166667461395264,10.475530624389648,0.13523579812642758,2.609279155731201,0.2490832442573664,0.2916666865348816,0.02784266465484642,0.17347419261932373,1.4793071746826172,0.3349124789237976,-6.098121643066406,0.1697985976934433,0.1697985976934433,0.0,0.1600036770105362,0.0005407990538515151,5.162497946177066e-05,0.23031477630138397,0.3360912501811981,0.5,48
29262,0.1920875459909439,0.3403621315956116,0.2953827977180481,6.815912246704102,0.4798511266708374,0.0048828125,0.02353035658597946,4.819016933441162,0.39966776967048645,10.745279312133789,495.9481506347656,0.03085736557841301,0.2774132192134857,4.90225887298584,27.799999237060547,1.8023290634155273,0.023200925439596176,11.481461524963379,0.0004236337263137102,0.9166666865348816,11.181730270385742,0.0819789660051842,3.8309783935546875,0.3426105171106424,0.375,0.03353684900250191,0.2021653652191162,1.1055673360824585,0.33655619621276855,-4.450532913208008,0.16905125975608826,0.16905125975608826,0.0,0.14012084901332855,0.000515889551024884,4.6136826599173434e-05,0.2841394245624542,1.0039619207382202,0.5,48
29311,0.29663923382759094,0.4288007318973541,0.27988335490226746,7.385561466217041,0.49437734484672546,0.0029296875,0.011125583201646805,3.797532320022583,0.22959062457084656,7.94100284576416,769.3031616210938,0.020013848319649696,0.22130419313907623,4.961469650268555,30.66666603088379,1.5931687355041504,0.032308775931596756,11.47207260131836,0.0005542791914194822,1.2083333730697632,11.653459548950195,0.10368881163205548,2.1632473468780518,0.18563134285874916,0.5,0.04290571374712374,0.20147642493247986,1.2366290092468262,0.36894720792770386,-4.983451843261719,0.16517938673496246,0.16737255454063416,0.0625,0.16966533660888672,0.0006103140767663717,5.23719221471561e-05,0.2810485064983368,0.4746915102005005,0.5,48
29395,0.22389772534370422,0.25936359167099,0.18896397948265076,7.274168014526367,0.6057149171829224,0.00341796875,0.00911112129688263,2.665653705596924,0.15879487991333008,3.482663154602051,337.867431640625,0.02282176911830902,0.2525973320007324,5.241822719573975,35.42856979370117,0.952802836894989,0.020700518041849136,11.466733932495117,0.0006073116092011333,0.8541666865348816,10.496390342712402,0.08137718375861983,1.516507863998413,0.14447898877984544,0.2083333432674408,0.019848094084420627,0.1598467081785202,1.3378474712371826,0.2982639968395233,-5.700316905975342,0.1560075581073761,0.1614808738231659,0.0833333358168602,0.15874797105789185,0.00044415597221814096,4.2315115701024334e-05,0.270896852016449,0.38874122500419617,0.5,48
29470,0.29898950457572937,0.44586628675460815,0.22246018052101135,7.972020149230957,0.5153219699859619,0.00390625,0.015276485122740269,3.910780191421509,0.2654046416282654,7.698508262634277,469.6857604980469,0.02555946074426174,0.26191842555999756,5.369512557983398,40.75,1.1536412239074707,0.01565670408308506,11.467894554138184,0.000440735078882426,1.5,10.447115898132324,0.14358029653259216,2.2148194313049316,0.21200295380860615,0.5208333730697632,0.04985427343295119,0.1842448115348816,1.061485767364502,0.29837775230407715,-3.6470584869384766,0.16648784279823303,0.1699008345603943,0.02083333395421505,0.12601931393146515,0.0005589013453572989,5.3498147265910446e-05,0.23542864620685577,0.6517966389656067,0.5,48
29813,0.184468075633049,0.2780489921569824,0.31817471981048584,4.864992618560791,0.6113201975822449,0.00244140625,0.007559315767139196,3.0962958335876465,0.16406120359897614,5.3729143142700195,688.2515258789062,0.01712392456829548,0.202121302485466,4.900164604187012,33.20000076293945,1.8626811504364014,0.023484859615564346,11.479768753051758,0.00042106473119929433,1.1458333730697632,12.143285751342773,0.0943594176723928,2.6102917194366455,0.2149576128518947,0.2916666865348816,0.02401876166526364,0.20878371596336365,0.9880675077438354,0.3176138401031494,-3.0656747817993164,0.1691538542509079,0.17292702198028564,0.0625,0.15486496686935425,0.000705106183886528,5.806551848851156e-05,0.2963979244232178,0.3225308060646057,0.5,48
30144,0.2509697675704956,0.341287225484848,0.39771080017089844,3.720839500427246,0.6317421197891235,0.00244140625,0.007248245179653168,2.968881130218506,0.14726382493972778,3.409546136856079,420.31591796875,0.01712392456829548,0.21044449508190155,4.024002552032471,18.600000381469727,2.0875771045684814,0.029121138155460358,11.468645095825195,0.0004626273293979466,3.5625,14.36039924621582,0.24807806081422082,7.748415946960449,0.5395682814046127,1.7083333730697632,0.11896141204641789,0.31284838914871216,1.182795763015747,0.4971371591091156,-2.367640733718872,0.20824722945690155,0.21597474813461304,0.0833333358168602,0.22702842950820923,0.000689691340085119,4.8027309532260384e-05,0.3271441161632538,0.30925843119621277,0.5,48
30192,0.19742724299430847,0.24057118594646454,0.2161932736635208,5.835975170135498,0.6953140497207642,0.0029296875,0.007854748517274857,2.6810874938964844,0.15099658071994781,4.364631652832031,484.2036437988281,0.020013848319649696,0.23001684248447418,5.130303859710693,36.16666793823242,1.1024495363235474,0.043836817145347595,11.459920883178711,0.001177655765786767,0.625,10.709096908569336,0.05836159713115154,1.1896507740020752,0.11108787071851475,0.125,0.011672319426230308,0.16824355721473694,1.2974038124084473,0.3137855529785156,-6.489841938018799,0.1881471872329712,0.19399474561214447,0.0416666679084301,0.12408363819122314,0.0005068278405815363,4.732685159499379e-05,0.2393033355474472,0.33513593673706055,0.5,48
30211,0.2810399532318115,0.36629122495651245,0.2746674716472626,8.439557075500488,0.40666207671165466,0.00341796875,0.013308871537446976,3.8937954902648926,0.2691037058830261,9.85152816772461,914.2217407226562,0.02282176911830902,0.23500844836235046,5.011255264282227,33.28571319580078,1.4233360290527344,0.0231187641620636,11.465578079223633,0.0004749239014927298,1.2083333730697632,11.751554489135742,0.1028232795209033,2.1977503299713135,0.18701783922569096,0.4791666865348816,0.040774749125328184,0.20019027590751648,1.4405540227890015,0.3841186761856079,-5.079399585723877,0.17657053470611572,0.17657053470611572,0.0,0.15416768193244934,0.000575076905079186,4.893624116890063e-05,0.26694437861442566,0.5678451657295227,0.5,48
30351,0.2189464569091797,0.3102077841758728,0.3080974519252777,4.371622562408447,0.6726909875869751,0.00244140625,0.006306290626525879,2.583056688308716,0.12948478758335114,3.3085708618164062,457.59912109375,0.01712392456829548,0.20908643305301666,4.964501857757568,34.599998474121094,1.5739850997924805,0.03513721376657486,11.460838317871094,0.0007094050524756312,0.8333333730697632,11.653470993041992,0.07150945609700594,1.7318391799926758,0.14861144628416725,0.2083333432674408,0.017877364024251486,0.20682451128959656,1.0069369077682495,0.33265435695648193,-3.9910120964050293,0.20749279856681824,0.2147047519683838,0.0833333358168602,0.158504456281662,0.0005039545940235257,4.3245020637368445e-05,0.27333030104637146,0.2690683901309967,0.5,48
30388,0.1962932050228119,0.2906188368797302,0.34681811928749084,4.286416053771973,0.647549569606781,0.00439453125,0.01718214899301529,3.90989351272583,0.28527113795280457,7.187310218811035,401.318359375,0.02823571488261223,0.27466151118278503,5.212950706481934,32.11111068725586,1.8750789165496826,0.03678325563669205,11.465269088745117,0.0005869281594641507,1.2291667461395264,11.904829025268555,0.1032494244560815,2.047795057296753,0.17201381483346584,0.5,0.04199976316490804,0.2234135866165161,1.3625679016113281,0.4106343686580658,-4.673664569854736,0.1709252893924713,0.1711971014738083,0.02083333395421505,0.21166430413722992,0.0005817284109070897,4.886491096879215e-05,0.3255557119846344,0.7331050038337708,0.5,48
30482,0.2585063576698303,0.6953625679016113,0.3265339434146881,6.814638614654541,0.5120799541473389,0.0029296875,0.016898319125175476,5.7679595947265625,0.319455087184906,7.301169395446777,387.1397705078125,0.020013848319649696,0.23144423961639404,4.764677047729492,28.66666603088379,1.6707921028137207,0.032220639288425446,11.457437515258789,0.0005842262180522084,1.1875,11.396980285644531,0.10419426630524357,2.1960597038269043,0.192687856507583,0.3333333432674408,0.029247514220484123,0.23951095342636108,0.9791510105133057,0.36444908380508423,-2.8035452365875244,0.19785624742507935,0.19785624742507935,0.0,0.13267965614795685,0.0005858425283804536,5.140331150737701e-05,0.2504137456417084,0.7209949493408203,0.5,48
30535,0.2245553582906723,0.2898028790950775,0.20062503218650818,6.637707233428955,0.710317850112915,0.00537109375,0.01573031395673752,2.9286985397338867,0.228126659989357,5.150405406951904,302.88067626953125,0.03342986851930618,0.3066590428352356,5.556233882904053,34.272727966308594,1.032760739326477,0.039369553327560425,11.4564208984375,0.0010550895240157843,1.125,10.645761489868164,0.10567585982589707,2.127183437347412,0.19981505666586225,0.3125,0.02935440550719363,0.1768500804901123,1.0588589906692505,0.2842308282852173,-3.9612584114074707,0.1788916289806366,0.17996099591255188,0.0416666679084301,0.14350241422653198,0.0005927081219851971,5.567550259251413e-05,0.25374820828437805,0.6711600422859192,0.5,48
30574,0.33600711822509766,0.5835903286933899,0.47869500517845154,4.6541008949279785,0.5342633724212646,0.0048828125,0.02897660993039608,5.9344096183776855,0.44579002261161804,8.647499084472656,282.7845153808594,0.03085736557841301,0.2903139591217041,5.158102989196777,27.100000381469727,2.3885254859924316,0.054743267595767975,11.458303451538086,0.0006560765323229134,3.3541667461395264,15.533510208129883,0.2159310226110208,15.217262268066406,0.9796409217477213,2.0208334922790527,0.13009509530694768,0.37279003858566284,1.413597822189331,0.6147429347038269,-2.42824649810791,0.29267117381095886,0.31077492237091064,0.0625,0.16973255574703217,0.0008322725770995021,5.35791695123822e-05,0.30920982360839844,1.2363353967666626,0.5,48
30578,0.18362250924110413,0.26495057344436646,0.28018221259117126,5.200655937194824,0.6383830308914185,0.00390625,0.011107830330729485,2.843604564666748,0.18472109735012054,4.449389457702637,343.4236145019531,0.02555946074426174,0.26753029227256775,5.335195541381836,38.75,1.414260983467102,0.01985163986682892,11.466766357421875,0.00047034540330059826,1.0208333730697632,11.15930461883545,0.09147822440763445,2.139158248901367,0.19169279090865746,0.3541666865348816,0.031737343706857955,0.19579613208770752,1.0026501417160034,0.31100893020629883,-3.6373977661132812,0.180417001247406,0.180417001247406,0.0,0.15162426233291626,0.00039329472929239273,3.524365920400864e-05,0.2620216906070709,0.4739340841770172,0.5,48
30726,0.3104666471481323,0.49466753005981445,0.33897602558135986,5.1844563484191895,0.5997152924537659,0.00390625,0.010384528897702694,2.6584396362304688,0.1712978333234787,4.182917594909668,333.11798095703125,0.02555946074426174,0.26874005794525146,5.252525329589844,31.5,1.8727666139602661,0.02634836733341217,11.465072631835938,0.00046763670979999006,1.4166667461395264,11.844724655151367,0.1196031808411329,3.4310433864593506,0.28966847972025056,0.5625,0.04748949561106675,0.22583363950252533,1.1339821815490723,0.38641655445098877,-4.315771579742432,0.19291096925735474,0.19291096925735474,0.0,0.15216399729251862,0.0006619323394261301,5.588414742755618e-05,0.2737356722354889,0.44307324290275574,0.5,48
30822,0.19154945015907288,0.23375067114830017,0.24632148444652557,6.793637752532959,0.548042893409729,0.00341796875,0.009728869423270226,2.8463892936706543,0.1722446084022522,4.663668155670166,402.21240234375,0.02282176911830902,0.25088489055633545,5.053542137145996,29.85714340209961,1.4019747972488403,0.020290683954954147,11.475448608398438,0.0004583441186696291,0.75,10.892101287841797,0.06885723695469191,1.4657139778137207,0.13456668623749787,0.1666666716337204,0.01530160866817722,0.17987625300884247,1.0343389511108398,0.2923753261566162,-3.9731178283691406,0.16822874546051025,0.18489930033683777,0.1875,0.19148539006710052,0.0007459198823198676,6.848264278148671e-05,0.2633008658885956,0.4150984287261963,0.5,48
30927,0.20741701126098633,0.298066645860672,0.34647512435913086,4.244017124176025,0.6563698649406433,0.00244140625,0.006073344498872757,2.4876420497894287,0.12308645993471146,2.7840023040771484,412.7428283691406,0.01712392456829548,0.21077942848205566,4.696958541870117,29.399999618530273,1.8246663808822632,0.02637847140431404,11.470727920532227,0.00045689463149756193,1.2291667461395264,11.819567680358887,0.10399422198344414,2.3638699054718018,0.19999630844366573,0.4166666865348816,0.035252278040148015,0.21780598163604736,1.5608479976654053,0.4544300436973572,-6.494187831878662,0.19180624186992645,0.21929073333740234,0.1458333432674408,0.1936328411102295,0.0006707996944896877,5.6753318908343225e-05,0.3089086413383484,0.2591293752193451,0.5,48
31060,0.2463466227054596,0.344626247882843,0.21890375018119812,10.90359878540039,0.4216602146625519,0.00341796875,0.011059749871492386,3.235766887664795,0.19481967389583588,4.34110164642334,349.35284423828125,0.02282176911830902,0.25087547302246094,5.168988227844238,41.0,1.2458858489990234,0.016490615904331207,11.471909523010254,0.0004389813984744251,1.4791667461395264,9.961326599121094,0.1484909394282009,4.055241584777832,0.40709854659967154,0.6458333730697632,0.06483407265036421,0.18059220910072327,1.4833711385726929,0.35412853956222534,-6.3954925537109375,0.17200753092765808,0.19526809453964233,0.1666666716337204,0.14736466109752655,0.0006605602684430778,6.63124796890241e-05,0.23745839297771454,0.4718826711177826,0.5,48
31087,0.1504431962966919,0.23196154832839966,0.18150000274181366,5.966317653656006,0.8631596565246582,0.0048828125,0.012959032319486141,2.654010057449341,0.19532983005046844,4.9322710037231445,324.0531921386719,0.03085736557841301,0.2954864501953125,5.582364559173584,36.20000076293945,0.9009889364242554,0.01216261088848114,11.467388153076172,0.00045122698065824807,1.1458333730697632,10.624421119689941,0.1078490168153945,1.8933180570602417,0.1782043495781022,0.3958333432674408,0.0372569327246719,0.1636582612991333,1.167117953300476,0.27835196256637573,-4.519637584686279,0.17837533354759216,0.17837533354759216,0.0,0.1657819300889969,0.0005346221150830388,5.0320117073393995e-05,0.2526111900806427,0.5529187321662903,0.5,48
31683,0.24081836640834808,0.3179682195186615,0.2670580744743347,8.034463882446289,0.4737386703491211,0.00439453125,0.014026602730154991,3.191831588745117,0.21801647543907166,4.853786468505859,284.87982177734375,0.02823571488261223,0.284008264541626,5.185568809509277,29.55555534362793,1.390854835510254,0.019303318113088608,11.468769073486328,0.00047016324242576957,1.2708333730697632,11.781503677368164,0.10786682301278054,2.35595703125,0.19997082662512752,0.4375,0.03713447889245892,0.2000516653060913,1.647401213645935,0.4326283633708954,-7.650778770446777,0.18410825729370117,0.20312967896461487,0.1041666716337204,0.13200123608112335,0.000744539953302592,6.319566441258846e-05,0.32115688920021057,0.5984684228897095,0.5,48
31776,0.2842211425304413,0.39244115352630615,0.26195722818374634,6.877260208129883,0.5342607498168945,0.00927734375,0.03485126793384552,3.7565999031066895,0.37790390849113464,6.026719093322754,147.8037872314453,0.05265381559729576,0.37993234395980835,5.879633903503418,35.21052551269531,1.347373127937317,0.020593365654349327,11.465807914733887,0.00048456204240210354,1.5208333730697632,11.340362548828125,0.13410800273628296,2.1067662239074707,0.18577591439238578,0.8125,0.07164673931588665,0.20447777211666107,1.664258360862732,0.42142578959465027,-6.301487922668457,0.19266991317272186,0.19266991317272186,0.0,0.12414591014385223,0.0006061804015189409,5.3453352868956383e-05,0.29280921816825867,1.3383976221084595,0.5,48
31885,0.19642513990402222,0.34915196895599365,0.410959929227829,3.668064594268799,0.6640911102294922,0.00341796875,0.009471559897065163,2.7711079120635986,0.1656988114118576,3.7057173252105713,347.1391906738281,0.02282176911830902,0.2521044909954071,5.18764591217041,36.14285659790039,2.0612540245056152,0.050996046513319016,11.462531089782715,0.0006701578386127949,1.4375,12.987719535827637,0.11068147837098956,5.221308708190918,0.4020188986809687,0.6666666865348816,0.05133054222356158,0.25555306673049927,1.4388751983642578,0.4906061589717865,-4.684345722198486,0.22187721729278564,0.22735784947872162,0.02083333395421505,0.12680409848690033,0.0007331247325055301,5.644753337325102e-05,0.3369603157043457,0.4041198790073395,0.5,48
32103,0.1740441471338272,0.2356695830821991,0.29845625162124634,6.773627281188965,0.48660436272621155,0.00390625,0.01506037823855877,3.855456829071045,0.2490914911031723,5.45477294921875,316.2042236328125,0.02555946074426174,0.2679082453250885,5.05841064453125,28.5,1.5077624320983887,0.023670444265007973,11.463743209838867,0.00047188185271807015,0.875,11.673786163330078,0.07495425965562263,1.3311352729797363,0.1140277244430643,0.3541666865348816,0.030338630610179454,0.20131592452526093,0.9592339396476746,0.305456280708313,-2.792156934738159,0.1921602338552475,0.1921602338552475,0.0,0.16384558379650116,0.0006274511106312275,5.3748723962813514e-05,0.2931654155254364,0.6425761580467224,0.5,48
32209,0.19673597812652588,0.2803969383239746,0.2226942479610443,6.517531871795654,0.6107057332992554,0.00341796875,0.010679548606276512,3.124530792236328,0.18801669776439667,4.59621000289917,363.44940185546875,0.02282176911830902,0.25125324726104736,5.054347038269043,30.428571701049805,1.1266603469848633,0.017793985083699226,11.468107223510742,0.0004746737831737846,0.6458333730697632,10.95265007019043,0.058965945989441694,1.3894920349121094,0.12686354669772767,0.1041666716337204,0.009510636318247946,0.17789912223815918,0.9602758288383484,0.27049776911735535,-3.165799617767334,0.16403254866600037,0.16403254866600037,0.0,0.18413011729717255,0.0006425353931263089,5.866483348065999e-05,0.24840044975280762,0.45566079020500183,0.5,48
32343,0.2662475109100342,0.3866618871688843,0.262721985578537,9.928119659423828,0.36725473403930664,0.00244140625,0.009005303494632244,3.688572406768799,0.18651694059371948,4.770125865936279,483.50958251953125,0.01712392456829548,0.20789994299411774,4.661782264709473,28.399999618530273,1.5451061725616455,0.01998758688569069,11.474907875061035,0.0004359703161753714,0.9791666865348816,11.125570297241211,0.08801047132816006,1.3132436275482178,0.11803831994962787,0.3958333432674408,0.03557870134619597,0.18829187750816345,1.0362294912338257,0.30274590849876404,-3.7692975997924805,0.19307617843151093,0.19714710116386414,0.0625,0.1907612830400467,0.0004916201578453183,4.4188310735436315e-05,0.25280866026878357,0.3842262923717499,0.5,48
32597,0.3140876591205597,0.6456717848777771,0.25803709030151367,6.3869757652282715,0.4908212423324585,0.00244140625,0.007614877074956894,3.119053602218628,0.16407044231891632,5.218511581420898,648.4143676757812,0.01712392456829548,0.20293663442134857,4.953824996948242,38.20000076293945,1.3156734704971313,0.021276233717799187,11.460618019104004,0.0005217113066464663,0.5833333730697632,11.554354667663574,0.05048601928391902,0.8138947486877441,0.0704405197341859,0.0833333358168602,0.007212288192776091,0.1993849128484726,0.6595616340637207,0.25330981612205505,-1.4785640239715576,0.16420570015907288,0.1674458384513855,0.0416666679084301,0.14275193214416504,0.0004851576522924006,4.198916043578689e-05,0.30218052864074707,0.32490143179893494,0.5,48
