feature,crowding,crowd_max,dec_norm,enc_norm,enc_dec_cos,frequency,act_mag,act_mean_firing,act_std,act_max,act_kurtosis,bin_entropy,act_entropy,coact_entropy,coact_count,logit_l2,logit_linf,logit_entropy,logit_top10_mass,collateral_raw,effect_l2,collateral_ctilde,collateral_raw_nodense,collateral_ctilde_nodense,resid_delta_norm,resid_reconstruction_norm_ratio,stab_signed,stab_abs,stab_anti_frac,effect_pc1_ratio,kl_mean,kl_per_effect,effect_cv,ctx_mean_act,intervention_value,n_ctx
43,0.1466442197561264,0.2041100561618805,1.0000001192092896,0.9449360966682434,0.8516426086425781,0.0048828125,0.028109438717365265,5.756813049316406,0.4761105477809906,15.799935340881348,664.8740844726562,0.03085736557841301,0.28146234154701233,6.359133720397949,81.0999984741211,71.6814956665039,1.1624871492385864,12.16935920715332,0.0003385671880096197,2.9791667461395264,5.500694274902344,0.5415983132013702,2.2291667461395264,0.40525188834032827,0.8178449869155884,2.016474485397339,0.31516513228416443,0.35737690329551697,0.0625,0.7833722233772278,5.622400749416556e-06,1.0221256550919868e-06,1.171390414237976,0.5646371841430664,1.0,48
89,0.179976686835289,0.753450334072113,1.0,0.8648819327354431,0.9327532052993774,0.00390625,0.014142808504402637,3.620558977127075,0.22678734362125397,4.215417861938477,259.29888916015625,0.02555946074426174,0.27221739292144775,6.39365291595459,96.5,55.48975372314453,0.7823280096054077,12.163606643676758,0.0002857553190551698,2.75,4.118284702301025,0.6677537353806414,1.3125,0.3187006464316698,0.5817988514900208,2.077160358428955,0.35564374923706055,0.4918144941329956,0.1666666716337204,0.49976846575737,3.994935468654148e-06,9.70048393381244e-07,0.570125937461853,0.24350817501544952,1.0,48
148,0.20590367913246155,0.2879942059516907,0.9999999403953552,1.225932240486145,0.7775681018829346,0.00244140625,0.013657565228641033,5.5941386222839355,0.32483193278312683,12.484115600585938,1099.6866455078125,0.01712392456829548,0.19047211110591888,6.1766886711120605,115.5999984741211,76.4727554321289,1.1994273662567139,12.159313201904297,0.00034661145764403045,4.395833492279053,7.581615447998047,0.579801694854066,3.5833334922790527,0.47263456081762883,1.1187777519226074,1.8037775754928589,0.4189493656158447,0.4189493656158447,0.0,0.37614214420318604,1.198967220261693e-05,1.5814139175271291e-06,0.43278276920318604,0.4322623908519745,1.0,48
266,0.23452194035053253,0.40966933965682983,1.0,0.9729461073875427,0.7701588273048401,0.00830078125,0.04103090986609459,4.943017959594727,0.45988568663597107,7.300958633422852,141.85255432128906,0.04803864285349846,0.3683917224407196,6.782562255859375,76.23529052734375,61.308837890625,0.6608806848526001,12.166051864624023,0.00023030128795653582,6.520833492279053,6.370540142059326,1.023591930453675,4.3541669845581055,0.6834847407955803,0.9201347231864929,2.318582534790039,0.4514448344707489,0.5126970410346985,0.125,0.3803273141384125,1.0254017070110422e-05,1.6095993158124483e-06,0.45083001255989075,0.8288838267326355,1.0,48
293,0.21450889110565186,0.32584744691848755,1.0,1.1260790824890137,0.7869975566864014,0.013671875,0.06771737337112427,4.953042030334473,0.6344619989395142,12.069558143615723,162.25967407226562,0.07226333767175674,0.425581157207489,7.334673881530762,105.21428680419922,61.18506622314453,0.7510172724723816,12.162477493286133,0.00024399161338806152,4.5625,6.266970634460449,0.7280231963481306,3.4375,0.5485106273855779,0.8165956735610962,2.113201141357422,0.4780735373497009,0.5365831851959229,0.0625,0.6943334937095642,8.055179023358505e-06,1.285338559943424e-06,0.8659093976020813,1.4614371061325073,1.0,48
297,0.15788093209266663,0.27121850848197937,1.0,1.090834140777588,0.8034213185310364,0.0029296875,0.01625402644276619,5.548040866851807,0.324738472700119,9.835708618164062,577.3910522460938,0.020013848319649696,0.2244921177625656,5.96728515625,76.16666412353516,79.9084701538086,1.035825490951538,12.19047737121582,0.00024210244009736925,2.3541667461395264,6.181828498840332,0.3808204551085406,1.5625,0.25275693069866706,0.6786827445030212,1.6889581680297852,0.28656381368637085,0.2945498824119568,0.02083333395421505,0.8998957872390747,4.903163244307507e-06,7.931574351012378e-07,1.5884180068969727,0.4265004098415375,1.0,48
385,0.2249424308538437,0.26710134744644165,0.9999998807907104,1.0285500288009644,0.7538080215454102,0.013671875,0.06089751794934273,4.45421838760376,0.5353497266769409,7.7079854011535645,91.55561828613281,0.07226333767175674,0.43272414803504944,6.971729278564453,71.78571319580078,73.7228012084961,0.9710772633552551,12.164204597473145,0.0002760020433925092,5.6041669845581055,7.324652671813965,0.7651102691152071,3.9791667461395264,0.5432567138670222,0.859168291091919,2.5489606857299805,0.27316442131996155,0.2946386933326721,0.0625,0.7491679787635803,8.206316124415025e-06,1.1203693172769953e-06,1.0225850343704224,1.3179386854171753,1.0,48
454,0.2299448549747467,0.2883767783641815,1.0,1.032704472541809,0.7321827411651611,0.01171875,0.06126518175005913,5.227962017059326,0.6304359436035156,15.161635398864746,225.34747314453125,0.0637580007314682,0.40347111225128174,6.5898237228393555,62.83333206176758,72.05140686035156,0.8895854949951172,12.160419464111328,0.00027374053024686873,5.7291669845581055,6.332246780395508,0.9047605335357224,3.6041667461395264,0.5691766075204426,0.8287523984909058,2.5892255306243896,0.25549763441085815,0.3607982099056244,0.1666666716337204,0.758095383644104,5.475055331771728e-06,8.646307563495578e-07,0.8712823390960693,1.0497931241989136,1.0,48
496,0.15857231616973877,0.20336808264255524,1.0,0.9978770017623901,0.8148983120918274,0.01025390625,0.07473525404930115,7.288466453552246,0.8501434326171875,20.286725997924805,263.9930114746094,0.057165034115314484,0.3806382119655609,6.73261833190918,97.33333587646484,68.3281478881836,0.9346299171447754,12.170486450195312,0.0002870899043045938,3.6875,5.477110862731934,0.6732564093888259,2.625,0.47926727448018114,0.8081010580062866,1.7701091766357422,0.2792878746986389,0.3376757800579071,0.1458333432674408,0.5550035238265991,9.252313247998245e-06,1.689268934478092e-06,0.8286024332046509,1.05313241481781,1.0,48
504,0.13646383583545685,0.18113116919994354,1.0,1.0163564682006836,0.8185812830924988,0.00390625,0.025380700826644897,6.497459411621094,0.4238767921924591,9.72027587890625,332.6308288574219,0.02555946074426174,0.2664346694946289,6.395210266113281,93.375,57.392784118652344,0.8122414350509644,12.16099739074707,0.00028430813108570874,2.3958334922790527,5.19019889831543,0.4616072591053476,1.5625,0.3010481924877012,0.7353771924972534,2.222656726837158,0.32126158475875854,0.37303662300109863,0.0833333358168602,0.7155365347862244,8.975201126304455e-06,1.729259568824023e-06,1.1044633388519287,0.4329131543636322,1.0,48
563,0.13803379237651825,0.219823956489563,1.0,1.019155502319336,0.8262228965759277,0.00390625,0.0368354395031929,9.429872512817383,0.6844550371170044,18.107351303100586,494.2706298828125,0.02555946074426174,0.24932566285133362,5.648035526275635,69.125,62.555667877197266,0.7230936288833618,12.164072036743164,0.00025737902615219355,4.333333492279053,6.866852760314941,0.6310508812729807,3.0208334922790527,0.43991528482130327,0.7652230262756348,2.178179979324341,0.5862017869949341,0.6262853145599365,0.0625,0.6041606664657593,4.497769623412751e-06,6.549972416557964e-07,0.7735698223114014,1.194408893585205,1.0,48
670,0.13536040484905243,0.1981026828289032,1.0,0.9620826244354248,0.8524572849273682,0.00341796875,0.015527958050370216,4.543036937713623,0.2732561528682709,6.259448051452637,362.7140808105469,0.02282176911830902,0.2513507306575775,6.053069591522217,72.85713958740234,54.384429931640625,0.6281743049621582,12.161504745483398,0.0002675845171324909,2.7083334922790527,5.098628520965576,0.5311886276535918,1.8333333730697632,0.35957382694882606,0.6650183796882629,2.3017849922180176,0.15610188245773315,0.21146312355995178,0.2291666716337204,0.8679521679878235,7.141637524910038e-06,1.400697752647918e-06,1.5777716636657715,0.5033267140388489,1.0,48
680,0.13482597470283508,0.18965978920459747,1.0,1.0200802087783813,0.8884550333023071,0.0078125,0.05226202309131622,6.689538955688477,0.7437151074409485,23.36426544189453,566.4180297851562,0.04568839073181152,0.33539775013923645,7.009797096252441,120.6875,68.4698486328125,1.335028052330017,12.156429290771484,0.0004274038365110755,3.5,6.2947516441345215,0.5560187585321382,2.6458334922790527,0.4203237296170716,0.995975911617279,1.9685524702072144,0.39366793632507324,0.39366793632507324,0.0,0.2810521721839905,1.0073057637782767e-05,1.6002311435378991e-06,0.4685063362121582,1.5784837007522583,1.0,48
700,0.16120968759059906,0.1987910121679306,1.0,0.9652278423309326,0.8261256217956543,0.00830078125,0.03462223708629608,4.170961380004883,0.3906666040420532,7.5175299644470215,157.8325653076172,0.04803864285349846,0.36778467893600464,6.517791748046875,66.23529052734375,57.963932037353516,0.7899755239486694,12.158775329589844,0.0002936960372608155,4.583333492279053,5.093039512634277,0.899921053412209,3.125,0.6135825151389467,0.7678555250167847,2.687955856323242,0.2683248519897461,0.3169814944267273,0.125,0.5671257972717285,7.195699254225474e-06,1.4128496789091548e-06,0.6761701107025146,0.8657237887382507,1.0,48
728,0.2550116777420044,0.3339771032333374,0.9999999403953552,1.310019612312317,0.6252347230911255,0.00244140625,0.00804116390645504,3.2936606407165527,0.16323202848434448,3.871535301208496,419.11553955078125,0.01712392456829548,0.21058008074760437,5.326645374298096,63.0,61.590057373046875,0.7012510895729065,12.162880897521973,0.0002515657979529351,4.708333492279053,7.0750041007995605,0.6654884461610517,3.0833334922790527,0.43580660081490735,0.880570650100708,2.6308536529541016,0.5031814575195312,0.5182547569274902,0.0416666679084301,0.576098620891571,1.4389534044312313e-05,2.0338552202885044e-06,0.68431156873703,0.19868779182434082,1.0,48
801,0.16129083931446075,0.22166137397289276,1.0,1.0874481201171875,0.798564612865448,0.0078125,0.05373969301581383,6.87868070602417,0.721815288066864,20.00505256652832,389.8093566894531,0.04568839073181152,0.3408721089363098,6.478525161743164,72.125,80.890380859375,1.1247870922088623,12.173084259033203,0.0002721794880926609,4.2291669845581055,5.062379837036133,0.8354108368683856,2.9791667461395264,0.5884913491593754,0.7495040893554688,2.7434935569763184,0.3016408085823059,0.3041627109050751,0.02083333395421505,0.6715141534805298,4.768585313286167e-06,9.419651344570728e-07,0.9145874381065369,1.3282933235168457,1.0,48
804,0.1656680703163147,0.20165303349494934,1.0,0.8589276671409607,0.8362363576889038,0.0029296875,0.012947052717208862,4.419260501861572,0.24645327031612396,6.305859565734863,423.6099548339844,0.020013848319649696,0.2308911383152008,6.317263603210449,114.0,58.054527282714844,0.7382845878601074,12.163846969604492,0.00026017811615020037,3.625,4.156840801239014,0.872056488234754,2.3333334922790527,0.5613237548020428,0.7722581624984741,2.5577447414398193,0.2687023878097534,0.2687023878097534,0.0,0.28438544273376465,5.041530130256433e-06,1.2128273270954833e-06,0.3846580684185028,0.17494338750839233,1.0,48
824,0.17830045521259308,0.2339657098054886,1.0,0.8631402254104614,0.8337634801864624,0.00439453125,0.028466466814279556,6.477702617645264,0.46130886673927307,12.144782066345215,379.9698791503906,0.02823571488261223,0.2785307765007019,6.4308600425720215,103.66666412353516,75.95318603515625,0.8234454989433289,12.180438995361328,0.00023272303224075586,4.1875,5.868493556976318,0.7135562052183635,3.3541667461395264,0.5715549838913305,0.8620378375053406,2.542717456817627,0.2639397084712982,0.33036988973617554,0.1875,0.6746582388877869,7.565612577309366e-06,1.2891915942250017e-06,0.9870367050170898,0.37366989254951477,1.0,48
864,0.15910117328166962,0.2582571506500244,1.0,1.045755386352539,0.8210799694061279,0.00634765625,0.038806263357400894,6.113479137420654,0.6282082796096802,22.08997344970703,788.241455078125,0.03844451159238815,0.30543437600135803,6.687643051147461,91.61538696289062,58.418087005615234,0.6095257997512817,12.163211822509766,0.00024343442055396736,4.4375,5.058428764343262,0.8772486868862007,2.75,0.5436470735632793,0.7199406623840332,2.298851490020752,0.24693796038627625,0.2542489469051361,0.0833333358168602,0.8285875916481018,4.574113518174272e-06,9.042557921097014e-07,1.2268211841583252,1.2128300666809082,1.0,48
957,0.18954196572303772,0.279912531375885,1.0,1.1108318567276,0.7877511382102966,0.00439453125,0.023208117112517357,5.2811360359191895,0.420176237821579,14.515663146972656,762.4161376953125,0.02823571488261223,0.2657414674758911,6.231549263000488,75.44444274902344,59.99630355834961,1.0493894815444946,12.15886116027832,0.0003454592661000788,2.4375,4.165529251098633,0.5851597353458812,1.6666667461395264,0.40010923982801483,0.732489287853241,2.2428817749023438,0.33878928422927856,0.3405088782310486,0.02083333395421505,0.3086766004562378,6.3263623815146275e-06,1.5187415535873797e-06,0.3867379426956177,0.3009786307811737,1.0,48
1020,0.1812136024236679,0.28024089336395264,0.9999999403953552,0.9961923360824585,0.86711585521698,0.0146484375,0.07314121723175049,4.993107318878174,0.6293209195137024,8.319814682006836,92.93970489501953,0.07640714943408966,0.4400002062320709,7.466377258300781,104.63333129882812,62.66986846923828,0.785529613494873,12.166267395019531,0.00027068998315371573,7.520833492279053,12.184371948242188,0.6172524540496764,5.895833492279053,0.48388489061931356,0.9572809934616089,2.3067800998687744,0.3367267847061157,0.45302093029022217,0.1666666716337204,0.8474467396736145,2.7462350772111677e-05,2.253899574490141e-06,1.3971480131149292,1.5922693014144897,1.0,48
1106,0.15793849527835846,0.2093547135591507,0.9999999403953552,0.883956789970398,0.8113657832145691,0.00732421875,0.03649228438735008,4.982413291931152,0.45104795694351196,9.256858825683594,217.57200622558594,0.0433073565363884,0.34783753752708435,6.89082145690918,108.4000015258789,58.992462158203125,0.8219901919364929,12.162703514099121,0.0002830010198522359,3.5,4.858237266540527,0.7204259077465837,1.875,0.385942450578527,0.7378469705581665,2.2864627838134766,0.30759119987487793,0.34530067443847656,0.0833333358168602,0.5295261740684509,6.179364845593227e-06,1.271935579481094e-06,0.5439477562904358,0.2731504440307617,1.0,48
1117,0.28788870573043823,0.4440526068210602,1.0,1.1075506210327148,0.7378262877464294,0.01123046875,0.11922501027584076,10.616209983825684,1.309693694114685,22.1354923248291,171.3460235595703,0.06158214434981346,0.3862980306148529,7.07949161529541,93.86956787109375,76.77893829345703,0.7931475043296814,12.18107795715332,0.00022979002096690238,6.0,8.410323143005371,0.7134089726214552,4.208333492279053,0.50037714552921,0.9337695837020874,2.47956919670105,0.32968199253082275,0.4454824924468994,0.1666666716337204,0.900742769241333,1.0718845260271337e-05,1.2744867308030882e-06,1.5829559564590454,2.583200216293335,1.0,48
1180,0.1310766041278839,0.17640578746795654,1.0,0.8054176568984985,0.893970787525177,0.0107421875,0.047221530228853226,4.395895004272461,0.47488799691200256,8.667946815490723,136.2472686767578,0.05938481166958809,0.3997676968574524,7.171270370483398,92.2272720336914,62.176300048828125,0.7541656494140625,12.16456127166748,0.0002702575293369591,3.5625,4.044952392578125,0.88072729798486,2.6458334922790527,0.6541074477397267,0.6966336965560913,1.9517858028411865,0.2327805608510971,0.2327805608510971,0.0,0.3237285017967224,7.203731001936831e-06,1.7809186079285876e-06,0.5415000319480896,0.9495100975036621,1.0,48
1203,0.17769485712051392,0.24280256032943726,1.0,0.9777722954750061,0.8669854998588562,0.00439453125,0.018770553171634674,4.27134370803833,0.286335289478302,5.247589588165283,244.9802703857422,0.02823571488261223,0.2864060699939728,6.662637710571289,111.77777862548828,64.3495864868164,0.9094407558441162,12.159585952758789,0.0002918018726631999,3.2291667461395264,7.5781402587890625,0.42611599041508985,2.5,0.32989624252488053,0.8243387937545776,2.3136343955993652,0.30295395851135254,0.36674198508262634,0.1041666716337204,0.872032105922699,8.402878847846296e-06,1.1088312633185162e-06,1.473523736000061,0.35566529631614685,1.0,48
1263,0.17616496980190277,0.22907888889312744,1.0,1.020958662033081,0.7820325493812561,0.00830078125,0.06145056337118149,7.402985572814941,0.8195789456367493,23.46021270751953,434.60003662109375,0.04803864285349846,0.3468596935272217,6.480550765991211,64.88235473632812,61.338504791259766,0.8929946422576904,12.170185089111328,0.0002830674347933382,4.1666669845581055,4.457014083862305,0.9348561383945291,2.9375,0.6590735272848234,0.7938936948776245,2.0718581676483154,0.3171594738960266,0.3406299352645874,0.0833333358168602,0.26604464650154114,7.640514013473876e-06,1.7142674114482893e-06,0.29150331020355225,1.2450708150863647,1.0,48
1278,0.17685016989707947,0.21562883257865906,1.0,0.9253556728363037,0.8499473333358765,0.00341796875,0.017456838861107826,5.107372283935547,0.3155122697353363,8.098128318786621,429.9874572753906,0.02282176911830902,0.2477910965681076,6.363793849945068,104.28571319580078,58.55458450317383,0.9540020227432251,12.159981727600098,0.0002986540785059333,3.7916667461395264,4.703797817230225,0.8060862489007535,2.6041667461395264,0.5536306707452516,0.7634183764457703,2.393533229827881,0.28722265362739563,0.2955889105796814,0.0625,0.5538482069969177,4.800276656169444e-06,1.0205108366649403e-06,0.7132432460784912,0.4123418629169464,1.0,48
1283,0.1457737237215042,0.18611471354961395,0.9999999403953552,0.8445260524749756,0.8652258515357971,0.00537109375,0.020682191476225853,3.8506479263305664,0.2829491198062897,4.732213973999023,189.05136108398438,0.03342986851930618,0.3138355612754822,6.561108589172363,89.18181610107422,60.61722946166992,0.6735897064208984,12.167625427246094,0.00024854374350979924,4.145833492279053,4.7560648918151855,0.871694053354227,2.3125,0.486221287501232,0.6727168560028076,3.1251678466796875,0.39447638392448425,0.4848254323005676,0.1875,0.5103341937065125,5.1958850235678256e-06,1.0924756349697371e-06,0.5659134387969971,0.46585583686828613,1.0,48
1347,0.14929437637329102,0.21231381595134735,1.0,0.871003270149231,0.8584660291671753,0.01513671875,0.06902598589658737,4.560168266296387,0.5807604789733887,8.55903148651123,89.80304718017578,0.07845399528741837,0.44526156783103943,7.41649866104126,111.32257843017578,68.95201110839844,0.9753549695014954,12.167243957519531,0.0002989646454807371,5.0625,6.842024803161621,0.7399125461020766,3.4583334922790527,0.5054546843540306,0.7473820447921753,2.0717527866363525,0.03758227080106735,0.2926877737045288,0.4166666865348816,0.9310299158096313,7.919544259493705e-06,1.1574854631131007e-06,2.0810651779174805,1.419081211090088,1.0,48
1356,0.2924111485481262,0.5814054012298584,1.0,0.9267322421073914,0.7977880835533142,0.0078125,0.056775934994220734,7.267319679260254,0.6742737889289856,12.054635047912598,174.2082977294922,0.04568839073181152,0.3564225435256958,6.482690811157227,107.4375,61.30246353149414,0.6596421003341675,12.165475845336914,0.0002503605210222304,9.8125,9.700108528137207,1.0115866189971907,7.145833492279053,0.7366756221525049,1.1105486154556274,2.1782069206237793,0.27091699838638306,0.4078689217567444,0.1875,0.7512875199317932,2.2149004507809877e-05,2.283376976734668e-06,1.1892306804656982,1.4633406400680542,1.0,48
1357,0.14784780144691467,0.8728938698768616,1.0,0.8495468497276306,0.9511896967887878,0.02001953125,0.0802343413233757,4.007802963256836,0.5736570358276367,7.78922176361084,57.93250274658203,0.09811511635780334,0.484566867351532,7.617372512817383,102.9756088256836,62.947933197021484,0.7128121852874756,12.174654960632324,0.00024220440536737442,4.5625,3.7939772605895996,1.2025638728433838,2.7291667461395264,0.7193418809584494,0.6534478664398193,2.862783908843994,0.3004555404186249,0.38742637634277344,0.2083333432674408,0.21594098210334778,3.946491233364213e-06,1.0401989658601492e-06,0.34174802899360657,1.3615903854370117,1.0,48
1417,0.20608258247375488,0.29408472776412964,1.0,1.2118291854858398,0.7270591259002686,0.0029296875,0.023239605128765106,7.9324517250061035,0.4701816737651825,13.344287872314453,525.8914794921875,0.020013848319649696,0.22063025832176208,5.363774299621582,50.0,64.61144256591797,0.6387481689453125,12.163518905639648,0.00023573609360028058,6.395833492279053,8.078940391540527,0.7916673690351109,4.1666669845581055,0.5157442408862909,0.913744330406189,1.6355351209640503,0.30378782749176025,0.3042261600494385,0.02083333395421505,0.7771205902099609,9.465879884373862e-06,1.1716734390773407e-06,1.0035400390625,0.6046480536460876,1.0,48
1469,0.18546389043331146,0.2996925711631775,1.0,1.1651915311813354,0.748261034488678,0.0087890625,0.07258427888154984,8.258478164672852,0.8426069617271423,16.432043075561523,191.9408416748047,0.05035991966724396,0.3668171465396881,6.482842922210693,75.61111450195312,62.67073059082031,0.7263363599777222,12.162264823913574,0.00025165267288684845,6.7916669845581055,8.734716415405273,0.7775486522727022,4.6875,0.5366516520635081,0.8619269728660583,2.0884175300598145,0.1763017624616623,0.38405081629753113,0.3958333432674408,0.8217805624008179,2.5724104489199817e-05,2.9450417433564557e-06,1.3222705125808716,1.7275919914245605,1.0,48
1506,0.19019177556037903,0.2815872132778168,0.9999999403953552,0.9039701819419861,0.8303544521331787,0.01220703125,0.06773830950260162,5.549122333526611,0.6767932176589966,14.889437675476074,190.88763427734375,0.06591325998306274,0.4095597565174103,7.206391334533691,97.5999984741211,57.28549575805664,0.6809982657432556,12.16478157043457,0.0002517630928196013,4.7916669845581055,9.501566886901855,0.5043028204243353,3.625,0.3815160214450515,0.8184916973114014,2.5883562564849854,-0.05040403828024864,0.3033669888973236,0.5833333730697632,0.9759258031845093,8.215878551709466e-06,8.646867028203937e-07,2.811652183532715,1.5456323623657227,1.0,48
1714,0.15470479428768158,0.26235514879226685,1.0,0.8335935473442078,0.9024642109870911,0.0087890625,0.03670365363359451,4.176060199737549,0.40243270993232727,7.5167670249938965,148.82363891601562,0.05035991966724396,0.37527599930763245,7.014595985412598,94.0,56.963138580322266,0.9809126257896423,12.157270431518555,0.00037598557537421584,2.6458334922790527,3.8391666412353516,0.6891687005636202,1.6041667461395264,0.4178424360982986,0.6248152256011963,1.9906139373779297,0.27580592036247253,0.2816001772880554,0.0416666679084301,0.6168907880783081,3.4903482628578786e-06,9.091421602484405e-07,0.8604549765586853,0.15032479166984558,1.0,48
1870,0.21930275857448578,0.3150879442691803,1.0,0.9916086196899414,0.7816610336303711,0.00830078125,0.04152622073888779,5.002688407897949,0.4677180349826813,8.212980270385742,149.740478515625,0.04803864285349846,0.3678305149078369,6.770431995391846,83.94117736816406,58.58785629272461,0.630043625831604,12.162052154541016,0.00024116896383929998,3.5416667461395264,8.362655639648438,0.42350981488618583,2.4791667461395264,0.2964568732713213,0.8072956800460815,1.795743703842163,0.15515802800655365,0.31188297271728516,0.3125,0.9649221301078796,5.9452736422827e-06,7.109312987833759e-07,2.5526771545410156,0.8515856862068176,1.0,48
1948,0.2941177785396576,0.5517576336860657,0.9999999403953552,1.5625354051589966,0.6006108522415161,0.00634765625,0.06447795778512955,10.157758712768555,0.9116497039794922,18.961135864257812,277.653564453125,0.03844451159238815,0.3177904784679413,6.034298896789551,54.153846740722656,69.88265991210938,0.8031899333000183,12.1622314453125,0.00025587668642401695,5.6666669845581055,9.127662658691406,0.6208234451953636,4.333333492279053,0.47474733122453394,1.0738946199417114,1.2002862691879272,0.34032726287841797,0.3539915680885315,0.0416666679084301,0.673653781414032,1.8936894775833935e-05,2.074670752326218e-06,0.9814029932022095,1.5344337224960327,1.0,48
1981,0.17866180837154388,0.24140940606594086,1.0000001192092896,0.8654767274856567,0.8574206233024597,0.0048828125,0.026836080476641655,5.496029376983643,0.4331720471382141,11.99156379699707,452.85821533203125,0.03085736557841301,0.2862016558647156,6.539098739624023,89.4000015258789,53.9183349609375,0.6834489107131958,12.158632278442383,0.0002771659928839654,4.333333492279053,4.001923561096191,1.082812656287707,2.125,0.5309946485104733,0.6825562715530396,1.6968746185302734,0.2633631229400635,0.33412617444992065,0.2083333432674408,0.3820801079273224,4.783677468367387e-06,1.1953445345426874e-06,0.3798006772994995,0.39843979477882385,1.0,48
2035,0.18530622124671936,0.34056758880615234,0.9999999403953552,0.8840296864509583,0.852340579032898,0.00927734375,0.03591189533472061,3.870924234390259,0.3753870129585266,5.1051249504089355,113.39996337890625,0.05265381559729576,0.38475364446640015,6.8542985916137695,81.78947448730469,53.02908706665039,0.5772894620895386,12.164610862731934,0.0002486445300746709,4.270833492279053,6.615872383117676,0.6455435108938758,1.6666667461395264,0.251919421522295,0.6137253046035767,2.228827953338623,-0.28900980949401855,0.4680502414703369,0.7916666865348816,0.9747241735458374,3.127238187516923e-06,4.726871985575341e-07,2.5827760696411133,0.5739430785179138,1.0,48
2046,0.1725330352783203,0.24155937135219574,1.0000001192092896,1.0277488231658936,0.8109451532363892,0.01806640625,0.12350121140480042,6.835958957672119,1.0362247228622437,17.762672424316406,122.48526763916016,0.09041537344455719,0.4567338228225708,7.371901988983154,90.0540542602539,63.207393646240234,0.9227588772773743,12.160581588745117,0.00026169029297307134,6.0,5.492518424987793,1.092395059027842,4.458333492279053,0.8117102464106634,0.8109786510467529,2.4583842754364014,0.2732623219490051,0.2732623219490051,0.0,0.46960270404815674,7.450039902323624e-06,1.3563977964764322e-06,0.5141721963882446,2.460130453109741,1.0,48
2130,0.18437789380550385,0.22963592410087585,0.9999998807907104,0.9756839871406555,0.8010714054107666,0.00830078125,0.03900566324591637,4.699035167694092,0.4454188048839569,8.054150581359863,163.94935607910156,0.04803864285349846,0.3660374581813812,6.297398567199707,63.17646789550781,69.40897369384766,1.0318293571472168,12.170572280883789,0.0003241844824515283,4.3125,4.304375648498535,1.0018874610735762,2.2708334922790527,0.527563965704418,0.6833637952804565,1.8953101634979248,0.2217402458190918,0.24426954984664917,0.125,0.510097324848175,2.9294205887708813e-06,6.805680593855812e-07,0.6768312454223633,0.8614623546600342,1.0,48
2146,0.1889619678258896,0.7898952960968018,1.0,0.9907400012016296,0.9149916172027588,0.0126953125,0.06421449035406113,5.058125972747803,0.5979267358779907,9.230324745178223,114.88304901123047,0.06804874539375305,0.420500248670578,7.131364822387695,116.96154022216797,81.33258819580078,1.0823830366134644,12.157419204711914,0.0003005554899573326,3.6458334922790527,8.56833553314209,0.4255007841280327,3.1458334922790527,0.36714639342023775,1.1209441423416138,2.076495885848999,0.4233519434928894,0.4233519434928894,0.0,0.675308883190155,2.3682252503931522e-05,2.7639268309101505e-06,1.0648365020751953,1.206478238105774,1.0,48
2249,0.14794041216373444,0.20435267686843872,0.9999998807907104,0.9430047869682312,0.8080163598060608,0.01123046875,0.05635854974389076,5.0183610916137695,0.5542175769805908,10.641362190246582,134.6545867919922,0.06158214434981346,0.40563690662384033,7.221446514129639,125.3043441772461,85.60340118408203,0.7951087355613708,12.209907531738281,0.00019879970932379365,5.2916669845581055,4.800095081329346,1.1024087823003155,3.7916667461395264,0.789914923349874,0.7685086131095886,2.5159058570861816,0.29286524653434753,0.30514097213745117,0.0625,0.23335441946983337,6.342959750327282e-06,1.3214237696634158e-06,0.31672680377960205,1.1848723888397217,1.0,48
2280,0.14270201325416565,0.19521524012088776,1.0,0.9411512613296509,0.8222651481628418,0.0126953125,0.06543675810098648,5.154403209686279,0.7007140517234802,19.492448806762695,371.28887939453125,0.06804874539375305,0.4063336253166199,7.10721492767334,94.23076629638672,63.0067024230957,0.8269692659378052,12.163312911987305,0.00028208515141159296,4.270833492279053,5.031009674072266,0.8489018627414168,3.2083334922790527,0.6377116510899103,0.7659802436828613,2.0941195487976074,0.26661527156829834,0.26661527156829834,0.0,0.5852157473564148,7.419626854243688e-06,1.4747788853862824e-06,0.7556520104408264,1.6155942678451538,1.0,48
2359,0.18357257544994354,0.24846090376377106,1.0,0.8564910888671875,0.832811713218689,0.009765625,0.04744182527065277,4.8580427169799805,0.5240070223808289,11.67226791381836,218.0775604248047,0.05492175742983818,0.38200491666793823,7.165109634399414,105.8499984741211,60.38340377807617,0.7865266799926758,12.162469863891602,0.0002571966906543821,5.2291669845581055,4.68324613571167,1.116568897269327,3.4583334922790527,0.738447945010484,0.7551207542419434,1.5779874324798584,0.24200664460659027,0.2488996684551239,0.1041666716337204,0.40861186385154724,4.953486495651305e-06,1.0577036400674962e-06,0.49477943778038025,1.1191552877426147,1.0,48
2386,0.1259470134973526,0.1653198003768921,1.0,0.9075446128845215,0.9077906012535095,0.0048828125,0.026872780174016953,5.50354528427124,0.42881539463996887,12.31607437133789,450.7642517089844,0.03085736557841301,0.2880641520023346,6.5019917488098145,94.80000305175781,55.45290756225586,0.8295822143554688,12.159936904907227,0.0003109396784566343,1.6875,3.553434371948242,0.4748926865155152,1.25,0.3517723603818631,0.537828803062439,3.119455337524414,0.2349250167608261,0.32395249605178833,0.1875,0.506801187992096,4.615088528225897e-06,1.298768467956226e-06,0.679710328578949,0.5672635436058044,1.0,48
2387,0.17923744022846222,0.22189854085445404,1.0,0.8975306153297424,0.8127551078796387,0.00634765625,0.03914855420589447,6.167403221130371,0.5116389989852905,10.351771354675293,217.5505828857422,0.03844451159238815,0.3308488726615906,6.857610702514648,120.15384674072266,54.23607635498047,0.6330462098121643,12.161580085754395,0.0002525997697375715,4.8541669845581055,4.741279125213623,1.0238095767249942,3.5208334922790527,0.7425914804571864,0.8046199679374695,2.184323787689209,0.3317881226539612,0.37644848227500916,0.1458333432674408,0.3213833272457123,5.689469617209397e-06,1.199986217844365e-06,0.4174129068851471,0.9908902049064636,1.0,48
2394,0.19189119338989258,0.3120634853839874,0.9999999403953552,0.9340060353279114,0.8508741855621338,0.0166015625,0.09344173967838287,5.628490447998047,0.7588620185852051,11.17788028717041,84.21329498291016,0.08450048416852951,0.4555259943008423,7.528630256652832,112.97058868408203,82.06717681884766,0.7927381992340088,12.180307388305664,0.0002074334042845294,5.208333492279053,7.419447898864746,0.7019839691921205,4.1666669845581055,0.5615872010611164,1.0774602890014648,2.583193302154541,0.3757685124874115,0.40157651901245117,0.0625,0.3238826096057892,1.7520431356388144e-05,2.36141982147415e-06,0.5057253837585449,1.9790658950805664,1.0,48
2414,0.14424225687980652,0.22820647060871124,1.0,0.8805269002914429,0.8918132781982422,0.00927734375,0.041862376034259796,4.512323379516602,0.4718688428401947,11.920677185058594,256.97802734375,0.05265381559729576,0.37661248445510864,7.123408317565918,110.52631378173828,61.319557189941406,0.8106804490089417,12.161818504333496,0.0002831464516930282,2.3958334922790527,5.097624778747559,0.4699901604307146,1.6458333730697632,0.3228627922366428,0.6955505609512329,2.2814905643463135,0.26708289980888367,0.3525031507015228,0.2291666716337204,0.8474542498588562,3.9583219404448755e-06,7.765031959948155e-07,1.4012478590011597,0.8924396634101868,1.0,48
2722,0.24517054855823517,0.4413610100746155,1.0,1.3990603685379028,0.6831557750701904,0.0029296875,0.009693698957562447,3.3087825775146484,0.17915916442871094,3.593179941177368,340.66278076171875,0.020013848319649696,0.23478783667087555,5.80837869644165,104.0,80.13408660888672,1.1718997955322266,12.157114028930664,0.00034264475107192993,7.0416669845581055,13.430532455444336,0.5243028899022238,5.020833492279053,0.3738372626101941,1.079301118850708,2.4147861003875732,0.733424186706543,0.733424186706543,0.0,0.7924749255180359,1.8141297914553434e-05,1.3507504606559355e-06,0.9704779982566833,0.27474623918533325,1.0,48
2747,0.2652081251144409,0.861212968826294,0.9999999403953552,0.9190808534622192,0.8188368082046509,0.005859375,0.02466939017176628,4.210242748260498,0.32619282603263855,6.062642574310303,189.07135009765625,0.03595767915248871,0.32404637336730957,6.450610637664795,71.58333587646484,110.18062591552734,1.5425002574920654,12.211150169372559,0.0002700850018300116,4.083333492279053,14.67674446105957,0.2782179317988944,1.7916667461395264,0.12207521563603124,0.54902184009552,1.2752037048339844,-0.5247935652732849,0.6714098453521729,0.8958333730697632,0.9944132566452026,3.816257958533242e-06,2.6002074002571577e-07,3.2444515228271484,0.3859372138977051,1.0,48
2985,0.19381307065486908,0.3230471909046173,1.0,1.1225000619888306,0.7830894589424133,0.0107421875,0.0635654404759407,5.917364597320557,0.7685644626617432,22.199323654174805,452.2518310546875,0.05938481166958809,0.37882620096206665,7.079268455505371,89.63636016845703,58.60505294799805,1.0667376518249512,12.157114028930664,0.0003988893295172602,4.9166669845581055,5.7196245193481445,0.8596135916492493,3.3541667461395264,0.5864312821460319,0.856611430644989,2.6866068840026855,0.3587370812892914,0.44652923941612244,0.1666666716337204,0.44793400168418884,1.02620088000549e-05,1.7941752552810392e-06,0.4458390474319458,1.4998359680175781,1.0,48
2988,0.2308422178030014,0.29700952768325806,0.9999999403953552,1.3719165325164795,0.7984551191329956,0.0029296875,0.03699538856744766,12.627758979797363,0.9043769836425781,31.72066307067871,964.6536865234375,0.020013848319649696,0.18961109220981598,5.990739822387695,86.5,79.1678695678711,1.63010573387146,12.154277801513672,0.00045256002340465784,3.3333334922790527,10.41692066192627,0.3199922124071106,2.7291667461395264,0.2619936190447014,1.1237668991088867,1.8224360942840576,0.3723737895488739,0.40931928157806396,0.0833333358168602,0.9236105680465698,1.2174826224509161e-05,1.1687548180452662e-06,2.0872278213500977,0.6608471274375916,1.0,48
3168,0.2679338753223419,0.3580557107925415,0.9999999403953552,1.4564299583435059,0.7631186246871948,0.00390625,0.01670031063258648,4.275279521942139,0.27365899085998535,5.9324445724487305,303.6488037109375,0.02555946074426174,0.26933953166007996,6.019672393798828,124.875,88.75800323486328,1.589124083518982,12.153847694396973,0.0004083174280822277,4.5,9.073984146118164,0.4959232816122849,3.8958334922790527,0.4293410066902391,1.155466914176941,2.2210676670074463,0.42394277453422546,0.42801377177238464,0.02083333395421505,0.5739724636077881,1.9794446416199207e-05,2.181450405426676e-06,0.782874345779419,0.29537642002105713,1.0,48
3194,0.13682149350643158,0.20862242579460144,1.0,0.8337631225585938,0.8873648643493652,0.00732421875,0.035150349140167236,4.7991943359375,0.43025046586990356,8.545869827270508,202.89971923828125,0.0433073565363884,0.3490709364414215,7.00508975982666,101.73332977294922,55.320926666259766,0.6445153951644897,12.16322135925293,0.0002457535592839122,4.1875,3.8153343200683594,1.0975447071567572,2.9583334922790527,0.7753798845266722,0.7593647837638855,2.6973118782043457,0.2643408179283142,0.26521676778793335,0.02083333395421505,0.23593021929264069,6.653717719018459e-06,1.743940935026589e-06,0.4022940695285797,1.1578878164291382,1.0,48
3218,0.15567222237586975,0.2052645981311798,1.0,0.9535644054412842,0.8151172399520874,0.00390625,0.01641404628753662,4.201995849609375,0.26962676644325256,5.83304500579834,308.10614013671875,0.02555946074426174,0.2690061926841736,6.469320297241211,103.875,55.468109130859375,0.8838532567024231,12.162976264953613,0.0002940267149824649,3.75,8.132940292358398,0.46108785514047984,2.0833334922790527,0.2561599390659397,0.744217038154602,2.5764431953430176,0.33720001578330994,0.5008865594863892,0.1875,0.9538282752037048,4.902975433651591e-06,6.028539804023669e-07,2.1502389907836914,0.25995394587516785,1.0,48
3437,0.14757968485355377,0.19111736118793488,1.0,0.8812052011489868,0.8504562973976135,0.0126953125,0.06742269545793533,5.310833930969238,0.6345286965370178,9.705561637878418,118.88337707519531,0.06804874539375305,0.418821781873703,7.165112495422363,91.61538696289062,60.2629280090332,0.7940981388092041,12.161518096923828,0.0002450496540404856,3.5833334922790527,4.079385757446289,0.8784002535073394,2.6666667461395264,0.6536932023981811,0.7210547924041748,2.127948760986328,0.4001471698284149,0.4410627782344818,0.0833333358168602,0.2953777611255646,5.3088274398760404e-06,1.3013791150228448e-06,0.3757179379463196,1.8266066312789917,1.0,48
3562,0.19095876812934875,0.25813284516334534,0.9999999403953552,1.0257724523544312,0.8114336729049683,0.00439453125,0.019193042069673538,4.367483139038086,0.3065178394317627,8.482125282287598,388.92724609375,0.02823571488261223,0.28127598762512207,6.435379505157471,88.44444274902344,63.80272674560547,0.7817571759223938,12.158942222595215,0.00026478234212845564,3.6458334922790527,5.684346675872803,0.6413812692564956,2.3958334922790527,0.4214791293840982,0.7706076502799988,2.0295138359069824,0.394165575504303,0.45923560857772827,0.1458333432674408,0.5372799038887024,9.05998058442492e-06,1.5938472941739314e-06,0.8036413192749023,0.6019921898841858,1.0,48
3609,0.22743283212184906,0.3240633010864258,1.0,1.08531653881073,0.783987283706665,0.01416015625,0.10006287693977356,7.066509246826172,0.9767930507659912,18.085859298706055,171.27951049804688,0.07434378564357758,0.42031314969062805,7.1577467918396,81.17241668701172,74.33716583251953,0.8390986323356628,12.171566009521484,0.0002658751327544451,5.458333492279053,5.480110168457031,0.9960262320521246,3.7916667461395264,0.6918960792147979,0.8817136287689209,1.7358368635177612,0.27036044001579285,0.2902100086212158,0.0625,0.2970729172229767,8.287908713100478e-06,1.5123616940552105e-06,0.5292454361915588,2.5087461471557617,1.0,48
3658,0.18681004643440247,0.32970088720321655,0.9999999403953552,0.915848433971405,0.864540696144104,0.0185546875,0.10610445588827133,5.718471527099609,0.822104811668396,10.147109985351562,78.58467102050781,0.09235962480306625,0.46888524293899536,7.5202836990356445,125.78947448730469,56.755897521972656,0.6763954162597656,12.163881301879883,0.00026224186876788735,7.0,4.456603527069092,1.5707028776007268,4.875,1.0938823611862205,0.8232209086418152,3.0014777183532715,0.25847291946411133,0.2774371802806854,0.0833333358168602,0.4213458299636841,5.9806711760757025e-06,1.3419796323208328e-06,0.4866260886192322,2.1059117317199707,1.0,48
3667,0.18621577322483063,0.24672701954841614,1.0,1.055265188217163,0.7510071992874146,0.00537109375,0.03848083317279816,7.164431571960449,0.6070955395698547,16.388160705566406,420.821533203125,0.03342986851930618,0.2938980162143707,6.305931091308594,71.18181610107422,64.82244110107422,0.8377317786216736,12.160869598388672,0.00028248265152797103,3.9375,5.837777614593506,0.6744861235227635,3.0,0.5138941893506769,0.8354543447494507,1.7952169179916382,0.3644143044948578,0.371837854385376,0.02083333395421505,0.5420850515365601,1.0172714610234834e-05,1.7425663093741392e-06,0.6838837265968323,1.0809396505355835,1.0,48
3685,0.17908975481987,0.27495816349983215,1.0,1.005561351776123,0.81587815284729,0.00927734375,0.043480001389980316,4.6866865158081055,0.47202110290527344,8.732901573181152,155.7628173828125,0.05265381559729576,0.38003769516944885,6.900483131408691,80.57894897460938,58.74498748779297,0.7534503936767578,12.160745620727539,0.0002910922048613429,4.520833492279053,5.185516834259033,0.8718192666337856,2.9791667461395264,0.574516839037522,0.8322577476501465,2.3263959884643555,0.2931833267211914,0.29321593046188354,0.02083333395421505,0.4891659915447235,8.145367246470414e-06,1.5707917824022262e-06,0.5981435775756836,1.0917109251022339,1.0,48
3694,0.16539719700813293,0.23837143182754517,1.0,0.8776423931121826,0.8217792510986328,0.0048828125,0.02036787010729313,4.171339988708496,0.2942223846912384,5.4913530349731445,220.33230590820312,0.03085736557841301,0.3005096912384033,6.348717212677002,74.9000015258789,57.12504196166992,0.6599197387695312,12.160054206848145,0.00025652669137343764,3.4583334922790527,5.022393703460693,0.688582713659077,2.0416667461395264,0.4065126835173403,0.6865638494491577,3.094959020614624,0.19343720376491547,0.23912981152534485,0.25,0.6842238306999207,5.122606125951279e-06,1.0199531176183983e-06,0.7777566909790039,0.6089195609092712,1.0,48
3742,0.12536413967609406,0.17316104471683502,1.0,0.9200947880744934,0.892945408821106,0.00634765625,0.025515645742416382,4.01969575881958,0.32593658566474915,5.708597660064697,181.53977966308594,0.03844451159238815,0.333805114030838,6.949578285217285,106.38461303710938,53.543331146240234,0.7237392067909241,12.160041809082031,0.00028059189207851887,1.7083333730697632,3.9005656242370605,0.437970677399948,1.1458333730697632,0.29376082356165373,0.6032506823539734,2.514143943786621,0.22693508863449097,0.2878984808921814,0.1666666716337204,0.6060580015182495,5.8275318224332295e-06,1.4940222441797415e-06,0.6689316630363464,0.6530245542526245,1.0,48
3778,0.1481473296880722,0.19034302234649658,0.9999999403953552,0.9370359778404236,0.8613607883453369,0.0078125,0.0355764664709568,4.553787708282471,0.42712584137916565,9.925450325012207,227.0345916748047,0.04568839073181152,0.35623639822006226,6.900129795074463,90.6875,57.02885437011719,0.6530505418777466,12.161238670349121,0.0002549198397900909,2.0208334922790527,3.7109591960906982,0.5445582610992632,1.2291667461395264,0.3312261541765611,0.6083187460899353,2.11153244972229,0.3309045433998108,0.39385995268821716,0.1041666716337204,0.4349375069141388,3.482510464891675e-06,9.384394361371377e-07,0.49005958437919617,0.5814269781112671,1.0,48
3805,0.1586775779724121,0.2140507847070694,0.9999999403953552,0.9253398776054382,0.8549928069114685,0.00927734375,0.05547843873500824,5.979991912841797,0.6066162586212158,10.13502025604248,151.71925354003906,0.05265381559729576,0.3785979747772217,7.06196403503418,98.0526351928711,71.82472229003906,0.9245615005493164,12.160723686218262,0.0003027371421921998,3.4583334922790527,4.9218268394470215,0.702652408966318,2.4166667461395264,0.4910101106890919,0.8230363130569458,2.3151845932006836,0.32768940925598145,0.32768940925598145,0.0,0.33318689465522766,7.696164175285958e-06,1.5636803997179704e-06,0.3710768520832062,0.8754403591156006,1.0,48
3915,0.1280451864004135,0.15002691745758057,0.9999999403953552,0.9221201539039612,0.8864418268203735,0.005859375,0.024234650656580925,4.136046886444092,0.33395645022392273,8.571263313293457,298.3665771484375,0.03595767915248871,0.3195933997631073,6.80925989151001,109.5,60.360965728759766,0.7552098035812378,12.16048812866211,0.00025387341156601906,2.875,3.905787229537964,0.7360872018057233,2.0,0.5120606621257205,0.6849848628044128,1.9773801565170288,0.29077622294425964,0.29093918204307556,0.02083333395421505,0.3263591527938843,5.437579147837823e-06,1.3921851894014235e-06,0.41280877590179443,0.5710182189941406,1.0,48
4062,0.14135582745075226,0.2498263418674469,1.0,0.9329806566238403,0.882061243057251,0.00244140625,0.00866218563169241,3.5480313301086426,0.1753632128238678,3.834892749786377,408.8094787597656,0.01712392456829548,0.2109173685312271,5.809297561645508,83.19999694824219,56.32932662963867,0.7288338541984558,12.16211223602295,0.0002970310742966831,2.8125,5.636279106140137,0.4989994182413857,1.7916667461395264,0.31788112497993254,0.6405799984931946,2.4857168197631836,0.07881293445825577,0.32613876461982727,0.4791666865348816,0.9338093400001526,4.208372047287412e-06,7.466578500763477e-07,2.133317232131958,0.21471554040908813,1.0,48
4078,0.1401759684085846,0.1946386843919754,1.0,0.9599097371101379,0.880651593208313,0.0126953125,0.06007484719157219,4.732049465179443,0.5619083046913147,10.706197738647461,132.07989501953125,0.06804874539375305,0.42039769887924194,7.192639350891113,98.07691955566406,75.1929702758789,0.9412715435028076,12.181221008300781,0.00026546959998086095,5.833333492279053,5.482352256774902,1.0640201884930356,4.020833492279053,0.7334139246481483,0.7999920845031738,1.9374759197235107,0.2802419662475586,0.3793237805366516,0.2291666716337204,0.37021535634994507,7.001940502959769e-06,1.2771781458470186e-06,0.46689629554748535,1.1430999040603638,1.0,48
4230,0.1953943967819214,0.24331486225128174,1.0,1.0769116878509521,0.7880153656005859,0.00390625,0.02227359637618065,5.702040672302246,0.3975316286087036,11.909287452697754,528.0509033203125,0.02555946074426174,0.25819841027259827,6.350941181182861,87.125,65.61482238769531,1.0168431997299194,12.155738830566406,0.00034755808883346617,3.7291667461395264,11.261308670043945,0.33114861266061785,2.5625,0.22754904183924743,0.8302825689315796,1.9844669103622437,0.22915659844875336,0.3376499116420746,0.2083333432674408,0.9932178258895874,5.1999663810420316e-06,4.6175507028386857e-07,4.218590259552002,0.3933706283569336,1.0,48
4234,0.17104016244411469,0.8996896743774414,0.9999999403953552,0.9373927712440491,0.9147161245346069,0.0498046875,0.26688894629478455,5.358711242675781,1.2894679307937622,16.828014373779297,45.7608642578125,0.19793975353240967,0.5953420996665955,8.076398849487305,110.71568298339844,57.54696273803711,0.6957300901412964,12.15938663482666,0.0002643591142259538,4.9375,4.030722618103027,1.2249664528079245,2.4166667461395264,0.5995616590658034,0.6677435636520386,2.9789836406707764,0.4211530089378357,0.5066051483154297,0.1041666716337204,0.33743658661842346,3.081318936892785e-06,7.644581930319878e-07,0.40138179063796997,3.0504074096679688,1.0,48
4263,0.24221089482307434,0.34249886870384216,1.0,1.1944429874420166,0.6935944557189941,0.017578125,0.12627725303173065,7.183772563934326,1.089939832687378,20.323732376098633,146.54922485351562,0.08845767378807068,0.45172709226608276,6.618048191070557,57.86111068725586,60.5867919921875,0.6113047003746033,12.163724899291992,0.00023722216428723186,6.020833492279053,7.566117763519287,0.7957625921911252,4.7291669845581055,0.625045383394606,0.8375219106674194,2.517971992492676,0.34778761863708496,0.34778761863708496,0.0,0.7100659012794495,1.2385411537252367e-05,1.6369572755793151e-06,0.9000802636146545,2.9568264484405518,1.0,48
4317,0.185203418135643,0.3716154992580414,1.0,0.8111513257026672,0.8928071856498718,0.025390625,0.09924128651618958,3.9085798263549805,0.6330483555793762,8.535229682922363,50.849647521972656,0.1183348149061203,0.5150664448738098,7.614267349243164,84.84615325927734,57.61372756958008,0.7401517629623413,12.161308288574219,0.00029551947955042124,4.020833492279053,5.657853126525879,0.7106641680607472,2.3333334922790527,0.4124061611312523,0.6526558995246887,2.449815273284912,0.11057451367378235,0.3496251106262207,0.4166666865348816,0.8459630012512207,7.23420725989854e-06,1.2786134749939088e-06,1.6160300970077515,1.43655526638031,1.0,48
4371,0.15572622418403625,0.2568875551223755,1.0,0.8739669322967529,0.8472856283187866,0.0068359375,0.029330091550946236,4.290573596954346,0.3607257902622223,6.811688423156738,171.48992919921875,0.04089350998401642,0.34369155764579773,6.850395202636719,96.0,68.92081451416016,0.794363260269165,12.166576385498047,0.00024993933038786054,4.708333492279053,7.3922929763793945,0.6369246323102117,2.125,0.2874615500109912,0.7276756167411804,2.397329330444336,0.339304655790329,0.5191025137901306,0.2083333432674408,0.9441275000572205,5.076886736787856e-06,6.867810496881319e-07,1.9377031326293945,0.9615961909294128,1.0,48
4416,0.18187139928340912,0.23852026462554932,1.0,0.9564489126205444,0.8323620557785034,0.00390625,0.018597964197397232,4.761078834533691,0.30892813205718994,7.668520927429199,348.1204833984375,0.02555946074426174,0.26780980825424194,6.421233654022217,100.125,57.75197982788086,0.7461913824081421,12.163434028625488,0.00026997795794159174,3.3541667461395264,6.851661205291748,0.489540658935908,2.1875,0.3192656395675067,0.6536545157432556,2.090703248977661,0.2148083746433258,0.40262365341186523,0.3125,0.9512894749641418,4.34929961556918e-06,6.347803078561852e-07,2.2753002643585205,0.6651305556297302,1.0,48
4497,0.1827387660741806,0.2660502791404724,0.9999999403953552,0.9610065221786499,0.8120185136795044,0.00439453125,0.02550455927848816,5.803704261779785,0.4296087324619293,13.077963829040527,517.819091796875,0.02823571488261223,0.2742450535297394,6.483671188354492,96.55555725097656,64.89704895019531,0.7664854526519775,12.17020034790039,0.00025117708719335496,3.875,4.908236503601074,0.7894892573457082,2.4791667461395264,0.5051033582569988,0.8059139251708984,2.2716026306152344,0.3259808421134949,0.36473986506462097,0.0833333358168602,0.394626647233963,6.248177669476718e-06,1.2729984898165707e-06,0.43226104974746704,0.3638868033885956,1.0,48
4593,0.14770746231079102,0.19345542788505554,1.0,0.9272680878639221,0.883758544921875,0.00439453125,0.03336672484874725,7.592783451080322,0.7645297646522522,32.02279281616211,1501.5001220703125,0.02823571488261223,0.23382717370986938,6.36255407333374,88.11111450195312,69.53164672851562,1.5568666458129883,12.165611267089844,0.0004853452555835247,1.75,3.9877707958221436,0.438841669998938,1.2916667461395264,0.3239069668331223,0.6641822457313538,2.0637435913085938,0.28083497285842896,0.3045775592327118,0.0625,0.47291886806488037,3.8577045415877365e-06,9.673837162244856e-07,0.5007070899009705,0.37586352229118347,1.0,48
4749,0.29575371742248535,0.3965449333190918,1.0,1.53879976272583,0.7380138635635376,0.0029296875,0.09241504222154617,31.544334411621094,1.7493209838867188,39.76282501220703,383.8779602050781,0.020013848319649696,0.23109449446201324,5.859801292419434,79.0,82.53662109375,1.5599576234817505,12.16006088256836,0.0003639495698735118,5.5625,9.194103240966797,0.6050073452693802,4.145833492279053,0.45092309484811377,1.2423534393310547,2.5898473262786865,0.46308547258377075,0.46716880798339844,0.0416666679084301,0.3549034595489502,2.6634865207597613e-05,2.8969508477944107e-06,0.48713159561157227,2.401977777481079,1.0,48
4760,0.14255379140377045,0.1860358864068985,1.0,0.9905310273170471,0.8874161839485168,0.0029296875,0.012954991310834885,4.421970367431641,0.2471785843372345,6.582688331604004,437.8536376953125,0.020013848319649696,0.230692058801651,6.2642927169799805,97.83333587646484,59.20952606201172,0.9051724076271057,12.163227081298828,0.00034773186780512333,3.5,4.787629127502441,0.7310507767996922,2.1875,0.4569067354998076,0.7317573428153992,2.799208402633667,0.3401411175727844,0.3861301839351654,0.1458333432674408,0.7910393476486206,5.063664502813481e-06,1.0576559623528063e-06,1.303334355354309,0.5527462363243103,1.0,48
4787,0.1735469549894333,0.6483682990074158,1.0,1.0221481323242188,0.8497487902641296,0.01416015625,0.06908616423606873,4.878912448883057,0.650152862071991,15.606586456298828,220.02386474609375,0.07434378564357758,0.4285244941711426,7.21817684173584,107.51724243164062,60.75217056274414,0.7218553423881531,12.15798568725586,0.0002827552380040288,3.7291667461395264,5.8131327629089355,0.6415072374604345,2.8541667461395264,0.49098598942051686,0.8361639380455017,2.6328940391540527,0.3157004714012146,0.3214074969291687,0.0416666679084301,0.41100409626960754,8.175009497790597e-06,1.4063001512521382e-06,0.5422198176383972,1.032704472541809,1.0,48
4822,0.16165044903755188,0.2607085108757019,1.0,0.8922305703163147,0.8720718026161194,0.0146484375,0.062471117824316025,4.264695167541504,0.526256263256073,6.759137153625488,79.37334442138672,0.07640714943408966,0.4427132308483124,6.978075981140137,83.19999694824219,61.07351303100586,0.7294267416000366,12.169658660888672,0.0002520339039620012,3.0416667461395264,3.8694944381713867,0.786063085728662,2.0625,0.5330153661222279,0.7119475603103638,2.445575475692749,0.27491623163223267,0.28042447566986084,0.0416666679084301,0.3975643515586853,4.449639163794927e-06,1.1499277808494338e-06,0.40600597858428955,1.1598056554794312,1.0,48
4887,0.2218462973833084,0.2986985743045807,0.9999999403953552,0.9234449863433838,0.7987270355224609,0.0185546875,0.09052759408950806,4.878961086273193,0.6872977614402771,10.211481094360352,74.21098327636719,0.09235962480306625,0.47189122438430786,7.368852138519287,83.52631378173828,53.80477523803711,0.7863609790802002,12.161127090454102,0.000283904344541952,4.625,4.909497261047363,0.9420516490099463,2.7291667461395264,0.5558953586213731,0.7234843969345093,1.619745135307312,0.34693703055381775,0.4550907611846924,0.1666666716337204,0.6481482982635498,5.971195605525281e-06,1.216253981999143e-06,0.8417020440101624,1.7695919275283813,1.0,48
4976,0.3020287752151489,0.4821985065937042,1.0,1.2101953029632568,0.7751213908195496,0.0361328125,0.3656516373157501,10.119656562805176,2.2051453590393066,24.943359375,56.15871810913086,0.15545296669006348,0.5423470139503479,7.662299156188965,102.25675964355469,113.46587371826172,1.462109923362732,12.140022277832031,0.000302372092846781,11.041666984558105,22.15892791748047,0.4982942776245391,8.0,0.3610282964131479,1.3680217266082764,1.88663649559021,0.4748944640159607,0.544309139251709,0.1666666716337204,0.6117497086524963,5.952854917268269e-05,2.686436336969992e-06,0.7468875646591187,5.917652606964111,1.0,48
5081,0.1760944128036499,0.26174548268318176,1.0,1.0183690786361694,0.7808119058609009,0.009765625,0.06383997946977615,6.5372138023376465,0.7356820106506348,16.147811889648438,253.33758544921875,0.05492175742983818,0.37578266859054565,6.886707305908203,81.9000015258789,58.29292678833008,0.7882312536239624,12.16244125366211,0.00028903677593916655,4.020833492279053,5.339290142059326,0.7530651786601719,2.5625,0.47993271146945665,0.7655560374259949,2.4545421600341797,0.32867684960365295,0.4354788661003113,0.3125,0.6900663375854492,5.152233825356234e-06,9.64966068264534e-07,0.8402750492095947,0.9689075946807861,1.0,48
5089,0.14115555584430695,0.30830004811286926,1.0,0.8207060098648071,0.9027416706085205,0.01171875,0.049495499581098557,4.223616123199463,0.4658913016319275,6.611783981323242,99.67338562011719,0.0637580007314682,0.413743793964386,7.188818454742432,114.08333587646484,64.25704193115234,0.7843774557113647,12.174224853515625,0.00024442357243970037,3.7083334922790527,3.8039679527282715,0.9748592860438741,2.5416667461395264,0.6681619748228897,0.6599697470664978,2.1747195720672607,0.2165856659412384,0.21662577986717224,0.02083333395421505,0.3598422706127167,6.328396466415143e-06,1.6636303271798082e-06,0.5257235169410706,1.0707229375839233,1.0,48
5154,0.13996481895446777,0.2025575041770935,0.9999999403953552,0.9353470206260681,0.8597121238708496,0.0048828125,0.025715721771121025,5.266579627990723,0.39133352041244507,9.647512435913086,326.0343933105469,0.03085736557841301,0.2938697636127472,6.546375274658203,88.4000015258789,55.205352783203125,0.728675127029419,12.160917282104492,0.000295893638394773,1.6875,3.854043483734131,0.4378518308741254,1.125,0.29190122058275025,0.6164865493774414,2.206244945526123,0.23069721460342407,0.28732413053512573,0.1666666716337204,0.6428728103637695,4.776779860549141e-06,1.2394203304439056e-06,0.9702321290969849,0.7472006678581238,1.0,48
5286,0.14886043965816498,0.19068820774555206,1.0,1.0201094150543213,0.8196784257888794,0.00634765625,0.03557964786887169,5.605163097381592,0.49965617060661316,14.242481231689453,402.23748779296875,0.03844451159238815,0.32280799746513367,6.639787197113037,85.46154022216797,54.41301345825195,0.6318978667259216,12.159460067749023,0.00026848033303394914,3.5416667461395264,5.417459011077881,0.6537505373570618,2.2916667461395264,0.4230150587615458,0.7152759432792664,3.8947362899780273,0.36564016342163086,0.41487833857536316,0.1458333432674408,0.623372495174408,5.5615746532566845e-06,1.0266020714910973e-06,0.7762823104858398,0.7597314715385437,1.0,48
5336,0.20154081284999847,0.2864547073841095,1.0,1.1808189153671265,0.8417403101921082,0.00244140625,0.0090146753937006,3.692410945892334,0.18374493718147278,4.457708835601807,432.51214599609375,0.01712392456829548,0.21004153788089752,6.123126029968262,108.4000015258789,63.04711151123047,0.9593487977981567,12.158864974975586,0.0003382209106348455,2.2708334922790527,4.955992698669434,0.45819952243003154,1.7083333730697632,0.34470054204910444,0.7779416441917419,1.8283075094223022,0.34402453899383545,0.34402453899383545,0.0,0.38635143637657166,4.890498075837968e-06,9.867847600508175e-07,0.35735470056533813,0.3173682391643524,1.0,48
5407,0.13724219799041748,0.20374174416065216,1.0000001192092896,0.9354934692382812,0.8752179741859436,0.00341796875,0.012875022366642952,3.7668635845184326,0.2208821177482605,4.328200340270996,298.1868896484375,0.02282176911830902,0.25463441014289856,6.015756607055664,76.14286041259766,60.76578903198242,0.6846177577972412,12.170063018798828,0.0002536310348659754,2.7291667461395264,3.6895346641540527,0.7397048644800385,1.75,0.4743145557782961,0.6376321911811829,2.7760963439941406,0.38567671179771423,0.43959566950798035,0.0833333358168602,0.28870290517807007,3.5028419915761333e-06,9.493993961119976e-07,0.40943339467048645,0.2478175312280655,1.0,48
5417,0.15792788565158844,0.24451245367527008,1.0,0.9612267017364502,0.8197712898254395,0.0126953125,0.0746462494134903,5.879827499389648,0.7654507160186768,15.172781944274902,201.60360717773438,0.06804874539375305,0.4083353281021118,7.149747848510742,88.76923370361328,59.420379638671875,0.8176767826080322,12.160137176513672,0.0003163276705890894,4.0,6.5811662673950195,0.607795006447291,3.1458334922790527,0.4780054719304627,0.8292791247367859,2.0654311180114746,0.16945239901542664,0.33932241797447205,0.2916666865348816,0.8901193737983704,7.144511528167641e-06,1.085599607581349e-06,1.6780768632888794,1.3993064165115356,1.0,48
5614,0.15297022461891174,0.23531988263130188,1.0,0.9127658605575562,0.8598244190216064,0.0029296875,0.012313680723309517,4.203069686889648,0.2311871200799942,5.335188388824463,383.2643127441406,0.020013848319649696,0.2327083796262741,6.193729400634766,94.0,59.90395736694336,0.9002718329429626,12.16415023803711,0.00026390780112706125,3.1458334922790527,4.014090538024902,0.7836976905832213,1.9791667461395264,0.4930548333328848,0.6474740505218506,2.9776840209960938,0.2339012622833252,0.2339012622833252,0.0,0.4876587986946106,4.204843662591884e-06,1.0475208798318812e-06,0.5138745903968811,0.18292208015918732,1.0,48
5632,0.10891695320606232,0.15298599004745483,1.0,0.8746165633201599,0.8869514465332031,0.005859375,0.02587018348276615,4.415177822113037,0.34760475158691406,6.958897590637207,212.75437927246094,0.03595767915248871,0.3219428062438965,6.763744831085205,101.66666412353516,67.55374908447266,0.9262919425964355,12.169988632202148,0.0002911241026595235,2.7083334922790527,4.084818363189697,0.6630242142600349,1.6666667461395264,0.4080148965933294,0.6901239156723022,2.6987099647521973,0.25579163432121277,0.25579163432121277,0.0,0.3972540497779846,5.790221621282399e-06,1.41749793804443e-06,0.4680420756340027,0.7020068168640137,1.0,48
5702,0.20971818268299103,0.3552924394607544,1.0,0.943188488483429,0.8150273561477661,0.015625,0.10687567293643951,6.840043067932129,0.9105662107467651,13.292472839355469,97.19062805175781,0.08048483729362488,0.44508787989616394,7.2466936111450195,115.15625,92.45420837402344,1.1737098693847656,12.19406795501709,0.00024537587887607515,4.645833492279053,4.394405364990234,1.0572155037675324,3.3125,0.7537993692735644,0.7347736358642578,1.738751769065857,0.3259159326553345,0.4093230366706848,0.1458333432674408,0.38814878463745117,3.984526301792357e-06,9.067270681192474e-07,0.36838459968566895,1.9977636337280273,1.0,48
5836,0.15247215330600739,0.19146086275577545,1.0,0.96929532289505,0.8438851833343506,0.0126953125,0.061888694763183594,4.874924659729004,0.5784389972686768,10.235875129699707,129.20318603515625,0.06804874539375305,0.4204796254634857,7.0988922119140625,89.19230651855469,60.33542251586914,0.9571051001548767,12.158683776855469,0.0003524943604134023,5.1041669845581055,5.308241844177246,0.9615550920200543,3.8125,0.7182227382875945,0.8549391627311707,2.183027505874634,0.3948821425437927,0.40036606788635254,0.02083333395421505,0.23988556861877441,9.758012311067432e-06,1.8382757566685667e-06,0.39825987815856934,1.5425324440002441,1.0,48
5864,0.18969880044460297,0.23800505697727203,1.0,1.4355981349945068,0.8588367700576782,0.00341796875,0.023106681182980537,6.760354518890381,0.44861268997192383,14.080561637878418,631.9249877929688,0.02282176911830902,0.238082617521286,6.520520210266113,116.28571319580078,80.32857513427734,1.162917137145996,12.160804748535156,0.0003038241411559284,3.8333334922790527,10.06495475769043,0.38085948528894126,3.375,0.3353219242310067,1.131729245185852,1.863972544670105,0.5397711992263794,0.5613542795181274,0.0416666679084301,0.6591218709945679,2.940452759503387e-05,2.9214763775616274e-06,0.7798905968666077,0.7851223349571228,1.0,48
5959,0.11484412103891373,0.15069639682769775,0.9999999403953552,0.8173589110374451,0.9157193303108215,0.0205078125,0.08743961900472641,4.2637224197387695,0.6278120875358582,7.339445114135742,62.54143524169922,0.10000890493392944,0.4856140911579132,7.624215602874756,98.69047546386719,66.2215805053711,0.8422039151191711,12.167631149291992,0.0002802702656481415,2.7708334922790527,3.5673511028289795,0.7767201502298234,1.9375,0.5431200738924531,0.6642258167266846,3.0257835388183594,0.23598352074623108,0.25726303458213806,0.1041666716337204,0.22836212813854218,4.320000698498916e-06,1.2109827605595767e-06,0.34193357825279236,1.5716463327407837,1.0,48
5995,0.18037976324558258,0.2899479568004608,1.0,1.000854730606079,0.8010361790657043,0.0048828125,0.025158463045954704,5.152453422546387,0.375928670167923,8.31842041015625,275.922607421875,0.03085736557841301,0.29589468240737915,6.7668657302856445,117.80000305175781,65.41448211669922,0.8813841342926025,12.158580780029297,0.00030671441345475614,5.5,5.642354488372803,0.9747703731812922,3.75,0.6646161635326993,0.8660615682601929,1.6719459295272827,0.3161056935787201,0.32368382811546326,0.0416666679084301,0.29233354330062866,1.1867649845953565e-05,2.1033151762045566e-06,0.42743247747421265,0.8385241627693176,1.0,48
6043,0.1566893458366394,0.2304854840040207,1.0,0.8820591568946838,0.8697575330734253,0.0048828125,0.023653551936149597,4.844247341156006,0.36063408851623535,9.897608757019043,371.2666931152344,0.03085736557841301,0.29433730244636536,6.631117343902588,103.0,56.76273727416992,0.8531762361526489,12.16472053527832,0.0003369578917045146,2.3333334922790527,3.4366214275360107,0.678961455222722,1.625,0.472848124105602,0.6513605117797852,1.7180112600326538,0.3851337432861328,0.4096832275390625,0.1041666716337204,0.19616243243217468,2.781426474030013e-06,8.093491018970774e-07,0.26120176911354065,0.33736228942871094,1.0,48
6044,0.22242820262908936,0.3284081518650055,1.0,1.0601381063461304,0.7803204655647278,0.0087890625,0.0428159274160862,4.8715009689331055,0.4752451479434967,8.600747108459473,154.2593994140625,0.05035991966724396,0.373407781124115,6.360296726226807,76.0,58.24085235595703,0.9746478796005249,12.158172607421875,0.00030397673253901303,4.333333492279053,4.783534049987793,0.9058853638203448,2.5833334922790527,0.5400470572348439,0.6689227819442749,2.360914707183838,0.18763265013694763,0.2691081762313843,0.2291666716337204,0.7385896444320679,5.281275662127882e-06,1.1040531113394768e-06,1.098030924797058,0.8674147129058838,1.0,48
6066,0.2254658192396164,0.3404009938240051,1.0,1.077015995979309,0.7350133657455444,0.00341796875,0.013247682712972164,3.8758933544158936,0.2301492840051651,5.032754898071289,328.432373046875,0.02282176911830902,0.25298792123794556,5.782845973968506,62.14285659790039,65.7294692993164,0.6676425933837891,12.173432350158691,0.0002263599744765088,4.3125,6.427875518798828,0.6709059596251817,3.2083334922790527,0.4991281299559625,0.8462222814559937,1.9296977519989014,0.38911086320877075,0.4297752380371094,0.0833333358168602,0.6536381840705872,9.634059097152203e-06,1.4987936611386923e-06,0.8140997290611267,0.14979290962219238,1.0,48
6115,0.11339332163333893,0.20075009763240814,1.0,1.0311071872711182,0.8815845251083374,0.0185546875,0.10327322781085968,5.565883636474609,0.8110602498054504,13.64974594116211,95.80984497070312,0.09235962480306625,0.46759989857673645,6.548953056335449,104.60526275634766,76.45730590820312,0.7670432329177856,12.197591781616211,0.0002247979282401502,5.125,5.024097442626953,1.0200837161946945,4.208333492279053,0.8376297498128025,0.7648755311965942,3.0446810722351074,0.3128264546394348,0.3502291440963745,0.0833333358168602,0.4585261046886444,4.880340384261217e-06,9.713864888726293e-07,0.48922786116600037,1.4458926916122437,1.0,48
6215,0.24958829581737518,0.4382944405078888,1.0,0.998971700668335,0.8516660332679749,0.05224609375,0.3273980915546417,6.26646089553833,1.5386244058609009,16.60568618774414,33.074398040771484,0.20507636666297913,0.6006858944892883,7.917430877685547,105.08411407470703,57.37263870239258,0.8382375240325928,12.158035278320312,0.00029510853346437216,5.9375,6.428017616271973,0.9236906843149937,4.375,0.680614188442627,1.0564851760864258,1.576822280883789,0.2616366147994995,0.2616366147994995,0.0,0.5515223145484924,1.338972469966393e-05,2.0830255108415914e-06,0.7678305506706238,3.673126459121704,1.0,48
6242,0.10177557915449142,0.13605459034442902,1.0,0.9123236536979675,0.911502480506897,0.00439453125,0.0192961897701025,4.390954971313477,0.29612550139427185,6.56252384185791,266.43267822265625,0.02823571488261223,0.285820335149765,6.642230987548828,108.88888549804688,53.29029846191406,0.6769917011260986,12.160978317260742,0.00025322826695628464,1.8125,4.1575398445129395,0.43595493090284193,1.2083333730697632,0.29063663015957325,0.5656399130821228,2.8819580078125,0.2248430848121643,0.2248430848121643,0.0,0.8294767141342163,3.5405644212005427e-06,8.516008372974031e-07,1.3014497756958008,0.36314305663108826,1.0,48
6258,0.14003188908100128,0.1989777386188507,1.0,0.9341492652893066,0.8709596991539001,0.00341796875,0.02071267180144787,6.059936046600342,0.3964335322380066,10.203869819641113,515.4656982421875,0.02282176911830902,0.23867899179458618,6.224538803100586,88.42857360839844,64.3987808227539,0.887893795967102,12.164118766784668,0.0002752469154074788,2.5833334922790527,4.8518877029418945,0.5324388454803448,1.6041667461395264,0.3306273436338154,0.6932820677757263,1.9901108741760254,0.23276954889297485,0.24696427583694458,0.1041666716337204,0.843920111656189,5.253677045402583e-06,1.0828109297313204e-06,1.5092922449111938,0.6580508351325989,1.0,48
6277,0.24785171449184418,0.4007013440132141,1.0,1.2282865047454834,0.7828704714775085,0.01318359375,0.09373732656240463,7.11014986038208,0.9128358960151672,17.13134765625,160.47483825683594,0.07016520947217941,0.4168159067630768,7.174149513244629,84.40740966796875,73.41221618652344,1.0849108695983887,12.179146766662598,0.00026985688600689173,7.625,7.156749725341797,1.0654277824395435,4.4166669845581055,0.6171330768697295,1.006287693977356,2.3600893020629883,0.5311169624328613,0.5799766778945923,0.0833333358168602,0.34885305166244507,1.4028689292899799e-05,1.9602039769006687e-06,0.4014235734939575,2.5086307525634766,1.0,48
6415,0.1761251538991928,0.25118952989578247,1.0,1.0352171659469604,0.8103659152984619,0.0126953125,0.07512709498405457,5.917703628540039,0.7122603058815002,11.734807968139648,128.65444946289062,0.06804874539375305,0.4180051386356354,7.095627784729004,102.88461303710938,92.64413452148438,0.9019482135772705,12.220290184020996,0.00021235528402030468,3.8333334922790527,3.884965658187866,0.9867097471847422,2.625,0.6756816466860635,0.7309055328369141,1.127634048461914,0.290870726108551,0.29289743304252625,0.0416666679084301,0.23698486387729645,4.519616140896687e-06,1.1633606386552324e-06,0.2915354073047638,1.7372961044311523,1.0,48
6431,0.1741616576910019,0.23866912722587585,1.0,1.1387184858322144,0.7347660064697266,0.00341796875,0.023232564330101013,6.797184467315674,0.4420446455478668,13.313851356506348,557.4654541015625,0.02282176911830902,0.24036723375320435,5.200095176696777,50.14285659790039,56.968650817871094,0.77152019739151,12.162870407104492,0.0002719848125707358,3.6875,9.538147926330566,0.3866054526114451,2.4375,0.25555275681095524,0.7632092237472534,2.3715767860412598,0.2856038808822632,0.43788468837738037,0.2083333432674408,0.9851855039596558,5.816042175865732e-06,6.097664048292408e-07,3.4229230880737305,0.610138475894928,1.0,48
6499,0.1820743978023529,0.26062309741973877,1.0,1.0163383483886719,0.8150181770324707,0.015625,0.13071122765541077,8.365518569946289,1.2211321592330933,28.454734802246094,206.61094665527344,0.08048483729362488,0.43401479721069336,7.091151237487793,75.90625,61.89056396484375,0.8952481746673584,12.15853214263916,0.00029661678127013147,6.145833492279053,4.948291301727295,1.2420112529983067,4.895833492279053,0.9893988012945159,0.8157276511192322,2.7321534156799316,0.2725146412849426,0.2787318825721741,0.0416666679084301,0.22133076190948486,7.812812327756546e-06,1.578890941452947e-06,0.39512598514556885,3.1258738040924072,1.0,48
6564,0.217529296875,0.3770556151866913,1.0,1.0871108770370483,0.8417004346847534,0.02685546875,0.1806500256061554,6.726749897003174,1.2236179113388062,19.113636016845703,82.13345336914062,0.12363549321889877,0.51075679063797,7.81620979309082,124.30908966064453,54.77688980102539,0.7387465238571167,12.157224655151367,0.00030838188831694424,12.6875,7.294322967529297,1.7393663591651733,10.270833969116211,1.408058568390278,1.2130111455917358,2.2340807914733887,0.2724801003932953,0.29028961062431335,0.1458333432674408,0.24669544398784637,1.4687619113828987e-05,2.013568518843392e-06,0.6416352987289429,2.6184723377227783,1.0,48
6585,0.16513767838478088,0.2275989055633545,1.0,0.8564506769180298,0.8561592698097229,0.01171875,0.06568725407123566,5.605312347412109,0.6852226257324219,15.60440731048584,235.08810424804688,0.0637580007314682,0.4021596312522888,7.358263969421387,136.0416717529297,79.5786361694336,1.208728551864624,12.188042640686035,0.00027329043950885534,2.7916667461395264,4.291752815246582,0.6504723966667703,1.9583333730697632,0.45630152825896897,0.7034893035888672,2.252302646636963,0.32917505502700806,0.4082649350166321,0.2083333432674408,0.39853063225746155,4.838766017201124e-06,1.1274568257371889e-06,0.4585748016834259,0.9175996780395508,1.0,48
6651,0.11931009590625763,0.19258897006511688,1.0,0.8475392460823059,0.9028105139732361,0.00732421875,0.03643515706062317,4.974613666534424,0.447897344827652,8.655454635620117,205.05149841308594,0.0433073565363884,0.34836408495903015,6.772230625152588,82.4000015258789,59.399662017822266,0.7214668393135071,12.160435676574707,0.0002636834396980703,2.4375,3.648315191268921,0.6681166142531251,1.7708333730697632,0.4853838759474098,0.6278337240219116,2.779191017150879,0.22523252665996552,0.23265984654426575,0.0416666679084301,0.31873810291290283,8.54392783367075e-06,2.3418831329867237e-06,0.602631151676178,0.8185960650444031,1.0,48
6687,0.19865281879901886,0.5334357023239136,1.0,0.9080289006233215,0.8811327219009399,0.0146484375,0.08583846688270569,5.859906196594238,0.7895005345344543,17.123085021972656,175.02528381347656,0.07640714943408966,0.43257713317871094,7.178867340087891,84.06666564941406,67.23291015625,1.0002615451812744,12.1697359085083,0.00031099835177883506,2.5208334922790527,4.463277816772461,0.5647942140545502,1.8125,0.406091682020762,0.644690215587616,2.5473458766937256,0.1808469146490097,0.29796379804611206,0.3125,0.7282132506370544,4.205444383842405e-06,9.422322667472163e-07,1.0964049100875854,2.268263578414917,1.0,48
6694,0.16186188161373138,0.2223295271396637,1.0,0.9050469994544983,0.8594781756401062,0.00390625,0.016250131651759148,4.160033702850342,0.26751118898391724,5.9947428703308105,317.2818908691406,0.02555946074426174,0.26882192492485046,6.3680524826049805,96.125,58.966697692871094,0.693425714969635,12.172176361083984,0.00025362492306157947,3.8541667461395264,4.511034965515137,0.8543863585760384,1.8541667461395264,0.41102912218670845,0.6410859823226929,2.258370876312256,0.19814446568489075,0.2734930217266083,0.2083333432674408,0.6937379240989685,5.1071874622721225e-06,1.132154259497602e-06,0.9179749488830566,0.45047545433044434,1.0,48
6723,0.16030119359493256,0.26801589131355286,1.0,0.9551314115524292,0.8562033176422119,0.00830078125,0.03727354109287262,4.490365505218506,0.4241164028644562,7.367280006408691,160.0314483642578,0.04803864285349846,0.36649778485298157,6.883552551269531,86.47058868408203,87.15388488769531,1.0799808502197266,12.184322357177734,0.00025707471650093794,3.0208334922790527,4.715651512145996,0.6405972701953034,1.9166667461395264,0.4064479186255245,0.700328528881073,1.7796761989593506,0.21999800205230713,0.289900004863739,0.2083333432674408,0.5945823788642883,5.068634436611319e-06,1.074853477363121e-06,0.6021757125854492,0.4295550286769867,1.0,48
6742,0.1452353596687317,0.1836796998977661,0.9999999403953552,0.9220275282859802,0.8336713314056396,0.01025390625,0.050677310675382614,4.942244529724121,0.5240415930747986,9.547554969787598,142.2724609375,0.057165034115314484,0.3928610682487488,6.99348783493042,91.04762268066406,60.645050048828125,0.7595710754394531,12.155494689941406,0.00026010448345914483,5.1666669845581055,5.559883117675781,0.9292761854722559,3.5416667461395264,0.6370038119164678,0.8474982976913452,2.0222702026367188,0.2916187047958374,0.35109028220176697,0.1666666716337204,0.8034405708312988,5.836838681716472e-06,1.0498131970907935e-06,1.3454768657684326,1.2546950578689575,1.0,48
6759,0.1963704377412796,0.38169345259666443,0.9999999403953552,1.1227418184280396,0.7879414558410645,0.00439453125,0.028344370424747467,6.449918746948242,0.47031766176223755,12.546344757080078,412.62554931640625,0.02823571488261223,0.2749277353286743,6.280064105987549,74.55555725097656,62.21360397338867,0.7073598504066467,12.162115097045898,0.0002610398514661938,2.2916667461395264,4.690794944763184,0.4885454956440794,1.8125,0.3863950604277702,0.7630980014801025,2.072627544403076,0.31857579946517944,0.31857579946517944,0.0,0.27270665764808655,4.998541044187732e-06,1.0656063827970253e-06,0.3721310794353485,0.5130800604820251,1.0,48
6809,0.15510189533233643,0.7182435989379883,1.0,0.8940025568008423,0.9295052289962769,0.009765625,0.03577016294002533,3.6628646850585938,0.36455869674682617,4.979635715484619,108.31351470947266,0.05492175742983818,0.39142364263534546,7.287698745727539,109.80000305175781,54.614559173583984,0.6174553036689758,12.162235260009766,0.0002552863152232021,2.4791667461395264,3.2360801696777344,0.7661017677214705,1.2083333730697632,0.37339413919901554,0.6275050640106201,2.4248411655426025,0.32543814182281494,0.35977762937545776,0.0625,0.38763341307640076,3.3544652069394942e-06,1.0365828473612014e-06,0.3977064788341522,0.927600622177124,1.0,48
6833,0.20817911624908447,0.3396691083908081,0.9999999403953552,1.1079422235488892,0.7804948091506958,0.0126953125,0.057332418859004974,4.516030311584473,0.5381231904029846,10.040276527404785,137.96824645996094,0.06804874539375305,0.42014867067337036,6.9889092445373535,70.57691955566406,68.63931274414062,0.9849673509597778,12.165739059448242,0.0002833727339748293,6.125,7.293824195861816,0.8397515250062554,4.708333492279053,0.6455233029190797,0.8120430707931519,3.294382095336914,0.39753055572509766,0.4463246762752533,0.0833333358168602,0.8255254030227661,7.870275112509262e-06,1.0790327392568867e-06,1.217132329940796,1.3061227798461914,1.0,48
6913,0.18744085729122162,0.2808302342891693,1.0000001192092896,1.0024807453155518,0.8337576389312744,0.0224609375,0.09690392762422562,4.314331531524658,0.6610023975372314,7.485832214355469,53.56827163696289,0.10746800154447556,0.4980255663394928,7.592710018157959,87.78260803222656,66.74650573730469,0.8111443519592285,12.155400276184082,0.0002762488438747823,5.708333492279053,7.399972438812256,0.7713992898980695,4.1666669845581055,0.5630652023882714,0.8510329127311707,2.292531967163086,0.38802480697631836,0.4671602249145508,0.125,0.49691322445869446,1.342955874861218e-05,1.8148119930862328e-06,0.5563607811927795,1.5429258346557617,1.0,48
7014,0.30984267592430115,0.47672054171562195,0.9999999403953552,1.5186946392059326,0.7817082405090332,0.00537109375,0.18446707725524902,34.344417572021484,2.564448833465576,42.204498291015625,206.3591766357422,0.03342986851930618,0.3114860951900482,6.21617317199707,66.7272720336914,82.86674499511719,1.2070229053497314,12.159191131591797,0.000325905391946435,7.125,9.349207878112793,0.7620966487502326,5.125,0.5481747824343779,1.2958508729934692,1.9058732986450195,0.3953116834163666,0.39734309911727905,0.02083333395421505,0.5256675481796265,1.9603909095167182e-05,2.0968524103622617e-06,0.707796037197113,3.707669496536255,1.0,48
7098,0.11759138107299805,0.14299476146697998,1.0000001192092896,0.894178032875061,0.8898428678512573,0.00634765625,0.02747717872262001,4.328712463378906,0.3653946816921234,8.826139450073242,268.9458312988281,0.03844451159238815,0.3292302191257477,6.682061195373535,81.0,54.67060852050781,0.7342033386230469,12.162540435791016,0.0002984869934152812,2.375,3.6176304817199707,0.6565070715309089,1.7708333730697632,0.48950089765188703,0.6472025513648987,2.1736807823181152,0.2822921872138977,0.3137732446193695,0.0833333358168602,0.41495978832244873,3.652816076282761e-06,1.009726141086914e-06,0.49260056018829346,0.6638667583465576,1.0,48
7208,0.20889978110790253,0.3238982558250427,0.9999998807907104,1.1244714260101318,0.7587481737136841,0.04638671875,0.28514841198921204,6.147199630737305,1.4148675203323364,14.281375885009766,34.21492004394531,0.18773546814918518,0.5857700109481812,6.7076735496521,80.03157806396484,57.0336799621582,0.6650866866111755,12.159425735473633,0.00027408573077991605,9.4375,5.717545509338379,1.6506208771018382,5.8125,1.016607560069344,0.9207162857055664,2.471498727798462,0.4925929009914398,0.513239860534668,0.0833333358168602,0.20933915674686432,8.601460649515502e-06,1.5043974062686332e-06,0.3314085006713867,3.006517171859741,1.0,48
7225,0.130732461810112,0.17806321382522583,1.0,0.9064575433731079,0.8785080909729004,0.00634765625,0.03227284923195839,5.08421516418457,0.5145198106765747,18.83629035949707,890.560302734375,0.03844451159238815,0.310637891292572,6.755852222442627,89.76923370361328,56.063236236572266,0.6528014540672302,12.161495208740234,0.0002679277095012367,2.4166667461395264,4.884205341339111,0.49479220718615863,1.4375,0.2943160445958477,0.6180117130279541,1.3499083518981934,0.37279677391052246,0.4593064785003662,0.2083333432674408,0.8944761157035828,4.074187472724589e-06,8.341556465490464e-07,1.802269458770752,0.5853845477104187,1.0,48
7358,0.21425147354602814,0.35985755920410156,1.0,1.1987289190292358,0.6882734298706055,0.015625,0.12191101908683777,7.802305221557617,1.164393424987793,25.258697509765625,192.23577880859375,0.08048483729362488,0.42964449524879456,6.789449691772461,77.125,58.07843017578125,0.8246302604675293,12.16278076171875,0.00030942901503294706,7.25,5.4097442626953125,1.3401742549260673,5.1041669845581055,0.9435135428342608,0.847064197063446,2.080533504486084,0.37764105200767517,0.4200441539287567,0.0833333358168602,0.46981173753738403,6.625224159506615e-06,1.224683427818615e-06,0.581728994846344,2.0700111389160156,1.0,48
7448,0.19723069667816162,0.254324346780777,1.0,1.1613553762435913,0.7003874778747559,0.00439453125,0.03390098735690117,7.714357852935791,0.5764895677566528,15.711884498596191,439.32818603515625,0.02823571488261223,0.2707468569278717,6.055908679962158,68.0,106.59165954589844,1.2014083862304688,12.17201042175293,0.0002500929986126721,5.770833492279053,10.141085624694824,0.5690548034162927,4.1041669845581055,0.4047068659510054,0.9086804389953613,1.5831644535064697,0.34775257110595703,0.5045208930969238,0.1666666716337204,0.9386632442474365,9.869111636362504e-06,9.73180978040276e-07,1.8939496278762817,0.7078351378440857,1.0,48
7455,0.18888811767101288,0.24549250304698944,0.9999999403953552,1.0785160064697266,0.7664902210235596,0.0087890625,0.0656292736530304,7.467153072357178,0.8865562081336975,22.635622024536133,417.19769287109375,0.05035991966724396,0.34718701243400574,6.780054092407227,80.94444274902344,61.45289993286133,1.1159312725067139,12.159930229187012,0.00036337110213935375,4.4375,5.646834850311279,0.7858384581403156,3.0625,0.5423392175897953,0.8438485860824585,2.2671852111816406,0.35615870356559753,0.43218883872032166,0.1666666716337204,0.5785008668899536,7.098698461049935e-06,1.2571110430274957e-06,0.7548356056213379,1.1271405220031738,1.0,48
7472,0.28368106484413147,0.574630618095398,1.0,0.8992441892623901,0.7913522124290466,0.0068359375,0.027412939816713333,4.0101213455200195,0.33806636929512024,6.098024845123291,172.07420349121094,0.04089350998401642,0.34327641129493713,6.506328582763672,67.21428680419922,134.4019012451172,1.4717646837234497,12.19792366027832,0.00023772919666953385,7.3541669845581055,10.606019973754883,0.6933955428919045,3.8125,0.35946566250483797,0.9305736422538757,2.334944725036621,0.5477124452590942,0.5853781700134277,0.125,0.9097031354904175,8.56392398418393e-06,8.074587825877371e-07,1.4046175479888916,0.8028305172920227,1.0,48
7664,0.18139609694480896,0.26893067359924316,0.9999999403953552,1.112707495689392,0.8074729442596436,0.00537109375,0.031391292810440063,5.844488143920898,0.47818928956985474,12.244272232055664,374.7401123046875,0.03342986851930618,0.2995442748069763,6.376424789428711,87.18181610107422,59.06342315673828,0.6056995391845703,12.164102554321289,0.00023801601491868496,4.4166669845581055,5.996795654296875,0.7365044987031354,3.4375,0.5732227997138281,0.7779169082641602,2.3079333305358887,0.3584630489349365,0.4828569293022156,0.1666666716337204,0.7417252063751221,5.8765808716998436e-06,9.799534952786945e-07,0.9497177004814148,0.5596120953559875,1.0,48
7671,0.21358542144298553,0.889864981174469,0.9999999403953552,0.9206786751747131,0.8771094679832458,0.0615234375,0.3077992796897888,5.002959728240967,1.2997123003005981,15.63546371459961,29.909423828125,0.2311388999223709,0.6257196664810181,8.087902069091797,89.85713958740234,60.861351013183594,0.6589741706848145,12.164438247680664,0.0002458136877976358,1.75,3.131080150604248,0.558912551016349,0.8333333730697632,0.2661488465082744,0.46360886096954346,2.867436408996582,0.3496166169643402,0.40764307975769043,0.1458333432674408,0.6637970209121704,1.937499064297299e-06,6.187957397818243e-07,0.9283668994903564,2.2976293563842773,1.0,48
7779,0.1938026249408722,0.2649901807308197,0.9999999403953552,0.9725106358528137,0.8180277347564697,0.01318359375,0.06992584466934204,5.304004669189453,0.6447106599807739,8.82353401184082,110.9090347290039,0.07016520947217941,0.42389148473739624,7.074261665344238,73.25926208496094,65.87378692626953,0.6782138347625732,12.169635772705078,0.00023629612405784428,4.2916669845581055,5.960716247558594,0.7199918263373096,2.9791667461395264,0.49980012760408454,0.8118935823440552,2.6643950939178467,0.2585933804512024,0.36246973276138306,0.1875,0.8140679001808167,7.415502750518499e-06,1.2440623626590407e-06,1.347213864326477,1.0750561952590942,1.0,48
7811,0.16132090985774994,0.7974190711975098,0.9999999403953552,0.8865156769752502,0.877853274345398,0.01123046875,0.05328204855322838,4.744419097900391,0.5333099961280823,9.557940483093262,144.8501739501953,0.06158214434981346,0.4033498764038086,7.220455169677734,117.47826385498047,75.42498016357422,0.8452087640762329,12.180265426635742,0.00023852664162404835,6.770833492279053,6.463902473449707,1.0474838550883492,4.6666669845581055,0.7219581354308368,0.8472606539726257,2.8477282524108887,0.4410673975944519,0.5265745520591736,0.1041666716337204,0.6691432595252991,6.9572479333146475e-06,1.0763231578954216e-06,0.7189537286758423,1.0381444692611694,1.0,48
7956,0.13598378002643585,0.2129799723625183,1.0,1.0009170770645142,0.854732096195221,0.00244140625,0.011332603171467781,4.641834259033203,0.24456846714019775,7.947915077209473,670.0750732421875,0.01712392456829548,0.20289932191371918,6.220428943634033,137.60000610351562,69.79363250732422,1.068137526512146,12.164907455444336,0.0003506904758978635,2.9166667461395264,6.304676055908203,0.46261960418728887,2.6041667461395264,0.4130532193749418,0.9262111186981201,1.7681025266647339,0.44373661279678345,0.4793843924999237,0.0625,0.3664344251155853,1.212538336403668e-05,1.9232365370210326e-06,0.5601399540901184,0.2325858324766159,1.0,48
8022,0.24359789490699768,0.38950490951538086,1.0,1.174679160118103,0.7239639759063721,0.0048828125,0.032527755945920944,6.661684513092041,0.5230097770690918,12.502159118652344,389.499267578125,0.03085736557841301,0.2853202223777771,5.873104572296143,61.400001525878906,69.03722381591797,0.9034374952316284,12.177714347839355,0.00026763370260596275,4.8541669845581055,6.752931118011475,0.7188237067046032,2.5416667461395264,0.37637978204702455,0.763438880443573,2.0002238750457764,0.4365721642971039,0.5297985076904297,0.1458333432674408,0.9030275344848633,5.700768724636873e-06,8.441917467497658e-07,1.7477200031280518,1.1352695226669312,1.0,48
8048,0.18219974637031555,0.2902032136917114,1.0,0.9146905541419983,0.8158358335494995,0.01171875,0.06290240585803986,5.367671966552734,0.6339852213859558,13.29843521118164,173.25503540039062,0.0637580007314682,0.4052659273147583,7.160180568695068,105.54166412353516,66.49889373779297,0.6103585362434387,12.181453704833984,0.00021303610992617905,4.958333492279053,4.105067729949951,1.207856680177342,3.3541667461395264,0.8170795121106625,0.7394978404045105,1.8968356847763062,0.28288495540618896,0.3068369925022125,0.0833333358168602,0.36365237832069397,4.971319867763668e-06,1.2110201786400431e-06,0.5003193020820618,1.1010499000549316,1.0,48
8049,0.13633094727993011,0.18997588753700256,1.0,0.9125096201896667,0.8503916263580322,0.00390625,0.016350431367754936,4.185710430145264,0.27104616165161133,5.94661808013916,329.57568359375,0.02555946074426174,0.2678578794002533,6.4228925704956055,98.75,59.51707077026367,0.8801671266555786,12.1589937210083,0.0003259939549025148,2.8541667461395264,4.799192905426025,0.5947180695665286,2.0833334922790527,0.43410080173743437,0.6916950941085815,2.241698980331421,0.231054425239563,0.28440365195274353,0.1875,0.62161785364151,6.034452781022992e-06,1.2573890834074363e-06,0.7422603368759155,0.25106728076934814,1.0,48
8051,0.20696966350078583,0.5006651878356934,1.0,1.034244418144226,0.8307696580886841,0.0029296875,0.012848597951233387,4.385654926300049,0.24868887662887573,7.211393356323242,498.6090393066406,0.020013848319649696,0.2290375828742981,6.009191513061523,79.33333587646484,61.8068733215332,0.9374501705169678,12.163307189941406,0.00031358335400000215,1.7083333730697632,4.04228401184082,0.42261586861276595,1.125,0.2783080045641338,0.6766772270202637,1.5838940143585205,0.39970096945762634,0.4104050099849701,0.02083333395421505,0.3927444517612457,3.922362793673528e-06,9.703332998078941e-07,0.4888032376766205,0.25266557931900024,1.0,48
8056,0.10836775600910187,0.14177259802818298,1.0,0.8918190002441406,0.8986482620239258,0.0107421875,0.05476595461368561,5.098212718963623,0.5939875245094299,13.32209587097168,234.15805053710938,0.05938481166958809,0.3907976746559143,7.161169052124023,107.09091186523438,54.02960205078125,0.6506410837173462,12.161964416503906,0.0002625376801006496,2.9166667461395264,3.656008720397949,0.7977734631454376,1.8333333730697632,0.5014576026108691,0.6239666938781738,2.5585618019104004,0.21340171992778778,0.2365325540304184,0.1875,0.3081756830215454,5.361775947676506e-06,1.4665654113722228e-06,0.39379268884658813,1.065496563911438,1.0,48
8058,0.21411578357219696,0.30552172660827637,0.9999999403953552,1.0209705829620361,0.8172780871391296,0.00927734375,0.05765647813677788,6.214761257171631,0.7046388387680054,20.86652183532715,424.7349853515625,0.05265381559729576,0.36723610758781433,6.8909196853637695,84.47368621826172,63.254432678222656,1.0204119682312012,12.160999298095703,0.00032745316275395453,4.9375,4.8447794914245605,1.0191382287982715,3.5833334922790527,0.7396277769143896,0.8421322703361511,2.1378531455993652,0.3205401301383972,0.3234381377696991,0.02083333395421505,0.3422861099243164,6.316548933682498e-06,1.3037846060538312e-06,0.46414172649383545,1.4672198295593262,1.0,48
8144,0.25665774941444397,0.6552641987800598,1.0,1.2884184122085571,0.7616109251976013,0.00537109375,0.06405068933963776,11.925073623657227,0.9274388551712036,18.13823699951172,252.5248260498047,0.03342986851930618,0.305125892162323,6.743355751037598,106.90908813476562,74.6413345336914,1.0676519870758057,12.157493591308594,0.00033374474151059985,3.8541667461395264,9.817180633544922,0.3925940538410843,2.8541667461395264,0.29073181494487654,1.119618535041809,1.5330084562301636,0.47166550159454346,0.4844481945037842,0.0416666679084301,0.5876006484031677,2.474933717167005e-05,2.5210228955034508e-06,0.712690532207489,1.4333786964416504,1.0,48
8199,0.13518187403678894,0.14955319464206696,1.0,0.8545207381248474,0.8565013408660889,0.0087890625,0.03813767060637474,4.339219570159912,0.4246044456958771,7.475715160369873,163.14695739746094,0.05035991966724396,0.3732830584049225,6.7188262939453125,72.27777862548828,62.00692367553711,0.7209041118621826,12.170284271240234,0.00023248509387485683,3.0,5.091272354125977,0.5892436674844861,1.8958333730697632,0.3723692698957037,0.6644476652145386,2.0893115997314453,0.08191238343715668,0.32021066546440125,0.3958333432674408,0.9104900360107422,4.7399598770425655e-06,9.309971138926249e-07,1.9147279262542725,0.6548274159431458,1.0,48
8333,0.21851582825183868,0.6000539660453796,1.0000001192092896,1.0577713251113892,0.7760494947433472,0.00634765625,0.03364997357130051,5.3011651039123535,0.44360554218292236,8.739934921264648,214.9188690185547,0.03844451159238815,0.3292273283004761,6.252424240112305,69.0,71.92333221435547,0.8148564100265503,12.166030883789062,0.00026783335488289595,6.9791669845581055,4.831933975219727,1.444383761431032,4.1666669845581055,0.8623186900531777,0.8037036657333374,2.9396255016326904,0.238140270113945,0.31384724378585815,0.1666666716337204,0.6564369201660156,5.55975111637963e-06,1.1506264641417295e-06,0.9247302412986755,0.40563273429870605,1.0,48
8336,0.28116998076438904,0.4526595175266266,1.0,1.1927359104156494,0.7560849189758301,0.0146484375,0.07351449131965637,5.018589496612549,0.628685474395752,9.785195350646973,91.22925567626953,0.07640714943408966,0.4408346116542816,7.356509208679199,91.4000015258789,57.440101623535156,0.835988461971283,12.159280776977539,0.00029168615583330393,4.75,16.436281204223633,0.2889948120314128,3.5833334922790527,0.2180136397993791,0.7973567843437195,1.8677833080291748,0.1629069596529007,0.37421151995658875,0.375,0.9971962571144104,7.3880601121345535e-06,4.4949706176486395e-07,4.931421756744385,1.4689379930496216,1.0,48
8356,0.24814115464687347,0.32098647952079773,0.9999999403953552,1.1982065439224243,0.8498921990394592,0.00732421875,0.044191017746925354,6.0335469245910645,0.57680743932724,15.187771797180176,326.70660400390625,0.0433073565363884,0.34118393063545227,7.137453079223633,121.33333587646484,90.20248413085938,1.0745136737823486,12.166239738464355,0.00025715649826452136,3.2291667461395264,9.875263214111328,0.3269955111935882,2.75,0.27847358977587877,1.2490291595458984,1.2152961492538452,0.3912264108657837,0.39479196071624756,0.02083333395421505,0.5261290073394775,2.3223523385240696e-05,2.3516865179389254e-06,0.8239278197288513,0.8102219104766846,1.0,48
8361,0.17479224503040314,0.2830812633037567,0.9999999403953552,1.06228506565094,0.8066009283065796,0.005859375,0.031089982017874718,5.306023597717285,0.4440513551235199,10.99748706817627,327.7752990722656,0.03595767915248871,0.3142734169960022,6.563725471496582,82.25,58.42209243774414,0.7086697816848755,12.160937309265137,0.00027602488989941776,3.1041667461395264,4.483942985534668,0.692285060097956,2.4166667461395264,0.5389601849412811,0.7999895811080933,1.7729461193084717,0.3493829667568207,0.35391709208488464,0.0416666679084301,0.23944421112537384,5.52922301721992e-06,1.2331162601144113e-06,0.32471582293510437,0.6190475821495056,1.0,48
8453,0.16050086915493011,0.33212316036224365,1.0,1.0171359777450562,0.8374770283699036,0.00341796875,0.016738325357437134,4.89715576171875,0.3191105127334595,9.692296981811523,592.6973876953125,0.02282176911830902,0.24100595712661743,6.065371036529541,73.71428680419922,96.97927856445312,1.0371636152267456,12.199311256408691,0.0002254943537991494,4.8125,6.994920253753662,0.6879992649719617,3.1666667461395264,0.4527094844166541,0.801306426525116,2.024796485900879,0.3695670962333679,0.4230583906173706,0.2083333432674408,0.8135579228401184,8.471106411889195e-06,1.211036879974865e-06,1.2337952852249146,0.5122457146644592,1.0,48
8507,0.12737777829170227,0.22933103144168854,1.0,0.9427133798599243,0.8655762672424316,0.00244140625,0.01156461052596569,4.7368645668029785,0.24476949870586395,7.1219611167907715,561.6256713867188,0.01712392456829548,0.20505137741565704,5.882794380187988,88.0,69.72016906738281,0.9649627208709717,12.176839828491211,0.0002530211058910936,2.4166667461395264,3.7318339347839355,0.647581532805701,1.3958333730697632,0.3740341595372295,0.5912792682647705,3.0458428859710693,0.23158693313598633,0.3112090528011322,0.2291666716337204,0.4548425078392029,3.5427772218099562e-06,9.493394599622452e-07,0.5554841756820679,0.4140404760837555,1.0,48
8537,0.1062198057770729,0.17052462697029114,1.0,0.9043418765068054,0.8892436027526855,0.00390625,0.02337917871773243,5.985069751739502,0.46005886793136597,16.298372268676758,850.2468872070312,0.02555946074426174,0.24576811492443085,6.609516143798828,114.875,75.40816497802734,0.7959223389625549,12.194154739379883,0.0002088449546135962,2.0208334922790527,3.522083282470703,0.5737608467690326,1.3958333730697632,0.3963090186009205,0.644418478012085,2.6344172954559326,0.2927182912826538,0.3056296110153198,0.0625,0.30579984188079834,3.546104835550068e-06,1.0068202654749013e-06,0.3187415301799774,0.7219502329826355,1.0,48
8547,0.2278936356306076,0.5505078434944153,1.0,1.087597131729126,0.8217990398406982,0.00830078125,0.04124584048986435,4.9689106941223145,0.4743862748146057,10.067692756652832,189.51959228515625,0.04803864285349846,0.3655927777290344,6.811807632446289,82.82353210449219,64.32762908935547,1.0529859066009521,12.159646034240723,0.000330980634316802,5.0,6.0546770095825195,0.8258078810527136,3.6666667461395264,0.6055924592311861,0.8638350963592529,1.3116984367370605,0.32860267162323,0.356109619140625,0.1458333432674408,0.4024600386619568,9.320046956418082e-06,1.5393136456782818e-06,0.5863893032073975,0.9382113814353943,1.0,48
8718,0.12222156673669815,0.16360659897327423,0.9999999403953552,0.9339110851287842,0.8871514797210693,0.00537109375,0.025301510468125343,4.710681438446045,0.383249968290329,11.342937469482422,452.6092834472656,0.03342986851930618,0.3020125925540924,6.589618682861328,85.63636016845703,66.87356567382812,1.0741443634033203,12.160510063171387,0.00032666142215020955,2.2916667461395264,3.846280574798584,0.5958137207141722,1.2291667461395264,0.31957282341737775,0.5674301385879517,1.6235030889511108,0.2084951251745224,0.3223940134048462,0.25,0.7480747699737549,3.8977132135187276e-06,1.0133720428310451e-06,1.1229139566421509,0.4329932630062103,1.0,48
8740,0.2648842930793762,0.3235892951488495,0.9999999403953552,1.2347990274429321,0.8446910977363586,0.0166015625,0.11833257973194122,7.127797603607178,1.0478718280792236,16.905658721923828,129.9640655517578,0.08450048416852951,0.44363701343536377,7.367182731628418,104.70587921142578,78.29133605957031,1.0418049097061157,12.146503448486328,0.00032132360502146184,3.6875,7.831965923309326,0.4708268691922004,3.0,0.3830455884953495,1.1918977499008179,1.332726001739502,0.36608240008354187,0.36608240008354187,0.0,0.15762121975421906,2.3615109967067838e-05,3.015221231572631e-06,0.4243292212486267,2.4290354251861572,1.0,48
8816,0.13970619440078735,0.18211469054222107,1.0,0.8256402015686035,0.8578130006790161,0.00439453125,0.018724821507930756,4.260937213897705,0.29920679330825806,8.365674018859863,396.4288635253906,0.02823571488261223,0.2813185155391693,6.757027626037598,125.66666412353516,69.74543762207031,0.7045249938964844,12.17876148223877,0.0002332302974537015,4.0416669845581055,4.400517463684082,0.9184526612445083,3.1666667461395264,0.7196123558369637,0.7560262680053711,2.2665934562683105,0.36716580390930176,0.4094197452068329,0.0833333358168602,0.287929505109787,4.9074947128247e-06,1.1152085503971833e-06,0.336703896522522,0.3862076699733734,1.0,48
9017,0.2013576477766037,0.2495436817407608,1.0,1.1214247941970825,0.7365595698356628,0.01318359375,0.09425271302461624,7.149242877960205,1.0717343091964722,33.95655822753906,529.5375366210938,0.07016520947217941,0.4010886549949646,6.923980712890625,77.25926208496094,66.40518951416016,0.9455070495605469,12.161033630371094,0.00030395539943128824,6.5416669845581055,7.462238311767578,0.8766360309715467,4.8125,0.6449137366682313,0.8802394270896912,2.359442710876465,0.33182933926582336,0.45881399512290955,0.1875,0.8494955897331238,1.1433075997047126e-05,1.5321242104659796e-06,1.3318932056427002,2.3668766021728516,1.0,48
9020,0.16368989646434784,0.3070920705795288,0.9999999403953552,1.1178795099258423,0.8511660695075989,0.00537109375,0.05009777843952179,9.327295303344727,0.8482961058616638,23.48638153076172,493.78363037109375,0.03342986851930618,0.2818099558353424,6.749242782592773,112.54545593261719,80.94290161132812,0.9239356517791748,12.170570373535156,0.00024431938072666526,5.895833492279053,9.393001556396484,0.6276836483634187,4.4166669845581055,0.4702082665842148,0.9350699186325073,2.0241944789886475,0.30396756529808044,0.3479458689689636,0.125,0.8159821033477783,9.4473798526451e-06,1.0057892342361734e-06,1.4286291599273682,0.4535745084285736,1.0,48
9072,0.25976046919822693,0.42521047592163086,0.9999999403953552,1.307833194732666,0.7063324451446533,0.005859375,0.032627932727336884,5.568500518798828,0.4497862756252289,9.848955154418945,256.3896484375,0.03595767915248871,0.3186687231063843,5.767777442932129,48.83333206176758,61.36891174316406,0.9742487668991089,12.162739753723145,0.00030134530970826745,7.1041669845581055,9.729026794433594,0.7302032492418132,4.7291669845581055,0.486088390917269,0.9565495848655701,2.01470947265625,0.33823689818382263,0.3428858518600464,0.0416666679084301,0.7373701333999634,9.927081009664107e-06,1.0203570417896534e-06,0.8323898315429688,0.727343738079071,1.0,48
9097,0.23383167386054993,0.6327272057533264,1.0000001192092896,1.0973471403121948,0.7759764790534973,0.00537109375,0.03162018209695816,5.887103080749512,0.48617982864379883,14.86470890045166,498.3046875,0.03342986851930618,0.3002831041812897,5.842320919036865,56.09090805053711,59.80583190917969,0.7918835282325745,12.16752815246582,0.00027999901794828475,5.8125,6.415072917938232,0.9060692006611535,2.9166667461395264,0.45465839264853475,0.7398359775543213,2.298887014389038,0.274181067943573,0.44260352849960327,0.25,0.8514817953109741,9.085124474950135e-06,1.4162153068258325e-06,1.314299464225769,0.2931425869464874,1.0,48
9124,0.17656002938747406,0.20431579649448395,1.0,0.935463547706604,0.7935892343521118,0.0068359375,0.030075741931796074,4.399651527404785,0.37191662192344666,6.597138404846191,172.6696014404297,0.04089350998401642,0.34281936287879944,6.582111358642578,75.5,57.78825759887695,0.6837515830993652,12.160260200500488,0.0002679948811419308,3.2083334922790527,4.674447059631348,0.6863557217542907,1.9166667461395264,0.41003068760615685,0.7005860209465027,1.9760675430297852,0.3032706379890442,0.3167199492454529,0.0625,0.6392374038696289,6.267512617341708e-06,1.3408029920929233e-06,0.786684513092041,0.39852938055992126,1.0,48
9128,0.16001936793327332,0.2414293736219406,1.0,0.9073309302330017,0.8327300548553467,0.00439453125,0.022236037999391556,5.059934139251709,0.3554936349391937,8.517142295837402,336.8547058105469,0.02823571488261223,0.2801675498485565,6.529233455657959,93.22222137451172,72.2242431640625,0.8710358142852783,12.175519943237305,0.0002497475943528116,3.5416667461395264,4.995304107666016,0.7089992246146406,2.3333334922790527,0.46710539284828756,0.7504155039787292,2.440788984298706,0.3327521085739136,0.3643173575401306,0.2083333432674408,0.7412189245223999,4.823511972062988e-06,9.656092719169028e-07,1.099932074546814,0.49913325905799866,1.0,48
9142,0.301079660654068,0.40180090069770813,1.0000001192092896,1.4263362884521484,0.6013975143432617,0.00341796875,0.019035376608371735,5.569207191467285,0.33557364344596863,7.246153354644775,348.36248779296875,0.02282176911830902,0.25065261125564575,5.76708984375,62.28571319580078,65.75013732910156,0.8679502010345459,12.163039207458496,0.00026357470778748393,10.75,7.639684200286865,1.4071262246056038,8.020833969116211,1.0498907740605463,1.0720903873443604,2.455334186553955,0.21086883544921875,0.25501498579978943,0.125,0.41034382581710815,1.4169072528602555e-05,1.8546673054265572e-06,0.681871771812439,0.413961797952652,1.0,48
9175,0.19061720371246338,0.26865509152412415,0.9999998807907104,1.0049225091934204,0.8040837049484253,0.00244140625,0.008444946259260178,3.459049940109253,0.17107389867305756,3.8457114696502686,411.1428527832031,0.01712392456829548,0.2108374387025833,6.039835453033447,97.19999694824219,60.81962585449219,0.8147186040878296,12.159379959106445,0.0002937843673862517,3.5416667461395264,4.701172828674316,0.753358123105774,2.2916667461395264,0.48746702679958337,0.7507006525993347,1.951495885848999,0.31061336398124695,0.384341835975647,0.125,0.6985387206077576,7.212294349301374e-06,1.5341478811349484e-06,0.9110599756240845,0.207963228225708,1.0,48
9277,0.17953866720199585,0.23748977482318878,0.9999999403953552,1.1139780282974243,0.7489462494850159,0.00390625,0.015461641363799572,3.9581801891326904,0.2516380548477173,5.227349758148193,289.21551513671875,0.02555946074426174,0.2702503800392151,5.904031753540039,60.5,58.76070022583008,0.6581245064735413,12.16525650024414,0.00025796450790949166,4.333333492279053,6.3527140617370605,0.6821231749682957,2.875,0.452562474484842,0.7783820629119873,2.248289108276367,0.212583988904953,0.2710610628128052,0.1875,0.8545248508453369,7.1857152761367615e-06,1.1311252474128634e-06,1.376112937927246,0.43078187108039856,1.0,48
9428,0.1712242215871811,0.21595080196857452,1.0,0.9354636669158936,0.8270808458328247,0.01025390625,0.05983354151248932,5.835195064544678,0.6268464922904968,10.857644081115723,147.16104125976562,0.057165034115314484,0.3908703625202179,7.271876811981201,118.76190185546875,67.89392852783203,0.8040026426315308,12.160028457641602,0.00027148236404173076,6.4375,7.373709678649902,0.8730340997705703,5.3125,0.7204650337912474,1.0348809957504272,2.230872869491577,0.3886370360851288,0.3908534049987793,0.02083333395421505,0.253276526927948,1.3359606782614719e-05,1.8117890921551608e-06,0.3283402919769287,1.6669716835021973,1.0,48
9521,0.20811915397644043,0.8951346278190613,0.9999999403953552,0.9022740721702576,0.889122724533081,0.0546875,0.29063355922698975,5.314442157745361,1.2833503484725952,11.662729263305664,23.94061851501465,0.2120925486087799,0.6115907430648804,8.034370422363281,92.66963958740234,58.099464416503906,0.6992056369781494,12.16365909576416,0.00026279856683686376,2.875,3.507838010787964,0.8195931462520012,1.5625,0.44543105774565284,0.5606223344802856,2.6264171600341797,0.39794883131980896,0.4529595971107483,0.1041666716337204,0.4383481740951538,4.234589596308069e-06,1.2071793427214337e-06,0.47175082564353943,2.5587050914764404,1.0,48
9526,0.08512745052576065,0.1451273262500763,1.0000001192092896,1.0428649187088013,0.8779480457305908,0.03466796875,0.40972596406936646,11.818573951721191,2.566396713256836,26.774900436401367,58.734256744384766,0.15061156451702118,0.5339105129241943,6.523942947387695,89.77465057373047,72.71830749511719,1.0461171865463257,12.1884183883667,0.00026959722163155675,7.7291669845581055,6.825434684753418,1.1324065543399557,6.4166669845581055,0.9401111096250727,0.8551585674285889,2.248049736022949,0.23571082949638367,0.24519488215446472,0.0625,0.8257846832275391,5.706539923266973e-06,8.360698151069385e-07,1.4105576276779175,5.03568696975708,1.0,48
9659,0.1349492371082306,0.20638170838356018,1.0000001192092896,0.9546756744384766,0.8584179282188416,0.0048828125,0.02293999306857586,4.698110580444336,0.34324124455451965,7.861181735992432,290.02349853515625,0.03085736557841301,0.2960369288921356,6.64919376373291,101.69999694824219,56.50191116333008,0.6660128235816956,12.163005828857422,0.00026284425985068083,1.6666667461395264,3.7464098930358887,0.44487036637100213,1.0833333730697632,0.28916573495919073,0.6023023128509521,2.532170295715332,0.27744072675704956,0.36396217346191406,0.1458333432674408,0.5716625452041626,3.2926905078056734e-06,8.788922176234518e-07,0.722052812576294,0.4761866629123688,1.0,48
9667,0.19586940109729767,0.3464812636375427,1.0,1.0024209022521973,0.8348098993301392,0.00634765625,0.03675127401947975,5.78973913192749,0.5402698516845703,17.05257225036621,544.83642578125,0.03844451159238815,0.3178708851337433,6.693437576293945,85.15384674072266,58.13336181640625,0.7096570730209351,12.160499572753906,0.00025879056192934513,3.1875,5.43112850189209,0.58689460082202,2.0416667461395264,0.37591943215283136,0.7506100535392761,2.3362252712249756,0.3219551742076874,0.3878822922706604,0.125,0.6103766560554504,6.461164048232604e-06,1.189654053312333e-06,0.7395930886268616,0.9883376955986023,1.0,48
9670,0.2524736523628235,0.32718735933303833,1.0000001192092896,1.2417460680007935,0.7923840284347534,0.00244140625,0.019029691815376282,7.794561862945557,0.4069209098815918,10.598922729492188,540.2482299804688,0.01712392456829548,0.20272213220596313,6.174295425415039,126.80000305175781,79.3507308959961,1.251487135887146,12.159711837768555,0.0003119664324913174,3.2916667461395264,7.69374418258667,0.4278367806030283,2.4791667461395264,0.32223150186463634,1.1239192485809326,1.8381268978118896,0.4511915147304535,0.4511915147304535,0.0,0.3496496081352234,1.7303033018833958e-05,2.2489743076597667e-06,0.45785871148109436,0.5083651542663574,1.0,48
9701,0.35930243134498596,0.6480332612991333,1.0,1.9483745098114014,0.656429648399353,0.00439453125,0.06279900670051575,14.290263175964355,1.0928212404251099,36.2907600402832,651.528076171875,0.02823571488261223,0.2703731954097748,5.84744930267334,55.55555725097656,88.30358123779297,1.42589271068573,12.154980659484863,0.0003279558150097728,6.583333492279053,8.857175827026367,0.743276820220528,5.3125,0.5997961537346619,1.2708417177200317,2.161482810974121,0.4458276033401489,0.45001065731048584,0.0416666679084301,0.263682097196579,1.5898009223747067e-05,1.7949298417772553e-06,0.3407476246356964,0.4235623776912689,1.0,48
9886,0.21688048541545868,0.3093346059322357,0.9999999403953552,1.1607550382614136,0.7438318729400635,0.01318359375,0.07703573256731033,5.843303203582764,0.7080886960029602,11.242124557495117,112.54666137695312,0.07016520947217941,0.4243420660495758,6.380443572998047,57.74074172973633,67.78783416748047,0.7871813178062439,12.168866157531738,0.0002472979249432683,8.145833969116211,6.631442546844482,1.2283653065363112,5.708333492279053,0.8607981511333963,0.9990874528884888,1.8262475728988647,0.34189915657043457,0.39455121755599976,0.1041666716337204,0.3169834017753601,1.151893229689449e-05,1.7370175792302542e-06,0.6826404929161072,1.34433114528656,1.0,48
9912,0.13146691024303436,0.7543395161628723,1.0,0.8421839475631714,0.9178533554077148,0.01611328125,0.068588025867939,4.256614685058594,0.5617567300796509,9.763813018798828,96.10580444335938,0.08250018209218979,0.4532134234905243,7.487373352050781,109.03030395507812,55.408302307128906,0.6070006489753723,12.163798332214355,0.00024319509975612164,3.0208334922790527,3.5665624141693115,0.846987416176414,1.75,0.4906685463125162,0.6387271881103516,3.1197566986083984,0.2185792326927185,0.2265869826078415,0.1041666716337204,0.3193761706352234,4.2369401853648014e-06,1.1879618751805887e-06,0.36100342869758606,1.3516969680786133,1.0,48
9913,0.1502484828233719,0.2402438223361969,0.9999999403953552,0.9481064081192017,0.8792702555656433,0.01220703125,0.06257927417755127,5.12649393081665,0.6472916603088379,18.106582641601562,334.1031799316406,0.06591325998306274,0.4078795313835144,7.356393814086914,100.80000305175781,54.7943115234375,0.8283241391181946,12.1603422164917,0.0002955876989290118,2.3333334922790527,4.512907981872559,0.5170354672599637,1.625,0.3600782473133764,0.7242349982261658,2.297424793243408,0.30155760049819946,0.30155760049819946,0.0,0.5304401516914368,9.128347301157191e-06,2.0227195674267514e-06,0.7041147947311401,1.4789930582046509,1.0,48
9917,0.2332688421010971,0.29854103922843933,0.9999999403953552,1.1549574136734009,0.7877984642982483,0.01025390625,0.050328176468610764,4.908195495605469,0.5206073522567749,8.209737777709961,138.6363983154297,0.057165034115314484,0.3927665054798126,7.121862411499023,93.52381134033203,64.4485092163086,0.8170764446258545,12.154029846191406,0.00025878785527311265,4.75,5.342833518981934,0.8890413624594258,3.2708334922790527,0.6121907924955138,0.8240436315536499,1.9322938919067383,0.3736947178840637,0.3736947178840637,0.0,0.2125260978937149,6.3427241911995225e-06,1.1871461382417647e-06,0.2752455472946167,1.3956698179244995,1.0,48
9925,0.126582071185112,0.17542970180511475,0.9999999403953552,0.906754195690155,0.86711585521698,0.00537109375,0.028752075508236885,5.353113651275635,0.4272230863571167,10.453286170959473,343.7060241699219,0.03342986851930618,0.30333930253982544,6.637673377990723,94.90908813476562,55.95850372314453,0.7298935651779175,12.161426544189453,0.00027064222376793623,2.3333334922790527,4.5116801261901855,0.5171761786839344,1.6875,0.3740291751766298,0.6512573957443237,2.496835231781006,0.30741792917251587,0.39141201972961426,0.1875,0.8649330735206604,3.3432322652515722e-06,7.410171298346318e-07,1.6147514581680298,0.4838614761829376,1.0,48
9971,0.132395938038826,0.17213277518749237,1.0,0.8906041383743286,0.8893783688545227,0.00390625,0.015226919203996658,3.8980913162231445,0.24462036788463593,4.565347671508789,262.4793701171875,0.02555946074426174,0.271963506937027,6.490194797515869,104.375,61.387413024902344,0.6778804659843445,12.164716720581055,0.0002421133394818753,2.9791667461395264,3.926105499267578,0.7588096496915834,1.9375,0.4934915771943796,0.628393292427063,2.3522517681121826,0.259513258934021,0.2963547110557556,0.125,0.42737364768981934,6.206653324625222e-06,1.5808676842673758e-06,0.4438266158103943,0.40204763412475586,1.0,48
10030,0.1312892884016037,0.1822769194841385,1.0,0.8650168180465698,0.8870553970336914,0.00390625,0.015928633511066437,4.077730178833008,0.2599894404411316,5.802520751953125,300.9715881347656,0.02555946074426174,0.2699727416038513,6.3253021240234375,86.375,62.03401184082031,0.6667163372039795,12.167258262634277,0.0002390951558481902,2.3958334922790527,5.351909160614014,0.4476595950906588,1.5833333730697632,0.2958445897705903,0.5987099409103394,1.956291675567627,0.19704759120941162,0.21254026889801025,0.0833333358168602,0.9278320074081421,4.493908818403725e-06,8.396833120933081e-07,1.94110107421875,0.5245141386985779,1.0,48
10104,0.21209660172462463,0.42409348487854004,1.0000001192092896,1.0164865255355835,0.7453970909118652,0.01220703125,0.06858012080192566,5.618083477020264,0.6985468864440918,15.074045181274414,203.0789337158203,0.06591325998306274,0.40699702501296997,7.205256462097168,99.16000366210938,71.52861022949219,0.8665840029716492,12.166152000427246,0.00025670434115454555,5.8541669845581055,6.0689239501953125,0.9646136651166255,4.208333492279053,0.6934233349899508,0.7944375276565552,2.3095271587371826,0.27748405933380127,0.2797454297542572,0.02083333395421505,0.7879031896591187,6.02007776251412e-06,9.919514236787998e-07,1.1138964891433716,1.2631778717041016,1.0,48
10157,0.12098636478185654,0.14758777618408203,1.0,1.0750129222869873,0.8450403809547424,0.0185546875,0.10406161099672318,5.608373165130615,0.8034436106681824,11.32352352142334,77.92625427246094,0.09235962480306625,0.46935632824897766,6.235220909118652,104.10526275634766,58.53171157836914,0.6101459264755249,12.165197372436523,0.00024357205256819725,8.645833969116211,5.9240570068359375,1.4594447596545899,6.8541669845581055,1.1570055732209923,0.8705533742904663,1.6870478391647339,0.3821227252483368,0.4471193253993988,0.125,0.3933212161064148,7.780151463521179e-06,1.3133147505856703e-06,0.4778670072555542,1.7162327766418457,1.0,48
10186,0.23007182776927948,0.3036186099052429,1.0,1.1430758237838745,0.7771607041358948,0.05810546875,0.4371785521507263,7.523879528045654,2.040632724761963,26.47209358215332,42.6473388671875,0.22172251343727112,0.6084028482437134,7.818098545074463,83.18487548828125,57.91514205932617,0.7617147564888,12.15791130065918,0.0002553303202148527,6.458333492279053,5.024667739868164,1.2853254809630954,4.6875,0.9328975035459787,0.8388794660568237,2.1962227821350098,0.3354690968990326,0.3371216952800751,0.02083333395421505,0.20023247599601746,9.279910045734141e-06,1.8468703818232807e-06,0.40865558385849,4.520193099975586,1.0,48
10188,0.19606071710586548,0.24545031785964966,0.9999999403953552,1.117956519126892,0.891527533531189,0.00439453125,0.020946741104125977,4.766547203063965,0.3223950266838074,7.189748287200928,270.8417053222656,0.02823571488261223,0.2854018211364746,6.538105010986328,105.66666412353516,84.7557144165039,1.0014379024505615,12.161075592041016,0.00023973852512426674,2.8541667461395264,8.329534530639648,0.34265621112609573,2.5208334922790527,0.30263797814631194,1.1172904968261719,1.966933250427246,0.46824395656585693,0.46824395656585693,0.0,0.3379274904727936,1.698103551461827e-05,2.0386535924388214e-06,0.4333953857421875,0.4652712047100067,1.0,48
10208,0.17544342577457428,0.24305549263954163,0.9999999403953552,0.9648669362068176,0.8691045045852661,0.0205078125,0.12687456607818604,6.1866455078125,0.98005610704422,15.158162117004395,102.70649719238281,0.10000890493392944,0.47625258564949036,7.581450939178467,99.9047622680664,60.169822692871094,0.8551973104476929,12.157299041748047,0.00033615846768952906,6.0416669845581055,8.296991348266602,0.7281756390572309,4.583333492279053,0.5524090955828833,0.8375989198684692,2.3835716247558594,0.30795300006866455,0.5138187408447266,0.2291666716337204,0.9324787855148315,8.067996532190591e-06,9.724002573718659e-07,1.9601141214370728,2.438416004180908,1.0,48
10265,0.13394705951213837,0.17692068219184875,1.0,0.8569081425666809,0.8650161623954773,0.015625,0.07275024801492691,4.656015872955322,0.6102091073989868,9.050786972045898,96.54705810546875,0.08048483729362488,0.44785404205322266,7.402220726013184,115.25,64.19689178466797,0.9254356622695923,12.173318862915039,0.00029199293931014836,4.1875,4.114351272583008,1.017778918811976,2.9583334922790527,0.7190279315240672,0.6851665377616882,1.766110897064209,0.22234874963760376,0.3000607490539551,0.2083333432674408,0.5195509791374207,3.7960994632157963e-06,9.226483599700287e-07,0.5625323057174683,1.3708089590072632,1.0,48
10356,0.3297966420650482,0.7772597074508667,0.9999999403953552,2.083672523498535,0.5836827754974365,0.00244140625,0.11581407487392426,47.43744659423828,2.342125654220581,48.89271545410156,405.30340576171875,0.01712392456829548,0.21105614304542542,4.585190296173096,34.400001525878906,75.42605590820312,0.93803471326828,12.160922050476074,0.00027902942383661866,6.1041669845581055,12.003334045410156,0.5085392905321025,4.583333492279053,0.3818383685000625,1.1719284057617188,1.92379891872406,0.31139788031578064,0.3937028646469116,0.1666666716337204,0.9364314079284668,1.2857437468483113e-05,1.071155514720345e-06,2.2954630851745605,1.9736576080322266,1.0,48
10511,0.15224967896938324,0.2886548936367035,1.0,0.8899111151695251,0.8501068353652954,0.00830078125,0.05002564191818237,6.026618480682373,0.6074914932250977,14.105313301086426,250.8336181640625,0.04803864285349846,0.35815078020095825,6.963069915771484,98.82353210449219,63.683372497558594,0.9576942920684814,12.170616149902344,0.00027291005244478583,2.6875,4.081820487976074,0.658407198781173,1.8125,0.4440420642942795,0.6793521642684937,2.714656352996826,0.266159325838089,0.2668451964855194,0.02083333395421505,0.3771585524082184,4.736909431812819e-06,1.1604894027460453e-06,0.3715842664241791,0.8919753432273865,1.0,48
10526,0.23578594624996185,0.5014926195144653,1.0000001192092896,1.1250749826431274,0.6660394668579102,0.01123046875,0.07186443358659744,6.399059295654297,0.7355262041091919,14.76156997680664,169.18032836914062,0.06158214434981346,0.4002959430217743,6.286924839019775,53.69565200805664,69.12757110595703,0.7300513982772827,12.170370101928711,0.00023417104966938496,6.958333492279053,6.408810615539551,1.08574490632468,5.25,0.8191847609099868,0.8793901205062866,1.8736610412597656,0.3696232736110687,0.4597570300102234,0.1458333432674408,0.5943049788475037,1.0974872566293925e-05,1.7124663541403928e-06,0.6413894891738892,1.5348373651504517,1.0,48
10552,0.1377372294664383,0.17725910246372223,1.0,0.9209414720535278,0.863747239112854,0.01123046875,0.05883892625570297,5.239222526550293,0.5872573256492615,9.275686264038086,131.65692138671875,0.06158214434981346,0.4031519591808319,6.917581558227539,72.56521606445312,54.68901824951172,0.6810099482536316,12.160980224609375,0.0002826074487529695,2.4791667461395264,3.897193431854248,0.6361415678047436,1.6458333730697632,0.42231246604138056,0.6574627161026001,1.9436925649642944,0.21095803380012512,0.21987384557724,0.0416666679084301,0.3290235102176666,5.694191258953651e-06,1.4611004929343226e-06,0.39286428689956665,1.2642043828964233,1.0,48
10577,0.14905205368995667,0.17991282045841217,0.9999999403953552,0.8241831064224243,0.8653258681297302,0.0146484375,0.06364725530147552,4.3449859619140625,0.5496395826339722,8.821293830871582,103.1186294555664,0.07640714943408966,0.43996697664260864,7.3344831466674805,99.83333587646484,71.4730224609375,0.9598256945610046,12.17692756652832,0.0002974496746901423,4.1666669845581055,4.122450828552246,1.0107256939469986,2.7708334922790527,0.6721325737512337,0.6917737722396851,2.6352508068084717,0.24463891983032227,0.2632812261581421,0.0833333358168602,0.5421180129051208,5.055644578533247e-06,1.2263686764324708e-06,0.6615868806838989,1.4425768852233887,1.0,48
10620,0.17113731801509857,0.2821516692638397,1.0,1.0237679481506348,0.7734058499336243,0.01220703125,0.09480349719524384,7.766302585601807,1.0272114276885986,20.837360382080078,222.10960388183594,0.06591325998306274,0.3963506519794464,7.0962324142456055,107.27999877929688,71.74959564208984,0.9585297107696533,12.174074172973633,0.0002594203397165984,7.020833492279053,4.728051662445068,1.4849316332975468,5.0625,1.0707370288493432,0.8421656489372253,2.300419807434082,0.40473389625549316,0.44182130694389343,0.0833333358168602,0.2854118347167969,7.159703727666056e-06,1.5143031894918952e-06,0.3325304090976715,2.1230242252349854,1.0,48
10635,0.1193290501832962,0.14051997661590576,1.0,0.9172989726066589,0.8811343312263489,0.00390625,0.01643744297325611,4.2079854011535645,0.26683807373046875,5.802853107452393,287.9648742675781,0.02555946074426174,0.27065780758857727,6.600193977355957,112.625,60.34324264526367,0.7128896713256836,12.170982360839844,0.0002370685979258269,1.9791667461395264,5.499320030212402,0.3598929925276879,1.3125,0.23866586967164524,0.5910443067550659,2.1280250549316406,0.15296024084091187,0.3462664484977722,0.3541666865348816,0.9478318095207214,5.024351594329346e-06,9.136314230832233e-07,2.264833688735962,0.5126063227653503,1.0,48
10675,0.16026370227336884,0.39875516295433044,1.0000001192092896,0.8659132719039917,0.9029167890548706,0.00341796875,0.01298871822655201,3.8001277446746826,0.22310581803321838,4.371831893920898,300.98876953125,0.02282176911830902,0.2544717490673065,6.432697296142578,105.14286041259766,60.4549674987793,0.9290680289268494,12.163019180297852,0.000264058297034353,4.6666669845581055,3.81018328666687,1.2247880538032077,2.1666667461395264,0.5686515785303337,0.6477832794189453,2.7960357666015625,0.19794635474681854,0.24779510498046875,0.1875,0.3052544593811035,4.820603408006718e-06,1.265189370869312e-06,0.4203321039676666,0.2423066347837448,1.0,48
10688,0.1975981444120407,0.3184492886066437,0.9999999403953552,1.0814013481140137,0.7984620928764343,0.00537109375,0.02970675379037857,5.530857563018799,0.4455486536026001,10.469229698181152,336.97967529296875,0.03342986851930618,0.3015397787094116,5.920061111450195,90.63636016845703,64.11062622070312,0.9290594458580017,12.159412384033203,0.00029302434995770454,3.375,5.846024990081787,0.5773153552974514,2.7708334922790527,0.47396880653782497,0.8584370613098145,2.1345670223236084,0.5666242837905884,0.5748210549354553,0.0416666679084301,0.21956443786621094,9.2612672233372e-06,1.5841990451986833e-06,0.24313613772392273,0.678139865398407,1.0,48
10794,0.26781925559043884,0.6165844798088074,0.9999999403953552,1.2694536447525024,0.8491300344467163,0.0029296875,0.012177938595414162,4.156736373901367,0.22756680846214294,5.2681779861450195,372.8097839355469,0.020013848319649696,0.23336783051490784,6.459229946136475,141.5,82.65422058105469,1.0687650442123413,12.15404987335205,0.0002971030480694026,2.6041667461395264,8.89883804321289,0.292641211197152,2.125,0.2387952210494242,1.1395928859710693,1.748740553855896,0.44732189178466797,0.4476531445980072,0.02083333395421505,0.26258790493011475,5.5532374972244725e-05,6.2404074150102075e-06,0.5272113680839539,0.3484419286251068,1.0,48
10851,0.16771726310253143,0.2870770990848541,1.0,0.9139018058776855,0.8377740383148193,0.00390625,0.02108880504965782,5.398734092712402,0.3684181272983551,10.836494445800781,489.6449890136719,0.02555946074426174,0.261380136013031,6.036454200744629,68.0,61.87398147583008,0.8308082222938538,12.155338287353516,0.0002861912944354117,3.5,4.4839653968811035,0.7805590994589058,2.4166667461395264,0.5389574911597008,0.7286179065704346,2.0525174140930176,0.24150149524211884,0.3017161786556244,0.25,0.46476641297340393,5.850540219398681e-06,1.3047692585719838e-06,0.5820096731185913,0.3827930986881256,1.0,48
11115,0.13319237530231476,0.16465076804161072,1.0,0.917411208152771,0.8530133962631226,0.00732421875,0.03721005097031593,5.0804123878479,0.478232204914093,10.536540031433105,274.4333190917969,0.0433073565363884,0.34282630681991577,6.98912239074707,115.86666870117188,54.732418060302734,0.7817163467407227,12.16227912902832,0.0002721052442211658,4.2916669845581055,5.948550224304199,0.7214643594684379,2.7916667461395264,0.469302037669699,0.6879862546920776,2.5670342445373535,0.217577263712883,0.37824392318725586,0.2291666716337204,0.81070876121521,6.497458798548905e-06,1.0922760240098925e-06,1.1053452491760254,0.7955176830291748,1.0,48
11149,0.18749137222766876,0.5813226103782654,1.0,0.8580465912818909,0.8911782503128052,0.0068359375,0.03163587674498558,4.6278767585754395,0.40054723620414734,8.154159545898438,216.12782287597656,0.04089350998401642,0.34011030197143555,6.867466926574707,93.07142639160156,60.656009674072266,0.7098191976547241,12.160113334655762,0.00025373499374836683,3.4375,5.317073345184326,0.6465022711504105,2.5416667461395264,0.47801987603976076,0.794181227684021,1.5454432964324951,0.23304355144500732,0.2759650647640228,0.1041666716337204,0.405612975358963,7.119309884728864e-06,1.3389527300365898e-06,0.3987869918346405,0.5842750668525696,1.0,48
11229,0.16917850077152252,0.2420336902141571,0.9999999403953552,0.9060379266738892,0.7861340045928955,0.00439453125,0.022245699539780617,5.062132358551025,0.35181376338005066,7.795496940612793,313.6808166503906,0.02823571488261223,0.28162458539009094,6.224816799163818,73.22222137451172,77.3089599609375,0.8990015387535095,12.175329208374023,0.00026676643756218255,4.9791669845581055,5.863870620727539,0.8491263361893666,2.4166667461395264,0.4121282508307464,0.7950055003166199,3.01718807220459,0.3584912419319153,0.41498956084251404,0.1666666716337204,0.846095085144043,5.9095450524182525e-06,1.0077891250621002e-06,1.4429092407226562,0.5463114380836487,1.0,48
11344,0.17120324075222015,0.2618078887462616,1.0,0.9006320238113403,0.8368827104568481,0.0048828125,0.020341206341981888,4.165879249572754,0.29791101813316345,5.921233177185059,244.03790283203125,0.03085736557841301,0.2987113893032074,6.42379093170166,82.80000305175781,93.2657699584961,1.1614160537719727,12.19676399230957,0.00025500362971797585,2.7083334922790527,4.1484527587890625,0.6528538814893192,1.5208333730697632,0.3666025522844981,0.6214614510536194,2.3643884658813477,0.13624727725982666,0.26363295316696167,0.3333333432674408,0.8128944635391235,3.83601218345575e-06,9.24685032529727e-07,1.296926498413086,0.42520642280578613,1.0,48
11380,0.17017368972301483,0.24803076684474945,1.0,1.011188268661499,0.8127615451812744,0.0029296875,0.012388632632791996,4.228653430938721,0.23052704334259033,5.003632068634033,356.7132568359375,0.020013848319649696,0.23384587466716766,6.064597129821777,87.83333587646484,74.09099578857422,0.9837204217910767,12.175165176391602,0.00026839625206775963,3.125,4.776219844818115,0.6542831140504533,2.0208334922790527,0.4231031136978532,0.7140969038009644,2.432436466217041,0.3072205185890198,0.3650512099266052,0.1666666716337204,0.5919454097747803,5.353256710804999e-06,1.120814550738234e-06,0.8173075914382935,0.35083404183387756,1.0,48
11398,0.16791199147701263,0.2101811319589615,1.0,0.8870023488998413,0.8459101915359497,0.00439453125,0.01725567877292633,3.9266254901885986,0.2717859447002411,7.279184341430664,355.24395751953125,0.02823571488261223,0.28304290771484375,6.356322288513184,85.66666412353516,62.547054290771484,0.8990243673324585,12.165130615234375,0.00026076906942762434,3.3958334922790527,3.9160068035125732,0.8671674115993337,2.1458334922790527,0.5479646983438945,0.6551530957221985,2.13987135887146,0.27703356742858887,0.2902846336364746,0.0416666679084301,0.5929842591285706,5.655621407640865e-06,1.4442317587716083e-06,0.936870276927948,0.30185171961784363,1.0,48
11409,0.14550621807575226,0.23322027921676636,1.0000001192092896,0.9597356915473938,0.8386819362640381,0.00341796875,0.013110484927892685,3.8357532024383545,0.2268875539302826,5.132788181304932,322.43304443359375,0.02282176911830902,0.2535490393638611,6.145931720733643,82.14286041259766,60.16704177856445,0.6979596614837646,12.160552024841309,0.00025544135132804513,2.4583334922790527,5.681879043579102,0.4326620593464606,1.6041667461395264,0.2823303225944307,0.7092790603637695,1.7257293462753296,0.42122337222099304,0.4850461483001709,0.125,0.7782865762710571,6.534975909744389e-06,1.150143438133888e-06,1.1005231142044067,0.22747743129730225,1.0,48
11462,0.1690233051776886,0.21580550074577332,1.0,1.0804193019866943,0.8058130741119385,0.00341796875,0.015163643285632133,4.436448574066162,0.2678261995315552,6.8999128341674805,381.39898681640625,0.02282176911830902,0.2509804666042328,5.888284683227539,63.28571319580078,60.28664016723633,0.7107685804367065,12.162507057189941,0.0002596452832221985,4.6041669845581055,9.369625091552734,0.49139287160967654,2.9791667461395264,0.31796007992313574,0.8340336680412292,1.9611270427703857,0.317513644695282,0.4332234263420105,0.1458333432674408,0.9538481831550598,7.835438736947253e-06,8.362595783740337e-07,2.239008665084839,0.2502821683883667,1.0,48
11487,0.1684340387582779,0.8839253783226013,1.0000001192092896,0.8695682287216187,0.9202279448509216,0.02001953125,0.08524549007415771,4.258116245269775,0.6135461926460266,8.365442276000977,60.89826202392578,0.09811511635780334,0.4837273955345154,7.648881912231445,107.36585235595703,73.56520080566406,0.9310355186462402,12.172750473022461,0.0002501932031009346,3.7083334922790527,4.471286773681641,0.8293660576219235,2.0,0.44729852875891973,0.7262598276138306,2.8791511058807373,0.2667744755744934,0.2778947055339813,0.0416666679084301,0.3479692041873932,7.902485776867252e-06,1.7673851307655052e-06,0.41255152225494385,0.9472853541374207,1.0,48
11574,0.21254172921180725,0.32313594222068787,1.0000001192092896,1.1109164953231812,0.8154972791671753,0.0498046875,0.3107757866382599,6.239890098571777,1.5428098440170288,16.298873901367188,40.91804504394531,0.19793975353240967,0.5906399488449097,7.819944858551025,84.60784149169922,66.59684753417969,0.8498559594154358,12.166276931762695,0.0002837155479937792,5.5625,5.507256984710693,1.0100309474103648,4.583333492279053,0.8322352664277335,0.8510577082633972,1.864935278892517,0.30013781785964966,0.30239081382751465,0.02083333395421505,0.3906230032444,9.746026989887469e-06,1.7696699099475103e-06,0.4658903181552887,3.9003772735595703,1.0,48
11639,0.15247459709644318,0.24677971005439758,1.0,0.9047213792800903,0.8468616008758545,0.009765625,0.04201335459947586,4.3021674156188965,0.47829633951187134,13.807479858398438,373.77667236328125,0.05492175742983818,0.3807121813297272,6.939701080322266,86.44999694824219,64.60415649414062,0.7061726450920105,12.173300743103027,0.00024433076032437384,2.9791667461395264,3.9170339107513428,0.7605670020769388,2.3541667461395264,0.601007495408149,0.7005724906921387,2.4174742698669434,0.2754419445991516,0.27696219086647034,0.02083333395421505,0.22470895946025848,6.0811607909272425e-06,1.5524912252383021e-06,0.3263891935348511,0.8844218850135803,1.0,48
11723,0.2636754512786865,0.4567488133907318,1.0000001192092896,1.298084020614624,0.7096181511878967,0.0029296875,0.013884274289011955,4.739165782928467,0.2706737816333771,8.189947128295898,536.1119995117188,0.020013848319649696,0.22826598584651947,5.959500312805176,80.66666412353516,60.49835968017578,0.6062647104263306,12.164691925048828,0.0002340274804737419,7.1041669845581055,7.966559410095215,0.8917484462160954,5.4166669845581055,0.6799255109922179,0.9806979894638062,2.553480386734009,0.2837122082710266,0.2874445915222168,0.0416666679084301,0.723268449306488,2.3064238121150993e-05,2.8951316251997946e-06,1.0419306755065918,0.33096134662628174,1.0,48
11794,0.16446593403816223,0.2235127091407776,1.0,0.9496273398399353,0.8697450160980225,0.01025390625,0.05048374459147453,4.923367023468018,0.522550642490387,8.608407020568848,140.736083984375,0.057165034115314484,0.3927555978298187,6.960048198699951,77.33333587646484,66.53314208984375,0.7314165830612183,12.173840522766113,0.000250867975410074,2.7916667461395264,5.377286434173584,0.5191590173077655,2.0833334922790527,0.3874321209978303,0.638081967830658,3.090893268585205,0.1642988622188568,0.33033451437950134,0.2916666865348816,0.8883877992630005,5.804316060675774e-06,1.079413589165384e-06,1.9149961471557617,1.0285392999649048,1.0,48
11822,0.16484865546226501,0.24569162726402283,1.0,0.9065093398094177,0.8114107847213745,0.00830078125,0.04524803161621094,5.451056957244873,0.5306354761123657,11.097063064575195,202.80599975585938,0.04803864285349846,0.3627394139766693,6.922699928283691,97.17646789550781,62.73554229736328,0.9003864526748657,12.160844802856445,0.00028606795240193605,5.333333492279053,9.15751838684082,0.5823994297536936,3.3958334922790527,0.3708246432189046,0.8937246799468994,2.44000244140625,0.27293503284454346,0.41004276275634766,0.2291666716337204,0.9323253631591797,7.607826319144806e-06,8.307737958538384e-07,1.7993860244750977,0.9920570254325867,1.0,48
12016,0.16502220928668976,0.8092085719108582,0.9999999403953552,0.8678476214408875,0.9172700047492981,0.01953125,0.0797606110572815,4.083743095397949,0.5768998861312866,7.2715606689453125,57.0638542175293,0.09620917588472366,0.48134854435920715,7.4867658615112305,83.7750015258789,55.71257781982422,0.7186130881309509,12.164469718933105,0.00024257671611849219,5.0416669845581055,3.913255214691162,1.2883562903710168,3.0416667461395264,0.7772727745810594,0.682039201259613,3.0122146606445312,0.18526655435562134,0.26119357347488403,0.2916666865348816,0.38827764987945557,5.962720933894161e-06,1.5237240076424468e-06,0.5693851113319397,1.4898637533187866,1.0,48
12031,0.15974675118923187,0.5190038681030273,1.0,0.8178563714027405,0.8945974111557007,0.01025390625,0.041660770773887634,4.062917232513428,0.4201184809207916,7.288667678833008,120.87987518310547,0.057165034115314484,0.3962138295173645,7.122793674468994,88.66666412353516,57.65626525878906,0.6155747771263123,12.155557632446289,0.0002609260263852775,4.0,4.6322340965271,0.8635142153898822,2.75,0.593666023080544,0.7217739820480347,1.6659711599349976,0.2626296281814575,0.2641242444515228,0.02083333395421505,0.40767374634742737,1.1416707820899319e-05,2.4646223740748516e-06,0.7708380818367004,0.9273133277893066,1.0,48
12047,0.1849956065416336,0.2910778522491455,1.0,1.0821822881698608,0.8137086033821106,0.02197265625,0.15276943147182465,6.952706336975098,1.2466012239456177,30.162742614746094,220.71463012695312,0.1056201159954071,0.4758469760417938,7.2468061447143555,82.84444427490234,61.773433685302734,0.782599687576294,12.16731071472168,0.0002621669555082917,3.9791667461395264,5.371678352355957,0.7407678713649395,2.7916667461395264,0.5197010241162565,0.6788791418075562,2.0474205017089844,0.2393520325422287,0.28278252482414246,0.125,0.617759108543396,7.049568921502214e-06,1.3123587165800362e-06,0.5413808226585388,2.4529049396514893,1.0,48
12051,0.15822231769561768,0.1875283569097519,1.0000001192092896,0.9722374081611633,0.9235725402832031,0.01025390625,0.049820899963378906,4.858724117279053,0.5632384419441223,15.809598922729492,352.0228271484375,0.057165034115314484,0.38416263461112976,7.181612968444824,120.52381134033203,78.91334533691406,1.0101356506347656,12.160377502441406,0.00029373596771620214,3.6458334922790527,7.978786468505859,0.4569408521083505,3.0208334922790527,0.3786081380190972,1.1293020248413086,2.2619571685791016,0.4385030269622803,0.4408702254295349,0.02083333395421505,0.4051043391227722,1.371673533867579e-05,1.7191505720359172e-06,0.48733100295066833,1.368710994720459,1.0,48
12097,0.3336784541606903,0.8013830780982971,1.0,1.4500685930252075,0.7355815172195435,0.0703125,0.5960705876350403,8.477448463439941,2.4288008213043213,24.187698364257812,24.527912139892578,0.25444653630256653,0.6374585628509521,7.401461124420166,83.375,75.88719177246094,1.0859380960464478,12.155566215515137,0.00029082660330459476,5.083333492279053,18.77155303955078,0.2707998362661155,3.5416667461395264,0.18867201540494175,1.1716041564941406,2.225884199142456,0.6101865768432617,0.6293625235557556,0.0416666679084301,0.6185784935951233,0.0001541657402412966,8.212732310126354e-06,0.7503766417503357,4.887882709503174,1.0,48
12126,0.12319876998662949,0.14959165453910828,1.0,0.8514261841773987,0.8880249261856079,0.01904296875,0.09800686687231064,5.1466169357299805,0.7330639958381653,9.402116775512695,67.15077209472656,0.09429078549146652,0.47526535391807556,7.3437581062316895,84.07691955566406,57.85560989379883,0.6908100843429565,12.1602783203125,0.00026735078427009284,3.9375,4.439972877502441,0.8868297396777369,2.7916667461395264,0.6287576111100727,0.7409478425979614,2.3285574913024902,0.23995277285575867,0.3004571199417114,0.1875,0.6468735337257385,5.698214408766944e-06,1.283389460509135e-06,0.9757113456726074,1.8328847885131836,1.0,48
12198,0.20459194481372833,0.28963086009025574,0.9999998807907104,0.9298037886619568,0.776638925075531,0.01025390625,0.04488513991236687,4.3773698806762695,0.4540797770023346,6.905263900756836,116.48702239990234,0.057165034115314484,0.39552542567253113,6.7093400955200195,63.619049072265625,56.58032989501953,0.7634354829788208,12.157876014709473,0.0002917007659561932,4.770833492279053,4.782663822174072,0.9975264119933678,3.4375,0.7187417139534567,0.7767819762229919,2.779438018798828,0.3295540511608124,0.420581579208374,0.1666666716337204,0.33114174008369446,6.2412850638793316e-06,1.3049809233701063e-06,0.44678470492362976,0.9989392757415771,1.0,48
12210,0.23382674157619476,0.27375274896621704,1.0,1.2777098417282104,0.72930908203125,0.01953125,0.19005858898162842,9.730999946594238,1.6583836078643799,27.405845642089844,133.56956481933594,0.09620917588472366,0.4530613422393799,7.335715293884277,87.2750015258789,65.65904998779297,0.7762538194656372,12.160354614257812,0.00025506451493129134,5.5416669845581055,6.080020904541016,0.911455250310837,3.8958334922790527,0.640759883401347,0.8397883176803589,2.198946714401245,0.3153274655342102,0.3153274655342102,0.0,0.37058186531066895,1.059254827850964e-05,1.742189447601477e-06,0.36897513270378113,3.859600305557251,1.0,48
12243,0.2064691036939621,0.27760541439056396,0.9999999403953552,0.9750790596008301,0.7709197998046875,0.00634765625,0.03402375429868698,5.360049724578857,0.4525611102581024,9.270557403564453,232.60072326660156,0.03844451159238815,0.32823464274406433,6.4258036613464355,75.69230651855469,57.202579498291016,0.7178014516830444,12.160538673400879,0.0002820263907779008,5.6875,4.705906391143799,1.2085875738237417,4.333333492279053,0.9208286614510246,0.8058071136474609,2.6776981353759766,0.2832913398742676,0.3471733033657074,0.1666666716337204,0.3281256854534149,6.480800038843881e-06,1.3771629706168156e-06,0.2745802104473114,0.9944480061531067,1.0,48
12332,0.13541530072689056,0.16267232596874237,1.0,0.9320658445358276,0.8466262221336365,0.0048828125,0.02754361927509308,5.640933036804199,0.43028923869132996,10.90362548828125,371.2969665527344,0.03085736557841301,0.2902701199054718,6.882838249206543,130.1999969482422,72.79276275634766,0.9325675368309021,12.182676315307617,0.0002631772367749363,2.7916667461395264,6.084266662597656,0.4588337257984838,1.875,0.3081718966140377,0.7069545984268188,2.7927298545837402,0.1819886416196823,0.35976454615592957,0.2916666865348816,0.8326573371887207,6.239590220502578e-06,1.0255287212515631e-06,1.3892478942871094,0.3628596067428589,1.0,48
12398,0.16975811123847961,0.27491334080696106,1.0000001192092896,0.975802481174469,0.8324166536331177,0.02001953125,0.13492907583713531,6.739871978759766,1.1198139190673828,24.824249267578125,173.09075927734375,0.09811511635780334,0.4660659432411194,7.4111175537109375,97.36585235595703,79.89669036865234,0.8175365924835205,12.195857048034668,0.00022577214986085892,4.833333492279053,6.120059967041016,0.7897526348452419,3.3958334922790527,0.5548693158266894,0.7173360586166382,2.861513137817383,0.23837828636169434,0.4051840305328369,0.3125,0.9469554424285889,5.482899723574519e-06,8.958898677697998e-07,2.3812172412872314,2.381563425064087,1.0,48
12495,0.1293884813785553,0.1711607575416565,1.0,0.7939999103546143,0.9164152145385742,0.01025390625,0.04059195518493652,3.958682060241699,0.4065578281879425,6.365992546081543,111.20008850097656,0.057165034115314484,0.39697420597076416,7.15932035446167,99.33333587646484,73.0682601928711,1.1437938213348389,12.183565139770508,0.0002778589550871402,4.0,4.314015865325928,0.9272103106708657,2.75,0.6374570885862202,0.7021629214286804,2.130317449569702,0.18458625674247742,0.18548914790153503,0.02083333395421505,0.2831982672214508,7.567457487311913e-06,1.7541561519497619e-06,0.48930197954177856,0.9050703048706055,1.0,48
12572,0.16673330962657928,0.19776341319084167,1.0,0.9556251764297485,0.8165264129638672,0.0048828125,0.023346491158008575,4.7813615798950195,0.34729424118995667,7.5164899826049805,269.6523742675781,0.03085736557841301,0.29656755924224854,6.400002479553223,79.30000305175781,64.6903305053711,0.7548885345458984,12.167177200317383,0.00027493375819176435,2.6666667461395264,5.560220241546631,0.4795973226775983,1.8541667461395264,0.33347001777920066,0.7151972651481628,1.8621504306793213,0.3760136067867279,0.45202213525772095,0.125,0.6518383026123047,5.864624654350337e-06,1.0547468245918914e-06,1.0064882040023804,0.5925732851028442,1.0,48
12587,0.12284417450428009,0.26185229420661926,0.9999999403953552,1.1332378387451172,0.7883167266845703,0.0068359375,0.07026973366737366,10.279458045959473,1.056860089302063,25.082853317260742,371.0618896484375,0.04089350998401642,0.3116750121116638,6.146039009094238,75.42857360839844,59.9371337890625,0.6974331736564636,12.167940139770508,0.00024673808366060257,3.4583334922790527,3.8208155632019043,0.9051296577973572,2.3958334922790527,0.6270476672788753,0.6994500160217285,2.495626926422119,0.29571205377578735,0.3212069869041443,0.0833333358168602,0.34141311049461365,4.398241344460985e-06,1.1511263132690773e-06,0.4565577805042267,0.698542594909668,1.0,48
12620,0.23116670548915863,0.4526132047176361,1.0,0.9071966409683228,0.7829464077949524,0.00390625,0.01927371695637703,4.9340715408325195,0.3255695402622223,8.439891815185547,379.0435485839844,0.02555946074426174,0.2653864622116089,6.403984069824219,100.0,82.51390075683594,0.9391969442367554,12.176446914672852,0.0002561108267400414,5.7916669845581055,6.872827053070068,0.8426906324587465,4.1041669845581055,0.5971584832406344,0.8440989255905151,2.4227588176727295,0.1790757030248642,0.2926218509674072,0.25,0.9169898629188538,8.879665983840823e-06,1.2919961323563853e-06,1.9020888805389404,0.22420428693294525,1.0,48
12652,0.14264360070228577,0.20499040186405182,1.0,0.9771021604537964,0.875607967376709,0.00244140625,0.010502217337489128,4.301708221435547,0.21477144956588745,5.502250671386719,446.416015625,0.01712392456829548,0.20964236557483673,6.095653533935547,108.0,63.19730758666992,0.8580312132835388,12.160541534423828,0.0002767630503512919,6.1666669845581055,4.858828544616699,1.269167437220797,2.75,0.56598004417897,0.7886046767234802,1.852095365524292,0.32451963424682617,0.4034424424171448,0.1666666716337204,0.7279123067855835,2.932272764155641e-06,6.034937704005819e-07,1.0572214126586914,0.44809460639953613,1.0,48
12679,0.23469696938991547,0.2891218066215515,1.0,1.307478427886963,0.674692690372467,0.00537109375,0.025536883622407913,4.75450325012207,0.36216211318969727,7.616652011871338,246.00184631347656,0.03342986851930618,0.3090716600418091,5.551292419433594,102.7272720336914,61.61521911621094,0.7441473603248596,12.158134460449219,0.0002594257821328938,6.375,5.070573806762695,1.2572541551263945,4.3125,0.8504954578796198,0.8239482641220093,2.2389419078826904,0.25667619705200195,0.266939640045166,0.0625,0.3299718201160431,6.157924872240983e-06,1.2144433933460624e-06,0.5359216332435608,0.5119452476501465,1.0,48
12723,0.18726061284542084,0.2777731120586395,0.9999999403953552,0.9080148935317993,0.7918281555175781,0.00732421875,0.0443769171833992,6.058928489685059,0.6302802562713623,19.841663360595703,547.6608276367188,0.0433073565363884,0.3316800594329834,7.121280670166016,122.13333129882812,60.31060791015625,0.713417112827301,12.16204833984375,0.0002686233492568135,6.2291669845581055,5.948609352111816,1.0471635646867705,4.625,0.7774926404577487,0.9108003377914429,1.9017589092254639,0.37130269408226013,0.41753554344177246,0.0833333358168602,0.35110098123550415,8.621905180916656e-06,1.4493984486242668e-06,0.4941624402999878,0.8231267333030701,1.0,48
12791,0.14280547201633453,0.21178263425827026,0.9999999403953552,0.8134148120880127,0.8772629499435425,0.01123046875,0.047901708632707596,4.265334606170654,0.46190276741981506,6.985166549682617,108.04670715332031,0.06158214434981346,0.4079047739505768,7.334262371063232,105.26087188720703,80.7406234741211,1.184815526008606,12.16486930847168,0.0003009482170455158,4.145833492279053,4.296759605407715,0.9648744317491122,2.0833334922790527,0.48486154189507,0.681233286857605,1.6343181133270264,0.28788918256759644,0.3697357177734375,0.1458333432674408,0.46072855591773987,7.676660970901139e-06,1.7866163476712692e-06,0.47828882932662964,1.0460678339004517,1.0,48
12848,0.13013730943202972,0.186637744307518,1.0,0.9518558979034424,0.8565853834152222,0.00341796875,0.028160367161035538,8.238919258117676,0.5543604493141174,15.570690155029297,547.767578125,0.02282176911830902,0.2330373376607895,6.036105155944824,79.57142639160156,73.34474182128906,1.0430042743682861,12.173699378967285,0.00028342846781015396,2.3333334922790527,5.211241245269775,0.4477500422609509,1.5208333730697632,0.29183706886182775,0.6438605785369873,2.3893237113952637,0.1940956562757492,0.2655661106109619,0.25,0.8783955574035645,3.94860308006173e-06,7.577087466577709e-07,1.801666498184204,0.281599760055542,1.0,48
12899,0.21112938225269318,0.2624478042125702,0.9999999403953552,1.06589937210083,0.780807614326477,0.00927734375,0.043984923511743546,4.741111755371094,0.49802568554878235,10.310796737670898,221.39291381835938,0.05265381559729576,0.37527692317962646,6.984457015991211,87.10526275634766,63.1803092956543,0.7767349481582642,12.156378746032715,0.0002542625879868865,5.833333492279053,5.8857245445251465,0.9910986214593047,4.395833492279053,0.7468636106831377,0.8185437917709351,2.322505474090576,0.31015098094940186,0.3110763132572174,0.0416666679084301,0.41882622241973877,1.149489798990544e-05,1.9530132413464317e-06,0.37264177203178406,1.0468025207519531,1.0,48
13020,0.2394852191209793,0.3725772202014923,1.0,1.1409580707550049,0.7079399824142456,0.0341796875,0.26599231362342834,7.782175064086914,1.5038127899169922,13.289481163024902,37.12790298461914,0.1489836424589157,0.5487174391746521,6.515583038330078,84.35713958740234,66.57426452636719,1.0637420415878296,12.154939651489258,0.0003264910774305463,11.541666984558105,9.970646858215332,1.1575645128252319,8.666666984558105,0.8692181258756555,0.9855226278305054,2.6837940216064453,0.716370701789856,0.7296524047851562,0.02083333395421505,0.35958418250083923,1.260290082427673e-05,1.2640003192222723e-06,0.3754928708076477,3.119492769241333,1.0,48
13170,0.31865835189819336,0.4275244474411011,1.0000001192092896,1.6118789911270142,0.6932459473609924,0.0029296875,0.048098210245370865,16.417522430419922,1.169371485710144,41.41572952270508,916.3822021484375,0.020013848319649696,0.18671590089797974,5.992972373962402,88.16666412353516,80.3908462524414,1.2909014225006104,12.160472869873047,0.0003458943101577461,4.3125,9.425606727600098,0.4575302280326229,3.5,0.3713288807221287,1.1415997743606567,1.76047945022583,0.5048011541366577,0.527477502822876,0.0416666679084301,0.5802251696586609,1.7353180737700313e-05,1.841067765799732e-06,0.7234538197517395,1.440381407737732,1.0,48
13180,0.29985755681991577,0.3909752070903778,1.0,1.063374638557434,0.6920515298843384,0.015625,0.09254537522792816,5.922904014587402,0.8144751787185669,13.510844230651855,127.72561645507812,0.08048483729362488,0.44147664308547974,7.224732398986816,91.5625,90.5528564453125,1.0691807270050049,12.166213035583496,0.00026679440634325147,12.645833969116211,10.752286911010742,1.1761064471229223,9.708333969116211,0.9029087523832188,1.208817958831787,2.0741000175476074,0.38537389039993286,0.47974079847335815,0.2083333432674408,0.4445430040359497,2.6888292268267833e-05,2.5007044981032055e-06,0.45431196689605713,1.9949995279312134,1.0,48
13264,0.1584024876356125,0.8742571473121643,0.9999999403953552,0.8996357917785645,0.907741904258728,0.01025390625,0.047373656183481216,4.620059490203857,0.49850669503211975,10.818825721740723,181.9602813720703,0.057165034115314484,0.3913343548774719,7.287784576416016,125.47618865966797,58.43202590942383,0.9266896843910217,12.160157203674316,0.0003080348251387477,3.3333334922790527,3.689042091369629,0.9035769722013982,1.4791667461395264,0.4009622838379526,0.6446667909622192,2.0529134273529053,0.22968582808971405,0.2436842918395996,0.0625,0.5894553661346436,2.5344209007016616e-06,6.870132763626386e-07,0.5853237509727478,1.345592975616455,1.0,48
13287,0.17043153941631317,0.23572836816310883,1.0,1.0646711587905884,0.8171830773353577,0.00537109375,0.02021712251007557,3.7640607357025146,0.27956435084342957,5.125538349151611,206.36688232421875,0.03342986851930618,0.31246116757392883,6.617469787597656,94.09091186523438,66.31832122802734,1.1856067180633545,12.16152572631836,0.00038240058347582817,3.6458334922790527,9.571096420288086,0.38092119527097007,2.7916667461395264,0.2916767965376667,0.8357309103012085,2.5774152278900146,0.2193460315465927,0.33899828791618347,0.25,0.9832310080528259,8.096942110569216e-06,8.459785322971092e-07,3.2774219512939453,0.17028272151947021,1.0,48
13314,0.17207621037960052,0.23420335352420807,0.9999999403953552,0.9387807846069336,0.7824310064315796,0.00732421875,0.037602394819259644,5.1339802742004395,0.4642181396484375,9.6350736618042,217.06704711914062,0.0433073565363884,0.3480193614959717,6.755763053894043,93.46666717529297,66.26770782470703,0.8618085384368896,12.155982971191406,0.00028534734155982733,6.8541669845581055,6.065303802490234,1.1300616088584665,4.458333492279053,0.7350552635299225,0.8466906547546387,2.375225782394409,0.2441229224205017,0.2609241008758545,0.0833333358168602,0.5759133696556091,8.164503924490418e-06,1.3460997465085453e-06,0.790500819683075,0.8679938912391663,1.0,48
13332,0.16783268749713898,0.3124978840351105,1.0,0.9916996359825134,0.8252489566802979,0.00390625,0.01756242848932743,4.495981693267822,0.2847852408885956,6.127305030822754,283.7738342285156,0.02555946074426174,0.2707550525665283,6.150228500366211,75.0,66.1746826171875,0.896965503692627,12.159242630004883,0.0002864770358428359,5.083333492279053,6.647750377655029,0.7646697297357732,3.3958334922790527,0.5108244585394129,0.7635083198547363,2.348649024963379,0.4150015115737915,0.5200340747833252,0.125,0.8130692839622498,7.603327958349837e-06,1.143744502270923e-06,1.117529034614563,0.2411435842514038,1.0,48
13337,0.15342354774475098,0.2069380283355713,1.0,0.9170162677764893,0.8339874148368835,0.00244140625,0.0096487607806921,3.9521324634552,0.19884158670902252,5.129937171936035,467.68768310546875,0.01712392456829548,0.20857180655002594,5.988636016845703,92.0,62.62677001953125,0.7955471873283386,12.15989875793457,0.0002737877657637,2.6666667461395264,4.593308925628662,0.5805546248925566,1.8958333730697632,0.41273804998493757,0.6765055656433105,3.2537670135498047,0.2929111421108246,0.3932052552700043,0.2291666716337204,0.6998573541641235,3.908116923412308e-06,8.508282325837996e-07,0.9298850297927856,0.28048840165138245,1.0,48
13349,0.15668581426143646,0.21972385048866272,0.9999999403953552,1.1211153268814087,0.8451792597770691,0.013671875,0.10788572579622269,7.891070365905762,1.0356559753417969,19.656139373779297,151.89486694335938,0.07226333767175674,0.42042654752731323,7.017703533172607,76.07142639160156,61.7726936340332,1.0779056549072266,12.155935287475586,0.00034340604906901717,4.1875,6.666741847991943,0.6281179156472239,3.4791667461395264,0.5218691259162491,0.8758732676506042,2.008552074432373,0.2387710064649582,0.25488996505737305,0.0833333358168602,0.806424081325531,4.2353858589194715e-06,6.353007134725314e-07,1.240890383720398,1.9183850288391113,1.0,48
13357,0.2163240909576416,0.299614280462265,1.0,1.1051265001296997,0.7599960565567017,0.00634765625,0.04586201161146164,7.225030899047852,0.7435585260391235,20.527965545654297,526.8690185546875,0.03844451159238815,0.30033886432647705,6.848966598510742,117.0,65.30254364013672,0.9327122569084167,12.160009384155273,0.0003060942981392145,5.020833492279053,8.259323120117188,0.6078989056586062,3.5625,0.4313307451320715,1.0101532936096191,1.8482458591461182,0.36310875415802,0.41899406909942627,0.125,0.746431291103363,1.365984462609049e-05,1.6538697434273497e-06,1.0453259944915771,1.6902765035629272,1.0,48
13371,0.19362691044807434,0.2736387848854065,0.9999999403953552,1.0232763290405273,0.778434157371521,0.00244140625,0.026673808693885803,10.925592422485352,0.7024746537208557,27.25425148010254,1193.3743896484375,0.01712392456829548,0.169745534658432,6.070240497589111,105.4000015258789,69.0738525390625,0.8050767183303833,12.167913436889648,0.00027220038464292884,2.8541667461395264,4.816946983337402,0.5925260855241482,2.1458334922790527,0.44547583671713203,0.7711023092269897,2.3076653480529785,0.3420872688293457,0.3692392110824585,0.0625,0.5558695197105408,5.643469194183126e-06,1.1715863184687178e-06,0.6766645312309265,0.7323980927467346,1.0,48
13403,0.13981656730175018,0.24427387118339539,1.0,0.8696835041046143,0.8762962818145752,0.01123046875,0.0513254776597023,4.570199012756348,0.5049353837966919,8.613218307495117,127.22879028320312,0.06158214434981346,0.40542182326316833,7.266219139099121,96.73912811279297,64.42684936523438,0.693123996257782,12.172414779663086,0.00024329926236532629,4.395833492279053,8.772737503051758,0.5010788805363311,3.1458334922790527,0.3585920002278418,0.836249589920044,2.5401523113250732,-0.062145642936229706,0.3100832998752594,0.6458333730697632,0.9621070027351379,1.1459393135737628e-05,1.306250542511817e-06,2.6032121181488037,1.4051600694656372,1.0,48
13438,0.1898096352815628,0.22234806418418884,1.0000001192092896,1.4475878477096558,0.8233553767204285,0.00537109375,0.02320232056081295,4.319850444793701,0.32022997736930847,6.114374160766602,204.4605712890625,0.03342986851930618,0.3127228915691376,6.0283684730529785,96.90908813476562,80.03972625732422,0.9760555624961853,12.160139083862305,0.00024504592875018716,3.8958334922790527,7.971166610717773,0.48874069225368266,3.375,0.4234010102395895,1.1332461833953857,2.0865418910980225,0.502137303352356,0.502137303352356,0.0,0.2039075344800949,2.1215619199210778e-05,2.6615450672012664e-06,0.33106136322021484,0.553920567035675,1.0,48
13444,0.14172020554542542,0.37176212668418884,1.0000001192092896,0.8223013877868652,0.9220411777496338,0.01220703125,0.04851000756025314,3.973939895629883,0.44371920824050903,5.923830986022949,89.63762664794922,0.06591325998306274,0.42012539505958557,6.988094806671143,120.08000183105469,61.61677169799805,0.7983406782150269,12.16859245300293,0.00027371756732463837,3.3958334922790527,4.592723846435547,0.739394224087879,2.4375,0.5307307985836024,0.7065345644950867,1.9745702743530273,0.26402756571769714,0.42087361216545105,0.25,0.5746427178382874,4.055097633681726e-06,8.829395714701042e-07,0.7060451507568359,0.9101199507713318,1.0,48
13500,0.1916825771331787,0.3017701506614685,1.0000001192092896,1.1198852062225342,0.7558740973472595,0.01025390625,0.06579045951366425,6.416136264801025,0.9246127009391785,33.321533203125,849.460693359375,0.057165034115314484,0.35851848125457764,6.987786293029785,101.14286041259766,62.053192138671875,0.7425912618637085,12.165533065795898,0.00027452013455331326,4.645833492279053,4.127772808074951,1.1255061014830043,2.6458334922790527,0.6409833120401662,0.7285113334655762,2.1924712657928467,0.38125738501548767,0.45429229736328125,0.1666666716337204,0.349721223115921,5.36240895598894e-06,1.2991046727445091e-06,0.37259504199028015,0.9898673892021179,1.0,48
13546,0.186294287443161,0.2890744209289551,1.0,0.9197714924812317,0.8219600319862366,0.00341796875,0.013969628140330315,4.087113857269287,0.2420015037059784,5.561283111572266,325.5301513671875,0.02282176911830902,0.2534216046333313,6.422372817993164,121.0,54.012901306152344,0.9084743857383728,12.16080093383789,0.0002684725041035563,3.3958334922790527,6.822775840759277,0.4977202192420179,1.9375,0.28397532652115254,0.6695855855941772,1.8498566150665283,0.3629196286201477,0.49551957845687866,0.2083333432674408,0.9427818655967712,5.508273716259282e-06,8.073361688477997e-07,2.0193536281585693,0.07592356950044632,1.0,48
13588,0.12732641398906708,0.25660839676856995,0.9999999403953552,1.0222171545028687,0.8667292594909668,0.00390625,0.024590525776147842,6.295174598693848,0.42424505949020386,11.011571884155273,437.66790771484375,0.02555946074426174,0.2629074156284332,6.145760536193848,85.625,57.538211822509766,0.7314918041229248,12.162302017211914,0.0002601539308670908,2.2291667461395264,4.108620643615723,0.5425584238782877,1.4166667461395264,0.34480349138410055,0.6624722480773926,2.4434518814086914,0.23111896216869354,0.2980659604072571,0.2291666716337204,0.514505922794342,4.541777798294788e-06,1.1054264146527796e-06,0.6207791566848755,0.7608363032341003,1.0,48
13609,0.14129941165447235,0.2004362791776657,1.0,0.8445961475372314,0.8632766604423523,0.009765625,0.045572247356176376,4.666598320007324,0.47505971789360046,7.978671550750732,132.55551147460938,0.05492175742983818,0.3886494040489197,7.1002936363220215,103.0999984741211,63.36886978149414,0.8246405124664307,12.16866683959961,0.0002678580640349537,3.3125,4.28127384185791,0.7737183171691997,2.2708334922790527,0.530410707386447,0.7069603800773621,2.2347378730773926,0.21550697088241577,0.27511343359947205,0.1875,0.606090247631073,3.7617835459968774e-06,8.786598746455816e-07,0.7149859070777893,0.8847458958625793,1.0,48
13688,0.26532527804374695,0.4403139650821686,1.0,1.245623230934143,0.7186161279678345,0.00341796875,0.024368925020098686,7.129651069641113,0.5082791447639465,16.83312225341797,751.5291748046875,0.02282176911830902,0.22585992515087128,6.292807579040527,99.71428680419922,98.2470932006836,1.1806659698486328,12.191797256469727,0.0002727244282141328,5.958333492279053,8.99484634399414,0.6624163724189983,4.625,0.5141833243150706,1.0531858205795288,2.4790971279144287,0.3763865828514099,0.3763865828514099,0.0,0.8023331761360168,1.2621635505638551e-05,1.4032074600178069e-06,1.1757173538208008,0.7329819798469543,1.0,48
13807,0.219784215092659,0.32313594222068787,1.0,1.129563331604004,0.7929086089134216,0.00732421875,0.03905337303876877,5.33208703994751,0.5061938762664795,12.566900253295898,294.524658203125,0.0433073565363884,0.34169304370880127,6.87031364440918,89.5999984741211,60.4135856628418,0.9665923118591309,12.158714294433594,0.00035499961813911796,3.9375,4.817210674285889,0.8173817293988049,2.7708334922790527,0.5751945833130622,0.842749297618866,2.7772440910339355,0.3747272491455078,0.40526002645492554,0.0625,0.17764286696910858,7.895607268437743e-06,1.6390413012646136e-06,0.3741995692253113,0.9460721015930176,1.0,48
13829,0.12998217344284058,0.17183244228363037,1.0,0.8546000719070435,0.892488956451416,0.015625,0.0884755402803421,5.6624345779418945,0.8665658235549927,23.368623733520508,344.6346130371094,0.08048483729362488,0.4321378767490387,7.508143424987793,108.75,71.92670440673828,0.9355705380439758,12.177539825439453,0.00027232355205342174,4.583333492279053,5.10001277923584,0.8986905879829757,3.3125,0.6495081751542683,0.8247828483581543,1.8507393598556519,0.23076167702674866,0.23076167702674866,0.0,0.43918663263320923,9.525348104943987e-06,1.86771063104946e-06,0.6248573064804077,2.2868192195892334,1.0,48
13890,0.21210205554962158,0.3449856638908386,1.0000001192092896,1.138400673866272,0.7645964026451111,0.00341796875,0.03381216153502464,9.892472267150879,0.693638026714325,22.26671600341797,666.8792114257812,0.02282176911830902,0.2262880802154541,6.362642288208008,106.0,68.42160034179688,0.9531508684158325,12.160209655761719,0.00028997313347645104,7.7916669845581055,7.5145673751831055,1.0368749902917063,5.9166669845581055,0.7873596284763286,1.047114610671997,1.581277847290039,0.336378276348114,0.3612213134765625,0.0625,0.5471085906028748,1.5240226275636815e-05,2.0280909724339985e-06,0.5329774022102356,1.1698511838912964,1.0,48
13937,0.22420170903205872,0.42484337091445923,1.0,1.337972640991211,0.6783370971679688,0.01220703125,0.07568832486867905,6.200387477874756,0.7962779402732849,18.091636657714844,238.78323364257812,0.06591325998306274,0.4028734266757965,7.036067008972168,76.23999786376953,58.84743881225586,0.8593437075614929,12.15921401977539,0.00027204793877899647,3.2708334922790527,7.895733833312988,0.4142532609618255,2.2916667461395264,0.2902411342145698,0.7657045125961304,2.619854688644409,0.2673940062522888,0.41289234161376953,0.2708333432674408,0.9475623965263367,7.120645932445768e-06,9.018345949536213e-07,2.149651050567627,1.4201769828796387,1.0,48
13942,0.24199926853179932,0.43904027342796326,1.0,1.2294121980667114,0.8307366967201233,0.00439453125,0.03930281102657318,8.943572998046875,0.7383835911750793,23.078649520874023,615.8823852539062,0.02823571488261223,0.2543734610080719,6.439790725708008,106.0,76.0882339477539,1.0691696405410767,12.149572372436523,0.00033249970874749124,3.1875,9.456747055053711,0.3370609341746094,2.5625,0.270970554924686,1.1478993892669678,1.8999236822128296,0.41096290946006775,0.44190821051597595,0.0833333358168602,0.43305346369743347,2.270564073114656e-05,2.400999051254375e-06,0.7075582146644592,1.1073302030563354,1.0,48
14001,0.2204122394323349,0.34289315342903137,0.9999999403953552,1.27702796459198,0.7598180770874023,0.00390625,0.04448576644062996,11.38835620880127,0.8074464797973633,23.223655700683594,488.88555908203125,0.02555946074426174,0.25289374589920044,6.111965179443359,70.5,109.31875610351562,1.0846283435821533,12.177116394042969,0.00022690778132528067,5.625,6.391085624694824,0.8801321593101443,4.375,0.6845472350190012,0.9834029674530029,1.9403846263885498,0.36733192205429077,0.388674259185791,0.0833333358168602,0.546262800693512,9.102790500037372e-06,1.4242948726303576e-06,0.6982033252716064,0.7550265789031982,1.0,48
14033,0.18851767480373383,0.26380157470703125,1.0,1.0366125106811523,0.7913423776626587,0.01708984375,0.09148333966732025,5.353082180023193,0.75162273645401,12.12826919555664,104.85533142089844,0.08648617565631866,0.4563940763473511,6.669119834899902,63.54285430908203,58.354557037353516,0.627159595489502,12.165308952331543,0.0002406786079518497,7.2291669845581055,6.119542121887207,1.1813248162618175,4.3541669845581055,0.7115184258426411,0.8652268648147583,1.901216983795166,0.34133344888687134,0.3823537826538086,0.1666666716337204,0.5820813179016113,5.486546342581278e-06,8.965615767219631e-07,0.8547316193580627,1.8651485443115234,1.0,48
14084,0.14327071607112885,0.17665347456932068,1.0,0.9079716801643372,0.8781005144119263,0.01123046875,0.050039902329444885,4.4557271003723145,0.4927557408809662,9.859910011291504,142.86180114746094,0.06158214434981346,0.4057373106479645,7.202106475830078,102.78260803222656,66.11864471435547,0.708259642124176,12.17419147491455,0.00023735003196634352,5.395833492279053,6.048548698425293,0.8920873010021323,3.6458334922790527,0.6027616983890051,0.802276611328125,2.6640501022338867,0.2705133557319641,0.3898201584815979,0.1875,0.6831183433532715,6.236515673663234e-06,1.0310763745650447e-06,1.0485883951187134,0.8779072761535645,1.0,48
14126,0.1684558093547821,0.27029380202293396,1.0,0.9549564719200134,0.8614953756332397,0.0078125,0.036923717707395554,4.726235866546631,0.43805834650993347,8.41112995147705,193.64707946777344,0.04568839073181152,0.35741984844207764,6.947922706604004,97.875,71.38947296142578,1.111429214477539,12.16012191772461,0.00034624896943569183,4.4166669845581055,5.576449394226074,0.7920213498594579,3.0208334922790527,0.5417127052187966,0.8959475755691528,2.411872148513794,0.39326247572898865,0.39326247572898865,0.0,0.27525559067726135,8.494695066474378e-06,1.523316083534575e-06,0.42481839656829834,0.9090271592140198,1.0,48
14137,0.1938585489988327,0.32385244965553284,0.9999999403953552,0.9900929927825928,0.7819516658782959,0.00732421875,0.042598575353622437,5.816125392913818,0.5478187799453735,13.809810638427734,299.6368103027344,0.0433073565363884,0.3431749939918518,6.929615020751953,107.66666412353516,94.56329345703125,1.3504854440689087,12.157563209533691,0.0003037640417460352,5.6041669845581055,9.455371856689453,0.5926966240535874,4.333333492279053,0.4582932911972561,1.0241469144821167,2.098284959793091,0.19824251532554626,0.266650915145874,0.2291666716337204,0.9415922164916992,1.6775098629295826e-05,1.7741342028432754e-06,2.2281432151794434,1.21480131149292,1.0,48
14206,0.23777392506599426,0.32371699810028076,1.0,1.0469228029251099,0.7510852813720703,0.00341796875,0.020127244293689728,5.8886566162109375,0.35850515961647034,8.587224960327148,373.3802490234375,0.02282176911830902,0.24926979839801788,5.911301612854004,67.14286041259766,64.69745635986328,0.7461334466934204,12.166511535644531,0.00025897283921949565,5.270833492279053,4.908397197723389,1.0738400478236294,3.7291667461395264,0.7597524381832145,0.8433016538619995,2.2442989349365234,0.3285609781742096,0.3402782678604126,0.02083333395421505,0.39539074897766113,5.644169505103491e-06,1.1499007244610035e-06,0.5231460332870483,0.4149630069732666,1.0,48
14253,0.1427021324634552,0.1953931748867035,1.0,0.9546025395393372,0.8536665439605713,0.00390625,0.01883263885974884,4.821155548095703,0.30927515029907227,6.268984317779541,300.0727233886719,0.02555946074426174,0.2688509225845337,6.414588451385498,99.0,60.752498626708984,0.7033472657203674,12.168121337890625,0.00026044645346701145,1.9166667461395264,4.193680286407471,0.4570369247702179,1.25,0.29806754727364804,0.6614671945571899,2.173388957977295,0.29606884717941284,0.3082801103591919,0.0416666679084301,0.596900463104248,4.7860771701380145e-06,1.1412594265323521e-06,0.662452757358551,0.2529291808605194,1.0,48
14330,0.14414462447166443,0.2687820494174957,0.9999999403953552,0.877034068107605,0.8922802209854126,0.00732421875,0.03823003172874451,5.2196736335754395,0.47152331471443176,10.033502578735352,213.99649047851562,0.0433073565363884,0.3480094373226166,6.853233337402344,96.66666412353516,55.787567138671875,0.7260362505912781,12.159153938293457,0.0002740085474215448,3.5416667461395264,5.6553802490234375,0.6262473227133795,2.5,0.44205692376054234,0.7498995661735535,2.2237043380737305,0.20014028251171112,0.21238355338573456,0.1041666716337204,0.7994611263275146,9.521943866275251e-06,1.683696485498481e-06,1.0565227270126343,0.6778647303581238,1.0,48
14337,0.18419744074344635,0.23613077402114868,0.9999999403953552,1.016904354095459,0.8089215755462646,0.0087890625,0.0508248433470726,5.782737731933594,0.5939072370529175,12.072687149047852,216.078857421875,0.05035991966724396,0.36679282784461975,6.610556125640869,76.38888549804688,63.094688415527344,0.6193417310714722,12.171510696411133,0.00021739787189289927,2.5833334922790527,4.654492378234863,0.5550193827384768,1.8541667461395264,0.3983606785621337,0.6719225645065308,1.1664854288101196,0.25830933451652527,0.25840243697166443,0.02083333395421505,0.7129114270210266,4.4304210859991144e-06,9.518591323079327e-07,1.0098694562911987,0.7719801068305969,1.0,48
14390,0.10858900845050812,0.14526744186878204,1.0,0.8805869221687317,0.8927279710769653,0.00341796875,0.023631282150745392,6.913837909698486,0.4776642322540283,13.784560203552246,683.396484375,0.02282176911830902,0.2317361980676651,6.193832874298096,84.42857360839844,91.60904693603516,0.8769018650054932,12.218778610229492,0.00020173007214907557,2.5208334922790527,3.575201988220215,0.705088409979061,1.8958333730697632,0.5302730793990201,0.669863224029541,1.9607175588607788,0.26186856627464294,0.2953144907951355,0.125,0.2618390619754791,4.534072104434017e-06,1.2682002602065957e-06,0.3323879837989807,0.7589619159698486,1.0,48
14395,0.15879492461681366,0.2105812132358551,1.0000001192092896,0.9635173082351685,0.8181113600730896,0.0087890625,0.056789133697748184,6.461341381072998,0.6641479134559631,15.488265991210938,233.45358276367188,0.05035991966724396,0.3668273985385895,6.837010383605957,100.38888549804688,61.44849395751953,0.6965488195419312,12.16555118560791,0.0002649278030730784,4.0416669845581055,5.68558406829834,0.7108622313730257,2.5625,0.45070127619446626,0.7304174304008484,2.4182076454162598,0.2918114960193634,0.4092194736003876,0.1875,0.8662422299385071,5.1904298743465915e-06,9.129105827769335e-07,1.5903801918029785,1.1171907186508179,1.0,48
14411,0.1877979338169098,0.2793164849281311,1.0,0.9264252185821533,0.814846396446228,0.0107421875,0.059017881751060486,5.494028091430664,0.6067972183227539,11.726556777954102,155.5027618408203,0.05938481166958809,0.39675846695899963,7.147707939147949,100.31818389892578,54.82846450805664,0.673302948474884,12.16308307647705,0.0002750756684690714,3.5416667461395264,4.196009635925293,0.8440559114488231,1.9375,0.4617482235488874,0.6774871349334717,1.7801685333251953,0.21638205647468567,0.243514746427536,0.0833333358168602,0.5825439691543579,5.599800715572201e-06,1.3345538232997431e-06,0.6677820086479187,1.0798276662826538,1.0,48
14542,0.21009527146816254,0.298892080783844,0.9999999403953552,1.0689339637756348,0.801169216632843,0.0078125,0.031963322311639786,4.091305255889893,0.36596134305000305,5.505126953125,139.6555633544922,0.04568839073181152,0.3616138696670532,6.5627312660217285,67.9375,59.0499382019043,0.7683362364768982,12.161582946777344,0.00028304976876825094,3.4791667461395264,5.4134368896484375,0.6426909208760654,2.6041667461395264,0.4810560821921925,0.7326869964599609,1.7856903076171875,0.32450637221336365,0.3940977454185486,0.125,0.43073830008506775,9.267039786209352e-06,1.7118588353382632e-06,0.46650221943855286,0.7184188961982727,1.0,48
14684,0.22810278832912445,0.5357666611671448,0.9999999403953552,1.0817151069641113,0.7549490928649902,0.01904296875,0.12138738483190536,6.374393939971924,0.9724361896514893,12.739872932434082,95.50267028808594,0.09429078549146652,0.46564802527427673,6.963473796844482,75.20513153076172,57.52713394165039,0.6951658725738525,12.161224365234375,0.0002500345872249454,6.375,5.668389797210693,1.1246580099149914,4.9166669845581055,0.8673833578459389,0.8997008204460144,2.0907907485961914,0.3159017562866211,0.3176770806312561,0.02083333395421505,0.2500942647457123,9.853425581241027e-06,1.7383112164774902e-06,0.3534834384918213,2.409893751144409,1.0,48
14789,0.13304977118968964,0.1611378788948059,1.0,0.8648689389228821,0.874057412147522,0.00537109375,0.02041977271437645,3.801790475845337,0.28518494963645935,6.097824573516846,231.48731994628906,0.03342986851930618,0.3113751709461212,6.824851036071777,110.54545593261719,59.051273345947266,0.6741228103637695,12.162906646728516,0.0002562661247793585,2.1458334922790527,3.3514513969421387,0.6402699104734774,1.25,0.37297273575584944,0.6235033273696899,2.488945960998535,0.24536043405532837,0.25431469082832336,0.0625,0.2115543782711029,4.203217940812465e-06,1.2541485554903144e-06,0.2904376983642578,0.5413474440574646,1.0,48
14817,0.15626534819602966,0.9643754363059998,1.0,0.8593982458114624,0.9249354600906372,0.0341796875,0.13228058815002441,3.870151996612549,0.7132024765014648,6.159478664398193,28.1960391998291,0.1489836424589157,0.5555304288864136,7.965143203735352,97.34285736083984,54.50815200805664,0.6384339332580566,12.1602144241333,0.0002520460984669626,5.5625,5.874823570251465,0.946836943103899,3.4791667461395264,0.5922163786900653,0.7448900938034058,1.9858636856079102,0.3784956634044647,0.49873262643814087,0.1875,0.7604851722717285,7.468786861863919e-06,1.2713210464686374e-06,0.9646772146224976,1.4981619119644165,1.0,48
14833,0.20147232711315155,0.3712208867073059,1.0,1.1085166931152344,0.7929685711860657,0.00927734375,0.0527043379843235,5.680973052978516,0.5817971229553223,11.678008079528809,172.6953125,0.05265381559729576,0.3776663839817047,7.0194220542907715,91.10526275634766,59.46852111816406,0.6249767541885376,12.162507057189941,0.00024538725847378373,2.9375,6.092652797698975,0.4821380920127323,2.125,0.34878074741346593,0.7298170924186707,2.704094886779785,0.2565372884273529,0.28101223707199097,0.0625,0.8849853277206421,7.176287908805534e-06,1.1778593225823119e-06,1.5379810333251953,0.7007600665092468,1.0,48
14836,0.21186497807502747,0.31016889214515686,0.9999998807907104,1.4203732013702393,0.7390893697738647,0.00390625,0.01562785543501377,4.000730991363525,0.2518865764141083,5.113384246826172,271.35955810546875,0.02555946074426174,0.27157506346702576,5.752476215362549,103.75,77.1357421875,1.8730964660644531,12.1612548828125,0.00034478664747439325,5.4166669845581055,9.466787338256836,0.5721758380424063,4.208333492279053,0.4445366033339655,1.0875422954559326,2.3143701553344727,0.547450065612793,0.5581561326980591,0.02083333395421505,0.5907246470451355,2.6588892069412395e-05,2.8086499771549566e-06,0.6467475295066833,0.24361543357372284,1.0,48
14887,0.30410847067832947,0.38734889030456543,1.0,1.2037018537521362,0.6543020009994507,0.0029296875,0.02392428368330002,8.166155815124512,0.497486412525177,15.114814758300781,631.4547729492188,0.020013848319649696,0.21744132041931152,5.692071914672852,62.5,107.07678985595703,1.0886626243591309,12.216442108154297,0.0002131056389771402,7.4166669845581055,6.685080528259277,1.1094356967147811,5.9791669845581055,0.8944046298827413,0.9929749369621277,2.003732204437256,0.3852735757827759,0.4111810326576233,0.0625,0.5581361651420593,1.0897611900873017e-05,1.6301392090200064e-06,0.6971803307533264,0.40098533034324646,1.0,48
14902,0.10742416232824326,0.15677319467067719,1.0,0.9004265666007996,0.9045298099517822,0.0078125,0.03476915508508682,4.450451850891113,0.42567652463912964,10.822336196899414,278.64300537109375,0.04568839073181152,0.3543092608451843,6.972864627838135,94.5,55.69207763671875,0.652214765548706,12.16404914855957,0.000254797691013664,2.0416667461395264,3.3105475902557373,0.6167157197745199,1.3958333730697632,0.42163217135495534,0.6011934280395508,2.2929415702819824,0.3030269145965576,0.3678710460662842,0.125,0.27861741185188293,3.659632739072549e-06,1.105446343314878e-06,0.36144575476646423,0.6834073662757874,1.0,48
14961,0.212924525141716,0.30786651372909546,1.0000001192092896,1.294512391090393,0.6864591836929321,0.00244140625,0.010193387046456337,4.175211429595947,0.20936788618564606,5.581150531768799,464.3398132324219,0.01712392456829548,0.20910751819610596,5.828794002532959,78.80000305175781,60.97908401489258,0.7457221746444702,12.162775039672852,0.00025909056421369314,5.395833492279053,6.62646484375,0.8142853861551054,3.8125,0.5753444836944179,0.8562018275260925,1.9271148443222046,0.3436776101589203,0.44968104362487793,0.1875,0.7258467674255371,8.125289241434075e-06,1.226187631076904e-06,0.9126723408699036,0.16707153618335724,1.0,48
14981,0.19064877927303314,0.23372617363929749,0.9999999403953552,0.9832297563552856,0.7846251726150513,0.00537109375,0.025173569098114967,4.686861038208008,0.3500886559486389,6.28059720993042,209.90330505371094,0.03342986851930618,0.31153905391693115,6.617307662963867,92.36363983154297,66.31016540527344,0.8868048191070557,12.167925834655762,0.00024728840799070895,3.7916667461395264,5.169244766235352,0.7335049722487537,2.125,0.41108519561102913,0.7591228485107422,2.7583980560302734,0.35621869564056396,0.3845101296901703,0.0625,0.6530131697654724,7.37580285203876e-06,1.426862756808819e-06,0.7508499622344971,0.7175267338752747,1.0,48
15011,0.1525317132472992,0.2628272473812103,1.0,1.028782844543457,0.8429828882217407,0.00439453125,0.029744833707809448,6.76860237121582,0.5848453044891357,22.059659957885742,1020.5713500976562,0.02823571488261223,0.2545264661312103,6.212131500244141,76.33333587646484,64.52814483642578,0.699749767780304,12.166145324707031,0.00023262726608663797,1.875,4.755565166473389,0.3942749032808871,1.1666667461395264,0.24532662319743415,0.6488810777664185,2.489366054534912,0.31180867552757263,0.3675388991832733,0.2083333432674408,0.8628487586975098,4.870095835940447e-06,1.0240835011648375e-06,1.5055278539657593,0.4805643558502197,1.0,48
15039,0.1597113311290741,0.20188792049884796,1.0,0.9464316368103027,0.8156436681747437,0.0068359375,0.04320281744003296,6.319954872131348,0.5611795783042908,10.911685943603516,231.36549377441406,0.04089350998401642,0.3361140191555023,6.616776466369629,78.71428680419922,60.12223815917969,0.7918493747711182,12.163015365600586,0.0002604660112410784,3.625,5.414829254150391,0.6694578578866378,2.875,0.5309493355652645,0.7898015975952148,1.9924843311309814,0.2776620090007782,0.30253419280052185,0.1458333432674408,0.7822937369346619,7.813211595930625e-06,1.4429285236487601e-06,1.2929422855377197,1.2196463346481323,1.0,48
15044,0.15613137185573578,0.3870393633842468,1.0,0.850678026676178,0.9161956310272217,0.00439453125,0.017742041498422623,4.037300109863281,0.2689629793167114,4.85601282119751,235.90371704101562,0.02823571488261223,0.28728973865509033,6.671980857849121,120.55555725097656,52.19636917114258,0.6794915199279785,12.161534309387207,0.00028656929498538375,2.5625,4.571316719055176,0.5605605894058519,1.2083333730697632,0.26432939231482827,0.6178901195526123,2.341223955154419,0.08604198694229126,0.30169492959976196,0.4166666865348816,0.9139503240585327,3.140685066682636e-06,6.870416671679123e-07,1.9217923879623413,0.08539887517690659,1.0,48
15051,0.15902070701122284,0.8857846260070801,0.9999999403953552,0.8791529536247253,0.932956874370575,0.033203125,0.14339138567447662,4.318611145019531,0.7994115948677063,8.332274436950684,36.1759033203125,0.14570602774620056,0.5496370196342468,7.918241024017334,105.42646789550781,60.64984130859375,0.8193826079368591,12.160501480102539,0.0002997784176841378,3.625,3.566793203353882,1.0163190808001414,2.5208334922790527,0.7067506697167607,0.685041606426239,2.636568307876587,0.200159952044487,0.200159952044487,0.0,0.25998613238334656,5.479583705891855e-06,1.5362773724522602e-06,0.39613550901412964,1.8014488220214844,1.0,48
15108,0.15927834808826447,0.19880534708499908,1.0,0.814169704914093,0.8306032419204712,0.02294921875,0.10019131004810333,4.365783214569092,0.6717070937156677,6.8877177238464355,49.9656867980957,0.1093050092458725,0.5016809701919556,7.589895248413086,92.7021255493164,57.619407653808594,0.8664135336875916,12.164630889892578,0.00027161193429492414,7.0416669845581055,4.351165771484375,1.6183403111236736,2.8958334922790527,0.6655304894614141,0.7503112554550171,1.739851951599121,0.42645034193992615,0.4624893367290497,0.0833333358168602,0.2212500274181366,6.672556537523633e-06,1.5335100689377386e-06,0.3127848207950592,1.5262470245361328,1.0,48
15144,0.175521120429039,0.2169254869222641,1.0000001192092896,0.9048502445220947,0.8144622445106506,0.0078125,0.04172762855887413,5.341136455535889,0.4969824254512787,10.200653076171875,193.3934326171875,0.04568839073181152,0.3566284775733948,6.791460037231445,86.75,56.98617935180664,1.0785675048828125,12.161102294921875,0.00032975838985294104,4.020833492279053,5.12632942199707,0.7843494152330845,2.9583334922790527,0.5770861064476247,0.7417687177658081,2.234614610671997,0.26556017994880676,0.26556017994880676,0.0,0.590664803981781,7.1538015617989e-06,1.3955017243228525e-06,0.7306401133537292,0.5745642781257629,1.0,48
15216,0.29016467928886414,0.38745033740997314,1.0,1.1013646125793457,0.6801883578300476,0.009765625,0.05670548230409622,5.806641578674316,0.6672751307487488,14.735604286193848,269.91162109375,0.05492175742983818,0.3730560541152954,6.555908203125,63.75,65.41988372802734,0.7552444934844971,12.164631843566895,0.00025287718744948506,8.770833969116211,7.253284454345703,1.2092223891438678,5.4791669845581055,0.755404949508259,1.0021693706512451,1.7851762771606445,0.35783928632736206,0.35783928632736206,0.0,0.4924633502960205,1.3812408724334091e-05,1.9042971211497999e-06,0.520736813545227,1.04662024974823,1.0,48
15253,0.17084667086601257,0.27682024240493774,1.0,0.8944787383079529,0.8481635451316833,0.0087890625,0.04026161879301071,4.580877304077148,0.45264431834220886,9.642776489257812,186.94126892089844,0.05035991966724396,0.3723334074020386,6.931911468505859,84.38888549804688,64.36821746826172,1.0634201765060425,12.161003112792969,0.0003745104477275163,3.5208334922790527,5.01724910736084,0.7017457993258012,2.6458334922790527,0.5273474428694119,0.797458827495575,2.7463550567626953,0.21494752168655396,0.2528350353240967,0.1666666716337204,0.6389297246932983,7.237705176521558e-06,1.4425644426300118e-06,0.8822492361068726,1.158117413520813,1.0,48
15273,0.18958508968353271,0.23827074468135834,1.0,0.9417542815208435,0.7760370969772339,0.00732421875,0.03215060383081436,4.389628887176514,0.38161298632621765,5.818384170532227,151.4456787109375,0.0433073565363884,0.3526145815849304,6.565483093261719,72.80000305175781,58.799922943115234,0.6593899726867676,12.159975051879883,0.0002564387395977974,5.583333492279053,5.805832862854004,0.9616765784603827,4.0625,0.699727341273428,0.8718576431274414,2.2576518058776855,0.2791665494441986,0.30567458271980286,0.1458333432674408,0.746880829334259,1.0691377610783093e-05,1.8414890412660942e-06,1.18006432056427,0.4826134741306305,1.0,48
15343,0.22811268270015717,0.30905938148498535,1.0,0.9703590869903564,0.8027819395065308,0.0263671875,0.11726032197475433,4.447206497192383,0.7450211644172668,9.486502647399902,52.534427642822266,0.12187793850898743,0.5179621577262878,7.469383239746094,74.20370483398438,55.65552520751953,1.1335952281951904,12.15643310546875,0.0003787844907492399,4.7291669845581055,9.739145278930664,0.48558336940852403,2.9166667461395264,0.29947871806107634,0.7187659740447998,2.901909589767456,0.26505905389785767,0.39711683988571167,0.3541666865348816,0.9851195216178894,8.218841685447842e-06,8.438976359444219e-07,3.4191033840179443,1.725081443786621,1.0,48
15394,0.2229747772216797,0.36759448051452637,1.0000001192092896,1.0069143772125244,0.7818263173103333,0.01708984375,0.08065120130777359,4.719247341156006,0.6276412010192871,7.585607528686523,66.01210021972656,0.08648617565631866,0.46297523379325867,7.198331832885742,76.02857208251953,69.5367202758789,1.0451006889343262,12.171220779418945,0.0003316545335110277,6.1875,4.722256660461426,1.3102845592243932,2.9791667461395264,0.6308777675670948,0.7654867172241211,2.3542633056640625,0.3063153624534607,0.3077373802661896,0.02083333395421505,0.3279372453689575,7.431603989971336e-06,1.5737399528613873e-06,0.39680829644203186,1.7814059257507324,1.0,48
15409,0.20603075623512268,0.3026522099971771,1.0,0.9622378945350647,0.8263853788375854,0.01171875,0.05403594672679901,4.611067295074463,0.5185325741767883,8.854394912719727,120.76506805419922,0.0637580007314682,0.4115017354488373,7.341392517089844,111.5,69.89452362060547,0.7583613395690918,12.180953025817871,0.0002224744821432978,2.8958334922790527,3.800198554992676,0.7620216267000864,1.9583333730697632,0.5153239599398506,0.6819993853569031,2.5137410163879395,0.31504714488983154,0.3613996207714081,0.1041666716337204,0.2704082429409027,4.017346327600535e-06,1.0571411622035277e-06,0.3314153254032135,1.2910822629928589,1.0,48
15521,0.14868228137493134,0.21319006383419037,1.0,0.8839478492736816,0.8834311366081238,0.009765625,0.04296908155083656,4.400033950805664,0.4465773105621338,7.10953950881958,126.57723999023438,0.05492175742983818,0.3889099955558777,7.14309549331665,94.19999694824219,60.389198303222656,0.926841139793396,12.15678596496582,0.0003377175598870963,2.5833334922790527,4.584619998931885,0.5634782135152162,1.6875,0.368078487794488,0.684665322303772,1.6352932453155518,0.2962077558040619,0.2994244694709778,0.02083333395421505,0.6630331873893738,4.7691264626337215e-06,1.0402446556840864e-06,0.8707231283187866,0.9071152210235596,1.0,48
15584,0.16138459742069244,0.24163685739040375,1.0,1.0026954412460327,0.8578406572341919,0.0224609375,0.11679830402135849,5.200063705444336,0.7982604503631592,9.49027156829834,54.34737777709961,0.10746800154447556,0.4977389872074127,7.340705871582031,83.17391204833984,66.71495056152344,0.8489569425582886,12.163105010986328,0.0002767680271063,7.4791669845581055,7.752500534057617,0.9647425294656671,5.3125,0.6852627703550558,0.8987821936607361,2.070525884628296,0.3783283233642578,0.4603019654750824,0.1666666716337204,0.4568184018135071,7.201427706604591e-06,9.289167624921445e-07,0.7109882235527039,2.119797468185425,1.0,48
15614,0.13513949513435364,0.22545823454856873,0.9999999403953552,0.9732416868209839,0.9111727476119995,0.01806640625,0.09961975365877151,5.514088153839111,0.7987439036369324,13.902763366699219,106.28227996826172,0.09041537344455719,0.46347349882125854,7.358263969421387,124.64865112304688,71.72944641113281,0.9080468416213989,12.156732559204102,0.0002790443832054734,3.3958334922790527,7.9742584228515625,0.4258494405309506,3.0,0.3762105310809713,1.0943487882614136,2.0990798473358154,0.3824722170829773,0.3839189410209656,0.02083333395421505,0.338943213224411,1.857394090620801e-05,2.3292373908636974e-06,0.4972578287124634,2.0013186931610107,1.0,48
15632,0.11808579415082932,0.16265884041786194,0.9999999403953552,0.9053386449813843,0.8922753930091858,0.0048828125,0.025227202102541924,5.166531085968018,0.3873422145843506,9.659293174743652,346.0435791015625,0.03085736557841301,0.29280808568000793,6.572038650512695,95.5,54.53752136230469,0.6663142442703247,12.159379005432129,0.0002676927833817899,2.2916667461395264,3.6172263622283936,0.6335425296392895,1.4791667461395264,0.40892291328404895,0.6432279944419861,2.2625813484191895,0.2764545679092407,0.3122361898422241,0.0625,0.7026344537734985,3.409699274925515e-06,9.426281144867825e-07,1.1045540571212769,0.3266250491142273,1.0,48
15672,0.18975602090358734,0.25428763031959534,1.0,1.007021427154541,0.8072711825370789,0.00390625,0.02258564531803131,5.781924724578857,0.41651415824890137,12.52230453491211,598.698486328125,0.02555946074426174,0.2538513243198395,6.038670539855957,70.75,59.583251953125,0.8546973466873169,12.161741256713867,0.0002613876131363213,4.6041669845581055,5.351607322692871,0.8603334845647838,3.4375,0.6423303853031921,0.8277148008346558,1.7655909061431885,0.30421265959739685,0.3228123188018799,0.0625,0.4787713289260864,8.42306690174155e-06,1.5739321624524258e-06,0.5427050590515137,0.07024083286523819,1.0,48
15673,0.18068106472492218,0.2520807385444641,1.0000001192092896,0.8874187469482422,0.8529690504074097,0.00439453125,0.023184312507510185,5.275718688964844,0.39291390776634216,10.774242401123047,493.7477111816406,0.02823571488261223,0.2732015550136566,6.693325042724609,116.88888549804688,57.41996383666992,0.9868277311325073,12.157001495361328,0.00035615506931208074,3.6875,5.215782165527344,0.7069888802684084,2.6666667461395264,0.5112688100073719,0.7926332354545593,2.0093321800231934,0.2829229533672333,0.33222857117652893,0.1041666716337204,0.7870094180107117,4.983869985153433e-06,9.55536450225615e-07,1.1653980016708374,0.591594934463501,1.0,48
15765,0.18134768307209015,0.21785061061382294,1.0,0.8626940250396729,0.8300200700759888,0.00927734375,0.04481670632958412,4.830769062042236,0.4915035665035248,10.010260581970215,177.04608154296875,0.05265381559729576,0.3790755271911621,7.171445846557617,101.42105102539062,62.46145248413086,0.7078357934951782,12.165130615234375,0.0002514184743631631,5.5625,5.6154584884643555,0.9905691586040859,4.2291669845581055,0.7531294168970609,0.8740417957305908,2.2465622425079346,0.268370121717453,0.268370121717453,0.0,0.6028559803962708,8.25835650175577e-06,1.4706468766556037e-06,0.8527889847755432,0.9211379885673523,1.0,48
15799,0.16890813410282135,0.2266995757818222,1.0,0.8701997995376587,0.8539586663246155,0.0146484375,0.08413461595773697,5.743589401245117,0.745945394039154,11.622438430786133,114.09007263183594,0.07640714943408966,0.4361165463924408,7.26979923248291,102.63333129882812,59.9473876953125,0.6715106964111328,12.165339469909668,0.00024697292246855795,4.625,4.988619804382324,0.9271101370896218,3.2083334922790527,0.6431304873202287,0.8522614240646362,1.767343521118164,0.30361229181289673,0.3208523392677307,0.0833333358168602,0.20519019663333893,7.6108717621536925e-06,1.5256467811420197e-06,0.5176289677619934,1.700670838356018,1.0,48
15913,0.15913186967372894,0.20946407318115234,1.0,1.130728006362915,0.8051469326019287,0.00390625,0.01431603915989399,3.6649060249328613,0.2302742451429367,4.36063814163208,265.9552307128906,0.02555946074426174,0.2718196511268616,6.184323310852051,79.5,61.469642639160156,0.7840908765792847,12.159734725952148,0.0002833542530424893,3.2916667461395264,5.293755531311035,0.6218018041166145,2.375,0.4486417972016545,0.7468602657318115,1.9785106182098389,0.3784952759742737,0.4353427290916443,0.1041666716337204,0.5536075830459595,8.300645276904106e-06,1.568006911563656e-06,0.5675067901611328,0.2169722318649292,1.0,48
15958,0.21780219674110413,0.27571648359298706,0.9999999403953552,1.126140832901001,0.9038602709770203,0.0048828125,0.028470834717154503,5.830826759338379,0.43212616443634033,9.867095947265625,312.59521484375,0.03085736557841301,0.29406723380088806,6.737461566925049,114.5,87.14641571044922,0.8961473703384399,12.160173416137695,0.0002328331465832889,2.8125,8.699431419372559,0.32329699047962374,2.3541667461395264,0.2706115641294639,1.1412227153778076,1.4902089834213257,0.48086363077163696,0.4847202003002167,0.02083333395421505,0.3329944908618927,1.3408975064521655e-05,1.5413622342315271e-06,0.4550858438014984,0.6357102990150452,1.0,48
16061,0.1525457799434662,0.202576145529747,1.0000001192092896,0.9215022325515747,0.8494541645050049,0.00244140625,0.011294420808553696,4.626194953918457,0.24068646132946014,7.51494836807251,611.3158569335938,0.01712392456829548,0.2044210582971573,6.008306503295898,94.19999694824219,57.74491882324219,0.8268762230873108,12.158552169799805,0.0002819450164679438,2.125,3.3668212890625,0.6311591294113863,1.1875,0.35270657231812763,0.5947158932685852,2.2484612464904785,0.2503073811531067,0.2580524981021881,0.0625,0.28654417395591736,3.7909219372522784e-06,1.1259647009800819e-06,0.3582085072994232,0.31682950258255005,1.0,48
16095,0.2776026427745819,0.3960362672805786,0.9999999403953552,1.25300133228302,0.7324132323265076,0.04931640625,0.5998321771621704,12.162932395935059,2.9692869186401367,26.445262908935547,31.911296844482422,0.19649749994277954,0.587889552116394,7.723063945770264,86.05940246582031,86.55403900146484,1.445359706878662,12.183238983154297,0.0002632301184348762,9.833333969116211,13.320978164672852,0.7381840762874537,7.7291669845581055,0.5802251819054516,1.2692177295684814,1.098090410232544,0.24398593604564667,0.3777742385864258,0.1458333432674408,0.9649511575698853,2.02587507374119e-05,1.5208155491110872e-06,2.6718578338623047,7.183967113494873,1.0,48
16158,0.23292675614356995,0.2849690616130829,1.0,1.1436514854431152,0.819290041923523,0.0048828125,0.01755416765809059,3.5950934886932373,0.25180578231811523,4.134148597717285,207.26634216308594,0.03085736557841301,0.30139756202697754,6.411441802978516,82.4000015258789,61.57305145263672,1.0362880229949951,12.156497955322266,0.00036499687121249735,2.8541667461395264,5.135382652282715,0.5557846286903241,2.1458334922790527,0.41785269636074485,0.7876326441764832,1.942088007926941,0.2858630418777466,0.3223453760147095,0.125,0.8076631426811218,4.439930762600852e-06,8.645764209959128e-07,1.3225903511047363,0.37941741943359375,1.0,48
16182,0.35021141171455383,0.6560371518135071,0.9999999403953552,1.348788857460022,0.7216701507568359,0.0068359375,0.030679065734148026,4.487909317016602,0.3923921585083008,9.819109916687012,268.138427734375,0.04089350998401642,0.33955642580986023,6.812488555908203,97.07142639160156,61.356746673583984,1.0395257472991943,12.156874656677246,0.00030577153665944934,4.958333492279053,7.062673568725586,0.7020476646711672,3.2708334922790527,0.4631154839339543,0.9495705962181091,1.8780717849731445,0.32520443201065063,0.32520443201065063,0.0,0.38627010583877563,1.5067539607116487e-05,2.133404501731953e-06,0.45875558257102966,0.44012102484703064,1.0,48
16213,0.14046752452850342,0.1732652336359024,1.0,0.9494096040725708,0.8354572057723999,0.009765625,0.05175532400608063,5.299745082855225,0.6655216813087463,22.638107299804688,674.3612060546875,0.05492175742983818,0.36732837557792664,7.053699016571045,93.9000015258789,60.234779357910156,0.739927351474762,12.162933349609375,0.0002678412711247802,3.1875,5.0625200271606445,0.6296271375920786,2.3125,0.4567883155079786,0.731048583984375,3.1778953075408936,0.31186598539352417,0.32197004556655884,0.0416666679084301,0.7610288262367249,5.282162874209462e-06,1.0433860676968313e-06,1.075824499130249,0.8979310393333435,1.0,48
16290,0.1325615495443344,0.1634467989206314,0.9999999403953552,0.8753806948661804,0.873934268951416,0.0029296875,0.012146925553679466,4.146150588989258,0.2262449562549591,5.093961238861084,363.2276611328125,0.020013848319649696,0.23379167914390564,6.128914833068848,88.66666412353516,55.90974044799805,0.9871624708175659,12.157716751098633,0.0003352017665747553,1.875,3.540792465209961,0.5295424719543375,1.2708333730697632,0.35891213110263,0.6437714099884033,1.8628405332565308,0.2799244821071625,0.2816391885280609,0.02083333395421505,0.26533815264701843,3.5389857657719404e-06,9.994897443296466e-07,0.2761191427707672,0.2326750010251999,1.0,48
