feature,crowding,crowd_max,dec_norm,enc_norm,enc_dec_cos,frequency,act_mag,act_mean_firing,act_std,act_max,act_kurtosis,bin_entropy,act_entropy,coact_entropy,coact_count,logit_l2,logit_linf,logit_entropy,logit_top10_mass,collateral_raw,effect_l2,collateral_ctilde,stab_signed,stab_abs,kl_mean,kl_per_effect,effect_cv,ctx_mean_act,intervention_value,n_ctx
141,0.23966960608959198,0.3309493660926819,1.0,1.0379945039749146,0.6961092948913574,0.0029296875,0.0007775839185342193,0.2654153108596802,0.016578318551182747,0.464006245136261,559.9434814453125,0.020013848319649696,0.20615358650684357,5.921329498291016,74.0,98.02195739746094,2.8748481273651123,10.483692169189453,0.0016705506714060903,20.83333396911621,36.56724548339844,0.5697266416437436,0.8610898852348328,0.8610898852348328,0.006021380424499512,0.00016466595564564916,0.372889906167984,0.03317691385746002,1.0,48
143,0.2891598343849182,0.38465210795402527,1.0,0.625582218170166,0.8695226907730103,0.02587890625,0.0036265868693590164,0.14013679325580597,0.031771451234817505,0.58283931016922,153.87252807617188,0.12011110782623291,0.4596848785877228,7.287170886993408,76.75471496582031,86.12339782714844,2.0959296226501465,10.523996353149414,0.0012428059708327055,25.5625,30.052581787109375,0.8505924772978654,0.9050811529159546,0.9050811529159546,0.0034184521064162254,0.00011374903259543016,0.28377586603164673,0.10581877082586288,1.0,48
260,0.3338434398174286,0.47469258308410645,1.0,0.9050043225288391,0.6972149014472961,0.009765625,0.0016991740558296442,0.17399542033672333,0.023677106946706772,0.6766662001609802,414.30615234375,0.05492175742983818,0.33596229553222656,6.493315696716309,65.19999694824219,89.3790512084961,2.61409330368042,10.501550674438477,0.0014961531851440668,23.104167938232422,37.266021728515625,0.6199794574357135,0.8001072406768799,0.8001072406768799,0.00906785111874342,0.00024332758624920526,0.32069265842437744,0.0717238187789917,1.0,48
337,0.2746236324310303,0.3821609914302826,1.0,1.457287073135376,0.6377817988395691,0.00244140625,0.001441464526578784,0.5904238820075989,0.039907436817884445,1.684325933456421,1552.9744873046875,0.01712392456829548,0.1657911092042923,5.724852085113525,74.4000015258789,110.65486145019531,4.540578842163086,10.393011093139648,0.0029072484467178583,18.375,32.361778259277344,0.5677994530184488,0.8025020956993103,0.8025020956993103,0.0067789554595947266,0.00020947413344186739,0.4250609576702118,0.06150248646736145,1.0,48
448,0.38262486457824707,0.4868980646133423,1.0,0.7523176670074463,0.7304484844207764,0.01416015625,0.002310192910954356,0.16314741969108582,0.024752873927354813,0.4999769330024719,209.43858337402344,0.07434378564357758,0.39964213967323303,7.014002323150635,73.93103790283203,74.33358764648438,2.347076416015625,10.511200904846191,0.0015307969879359007,9.979166984558105,27.052017211914062,0.36888809077329243,0.8535856604576111,0.8535856604576111,0.004222840070724487,0.00015610074605836366,0.2842746376991272,0.08362027257680893,1.0,48
639,0.38943910598754883,0.5415309071540833,0.9999999403953552,1.3049360513687134,0.6037219762802124,0.00927734375,0.004903771448880434,0.5285749435424805,0.09962974488735199,4.167602062225342,1493.3475341796875,0.05265381559729576,0.28912168741226196,6.429078102111816,62.578948974609375,79.96690368652344,2.113090753555298,10.521594047546387,0.0012707785936072469,20.875,32.76299285888672,0.6371518036688243,0.7750208377838135,0.7750208377838135,0.00719256978482008,0.00021953335623530544,0.30912432074546814,0.20723581314086914,1.0,48
730,0.3792695105075836,0.5591630935668945,1.0,2.0938799381256104,0.4772246479988098,0.00537109375,0.006944763008505106,1.292988657951355,0.1311679631471634,4.402803897857666,702.31396484375,0.03342986851930618,0.25643664598464966,5.939998149871826,57.0,84.43535614013672,2.453327178955078,10.519857406616211,0.001433313824236393,20.0,31.997737884521484,0.6250441848710909,0.7694779634475708,0.7694779634475708,0.007586514111608267,0.0002370953264451609,0.30995896458625793,0.29630985856056213,1.0,48
1076,0.4244166314601898,0.5513150095939636,0.9999999403953552,0.6856319308280945,0.7151241302490234,0.00537109375,0.0010058118496090174,0.1872638761997223,0.01781359873712063,0.4882739186286926,486.73443603515625,0.03342986851930618,0.26878786087036133,6.461626052856445,75.2727279663086,68.50785064697266,2.2534449100494385,10.524996757507324,0.0013198533561080694,18.5,29.044347763061523,0.636956978498882,0.6851364970207214,0.6851364970207214,0.005128668621182442,0.00017658060911731867,1.1078146696090698,0.042914632707834244,1.0,48
1208,0.2694833278656006,0.4001806378364563,1.0,0.9938986301422119,0.8081364035606384,0.00390625,0.0006272761966101825,0.16058270633220673,0.012552449479699135,0.3610720634460449,558.970947265625,0.02555946074426174,0.23173438012599945,6.142901420593262,74.75,92.69200134277344,3.3572778701782227,10.5067777633667,0.0015716180205345154,21.0,35.69056701660156,0.5883907639894845,0.9142882227897644,0.9142882227897644,0.006021276116371155,0.00016870777401444096,0.25159376859664917,0.026763783767819405,1.0,48
1227,0.48671841621398926,0.589576005935669,1.0,1.2737805843353271,0.4720415472984314,0.01220703125,0.0028475758153945208,0.23327341675758362,0.03435764089226723,0.9116516709327698,343.84698486328125,0.06591325998306274,0.3752962350845337,6.609313488006592,70.76000213623047,85.83206939697266,1.635680079460144,10.524239540100098,0.001030190265737474,24.875,36.553672790527344,0.6805061733671025,0.7837752103805542,0.7837752103805542,0.007209697272628546,0.00019723591968368593,0.37124189734458923,0.11170590668916702,1.0,48
1361,0.4474882185459137,0.5524517893791199,1.0,1.5088386535644531,0.5585111975669861,0.0048828125,0.0010612505720928311,0.21734412014484406,0.02031460404396057,0.5830392241477966,568.2120361328125,0.03085736557841301,0.24893490970134735,6.245138645172119,79.5,88.82198333740234,3.219433069229126,10.450652122497559,0.0022054817527532578,22.0,27.638042449951172,0.7960042767818682,0.7493907809257507,0.7493907809257507,0.006465955637395382,0.00023395128822038886,0.46533045172691345,0.04528002068400383,1.0,48
1379,0.4066002070903778,0.5592939853668213,0.9999999403953552,0.7661018967628479,0.6747370362281799,0.00732421875,0.00155466771684587,0.21226397156715393,0.025418410077691078,0.6694836020469666,436.2556457519531,0.0433073565363884,0.2948596477508545,6.489485263824463,72.26667022705078,99.97344970703125,2.598482131958008,10.512578964233398,0.001364471041597426,26.52083396911621,45.169281005859375,0.5871431506692455,0.8260604739189148,0.8260604739189148,0.009504590183496475,0.00021042155132288516,0.30318310856819153,0.06633248925209045,1.0,48
1476,0.36983561515808105,0.5920625925064087,1.0,1.9674612283706665,0.5138465762138367,0.0029296875,0.00251177279278636,0.8573517799377441,0.0860586017370224,3.81705379486084,1884.8670654296875,0.020013848319649696,0.11486729234457016,5.785006999969482,71.16666412353516,81.54904174804688,2.7432234287261963,10.494529724121094,0.001538979122415185,23.625,40.358551025390625,0.585377804552079,0.8671692609786987,0.8671692609786987,0.008804529905319214,0.00021815773062810098,0.2889568507671356,0.10716897249221802,1.0,48
1510,0.438392698764801,0.5360242128372192,1.0,0.5540705323219299,0.7422394752502441,0.0361328125,0.005071721971035004,0.14036333560943604,0.03489747643470764,0.5965144038200378,92.0797348022461,0.15545296669006348,0.5174344182014465,7.306612014770508,75.5540542602539,90.16143035888672,2.694305181503296,10.47740364074707,0.001733478158712387,16.729167938232422,24.970474243164062,0.6699579578915139,0.8471991419792175,0.8471991419792175,0.003065202385187149,0.00012275307045074446,0.18950814008712769,0.10931432247161865,1.0,48
1620,0.43316155672073364,0.5371626615524292,1.0000001192092896,1.2358026504516602,0.5468990802764893,0.01220703125,0.005550112575292587,0.4546652138233185,0.07889010012149811,2.7260375022888184,736.735107421875,0.06591325998306274,0.35456082224845886,6.701098918914795,74.31999969482422,95.43675994873047,3.7023050785064697,10.435515403747559,0.0024275952018797398,20.1875,28.159954071044922,0.7168868223967967,0.7726101279258728,0.7726101279258728,0.00886489823460579,0.0003148051381437779,0.28989794850349426,0.21872775256633759,1.0,48
1717,0.3375382125377655,0.37986865639686584,1.0000001192092896,0.8494686484336853,0.7064660787582397,0.0380859375,0.007109491154551506,0.18666972219944,0.049831323325634,0.8011108040809631,106.27055358886719,0.1618127077817917,0.5185537338256836,7.243574619293213,81.92308044433594,120.76932525634766,5.281525135040283,10.356375694274902,0.0034354988019913435,22.916667938232422,26.113262176513672,0.877587326108488,0.7482606172561646,0.7482606172561646,0.006227605976164341,0.00023848441193152114,0.2572871148586273,0.16163329780101776,1.0,48
1744,0.34837469458580017,0.45981112122535706,1.0,1.5768508911132812,0.5451335906982422,0.0029296875,0.0007798995939083397,0.26620572805404663,0.017237942665815353,0.525072455406189,658.7285766601562,0.020013848319649696,0.20263299345970154,5.877420425415039,71.0,96.13085174560547,3.0397114753723145,10.484760284423828,0.0017279123421758413,22.8125,40.77503967285156,0.5594721716382307,0.8215414881706238,0.8215414881706238,0.0099264457821846,0.0002434441722041852,0.35543182492256165,0.03327571228146553,1.0,48
1786,0.3482305109500885,0.4974271357059479,0.9999999403953552,1.2492645978927612,0.6057701110839844,0.00732421875,0.002402993617579341,0.3280887305736542,0.03655537590384483,1.0306223630905151,456.583740234375,0.0433073565363884,0.3116535544395447,6.61103630065918,78.80000305175781,87.5970687866211,2.0710630416870117,10.515871047973633,0.0012685909168794751,20.666667938232422,33.4118766784668,0.6185425658944264,0.7992744445800781,0.7992744445800781,0.006731753703206778,0.00020147786866250655,0.25417277216911316,0.10252773016691208,1.0,48
1810,0.32305029034614563,0.3806675672531128,1.0,0.8657634258270264,0.7015974521636963,0.01611328125,0.0019407711224630475,0.12044543027877808,0.021860316395759583,0.5050023794174194,292.215576171875,0.08250018209218979,0.40144646167755127,6.958313941955566,76.81818389892578,102.37728118896484,3.9294228553771973,10.455612182617188,0.0022458923049271107,33.66666793823242,34.96601867675781,0.9628396140788692,0.908399760723114,0.908399760723114,0.005680938716977835,0.00016247027629511895,0.3270968198776245,0.06800907850265503,1.0,48
1859,0.3780933916568756,0.47391173243522644,1.0,0.6502215266227722,0.756757378578186,0.06689453125,0.010488662868738174,0.15679402649402618,0.052882686257362366,0.7796804904937744,57.975379943847656,0.24553094804286957,0.5980756282806396,7.427116394042969,74.09488677978516,94.63825225830078,3.3610901832580566,10.437079429626465,0.002210977952927351,17.52083396911621,25.537120819091797,0.6860927700650004,0.8291258811950684,0.8291258811950684,0.0044105141423642635,0.0001727099218381667,0.15455926954746246,0.14543606340885162,1.0,48
1925,0.3402538001537323,0.3958432376384735,1.0,0.7879447340965271,0.6979668140411377,0.01171875,0.0026285438798367977,0.22430241107940674,0.03307606652379036,0.8308957815170288,307.37725830078125,0.0637580007314682,0.36159053444862366,6.931987762451172,82.04166412353516,114.02522277832031,5.009307384490967,10.393736839294434,0.0028550296556204557,19.9375,39.036678314208984,0.5107376153886424,0.84735506772995,0.84735506772995,0.008974630385637283,0.00022990251145604202,0.3043263852596283,0.10669642686843872,1.0,48
2054,0.44866999983787537,0.5010679960250854,1.0,1.8414428234100342,0.4146308898925781,0.02685546875,0.016056576743721962,0.5978885293006897,0.1409287452697754,2.322225570678711,161.34278869628906,0.12363549321889877,0.46614155173301697,6.821604251861572,67.90908813476562,119.36478424072266,3.8635854721069336,10.463951110839844,0.0019455556757748127,28.791667938232422,43.67028045654297,0.6592966115775356,0.8279642462730408,0.8279642462730408,0.012190657667815685,0.0002791522641388871,0.21833771467208862,0.4653724133968353,1.0,48
2280,0.2626364529132843,0.346312552690506,1.0,0.9013549089431763,0.8852683305740356,0.01171875,0.0016502169892191887,0.1408185213804245,0.019912606105208397,0.44650834798812866,272.3808288574219,0.0637580007314682,0.3742014765739441,6.973749160766602,79.66666412353516,92.24385070800781,4.29212760925293,10.506427764892578,0.0022296495735645294,24.9375,32.67546844482422,0.7631872220738802,0.8845208883285522,0.8845208883285522,0.005661715753376484,0.00017327114257609323,0.4228544235229492,0.06359810382127762,1.0,48
2384,0.4025886654853821,0.5763847827911377,1.0,1.5804176330566406,0.48532113432884216,0.009765625,0.005335362162441015,0.546341061592102,0.0882376953959465,2.51888108253479,528.1680297851562,0.05492175742983818,0.30496343970298767,6.427609443664551,74.5999984741211,96.358154296875,2.5066871643066406,10.48408317565918,0.001492661307565868,23.541667938232422,36.181453704833984,0.650655668060695,0.7959858179092407,0.7959858179092407,0.009895814582705498,0.0002735051681643274,0.42467889189720154,0.22432519495487213,1.0,48
2723,0.3418666422367096,0.4238455593585968,0.9999999403953552,1.4954025745391846,0.5335395336151123,0.00439453125,0.001567759201861918,0.35675230622291565,0.03099510259926319,0.9878057837486267,691.0732421875,0.02823571488261223,0.24298931658267975,6.137960433959961,75.55555725097656,113.95929718017578,4.250328540802002,10.406522750854492,0.0025852711405605078,20.3125,33.95288848876953,0.5982554326927482,0.8186110258102417,0.8186110258102417,0.007563044782727957,0.00022275114481061148,0.26791617274284363,0.06689105927944183,1.0,48
2790,0.29255667328834534,0.45061686635017395,1.0,1.298610806465149,0.6643508076667786,0.0029296875,0.0008744861697778106,0.2984912693500519,0.019665038213133812,0.6284196376800537,690.2783813476562,0.020013848319649696,0.19637088477611542,5.88313102722168,69.66666412353516,91.24507141113281,2.8757169246673584,10.476606369018555,0.001724997186101973,18.27083396911621,30.521421432495117,0.5986232981822283,0.836087167263031,0.836087167263031,0.006196446716785431,0.0002030195981684552,0.2727261185646057,0.037311408668756485,1.0,48
2792,0.27227193117141724,0.40495267510414124,1.0,0.8826284408569336,0.8288570046424866,0.033203125,0.006617139093577862,0.19929265975952148,0.0562439039349556,1.1598047018051147,220.3096466064453,0.14570602774620056,0.48547258973121643,7.312631607055664,83.57353210449219,76.26106262207031,4.726102352142334,10.513283729553223,0.0022773295640945435,18.854167938232422,27.409107208251953,0.6878796813081629,0.7719026803970337,0.7719026803970337,0.007299927528947592,0.00026633218918150345,0.5187325477600098,0.17674095928668976,1.0,48
2808,0.31101855635643005,0.40265822410583496,1.0,1.3675137758255005,0.6083083748817444,0.015625,0.009019574150443077,0.5772527456283569,0.13311930000782013,4.705376625061035,823.9761962890625,0.08048483729362488,0.36033758521080017,6.501002311706543,65.59375,113.72057342529297,4.028449058532715,10.443037033081055,0.002235301537439227,28.166667938232422,35.19550323486328,0.8002916663037996,0.7939249873161316,0.7939249873161316,0.010045802220702171,0.00028542857167892144,0.2631879150867462,0.34230801463127136,1.0,48
3027,0.3245733976364136,0.4529280960559845,1.0,1.5047065019607544,0.6029312610626221,0.00439453125,0.0015881865983828902,0.36140069365501404,0.02732056751847267,0.6706429719924927,391.4018859863281,0.02823571488261223,0.2658920884132385,6.091338634490967,66.55555725097656,82.22573852539062,2.4851889610290527,10.518056869506836,0.001369180390611291,23.1875,42.54902267456055,0.5449596380133516,0.815473198890686,0.815473198890686,0.008733063004910946,0.00020524708803898917,0.4733353853225708,0.06776262819766998,1.0,48
3031,0.38762959837913513,0.46754273772239685,1.0,1.2522180080413818,0.6718440055847168,0.00341796875,0.0030728676356375217,0.89903324842453,0.06660889834165573,2.3961129188537598,895.0713500976562,0.02282176911830902,0.21807828545570374,5.716921329498291,56.42856979370117,80.95932006835938,2.391021251678467,10.493749618530273,0.0014551440253853798,27.75,47.37114715576172,0.5857996198170343,0.8018535375595093,0.8018535375595093,0.008538431487977505,0.0001802454025041808,0.5509973764419556,0.13110902905464172,1.0,48
3073,0.3566416800022125,0.4627799093723297,1.0,0.7318269610404968,0.704078197479248,0.0234375,0.006233248393982649,0.265951931476593,0.05722914636135101,1.103888988494873,179.3467254638672,0.11113139986991882,0.44815245270729065,6.960516929626465,79.77083587646484,126.76570892333984,5.316722393035889,10.340633392333984,0.0032102642580866814,22.625,32.307125091552734,0.7003099139549438,0.7763329744338989,0.7763329744338989,0.009119849652051926,0.00028228601657947,0.2798585593700409,0.19433291256427765,1.0,48
3129,0.3449861705303192,0.3990460932254791,1.0,1.0882956981658936,0.750457763671875,0.00439453125,0.0014646677300333977,0.33329328894615173,0.026612520217895508,0.7498019933700562,502.7054138183594,0.02823571488261223,0.25770673155784607,6.153728485107422,67.33333587646484,87.30543518066406,3.5323567390441895,10.486001014709473,0.002268936252221465,26.0625,46.62803268432617,0.5589448770196851,0.8516957759857178,0.8516957759857178,0.006529476027935743,0.00014003327291846622,0.3976830542087555,0.062492500990629196,1.0,48
3156,0.37506234645843506,0.4986437261104584,1.0,1.370158076286316,0.5484734177589417,0.00244140625,0.002382506150752306,0.9758745431900024,0.06718230992555618,2.687185525894165,1292.692138671875,0.01712392456829548,0.14840035140514374,5.455566883087158,53.79999923706055,95.18734741210938,2.3700950145721436,10.506481170654297,0.0012875641696155071,22.104167938232422,38.921356201171875,0.5679187492415206,0.8133517503738403,0.8133517503738403,0.010332830250263214,0.0002654797071870098,0.2458345592021942,0.10165359824895859,1.0,48
3259,0.435578316450119,0.6290907859802246,1.0000001192092896,1.6009153127670288,0.5137596130371094,0.00439453125,0.005243009887635708,1.1930760145187378,0.09153471887111664,2.2424726486206055,401.0785827636719,0.02823571488261223,0.26072290539741516,5.766222953796387,56.77777862548828,104.72985076904297,3.8331806659698486,10.486943244934082,0.001980577129870653,17.3125,37.22834777832031,0.4650354106080278,0.8263246417045593,0.8263246417045593,0.007770163472741842,0.00020871631255093152,0.30692076683044434,0.22370176017284393,1.0,48
3322,0.24527569115161896,0.3956102728843689,1.0,0.698896586894989,0.888452410697937,0.0087890625,0.001387437921948731,0.15785960853099823,0.018699439242482185,0.5660641193389893,477.1065368652344,0.05035991966724396,0.34614282846450806,6.810457229614258,81.55555725097656,90.94365692138672,3.298942804336548,10.506475448608398,0.0017340590711683035,28.64583396911621,34.449031829833984,0.831542497400248,0.8987969160079956,0.8987969160079956,0.005208779126405716,0.00015120248228232407,0.3283453583717346,0.05810565873980522,1.0,48
3329,0.3696971833705902,0.4145273268222809,1.0000001192092896,0.9179572463035583,0.6311930418014526,0.00634765625,0.0010423649800941348,0.16421256959438324,0.018740728497505188,0.5615146160125732,566.7446899414062,0.03844451159238815,0.2700595259666443,6.4753313064575195,66.23076629638672,89.35055541992188,3.687682867050171,10.44049072265625,0.002512698993086815,21.6875,42.23883819580078,0.5134492547908572,0.7857276797294617,0.7857276797294617,0.007087137550115585,0.00016778722737554577,0.829673171043396,0.04447424039244652,1.0,48
3336,0.408200740814209,0.5624979138374329,1.0,0.5563084483146667,0.7546727061271667,0.02001953125,0.0029373732395470142,0.1467253714799881,0.031096896156668663,0.9442269802093506,463.0817565917969,0.09811511635780334,0.4278184473514557,6.970704555511475,69.78048706054688,137.88401794433594,6.788538932800293,10.25918960571289,0.004567408934235573,12.354166984558105,22.021337509155273,0.5610089293537155,0.7684761881828308,0.7684761881828308,0.005346508231014013,0.00024278762479178887,0.8522996306419373,0.09390511363744736,1.0,48
3448,0.4968739151954651,0.587420642375946,1.0,1.959659218788147,0.4293356239795685,0.0146484375,0.005556254182010889,0.37930694222450256,0.0855424627661705,3.307018756866455,1102.43994140625,0.07640714943408966,0.3586897552013397,6.850241184234619,71.43333435058594,84.81193542480469,1.9785274267196655,10.501068115234375,0.0013179907109588385,21.979167938232422,37.35676574707031,0.5883584269891604,0.8010079860687256,0.8010079860687256,0.008677829056978226,0.00023229604814854242,0.2805752456188202,0.20772843062877655,1.0,48
3481,0.4436754286289215,0.5663360953330994,1.0,1.7514431476593018,0.4414984881877899,0.01171875,0.013860701583325863,1.1827799081802368,0.17605872452259064,3.2571468353271484,238.81724548339844,0.0637580007314682,0.35582235455513,6.35495662689209,65.41666412353516,88.63815307617188,2.68103289604187,10.521411895751953,0.0013702246360480785,22.6875,41.224693298339844,0.5503376296897828,0.8386462926864624,0.8386462926864624,0.011390510015189648,0.00027630308684152956,0.23706668615341187,0.5669560432434082,1.0,48
3514,0.3404570519924164,0.4122447669506073,1.0,1.376159429550171,0.6858015656471252,0.00244140625,0.001003405312076211,0.41099482774734497,0.02815518155694008,1.1386436223983765,1344.723388671875,0.01712392456829548,0.1537395864725113,5.696931838989258,68.0,81.60985565185547,3.1118953227996826,10.49716567993164,0.00212783832103014,21.02083396911621,44.143585205078125,0.476192268178891,0.8137049674987793,0.8137049674987793,0.008304765447974205,0.00018813074215679124,0.5512648820877075,0.042811959981918335,1.0,48
3517,0.21468499302864075,0.29120609164237976,1.0,0.8742184638977051,0.8728582859039307,0.01513671875,0.003211144357919693,0.2121426910161972,0.03512777015566826,0.8323600888252258,257.4952392578125,0.07845399528741837,0.39967164397239685,7.040549278259277,74.83870697021484,97.17068481445312,3.443296432495117,10.495931625366211,0.001833396963775158,28.5625,35.811431884765625,0.7975805068038856,0.8852094411849976,0.8852094411849976,0.0070762187242507935,0.00019759664302295291,0.5255274772644043,0.11550909280776978,1.0,48
3553,0.4102328419685364,0.5844829082489014,1.0,0.5009791254997253,0.7445071339607239,0.015625,0.0021425241138786077,0.1371215432882309,0.022587398067116737,0.4847165644168854,245.19900512695312,0.08048483729362488,0.4100894629955292,7.082867622375488,76.65625,80.57299041748047,2.055723190307617,10.531499862670898,0.00116855395026505,13.666666984558105,24.824371337890625,0.5505342630043837,0.8169988393783569,0.8169988393783569,0.004299367778003216,0.00017319140604817536,0.31855902075767517,0.07502448558807373,1.0,48
3571,0.2859545052051544,0.42613643407821655,1.0,1.455941915512085,0.6398870944976807,0.0048828125,0.006936674937605858,1.4206310510635376,0.17877155542373657,6.09605073928833,984.4894409179688,0.03085736557841301,0.18366587162017822,6.224417686462402,69.80000305175781,80.19288635253906,2.7432661056518555,10.513773918151855,0.0015393660869449377,14.3125,28.597824096679688,0.5004751391787525,0.7974337339401245,0.7974337339401245,0.0072275190614163876,0.00025272968441428494,0.352430135011673,0.2959648072719574,1.0,48
3768,0.3370889127254486,0.5554518699645996,1.0,0.8923648595809937,0.7988478541374207,0.01806640625,0.004136278759688139,0.22894862294197083,0.03747836872935295,0.6469787955284119,138.99652099609375,0.09041537344455719,0.43961748480796814,7.020151138305664,73.83783721923828,100.32581329345703,4.018779754638672,10.467132568359375,0.002314195968210697,26.1875,36.79100036621094,0.711790919850411,0.8444225192070007,0.8444225192070007,0.005507799796760082,0.00014970508386397195,0.27800148725509644,0.1317368894815445,1.0,48
3796,0.38931792974472046,0.502694845199585,0.9999999403953552,0.9333444237709045,0.5952000617980957,0.0751953125,0.023883726447820663,0.3176225423812866,0.11394565552473068,1.3693324327468872,41.50822448730469,0.26687484979629517,0.6106399893760681,7.324258804321289,76.06493377685547,117.53609466552734,2.627655029296875,10.479438781738281,0.0011789592681452632,44.25,55.102684020996094,0.8030461814729153,0.9085402488708496,0.9085402488708496,0.01691388711333275,0.0003069521459938037,0.2405121773481369,0.30490362644195557,1.0,48
3803,0.32795557379722595,0.37584248185157776,1.0,0.8255116939544678,0.7731840014457703,0.01220703125,0.0017751515842974186,0.14542041718959808,0.021452968940138817,0.4694192707538605,267.60638427734375,0.06591325998306274,0.37262091040611267,6.882932186126709,83.83999633789062,83.67880249023438,2.313880443572998,10.497251510620117,0.001458209939301014,30.541667938232422,45.14141082763672,0.6765776118093381,0.9260484576225281,0.9260484576225281,0.007385782897472382,0.00016361435676074337,0.2716643214225769,0.06972584873437881,1.0,48
4515,0.40312454104423523,0.5526541471481323,0.9999999403953552,1.4870047569274902,0.4988544285297394,0.00439453125,0.0012081530876457691,0.2749219536781311,0.020441876724362373,0.4943827986717224,375.2867431640625,0.02823571488261223,0.26808881759643555,6.069906234741211,67.33333587646484,106.07545471191406,2.4410057067871094,10.517667770385742,0.0011615147814154625,22.0625,41.89452362060547,0.5266201423969061,0.8185951113700867,0.8185951113700867,0.009480288252234459,0.00022628943906426863,0.49161192774772644,0.05154786631464958,1.0,48
4695,0.25958630442619324,0.3329237103462219,1.0,0.7986732721328735,0.8895728588104248,0.0224609375,0.00438677379861474,0.19530679285526276,0.04652360826730728,1.539839267730713,634.08740234375,0.10746800154447556,0.4420311450958252,7.079061985015869,76.97826385498047,91.1428451538086,3.719883680343628,10.505760192871094,0.0018377694068476558,25.479167938232422,33.287269592285156,0.765432798864443,0.9123762845993042,0.9123762845993042,0.005910736974328756,0.00017756749186550845,0.3074808418750763,0.12856389582157135,1.0,48
4954,0.23962557315826416,0.3093697428703308,1.0,0.8576081991195679,0.8450201749801636,0.01904296875,0.002823496703058481,0.14826977252960205,0.025713538751006126,0.4316600263118744,138.15069580078125,0.09429078549146652,0.4392099678516388,7.220148086547852,80.25640869140625,85.33512878417969,3.961777925491333,10.521001815795898,0.0017672937829047441,19.89583396911621,32.270164489746094,0.6165395893557578,0.9039408564567566,0.9039408564567566,0.005561689846217632,0.0001723477376838718,0.37312695384025574,0.08962514996528625,1.0,48
5460,0.2664400041103363,0.4078989326953888,1.0,0.9436149001121521,0.7349470853805542,0.00634765625,0.0009836761746555567,0.1549668312072754,0.015504241921007633,0.3752021789550781,379.60235595703125,0.03844451159238815,0.29623568058013916,6.384374141693115,76.92308044433594,93.2402572631836,3.511202335357666,10.5153169631958,0.0018620913615450263,21.791667938232422,33.05750274658203,0.6592049042147781,0.8875247836112976,0.8875247836112976,0.005284646060317755,0.00015986222853042148,0.2807167172431946,0.041970182210206985,1.0,48
5727,0.352498859167099,0.5284765362739563,1.0,1.5813859701156616,0.557318925857544,0.00341796875,0.0012615715386345983,0.36909979581832886,0.04200832545757294,1.8669817447662354,1899.4852294921875,0.02282176911830902,0.1312679648399353,5.717986583709717,61.14285659790039,99.26814270019531,3.7706058025360107,10.49288558959961,0.001865775091573596,25.125,31.88317108154297,0.7880332833851781,0.7788800001144409,0.7788800001144409,0.009122181683778763,0.000286112747618082,0.3299643397331238,0.05382705107331276,1.0,48
5798,0.47470781207084656,0.5487668514251709,1.0,1.0781499147415161,0.5082509517669678,0.0263671875,0.012271014973521233,0.465389609336853,0.11539831757545471,2.4511585235595703,207.7581329345703,0.12187793850898743,0.4490808844566345,6.956967830657959,71.83333587646484,83.51283264160156,1.9960139989852905,10.511320114135742,0.00122164748609066,23.916667938232422,30.806020736694336,0.7763634302167643,0.7408573031425476,0.7408573031425476,0.008200852200388908,0.0002662093967871169,0.44772520661354065,0.3845185935497284,1.0,48
5817,0.28120946884155273,0.39632633328437805,1.0000001192092896,1.086361289024353,0.8292062282562256,0.02197265625,0.00651700422167778,0.29659610986709595,0.061983369290828705,1.498849630355835,253.193603515625,0.1056201159954071,0.44310998916625977,7.270432949066162,80.55555725097656,87.07581329345703,4.4569244384765625,10.487585067749023,0.002499482361599803,17.6875,32.25687789916992,0.5483326703162377,0.8952001929283142,0.8952001929283142,0.006567256525158882,0.0002035924413903664,0.26960110664367676,0.19782675802707672,1.0,48
5993,0.4730257987976074,0.5769004821777344,1.0000001192092896,1.0262316465377808,0.5941775441169739,0.03369140625,0.015191440470516682,0.45089957118034363,0.12657678127288818,2.36582088470459,171.7944793701172,0.14734849333763123,0.4836178719997406,6.887703895568848,67.78260803222656,90.61628723144531,2.889956474304199,10.49239730834961,0.001648815581575036,22.979167938232422,33.22264862060547,0.6916717626499979,0.7757257223129272,0.7757257223129272,0.008237577974796295,0.0002479506696286595,0.2884907126426697,0.41577577590942383,1.0,48
6083,0.43809792399406433,0.5400983691215515,1.0,0.9923216700553894,0.640826404094696,0.01708984375,0.004920829087495804,0.28793880343437195,0.05054831877350807,0.8474007844924927,159.59426879882812,0.08648617565631866,0.4076929986476898,6.790306091308594,85.82857513427734,149.9426727294922,7.041538238525391,10.27747917175293,0.004050128161907196,24.89583396911621,31.75885581970215,0.7839021060019622,0.792291522026062,0.792291522026062,0.0063836826011538506,0.00020100480430984468,0.5013279914855957,0.17665614187717438,1.0,48
6182,0.4041825830936432,0.5094195008277893,0.9999999403953552,0.982907235622406,0.5481983423233032,0.013671875,0.004353686701506376,0.31844109296798706,0.049828726798295975,1.203495979309082,270.447509765625,0.07226333767175674,0.3867948651313782,6.702030181884766,80.21428680419922,180.73114013671875,8.873359680175781,10.253131866455078,0.004540849942713976,20.354167938232422,36.590675354003906,0.5562665278995054,0.8066675662994385,0.8066675662994385,0.007625384256243706,0.00020839692573002304,0.46195271611213684,0.16638363897800446,1.0,48
6188,0.4326041340827942,0.6369423866271973,1.0,2.544776678085327,0.34748703241348267,0.0029296875,0.0006589516997337341,0.22492218017578125,0.01804683543741703,0.7560456991195679,1516.1796875,0.020013848319649696,0.1729508340358734,5.8025736808776855,71.0,99.78577423095703,2.0200071334838867,10.52906608581543,0.0010838042944669724,21.541667938232422,39.832969665527344,0.5407999482264871,0.8162730932235718,0.8162730932235718,0.00863122008740902,0.00021668532770008068,0.27557167410850525,0.028115272521972656,1.0,48
6206,0.2975904047489166,0.5957605838775635,1.0,0.8173868060112,0.7960463166236877,0.0673828125,0.03749486804008484,0.5564455986022949,0.22020171582698822,3.6940019130706787,99.7714614868164,0.24681587517261505,0.5752813220024109,7.343945503234863,73.90579986572266,108.80782318115234,4.416478633880615,10.483592987060547,0.002145145321264863,30.8125,38.431678771972656,0.801747437961346,0.8019090890884399,0.8019090890884399,0.00866103358566761,0.0002253618332626751,0.15444593131542206,0.7079079747200012,1.0,48
6259,0.25327569246292114,0.38322582840919495,0.9999999403953552,0.9505444765090942,0.8683549165725708,0.0126953125,0.004007077310234308,0.3156343996524811,0.0531805045902729,1.3077237606048584,349.6018371582031,0.06804874539375305,0.35554108023643494,6.890155792236328,76.73076629638672,91.08728790283203,4.247236251831055,10.494349479675293,0.0022963134106248617,21.354167938232422,33.02312088012695,0.6466429387240852,0.8730802536010742,0.8730802536010742,0.0055041625164449215,0.00016667602479965852,0.3944028317928314,0.1611257642507553,1.0,48
6271,0.3820514678955078,0.44635939598083496,1.0,0.5923146605491638,0.7749643325805664,0.01318359375,0.0012768511660397053,0.09685152769088745,0.014176873490214348,0.29442834854125977,226.97560119628906,0.07016520947217941,0.39203256368637085,6.845160961151123,69.33333587646484,79.12937927246094,2.524728298187256,10.472125053405762,0.0017672202084213495,15.75,28.496623992919922,0.5526970492499802,0.7991897463798523,0.7991897463798523,0.004980779718607664,0.00017478490498022873,0.4151630103588104,0.047624219208955765,1.0,48
6583,0.5338067412376404,0.6515225172042847,1.0,0.8179474472999573,0.5429015159606934,0.00439453125,0.0007306471234187484,0.16626280546188354,0.014362727291882038,0.4866097569465637,795.391845703125,0.02823571488261223,0.24993103742599487,6.066523551940918,60.0,138.99404907226562,7.119768142700195,10.208192825317383,0.005162366200238466,13.125,31.753280639648438,0.4133431170408943,0.7694835066795349,0.7694835066795349,0.007153254002332687,0.00022527606143310063,0.45996221899986267,0.031174277886748314,1.0,48
6640,0.40692853927612305,0.4967724680900574,1.0,1.4369698762893677,0.5805479288101196,0.00537109375,0.004037774633616209,0.7517602443695068,0.0946514904499054,3.2366278171539307,945.2161865234375,0.03342986851930618,0.21420851349830627,6.265902996063232,81.63636016845703,107.99427032470703,4.430482864379883,10.381562232971191,0.00299703236669302,17.33333396911621,30.576948165893555,0.5668758657471766,0.7711738348007202,0.7711738348007202,0.013846325688064098,0.0004528354369577128,0.4780369997024536,0.17227838933467865,1.0,48
6649,0.46741342544555664,0.6912217736244202,1.0,2.783792495727539,0.35138922929763794,0.0029296875,0.0034868265502154827,1.190170168876648,0.06938479840755463,1.8199840784072876,518.6268310546875,0.020013848319649696,0.2241484820842743,5.5937371253967285,58.83333206176758,88.09295654296875,2.309382438659668,10.506805419921875,0.0012678318889811635,19.25,38.31102752685547,0.5024662933271985,0.8113743662834167,0.8113743662834167,0.009379403665661812,0.000244822555506734,0.326770544052124,0.148771271109581,1.0,48
6674,0.4241451323032379,0.6339738368988037,1.0,2.1333935260772705,0.43302080035209656,0.00830078125,0.00892235990613699,1.074881911277771,0.11922858655452728,2.6533079147338867,260.998046875,0.04803864285349846,0.3356190025806427,6.104179382324219,63.05882263183594,118.85870361328125,4.854504585266113,10.426316261291504,0.0025607366114854813,22.229167938232422,39.16502380371094,0.5675770310766518,0.8243378400802612,0.8243378400802612,0.010026098228991032,0.00025599622450583274,0.3508423864841461,0.3793867528438568,1.0,48
6680,0.3015328645706177,0.34834060072898865,1.0,0.6737570762634277,0.7593598961830139,0.01513671875,0.00213141948916018,0.14081119000911713,0.02036386914551258,0.36346858739852905,151.35789489746094,0.07845399528741837,0.4240380525588989,6.924452781677246,67.48387145996094,112.93043518066406,3.9947729110717773,10.477542877197266,0.0019220303511247039,28.6875,39.59197998046875,0.7245785638128263,0.8248855471611023,0.8248855471611023,0.007642494048923254,0.00019303136773566476,0.2961631417274475,0.06986693292856216,1.0,48
6882,0.3399617671966553,0.510787844657898,1.0,1.1623786687850952,0.6409773826599121,0.0078125,0.002184511162340641,0.27961742877960205,0.0357389859855175,1.2386457920074463,748.2379760742188,0.04568839073181152,0.30188560485839844,6.65045690536499,80.125,100.32841491699219,3.4814937114715576,10.450331687927246,0.0020877420902252197,25.604167938232422,32.527061462402344,0.7871651105021071,0.8182076215744019,0.8182076215744019,0.010040346533060074,0.0003086767165112295,0.31156888604164124,0.09320580959320068,1.0,48
7118,0.35483843088150024,0.4509713351726532,0.9999999403953552,0.8470056056976318,0.7470122575759888,0.0126953125,0.0025071208365261555,0.19748398661613464,0.03030392900109291,0.8382506966590881,363.80938720703125,0.06804874539375305,0.37825384736061096,6.900336742401123,70.15384674072266,80.38922882080078,1.9479143619537354,10.52489948272705,0.001249571330845356,20.8125,40.16107940673828,0.518225613012926,0.8418964743614197,0.8418964743614197,0.0054856291972100735,0.00013659068124856675,0.2474387288093567,0.09633328765630722,1.0,48
7716,0.3526313304901123,0.425069659948349,1.0,0.5907040238380432,0.787409782409668,0.01708984375,0.0016438644379377365,0.09618955105543137,0.018368568271398544,0.37896955013275146,238.34034729003906,0.08648617565631866,0.396175354719162,7.019154071807861,70.02857208251953,87.09982299804688,2.4275989532470703,10.504020690917969,0.0013971170410513878,19.33333396911621,27.47064781188965,0.7037815087021967,0.8416941165924072,0.8416941165924072,0.004416195675730705,0.00016076052171626304,0.31747663021087646,0.0612792931497097,1.0,48
7895,0.4012967050075531,0.5272626876831055,0.9999999403953552,1.1261485815048218,0.6995233297348022,0.009765625,0.004256450105458498,0.4358604848384857,0.057618655264377594,1.3638070821762085,301.1312561035156,0.05492175742983818,0.3362874686717987,6.736065864562988,67.9000015258789,146.50807189941406,5.610627174377441,10.278545379638672,0.002956258598715067,19.729167938232422,60.650325775146484,0.3252936844580673,0.864285945892334,0.864285945892334,0.010805198922753334,0.00017815566170296767,0.3227073550224304,0.1802099198102951,1.0,48
8013,0.34333452582359314,0.47175416350364685,1.0,1.2242826223373413,0.5888330340385437,0.021484375,0.005860249046236277,0.27276796102523804,0.0634617805480957,2.048403024673462,562.1888427734375,0.10376113653182983,0.4281695485115051,6.920243263244629,72.38636016845703,92.0023422241211,3.016313076019287,10.512829780578613,0.0017180880531668663,29.25,35.043907165527344,0.8346672034454686,0.8247575759887695,0.8247575759887695,0.009710228070616722,0.0002770874840519435,0.3254397511482239,0.18525554239749908,1.0,48
8042,0.3576537072658539,0.5847697257995605,1.0,1.5267757177352905,0.5090482234954834,0.00830078125,0.004515267908573151,0.543956995010376,0.07091981917619705,2.2963852882385254,606.044677734375,0.04803864285349846,0.31246498227119446,6.442746162414551,73.5882339477539,129.08688354492188,5.425809383392334,10.386530876159668,0.003108000848442316,24.58333396911621,32.88022994995117,0.7476630789705315,0.7629656791687012,0.7629656791687012,0.007377514615654945,0.0002243753959336938,0.5238503813743591,0.19197756052017212,1.0,48
8140,0.34648367762565613,0.4915403127670288,1.0,0.7751111388206482,0.7267985939979553,0.00830078125,0.001322673517279327,0.15934325754642487,0.0189021248370409,0.5428177118301392,428.6896667480469,0.04803864285349846,0.3283623158931732,6.638942718505859,79.52941131591797,96.86106872558594,3.413017511367798,10.492403030395508,0.0017654550028964877,24.39583396911621,38.678672790527344,0.6307308964537066,0.8040447235107422,0.8040447235107422,0.006960458122193813,0.0001799559710357723,0.3386518657207489,0.056272756308317184,1.0,48
8144,0.3847907781600952,0.4727465510368347,1.0,0.7849135398864746,0.7787017822265625,0.0078125,0.0013587367720901966,0.17391830682754517,0.020711615681648254,0.7277990579605103,777.0332641601562,0.04568839073181152,0.3255068361759186,6.596335411071777,65.625,82.177001953125,3.1910974979400635,10.486631393432617,0.0019638279918581247,11.958333969116211,38.65576934814453,0.3093544422392065,0.8028898239135742,0.8028898239135742,0.004624250344932079,0.00011962639527591703,1.00034761428833,0.05797277018427849,1.0,48
8152,0.43313732743263245,0.5191287994384766,1.0,0.6030912399291992,0.7506292462348938,0.02880859375,0.003306289203464985,0.11476746201515198,0.026699036359786987,0.4638892412185669,137.61241149902344,0.1305760145187378,0.48128432035446167,7.16716194152832,67.86441040039062,116.41584014892578,5.517460823059082,10.302550315856934,0.004013192839920521,17.625,24.027189254760742,0.7335439782733781,0.753211259841919,0.753211259841919,0.0034646946005523205,0.0001441989140874577,0.3926476538181305,0.08853328973054886,1.0,48
8272,0.207290917634964,0.4283071756362915,1.0,0.9520030617713928,0.9357126951217651,0.037109375,0.02556130476295948,0.688809871673584,0.21806097030639648,5.447803020477295,243.88265991210938,0.15864618122577667,0.48234936594963074,7.329423427581787,66.42105102539062,80.81298828125,4.3454976081848145,10.43106460571289,0.0026459696236997843,12.770833969116211,24.61162567138672,0.518894368638742,0.784713625907898,0.784713625907898,0.0052466909401118755,0.00021317937335930812,0.432707816362381,0.7182599902153015,1.0,48
8284,0.26245352625846863,0.33557751774787903,1.0,1.1426299810409546,0.7595208883285522,0.00732421875,0.0027285825926810503,0.37254247069358826,0.07801448553800583,3.4681167602539062,1900.2108154296875,0.0433073565363884,0.20752550661563873,6.643132209777832,83.33333587646484,87.73284149169922,2.2902028560638428,10.521173477172852,0.0013102571247145534,21.64583396911621,34.898162841796875,0.6202571195807715,0.819220244884491,0.819220244884491,0.007039535790681839,0.00020171651500902374,0.532549262046814,0.11641952395439148,1.0,48
8386,0.21070842444896698,0.2792692184448242,1.0,0.9523958563804626,0.8854018449783325,0.013671875,0.0028962711803615093,0.21184155344963074,0.0441286638379097,1.481468677520752,747.8216552734375,0.07226333767175674,0.34759393334388733,7.05670166015625,74.57142639160156,85.3442153930664,3.6117231845855713,10.49300479888916,0.001890523941256106,22.4375,29.85042953491211,0.7516642253419226,0.8943548202514648,0.8943548202514648,0.0059168837033212185,0.00019821770719978562,0.38356032967567444,0.11361616849899292,1.0,48
8452,0.32236170768737793,0.38991567492485046,1.0,0.848455011844635,0.8084744215011597,0.005859375,0.0007170918979682028,0.12238368391990662,0.012301305308938026,0.3135782480239868,458.1509704589844,0.03595767915248871,0.27665945887565613,6.628823757171631,90.0,98.5165786743164,4.092287063598633,10.505881309509277,0.0019800355657935143,24.14583396911621,38.549644470214844,0.626356852175609,0.8869075775146484,0.8869075775146484,0.006732802838087082,0.00017465278678620796,0.26413506269454956,0.030595919117331505,1.0,48
8795,0.3757539391517639,0.50518798828125,1.0,0.9956322908401489,0.609082818031311,0.021484375,0.00926294270902872,0.43114787340164185,0.11862441152334213,3.3230886459350586,575.0076293945312,0.10376113653182983,0.39686036109924316,7.082176685333252,61.84090805053711,85.7696304321289,3.507328987121582,10.499956130981445,0.001851655775681138,23.9375,34.37245178222656,0.6964152614045862,0.7220267057418823,0.7220267057418823,0.007517132442444563,0.00021869642840388203,0.26962223649024963,0.3253859281539917,1.0,48
9136,0.29271185398101807,0.37660375237464905,1.0,1.36552894115448,0.6672734618186951,0.0029296875,0.0006561412010341883,0.22396285831928253,0.015743503347039223,0.49143725633621216,747.3416748046875,0.020013848319649696,0.18355567753314972,6.03432559967041,86.33333587646484,95.68006896972656,3.4298019409179688,10.468372344970703,0.002099380362778902,20.5625,32.76588821411133,0.6275581439867313,0.8294847011566162,0.8294847011566162,0.007483954541385174,0.00022840688737618228,0.31074175238609314,0.027995357289910316,1.0,48
9185,0.42040306329727173,0.5104893445968628,1.0,0.7759917974472046,0.5960023403167725,0.03369140625,0.006848383694887161,0.20326796174049377,0.04734599217772484,0.7113204002380371,89.75151062011719,0.14734849333763123,0.5131447315216064,7.267757892608643,81.71014404296875,104.45865631103516,2.708085536956787,10.50186538696289,0.001336303073912859,25.104167938232422,40.327980041503906,0.6225000088318641,0.8366715312004089,0.8366715312004089,0.00795498862862587,0.00019725730419590439,0.18107326328754425,0.15358930826187134,1.0,48
9393,0.4282001554965973,0.5322471261024475,1.0,0.71401047706604,0.6732839345932007,0.01513671875,0.002361675724387169,0.15602296590805054,0.026956399902701378,0.6702454686164856,297.73016357421875,0.07845399528741837,0.39350271224975586,6.95969295501709,80.41935729980469,102.23405456542969,2.4675281047821045,10.516193389892578,0.0012698723003268242,28.27083396911621,39.2711296081543,0.7198884840849381,0.8222035765647888,0.8222035765647888,0.00866758357733488,0.00022071133837026224,0.31096264719963074,0.08594831079244614,1.0,48
9477,0.5069257616996765,0.6685878038406372,1.0,1.2088861465454102,0.4885879158973694,0.021484375,0.01386952679604292,0.6455634236335754,0.13417407870292664,2.769374370574951,215.0880584716797,0.10376113653182983,0.43804141879081726,6.634986877441406,64.13636016845703,118.80271911621094,3.849303960800171,10.441693305969238,0.0020956587977707386,26.75,44.178489685058594,0.6054982907890581,0.8221100568771362,0.8221100568771362,0.007299735210835934,0.00016523279227565843,0.4037328064441681,0.43791916966438293,1.0,48
9497,0.3216419219970703,0.3666699230670929,1.0,0.9774584174156189,0.6874252557754517,0.0068359375,0.002253486542031169,0.32965287566185,0.0350828617811203,1.1080445051193237,583.7922973632812,0.04089350998401642,0.31046995520591736,6.562196731567383,85.14286041259766,90.562744140625,2.8561933040618896,10.512516021728516,0.0014943000860512257,19.75,33.00852584838867,0.5983302642696116,0.7934998273849487,0.7934998273849487,0.006192428525537252,0.00018760088081799418,0.3522503674030304,0.0961487665772438,1.0,48
9532,0.39661771059036255,0.4806389808654785,0.9999999403953552,0.7132793664932251,0.7465961575508118,0.0537109375,0.015979476273059845,0.2975088059902191,0.09774859994649887,1.910935640335083,139.84719848632812,0.2093001902103424,0.5619277954101562,7.340778827667236,72.01818084716797,112.85669708251953,3.4832544326782227,10.485723495483398,0.0015277513302862644,32.6875,43.34613037109375,0.7541042236669246,0.8522655367851257,0.8522655367851257,0.008836038410663605,0.00020384837892052329,0.13762255012989044,0.2822473347187042,1.0,48
9769,0.5061516165733337,0.6712254285812378,0.9999999403953552,2.281649112701416,0.3799668550491333,0.00634765625,0.00653198454529047,1.0290387868881226,0.1232050284743309,3.6840550899505615,628.0924682617188,0.03844451159238815,0.2620950937271118,6.116676330566406,74.76923370361328,85.40187072753906,3.2688517570495605,10.483500480651855,0.0021092104725539684,21.229167938232422,26.108015060424805,0.8131283776636413,0.6854524612426758,0.6854524612426758,0.007319630589336157,0.000280359520614336,0.6114087104797363,0.27869799733161926,1.0,48
9901,0.45587101578712463,0.5994413495063782,1.0,1.2519406080245972,0.5255981683731079,0.0068359375,0.0021166838705539703,0.3096406161785126,0.03335580229759216,0.8026261925697327,383.34613037109375,0.04089350998401642,0.29860877990722656,6.357663154602051,75.42857360839844,79.1792984008789,2.4490106105804443,10.516595840454102,0.0013280990533530712,17.916667938232422,30.507614135742188,0.5872851234003487,0.8100893497467041,0.8100893497467041,0.011911466717720032,0.0003904424207286777,0.27276796102523804,0.09031184762716293,1.0,48
10198,0.39126068353652954,0.5111747980117798,1.0,1.086116075515747,0.60649573802948,0.00341796875,0.000905775697901845,0.26500409841537476,0.018628038465976715,0.5374636054039001,651.0235595703125,0.02282176911830902,0.22528386116027832,6.059418678283691,71.71428680419922,99.22333526611328,3.599881887435913,10.434250831604004,0.0023879625368863344,17.1875,39.296749114990234,0.43737714652507587,0.7529389262199402,0.7529389262199402,0.006505494471639395,0.00016554790450852623,0.2755098342895508,0.038646429777145386,1.0,48
10300,0.4013198912143707,0.4958217740058899,0.9999999403953552,0.6109178066253662,0.7614348530769348,0.009765625,0.0009905914776027203,0.1014365702867508,0.013171492144465446,0.31931477785110474,320.9690856933594,0.05492175742983818,0.34716638922691345,6.7493977546691895,74.30000305175781,119.57684326171875,5.724294662475586,10.293645858764648,0.004170323722064495,18.125,22.7718505859375,0.7959388247186858,0.7427892684936523,0.7427892684936523,0.004147577099502087,0.00018213614576594907,0.35110288858413696,0.04093622788786888,1.0,48
10359,0.3361895978450775,0.41016119718551636,1.0,1.6789193153381348,0.5958755016326904,0.00341796875,0.0011242610635235906,0.3289266526699066,0.027940761297941208,1.0632731914520264,1122.8851318359375,0.02282176911830902,0.1907956898212433,6.173545837402344,81.14286041259766,84.42759704589844,2.7737154960632324,10.506153106689453,0.0016204133862629533,22.375,34.4565315246582,0.649368900566618,0.8250923156738281,0.8250923156738281,0.0066719502210617065,0.00019363383149434833,0.2928699254989624,0.04796846583485603,1.0,48
10374,0.3199036419391632,0.5313693284988403,1.0,1.0656393766403198,0.6809017658233643,0.021484375,0.006318841129541397,0.2941133379936218,0.06399919837713242,1.640478491783142,287.3790588378906,0.10376113653182983,0.42974793910980225,7.078688621520996,66.68181610107422,107.92929077148438,4.245546817779541,10.391287803649902,0.0025039990432560444,18.70833396911621,32.51593780517578,0.5753588924747141,0.8238247632980347,0.8238247632980347,0.00844992883503437,0.0002598703713564932,0.25967827439308167,0.21149508655071259,1.0,48
10626,0.40612703561782837,0.5322471261024475,1.0,0.7385894060134888,0.6376907825469971,0.01123046875,0.002098625060170889,0.18686887621879578,0.025430351495742798,0.5493065714836121,263.0754699707031,0.06158214434981346,0.37012553215026855,6.745590686798096,74.47826385498047,108.33822631835938,3.683741569519043,10.456929206848145,0.001972193131223321,25.791667938232422,40.45486068725586,0.6375418798557851,0.7990661859512329,0.7990661859512329,0.010113449767231941,0.0002499934394266239,0.3897334933280945,0.08258207887411118,1.0,48
10700,0.32027149200439453,0.38797780871391296,1.0,1.5302248001098633,0.6573841571807861,0.005859375,0.001055147498846054,0.18007850646972656,0.017165249213576317,0.4582175612449646,409.42706298828125,0.03595767915248871,0.2848863899707794,6.450686454772949,70.16666412353516,81.77056121826172,2.6849334239959717,10.51939582824707,0.0014339176705107093,20.77083396911621,47.17967987060547,0.4402495740047326,0.825171709060669,0.825171709060669,0.009861249476671219,0.00020901476020241,0.363185852766037,0.04501962661743164,1.0,48
11453,0.3196637034416199,0.5458186864852905,1.0,1.1973954439163208,0.6626081466674805,0.01611328125,0.004901215434074402,0.3041723966598511,0.06872744858264923,1.8932619094848633,554.598876953125,0.08250018209218979,0.3677631616592407,7.012660980224609,79.18181610107422,100.07432556152344,3.7454707622528076,10.455687522888184,0.0018377478700131178,18.541667938232422,34.373313903808594,0.5394204348386608,0.8628311157226562,0.8628311157226562,0.0060276975855231285,0.00017535980384776506,0.3289107382297516,0.18184082210063934,1.0,48
11540,0.4493009150028229,0.61690354347229,1.0,1.443008303642273,0.49342310428619385,0.00830078125,0.004061118699610233,0.48924535512924194,0.05869683995842934,1.5351250171661377,373.224853515625,0.04803864285349846,0.3217978775501251,6.309442520141602,64.4117660522461,103.94656372070312,3.05066180229187,10.496442794799805,0.001613721251487732,21.0,35.27875900268555,0.5952590336992527,0.7760500907897949,0.7760500907897949,0.007322689052671194,0.0002075665147415786,0.3117244839668274,0.17300210893154144,1.0,48
11696,0.34738799929618835,0.4660399854183197,0.9999999403953552,1.7798423767089844,0.5353531837463379,0.00244140625,0.0028975517489016056,1.1868371963500977,0.10416214168071747,4.64703369140625,1929.46728515625,0.01712392456829548,0.09843162447214127,5.690000534057617,77.19999694824219,88.44474029541016,3.054043769836426,10.498687744140625,0.0015976871363818645,21.75,34.050235748291016,0.6387620971083589,0.815157413482666,0.815157413482666,0.007853863760828972,0.00023065519477105548,0.29519620537757874,0.1236288845539093,1.0,48
11723,0.3201947808265686,0.46340376138687134,0.9999999403953552,1.4824985265731812,0.6578961610794067,0.00341796875,0.002247156808152795,0.6574538946151733,0.07506950199604034,3.348661184310913,1927.5535888671875,0.02282176911830902,0.13393080234527588,5.944504261016846,65.28571319580078,78.13202667236328,2.417956590652466,10.505706787109375,0.0015696450136601925,24.75,37.08568572998047,0.667373395048702,0.8373761177062988,0.8373761177062988,0.006087660789489746,0.00016415122622168217,0.2323400378227234,0.09587869048118591,1.0,48
12015,0.37454766035079956,0.49014046788215637,1.0,0.785386860370636,0.707248330116272,0.03515625,0.007084204815328121,0.20150627195835114,0.04687641188502312,0.6189912557601929,76.31914520263672,0.152232363820076,0.523520290851593,7.233486652374268,65.01388549804688,109.35932159423828,2.9278812408447266,10.454122543334961,0.0015378122916445136,32.04166793823242,40.4281005859375,0.7925593205200492,0.8444168567657471,0.8444168567657471,0.00678840558975935,0.00016791304784775113,0.2271050065755844,0.15038591623306274,1.0,48
12140,0.4106193482875824,0.5857453942298889,1.0,1.9426026344299316,0.45237958431243896,0.0029296875,0.0033509558998048306,1.143792986869812,0.10673629492521286,4.239863872528076,1316.6058349609375,0.020013848319649696,0.11288617551326752,5.5646162033081055,57.83333206176758,85.91680145263672,2.3153793811798096,10.500982284545898,0.0014233465772122145,21.875,37.51499938964844,0.5831001026273506,0.8099245429039001,0.8099245429039001,0.008725302293896675,0.00023258169888117983,0.28373974561691284,0.1429741233587265,1.0,48
12143,0.3081127405166626,0.3887594938278198,1.0,1.2318681478500366,0.6685974597930908,0.0048828125,0.0057554529048502445,1.178716778755188,0.1542365998029709,5.24983024597168,996.6489868164062,0.03085736557841301,0.16983763873577118,6.345692157745361,86.0999984741211,88.72530364990234,2.634542465209961,10.503477096557617,0.0015564699424430728,21.64583396911621,33.3364143371582,0.6493150026184934,0.7895895838737488,0.7895895838737488,0.009231653064489365,0.000276923995734902,0.41932931542396545,0.2455659657716751,1.0,48
12375,0.45944666862487793,0.6151403188705444,1.0,1.4060320854187012,0.5490587949752808,0.0068359375,0.0040799654088914394,0.5968406796455383,0.07985101640224457,2.6405622959136963,750.094970703125,0.04089350998401642,0.25895875692367554,6.384883403778076,67.92857360839844,94.03266906738281,2.913203239440918,10.499921798706055,0.0015974967973306775,24.041667938232422,35.77029800415039,0.67211259824343,0.7270907759666443,0.7270907759666443,0.0060790590941905975,0.0001699471190255608,0.3842352032661438,0.17407852411270142,1.0,48
12379,0.3850385546684265,0.5347896814346313,1.0,1.842006802558899,0.5261564254760742,0.0048828125,0.004371884278953075,0.8953619003295898,0.13905611634254456,6.094311714172363,1799.0523681640625,0.03085736557841301,0.14587683975696564,6.256289482116699,70.5,93.58991241455078,2.667736768722534,10.495887756347656,0.0014501246623694897,24.541667938232422,39.17958068847656,0.6263892441091562,0.8413998484611511,0.8413998484611511,0.00857818778604269,0.00021894536983588084,0.22916126251220703,0.18653374910354614,1.0,48
12497,0.42807719111442566,0.6014337539672852,0.9999999403953552,1.901079535484314,0.4133480191230774,0.00634765625,0.004179252311587334,0.6583929657936096,0.09307947754859924,3.6984081268310547,1236.2515869140625,0.03844451159238815,0.23472042381763458,6.06992769241333,62.230770111083984,95.68040466308594,2.1375012397766113,10.506227493286133,0.0012019691057503223,27.416667938232422,40.853084564208984,0.671103986981215,0.7803532481193542,0.7803532481193542,0.008738098666071892,0.00021389079324473707,0.38328731060028076,0.17831479012966156,1.0,48
12529,0.3389093577861786,0.43632057309150696,1.0,1.1204150915145874,0.7286348938941956,0.0029296875,0.0028221560642123222,0.9632959365844727,0.07514377683401108,2.9459617137908936,1217.6246337890625,0.020013848319649696,0.1671200394630432,5.815525531768799,67.66666412353516,78.1553726196289,2.1718924045562744,10.519624710083008,0.0013567551504820585,18.916667938232422,35.97417449951172,0.5258402227751127,0.8329982757568359,0.8329982757568359,0.006690525449812412,0.00018598134748146645,0.399985671043396,0.12041199952363968,1.0,48
12666,0.4741649627685547,0.639524519443512,1.0,0.8462542295455933,0.5794111490249634,0.01171875,0.003368025179952383,0.2874048054218292,0.04618983343243599,1.1482999324798584,414.7522277832031,0.0637580007314682,0.35053521394729614,6.743155002593994,71.75,104.19949340820312,2.3160386085510254,10.51052474975586,0.001138412393629551,19.33333396911621,53.016109466552734,0.3646690441830082,0.8122692108154297,0.8122692108154297,0.011598097160458565,0.00021876552759096776,0.2997620403766632,0.13547922670841217,1.0,48
12683,0.3955168128013611,0.6115683317184448,1.0,1.19770085811615,0.6471332907676697,0.01904296875,0.011746096424758434,0.6168206334114075,0.11555104702711105,2.3289103507995605,179.637939453125,0.09429078549146652,0.428153395652771,6.871372699737549,80.0,87.66358184814453,5.117300987243652,10.431170463562012,0.002854911144822836,14.208333969116211,26.43221092224121,0.5375386117165596,0.7256946563720703,0.7256946563720703,0.007757563143968582,0.0002934889996094175,0.5923320651054382,0.4021565616130829,1.0,48
12801,0.3090771734714508,0.3792702853679657,1.0,0.6747713685035706,0.8003973960876465,0.06982421875,0.01137279812246561,0.16287755966186523,0.058875203132629395,0.7337369322776794,58.367889404296875,0.2531840205192566,0.5965071320533752,7.474559783935547,73.03496551513672,116.30349731445312,3.519958019256592,10.474964141845703,0.0016855103895068169,35.10416793823242,40.9113655090332,0.8580541737699002,0.8572660684585571,0.8572660684585571,0.008818099275231361,0.00021554155338884777,0.15968969464302063,0.17419956624507904,1.0,48
13041,0.35756009817123413,0.45057645440101624,1.0,1.1253918409347534,0.6291446685791016,0.021484375,0.00877343025058508,0.40836331248283386,0.0835079774260521,1.8340110778808594,211.82888793945312,0.10376113653182983,0.4412496089935303,6.936515808105469,73.81818389892578,113.19001007080078,4.8074774742126465,10.390625953674316,0.002804991789162159,30.9375,33.87584686279297,0.9132613013682952,0.7652760744094849,0.7652760744094849,0.008267699740827084,0.00024405883554359787,0.5156239867210388,0.277709037065506,1.0,48
13206,0.3400671184062958,0.42910346388816833,1.0,0.9579341411590576,0.7414544224739075,0.0048828125,0.0011609827633947134,0.23776927590370178,0.02419038861989975,0.8151881098747253,843.4959106445312,0.03085736557841301,0.24070894718170166,6.344009876251221,73.0999984741211,84.44324493408203,2.708432674407959,10.504667282104492,0.0016829383093863726,21.104167938232422,45.280303955078125,0.46607831861086335,0.8307769298553467,0.8307769298553467,0.010115223005414009,0.00022339123459098794,0.43973109126091003,0.04953525960445404,1.0,48
13297,0.3868716359138489,0.4619450569152832,1.0,1.2520641088485718,0.5239973068237305,0.0146484375,0.004182081203907728,0.2854967415332794,0.05478838086128235,1.682753086090088,550.4483032226562,0.07640714943408966,0.373049259185791,6.9083099365234375,72.16666412353516,119.58396911621094,5.31681489944458,10.386056900024414,0.0029648933559656143,21.875,36.52356719970703,0.5989283542431798,0.8113367557525635,0.8113367557525635,0.007138026878237724,0.0001954361915760687,0.28025153279304504,0.15807496011257172,1.0,48
13691,0.35173851251602173,0.6557642817497253,1.0,0.8960839509963989,0.8245208859443665,0.01513671875,0.0012952177785336971,0.08556793630123138,0.013944918289780617,0.37633514404296875,317.6163330078125,0.07845399528741837,0.40631166100502014,6.9796142578125,79.2258071899414,75.65949249267578,7.822859287261963,10.396387100219727,0.00498777162283659,16.70833396911621,33.01396179199219,0.5060990277182658,0.8792105913162231,0.8792105913162231,0.011377573013305664,0.0003446291324120663,0.4742427170276642,0.046073734760284424,1.0,48
13760,0.32187387347221375,0.37621721625328064,0.9999999403953552,0.7162002921104431,0.7263545393943787,0.05419921875,0.015141855925321579,0.27937406301498413,0.09454989433288574,1.7601113319396973,123.57260131835938,0.2106986939907074,0.5574155449867249,7.320887565612793,72.9909896850586,112.04975128173828,3.083108901977539,10.485565185546875,0.0014648876385763288,35.645835876464844,36.159446716308594,0.9857959427938353,0.7828490734100342,0.7828490734100342,0.007498989813029766,0.0002073867410026966,0.20716141164302826,0.2900591194629669,1.0,48
13839,0.4026396870613098,0.49598294496536255,1.0,0.6160196661949158,0.7212889194488525,0.0693359375,0.010517414659261703,0.15168778598308563,0.05133308842778206,0.66121906042099,45.0673828125,0.25191783905029297,0.6044104099273682,7.440656661987305,74.53520965576172,119.59193420410156,5.924859046936035,10.289749145507812,0.004206039011478424,16.979167938232422,21.596797943115234,0.7861891366994642,0.8079161047935486,0.8079161047935486,0.003288786858320236,0.0001522812254603625,0.2123105227947235,0.14643706381320953,1.0,48
13870,0.38972362875938416,0.5387079119682312,1.0,0.9477408528327942,0.6652324199676514,0.02880859375,0.0058458601124584675,0.20292070508003235,0.05180739238858223,1.3015918731689453,272.7811279296875,0.1305760145187378,0.4715791642665863,7.119128227233887,83.44068145751953,106.95658111572266,5.111738204956055,10.324995040893555,0.0033772762399166822,15.5625,30.558231353759766,0.5092735837603545,0.7872875928878784,0.7872875928878784,0.004722060170024633,0.0001545266188286248,0.8801941871643066,0.16189970076084137,1.0,48
13914,0.4167608916759491,0.5103924870491028,1.0,1.3064634799957275,0.48685991764068604,0.0029296875,0.0003785671724472195,0.12921759486198425,0.009209358133375645,0.3396839499473572,993.5634765625,0.020013848319649696,0.1855180263519287,5.354236602783203,65.83333587646484,142.64340209960938,7.111968994140625,10.262139320373535,0.004504234530031681,25.14583396911621,41.722774505615234,0.6026884420091739,0.8886815905570984,0.8886815905570984,0.00590653857216239,0.0001415662942058611,0.2541544735431671,0.01615219935774803,1.0,48
13929,0.4713039994239807,0.6050096154212952,1.0,1.2287923097610474,0.49412211775779724,0.00341796875,0.00042972314986400306,0.12572471797466278,0.007961434312164783,0.21132761240005493,448.6135559082031,0.02282176911830902,0.24321073293685913,6.038045883178711,113.28571319580078,90.92131042480469,3.3632113933563232,10.456612586975098,0.0021468265913426876,21.5625,37.52189636230469,0.5746644515524943,0.7927195429801941,0.7927195429801941,0.007345545571297407,0.00019576690629952362,0.2843887209892273,0.018334854394197464,1.0,48
14026,0.43695101141929626,0.5847697257995605,1.0000001192092896,1.1627229452133179,0.5011206865310669,0.0205078125,0.012550169602036476,0.6119701862335205,0.1206594780087471,2.352452039718628,200.92449951171875,0.10000890493392944,0.43483754992485046,6.8910722732543945,70.5952377319336,118.71212005615234,3.7395291328430176,10.448057174682617,0.002028105780482292,25.041667938232422,40.58344268798828,0.6170414896682419,0.780940055847168,0.780940055847168,0.007861709222197533,0.00019371715900748946,0.23785439133644104,0.3974282741546631,1.0,48
14050,0.27430200576782227,0.312873512506485,1.0,0.943861722946167,0.7536017894744873,0.00830078125,0.0036206026561558247,0.4361761212348938,0.05063868314027786,1.2286205291748047,337.3309020996094,0.04803864285349846,0.3300468921661377,6.724124431610107,72.35294342041016,85.14612579345703,3.910356283187866,10.46739673614502,0.002647091867402196,15.8125,41.6534423828125,0.3796204849260795,0.8484317064285278,0.8484317064285278,0.008912144228816032,0.0002139593684663591,0.5424045920372009,0.15346714854240417,1.0,48
14063,0.34449130296707153,0.40879708528518677,0.9999999403953552,1.0108728408813477,0.6313295364379883,0.0029296875,0.0005878411466255784,0.20064978301525116,0.01349167712032795,0.4921468496322632,960.133056640625,0.020013848319649696,0.2024255096912384,5.773573875427246,89.16666412353516,112.4714584350586,4.517819881439209,10.415731430053711,0.002646749373525381,22.416667938232422,36.342987060546875,0.6168086265093868,0.8090472221374512,0.8090472221374512,0.007997485809028149,0.00022005581966897487,0.25674328207969666,0.025081222876906395,1.0,48
14072,0.26839834451675415,0.29888293147087097,1.0,1.117266058921814,0.6764044165611267,0.009765625,0.0014092837227508426,0.14431065320968628,0.01904548704624176,0.5016374588012695,352.90234375,0.05492175742983818,0.3425724506378174,6.728404521942139,79.25,87.07417297363281,2.2114362716674805,10.526603698730469,0.0012304866686463356,20.95833396911621,31.949081420898438,0.6559917540805129,0.8300328254699707,0.8300328254699707,0.005621153395622969,0.00017594100186513239,0.33120641112327576,0.05884963274002075,1.0,48
14164,0.35426807403564453,0.46577247977256775,1.0,1.1168580055236816,0.5519031286239624,0.0068359375,0.002289189025759697,0.3348756432533264,0.03632870316505432,1.039603590965271,495.3957214355469,0.04089350998401642,0.3013952970504761,6.440006256103516,75.28571319580078,104.95928192138672,4.596433162689209,10.411173820495605,0.0026279501616954803,25.375,34.10490798950195,0.7440278097325629,0.778720498085022,0.778720498085022,0.007513717748224735,0.00022031191957282105,0.3083101511001587,0.09767206758260727,1.0,48
14174,0.30778390169143677,0.45081713795661926,1.0,1.0696969032287598,0.6772906184196472,0.00634765625,0.0030968973878771067,0.4878804385662079,0.07840998470783234,3.374631404876709,1672.0185546875,0.03844451159238815,0.22415795922279358,6.230093955993652,65.38461303710938,101.91893005371094,2.359323740005493,10.542726516723633,0.001225144136697054,22.041667938232422,37.56993865966797,0.5866836284198602,0.8067342638969421,0.8067342638969421,0.007304987870156765,0.0001944370453831599,0.26793164014816284,0.13213428854942322,1.0,48
14240,0.41999077796936035,0.5755063891410828,1.0,1.7494057416915894,0.5017046928405762,0.005859375,0.002392964670434594,0.4083993136882782,0.03897549584507942,1.043730616569519,417.9786376953125,0.03595767915248871,0.28682759404182434,5.751618385314941,51.5,109.0968017578125,4.306466102600098,10.433374404907227,0.002466284204274416,22.9375,60.959861755371094,0.3762721787048063,0.9202117323875427,0.9202117323875427,0.009411072358489037,0.00015438145832271389,0.2776118814945221,0.10209981352090836,1.0,48
14457,0.3306659162044525,0.472299188375473,1.0,0.9582509398460388,0.7657296061515808,0.013671875,0.0026858123019337654,0.19644798338413239,0.04073864594101906,1.4616663455963135,844.1094970703125,0.07226333767175674,0.3468741774559021,6.949959754943848,78.78571319580078,97.52074432373047,4.074682235717773,10.5009126663208,0.002056913683190942,33.5,38.619384765625,0.8674400225335503,0.85252445936203,0.85252445936203,0.006126268766820431,0.00015863196170559104,0.3041485846042633,0.10574351996183395,1.0,48
14524,0.3233902156352997,0.43455836176872253,1.0,1.3446846008300781,0.6479176878929138,0.00634765625,0.0012567288940772414,0.19798313081264496,0.02431139349937439,0.846737802028656,813.7109375,0.03844451159238815,0.262015700340271,6.564007759094238,79.46154022216797,91.3564453125,2.5928449630737305,10.487247467041016,0.0015884643653407693,19.354167938232422,30.297069549560547,0.6388131994146945,0.8212324380874634,0.8212324380874634,0.005934750195592642,0.00019588528797894486,0.2654987573623657,0.053620439022779465,1.0,48
14612,0.28113308548927307,0.3739376664161682,1.0,0.9627984762191772,0.7957655191421509,0.005859375,0.0010817584116011858,0.18462009727954865,0.016375001519918442,0.395702600479126,326.18670654296875,0.03595767915248871,0.29906338453292847,6.488032341003418,78.5,91.92938995361328,3.782471179962158,10.51978874206543,0.0020525003783404827,22.3125,39.012535095214844,0.5719315584035826,0.8893707990646362,0.8893707990646362,0.006441302597522736,0.00016510853704202678,0.31932562589645386,0.04615502431988716,1.0,48
14654,0.423080176115036,0.5470638275146484,1.0,0.8460094332695007,0.7178414463996887,0.01806640625,0.002997825387865305,0.16593368351459503,0.031192868947982788,0.532220721244812,202.7957000732422,0.09041537344455719,0.41582658886909485,6.967499732971191,78.8108139038086,137.90843200683594,6.57123327255249,10.287853240966797,0.0041625904850661755,25.104167938232422,37.526145935058594,0.6689780499971144,0.7947092056274414,0.7947092056274414,0.008683336898684502,0.00023139431668249734,0.39248496294021606,0.10374879091978073,1.0,48
14687,0.3523658812046051,0.47024914622306824,1.0,1.112525224685669,0.6277873516082764,0.0166015625,0.006080828607082367,0.3662804961204529,0.07232373207807541,1.9480277299880981,371.767333984375,0.08450048416852951,0.39233943819999695,6.898494720458984,72.82353210449219,150.8420867919922,6.777499198913574,10.333953857421875,0.0036378432996571064,23.625,41.10401153564453,0.5747614189375478,0.7629904747009277,0.7629904747009277,0.0096213910728693,0.00023407425969081122,0.32928645610809326,0.21845491230487823,1.0,48
14840,0.5197920203208923,0.6770718097686768,1.0,2.407409429550171,0.408476859331131,0.00537109375,0.004278740845620632,0.7966237664222717,0.09039384126663208,3.5015430450439453,1136.8187255859375,0.03342986851930618,0.24524454772472382,5.972185134887695,64.45454406738281,75.74664306640625,2.872720241546631,10.47965145111084,0.0017666982021182775,21.729167938232422,31.174297332763672,0.6970218991407773,0.7622671127319336,0.7622671127319336,0.008799342438578606,0.0002822627352857129,0.27860209345817566,0.18255960941314697,1.0,48
15044,0.31286224722862244,0.38593578338623047,1.0,1.147156000137329,0.7019298076629639,0.00244140625,0.00071502331411466,0.2928735613822937,0.019133886322379112,0.7535863518714905,1228.5989990234375,0.01712392456829548,0.16305792331695557,5.817056655883789,73.4000015258789,73.4125747680664,1.7772554159164429,10.520973205566406,0.0012898260029032826,16.75,33.746944427490234,0.49634123264185215,0.811920166015625,0.811920166015625,0.005800747778266668,0.00017188957029906648,0.3600776493549347,0.030507659539580345,1.0,48
15124,0.41486644744873047,0.5204607844352722,1.0,0.5939816832542419,0.7393909692764282,0.0302734375,0.004644753411412239,0.15342669188976288,0.03621756285429001,0.7485105991363525,167.0226593017578,0.13569138944149017,0.49416735768318176,7.407574653625488,78.58064270019531,118.0299301147461,5.361047267913818,10.339664459228516,0.0036656141746789217,13.6875,24.102787017822266,0.5678803859570382,0.69822758436203,0.69822758436203,0.006565101444721222,0.00027237934920733487,0.47801607847213745,0.11348959803581238,1.0,48
15171,0.3584400713443756,0.5648364424705505,0.9999999403953552,1.11434006690979,0.7523238062858582,0.0048828125,0.0008208180079236627,0.16810353100299835,0.01430610939860344,0.37729400396347046,461.9164733886719,0.03085736557841301,0.26939547061920166,6.3979902267456055,82.5,112.01756286621094,3.94474196434021,10.4357328414917,0.002026303904131055,27.95833396911621,37.03400421142578,0.7549368359401195,0.9034823775291443,0.9034823775291443,0.00557910930365324,0.00015064828718752165,0.2454579621553421,0.035021569579839706,1.0,48
15196,0.4145295321941376,0.4792795777320862,1.0,0.8229986429214478,0.662947416305542,0.00439453125,0.0006501118186861277,0.14793655276298523,0.012574693188071251,0.36650407314300537,559.4680786132812,0.02823571488261223,0.24227386713027954,6.108057498931885,72.33333587646484,94.01658630371094,2.4505069255828857,10.479443550109863,0.0015802502166479826,24.5,41.051353454589844,0.5968134527192449,0.8712107539176941,0.8712107539176941,0.007451394107192755,0.00018151396917083848,0.21050715446472168,0.02773810736835003,1.0,48
15293,0.41157016158103943,0.7001904845237732,1.0,2.0614426136016846,0.40396443009376526,0.00341796875,0.003980256617069244,1.1645094156265259,0.11241429299116135,4.348350524902344,1216.0721435546875,0.02282176911830902,0.15596051514148712,5.689704895019531,56.42856979370117,114.39722442626953,5.077422142028809,10.449020385742188,0.0026857596822082996,16.479167938232422,32.55217742919922,0.506238575561101,0.7999318838119507,0.7999318838119507,0.007071174681186676,0.00021722585822082647,0.27517446875572205,0.1698242872953415,1.0,48
15355,0.3583996891975403,0.4720357656478882,1.0000001192092896,0.8936882615089417,0.7756842374801636,0.0283203125,0.0057772984728217125,0.203998401761055,0.04905591532588005,0.7915631532669067,139.1512451171875,0.12885403633117676,0.47071295976638794,7.206179618835449,71.29310607910156,103.32678985595703,4.236386299133301,10.466985702514648,0.0023232491221278906,25.1875,35.374542236328125,0.7120233478813273,0.8266878128051758,0.8266878128051758,0.00617362093180418,0.00017452157794197327,0.2791113555431366,0.1760450154542923,1.0,48
15417,0.45929327607154846,0.5697021484375,1.0,1.659567952156067,0.4258808195590973,0.01123046875,0.005790590308606625,0.5156143307685852,0.07105497270822525,1.5037169456481934,233.7446746826172,0.06158214434981346,0.36217907071113586,6.531527519226074,68.86956787109375,124.79074096679688,4.292961120605469,10.454442977905273,0.002149025909602642,27.70833396911621,40.934326171875,0.676897277996113,0.790169894695282,0.790169894695282,0.008776958100497723,0.00021441559979516666,0.44297364354133606,0.23739922046661377,1.0,48
15421,0.4335622787475586,0.507260262966156,1.0,0.5818144679069519,0.7485499978065491,0.01953125,0.0024197911843657494,0.12389330565929413,0.021830588579177856,0.4347085952758789,156.4191436767578,0.09620917588472366,0.44541656970977783,7.106518268585205,71.5999984741211,129.66236877441406,6.409233093261719,10.2703857421875,0.0044677602127194405,12.520833969116211,28.493358612060547,0.43942990839353513,0.6914628744125366,0.6914628744125366,0.003551458939909935,0.00012464163972443292,1.1686463356018066,0.07567625492811203,1.0,48
15484,0.26873496174812317,0.38062188029289246,1.0,1.432887077331543,0.6498217582702637,0.01025390625,0.0027098562568426132,0.2642754912376404,0.04053454473614693,1.1825400590896606,673.16015625,0.057165034115314484,0.3438691794872284,6.4427995681762695,70.71428680419922,90.13555145263672,2.6733574867248535,10.479293823242188,0.0017414032481610775,20.1875,37.40727233886719,0.5396677900416693,0.8712870478630066,0.8712870478630066,0.006747794337570667,0.00018038723258513695,0.3189782202243805,0.1070423424243927,1.0,48
15526,0.34690651297569275,0.4791671633720398,1.0,0.739644467830658,0.7263540029525757,0.00439453125,0.0007532414747402072,0.17140428721904755,0.014441152103245258,0.4631442427635193,679.739990234375,0.02823571488261223,0.2522502541542053,6.337594032287598,81.66666412353516,106.33136749267578,3.363569974899292,10.494035720825195,0.0016639031236991286,26.9375,42.77397155761719,0.6297638262890117,0.8518002033233643,0.8518002033233643,0.008508732542395592,0.0001989231355088215,0.2357291430234909,0.03213830664753914,1.0,48
15605,0.5319008231163025,0.6396227478981018,1.0000001192092896,1.6640815734863281,0.4333356022834778,0.00244140625,0.0004252299841027707,0.1741742044687271,0.01055851113051176,0.35335737466812134,824.8259887695312,0.01712392456829548,0.1715691089630127,5.31547212600708,81.5999984741211,90.93043518066406,2.0951478481292725,10.526360511779785,0.0011863408144563437,26.5,76.98165893554688,0.34423784006453834,0.9140273928642273,0.9140273928642273,0.012318601831793785,0.00016001995800723616,0.24169248342514038,0.018143145367503166,1.0,48
15672,0.39031678438186646,0.46346035599708557,0.9999999403953552,0.5819628238677979,0.7737283706665039,0.0947265625,0.014482438564300537,0.1528867781162262,0.06208164617419243,0.7048861384391785,37.37815475463867,0.3133390545845032,0.6403374075889587,7.514246940612793,72.96907043457031,94.34776306152344,2.31268310546875,10.499709129333496,0.0012710257433354855,26.20833396911621,28.246191024780273,0.9278537391765567,0.825417160987854,0.825417160987854,0.004111270420253277,0.00014555132106806762,0.16527524590492249,0.16359777748584747,1.0,48
15883,0.39715874195098877,0.5361337065696716,1.0,1.7957905530929565,0.5165124535560608,0.0029296875,0.002633232157677412,0.8988099098205566,0.07808177918195724,3.0052051544189453,1215.576904296875,0.020013848319649696,0.13952043652534485,5.840424537658691,71.16666412353516,122.9438247680664,6.240397930145264,10.3671293258667,0.003397743683308363,23.604167938232422,39.061492919921875,0.604282278216539,0.7938328981399536,0.7938328981399536,0.009889612905681133,0.0002531806176334211,0.5031123757362366,0.11235123127698898,1.0,48
15988,0.36487632989883423,0.4526703655719757,1.0,1.1893932819366455,0.6386038064956665,0.0341796875,0.021010782569646835,0.6147154569625854,0.17204217612743378,3.566406011581421,170.55055236816406,0.1489836424589157,0.4835112392902374,7.138910293579102,75.94285583496094,103.49357604980469,4.231542110443115,10.375014305114746,0.0030177291482686996,14.041666984558105,27.09003257751465,0.5183333367797305,0.7402359843254089,0.7402359843254089,0.008456370793282986,0.00031215801479620174,0.5061554908752441,0.550092875957489,1.0,48
15994,0.2789243161678314,0.3159159719944,1.0,1.0934034585952759,0.6990562081336975,0.00244140625,0.0004679600242525339,0.19167642295360565,0.01187911070883274,0.325361043214798,680.719970703125,0.01712392456829548,0.15956202149391174,5.552164077758789,63.80000305175781,113.65286254882812,5.524127960205078,10.384847640991211,0.0033898744732141495,15.229166984558105,34.32615661621094,0.44366070895712634,0.8130642771720886,0.8130642771720886,0.0052171796560287476,0.0001519884592044595,0.682736873626709,0.01996629498898983,1.0,48
16020,0.40355202555656433,0.5405970215797424,1.0,0.8850805759429932,0.5668895244598389,0.0087890625,0.0010366045171394944,0.11794255673885345,0.015746554359793663,0.43373650312423706,452.6980285644531,0.05035991966724396,0.3192451298236847,6.764077186584473,82.44444274902344,90.60102844238281,3.1301872730255127,10.476398468017578,0.0017228276701644063,22.64583396911621,42.877891540527344,0.5281470974949956,0.8458940386772156,0.8458940386772156,0.006785133387893438,0.0001582431678082359,0.47598859667778015,0.04391172155737877,1.0,48
16109,0.4044515788555145,0.4866107702255249,1.0,0.8436136245727539,0.5818147659301758,0.00537109375,0.0007909557898528874,0.1472615897655487,0.016619762405753136,0.5550856590270996,731.076904296875,0.03342986851930618,0.22824154794216156,6.410178184509277,80.63636016845703,127.38127136230469,5.417217254638672,10.38155746459961,0.003174091689288616,23.8125,38.545589447021484,0.6177749603894643,0.7965741157531738,0.7965741157531738,0.009742065332829952,0.0002527413763821773,0.24777443706989288,0.03374744579195976,1.0,48
16165,0.3355328142642975,0.5000673532485962,1.0,0.8439534902572632,0.7404871582984924,0.03466796875,0.006537158507853746,0.18856479227542877,0.052919901907444,1.3303475379943848,254.37222290039062,0.15061156451702118,0.49337631464004517,7.281634330749512,82.5633773803711,87.46363067626953,7.459845542907715,10.458763122558594,0.0024548799265176058,15.1875,31.681610107421875,0.479379044932073,0.8464241027832031,0.8464241027832031,0.0186324380338192,0.000588115249343755,0.27840378880500793,0.1634833812713623,1.0,48
16308,0.39730024337768555,0.5202913880348206,1.0,0.6982023119926453,0.735213041305542,0.0087890625,0.0006850174395367503,0.07793976366519928,0.010010449215769768,0.29963892698287964,518.9369506835938,0.05035991966724396,0.3308788537979126,6.785102844238281,85.77777862548828,98.0968017578125,3.348297357559204,10.4912109375,0.0017907603178173304,26.979167938232422,35.48893356323242,0.7602135432601868,0.8851140737533569,0.8851140737533569,0.005575109273195267,0.00015709430269835722,0.2689458429813385,0.02885972522199154,1.0,48
16352,0.5048763155937195,0.5991352796554565,1.0,0.882149338722229,0.618670642375946,0.02978515625,0.004932477604597807,0.16560186445713043,0.04070046916604042,0.761970579624176,151.3017120361328,0.13399454951286316,0.4786990284919739,6.999880790710449,56.721309661865234,91.59622192382812,3.103386163711548,10.517826080322266,0.0017691071843728423,17.75,50.690460205078125,0.3501645067866276,0.8679606318473816,0.8679606318473816,0.008245386183261871,0.00016266149780998123,0.33488649129867554,0.1360185295343399,1.0,48
16518,0.3879753649234772,0.46702927350997925,1.0,0.972716748714447,0.6231610178947449,0.02197265625,0.0060541266575455666,0.27553004026412964,0.05138441547751427,0.7737429141998291,120.50067138671875,0.1056201159954071,0.4574461877346039,6.878631591796875,80.15555572509766,175.3400115966797,8.98257064819336,10.165630340576172,0.0053946999832987785,23.25,34.316062927246094,0.6775252756272582,0.7249230146408081,0.7249230146408081,0.010874967090785503,0.0003169060247579273,0.7441200017929077,0.1706656813621521,1.0,48
16553,0.318352609872818,0.39163801074028015,0.9999999403953552,0.8263114094734192,0.8443004488945007,0.01025390625,0.002541756024584174,0.2478817254304886,0.038756225258111954,1.1450445652008057,502.36187744140625,0.057165034115314484,0.3218764066696167,6.680457592010498,70.9047622680664,90.80426025390625,2.688795566558838,10.483758926391602,0.001603565877303481,21.77083396911621,37.098426818847656,0.5868398158648404,0.9228378534317017,0.9228378534317017,0.007279585115611553,0.00019622355279903578,0.27493879199028015,0.10701534152030945,1.0,48
16620,0.5201002955436707,0.6224970817565918,0.9999999403953552,0.9504184722900391,0.5518714785575867,0.0126953125,0.0027195452712476254,0.21421648561954498,0.0327826626598835,0.6096930503845215,241.6405487060547,0.06804874539375305,0.37187814712524414,6.647094249725342,73.42308044433594,144.7364959716797,7.378243446350098,10.205448150634766,0.005170266143977642,20.77083396911621,47.33686447143555,0.43878770164978004,0.8962410688400269,0.8962410688400269,0.008344660513103008,0.00017628249366570523,0.2547757923603058,0.10854681581258774,1.0,48
16960,0.4838503897190094,0.5573233366012573,1.0,1.5302026271820068,0.47160568833351135,0.0166015625,0.00997003260999918,0.6005478501319885,0.09797709435224533,1.7650160789489746,168.29869079589844,0.08450048416852951,0.4213320016860962,6.602545738220215,73.79412078857422,102.18394470214844,3.171894073486328,10.466060638427734,0.0017866038251668215,26.416667938232422,36.49723815917969,0.7237990944898438,0.8168627619743347,0.8168627619743347,0.009472981095314026,0.0002595533681590609,0.30416014790534973,0.33410680294036865,1.0,48
17101,0.35553452372550964,0.44481322169303894,0.9999999403953552,1.5003809928894043,0.6350740194320679,0.0068359375,0.002425350481644273,0.35479411482810974,0.04512587562203407,1.5311596393585205,754.8502197265625,0.04089350998401642,0.2722383439540863,6.376202583312988,67.0,88.29798889160156,3.1109097003936768,10.511764526367188,0.0015241466462612152,19.875,39.18642044067383,0.5071910057469472,0.7799139022827148,0.7799139022827148,0.008444301784038544,0.00021549051143030187,0.2664063572883606,0.10348162055015564,1.0,48
17232,0.40342018008232117,0.4683077037334442,1.0,1.333018183708191,0.5312950611114502,0.0126953125,0.007108844816684723,0.5599582195281982,0.10281886160373688,3.265185832977295,576.5840454101562,0.06804874539375305,0.3426115810871124,6.4628753662109375,70.73076629638672,88.32881164550781,2.651585578918457,10.488008499145508,0.0015723679680377245,21.875,34.3361701965332,0.6370832818110217,0.7738074064254761,0.7738074064254761,0.007919853553175926,0.0002306562876854857,0.402290403842926,0.2907787263393402,1.0,48
17256,0.27314886450767517,0.46825915575027466,1.0,0.9326254725456238,0.8148881196975708,0.0078125,0.001017077243886888,0.13018588721752167,0.013469143770635128,0.3173128664493561,307.5137634277344,0.04568839073181152,0.33973228931427,6.600377082824707,71.75,93.77633666992188,4.38456392288208,10.499831199645996,0.002177928574383259,22.77083396911621,33.15758514404297,0.6867458490516677,0.8933614492416382,0.8933614492416382,0.005070093087852001,0.00015290899696999782,0.24135665595531464,0.04339529946446419,1.0,48
17409,0.4592059552669525,0.5323978662490845,1.0,0.8739829659461975,0.5577945113182068,0.0166015625,0.00486726313829422,0.29318103194236755,0.04833747074007988,0.7997525334358215,156.05455017089844,0.08450048416852951,0.4182550013065338,6.845487594604492,74.47058868408203,119.73851013183594,4.314312934875488,10.446001052856445,0.0020809355191886425,27.8125,46.359798431396484,0.5999271121758184,0.8300552368164062,0.8300552368164062,0.009570030495524406,0.00020642951042209342,0.31468021869659424,0.16697585582733154,1.0,48
17426,0.31321194767951965,0.5568559169769287,1.0,0.8434185981750488,0.8078129291534424,0.107421875,0.061808258295059204,0.5753787159919739,0.25603535771369934,2.5975749492645264,31.550914764404297,0.34109097719192505,0.6484966278076172,7.514370441436768,71.96363830566406,100.67948150634766,4.426297664642334,10.475353240966797,0.0023216810077428818,27.125,36.913658142089844,0.7348228638906744,0.8007938265800476,0.8007938265800476,0.005758589133620262,0.0001560015837469699,0.3781520426273346,0.6427755355834961,1.0,48
17547,0.4205280840396881,0.5074882507324219,1.0,0.8959288001060486,0.5801200866699219,0.01513671875,0.0034736283123493195,0.22948357462882996,0.03665633127093315,0.8205811381340027,244.2240447998047,0.07845399528741837,0.40816935896873474,6.709045886993408,79.70967864990234,109.8906478881836,3.0889179706573486,10.489801406860352,0.001699158689007163,25.875,53.59647750854492,0.48277426424240266,0.8738112449645996,0.8738112449645996,0.00859615858644247,0.00016038663330940196,0.4571104049682617,0.11994626373052597,1.0,48
17624,0.2857408821582794,0.39836305379867554,1.0,1.057873010635376,0.7946743965148926,0.0029296875,0.0003643343225121498,0.12435945123434067,0.007540843915194273,0.21557635068893433,561.3458862304688,0.020013848319649696,0.21531181037425995,5.979848861694336,74.66666412353516,93.27875518798828,4.715664863586426,10.508605003356934,0.0022718103136867285,22.375,36.4492301940918,0.6138675597458346,0.8700484037399292,0.8700484037399292,0.006795757915824652,0.000186444483951317,0.29724347591400146,0.015544931404292583,1.0,48
17631,0.2861992418766022,0.3648968040943146,1.0,0.8992109298706055,0.7688055038452148,0.0107421875,0.003859599120914936,0.3592935800552368,0.05786409229040146,1.442598581314087,418.5255126953125,0.05938481166958809,0.3255998492240906,6.756544589996338,72.86363983154297,88.18270874023438,2.298732042312622,10.501402854919434,0.0014258992159739137,17.58333396911621,33.351165771484375,0.527217971459276,0.8104315996170044,0.8104315996170044,0.006705383770167828,0.00020105395457841737,0.37486082315444946,0.1595705896615982,1.0,48
17722,0.4868304431438446,0.7101407051086426,1.0,1.6009042263031006,0.4474763870239258,0.005859375,0.003833938855677843,0.654325544834137,0.07850600779056549,2.142102003097534,604.9510498046875,0.03595767915248871,0.23420000076293945,6.13866662979126,69.58333587646484,88.9438705444336,2.341229200363159,10.531051635742188,0.0011857447680085897,21.4375,33.93693161010742,0.6316864541548127,0.7876994013786316,0.7876994013786316,0.0071850791573524475,0.00021171858545677514,0.26584184169769287,0.16358138620853424,1.0,48
17858,0.2830165922641754,0.38261541724205017,1.0,1.495847463607788,0.6529965996742249,0.0029296875,0.0009307751897722483,0.31770458817481995,0.020719410851597786,0.6264880299568176,650.627197265625,0.020013848319649696,0.19684849679470062,5.974719524383545,84.83333587646484,85.96417999267578,2.5343804359436035,10.516401290893555,0.0013497471809387207,19.20833396911621,35.8533821105957,0.5357467784910068,0.8616701364517212,0.8616701364517212,0.008611014112830162,0.00024017299355096628,0.310263991355896,0.03971307352185249,1.0,48
17871,0.3255312442779541,0.4764043390750885,1.0,1.5953913927078247,0.5943396091461182,0.00341796875,0.002197454683482647,0.6429124474525452,0.08710703253746033,3.932040214538574,2021.8380126953125,0.02282176911830902,0.0755113735795021,5.823590278625488,60.0,83.20507049560547,3.357341766357422,10.50294303894043,0.0016609799349680543,19.58333396911621,32.76534652709961,0.5976843231901227,0.7468304634094238,0.7468304634094238,0.008274748921394348,0.00025254574713638386,0.3512232303619385,0.09375806897878647,1.0,48
18007,0.453045517206192,0.6343757510185242,1.0,1.7073012590408325,0.44969436526298523,0.00244140625,0.00035249782376922667,0.14438310265541077,0.007949691265821457,0.2676066756248474,778.0596923828125,0.01712392456829548,0.19614407420158386,5.408317565917969,59.79999923706055,107.12590026855469,4.160630226135254,10.445302963256836,0.00232150056399405,22.95833396911621,38.88427734375,0.5904271734370321,0.7592262029647827,0.7592262029647827,0.011411651968955994,0.0002934772804220689,0.4946865141391754,0.015039906837046146,1.0,48
18030,0.41658368706703186,0.5852334499359131,0.9999999403953552,0.8535587191581726,0.6065064668655396,0.00244140625,0.0001687324547674507,0.06911281496286392,0.004105990286916494,0.15693926811218262,1096.009765625,0.01712392456829548,0.18549290299415588,5.532835006713867,61.79999923706055,90.61007690429688,2.675502061843872,10.51452350616455,0.0015083590988069773,20.604167938232422,33.44960021972656,0.6159765078424333,0.7973209619522095,0.7973209619522095,0.006229310296475887,0.0001862297382836856,0.328978031873703,0.0071992515586316586,1.0,48
18073,0.3909316062927246,0.44589322805404663,1.0,0.7491158843040466,0.6817505955696106,0.0595703125,0.011136066168546677,0.18693986535072327,0.057364996522665024,0.6285804510116577,46.80533981323242,0.2257835865020752,0.5884772539138794,7.3206987380981445,78.52458953857422,78.02864837646484,2.1171138286590576,10.51114273071289,0.0013554063625633717,21.83333396911621,26.592674255371094,0.8210281429855107,0.7382948398590088,0.7382948398590088,0.005672880448400974,0.000213324932716082,0.16998380422592163,0.16692912578582764,1.0,48
18119,0.3357482850551605,0.4034591615200043,1.0,0.5894884467124939,0.7805893421173096,0.0146484375,0.002339415717869997,0.15970411896705627,0.02635907009243965,0.566804826259613,224.6369171142578,0.07640714943408966,0.3901195228099823,6.980672836303711,79.76667022705078,109.09554290771484,3.287003517150879,10.513612747192383,0.0014211791567504406,29.166667938232422,42.676055908203125,0.6834433808535624,0.8331292867660522,0.8331292867660522,0.00861289445310831,0.00020182030105163844,0.23050105571746826,0.09120023995637894,1.0,48
18254,0.3040582835674286,0.3734273910522461,1.0,0.8717851638793945,0.7842947840690613,0.0166015625,0.0031594661995768547,0.19031137228012085,0.03194425627589226,0.6572093963623047,189.4484100341797,0.08450048416852951,0.4150125980377197,7.035437107086182,77.85294342041016,86.30224609375,7.276597023010254,10.447225570678711,0.003214137628674507,15.25,33.50661849975586,0.45513396093848674,0.8475092649459839,0.8475092649459839,0.01520612370222807,0.0004538244794174208,0.3131265938282013,0.10789374262094498,1.0,48
18303,0.4200823903083801,0.6817403435707092,1.0,1.8750118017196655,0.4847627580165863,0.0029296875,0.006756806280463934,2.306323289871216,0.15371073782444,5.096782684326172,815.6934814453125,0.020013848319649696,0.20192433893680573,5.73564338684082,74.83333587646484,74.45794677734375,2.162341594696045,10.509358406066895,0.0015430566854774952,14.479166984558105,27.453929901123047,0.5273987014402562,0.7382750511169434,0.7382750511169434,0.006220412440598011,0.00022657639400754028,0.29815182089805603,0.288290411233902,1.0,48
18319,0.4759863018989563,0.5485424399375916,1.0,1.2882899045944214,0.5053361058235168,0.00732421875,0.0043128603138029575,0.5888491868972778,0.07657413929700851,2.274008274078369,717.3896484375,0.0433073565363884,0.29114189743995667,6.185599327087402,75.26667022705078,92.16641235351562,2.448084592819214,10.500434875488281,0.0015376326628029346,30.27083396911621,34.74003219604492,0.8713530773252695,0.797776460647583,0.797776460647583,0.007266826927661896,0.00020917732270833746,0.27521100640296936,0.18401534855365753,1.0,48
18333,0.525551974773407,0.6075853705406189,1.0,1.2735576629638672,0.4605105519294739,0.02197265625,0.005397181026637554,0.24563170969486237,0.04865612834692001,1.1388052701950073,212.64035034179688,0.1056201159954071,0.45444536209106445,6.656925678253174,65.15555572509766,82.5616455078125,1.8834576606750488,10.530791282653809,0.0011371067957952619,32.60416793823242,48.926513671875,0.6663905822153593,0.8432841300964355,0.8432841300964355,0.01049058884382248,0.00021441521282373232,0.3514001667499542,0.16173000633716583,1.0,48
18443,0.3508492112159729,0.4803030788898468,1.0,0.7004669308662415,0.6949242353439331,0.03076171875,0.007096963003277779,0.23070761561393738,0.05526547506451607,0.9545683860778809,140.60960388183594,0.13738007843494415,0.4912475347518921,7.341753005981445,82.44444274902344,108.5027847290039,2.473296880722046,10.512457847595215,0.0011943031568080187,27.666667938232422,43.422035217285156,0.637157327919247,0.847143828868866,0.847143828868866,0.008438202552497387,0.0001943299642296606,0.24952970445156097,0.17824392020702362,1.0,48
18855,0.4106748104095459,0.634951651096344,1.0,2.0201010704040527,0.4539622664451599,0.00244140625,0.007998475804924965,3.2761757373809814,0.1944441944360733,6.260293483734131,807.9705200195312,0.01712392456829548,0.17798113822937012,5.549548625946045,74.0,79.98895263671875,2.5444626808166504,10.498113632202148,0.001518029486760497,17.70833396911621,29.69733238220215,0.5962937591581802,0.740818202495575,0.740818202495575,0.005927407648414373,0.00019959394231553192,0.3184858560562134,0.34126827120780945,1.0,48
18941,0.2881661355495453,0.3918435871601105,1.0,0.8502171039581299,0.84418785572052,0.0185546875,0.0038152141496539116,0.2056199610233307,0.03900330886244774,0.8262946009635925,201.62265014648438,0.09235962480306625,0.41786447167396545,7.015015125274658,73.18421173095703,100.17106628417969,4.096447944641113,10.48739242553711,0.0020939635578542948,32.0625,36.662864685058594,0.8745224975374434,0.876811146736145,0.876811146736145,0.009984830394387245,0.00027234179536802524,0.32457229495048523,0.13254356384277344,1.0,48
19014,0.34762683510780334,0.44373756647109985,0.9999999403953552,0.7416167855262756,0.7245532274246216,0.03466796875,0.00845189206302166,0.24379542469978333,0.06821348518133163,1.5644397735595703,204.40744018554688,0.15061156451702118,0.49287453293800354,7.264533042907715,75.46479034423828,137.07305908203125,6.198963165283203,10.31850814819336,0.003710441291332245,23.64583396911621,33.50140380859375,0.7058162128714272,0.7160448431968689,0.7160448431968689,0.009997010231018066,0.00029840571115021707,0.22655361890792847,0.21916420757770538,1.0,48
19119,0.2932341694831848,0.42469605803489685,1.0,0.935005784034729,0.8463039994239807,0.00830078125,0.0009296003263443708,0.11198949813842773,0.011739795096218586,0.22612452507019043,224.23703002929688,0.04803864285349846,0.3481316864490509,6.701871395111084,80.23529052734375,94.27787017822266,4.0197224617004395,10.516768455505371,0.0019425484351813793,20.229167938232422,34.23998260498047,0.5908054383585428,0.8996366262435913,0.8996366262435913,0.003916315268725157,0.000114378424567649,0.2795524001121521,0.039438605308532715,1.0,48
19222,0.3440670967102051,0.42386192083358765,1.0,0.8192548155784607,0.6937132477760315,0.0078125,0.0012055897386744618,0.15431548655033112,0.018443960696458817,0.4662853479385376,365.99981689453125,0.04568839073181152,0.3053496479988098,6.659096717834473,74.4375,108.58599090576172,3.127209424972534,10.48753547668457,0.0015434841625392437,25.979167938232422,44.12535858154297,0.5887582280909003,0.8305902481079102,0.8305902481079102,0.008186101913452148,0.0001855192155882239,0.23297664523124695,0.05143849924206734,1.0,48
19361,0.451627254486084,0.600696861743927,1.0,1.7702577114105225,0.5068235397338867,0.00634765625,0.0026379276532679796,0.4155750572681427,0.05364580824971199,1.9592912197113037,970.7108764648438,0.03844451159238815,0.25859159231185913,6.298274993896484,71.23076629638672,76.89751434326172,2.396406412124634,10.507694244384766,0.001537105068564415,22.104167938232422,26.056737899780273,0.8483091020359739,0.792731761932373,0.792731761932373,0.010766491293907166,0.0004131941354741114,0.32472503185272217,0.11255157738924026,1.0,48
19407,0.26549389958381653,0.3337599039077759,1.0,1.0226261615753174,0.7402530908584595,0.0283203125,0.007315472699701786,0.2583118677139282,0.06880000233650208,1.4027823209762573,234.34088134765625,0.12885403633117676,0.4598653018474579,7.147347450256348,71.9137954711914,133.1065216064453,6.5098395347595215,10.316606521606445,0.003865660633891821,20.33333396911621,28.023693084716797,0.725576529131686,0.7813745737075806,0.7813745737075806,0.00720179732888937,0.00025698958750897463,0.3240112364292145,0.21755777299404144,1.0,48
19413,0.2759253680706024,0.3074520528316498,1.0,1.0014206171035767,0.7909532785415649,0.0126953125,0.0032901621889322996,0.2591635584831238,0.06297718733549118,2.5889382362365723,1397.4053955078125,0.06804874539375305,0.31046032905578613,6.911462306976318,72.07691955566406,86.7924575805664,2.895528554916382,10.46069622039795,0.0018629812402650714,17.95833396911621,30.46479606628418,0.5894782267423799,0.7983733415603638,0.7983733415603638,0.006065010093152523,0.0001990825764257759,0.358542263507843,0.1325191706418991,1.0,48
19462,0.3314906656742096,0.4154668152332306,1.0,0.7192970514297485,0.7397005558013916,0.0087890625,0.0019280326087027788,0.21936726570129395,0.02861940674483776,0.8286136984825134,455.3600158691406,0.05035991966724396,0.3221158981323242,6.546124458312988,74.55555725097656,111.8364028930664,3.6347196102142334,10.505054473876953,0.0014070714823901653,26.104167938232422,44.5853385925293,0.5854877131459432,0.8244394659996033,0.8244394659996033,0.009066034108400345,0.00020334115188004953,0.2685896158218384,0.0817454531788826,1.0,48
19540,0.4726411998271942,0.5812277793884277,1.0,1.6332873106002808,0.48195570707321167,0.00390625,0.0024044732563197613,0.6155451536178589,0.05361681804060936,1.886568307876587,883.74072265625,0.02555946074426174,0.21216510236263275,5.608515739440918,55.5,98.58230590820312,2.9432713985443115,10.516852378845215,0.00143905496224761,20.89583396911621,34.452693939208984,0.6065079845402327,0.7534329295158386,0.7534329295158386,0.009171443060040474,0.0002662039454319956,0.2901926338672638,0.10259086638689041,1.0,48
19604,0.2677454650402069,0.3402442932128906,1.0,1.0472792387008667,0.7086929678916931,0.01171875,0.00281770178116858,0.2404438853263855,0.040625326335430145,1.3333687782287598,638.4759521484375,0.0637580007314682,0.34754303097724915,6.896902084350586,71.70833587646484,84.82122802734375,3.0810749530792236,10.495052337646484,0.0019086614483967423,18.14583396911621,32.49421691894531,0.5584327207759914,0.8195087909698486,0.8195087909698486,0.0073682283982634544,0.0002267550688904264,0.7261339426040649,0.11173877865076065,1.0,48
19607,0.3493006229400635,0.471874475479126,1.0,0.9704235792160034,0.6381019949913025,0.0185546875,0.005219154059886932,0.2812849283218384,0.05692112445831299,1.139206886291504,261.9971923828125,0.09235962480306625,0.4096372723579407,7.081995964050293,74.84210205078125,108.45039367675781,3.6658029556274414,10.46267318725586,0.0018980507738888264,19.854167938232422,36.97661590576172,0.5369384798074328,0.8342106342315674,0.8342106342315674,0.007978369481861591,0.000215767973468354,0.385328084230423,0.17989008128643036,1.0,48
19735,0.36414405703544617,0.4919135868549347,1.0,0.5997399091720581,0.7818107604980469,0.0078125,0.0009410519851371646,0.12045465409755707,0.013817247934639454,0.4090261459350586,474.12738037109375,0.04568839073181152,0.3237842917442322,6.644900321960449,73.1875,92.02600860595703,2.9866695404052734,10.455815315246582,0.002079182304441929,14.208333969116211,22.699636459350586,0.6259278199587263,0.8000125885009766,0.8000125885009766,0.004059286322444677,0.00017882604983236587,0.3638931214809418,0.040151551365852356,1.0,48
19925,0.4010794162750244,0.6113877296447754,1.0,1.0462850332260132,0.6714648604393005,0.03076171875,0.009157995693385601,0.29770752787590027,0.07635684311389923,1.4223490953445435,166.3559112548828,0.13738007843494415,0.48061978816986084,7.127087593078613,72.77777862548828,75.25753021240234,3.5833487510681152,10.519140243530273,0.0020505725406110287,21.479167938232422,27.04714012145996,0.7941382280653349,0.7939673662185669,0.7939673662185669,0.008424238301813602,0.0003114650296063991,0.1804257333278656,0.25415167212486267,1.0,48
19941,0.4293348789215088,0.5986105799674988,1.0,1.0915592908859253,0.5460895299911499,0.0185546875,0.007507531903684139,0.40461644530296326,0.07217279076576233,1.332287073135376,161.2090301513672,0.09235962480306625,0.427171915769577,6.844668388366699,87.21052551269531,86.38428497314453,2.7550201416015625,10.483514785766602,0.0017173131927847862,20.3125,34.49083709716797,0.5889245290535036,0.7973091006278992,0.7973091006278992,0.010661008767783642,0.000309096840261034,0.3189537227153778,0.24851007759571075,1.0,48
20017,0.2605300545692444,0.30546286702156067,1.0,0.870603621006012,0.7034583687782288,0.00244140625,0.0001659049594309181,0.06795467436313629,0.0036702866200357676,0.10187692940235138,599.8411254882812,0.01712392456829548,0.1968253254890442,5.69489049911499,66.0,117.82568359375,5.091639995574951,10.390436172485352,0.003064593067392707,22.229167938232422,31.709373474121094,0.7010282921346265,0.7902426719665527,0.7902426719665527,0.006280023604631424,0.0001980494382134744,0.3288523256778717,0.007078611757606268,1.0,48
20118,0.2757837176322937,0.4143429398536682,1.0,1.4588189125061035,0.6529964208602905,0.00244140625,0.0005871490575373173,0.24049624800682068,0.013478610664606094,0.4028894901275635,684.8451538085938,0.01712392456829548,0.18932494521141052,5.632937431335449,62.79999923706055,89.15570831298828,2.699394941329956,10.512537002563477,0.0015430506318807602,28.0625,43.67768478393555,0.6424905562736318,0.8261458277702332,0.8261458277702332,0.009241882711648941,0.0002115927791331132,0.40935081243515015,0.025051692500710487,1.0,48
20312,0.3615199625492096,0.46651333570480347,1.0,1.5978302955627441,0.5562613606452942,0.00732421875,0.004955851472914219,0.6766389012336731,0.09326647222042084,2.8737146854400635,773.74658203125,0.0433073565363884,0.27857208251953125,6.344107627868652,64.80000305175781,99.96346282958984,2.9084651470184326,10.460020065307617,0.0018251498695462942,22.39583396911621,34.418678283691406,0.6506883785023534,0.7677414417266846,0.7677414417266846,0.011096286587417126,0.00032239142051689306,0.3580555319786072,0.21144963800907135,1.0,48
20513,0.46119818091392517,0.6260285973548889,1.0,1.4925330877304077,0.46651691198349,0.01025390625,0.009254682809114456,0.9025519490242004,0.11535193771123886,2.5761754512786865,255.83828735351562,0.057165034115314484,0.35737648606300354,6.418595314025879,64.38095092773438,123.93218231201172,4.878880023956299,10.39454174041748,0.0027975179255008698,21.02083396911621,37.602691650390625,0.5590247144796506,0.8263720273971558,0.8263720273971558,0.009640520438551903,0.00025637846688264857,0.29226213693618774,0.38296249508857727,1.0,48
20566,0.2978752553462982,0.40488508343696594,1.0,1.1226742267608643,0.7270082235336304,0.00341796875,0.002176004694774747,0.6366367936134338,0.07226578891277313,3.177675724029541,1822.8414306640625,0.02282176911830902,0.12501412630081177,5.787447929382324,53.85714340209961,98.80020141601562,2.371782064437866,10.535533905029297,0.0011673218104988337,19.25,55.09306335449219,0.3494087789717415,0.876391589641571,0.876391589641571,0.010650302283465862,0.0001933147593010783,0.21801701188087463,0.09284287691116333,1.0,48
20778,0.2850496470928192,0.338628351688385,0.9999999403953552,1.002216100692749,0.8026777505874634,0.0048828125,0.0005449991440400481,0.11161582171916962,0.011189673095941544,0.3732091784477234,756.1527709960938,0.03085736557841301,0.2390272617340088,6.450308799743652,92.4000015258789,97.26715087890625,4.445657253265381,10.500116348266602,0.0021328995935618877,23.0625,36.40337371826172,0.6335264465363399,0.8946694731712341,0.8946694731712341,0.006345793604850769,0.00017431883243074857,0.2367905229330063,0.023253297433257103,1.0,48
21010,0.30916616320610046,0.4975079298019409,0.9999999403953552,0.9617185592651367,0.7672613859176636,0.00439453125,0.0006099541205912828,0.13879844546318054,0.010778105817735195,0.3142196536064148,518.4830932617188,0.02823571488261223,0.26470044255256653,6.407761096954346,87.77777862548828,93.4613265991211,3.4368536472320557,10.51163387298584,0.001690243138000369,24.4375,37.69553756713867,0.6482862845500493,0.8869379758834839,0.8869379758834839,0.006221432238817215,0.00016504426355734865,0.262030690908432,0.02602470852434635,1.0,48
21056,0.46253758668899536,0.6542836427688599,0.9999999403953552,1.7128278017044067,0.4603291153907776,0.01171875,0.006189069710671902,0.5281339287757874,0.07786820083856583,2.0373759269714355,404.04327392578125,0.0637580007314682,0.37111034989356995,6.46841287612915,71.54166412353516,117.35782623291016,6.122313499450684,10.345587730407715,0.003735240548849106,19.916667938232422,27.049915313720703,0.7362931713419092,0.7621496915817261,0.7621496915817261,0.006592010613530874,0.00024369801290099365,0.5883543491363525,0.23475144803524017,1.0,48
21332,0.38650304079055786,0.6126480102539062,1.0,1.4810148477554321,0.507585883140564,0.005859375,0.0013207036536186934,0.22540009021759033,0.022242629900574684,0.7242957353591919,628.0645751953125,0.03595767915248871,0.2862115204334259,6.236739635467529,78.0,103.07013702392578,2.6659982204437256,10.482175827026367,0.0013987852726131678,22.291667938232422,43.47468566894531,0.5127505257393551,0.8713223934173584,0.8713223934173584,0.010016567073762417,0.00023039998834571026,0.19358563423156738,0.05635002255439758,1.0,48
21435,0.3768458068370819,0.5040823817253113,0.9999999403953552,0.77199387550354,0.7133365273475647,0.0400390625,0.009357685223221779,0.23371389508247375,0.06166389212012291,0.8653404116630554,85.42839050292969,0.1680682897567749,0.5299178957939148,7.290203094482422,77.80487823486328,92.81095123291016,4.019320011138916,10.470706939697266,0.002017413266003132,15.958333969116211,37.1485710144043,0.4295813682478548,0.8334779143333435,0.8334779143333435,0.00842348113656044,0.00022675114827503694,0.26571547985076904,0.19053752720355988,1.0,48
21586,0.4020785391330719,0.4603096544742584,1.0,0.8134498000144958,0.6752833127975464,0.01220703125,0.0012824027799069881,0.10505443811416626,0.015113878063857555,0.2634129524230957,202.3505401611328,0.06591325998306274,0.37169337272644043,6.857518672943115,79.08000183105469,133.77105712890625,6.106170654296875,10.310298919677734,0.003822303144261241,24.6875,33.87384796142578,0.7288070732567818,0.8445409536361694,0.8445409536361694,0.005978128872811794,0.00017648213093046392,0.5320495367050171,0.05172852799296379,1.0,48
21621,0.4181337058544159,0.46966955065727234,1.0,0.6936864256858826,0.6604654788970947,0.0244140625,0.004179045557975769,0.17117370665073395,0.03488761559128761,0.5606245994567871,120.23917388916016,0.1147531270980835,0.4671131372451782,6.853833198547363,77.72000122070312,75.2378921508789,2.5260677337646484,10.507770538330078,0.0016293907538056374,18.8125,24.851667404174805,0.7569914600285449,0.7025162577629089,0.7025162577629089,0.007071556057780981,0.0002845505671682831,0.3805260956287384,0.11978467553853989,1.0,48
21696,0.47524258494377136,0.6012390851974487,1.0,0.8540247082710266,0.6346436738967896,0.02001953125,0.006527529563754797,0.3260580599308014,0.05824818089604378,1.229964256286621,164.11224365234375,0.09811511635780334,0.44792693853378296,7.206710338592529,82.34146118164062,97.93733978271484,2.3021116256713867,10.4422607421875,0.0013251930940896273,22.8125,44.9984130859375,0.5069623222348597,0.8342294692993164,0.8342294692993164,0.009534555487334728,0.0002118864829078943,0.28566774725914,0.19626988470554352,1.0,48
21724,0.2839481234550476,0.36476871371269226,1.0,0.7872042655944824,0.8439874649047852,0.00439453125,0.00048355237231589854,0.11003503203392029,0.008865561336278915,0.2327154278755188,470.04248046875,0.02823571488261223,0.2533944547176361,6.261191368103027,74.11111450195312,102.17316436767578,3.738518476486206,10.4951810836792,0.0017549677286297083,22.6875,37.48863983154297,0.605183332761486,0.8844451308250427,0.8844451308250427,0.007421952672302723,0.0001979787131161291,0.33627352118492126,0.020631568506360054,1.0,48
21777,0.34680697321891785,0.39967218041419983,1.0,0.8785872459411621,0.587610125541687,0.0029296875,0.00042268692050129175,0.14427714049816132,0.008752234280109406,0.24918115139007568,583.8998413085938,0.020013848319649696,0.21722936630249023,5.976704120635986,90.0,134.72415161132812,5.912655830383301,10.359405517578125,0.0032521127723157406,23.166667938232422,40.2520866394043,0.5755395525209442,0.7207991480827332,0.7207991480827332,0.008576951920986176,0.00021308092660366734,0.7603264451026917,0.018034642562270164,1.0,48
21891,0.24284808337688446,0.34461796283721924,1.0,0.8559132814407349,0.8599094152450562,0.0078125,0.0011850264854729176,0.15168339014053345,0.01628751866519451,0.32376474142074585,273.00164794921875,0.04568839073181152,0.3275500535964966,6.7430830001831055,79.9375,82.43489837646484,3.54065203666687,10.515554428100586,0.001997467363253236,22.14583396911621,30.636154174804688,0.7228659914533393,0.8968130350112915,0.8968130350112915,0.005333703942596912,0.00017409835158886853,0.4221110939979553,0.05056113004684448,1.0,48
21947,0.26196834444999695,0.41001516580581665,1.0,1.4684170484542847,0.6627044677734375,0.00244140625,0.0002752280270215124,0.1127334013581276,0.00746376346796751,0.27235618233680725,1029.0936279296875,0.01712392456829548,0.15123263001441956,5.777736186981201,69.0,83.73577880859375,1.6965892314910889,10.533690452575684,0.0010472972644492984,21.95833396911621,33.46968078613281,0.6560664292816722,0.8687082529067993,0.8687082529067993,0.005901585333049297,0.00017632631063906604,0.258870393037796,0.011743061244487762,1.0,48
21970,0.49329623579978943,0.6039058566093445,1.0,1.6928117275238037,0.424702525138855,0.00390625,0.0012054386315867305,0.308592289686203,0.024496212601661682,0.8264110088348389,779.4810791015625,0.02555946074426174,0.2361011505126953,5.859037399291992,72.75,84.64351654052734,2.4672935009002686,10.497051239013672,0.0014564624289050698,23.666667938232422,37.60267639160156,0.6293878575415557,0.810299277305603,0.810299277305603,0.006309502758085728,0.00016779398069167745,0.29882586002349854,0.051432054489851,1.0,48
22022,0.5934735536575317,0.7702575922012329,1.0,0.9331924915313721,0.5410419702529907,0.01416015625,0.004973656497895718,0.3512430489063263,0.05496875196695328,1.104659914970398,185.81939697265625,0.07434378564357758,0.38875213265419006,6.892340660095215,66.48275756835938,92.57830047607422,2.160814046859741,10.522249221801758,0.0012138530146330595,23.416667938232422,56.023956298828125,0.41797597815387555,0.8882737159729004,0.8882737159729004,0.007499396335333586,0.000133860527342869,0.29889529943466187,0.1932518482208252,1.0,48
22248,0.46293434500694275,0.5679063200950623,1.0,0.7396405339241028,0.6448370218276978,0.03466796875,0.005065876990556717,0.14612558484077454,0.037357207387685776,0.6379353404045105,138.81834411621094,0.15061156451702118,0.5069119930267334,7.286329746246338,69.5633773803711,92.18810272216797,2.771254539489746,10.477865219116211,0.001746786874718964,15.395833969116211,41.530399322509766,0.37071239902729364,0.8827983736991882,0.8827983736991882,0.005238804034888744,0.00012614383967138592,0.18672581017017365,0.1191958487033844,1.0,48
22341,0.3308325707912445,0.4527159035205841,1.0,0.9568061828613281,0.6368905305862427,0.00634765625,0.002135693794116378,0.336453914642334,0.05499788373708725,2.3862380981445312,1725.497802734375,0.03844451159238815,0.22067227959632874,6.492761611938477,84.53845977783203,141.7484893798828,5.993332862854004,10.357917785644531,0.0032192140351980925,26.854167938232422,36.08085632324219,0.7442774553410755,0.8265060186386108,0.8265060186386108,0.009140176698565483,0.0002533248272753552,0.277626633644104,0.09112294763326645,1.0,48
23006,0.38027557730674744,0.4902702867984772,1.0,0.9627873301506042,0.6053365468978882,0.00732421875,0.0019754504319280386,0.2697148323059082,0.03716479614377022,1.4561374187469482,1162.2867431640625,0.0433073565363884,0.28354573249816895,6.600787162780762,81.33333587646484,116.03697967529297,3.507322311401367,10.450515747070312,0.0019164993427693844,26.291667938232422,42.112266540527344,0.6243232694846055,0.812682032585144,0.812682032585144,0.012081174179911613,0.00028688016982929,0.29403069615364075,0.08428588509559631,1.0,48
23209,0.3084600865840912,0.4001423120498657,1.0,0.9273532629013062,0.7365261316299438,0.00341796875,0.0004381580511108041,0.12819252908229828,0.011198974214494228,0.45415976643562317,1343.435302734375,0.02282176911830902,0.18826693296432495,6.040322303771973,73.0,79.8647689819336,2.7061328887939453,10.493854522705078,0.0017880279337987304,17.791667938232422,32.1930046081543,0.5526563347926629,0.783942461013794,0.783942461013794,0.006163196172565222,0.0001914451989078916,0.28296196460723877,0.018694745376706123,1.0,48
23526,0.3379145562648773,0.3723519444465637,1.0,0.75307697057724,0.802049458026886,0.015625,0.0036851195618510246,0.23584765195846558,0.035422008484601974,0.615145742893219,158.35736083984375,0.08048483729362488,0.4251362085342407,7.128395080566406,70.1875,100.9786376953125,4.5163445472717285,10.4027099609375,0.0029428070411086082,15.895833969116211,45.72810363769531,0.3476162950377969,0.7864503264427185,0.7864503264427185,0.0072673410177230835,0.00015892504691891713,0.8045631647109985,0.12079606205224991,1.0,48
23639,0.38162121176719666,0.43372616171836853,1.0,0.5922266840934753,0.7918971180915833,0.05908203125,0.00901423767209053,0.15257155895233154,0.04503857344388962,0.5062594413757324,44.208274841308594,0.22443419694900513,0.5941449403762817,7.411157608032227,76.1900863647461,95.31916046142578,1.9164084196090698,10.53558349609375,0.0010253977961838245,26.58333396911621,32.58177947998047,0.8158957056747347,0.8674606680870056,0.8674606680870056,0.00523066520690918,0.00016053958036631213,0.1756041944026947,0.12314414232969284,1.0,48
23881,0.4005126953125,0.5055625438690186,0.9999999403953552,1.3832881450653076,0.5752205848693848,0.00390625,0.0020619425922632217,0.5278573036193848,0.046678461134433746,1.681692123413086,904.6237182617188,0.02555946074426174,0.2080327719449997,6.159524917602539,91.25,91.24440002441406,2.0606799125671387,10.524680137634277,0.0011777353938668966,18.52083396911621,40.66182327270508,0.4554845915380725,0.8348443508148193,0.8348443508148193,0.00708798598498106,0.00017431549824269274,0.4615600109100342,0.08797620981931686,1.0,48
23942,0.35590383410453796,0.45592185854911804,1.0,0.7018881440162659,0.7623482942581177,0.0078125,0.0009558451129123569,0.12234817445278168,0.013355488888919353,0.27837616205215454,281.2777404785156,0.04568839073181152,0.3264481723308563,6.582324028015137,72.6875,101.26453399658203,2.8869900703430176,10.489423751831055,0.0015071327798068523,27.041667938232422,36.130096435546875,0.7484526917604001,0.840014636516571,0.840014636516571,0.006821274757385254,0.0001887975795377649,0.2501632571220398,0.04078272357583046,1.0,48
23975,0.28816330432891846,0.34673798084259033,1.0,1.3356939554214478,0.6960864663124084,0.00341796875,0.0015841430285945535,0.46347498893737793,0.04838006943464279,2.1318182945251465,1835.501708984375,0.02282176911830902,0.1589118242263794,6.023459434509277,80.57142639160156,90.40853118896484,2.344587802886963,10.505270957946777,0.0013534445315599442,18.604167938232422,33.21143341064453,0.5601735915038193,0.8711695671081543,0.8711695671081543,0.006637836806476116,0.00019986601368280526,0.35123997926712036,0.06759010255336761,1.0,48
24286,0.3060179650783539,0.46773239970207214,1.0,0.8392568826675415,0.8118319511413574,0.00927734375,0.001723987516015768,0.18582770228385925,0.02435612864792347,0.7151965498924255,459.1391296386719,0.05265381559729576,0.33658552169799805,6.918125152587891,79.68421173095703,83.57167053222656,3.4673573970794678,10.513171195983887,0.0018796550575643778,17.5625,36.20136260986328,0.48513367257517687,0.8925892114639282,0.8925892114639282,0.011130696162581444,0.0003074662210773844,0.2865174114704132,0.07208500057458878,1.0,48
24318,0.38363537192344666,0.5093683004379272,1.0,1.8288421630859375,0.5183639526367188,0.00537109375,0.0014679091982543468,0.2732979953289032,0.028145968914031982,0.8309459686279297,629.1630249023438,0.03342986851930618,0.2515046000480652,6.172619819641113,72.54545593261719,123.8494644165039,5.930418014526367,10.337191581726074,0.003597010625526309,19.6875,33.95204162597656,0.5798620363123776,0.8325046300888062,0.8325046300888062,0.00899664219468832,0.00026498088954848647,0.3041791319847107,0.062630794942379,1.0,48
24409,0.2642609179019928,0.36649417877197266,1.0,1.4151242971420288,0.6830292344093323,0.00390625,0.0030768290162086487,0.7876682281494141,0.1123097613453865,5.0256195068359375,1952.42236328125,0.02555946074426174,0.09982436150312424,6.066403388977051,72.0,99.68791961669922,3.586153268814087,10.460931777954102,0.002129456726834178,19.9375,34.423439025878906,0.5791838514222684,0.8333899974822998,0.8333899974822998,0.008036195300519466,0.00023345126244195098,0.30879515409469604,0.13127803802490234,1.0,48
24514,0.3905394971370697,0.5229676365852356,1.0000001192092896,1.8663538694381714,0.498334139585495,0.0068359375,0.0016471724957227707,0.2409578114748001,0.027915440499782562,0.7978209257125854,511.59783935546875,0.04089350998401642,0.28612062335014343,6.424005508422852,78.35713958740234,78.15315246582031,2.2038280963897705,10.522324562072754,0.001442322856746614,17.729167938232422,28.302875518798828,0.6264087166758934,0.813918948173523,0.813918948173523,0.008493941277265549,0.0003001087740580552,0.2980705201625824,0.07027935236692429,1.0,48
24544,0.3740219175815582,0.512349009513855,1.0,1.0155621767044067,0.6476685404777527,0.02490234375,0.00947628915309906,0.38053804636001587,0.08788225054740906,1.8487110137939453,220.2605743408203,0.11654888093471527,0.4533647298812866,7.0587286949157715,65.66666412353516,90.83574676513672,2.8638882637023926,10.474832534790039,0.0017584261950105429,20.791667938232422,32.20520782470703,0.645599557840008,0.7929865717887878,0.7929865717887878,0.006839808076620102,0.00021238205049709232,0.365159809589386,0.2800743281841278,1.0,48
24607,0.38438066840171814,0.5075570940971375,1.0,1.5370500087738037,0.5390517115592957,0.0068359375,0.0021167811937630177,0.3096548616886139,0.034170858561992645,0.8168483376502991,388.6807861328125,0.04089350998401642,0.2901345491409302,6.582716464996338,82.28571319580078,100.67243957519531,3.406787395477295,10.443971633911133,0.0020754067227244377,17.666667938232422,36.334102630615234,0.4862282719068489,0.818752646446228,0.818752646446228,0.007689529564231634,0.00021163394732187692,0.25021740794181824,0.09031599760055542,1.0,48
24646,0.3070555627346039,0.4244690239429474,0.9999999403953552,1.1468708515167236,0.6181046962738037,0.00439453125,0.0011316090822219849,0.2575039267539978,0.02063516341149807,0.4429704546928406,371.9444885253906,0.02823571488261223,0.24713654816150665,6.0152387619018555,66.44444274902344,106.4170913696289,3.940716505050659,10.468036651611328,0.001987871713936329,24.8125,37.41718673706055,0.6631310944815818,0.7868804931640625,0.7868804931640625,0.008849019184708595,0.0002364961119211819,0.26117193698883057,0.04828198626637459,1.0,48
24693,0.32071635127067566,0.4496505856513977,0.9999999403953552,1.5155360698699951,0.6501175761222839,0.00341796875,0.0007231172057799995,0.21156343817710876,0.013452636078000069,0.383203387260437,465.6546936035156,0.02282176911830902,0.24153922498226166,5.647429466247559,53.71428680419922,96.70040130615234,4.35457706451416,10.420969009399414,0.0029604891315102577,21.791667938232422,45.0709342956543,0.4834971423145889,0.8302321434020996,0.8302321434020996,0.011548254638910294,0.0002562239904013156,0.4510226845741272,0.03085300326347351,1.0,48
24758,0.23840777575969696,0.44534680247306824,1.0,1.067169427871704,0.8372300863265991,0.005859375,0.0012819071998819709,0.2187788337469101,0.02053147368133068,0.5285694003105164,405.15087890625,0.03595767915248871,0.29016798734664917,6.550637245178223,82.0,88.02841186523438,4.428339958190918,10.506248474121094,0.0019554514437913895,22.9375,46.75055694580078,0.49063586604295906,0.8545794486999512,0.8545794486999512,0.008187731727957726,0.00017513656009913688,1.353581190109253,0.054694708436727524,1.0,48
24852,0.4102349877357483,0.6035283803939819,1.0,1.0132008790969849,0.6112728118896484,0.00439453125,0.0012068534269928932,0.2746261954307556,0.022909266874194145,0.6407381892204285,576.76953125,0.02823571488261223,0.24825677275657654,5.986912250518799,63.22222137451172,77.82199096679688,3.387747287750244,10.521224975585938,0.002125899773091078,20.02083396911621,29.01880645751953,0.6899261687942037,0.7908071279525757,0.7908071279525757,0.007249399088323116,0.0002498172726861561,0.3356325030326843,0.05149241164326668,1.0,48
24866,0.37813982367515564,0.5507176518440247,0.9999999403953552,0.7435954213142395,0.7232031226158142,0.02734375,0.005711760371923447,0.2088872343301773,0.04954058304429054,0.8666646480560303,146.31626892089844,0.1253839135169983,0.46106839179992676,7.191686630249023,77.21428680419922,110.61940002441406,3.169293165206909,10.500595092773438,0.0015949499793350697,28.08333396911621,43.057159423828125,0.6522337826831272,0.8039926290512085,0.8039926290512085,0.008751130662858486,0.00020324449587315566,0.1976468414068222,0.16782939434051514,1.0,48
24939,0.370047390460968,0.48761382699012756,1.0,1.466370940208435,0.5390527248382568,0.00244140625,0.0002606813213787973,0.10677506774663925,0.006863077636808157,0.22832608222961426,951.0419921875,0.01712392456829548,0.16434945166110992,5.758167743682861,86.5999984741211,100.46622467041016,3.1978516578674316,10.487825393676758,0.001809920882806182,20.95833396911621,34.920379638671875,0.6001748600666579,0.8008850812911987,0.8008850812911987,0.008672780357301235,0.00024835870756723246,0.3311939835548401,0.011122402735054493,1.0,48
25040,0.23653006553649902,0.2745613157749176,1.0,1.2235585451126099,0.736168384552002,0.00390625,0.0004653731593862176,0.1191355288028717,0.009158776141703129,0.2477428913116455,531.3482055664062,0.02555946074426174,0.2351386994123459,6.205476760864258,78.625,80.28337097167969,2.6655757427215576,10.525619506835938,0.001616824185475707,17.20833396911621,34.14641571044922,0.5039572560118126,0.8251334428787231,0.8251334428787231,0.006888783536851406,0.00020174250771292312,0.35623371601104736,0.019855922088027,1.0,48
25599,0.4918856620788574,0.6349404454231262,1.0,2.2674179077148438,0.40928465127944946,0.0029296875,0.001080100191757083,0.3686741888523102,0.023941366001963615,0.6691935658454895,628.9813842773438,0.020013848319649696,0.20228399336338043,5.632268905639648,71.83333587646484,120.78199768066406,4.657206058502197,10.44760799407959,0.002522081136703491,26.375,83.1262435913086,0.31728848625110734,0.9357892870903015,0.9357892870903015,0.015088057145476341,0.00018150774643254568,0.2247219979763031,0.04608427360653877,1.0,48
25676,0.35314130783081055,0.4648931324481964,0.9999999403953552,1.2016243934631348,0.616515040397644,0.00244140625,0.0007986857672221959,0.3271417021751404,0.018312692642211914,0.5841507315635681,726.7562866210938,0.01712392456829548,0.1914646476507187,5.8222455978393555,76.19999694824219,101.07696533203125,2.587728261947632,10.513500213623047,0.0014250411186367273,24.14583396911621,39.246639251708984,0.615233161955707,0.840472400188446,0.840472400188446,0.008148202672600746,0.0002076152971536227,0.2698311507701874,0.03407726064324379,1.0,48
25754,0.2758030593395233,0.39212384819984436,1.0,1.4453822374343872,0.6814473271369934,0.00244140625,0.00018383876886218786,0.07530035823583603,0.0048498534597456455,0.2012096643447876,1453.0501708984375,0.01712392456829548,0.1750502586364746,5.687756538391113,64.19999694824219,86.15548706054688,3.1807093620300293,10.53162956237793,0.0012761629186570644,22.0,38.85089874267578,0.5662674662959963,0.83710116147995,0.83710116147995,0.0077631715685129166,0.00019981961338740568,0.34340429306030273,0.007843787781894207,1.0,48
25926,0.37418895959854126,0.4431886076927185,1.0,0.9732972979545593,0.5202542543411255,0.005859375,0.0005598047282546759,0.09554000943899155,0.008933554403483868,0.19695782661437988,337.0185852050781,0.03595767915248871,0.29073330760002136,6.427033424377441,74.16666412353516,109.55269622802734,2.586366891860962,10.527463912963867,0.0012312015751376748,27.229167938232422,46.101806640625,0.5906312553992562,0.8594449758529663,0.8594449758529663,0.009608214721083641,0.00020841297595770866,0.23407474160194397,0.023885002359747887,1.0,48
25994,0.4310317039489746,0.4912234842777252,1.0,0.5860432982444763,0.7461838722229004,0.10546875,0.013480331748723984,0.12781351804733276,0.05303807929158211,0.5254591703414917,29.477191925048828,0.33693552017211914,0.6586361527442932,7.63254976272583,73.68981170654297,76.28013610839844,1.7227098941802979,10.531074523925781,0.0010998715879395604,16.95833396911621,22.633575439453125,0.7492556360345604,0.8187239170074463,0.8187239170074463,0.002977867377921939,0.0001315685798106587,0.22299912571907043,0.1343356817960739,1.0,48
26138,0.3217129111289978,0.38698795437812805,1.0000001192092896,0.7921362519264221,0.6835823059082031,0.01416015625,0.0021134079433977604,0.149250328540802,0.02202465757727623,0.4201817214488983,196.40492248535156,0.07434378564357758,0.4071751832962036,7.007102966308594,76.89655303955078,135.81124877929688,6.449483394622803,10.299856185913086,0.003953894134610891,15.458333969116211,29.151504516601562,0.5302756828557528,0.8229180574417114,0.8229180574417114,0.005755174905061722,0.00019742291173376536,0.36948153376579285,0.0732380673289299,1.0,48
26257,0.35698482394218445,0.5372472405433655,0.9999999403953552,0.9980729818344116,0.7604509592056274,0.0654296875,0.02329401485621929,0.35601598024368286,0.13761810958385468,2.046868085861206,84.35350036621094,0.2416532039642334,0.5719916224479675,7.41555118560791,71.14179229736328,104.70447540283203,4.467301845550537,10.444697380065918,0.0025034986902028322,29.4375,35.44549560546875,0.830500448332092,0.8454502820968628,0.8454502820968628,0.006831456907093525,0.00019273131292068074,0.16319355368614197,0.43293213844299316,1.0,48
26354,0.3529469668865204,0.4683423340320587,1.0000001192092896,0.81560218334198,0.6811516284942627,0.1298828125,0.03629074990749359,0.2794114947319031,0.12911035120487213,1.5363110303878784,26.418933868408203,0.3861638903617859,0.6846708059310913,7.531646728515625,72.28947448730469,94.96246337890625,2.6784753799438477,10.518152236938477,0.0014092358760535717,32.9375,36.091068267822266,0.91262191926416,0.8605002760887146,0.8605002760887146,0.008121730759739876,0.00022503436853739872,0.14068306982517242,0.31168070435523987,1.0,48
26385,0.31245383620262146,0.36532074213027954,1.0,1.0103603601455688,0.671262264251709,0.01416015625,0.0040310765616595745,0.2846774160861969,0.04676273465156555,0.983916699886322,247.29428100585938,0.07434378564357758,0.38575276732444763,6.9046735763549805,80.96551513671875,101.84144592285156,2.33520770072937,10.497245788574219,0.0013575556222349405,28.08333396911621,43.14777755737305,0.6508639738226499,0.8518308401107788,0.8518308401107788,0.012227344326674938,0.0002833829461455475,0.24147295951843262,0.15151460468769073,1.0,48
26387,0.4274604916572571,0.5841063261032104,1.0,0.88545161485672,0.6206191182136536,0.025390625,0.0037571461871266365,0.14797376096248627,0.031078610569238663,0.6109492778778076,147.5740966796875,0.1183348149061203,0.4703810513019562,7.04396915435791,77.44230651855469,101.75455474853516,3.241722583770752,10.435064315795898,0.0020887190476059914,20.541667938232422,36.81655502319336,0.5579464977022511,0.8382306098937988,0.8382306098937988,0.007502979598939419,0.00020379363555810215,0.22634200751781464,0.10082682222127914,1.0,48
26469,0.4443999230861664,0.5182475447654724,1.0,0.7787303924560547,0.6907118558883667,0.00390625,0.00037315074587240815,0.09552659094333649,0.0066442363895475864,0.17362749576568604,420.94500732421875,0.02555946074426174,0.2555539309978485,6.176178455352783,74.625,69.4456787109375,1.580766201019287,10.520105361938477,0.001121965004131198,15.583333969116211,37.906761169433594,0.4110964240746315,0.7562650442123413,0.7562650442123413,0.006412738934159279,0.0001691713756235794,0.5312643647193909,0.015921099111437798,1.0,48
26497,0.29192662239074707,0.3586121201515198,1.0,1.1542764902114868,0.740105390548706,0.0029296875,0.0005505618173629045,0.18792510032653809,0.012455640360713005,0.4138779640197754,751.7683715820312,0.020013848319649696,0.19843308627605438,5.771961688995361,70.66666412353516,82.52022552490234,2.2747488021850586,10.514982223510742,0.001291025197133422,20.95833396911621,38.1746940612793,0.5490111834290821,0.8319293260574341,0.8319293260574341,0.009392067790031433,0.0002460286328030471,0.29542842507362366,0.02349063754081726,1.0,48
26500,0.40597543120384216,0.6529089212417603,0.9999999403953552,1.1116575002670288,0.6371298432350159,0.01416015625,0.011189921759068966,0.7902399897575378,0.13539130985736847,3.858781099319458,396.0345764160156,0.07434378564357758,0.38081851601600647,6.852608680725098,55.75862121582031,85.66703796386719,2.576004981994629,10.474272727966309,0.0017178223934024572,18.33333396911621,44.33428955078125,0.41352492959161213,0.7412955164909363,0.7412955164909363,0.007977521046996117,0.00017994020262936943,0.34101781249046326,0.4287141263484955,1.0,48
26805,0.35363706946372986,0.48514848947525024,1.0,0.8004335165023804,0.7938007712364197,0.01953125,0.004058464430272579,0.20779338479042053,0.04036775603890419,1.1621973514556885,378.0468444824219,0.09620917588472366,0.4359287917613983,7.065171241760254,73.0999984741211,108.93304443359375,4.379361629486084,10.439388275146484,0.0024263544473797083,26.70833396911621,40.21373748779297,0.6641594547281767,0.8385461568832397,0.8385461568832397,0.00786831509321928,0.00019566236770832636,0.3268028795719147,0.12435296177864075,1.0,48
26863,0.3860161006450653,0.4679432809352875,1.0,1.1108806133270264,0.630854070186615,0.0078125,0.004150828346610069,0.5313060283660889,0.05713377147912979,1.5869132280349731,386.2644348144531,0.04568839073181152,0.3336789608001709,6.362567901611328,67.5625,103.07420349121094,2.3407175540924072,10.488779067993164,0.0013337550917640328,17.666667938232422,35.781524658203125,0.49373714792907414,0.802493691444397,0.802493691444397,0.006802212446928024,0.0001901040414013643,0.4517422318458557,0.17710202932357788,1.0,48
26882,0.3422686755657196,0.46149635314941406,1.0,1.029200792312622,0.7457683086395264,0.00341796875,0.0007465420057997108,0.21841685473918915,0.013661898672580719,0.3439655900001526,430.7891845703125,0.02282176911830902,0.2452768236398697,5.888217926025391,64.42857360839844,107.49689483642578,3.321136951446533,10.500190734863281,0.0014435045886784792,29.64583396911621,41.80255889892578,0.7091870627753882,0.8529638051986694,0.8529638051986694,0.007276216056197882,0.0001740614987721301,0.291496217250824,0.03185245767235756,1.0,48
26974,0.273550420999527,0.3803030550479889,1.0,1.3263649940490723,0.6893573999404907,0.01220703125,0.00635088374838233,0.5202643871307373,0.13015271723270416,5.452248573303223,1503.9798583984375,0.06591325998306274,0.2943989038467407,6.843560218811035,78.12000274658203,85.94745635986328,2.7489614486694336,10.526737213134766,0.0015134175773710012,19.14583396911621,32.60779571533203,0.5871551125500452,0.8088218569755554,0.8088218569755554,0.0069717904552817345,0.00021380747456859088,0.33846163749694824,0.2614581882953644,1.0,48
26985,0.3225191831588745,0.580294668674469,1.0,1.1141546964645386,0.6785016655921936,0.0048828125,0.001341200084425509,0.2746777832508087,0.02544274926185608,0.6981043815612793,537.8033447265625,0.03085736557841301,0.2506815195083618,6.3607401847839355,86.4000015258789,108.02302551269531,4.094400882720947,10.41655158996582,0.00242903851903975,19.8125,33.19770812988281,0.5968032466734596,0.768328845500946,0.768328845500946,0.009433731436729431,0.00028416815392734917,0.23867078125476837,0.05722453072667122,1.0,48
27015,0.39481446146965027,0.5319334268569946,1.0,1.2669892311096191,0.6761295795440674,0.0234375,0.004264431074261665,0.18194906413555145,0.03868681564927101,0.7560831308364868,185.79818725585938,0.11113139986991882,0.4536716043949127,7.202274799346924,70.16666412353516,81.7426986694336,1.6396909952163696,10.545788764953613,0.0010030448902398348,23.5625,34.725738525390625,0.6785312852593863,0.7960635423660278,0.7960635423660278,0.007334969472140074,0.00021122573000613545,0.30056336522102356,0.12975238263607025,1.0,48
27036,0.25586047768592834,0.32813191413879395,1.0,0.9822190403938293,0.8705600500106812,0.01416015625,0.0035873358137905598,0.25334012508392334,0.05357302725315094,1.9602723121643066,906.246826171875,0.07434378564357758,0.3550288677215576,6.874844074249268,75.17241668701172,90.08561706542969,4.285158634185791,10.48299789428711,0.0020007845014333725,21.416667938232422,31.840007781982422,0.6726338786771691,0.8942124247550964,0.8942124247550964,0.004473707638680935,0.00014050585878962792,0.3128863275051117,0.13875770568847656,1.0,48
27068,0.3971085548400879,0.5723300576210022,1.0,1.7057965993881226,0.4523478150367737,0.0029296875,0.0013245351146906614,0.4521079957485199,0.03551018610596657,1.4959192276000977,1539.9906005859375,0.020013848319649696,0.1778896600008011,5.881098747253418,79.0,91.74773406982422,3.7492427825927734,10.453779220581055,0.0022402340546250343,17.02083396911621,32.72061538696289,0.5201868535362595,0.7772733569145203,0.7772733569145203,0.006889151409268379,0.00021054467728341767,0.33319249749183655,0.05651349946856499,1.0,48
27109,0.3580528497695923,0.4774804711341858,0.9999999403953552,1.1062331199645996,0.6705275774002075,0.00244140625,0.00024713907623663545,0.10122816264629364,0.006311214528977871,0.2385200560092926,1093.5205078125,0.01712392456829548,0.17416414618492126,5.537900924682617,61.0,75.7348861694336,1.6658477783203125,10.52117919921875,0.0011392910964787006,16.83333396911621,29.506702423095703,0.5704918740846955,0.7731227874755859,0.7731227874755859,0.005449313670396805,0.00018468053767623565,0.5217110514640808,0.010544600896537304,1.0,48
27479,0.4106093943119049,0.536927342414856,1.0,1.1499176025390625,0.510184645652771,0.0146484375,0.0046488260850310326,0.3173598647117615,0.05331089720129967,1.2689954042434692,289.9102783203125,0.07640714943408966,0.3928489685058594,6.8934831619262695,69.23332977294922,95.51583862304688,3.2922847270965576,10.46435546875,0.0015715104527771473,18.979167938232422,37.295005798339844,0.508893014677808,0.8296313285827637,0.8296313285827637,0.008083313703536987,0.0002167398429987484,0.27555057406425476,0.17068688571453094,1.0,48
27539,0.2592121660709381,0.32352104783058167,0.9999999403953552,0.8991103768348694,0.709959864616394,0.0068359375,0.0009824475273489952,0.14371803402900696,0.016039036214351654,0.3617342412471771,379.7812805175781,0.04089350998401642,0.28752636909484863,6.699724197387695,84.85713958740234,85.49287414550781,2.075490951538086,10.52352523803711,0.0012170250993221998,20.52083396911621,37.63176727294922,0.5453061455982724,0.8727822303771973,0.8727822303771973,0.0065175918862223625,0.00017319388263690324,0.4036293923854828,0.041917767375707626,1.0,48
27792,0.34973007440567017,0.47086217999458313,1.0,0.973363995552063,0.7725908160209656,0.0380859375,0.018361812457442284,0.4821152687072754,0.14062559604644775,2.7612619400024414,158.28660583496094,0.1618127077817917,0.503029465675354,7.287955284118652,71.43589782714844,101.1603775024414,4.136136054992676,10.477873802185059,0.002349315444007516,27.27083396911621,36.794830322265625,0.7411593890460813,0.8157968521118164,0.8157968521118164,0.006015633698552847,0.00016349127429669648,0.32298609614372253,0.45162591338157654,1.0,48
27793,0.3430459201335907,0.38833484053611755,1.0,0.6289294958114624,0.7515238523483276,0.07275390625,0.010108641348779202,0.13894294202327728,0.04981742054224014,0.614996075630188,54.515071868896484,0.2607048749923706,0.6062464714050293,7.483420372009277,71.58389282226562,149.4745330810547,7.101868152618408,10.288911819458008,0.004102674778550863,27.125,27.86147689819336,0.9735664799601208,0.8321902751922607,0.8321902751922607,0.004227902740240097,0.00015174725855960554,0.17812667787075043,0.1402571052312851,1.0,48
27864,0.2759654223918915,0.35929185152053833,0.9999999403953552,1.329764485359192,0.7018767595291138,0.0078125,0.002838287502527237,0.36330080032348633,0.04840192571282387,1.3796911239624023,620.1380615234375,0.04568839073181152,0.29605019092559814,6.5427727699279785,71.1875,76.39688110351562,2.245863199234009,10.515887260437012,0.0013930799905210733,18.27083396911621,30.044002532958984,0.6081358148932158,0.7753483057022095,0.7753483057022095,0.007639510557055473,0.0002542773901756923,0.27575358748435974,0.12110026925802231,1.0,48
27960,0.3871378004550934,0.45801761746406555,1.0,0.6158590912818909,0.7429312467575073,0.0166015625,0.0020104555878788233,0.12110038101673126,0.02022533304989338,0.3794284164905548,187.69090270996094,0.08450048416852951,0.41644808650016785,7.000726699829102,72.14705657958984,89.4286117553711,1.7369228601455688,10.515653610229492,0.001120222732424736,17.979167938232422,27.221738815307617,0.6604709586559355,0.8341309428215027,0.8341309428215027,0.004648817237466574,0.00017077591065360755,0.2843968868255615,0.06760676950216293,1.0,48
28048,0.26932626962661743,0.5180686116218567,1.0,1.486779808998108,0.6479364037513733,0.00390625,0.0007729355711489916,0.19787150621414185,0.01514580100774765,0.41418880224227905,577.6649780273438,0.02555946074426174,0.2375035285949707,6.266921043395996,84.0,80.92442321777344,2.3028581142425537,10.520304679870605,0.001373399281874299,18.5,31.597274780273438,0.5854935314135015,0.821458101272583,0.821458101272583,0.006674198433756828,0.00021122702758566195,0.27779555320739746,0.03297857940196991,1.0,48
28128,0.4224097728729248,0.4988267123699188,0.9999999403953552,2.4195215702056885,0.4226551651954651,0.00341796875,0.0005072198109701276,0.1483980268239975,0.012845049612224102,0.5126978158950806,1273.7017822265625,0.02282176911830902,0.1856505274772644,5.328081130981445,58.14285659790039,84.5125961303711,2.5236878395080566,10.530715942382812,0.001108031952753663,25.08333396911621,45.55198669433594,0.5506529085531326,0.7772706747055054,0.7772706747055054,0.00970631092786789,0.00021308205481505328,0.8587002158164978,0.021641379222273827,1.0,48
28627,0.4203203320503235,0.4538489878177643,1.0,0.8325170278549194,0.7514929175376892,0.0078125,0.001178411883302033,0.15083672106266022,0.01769449934363365,0.49788761138916016,407.90447998046875,0.04568839073181152,0.3084350824356079,6.5916008949279785,63.1875,76.54622650146484,2.179905414581299,10.502018928527832,0.001501261256635189,11.958333969116211,36.23743438720703,0.3299994651397807,0.7441362738609314,0.7441362738609314,0.004400863312184811,0.0001214452232999145,0.8777992129325867,0.050278905779123306,1.0,48
28797,0.2963074743747711,0.5610489845275879,1.0,1.077041506767273,0.7629142999649048,0.0166015625,0.004852790851145983,0.2923092842102051,0.06277947127819061,1.899256706237793,502.63092041015625,0.08450048416852951,0.3774280846118927,6.991586685180664,67.73529052734375,102.61349487304688,4.2061991691589355,10.416963577270508,0.0025779702700674534,13.9375,26.810157775878906,0.5198589322492155,0.7825436592102051,0.7825436592102051,0.005076228640973568,0.00018933975254883625,0.34150221943855286,0.18474335968494415,1.0,48
28840,0.314887136220932,0.36662283539772034,1.0,0.8662670850753784,0.7596697211265564,0.00439453125,0.0009420206188224256,0.2143620252609253,0.01721085235476494,0.45676854252815247,443.74395751953125,0.02823571488261223,0.251763254404068,5.920716762542725,52.55555725097656,86.9022445678711,2.7846128940582275,10.463569641113281,0.001904320903122425,13.729166984558105,31.4766845703125,0.43616941134725445,0.8247706294059753,0.8247706294059753,0.006176632829010487,0.00019622882496569353,0.5194174647331238,0.040192876011133194,1.0,48
29160,0.4487449824810028,0.5275002717971802,0.9999999403953552,1.193697452545166,0.5241367816925049,0.00341796875,0.0006846332689747214,0.20030413568019867,0.01646447367966175,0.623020589351654,1100.3267822265625,0.02282176911830902,0.20036780834197998,5.886630058288574,71.0,131.23828125,5.4659037590026855,10.392071723937988,0.002948381006717682,32.083335876464844,56.3823356628418,0.5690316921708996,0.7152359485626221,0.7152359485626221,0.00929283071309328,0.00016481812259454596,1.7335141897201538,0.029211020097136497,1.0,48
29257,0.4056418836116791,0.5145964622497559,1.0,1.4396476745605469,0.5362127423286438,0.0078125,0.0031575532630085945,0.4041668176651001,0.05024443939328194,1.3098022937774658,456.5168762207031,0.04568839073181152,0.304637610912323,6.499214172363281,79.0,90.71665954589844,3.0895116329193115,10.504009246826172,0.0018039485439658165,20.20833396911621,40.45100784301758,0.4995755369691908,0.8428191542625427,0.8428191542625427,0.007583297323435545,0.0001874686868369299,0.3332507610321045,0.1347222775220871,1.0,48
29324,0.5104374289512634,0.6360222697257996,1.0,0.9704573750495911,0.47889620065689087,0.00537109375,0.0021824403665959835,0.4063307046890259,0.04130018502473831,1.4869598150253296,882.8147583007812,0.03342986851930618,0.2663469910621643,6.073576927185059,60.181819915771484,91.5328140258789,2.560641288757324,10.500566482543945,0.0014925140421837568,21.5,39.256893157958984,0.5476745168807207,0.7991000413894653,0.7991000413894653,0.007178119383752346,0.00018284991002831172,0.2874835431575775,0.09311744570732117,1.0,48
29606,0.3716622292995453,0.4424571096897125,1.0,1.1084201335906982,0.5941284894943237,0.0244140625,0.008596347644925117,0.35210639238357544,0.082462839782238,1.6418116092681885,226.2321319580078,0.1147531270980835,0.4471386671066284,7.015349864959717,80.45999908447266,98.73741149902344,3.6369564533233643,10.434907913208008,0.0023589287884533405,21.33333396911621,32.394004821777344,0.6585580906065984,0.7647250890731812,0.7647250890731812,0.010011853650212288,0.000309065016882106,0.4802309274673462,0.2620293200016022,1.0,48
29732,0.27528277039527893,0.3415360748767853,1.0,1.4017540216445923,0.675666332244873,0.0029296875,0.0020879884250462055,0.7127000689506531,0.07218421995639801,3.1588501930236816,1792.351806640625,0.020013848319649696,0.10578710585832596,5.888497829437256,68.0,82.01300811767578,3.1599361896514893,10.496363639831543,0.001929880352690816,19.604167938232422,35.67280578613281,0.5495549761425734,0.8430957794189453,0.8430957794189453,0.009251130744814873,0.00025933285981720455,0.354203462600708,0.08908750861883163,1.0,48
29780,0.6815215349197388,0.8546198606491089,1.0000001192092896,0.4206351041793823,0.4951344132423401,0.09521484375,0.020672759041190147,0.21711698174476624,0.08571718633174896,0.828156054019928,31.26742172241211,0.3144398629665375,0.6447721719741821,7.668206214904785,73.21025848388672,162.52142333984375,8.79843807220459,10.059624671936035,0.006666423752903938,5.0,13.315718650817871,0.37549606802017643,0.4936600625514984,0.4936600625514984,0.0013744996394962072,0.00010322384202519516,0.5528289079666138,0.2208538055419922,1.0,48
29876,0.37096071243286133,0.5410947203636169,1.0,1.117233395576477,0.5945252180099487,0.01513671875,0.006959478836506605,0.45977461338043213,0.08277022838592529,2.2879650592803955,375.9745178222656,0.07845399528741837,0.38730862736701965,6.836348533630371,73.54838562011719,144.704345703125,6.277136325836182,10.36506462097168,0.003322911448776722,27.5,47.89309310913086,0.5741955302739706,0.8196511268615723,0.8196511268615723,0.009950803592801094,0.00020777116165892934,0.42529428005218506,0.25931039452552795,1.0,48
29986,0.2978362739086151,0.4444485902786255,1.0,0.7725718021392822,0.8305993676185608,0.00537109375,0.000760517141316086,0.14159446954727173,0.01801913231611252,0.7334770560264587,1367.1199951171875,0.03342986851930618,0.224274143576622,6.36391019821167,68.09091186523438,98.88233184814453,3.708855390548706,10.507902145385742,0.0018318617949262261,23.479167938232422,36.20185089111328,0.6485626384785311,0.8798251152038574,0.8798251152038574,0.005195304285734892,0.00014350935536213495,0.40174752473831177,0.03244873508810997,1.0,48
30231,0.29313990473747253,0.3439479470252991,1.0,0.7490708827972412,0.8104658126831055,0.00732421875,0.0011201126035302877,0.15293270349502563,0.021795017644762993,0.8059426546096802,1005.6563720703125,0.0433073565363884,0.27584323287010193,6.562046527862549,72.73332977294922,75.15692138671875,2.5356202125549316,10.518396377563477,0.001528048189356923,15.6875,33.21839904785156,0.4722533428742127,0.8201619982719421,0.8201619982719421,0.011383588425815105,0.00034268925501165776,0.34249013662338257,0.04779146611690521,1.0,48
30380,0.37862664461135864,0.42856737971305847,1.0,1.0781177282333374,0.6510366201400757,0.00439453125,0.0006046354537829757,0.13758815824985504,0.010481326840817928,0.2678548991680145,380.9349060058594,0.02823571488261223,0.2608461081981659,6.157637596130371,67.66666412353516,95.09022521972656,4.311136245727539,10.438615798950195,0.002790681552141905,27.20833396911621,42.08616256713867,0.6464912052565196,0.8123530745506287,0.8123530745506287,0.007078096270561218,0.0001681810798879074,0.867914080619812,0.025797776877880096,1.0,48
30548,0.348764032125473,0.4257177710533142,1.0,0.7603673338890076,0.800141453742981,0.02197265625,0.0036916807293891907,0.16801248490810394,0.03319862112402916,0.604147732257843,152.51223754882812,0.1056201159954071,0.44935235381126404,7.295372009277344,72.95555877685547,73.67220306396484,1.9214415550231934,10.514949798583984,0.001265642698854208,20.3125,33.7801513671875,0.6013146528916236,0.8074992895126343,0.8074992895126343,0.008124295622110367,0.00024050500932914373,0.7553577423095703,0.11474340409040451,1.0,48
30584,0.4422166049480438,0.511389434337616,1.0,0.5655606389045715,0.7481441497802734,0.03076171875,0.0031837106216698885,0.10349586606025696,0.023336060345172882,0.35480010509490967,98.53712463378906,0.13738007843494415,0.5011436939239502,7.332055568695068,69.9047622680664,72.3266372680664,2.0077545642852783,10.485296249389648,0.0015209742123261094,10.270833969116211,21.024160385131836,0.48852528596073835,0.7715756297111511,0.7715756297111511,0.0020590682979673147,9.7938193928738e-05,0.5878000855445862,0.07715063542127609,1.0,48
30622,0.2962222099304199,0.3558962345123291,1.0,0.6265014410018921,0.8277763724327087,0.0341796875,0.004387264605611563,0.12835882604122162,0.03263459354639053,0.6849386692047119,154.2513427734375,0.1489836424589157,0.505901575088501,7.327255725860596,79.69999694824219,90.31644439697266,2.976046323776245,10.520492553710938,0.0014943861169740558,22.375,30.63869285583496,0.730285723936684,0.888967752456665,0.888967752456665,0.00382220814935863,0.0001247510187884273,0.1656438559293747,0.10355081409215927,1.0,48
30713,0.33357053995132446,0.5482441782951355,1.0,1.7463366985321045,0.5177279114723206,0.0029296875,0.0006260290974751115,0.21368460357189178,0.014131302945315838,0.3716704845428467,606.0391235351562,0.020013848319649696,0.19512951374053955,5.967031002044678,84.5,124.56021118164062,5.884296417236328,10.35531234741211,0.0033783100079745054,19.25,33.17028045654297,0.5803387770391756,0.8047215342521667,0.8047215342521667,0.007982982322573662,0.0002406667115952081,0.3169591724872589,0.026710571721196175,1.0,48
30780,0.36599603295326233,0.5313804745674133,0.9999999403953552,1.0014034509658813,0.6473207473754883,0.00244140625,0.0001568933657836169,0.06426352262496948,0.004795747809112072,0.20765095949172974,1716.4364013671875,0.01712392456829548,0.14416834712028503,5.727143287658691,84.5999984741211,77.42219543457031,4.681467533111572,10.511588096618652,0.0022692731581628323,20.20833396911621,28.873077392578125,0.6999023237928831,0.7459009885787964,0.7459009885787964,0.00554748997092247,0.00019213365771766073,0.37703344225883484,0.006694117095321417,1.0,48
30860,0.3009948134422302,0.34684327244758606,1.0000001192092896,0.9165794253349304,0.8510963320732117,0.0126953125,0.0022845424246042967,0.17995165288448334,0.027608878910541534,0.6039711236953735,261.681396484375,0.06804874539375305,0.37080898880958557,6.977051258087158,82.80769348144531,78.8782730102539,2.756174325942993,10.525530815124512,0.0015576324658468366,25.27083396911621,35.276885986328125,0.7163567093690351,0.9150011539459229,0.9150011539459229,0.004633709322661161,0.00013135256108329606,0.3378564417362213,0.09121789783239365,1.0,48
30932,0.3048284649848938,0.4666816294193268,1.0,0.9558471441268921,0.7922830581665039,0.0048828125,0.0013916011666879058,0.28499990701675415,0.027831515297293663,0.9790114164352417,861.6380004882812,0.03085736557841301,0.24929016828536987,6.368173599243164,79.30000305175781,93.94261169433594,4.046162128448486,10.510298728942871,0.00211342703551054,20.52083396911621,35.52578353881836,0.577632128533271,0.8899925947189331,0.8899925947189331,0.006645395420491695,0.00018705837723071786,0.3631440997123718,0.059374984353780746,1.0,48
30971,0.28416967391967773,0.3359571695327759,1.0000001192092896,1.0098111629486084,0.7814444303512573,0.00341796875,0.00041006444371305406,0.11997313797473907,0.009584909304976463,0.30869054794311523,779.5365600585938,0.02282176911830902,0.19042085111141205,5.943710803985596,59.0,105.5250473022461,4.33608341217041,10.425167083740234,0.002675916999578476,16.70833396911621,38.806026458740234,0.43056028894314713,0.7962676882743835,0.7962676882743835,0.008205350488424301,0.00021144526340603387,0.8997682929039001,0.017496082931756973,1.0,48
31029,0.4213716983795166,0.6047308444976807,1.0,1.525891900062561,0.5136493444442749,0.00439453125,0.0024141257163137197,0.5493476986885071,0.05205680802464485,1.9762682914733887,1063.362548828125,0.02823571488261223,0.232077494263649,5.737702369689941,46.0,84.90547943115234,2.802278518676758,10.497299194335938,0.0017811483703553677,27.041667938232422,41.10716247558594,0.6578334845591561,0.7761801481246948,0.7761801481246948,0.008845053613185883,0.0002151706193850613,0.23002676665782928,0.10300269722938538,1.0,48
31285,0.46803227066993713,0.5829433798789978,1.0,2.0986320972442627,0.4406681954860687,0.00244140625,0.0032087871804833412,1.3143192529678345,0.11274193227291107,4.9462666511535645,1809.611328125,0.01712392456829548,0.09650329500436783,5.628789901733398,62.599998474121094,75.50689697265625,2.2685632705688477,10.493162155151367,0.001491466537117958,16.666667938232422,23.895915985107422,0.6974693057024826,0.7028433680534363,0.7028433680534363,0.00409970385953784,0.0001715650431804847,0.5325917601585388,0.13690824806690216,1.0,48
31382,0.5153419375419617,0.5913221836090088,1.0,0.9898775219917297,0.5360122323036194,0.0390625,0.016642466187477112,0.426047146320343,0.10736429691314697,1.4540188312530518,78.7715835571289,0.16495318710803986,0.5334067940711975,6.774198532104492,68.875,91.69465637207031,2.0770699977874756,10.505786895751953,0.0012056591222062707,29.27083396911621,32.76544952392578,0.8933444950544261,0.7869743704795837,0.7869743704795837,0.006158949341624975,0.00018797084823292038,0.16757142543792725,0.3458070456981659,1.0,48
31384,0.27567043900489807,0.41369107365608215,1.0,1.1469969749450684,0.8014240264892578,0.0234375,0.007841389626264572,0.3345659673213959,0.08824298530817032,2.0217626094818115,306.7667541503906,0.11113139986991882,0.41379600763320923,7.166941165924072,77.625,102.2687759399414,4.431331634521484,10.404207229614258,0.0029530669562518597,19.8125,28.545928955078125,0.6940569362530737,0.7734202146530151,0.7734202146530151,0.012844068929553032,0.00044994398133849203,0.9651355147361755,0.27350351214408875,1.0,48
31534,0.40689706802368164,0.4902702867984772,1.0,1.209839940071106,0.592261552810669,0.0126953125,0.0054258243180811405,0.4273880124092102,0.06428607553243637,1.5159885883331299,279.9657897949219,0.06804874539375305,0.37680554389953613,6.841647624969482,77.0,101.39789581298828,3.3078019618988037,10.456817626953125,0.0019447458907961845,20.8125,34.38780975341797,0.6052290082789892,0.8196203112602234,0.8196203112602234,0.009355294518172741,0.00027205264256535987,0.25168728828430176,0.21481849253177643,1.0,48
31628,0.34207847714424133,0.633452296257019,1.0,1.6031450033187866,0.5372240543365479,0.00341796875,0.00046609187847934663,0.1363651603460312,0.010274753905832767,0.3010513186454773,624.4755859375,0.02282176911830902,0.20170868933200836,5.933333873748779,74.85713958740234,96.03321075439453,3.187087297439575,10.49450397491455,0.0017468375153839588,30.9375,49.387123107910156,0.626428470557755,0.8800473213195801,0.8800473213195801,0.00994831696152687,0.00020143544174005816,0.29127442836761475,0.01988658681511879,1.0,48
31675,0.31909969449043274,0.3851563632488251,1.0,0.7448622584342957,0.7687382698059082,0.0712890625,0.012589442543685436,0.17659711837768555,0.0613953098654747,0.8955536484718323,54.629913330078125,0.2569606602191925,0.6069706678390503,7.378579139709473,76.26712036132812,76.18329620361328,3.0008342266082764,10.50589370727539,0.001938140718266368,20.541667938232422,23.9075984954834,0.8592108460212357,0.8175389170646667,0.8175389170646667,0.005676957778632641,0.0002374541205939436,0.23338371515274048,0.16457337141036987,1.0,48
31706,0.2498958557844162,0.3170839846134186,1.0000001192092896,0.8830079436302185,0.8837563991546631,0.00927734375,0.0021250296849757433,0.22905583679676056,0.03687172755599022,1.1206963062286377,656.16943359375,0.05265381559729576,0.29524436593055725,6.766757488250732,75.31578826904297,86.24811553955078,2.2043116092681885,10.523862838745117,0.0012890222715213895,26.354167938232422,34.789188385009766,0.757539027326453,0.9033315181732178,0.9033315181732178,0.0067444173619151115,0.00019386532635761475,0.3257928490638733,0.09036707133054733,1.0,48
31748,0.4759288728237152,0.5503305196762085,1.0,0.9664164185523987,0.541614294052124,0.0537109375,0.021723447367548943,0.40445107221603394,0.12491489946842194,2.4286751747131348,101.61347961425781,0.2093001902103424,0.5693758726119995,7.2900495529174805,65.00909423828125,92.78126525878906,2.112713575363159,10.509567260742188,0.0011897759977728128,26.104167938232422,51.314781188964844,0.5087066012620748,0.8725044131278992,0.8725044131278992,0.011156635358929634,0.0002174156275883077,0.4088282287120819,0.35989201068878174,1.0,48
31855,0.3493514955043793,0.4350493550300598,1.0,0.8942455053329468,0.6982327699661255,0.01611328125,0.003909393213689327,0.24261930584907532,0.03961116448044777,0.7107794284820557,181.44873046875,0.08250018209218979,0.413554847240448,6.800042152404785,69.75757598876953,74.67147064208984,2.5576283931732178,10.52155590057373,0.0014958600513637066,20.604167938232422,29.7421875,0.692758995326246,0.7247729301452637,0.7247729301452637,0.008549971505999565,0.0002874694910428115,0.3329516053199768,0.13357184827327728,1.0,48
31946,0.5810102224349976,0.7690578699111938,0.9999999403953552,1.1751919984817505,0.3906742334365845,0.0087890625,0.004740498028695583,0.5393632650375366,0.060911618173122406,1.1301867961883545,208.0447998046875,0.05035991966724396,0.34165167808532715,6.195310115814209,85.27777862548828,72.53215026855469,1.8911691904067993,10.521020889282227,0.0012249391293153167,23.0625,33.38813400268555,0.6907394103317541,0.838189959526062,0.838189959526062,0.005215890239924192,0.00015621987853356697,0.6371551752090454,0.20134703814983368,1.0,48
32171,0.432932585477829,0.5229499340057373,0.9999999403953552,1.0906952619552612,0.7309343814849854,0.00732421875,0.001425956143066287,0.19469054043293,0.022324226796627045,0.6893432140350342,607.658935546875,0.0433073565363884,0.3149184584617615,6.637789726257324,78.53333282470703,79.28756713867188,3.7287375926971436,10.505488395690918,0.0017578680999577045,21.02083396911621,33.972129821777344,0.6187670326590309,0.8897117972373962,0.8897117972373962,0.006228996440768242,0.00018335607663142958,0.44788581132888794,0.06084079667925835,1.0,48
32483,0.37978312373161316,0.5422523021697998,1.0,0.7410601377487183,0.7706431150436401,0.046875,0.018726525828242302,0.39949920773506165,0.1325511485338211,2.111240863800049,126.44248962402344,0.189208984375,0.5253068208694458,7.356019973754883,69.02083587646484,105.67420196533203,3.4873669147491455,10.470623016357422,0.0019020477775484324,24.83333396911621,37.06001663208008,0.6700842638294721,0.7970975637435913,0.7970975637435913,0.006141736637800932,0.00016572406583399238,0.25670692324638367,0.43546560406684875,1.0,48
32485,0.38104745745658875,0.5802364945411682,0.9999999403953552,1.2334988117218018,0.7262612581253052,0.00439453125,0.0013840581523254514,0.3149501085281372,0.03244534507393837,1.2349207401275635,1083.335693359375,0.02823571488261223,0.20575973391532898,6.330581188201904,83.33333587646484,75.37974548339844,2.868276596069336,10.541741371154785,0.001402207650244236,21.479167938232422,38.0428466796875,0.5646046446901385,0.8886749148368835,0.8886749148368835,0.008057728409767151,0.00021180666303690168,0.2611437141895294,0.05905314162373543,1.0,48
32528,0.2657319903373718,0.4165010154247284,1.0,1.4954739809036255,0.6418734192848206,0.00390625,0.00029666826594620943,0.07594707608222961,0.0055215139873325825,0.14954882860183716,463.6568908691406,0.02555946074426174,0.24634838104248047,6.135815620422363,76.75,85.3551025390625,2.4107792377471924,10.513835906982422,0.0013771743979305029,18.604167938232422,33.361934661865234,0.557646555009943,0.8132514357566833,0.8132514357566833,0.0065225875005126,0.00019550986969629264,0.31822338700294495,0.012657846324145794,1.0,48
32648,0.31136471033096313,0.38700610399246216,1.0,1.2970387935638428,0.6906322240829468,0.0234375,0.003173480276018381,0.13540183007717133,0.028254138305783272,0.4620033800601959,135.2377166748047,0.11113139986991882,0.4509955644607544,7.072178840637207,74.5,123.22535705566406,2.0722267627716064,10.58076286315918,0.0008178020361810923,32.833335876464844,116.28173828125,0.282360208567122,0.9421442747116089,0.9421442747116089,0.017480092123150826,0.0001503253423970028,0.3131639063358307,0.09711942076683044,1.0,48
32652,0.3383488357067108,0.4121982753276825,1.0,0.7627139091491699,0.7877438068389893,0.0078125,0.0018974950071424246,0.24287937581539154,0.03567710891366005,1.2943909168243408,890.747314453125,0.04568839073181152,0.27119123935699463,6.751071453094482,74.375,82.88111877441406,2.6763222217559814,10.482481002807617,0.001815351890400052,14.3125,32.74214172363281,0.4371277882930353,0.8000202178955078,0.8000202178955078,0.007487872149795294,0.00022869219157107648,0.4969233274459839,0.08095978945493698,1.0,48
32686,0.39437708258628845,0.4706515371799469,1.0,1.1770952939987183,0.6070789694786072,0.0126953125,0.006741320714354515,0.5310086607933044,0.08715537190437317,2.4291505813598633,403.260986328125,0.06804874539375305,0.36618906259536743,6.675601005554199,74.53845977783203,81.8419189453125,2.5430080890655518,10.494452476501465,0.0016243322752416134,22.375,34.279930114746094,0.6527142826305784,0.7925045490264893,0.7925045490264893,0.010428371839225292,0.00030421216733161394,0.3041449785232544,0.26503345370292664,1.0,48
32721,0.3934490382671356,0.5234622955322266,1.0,1.5139939785003662,0.5145537257194519,0.00537109375,0.0031189583241939545,0.5806933045387268,0.05346508324146271,1.6608693599700928,603.7608642578125,0.03342986851930618,0.28217706084251404,6.057918548583984,64.18181610107422,103.27183532714844,2.878100872039795,10.49836540222168,0.001488114707171917,19.166667938232422,37.142208099365234,0.5160346924392908,0.8148425817489624,0.8148425817489624,0.009644433856010437,0.0002596623719196339,0.2955363094806671,0.133075550198555,1.0,48
32730,0.2625521123409271,0.37798961997032166,0.9999999403953552,0.8564721941947937,0.8739066123962402,0.005859375,0.0030987535137683153,0.5288539528846741,0.0580238439142704,1.9531161785125732,724.9215698242188,0.03595767915248871,0.2647534906864166,6.309878826141357,69.16666412353516,93.4546890258789,2.9784770011901855,10.497944831848145,0.0017465638229623437,22.541667938232422,36.689971923828125,0.614382261695028,0.8706969022750854,0.8706969022750854,0.00892539881169796,0.00024326534857522605,0.5071658492088318,0.13221348822116852,1.0,48
