feature,crowding,crowd_max,dec_norm,enc_norm,enc_dec_cos,frequency,act_mag,act_mean_firing,act_std,act_max,act_kurtosis,bin_entropy,act_entropy,coact_entropy,coact_count,logit_l2,logit_linf,logit_entropy,logit_top10_mass,collateral_raw,effect_l2,collateral_ctilde,stab_signed,stab_abs,kl_mean,kl_per_effect,effect_cv,ctx_mean_act,intervention_value,n_ctx
64,0.3290845453739166,0.46367624402046204,1.0000442266464233,1.056663155555725,0.5850256085395813,0.0087890625,0.010039553046226501,1.1422780752182007,0.1604643315076828,4.5631890296936035,521.4174194335938,0.05035991966724396,0.3105350136756897,6.739232063293457,65.27777862548828,41.161521911621094,1.2808204889297485,10.512451171875,0.001610409701243043,7.9375,3.725044012069702,2.1308473008568045,0.5667704939842224,0.5667704939842224,9.046713239513338e-05,2.4286191480998444e-05,0.38507843017578125,0.42509129643440247,1.0,48
66,0.30414292216300964,0.40196430683135986,1.0000452995300293,1.3363360166549683,0.47978144884109497,0.009765625,0.013649526052176952,1.3977115154266357,0.21071630716323853,5.8140058517456055,437.7287292480469,0.05492175742983818,0.31251010298728943,6.856736660003662,71.3499984741211,37.290557861328125,1.3381495475769043,10.517991065979004,0.001636189641430974,8.270833969116211,4.015198707580566,2.059881602597233,0.5547930598258972,0.5547930598258972,0.00013169685553293675,3.2799585972246266e-05,0.3751583397388458,0.5774057507514954,1.0,48
163,0.5116633772850037,0.5940130949020386,1.0000416040420532,2.4039666652679443,0.32409149408340454,0.00244140625,0.017740696668624878,7.266589164733887,0.4855894446372986,18.363101959228516,1130.66455078125,0.01712392456829548,0.15451979637145996,5.481819152832031,65.5999984741211,44.588443756103516,1.1583012342453003,10.549022674560547,0.001026867306791246,14.208333969116211,3.562162399291992,3.988682248752445,0.5762118697166443,0.5762118697166443,6.022773959557526e-05,1.6907634373567486e-05,0.37455037236213684,0.7569363117218018,1.0,48
221,0.20716777443885803,0.24607700109481812,1.0000275373458862,2.177428722381592,0.5006033778190613,0.00439453125,0.006016973871737719,1.369195818901062,0.11946303397417068,4.453392505645752,983.8497314453125,0.02823571488261223,0.2506818473339081,6.440295219421387,80.88888549804688,35.495445251464844,0.7918469905853271,10.521038055419922,0.0011294165160506964,3.25,3.46657133102417,0.9375257798790358,0.6307461261749268,0.6307461261749268,5.796125333290547e-05,1.672005207190725e-05,0.451712042093277,0.2567242383956909,1.0,48
283,0.38302430510520935,0.48168525099754333,1.0000630617141724,2.285184383392334,0.32845252752304077,0.00244140625,0.013241584412753582,5.423752784729004,0.3616715967655182,14.670938491821289,1353.51123046875,0.01712392456829548,0.162022203207016,5.68973445892334,71.80000305175781,45.051025390625,0.8159267902374268,10.524959564208984,0.0009984319331124425,11.625,3.866896629333496,3.006286716265502,0.568556010723114,0.568556010723114,7.820994505891576e-05,2.0225507003051457e-05,0.39149606227874756,0.5649742484092712,1.0,48
466,0.32949545979499817,0.41886386275291443,1.0000816583633423,2.0523643493652344,0.3739579916000366,0.00244140625,0.003949953708797693,1.617901086807251,0.09409040957689285,3.4157559871673584,937.145751953125,0.01712392456829548,0.1862553060054779,5.848718643188477,87.5999984741211,42.63102340698242,0.8560734987258911,10.519160270690918,0.0010709345806390047,8.166666984558105,3.5026583671569824,2.3315625177202635,0.6035810708999634,0.6035810708999634,6.618358020205051e-05,1.88952427201222e-05,0.4787708520889282,0.1685313582420349,1.0,48
522,0.3642665445804596,0.4590967893600464,1.0000264644622803,1.7793887853622437,0.4156855344772339,0.0078125,0.022628191858530045,2.8964085578918457,0.35272666811943054,11.809725761413574,667.8176879882812,0.04568839073181152,0.31412750482559204,6.7133989334106445,75.0,33.57537841796875,1.3113771677017212,10.5243558883667,0.0014293434796854854,8.1875,3.3739781379699707,2.426660648328796,0.5541716814041138,0.5541716814041138,6.388051406247541e-05,1.8933292173486824e-05,0.42579835653305054,0.9654694199562073,1.0,48
804,0.36784783005714417,0.4310184121131897,1.000036358833313,1.5028256177902222,0.38235563039779663,0.00341796875,0.012438611127436161,3.6391823291778564,0.293498694896698,10.258505821228027,901.5115966796875,0.02282176911830902,0.19755570590496063,6.1283860206604,79.57142639160156,40.2656135559082,1.0613216161727905,10.519203186035156,0.0013410032261162996,9.604166984558105,3.519188642501831,2.729085574236094,0.5529316663742065,0.5529316663742065,6.20174323557876e-05,1.762265069583545e-05,0.36530664563179016,0.5307140350341797,1.0,48
887,0.39719411730766296,0.5193039774894714,1.0000576972961426,1.8751556873321533,0.3487219214439392,0.01123046875,0.018007244914770126,1.603427767753601,0.2142452597618103,4.133586406707764,217.38218688964844,0.06158214434981346,0.37019145488739014,6.663991928100586,72.6956558227539,39.94087219238281,1.0802345275878906,10.526996612548828,0.0012319177621975541,15.583333969116211,4.16739559173584,3.7393459748878426,0.5906544923782349,0.5906544923782349,0.00011111408093711361,2.666271493179851e-05,0.3615667521953583,0.7231071591377258,1.0,48
901,0.44931110739707947,0.5521539449691772,1.0000274181365967,0.777830958366394,0.6053750514984131,0.04443359375,0.02990935742855072,0.6731248497962952,0.18035654723644257,2.412506341934204,69.2215805053711,0.18178698420524597,0.5510924458503723,8.072212219238281,80.46154022216797,32.83452224731445,0.8632399439811707,10.563665390014648,0.001449930015951395,12.354166984558105,3.5174198150634766,3.5122810466149454,0.5434477925300598,0.5434477925300598,7.52952037146315e-05,2.140637383633121e-05,0.38870105147361755,0.5512367486953735,1.0,48
947,0.3921845853328705,0.498526394367218,1.0000289678573608,0.9014360308647156,0.6361306309700012,0.04833984375,0.02610650844871998,0.540061891078949,0.14755406975746155,1.9055273532867432,64.1827163696289,0.1935976892709732,0.5658784508705139,7.958817958831787,73.52525329589844,29.15398406982422,0.8672199845314026,10.527666091918945,0.0011875509517267346,11.666666984558105,3.106966733932495,3.7550022082925736,0.5064365267753601,0.5064365267753601,5.605883779935539e-05,1.8042947485302524e-05,0.27795642614364624,0.4384724199771881,1.0,48
969,0.3312399387359619,0.43593934178352356,1.0000114440917969,1.5778545141220093,0.498901903629303,0.01025390625,0.02268516644835472,2.21234393119812,0.3150172829627991,8.588249206542969,363.6897888183594,0.057165034115314484,0.3349338471889496,6.905652046203613,73.47618865966797,36.56592559814453,0.739124596118927,10.536884307861328,0.001050344668328762,14.395833969116211,3.4146077632904053,4.215955367325837,0.5812050104141235,0.5812050104141235,7.0989626692608e-05,2.0789979817857834e-05,0.31593218445777893,0.9526514410972595,1.0,48
1052,0.3820328712463379,0.4931614100933075,1.0000298023223877,3.2964277267456055,0.3571767210960388,0.00244140625,0.008363662287592888,3.4257559776306152,0.19503632187843323,5.926662921905518,642.5733032226562,0.01712392456829548,0.17983339726924896,5.3476457595825195,70.0,35.7791633605957,1.2165815830230713,10.525562286376953,0.0016238517127931118,8.333333969116211,3.6989684104919434,2.2528805390579465,0.5662149786949158,0.5662149786949158,4.007808820460923e-05,1.0834936568417379e-05,0.5122292637825012,0.3568495810031891,1.0,48
1080,0.4023330807685852,0.7092257142066956,1.0000020265579224,1.9237805604934692,0.361985445022583,0.00439453125,0.01815306395292282,4.130830764770508,0.36244967579841614,11.752227783203125,734.5574340820312,0.02823571488261223,0.24320094287395477,5.5379438400268555,48.44444274902344,40.656463623046875,1.016761064529419,10.510697364807129,0.0012061921879649162,9.270833969116211,4.390079498291016,2.1117690355282863,0.5307340621948242,0.5307340621948242,9.585075167706236e-05,2.183348877760427e-05,0.6034045815467834,0.7745306491851807,1.0,48
1153,0.2959604859352112,0.33648356795310974,1.0000132322311401,1.1917376518249512,0.5447874069213867,0.01025390625,0.005160389468073845,0.5032608509063721,0.06889145076274872,1.5401227474212646,303.4334716796875,0.057165034115314484,0.34556907415390015,6.995225429534912,74.61904907226562,37.82893371582031,0.8759157657623291,10.528697967529297,0.0010769185610115528,9.854166984558105,3.5866141319274902,2.7474845619334887,0.5617608428001404,0.5617608428001404,6.404972373275086e-05,1.785799118561713e-05,0.3475411534309387,0.21414776146411896,1.0,48
1263,0.35173723101615906,0.39294102787971497,1.0000165700912476,0.922651469707489,0.612227201461792,0.0478515625,0.03449804335832596,0.7209386825561523,0.23095446825027466,3.4772539138793945,102.32508087158203,0.19214002788066864,0.5363790988922119,8.015128135681152,80.96939086914062,29.946243286132812,0.9337273240089417,10.533982276916504,0.0013730316422879696,13.083333969116211,3.174480438232422,4.12140952904628,0.4995804727077484,0.4995804727077484,0.00010244239820167422,3.227060297653275e-05,0.3105655908584595,0.7481796145439148,1.0,48
1277,0.47163254022598267,0.6115207076072693,1.000049352645874,1.8241944313049316,0.34938013553619385,0.005859375,0.010338850319385529,1.76449716091156,0.16543136537075043,5.030933380126953,526.0549926757812,0.03595767915248871,0.2970196604728699,6.542364120483398,82.0,38.897071838378906,0.9179134368896484,10.526097297668457,0.0011734843719750643,15.291666984558105,4.11829948425293,3.7131022175287556,0.5630181431770325,0.5630181431770325,0.00011727343371603638,2.8476179034499794e-05,0.4077380299568176,0.44112429022789,1.0,48
1295,0.487661749124527,0.5850070118904114,1.0000200271606445,1.5418264865875244,0.3626860976219177,0.0146484375,0.026558900251984596,1.8130875825881958,0.3122444152832031,6.755261421203613,298.8067626953125,0.07640714943408966,0.38511043787002563,7.215562343597412,83.13333129882812,32.78849792480469,1.972148060798645,10.523139953613281,0.0017400571377947927,13.416666984558105,3.220323085784912,4.166248722719534,0.5677579045295715,0.5677579045295715,0.00010169648885494098,3.157959180805545e-05,0.32169225811958313,0.9917464852333069,1.0,48
1340,0.3166447877883911,0.4171299636363983,1.0000611543655396,1.6940100193023682,0.44190534949302673,0.00439453125,0.004009587224572897,0.9124038219451904,0.07598795741796494,2.0678279399871826,455.9947204589844,0.02823571488261223,0.23956753313541412,6.398232460021973,85.22222137451172,39.713287353515625,0.9628399610519409,10.532018661499023,0.0011980475392192602,12.270833969116211,3.676105499267578,3.3379983077692006,0.530284583568573,0.530284583568573,8.25545284897089e-05,2.2457061768653355e-05,0.37320849299430847,0.1710757166147232,1.0,48
1377,0.36396151781082153,0.49913346767425537,1.0000901222229004,1.1818807125091553,0.5155003070831299,0.00439453125,0.002253133337944746,0.5127130150794983,0.04247012361884117,1.2948453426361084,592.9874267578125,0.02823571488261223,0.2522282600402832,6.166064262390137,70.0,49.14102554321289,1.346113681793213,10.513383865356445,0.0013913002330809832,10.5625,4.207782745361328,2.5102294044391518,0.6204169988632202,0.6204169988632202,8.808809798210859e-05,2.0934564140668035e-05,0.3585817217826843,0.09613367915153503,1.0,48
1427,0.5280847549438477,0.7685423493385315,1.0000360012054443,2.410505771636963,0.3176597058773041,0.00244140625,0.005020158365368843,2.0562567710876465,0.1575075089931488,6.707266330718994,1618.1705322265625,0.01712392456829548,0.1283828467130661,6.054924011230469,107.4000015258789,57.88945388793945,1.6505863666534424,10.358306884765625,0.0017884080298244953,6.5625,5.567885398864746,1.1786341704431824,0.7880992293357849,0.7880992293357849,5.958375913905911e-05,1.070132640377163e-05,0.43207842111587524,0.2141934186220169,1.0,48
1534,0.403795063495636,0.6397781372070312,1.00004243850708,1.2969114780426025,0.48011118173599243,0.00927734375,0.012091669254004955,1.3033546209335327,0.17183244228363037,4.262285232543945,402.37994384765625,0.05265381559729576,0.3347690999507904,7.073343276977539,92.10526275634766,32.093753814697266,1.6549930572509766,10.509357452392578,0.001790826441720128,10.875,3.1053740978240967,3.501993519106141,0.6199014186859131,0.6199014186859131,8.344980597030371e-05,2.6872706177348832e-05,0.3498457670211792,0.5050260424613953,1.0,48
1740,0.30698463320732117,0.37825262546539307,1.0000554323196411,0.9692591428756714,0.5658465027809143,0.017578125,0.017178088426589966,0.9772423505783081,0.16480141878128052,3.456789493560791,190.8578643798828,0.08845767378807068,0.43203145265579224,7.480690002441406,86.08333587646484,38.869380950927734,0.8998981714248657,10.52785587310791,0.0012120928149670362,14.354166984558105,3.9120798110961914,3.6691907223242626,0.5376293063163757,0.5376293063163757,0.00012407946633175015,3.171700783369554e-05,0.32242968678474426,0.5527895092964172,1.0,48
1833,0.4352339804172516,0.5153851509094238,1.0000399351119995,0.9144697785377502,0.5651119947433472,0.041015625,0.02837272360920906,0.6917540431022644,0.19842590391635895,3.410871982574463,131.8997039794922,0.1711585372686386,0.5254817605018616,8.011351585388184,78.55952453613281,32.23517990112305,0.6613824367523193,10.54194450378418,0.0010343322064727545,16.77083396911621,4.352651119232178,3.853015891047221,0.4742851257324219,0.4742851257324219,0.0001270319480681792,2.9184959762807376e-05,0.3161645829677582,0.6343539357185364,1.0,48
2045,0.3382725715637207,0.4508628845214844,1.000048041343689,2.7297770977020264,0.40932565927505493,0.00244140625,0.03419395536184311,14.005844116210938,0.852993369102478,26.992887496948242,792.8649291992188,0.01712392456829548,0.16779856383800507,5.7607855796813965,71.0,35.411006927490234,1.3883171081542969,10.515680313110352,0.0016260971315205097,10.520833969116211,3.447866916656494,3.051403720885074,0.6442440748214722,0.6442440748214722,5.4029718739911914e-05,1.5670476816315602e-05,0.447856068611145,1.4589420557022095,1.0,48
2094,0.3741636872291565,0.4992380440235138,1.0000382661819458,1.383675217628479,0.456665575504303,0.00244140625,0.0029500937089323997,1.2083584070205688,0.07466345280408859,2.633939027786255,937.0274047851562,0.01712392456829548,0.17196255922317505,5.981195449829102,86.80000305175781,35.543460845947266,0.8876519203186035,10.532832145690918,0.001212365459650755,12.354166984558105,3.5436038970947266,3.486328412671506,0.5848701000213623,0.5848701000213623,8.805200195638463e-05,2.484815015021679e-05,0.39487671852111816,0.12587065994739532,1.0,48
2097,0.35973188281059265,0.4117179811000824,1.0000234842300415,1.1581058502197266,0.583175003528595,0.0185546875,0.019177822396159172,1.033583641052246,0.2150462567806244,5.908084392547607,361.1004638671875,0.09235962480306625,0.4061983525753021,7.415804862976074,77.2631607055664,30.403606414794922,0.7555453777313232,10.529414176940918,0.0011577780824154615,6.9791669845581055,2.8179080486297607,2.4767191971308686,0.5976852178573608,0.5976852178573608,5.152486846782267e-05,1.8284794037204044e-05,0.3483194410800934,0.6793015599250793,1.0,48
2170,0.5672906041145325,0.6204207539558411,0.9999710321426392,1.6538549661636353,0.31212013959884644,0.00390625,0.005079330410808325,1.3003085851669312,0.11279900372028351,3.398805856704712,636.9456787109375,0.02555946074426174,0.2018774002790451,5.982853412628174,70.875,29.138900756835938,0.5792027115821838,10.533966064453125,0.0010738670825958252,20.354167938232422,8.868911743164062,2.2950017436999404,0.2806013822555542,0.2806013822555542,0.0005177315324544907,5.837599322935932e-05,0.42193830013275146,0.21671809256076813,1.0,48
2298,0.2324177771806717,0.2882866859436035,1.000046730041504,2.2484426498413086,0.452212929725647,0.0029296875,0.006332908757030964,2.161632776260376,0.18258345127105713,7.837160110473633,1657.9755859375,0.020013848319649696,0.1627834439277649,6.2839765548706055,100.0,34.966800689697266,0.9058439135551453,10.516716957092285,0.00130190490745008,3.3958334922790527,3.340566635131836,1.016544153438087,0.6495224833488464,0.6495224833488464,5.3464911616174504e-05,1.6004743295299382e-05,0.5693416595458984,0.270204097032547,1.0,48
2324,0.3566156029701233,0.4114413857460022,1.0000303983688354,1.280705213546753,0.4348941445350647,0.0126953125,0.01301401387900114,1.0251038074493408,0.14702670276165009,3.0794484615325928,225.6591796875,0.06804874539375305,0.3846576511859894,7.083754062652588,75.88461303710938,33.9578971862793,1.4463180303573608,10.517596244812012,0.001692014979198575,12.166666984558105,3.0992581844329834,3.9256706673914357,0.5534986257553101,0.5534986257553101,8.928489842219278e-05,2.880847377690895e-05,0.39173272252082825,0.4891972243785858,1.0,48
2337,0.5657932162284851,0.6617374420166016,1.0000625848770142,2.1660315990448,0.29040539264678955,0.00927734375,0.025138583034276962,2.709674596786499,0.4499698877334595,13.518176078796387,688.428466796875,0.05265381559729576,0.2881433069705963,6.526503086090088,69.89473724365234,47.7994384765625,1.2136446237564087,10.530224800109863,0.0011782152578234673,16.375,4.671658515930176,3.505179136940358,0.5974617004394531,0.5974617004394531,0.00014250603271648288,3.0504376962806467e-05,0.39664220809936523,1.0665712356567383,1.0,48
2394,0.33770594000816345,0.44361546635627747,1.000063419342041,1.458694577217102,0.45766180753707886,0.00341796875,0.004605707712471485,1.3474985361099243,0.08723687380552292,2.5637598037719727,508.8004150390625,0.02282176911830902,0.23901520669460297,6.126436233520508,80.0,38.6436767578125,0.9909836649894714,10.522686958312988,0.001265556551516056,10.8125,3.4144530296325684,3.1666858130705293,0.5514659881591797,0.5514659881591797,8.350358984898776e-05,2.4455919844184954e-05,0.3855926990509033,0.1965101957321167,1.0,48
2411,0.35890206694602966,0.46404704451560974,1.0000483989715576,1.2319307327270508,0.5131797790527344,0.01220703125,0.021677225828170776,1.7757983207702637,0.2842824161052704,7.0814290046691895,309.5482177734375,0.06591325998306274,0.35094717144966125,6.9462809562683105,68.72000122070312,37.28755569458008,0.9074622988700867,10.534690856933594,0.001201113685965538,8.520833969116211,3.723036527633667,2.288678578086689,0.5478857159614563,0.5478857159614563,7.84726144047454e-05,2.1077583744214874e-05,0.3724169433116913,0.8972373604774475,1.0,48
2489,0.37788692116737366,0.44569677114486694,1.000060796737671,1.598454475402832,0.45697885751724243,0.00390625,0.007719389628618956,1.9761637449264526,0.19712980091571808,7.879453659057617,1280.1455078125,0.02555946074426174,0.18596358597278595,6.091102123260498,66.875,46.314449310302734,1.0500273704528809,10.52206802368164,0.001245250110514462,10.041666984558105,4.083330154418945,2.4591856597976145,0.6212512254714966,0.6212512254714966,8.035302744247019e-05,1.967830770645125e-05,0.3861287832260132,0.32936063408851624,1.0,48
2551,0.533047616481781,0.6416109800338745,1.0000396966934204,1.8998034000396729,0.34282582998275757,0.0048828125,0.01067352294921875,2.1859374046325684,0.29172348976135254,12.482807159423828,1637.4129638671875,0.03085736557841301,0.1869545578956604,6.20085334777832,71.0,41.94193649291992,1.419876217842102,10.530909538269043,0.0014573142398148775,11.9375,3.945107936859131,3.025899458468292,0.5802747011184692,0.5879917740821838,6.809391197748482e-05,1.7260341895510693e-05,0.36141565442085266,0.4554036557674408,1.0,48
2560,0.3268650472164154,0.5742262601852417,1.0000412464141846,1.937933087348938,0.40689343214035034,0.00439453125,0.008909293450415134,2.0273592472076416,0.19245542585849762,5.621055603027344,650.9220581054688,0.02823571488261223,0.21875688433647156,6.11931848526001,65.66666412353516,37.050865173339844,1.3369474411010742,10.535869598388672,0.0015843050787225366,5.833333492279053,3.4942383766174316,1.66941486151034,0.5893092751502991,0.5893092751502991,8.186819468392059e-05,2.3429481799944513e-05,0.3838627338409424,0.3801298439502716,1.0,48
2596,0.33727404475212097,0.42634347081184387,1.0000449419021606,1.0259065628051758,0.5395718812942505,0.0087890625,0.00809548795223236,0.9210866093635559,0.12393293529748917,4.1924147605896,711.8506469726562,0.05035991966724396,0.3293917179107666,6.956078052520752,82.83333587646484,37.51363754272461,0.80843186378479,10.544988632202148,0.0010107255075126886,10.770833969116211,3.581547737121582,3.0073126842361697,0.5861601829528809,0.5861601829528809,0.00011321487545501441,3.1610600625386866e-05,0.2729742228984833,0.33567097783088684,1.0,48
2601,0.5402992367744446,0.6381326913833618,1.0000447034835815,2.365757465362549,0.3092465400695801,0.0048828125,0.017318177968263626,3.5467629432678223,0.295843243598938,7.637284755706787,452.3545227050781,0.03085736557841301,0.273721307516098,6.339159965515137,78.0999984741211,36.105438232421875,1.178673267364502,10.513245582580566,0.001482165651395917,13.020833969116211,3.5888009071350098,3.628185087377576,0.5054571032524109,0.5054571032524109,7.069636922096834e-05,1.9699161601141766e-05,0.4148848056793213,0.7389089465141296,1.0,48
2663,0.3583659827709198,0.5106377005577087,1.0000303983688354,1.2788406610488892,0.5016763210296631,0.005859375,0.017582029104232788,3.000666379928589,0.3303995728492737,9.076114654541016,569.1370239257812,0.03595767915248871,0.25648033618927,6.663830757141113,88.66666412353516,51.62757110595703,1.0983209609985352,10.52368450164795,0.0011388874845579267,9.75,4.993124961853027,1.9526849528025374,0.7365188598632812,0.7365188598632812,7.034558802843094e-05,1.4088489357862915e-05,0.34791427850723267,0.750166654586792,1.0,48
2667,0.3551580011844635,0.43612122535705566,1.0000485181808472,1.3338333368301392,0.38008546829223633,0.0126953125,0.010221391916275024,0.805131196975708,0.11542388051748276,2.329411268234253,219.33473205566406,0.06804874539375305,0.3850824534893036,7.1894755363464355,80.76923370361328,33.69522476196289,1.075571060180664,10.53201961517334,0.0012327395379543304,11.791666984558105,4.225196361541748,2.7907973849403356,0.4811886250972748,0.4811886250972748,0.00013324918108992279,3.153680193124396e-05,0.6067996025085449,0.3911285698413849,1.0,48
2683,0.32122212648391724,0.4786204993724823,1.000045657157898,1.385738730430603,0.4059557020664215,0.0078125,0.018254604190587997,2.3365893363952637,0.27651268243789673,7.73679780960083,434.3789367675781,0.04568839073181152,0.3116593360900879,6.7292399406433105,73.0625,50.34067153930664,1.4896245002746582,10.5248384475708,0.0013271716888993979,13.833333969116211,4.4780144691467285,3.0891668692755343,0.6234370470046997,0.6234370470046997,0.00011422517127357423,2.550799507359777e-05,0.33852747082710266,0.7788631319999695,1.0,48
2704,0.4654536247253418,0.6273247003555298,1.0000696182250977,3.456263780593872,0.31274157762527466,0.00244140625,0.03321615979075432,13.605339050292969,0.9691442251205444,39.320255279541016,1374.5592041015625,0.01712392456829548,0.1436956375837326,5.956296443939209,91.4000015258789,37.78497314453125,1.1691064834594727,10.518899917602539,0.00142496672924608,11.833333969116211,3.40240740776062,3.4779297468451373,0.6114629507064819,0.6114629507064819,5.423158290795982e-05,1.593917960114656e-05,0.3900214731693268,1.4172228574752808,1.0,48
2729,0.31392982602119446,0.3943958580493927,1.0000416040420532,1.344413161277771,0.5574585199356079,0.00634765625,0.009776431135833263,1.5401638746261597,0.18785011768341064,6.765466690063477,884.6940307617188,0.03844451159238815,0.26602786779403687,6.571171760559082,71.23076629638672,35.237674713134766,0.8343951106071472,10.532369613647461,0.001167467562481761,12.229166984558105,3.278599739074707,3.7299969256721397,0.5410557985305786,0.5410557985305786,8.390424045501277e-05,2.559148626748123e-05,0.29974016547203064,0.4171277582645416,1.0,48
2898,0.3472455143928528,0.44874000549316406,1.0000042915344238,1.6027333736419678,0.47916433215141296,0.01025390625,0.015115814283490181,1.474151849746704,0.19521622359752655,4.678698539733887,321.24566650390625,0.057165034115314484,0.3546927869319916,7.076211452484131,82.04762268066406,34.670616149902344,0.7779634594917297,10.524438858032227,0.001174132339656353,8.375,3.0480124950408936,2.747692139106771,0.5687814950942993,0.5687814950942993,4.3219733925070614e-05,1.4179644556442119e-05,0.4073663055896759,0.6211221814155579,1.0,48
2931,0.5545162558555603,0.6245120167732239,1.000036358833313,2.495002031326294,0.29382872581481934,0.00537109375,0.011768098920583725,2.1910059452056885,0.23373593389987946,6.88621711730957,697.2793579101562,0.03342986851930618,0.24896889925003052,6.15959358215332,68.63636016845703,45.655006408691406,1.2299612760543823,10.513928413391113,0.0013418581802397966,11.333333969116211,4.458499431610107,2.5419615091447403,0.5614523887634277,0.5614523887634277,0.00010552567982813343,2.3668429526599812e-05,0.403799444437027,0.5021055340766907,1.0,48
2940,0.3592045307159424,0.4110559821128845,1.0000572204589844,1.788417935371399,0.4070242643356323,0.01025390625,0.00894116796553135,0.8719767332077026,0.13454319536685944,4.35295295715332,609.1425170898438,0.057165034115314484,0.3278909921646118,6.938737392425537,77.0952377319336,46.577144622802734,1.2015841007232666,10.509916305541992,0.0014213580871000886,13.0,4.476807117462158,2.9038552767336943,0.6180738210678101,0.6180738210678101,0.00013256822421681136,2.961222595532332e-05,0.3126670718193054,0.3762011229991913,1.0,48
3572,0.41583338379859924,0.5983033776283264,1.0000309944152832,1.828370213508606,0.3820340633392334,0.0048828125,0.017993515357375145,3.6850719451904297,0.39253970980644226,11.046775817871094,668.1508178710938,0.03085736557841301,0.22046683728694916,6.365500450134277,75.4000015258789,35.216575622558594,0.9137169718742371,10.536582946777344,0.0012061219895258546,7.083333492279053,3.529989004135132,2.006616299346901,0.5210926532745361,0.5210926532745361,8.689775131642818e-05,2.4617003330170038e-05,0.4437378942966461,0.7677233815193176,1.0,48
3609,0.4376954138278961,0.5407576560974121,1.0000840425491333,1.5409337282180786,0.32739391922950745,0.0029296875,0.008672511205077171,2.960217237472534,0.20605117082595825,7.21582555770874,871.525390625,0.020013848319649696,0.18977975845336914,6.063502311706543,90.83333587646484,38.31330490112305,1.539566159248352,10.518396377563477,0.0020181008148938417,20.95833396911621,5.627654075622559,3.7241688366490453,0.44377803802490234,0.44377803802490234,0.0002577449777163565,4.5799719349282553e-05,0.3039723336696625,0.3700271546840668,1.0,48
3843,0.4486527442932129,0.5132957696914673,1.0000070333480835,1.1404449939727783,0.48274004459381104,0.00830078125,0.006503369193524122,0.7834647297859192,0.08997757732868195,2.487978935241699,382.28070068359375,0.04803864285349846,0.332629919052124,6.638991832733154,59.882354736328125,37.62694549560547,1.0014467239379883,10.515307426452637,0.001289196778088808,18.27083396911621,7.0772247314453125,2.5816382320204427,0.35284334421157837,0.35284334421157837,0.0004619192040991038,6.526840971914233e-05,0.4340442419052124,0.27741149067878723,1.0,48
4206,0.39617106318473816,0.6461409330368042,1.0000431537628174,1.1108359098434448,0.5564963817596436,0.06201171875,0.12193255126476288,1.9662823677062988,0.6649225354194641,8.638115882873535,60.75325393676758,0.23246733844280243,0.5811060667037964,8.041190147399902,74.031494140625,53.45077896118164,1.6537889242172241,10.488825798034668,0.001639148686081171,13.145833969116211,4.586515426635742,2.8661920254560007,0.6187341809272766,0.6187341809272766,0.00010084805398946628,2.1987946052447913e-05,0.28996291756629944,1.9959588050842285,1.0,48
4458,0.42417001724243164,0.5790463089942932,1.0000299215316772,1.6616806983947754,0.34044843912124634,0.00341796875,0.01186672318726778,3.4718642234802246,0.23673057556152344,6.196740627288818,527.011962890625,0.02282176911830902,0.2289983183145523,6.1107892990112305,85.71428680419922,36.232662200927734,0.8902609944343567,10.5252685546875,0.0012480671284720302,11.104166984558105,3.822841167449951,2.9046895931902683,0.5710281133651733,0.5710281133651733,7.041994103929028e-05,1.842083878730853e-05,0.44244951009750366,0.5063135027885437,1.0,48
4539,0.3507893979549408,0.4378127455711365,1.000050663948059,1.1234157085418701,0.5163273811340332,0.00634765625,0.0079816784709692,1.2574213743209839,0.12860798835754395,3.7743301391601562,489.2718811035156,0.03844451159238815,0.29466623067855835,6.717175006866455,77.0,44.128639221191406,1.1404119729995728,10.515036582946777,0.0013788186479359865,9.395833969116211,3.903196334838867,2.4072153022842855,0.6633927822113037,0.6633927822113037,0.00010527189442655072,2.6970688924155717e-05,0.3270206153392792,0.34055161476135254,1.0,48
4575,0.4762433171272278,0.6167548894882202,1.000062108039856,0.9805488586425781,0.5296581387519836,0.0517578125,0.03609388321638107,0.6973610520362854,0.21332916617393494,3.0012290477752686,73.82073974609375,0.2036588490009308,0.5611288547515869,7.990406036376953,71.81131744384766,26.02122688293457,0.5492757558822632,10.532217025756836,0.0011009364388883114,13.4375,2.926651954650879,4.591423976032273,0.4684706926345825,0.4684706926345825,6.183647201396525e-05,2.112874122404976e-05,0.2824661433696747,0.6631858944892883,1.0,48
4707,0.3449612557888031,0.4828687608242035,1.0000227689743042,2.0582969188690186,0.42592495679855347,0.00244140625,0.005499603692442179,2.2526376247406006,0.1306677907705307,3.6206727027893066,652.7094116210938,0.01712392456829548,0.17840507626533508,5.69990348815918,66.5999984741211,39.63471984863281,1.3252320289611816,10.511981964111328,0.0014243465848267078,9.9375,3.5864920616149902,2.770813318855369,0.5725185871124268,0.5725185871124268,8.171248191501945e-05,2.2783399567986356e-05,0.372426837682724,0.23464976251125336,1.0,48
4757,0.4116700291633606,0.5041338205337524,1.0000603199005127,1.0098713636398315,0.5070828199386597,0.02099609375,0.01303927693516016,0.6210334897041321,0.10913169384002686,1.9275953769683838,141.04611206054688,0.10189082473516464,0.46253761649131775,7.461153507232666,81.06977081298828,33.007755279541016,0.8311867117881775,10.53902816772461,0.0012621486093848944,13.458333969116211,3.5123953819274902,3.8316682683411414,0.5374202728271484,0.5374202728271484,9.068196231964976e-05,2.5817697668110878e-05,0.31891709566116333,0.3456335961818695,1.0,48
4815,0.32587844133377075,0.4298759996891022,1.0000826120376587,2.866288661956787,0.39068982005119324,0.00390625,0.030984889715909958,7.932131767272949,0.611538827419281,20.090543746948242,695.0966796875,0.02555946074426174,0.23949690163135529,6.199347496032715,72.375,33.92552185058594,1.4518800973892212,10.506725311279297,0.0014239992015063763,6.2291669845581055,3.310884475708008,1.8814208141200206,0.6201848387718201,0.6201848387718201,8.606567280367017e-05,2.5994767614269595e-05,0.48774752020835876,1.3220220804214478,1.0,48
4824,0.3881255090236664,0.45281779766082764,1.0000196695327759,0.8580342531204224,0.6218857765197754,0.0244140625,0.015215657651424408,0.6232333183288574,0.1437220275402069,4.115029811859131,381.494140625,0.1147531270980835,0.45613810420036316,7.686115264892578,83.73999786376953,36.7613525390625,0.7524959444999695,10.528751373291016,0.0011084750294685364,13.6875,3.4997754096984863,3.9109652359291127,0.5975445508956909,0.5975445508956909,6.867074989713728e-05,1.9621473283863862e-05,0.3880336582660675,0.43076860904693604,1.0,48
4873,0.3320305049419403,0.4226202666759491,1.0000592470169067,2.1906049251556396,0.3728894889354706,0.00439453125,0.015945617109537125,3.628513813018799,0.38289201259613037,13.691630363464355,997.5842895507812,0.02823571488261223,0.20468732714653015,6.042445182800293,64.44444274902344,35.00369644165039,0.7987765073776245,10.524681091308594,0.0011498432140797377,8.354166984558105,3.7032127380371094,2.255924126688708,0.5138534903526306,0.5138534903526306,6.2009938119445e-05,1.6744902963599218e-05,0.41136759519577026,0.6803462505340576,1.0,48
4910,0.3290250301361084,0.46036893129348755,1.0000437498092651,1.4442566633224487,0.43001028895378113,0.0029296875,0.003335646353662014,1.138567328453064,0.07364806532859802,2.071146011352539,578.6561889648438,0.020013848319649696,0.19782303273677826,6.106409549713135,89.0,41.9972038269043,1.0339181423187256,10.527447700500488,0.001191584044136107,8.229166984558105,3.7788748741149902,2.17767648755732,0.5615482330322266,0.5615482330322266,6.0491522162919864e-05,1.6007812912040072e-05,0.3694988191127777,0.142320916056633,1.0,48
5168,0.29115113615989685,0.3628992438316345,1.0000418424606323,1.172108769416809,0.5673317313194275,0.00244140625,0.0028471797704696655,1.166204810142517,0.09306062757968903,4.063329696655273,1774.8660888671875,0.01712392456829548,0.12442142516374588,5.588004112243652,66.4000015258789,33.542110443115234,0.7302389144897461,10.537405014038086,0.0010562553070485592,8.1875,3.3023898601531982,2.479265114636565,0.570975661277771,0.570975661277771,7.38035305403173e-05,2.2348521356411968e-05,0.3878761827945709,0.12147966772317886,1.0,48
5209,0.3564436435699463,0.502470850944519,1.0000441074371338,1.4211854934692383,0.4819108247756958,0.0048828125,0.01050630770623684,2.1516919136047363,0.2445342242717743,8.165892601013184,911.4851684570312,0.03085736557841301,0.21127207577228546,6.4397406578063965,78.80000305175781,33.71134948730469,0.7544590830802917,10.531246185302734,0.0011645101476460695,10.083333969116211,3.1860733032226562,3.164815425705662,0.5677596926689148,0.5677596926689148,6.683621177216992e-05,2.0977612628934232e-05,0.3799975514411926,0.4482691287994385,1.0,48
5212,0.3312813639640808,0.5133547186851501,1.0000439882278442,1.6996229887008667,0.4588404893875122,0.00537109375,0.007763058412820101,1.4453402757644653,0.13531829416751862,4.063835144042969,524.7333984375,0.03342986851930618,0.2698841094970703,6.611806869506836,86.63636016845703,58.521446228027344,1.4703408479690552,10.498476028442383,0.0013960005016997457,4.5625,5.6296706199646,0.8104381765632157,0.8091684579849243,0.8091684579849243,0.0001491234579589218,2.648884237830793e-05,0.3476881682872772,0.33122384548187256,1.0,48
5291,0.5286857485771179,0.7012814283370972,1.0000591278076172,2.393906354904175,0.27189865708351135,0.00537109375,0.022909468039870262,4.265326499938965,0.493285208940506,19.075546264648438,1144.2974853515625,0.03342986851930618,0.24224406480789185,5.976184844970703,63.272727966308594,43.41298294067383,1.1710844039916992,10.498079299926758,0.001431911252439022,17.33333396911621,4.085264682769775,4.242891286773478,0.5986116528511047,0.5986116528511047,7.661370909772813e-05,1.875367078008957e-05,0.3977213203907013,0.9774708151817322,1.0,48
5330,0.3319554030895233,0.48776131868362427,1.000046730041504,1.5241221189498901,0.47081881761550903,0.0029296875,0.0036407404113560915,1.242706060409546,0.10561917722225189,4.495565891265869,1607.594970703125,0.020013848319649696,0.1579931080341339,5.89801025390625,66.83333587646484,35.43488311767578,0.7504643201828003,10.53194808959961,0.001094674109481275,7.958333492279053,3.222363233566284,2.469719547654513,0.6162707209587097,0.6162707209587097,6.366957677528262e-05,1.9758659084261905e-05,0.35113388299942017,0.15533825755119324,1.0,48
5423,0.30036434531211853,0.35018497705459595,1.0000640153884888,1.2159503698349,0.565394401550293,0.0048828125,0.007550952956080437,1.5464351177215576,0.13174322247505188,3.63046932220459,434.9867248535156,0.03085736557841301,0.2648015022277832,6.5423994064331055,81.19999694824219,33.36970901489258,0.7212112545967102,10.53870677947998,0.001122844871133566,10.041666984558105,3.016903877258301,3.328467647566911,0.6201157569885254,0.6201157569885254,6.221428338903934e-05,2.062189771831889e-05,0.37407928705215454,0.32217398285865784,1.0,48
5545,0.254940003156662,0.41035932302474976,1.0000722408294678,1.5428602695465088,0.5948438048362732,0.00244140625,0.0041173966601490974,1.6864856481552124,0.14307741820812225,6.098564624786377,1631.97412109375,0.01712392456829548,0.08863501995801926,5.829258918762207,80.19999694824219,46.69867706298828,1.5500043630599976,10.501992225646973,0.0016278130933642387,7.9166669845581055,4.0876007080078125,1.9367515397679247,0.7995063662528992,0.7995063662528992,4.5193854020908475e-05,1.1056327938736334e-05,0.3832114338874817,0.17567557096481323,1.0,48
5837,0.31390300393104553,0.4938403367996216,1.0000284910202026,1.5937780141830444,0.4828137755393982,0.0078125,0.010713273659348488,1.3712990283966064,0.1526661217212677,3.3977437019348145,309.2809143066406,0.04568839073181152,0.32293999195098877,6.86158561706543,83.25,44.05236053466797,0.8813371658325195,10.55225658416748,0.0009483098401688039,8.375,4.414151191711426,1.8973070058753085,0.6102008819580078,0.6154706478118896,0.0001642608840484172,3.721233744433835e-05,0.40287524461746216,0.45709967613220215,1.0,48
6006,0.20772869884967804,0.29076021909713745,1.0001013278961182,1.4418151378631592,0.6578730344772339,0.0029296875,0.00132087804377079,0.4508596956729889,0.030530089512467384,1.1609288454055786,1071.3302001953125,0.020013848319649696,0.20330369472503662,5.924039840698242,71.16666412353516,43.85803985595703,1.2588622570037842,10.500495910644531,0.0014782985672354698,3.8125,3.5928878784179688,1.0611241203183581,0.8098506927490234,0.8098506927490234,3.867353007080965e-05,1.0763912282227792e-05,0.3439313769340515,0.05635746195912361,1.0,48
6151,0.3683716654777527,0.44780969619750977,1.0000468492507935,1.5925915241241455,0.36041826009750366,0.00634765625,0.00973074696958065,1.5329668521881104,0.16039983928203583,5.559699535369873,749.6063232421875,0.03844451159238815,0.2987562417984009,6.619385719299316,74.76923370361328,49.522212982177734,1.2424989938735962,10.549068450927734,0.0011026596184819937,10.458333969116211,4.754870891571045,2.199499037010805,0.6123309135437012,0.6123309135437012,0.00011960838310187683,2.5154917047770387e-05,0.4433180093765259,0.415178507566452,1.0,48
6153,0.44673952460289,0.6191161870956421,1.000044584274292,2.5320191383361816,0.3641623854637146,0.00390625,0.01672855019569397,4.282508850097656,0.32028844952583313,10.031987190246582,610.1312866210938,0.02555946074426174,0.24417482316493988,6.35335636138916,79.75,35.04412841796875,1.1008172035217285,10.50895881652832,0.0015861475840210915,4.6041669845581055,3.308649778366089,1.3915546458701458,0.6243650913238525,0.6243650913238525,4.999362863600254e-05,1.5109978944217878e-05,0.43431198596954346,0.713751494884491,1.0,48
6180,0.33051860332489014,0.44385743141174316,1.0000331401824951,1.2949057817459106,0.5294221043586731,0.00244140625,0.002093980321660638,0.8576943278312683,0.0518341101706028,1.9348466396331787,1035.0826416015625,0.01712392456829548,0.18006804585456848,5.63800048828125,79.5999984741211,46.717647552490234,1.2836469411849976,10.521900177001953,0.0014670214150100946,11.416666984558105,3.946256637573242,2.893037124582053,0.609900712966919,0.609900712966919,7.901044591562822e-05,2.0021618706481203e-05,0.34155935049057007,0.08934315294027328,1.0,48
6197,0.42273202538490295,0.5630400776863098,1.0000156164169312,1.4551647901535034,0.44579756259918213,0.0087890625,0.01388714648783207,1.580048680305481,0.23357169330120087,9.125065803527832,1144.307373046875,0.05035991966724396,0.3208094537258148,6.873542785644531,78.55555725097656,42.7142333984375,1.2103389501571655,10.510719299316406,0.0014748816611245275,10.729166984558105,3.8396406173706055,2.7943154127696226,0.5643250942230225,0.5643250942230225,0.00010223569552181289,2.66263709142551e-05,0.3571922183036804,0.5789198875427246,1.0,48
6214,0.4533994793891907,0.6200190782546997,1.0000449419021606,1.441778302192688,0.40336301922798157,0.0068359375,0.006261142436414957,0.9159156680107117,0.09801140427589417,2.797738552093506,455.5726318359375,0.04089350998401642,0.3023814260959625,6.562511444091797,70.64286041259766,42.43098831176758,1.4194281101226807,10.513537406921387,0.0016159933293238282,18.08333396911621,6.750827789306641,2.678683934283363,0.36466723680496216,0.36466723680496216,0.0003999533364549279,5.9245080506424125e-05,0.380191832780838,0.26714208722114563,1.0,48
6221,0.42827320098876953,0.745769202709198,1.0000455379486084,3.1411190032958984,0.2853187024593353,0.00439453125,0.008504516445100307,1.935249924659729,0.15634378790855408,4.872429370880127,575.3617553710938,0.02823571488261223,0.2538408935070038,6.325237274169922,102.33333587646484,39.3967170715332,0.9295491576194763,10.539030075073242,0.0011438820511102676,11.916666984558105,3.5174975395202637,3.387825241323443,0.6348376274108887,0.6348376274108887,6.795945228077471e-05,1.9320397903345636e-05,0.4158346951007843,0.3628593683242798,1.0,48
6265,0.4392385184764862,0.5774819850921631,1.0000451803207397,2.268030881881714,0.33156976103782654,0.0068359375,0.014350024051964283,2.099203586578369,0.21418480575084686,6.25605583190918,452.49334716796875,0.04089350998401642,0.3138815760612488,6.373996257781982,75.92857360839844,34.46984100341797,1.1510953903198242,10.522378921508789,0.0016289104241877794,16.416667938232422,3.662508726119995,4.482355980841696,0.5920743346214294,0.5920743346214294,0.00010492502769920975,2.8648403392032777e-05,0.35466188192367554,0.6122676730155945,1.0,48
6313,0.35574719309806824,0.4471712112426758,1.0000628232955933,1.3499282598495483,0.40729886293411255,0.0029296875,0.002720135496929288,0.9284729361534119,0.061029400676488876,2.2944765090942383,1020.5180053710938,0.020013848319649696,0.20867575705051422,5.805272102355957,69.33333587646484,40.99132537841797,0.8960265517234802,10.530227661132812,0.0011316512245684862,13.041666984558105,3.9253530502319336,3.322418846010128,0.5363789200782776,0.5363789200782776,7.918031769804657e-05,2.017151488874433e-05,0.44573307037353516,0.11605911701917648,1.0,48
6397,0.26473745703697205,0.3490316867828369,1.0000343322753906,2.697901725769043,0.41411662101745605,0.00244140625,0.0033331725280731916,1.3652675151824951,0.09251286834478378,3.4954946041107178,1122.19775390625,0.01712392456829548,0.14849478006362915,6.041127681732178,88.4000015258789,37.0555534362793,1.0081501007080078,10.520294189453125,0.0012747365981340408,4.395833492279053,3.811222553253174,1.1533919678851996,0.6558092832565308,0.6558092832565308,7.896577881183475e-05,2.0719277738645456e-05,0.432588130235672,0.14221535623073578,1.0,48
6466,0.38107830286026,0.45530712604522705,1.0000585317611694,1.4371981620788574,0.3958497643470764,0.0068359375,0.008914550766348839,1.3040714263916016,0.1732645183801651,6.6143317222595215,1077.5943603515625,0.04089350998401642,0.275080144405365,6.698818683624268,81.71428680419922,55.020198822021484,1.2522674798965454,10.563724517822266,0.0011185582261532545,14.291666984558105,4.64451789855957,3.0771045059853064,0.6298437714576721,0.6298437714576721,0.00013805511116515845,2.9724314532350298e-05,0.30206915736198425,0.3803541362285614,1.0,48
6552,0.39827385544776917,0.47181570529937744,1.0000361204147339,1.270511507987976,0.42143896222114563,0.005859375,0.005325034726411104,0.9088059067726135,0.09183132648468018,2.9387545585632324,605.9340209960938,0.03595767915248871,0.2780529856681824,6.672582626342773,81.75,44.83351135253906,1.0198431015014648,10.527259826660156,0.0012070410884916782,15.916666984558105,5.586469650268555,2.849145874318228,0.47389286756515503,0.47389286756515503,0.00019296286336611956,3.4541110057123876e-05,0.3115050196647644,0.22720147669315338,1.0,48
6752,0.501670777797699,0.622704803943634,1.0000442266464233,2.2779078483581543,0.2640469968318939,0.005859375,0.009142808616161346,1.5603727102279663,0.1526513248682022,4.330653667449951,526.7811889648438,0.03595767915248871,0.2880566716194153,5.965823173522949,65.25,59.35731887817383,1.4774140119552612,10.551729202270508,0.0011725608492270112,17.45833396911621,4.912035942077637,3.554195070932224,0.640998363494873,0.640998363494873,8.946392335928977e-05,1.8213206139391008e-05,0.3920937776565552,0.3900931775569916,1.0,48
6964,0.376021146774292,0.4577900171279907,1.0000348091125488,1.373720407485962,0.39830803871154785,0.00927734375,0.008770965039730072,0.9454177021980286,0.14385803043842316,5.554538249969482,1092.4039306640625,0.05265381559729576,0.3240155577659607,7.008975982666016,85.42105102539062,44.280399322509766,1.0691781044006348,10.529949188232422,0.0011700560571625829,15.333333969116211,6.345187187194824,2.416529803233386,0.6525737643241882,0.6525737643241882,0.00016446993686258793,2.592042310986495e-05,0.42663833498954773,0.36766159534454346,1.0,48
7080,0.3359350860118866,0.439860999584198,1.000011682510376,1.5940477848052979,0.3748471736907959,0.0029296875,0.009237098507583141,3.1529295444488525,0.18290723860263824,5.0469069480896,520.77783203125,0.020013848319649696,0.225300133228302,5.8701677322387695,77.0,41.07550811767578,0.950615644454956,10.522470474243164,0.0012346884468570352,13.9375,3.6755053997039795,3.7919955071219738,0.577314019203186,0.577314019203186,6.828884215792641e-05,1.8579442701303577e-05,0.40587669610977173,0.39411625266075134,1.0,48
7097,0.4313308894634247,0.654999852180481,1.0000262260437012,2.1837432384490967,0.3300879895687103,0.00439453125,0.005373774096369743,1.222832202911377,0.1070750281214714,3.573423147201538,786.1417236328125,0.02823571488261223,0.2458445280790329,6.203289985656738,71.0,39.87613296508789,1.8449040651321411,10.538142204284668,0.001638396643102169,17.45833396911621,3.5167765617370605,4.964300009679865,0.5408336520195007,0.5408336520195007,8.291499398183078e-05,2.357698656439699e-05,0.3484272062778473,0.22928105294704437,1.0,48
7132,0.4091741144657135,0.5668709874153137,1.000046730041504,1.9105079174041748,0.39821186661720276,0.00341796875,0.004911420401185751,1.4369412660598755,0.1119503304362297,3.9999449253082275,925.2980346679688,0.02282176911830902,0.20674225687980652,6.071216583251953,72.28571319580078,42.67901611328125,1.2567763328552246,10.518863677978516,0.001493814866989851,8.979166984558105,3.9111392498016357,2.295793217297384,0.611850917339325,0.611850917339325,6.823673902545124e-05,1.7446767934546023e-05,0.4679734706878662,0.20955394208431244,1.0,48
7188,0.46189218759536743,0.7023332118988037,1.0000600814819336,2.2296578884124756,0.3407978415489197,0.00390625,0.009262182749807835,2.3711187839508057,0.20899847149848938,7.102807998657227,871.176513671875,0.02555946074426174,0.21302828192710876,5.923443794250488,74.875,63.639915466308594,1.692629337310791,10.59784984588623,0.0011992391664534807,11.229166984558105,5.500237941741943,2.041578397713101,0.7153072357177734,0.7420181632041931,8.955401426646858e-05,1.6281843631529895e-05,0.31296369433403015,0.3951864540576935,1.0,48
7206,0.4560820758342743,0.654210090637207,1.0000640153884888,1.97919762134552,0.3541526198387146,0.0029296875,0.004487037658691406,1.5315755605697632,0.11572346091270447,4.516269683837891,1196.9373779296875,0.020013848319649696,0.17727145552635193,5.898916244506836,64.66666412353516,55.116554260253906,0.9855291247367859,10.585575103759766,0.0008688049856573343,6.4375,4.938487529754639,1.303536750508808,0.6770030856132507,0.6770030856132507,0.00011391360021661967,2.306649541982631e-05,0.3773408532142639,0.1914469599723816,1.0,48
7271,0.4830949306488037,0.5667078495025635,1.0000160932540894,1.864930272102356,0.31749600172042847,0.00244140625,0.0044276840053498745,1.8135793209075928,0.11447960138320923,4.220485687255859,1053.8271484375,0.01712392456829548,0.1708684265613556,5.886945724487305,80.4000015258789,37.635005950927734,1.0541166067123413,10.52829360961914,0.0014791791327297688,13.541666984558105,3.706282377243042,3.653706212772206,0.5384416580200195,0.5384416580200195,8.863733091857284e-05,2.3915428361222816e-05,0.40811687707901,0.18891452252864838,1.0,48
7387,0.4672226905822754,0.670505940914154,1.000041127204895,2.336019515991211,0.29239898920059204,0.00244140625,0.002792990766465664,1.144008994102478,0.07065700739622116,2.5374550819396973,936.8927001953125,0.01712392456829548,0.1687658578157425,5.739962577819824,66.5999984741211,55.60943603515625,0.9651309847831726,10.558231353759766,0.0008971433853730559,8.125,4.83083438873291,1.6819040623978176,0.6678571105003357,0.6678571105003357,0.00012487517960835248,2.5849608846270173e-05,0.4478141963481903,0.11916760355234146,1.0,48
7629,0.3204687237739563,0.45721039175987244,1.0000479221343994,1.3818644285202026,0.48596128821372986,0.01220703125,0.018178369849920273,1.489172101020813,0.22818270325660706,4.993832111358643,300.0678405761719,0.06591325998306274,0.36615705490112305,6.840623378753662,69.12000274658203,39.207828521728516,1.146888017654419,10.52833080291748,0.0013499873457476497,10.5625,5.363564491271973,1.9693060459131417,0.5696656703948975,0.5784162282943726,0.00020414040773175657,3.8060585956101495e-05,0.6930546760559082,0.7258625626564026,1.0,48
7772,0.4163779318332672,0.49533724784851074,1.0000362396240234,1.4531357288360596,0.40715980529785156,0.00439453125,0.006090912036597729,1.3860208988189697,0.11733127385377884,3.216506004333496,502.5921936035156,0.02823571488261223,0.24035565555095673,6.546787261962891,100.77777862548828,36.15419006347656,1.1924388408660889,10.532833099365234,0.0012743615079671144,15.041666984558105,4.392629623413086,3.424296660511004,0.38832563161849976,0.38832563161849976,0.00019880104809999466,4.525786708439739e-05,0.32132577896118164,0.25987890362739563,1.0,48
7969,0.5270642638206482,0.6425070762634277,1.0000407695770264,1.33376145362854,0.5029870867729187,0.00537109375,0.0035376858431845903,0.6586527824401855,0.06050914153456688,1.7186005115509033,508.3904724121094,0.03342986851930618,0.27817434072494507,6.632535457611084,82.45454406738281,30.277523040771484,0.635783314704895,10.549254417419434,0.0010704040760174394,9.3125,3.1801061630249023,2.928361348118762,0.6761488914489746,0.6761488914489746,3.805534652201459e-05,1.1966690560465319e-05,0.4115104377269745,0.15094125270843506,1.0,48
7975,0.32314616441726685,0.4329818785190582,1.0000413656234741,1.542190670967102,0.4235239624977112,0.00634765625,0.01643749326467514,2.5895373821258545,0.27207013964653015,8.136740684509277,543.7553100585938,0.03844451159238815,0.2896046042442322,6.379402160644531,68.46154022216797,39.37249755859375,0.8158127665519714,10.542085647583008,0.0010160005185753107,12.979166984558105,3.7348756790161133,3.4751269025441744,0.554027795791626,0.554027795791626,8.023529517231509e-05,2.1482721743130266e-05,0.3784899413585663,0.7013330459594727,1.0,48
8116,0.4593876898288727,0.5349475741386414,1.000017762184143,1.8962079286575317,0.32814353704452515,0.009765625,0.01494519878178835,1.530388355255127,0.19203640520572662,4.298795700073242,286.02813720703125,0.05492175742983818,0.3520314693450928,6.443815231323242,73.3499984741211,37.479286193847656,1.3961706161499023,10.511940956115723,0.0016332264058291912,18.291667938232422,4.1320037841796875,4.426827478715761,0.5963171720504761,0.5963171720504761,0.00011583379819057882,2.8033323288265496e-05,0.3371530771255493,0.6186853051185608,1.0,48
8194,0.38939961791038513,0.458950936794281,1.0000277757644653,2.245655059814453,0.3665647804737091,0.00830078125,0.03972620144486427,4.785839080810547,0.7136893272399902,21.447961807250977,747.79052734375,0.04803864285349846,0.2917456328868866,6.8959503173828125,84.29412078857422,41.8516731262207,1.4380677938461304,10.517877578735352,0.0017145398305729032,10.458333969116211,3.8173110485076904,2.7397122762127513,0.6233219504356384,0.6233219504356384,7.505461690016091e-05,1.966164552738916e-05,0.3894179165363312,1.6939831972122192,1.0,48
8686,0.5005471706390381,0.5552716851234436,1.0000336170196533,2.1661720275878906,0.3296145796775818,0.00830078125,0.04002619534730911,4.821979522705078,0.613712728023529,14.29218578338623,381.6369934082031,0.04803864285349846,0.3098304867744446,6.503281593322754,75.23529052734375,41.330543518066406,1.2134894132614136,10.542305946350098,0.0012505159247666597,15.3125,4.056198596954346,3.7750863514786346,0.5277478694915771,0.5277478694915771,0.0001012419379549101,2.4959807880543858e-05,0.41436144709587097,1.7072416543960571,1.0,48
8853,0.39721137285232544,0.5249378085136414,1.000052571296692,1.6277961730957031,0.36341938376426697,0.005859375,0.017644818872213364,3.0113823413848877,0.3420967161655426,12.86856460571289,1007.2327270507812,0.03595767915248871,0.26315709948539734,6.482630729675293,75.91666412353516,34.08235549926758,0.806280255317688,10.530672073364258,0.0012592399725690484,10.875,3.836768627166748,2.8344164135032694,0.491203248500824,0.491203248500824,0.00013112270971760154,3.417529752704317e-05,0.37317395210266113,0.7528455257415771,1.0,48
8970,0.2921232283115387,0.35755133628845215,1.0000613927841187,1.0885887145996094,0.5473164916038513,0.01025390625,0.011047668755054474,1.0774106979370117,0.16466113924980164,5.376297473907471,623.1122436523438,0.057165034115314484,0.3304510712623596,6.977648735046387,73.71428680419922,43.76131820678711,1.2868731021881104,10.516303062438965,0.001479593338444829,10.208333969116211,4.224135875701904,2.416667987332027,0.5473148226737976,0.5473148226737976,0.00010347158968215808,2.4495326969095528e-05,0.4176069498062134,0.46327003836631775,1.0,48
9094,0.4193674623966217,0.47643306851387024,1.0000100135803223,2.250605583190918,0.35309091210365295,0.00244140625,0.009595196694135666,3.930192470550537,0.26254919171333313,10.691351890563965,1365.1123046875,0.01712392456829548,0.15955869853496552,5.350774765014648,66.4000015258789,39.62656021118164,0.8123654723167419,10.539843559265137,0.0010891209822148085,8.0,4.051921367645264,1.9743719718098591,0.6360388398170471,0.6360388398170471,0.00011914809874724597,2.940533333262448e-05,0.35067278146743774,0.4093950688838959,1.0,48
9216,0.48607370257377625,0.6328949928283691,1.0000580549240112,1.3509153127670288,0.43951109051704407,0.0185546875,0.032130710780620575,1.7316762208938599,0.31582388281822205,6.592051982879639,188.5055694580078,0.09235962480306625,0.4259897768497467,7.462061882019043,85.71052551269531,34.963844299316406,1.8381993770599365,10.492345809936523,0.0030056205578148365,14.833333969116211,3.875157117843628,3.827801939316555,0.5471385717391968,0.5471385717391968,0.00014622726303059608,3.773453777652773e-05,0.26905882358551025,1.0701969861984253,1.0,48
9271,0.34375566244125366,0.529385507106781,1.0000816583633423,1.4176225662231445,0.4822724461555481,0.0068359375,0.01274430938065052,1.864310383796692,0.23842984437942505,7.355815887451172,664.5415649414062,0.04089350998401642,0.27217552065849304,6.679047107696533,75.71428680419922,34.037357330322266,0.9808177351951599,10.52547836303711,0.0014936055522412062,8.291666984558105,3.430433988571167,2.417089787476373,0.5650718808174133,0.5650718808174133,8.482664998155087e-05,2.472767294659585e-05,0.35127022862434387,0.5437572002410889,1.0,48
9280,0.3317180573940277,0.3926522135734558,1.0000628232955933,1.4706122875213623,0.4936888515949249,0.005859375,0.007313597481697798,1.2481873035430908,0.10642246901988983,2.503002882003784,288.8477783203125,0.03595767915248871,0.30705496668815613,6.5093488693237305,72.83333587646484,38.78557586669922,1.2818002700805664,10.51484203338623,0.0016192797338590026,9.666666984558105,3.6037611961364746,2.6823827750012215,0.6058986186981201,0.6058986186981201,8.2335427578073e-05,2.2847081942575013e-05,0.326556533575058,0.3120467960834503,1.0,48
9290,0.400439590215683,0.5815283060073853,1.0000460147857666,1.6901079416275024,0.3869607150554657,0.00390625,0.0048099542036652565,1.2313482761383057,0.09123408049345016,2.6966569423675537,567.0601806640625,0.02555946074426174,0.2451120764017105,5.908376693725586,63.75,58.16122055053711,1.1646896600723267,10.55710220336914,0.001001003198325634,17.791667938232422,4.6452741622924805,3.830057662549569,0.635159969329834,0.635159969329834,0.00010342907626181841,2.226544062323351e-05,0.34861117601394653,0.20522470772266388,1.0,48
9405,0.339860737323761,0.4275406002998352,1.0000224113464355,1.4373277425765991,0.38756489753723145,0.005859375,0.012581875547766685,2.1473066806793213,0.1976090967655182,5.070849418640137,390.6872863769531,0.03595767915248871,0.2958018481731415,6.257850646972656,64.0,38.89917755126953,0.85960853099823,10.524115562438965,0.001129950163885951,11.833333969116211,3.513770580291748,3.367702490825871,0.582161545753479,0.582161545753479,0.00010067954281112179,2.8652850328160548e-05,0.31353095173835754,0.5368266701698303,1.0,48
9423,0.255471408367157,0.4046655297279358,1.0000510215759277,1.375967264175415,0.5017776489257812,0.00634765625,0.0055726272985339165,0.8779031038284302,0.09875425696372986,2.7126362323760986,474.71929931640625,0.03844451159238815,0.2667141258716583,6.5568647384643555,76.23076629638672,37.84520721435547,0.8445827960968018,10.539568901062012,0.001128779724240303,12.354166984558105,3.0240697860717773,4.085278388946574,0.5369696021080017,0.5369696021080017,6.050967931514606e-05,2.0009352758242302e-05,0.5284856557846069,0.23776541650295258,1.0,48
9738,0.3253784477710724,0.47673770785331726,1.0000487565994263,1.2761777639389038,0.49665355682373047,0.0126953125,0.01654091104865074,1.3029148578643799,0.206330344080925,4.236145973205566,310.1930847167969,0.06804874539375305,0.37214958667755127,6.995701789855957,70.84615325927734,38.9571418762207,1.0304392576217651,10.495695114135742,0.0013754016254097223,10.958333969116211,4.178804397583008,2.622361063186118,0.5419502258300781,0.5419502258300781,0.00015926608466543257,3.811283542642547e-05,0.38921067118644714,0.634307324886322,1.0,48
9837,0.4092867374420166,0.5696415901184082,1.0000669956207275,2.1234683990478516,0.33851855993270874,0.00244140625,0.0039685629308223724,1.625523328781128,0.10741199553012848,3.5487070083618164,951.7554321289062,0.01712392456829548,0.15517044067382812,5.7354736328125,73.19999694824219,41.48197555541992,0.903243899345398,10.542614936828613,0.0010469434782862663,11.541666984558105,3.9942786693573,2.889549756306743,0.5888407826423645,0.5888407826423645,0.00010091510193888098,2.526491265129221e-05,0.3463342487812042,0.1693253517150879,1.0,48
9845,0.43716898560523987,0.4782291054725647,1.000032901763916,1.1819956302642822,0.4427087604999542,0.0166015625,0.016489380970597267,0.9932427406311035,0.1713269054889679,3.6100597381591797,206.28627014160156,0.08450048416852951,0.4113468527793884,7.289416313171387,74.14705657958984,35.630706787109375,0.8916773796081543,10.523258209228516,0.0012540610041469336,20.02083396911621,6.998921871185303,2.860559713194796,0.39012497663497925,0.39012497663497925,0.0005077248206362128,7.254329013174056e-05,0.33211997151374817,0.5801202654838562,1.0,48
9996,0.4424050450325012,0.6995835304260254,1.000045657157898,1.5524671077728271,0.47559571266174316,0.00927734375,0.017514284700155258,1.8878555297851562,0.27771347761154175,7.9220380783081055,538.876220703125,0.05265381559729576,0.3151027262210846,6.888604640960693,68.0,32.82427215576172,1.750956654548645,10.528873443603516,0.0017156596295535564,12.5625,3.507981777191162,3.5811189345024457,0.5270280241966248,0.5270280241966248,0.00011333102884236723,3.230661836848112e-05,0.35511425137519836,0.7412309050559998,1.0,48
10069,0.38479310274124146,0.6100728511810303,1.000112533569336,1.294614315032959,0.44661855697631836,0.00341796875,0.005130063742399216,1.5009100437164307,0.11677823960781097,3.5335354804992676,737.330810546875,0.02282176911830902,0.1992080956697464,6.065930366516113,67.42857360839844,45.77609634399414,1.2051023244857788,10.515891075134277,0.0014138955157250166,11.833333969116211,4.310981273651123,2.7449281707607276,0.627112627029419,0.627112627029419,9.849259367911145e-05,2.2846908209189574e-05,0.2888023257255554,0.2188827395439148,1.0,48
10265,0.43653908371925354,0.5723675489425659,1.0000171661376953,1.3018951416015625,0.4230044484138489,0.0078125,0.004628612659871578,0.592462420463562,0.09012539684772491,3.37363600730896,1040.9322509765625,0.04568839073181152,0.27824312448501587,6.930642127990723,84.0625,35.561214447021484,1.1023354530334473,10.545062065124512,0.0012283500982448459,18.354167938232422,7.151099681854248,2.5666217405890013,0.36645418405532837,0.36645418405532837,0.00036932219518348575,5.164551063442414e-05,0.4382186830043793,0.19748742878437042,1.0,48
10470,0.37345585227012634,0.45545825362205505,1.0000487565994263,1.8721058368682861,0.3693760335445404,0.00537109375,0.015966182574629784,2.9726128578186035,0.30974656343460083,10.482682228088379,788.6403198242188,0.03342986851930618,0.2584296464920044,6.349127769470215,70.18181610107422,38.288475036621094,1.211413860321045,10.526886940002441,0.0012696023331955075,11.208333969116211,3.9243087768554688,2.8561294683687213,0.5610483288764954,0.5610483288764954,8.415389311267063e-05,2.1444258768460158e-05,0.41391491889953613,0.6812236905097961,1.0,48
10507,0.33291560411453247,0.42786461114883423,1.0000739097595215,1.7295141220092773,0.4711450934410095,0.00439453125,0.011072225868701935,2.5195465087890625,0.24232211709022522,7.423264026641846,682.4886474609375,0.02823571488261223,0.20898230373859406,6.364696025848389,84.77777862548828,33.78094482421875,0.8069157600402832,10.533941268920898,0.0011091269552707672,6.6875,3.534759044647217,1.891925275983893,0.5727717280387878,0.5727717280387878,6.556574953719974e-05,1.854885963188896e-05,0.4919750988483429,0.4724149703979492,1.0,48
10559,0.41235074400901794,0.5648826956748962,1.0000306367874146,1.9823378324508667,0.3411405086517334,0.00634765625,0.013332062400877476,2.1003127098083496,0.258018434047699,9.236078262329102,874.4827270507812,0.03844451159238815,0.2622247040271759,6.659239292144775,80.69230651855469,36.52344512939453,0.8384912014007568,10.531017303466797,0.0011506162118166685,11.833333969116211,4.085659980773926,2.896309040849648,0.5248410701751709,0.5248410701751709,0.00016068131662905216,3.932811760936943e-05,0.3919127881526947,0.568834662437439,1.0,48
10605,0.3917137682437897,0.5794405341148376,1.000022292137146,1.4464021921157837,0.44077974557876587,0.00830078125,0.013082507997751236,1.5760574340820312,0.18609169125556946,5.186735153198242,402.65576171875,0.04803864285349846,0.32803016901016235,6.698432922363281,75.05882263183594,35.00038528442383,0.8748617768287659,10.528993606567383,0.0011865053093060851,13.166666984558105,3.476430892944336,3.787409372470685,0.5469920039176941,0.5469920039176941,8.837698260322213e-05,2.5421757276513662e-05,0.3644190728664398,0.5570171475410461,1.0,48
10621,0.5402222871780396,0.7123267650604248,1.0000967979431152,2.6761250495910645,0.2576286792755127,0.005859375,0.01732526905834675,2.956845998764038,0.2615951597690582,7.4942097663879395,424.61932373046875,0.03595767915248871,0.3041558265686035,6.111915588378906,65.5,38.30358123779297,1.1446541547775269,10.51988697052002,0.0013241448905318975,15.9375,3.4713895320892334,4.591101000554412,0.49003762006759644,0.49003762006759644,8.812592568574473e-05,2.5386354546861576e-05,0.3763141930103302,0.7392114996910095,1.0,48
10640,0.44121333956718445,0.47964155673980713,1.000032663345337,1.1614741086959839,0.4742775559425354,0.03662109375,0.02778860181570053,0.7588140964508057,0.2084662765264511,4.8173828125,238.8858184814453,0.15705294907093048,0.5123946070671082,7.790273189544678,71.04000091552734,29.850393295288086,0.6926000714302063,10.527518272399902,0.0011982854921370745,18.1875,7.704451560974121,2.360648234654351,0.3376427888870239,0.3376427888870239,0.0004790856910403818,6.218297131560891e-05,0.3583427965641022,0.6001086235046387,1.0,48
10658,0.4092804491519928,0.5090373754501343,1.0000652074813843,1.7880269289016724,0.3410830795764923,0.005859375,0.015919066965579987,2.7168540954589844,0.2942350208759308,9.205426216125488,622.2616577148438,0.03595767915248871,0.26311227679252625,6.431344985961914,74.66666412353516,40.02009201049805,1.1624252796173096,10.514530181884766,0.0014369483105838299,11.0625,4.0587005615234375,2.725626048301385,0.5168896317481995,0.5168896317481995,8.972373325377703e-05,2.2106517017612643e-05,0.3421434760093689,0.6792135238647461,1.0,48
10664,0.46162959933280945,0.5681779384613037,1.000042200088501,2.457507371902466,0.26991480588912964,0.0029296875,0.005593063309788704,1.9090989828109741,0.2091149240732193,9.393704414367676,1982.8023681640625,0.020013848319649696,0.09361007064580917,5.827198505401611,77.16666412353516,40.17998123168945,1.0093122720718384,10.542816162109375,0.0012391428463160992,12.25,3.7710251808166504,3.2484535053840755,0.5234948396682739,0.5234948396682739,9.796551603358239e-05,2.5978483589065352e-05,0.38641682267189026,0.23863737285137177,1.0,48
10711,0.4857202470302582,0.6833053231239319,1.0000566244125366,2.470252275466919,0.35485681891441345,0.00244140625,0.003061616560444236,1.2540380954742432,0.09238571673631668,3.934171676635742,1612.72021484375,0.01712392456829548,0.14134275913238525,5.749608039855957,69.0,39.48762893676758,0.8360437750816345,10.538741111755371,0.0010155595373362303,12.9375,3.7859411239624023,3.417248061239528,0.6584850549697876,0.6584850549697876,6.753933848813176e-05,1.7839510995630416e-05,0.3767935335636139,0.13062897324562073,1.0,48
10793,0.43369054794311523,0.5530316829681396,1.0000460147857666,1.2165050506591797,0.49410247802734375,0.02392578125,0.02064470946788788,0.86286461353302,0.1664806306362152,2.705570936203003,123.24922943115234,0.11294737458229065,0.47399500012397766,7.325981140136719,63.83673095703125,34.427879333496094,0.7507019639015198,10.542308807373047,0.0010997209465131164,16.875,5.377386093139648,3.1381417804734792,0.397409051656723,0.397409051656723,0.0002537545806262642,4.7189206011840343e-05,0.38386431336402893,0.5465858578681946,1.0,48
10809,0.3242124021053314,0.3912413418292999,1.0000334978103638,1.5564393997192383,0.4988560378551483,0.00439453125,0.009513947181403637,2.1649515628814697,0.15535235404968262,3.443613052368164,326.9389953613281,0.02823571488261223,0.27455809712409973,6.215059757232666,75.22222137451172,38.77983856201172,0.9274957180023193,10.524818420410156,0.0012372323544695973,9.520833969116211,3.8509650230407715,2.4723241804141853,0.596803605556488,0.596803605556488,7.658444519620389e-05,1.9887078833258536e-05,0.4102526307106018,0.405928373336792,1.0,48
10828,0.383211612701416,0.47477787733078003,1.0000394582748413,1.3749459981918335,0.4471277594566345,0.00341796875,0.0031924513168632984,0.9340200424194336,0.06788595765829086,2.3125522136688232,771.0780639648438,0.02282176911830902,0.21888484060764313,6.090972423553467,70.57142639160156,43.22551727294922,0.9764120578765869,10.533076286315918,0.0011448335135355592,11.1875,4.050253868103027,2.762172529599494,0.5453566312789917,0.5453566312789917,8.253266423707828e-05,2.037715825254223e-05,0.38531261682510376,0.13621126115322113,1.0,48
10884,0.3711608350276947,0.5213181972503662,1.0000447034835815,1.9229556322097778,0.43461379408836365,0.00439453125,0.011023769155144691,2.5085198879241943,0.24059629440307617,7.410062313079834,823.3323364257812,0.02823571488261223,0.22626438736915588,6.6722941398620605,104.66666412353516,40.212650299072266,0.842139720916748,10.543563842773438,0.001015684101730585,5.5416669845581055,3.237037420272827,1.7119564119748338,0.6664994955062866,0.6664994955062866,4.468938277568668e-05,1.3805642887459638e-05,0.44088929891586304,0.47034749388694763,1.0,48
10906,0.46641287207603455,0.5668609142303467,1.0000700950622559,1.638974666595459,0.3130304515361786,0.0048828125,0.00920526497066021,1.8852382898330688,0.14932790398597717,3.188779354095459,322.9215087890625,0.03085736557841301,0.2784888744354248,6.421141147613525,79.19999694824219,33.132022857666016,0.9233354330062866,10.533119201660156,0.0013074461603537202,19.479167938232422,4.820383071899414,4.040999980142012,0.4085731506347656,0.4085731506347656,0.0001607413578312844,3.334617915220676e-05,0.29637014865875244,0.39275801181793213,1.0,48
11071,0.3063778579235077,0.3446587324142456,1.000070571899414,1.1114932298660278,0.5018786191940308,0.00537109375,0.007888421416282654,1.4686806201934814,0.1353834867477417,3.7745280265808105,456.892578125,0.03342986851930618,0.272519052028656,6.616905689239502,83.45454406738281,39.549808502197266,0.8875771164894104,10.52741813659668,0.001122821238823235,12.333333969116211,3.7642860412597656,3.2764072127272863,0.533475935459137,0.533475935459137,8.892900950741023e-05,2.362440268790121e-05,0.33462247252464294,0.33657264709472656,1.0,48
11171,0.35551270842552185,0.430147260427475,1.000046968460083,1.304360270500183,0.4479593336582184,0.0029296875,0.0026911143213510513,0.9185670018196106,0.059334345161914825,1.9415929317474365,715.2523193359375,0.020013848319649696,0.20437389612197876,6.130998611450195,87.16666412353516,40.81406784057617,1.4564528465270996,10.530583381652832,0.0015814080834388733,10.583333969116211,3.60907244682312,2.932424908540676,0.5930308699607849,0.5930308699607849,7.739881402812898e-05,2.144562486735419e-05,0.3522011339664459,0.11482087522745132,1.0,48
11226,0.39457544684410095,0.46383994817733765,1.0000356435775757,1.5781896114349365,0.38326698541641235,0.00732421875,0.024694884195923805,3.3716747760772705,0.40607213973999023,13.20433235168457,635.57861328125,0.0433073565363884,0.30001765489578247,6.383637428283691,64.5999984741211,39.249908447265625,0.9936553239822388,10.528238296508789,0.0011938202660530806,11.979166984558105,4.132359504699707,2.898868537925025,0.5315886735916138,0.5315886735916138,0.00011290505062788725,2.7322175194645887e-05,0.4093937277793884,1.0536483526229858,1.0,48
11270,0.43201208114624023,0.4780730605125427,1.000024676322937,1.1393009424209595,0.4621521532535553,0.060546875,0.06026000156998634,0.9952619671821594,0.31505757570266724,4.627002716064453,61.964759826660156,0.2284696400165558,0.5894253849983215,7.969631671905518,70.66129302978516,51.123374938964844,1.3355927467346191,10.527315139770508,0.0013353030662983656,19.041667938232422,6.587766647338867,2.8904587743738204,0.5026102066040039,0.5026102066040039,0.00021372552146203816,3.244278866859148e-05,0.3502500653266907,0.9621286392211914,1.0,48
11300,0.37084007263183594,0.43832919001579285,1.0000338554382324,1.3281536102294922,0.4585498571395874,0.00341796875,0.003554187947884202,1.039853811264038,0.07672428339719772,2.314302444458008,655.9661865234375,0.02282176911830902,0.21202267706394196,5.912328243255615,62.0,34.8525276184082,0.8193708062171936,10.536953926086426,0.0011286744847893715,12.666666984558105,3.3602607250213623,3.7695488485590922,0.5309653282165527,0.5309653282165527,6.863738235551864e-05,2.0426207299976766e-05,0.33731046319007874,0.15164534747600555,1.0,48
11367,0.398540735244751,0.58561110496521,1.00005042552948,1.2176527976989746,0.5328817367553711,0.013671875,0.04910261183977127,3.591505289077759,0.555256724357605,11.277243614196777,230.97897338867188,0.07226333767175674,0.3870208263397217,7.181907653808594,79.67857360839844,49.403560638427734,1.3128278255462646,10.499165534973145,0.0015181726776063442,12.520833969116211,4.655943870544434,2.6892149670094634,0.5283238887786865,0.5283238887786865,0.00021190594998188317,4.5512994876799155e-05,0.40108808875083923,1.877463936805725,1.0,48
11404,0.30405959486961365,0.4459429085254669,1.0000137090682983,1.3787049055099487,0.45387548208236694,0.0029296875,0.0028276625089347363,0.965175449848175,0.07210971415042877,2.7804980278015137,1144.878662109375,0.020013848319649696,0.17867673933506012,5.981989860534668,78.33333587646484,37.22867202758789,0.9816175699234009,10.523920059204102,0.0012386919697746634,8.458333969116211,3.612643241882324,2.341314483435113,0.566335916519165,0.566335916519165,9.233468881575391e-05,2.555876193079514e-05,0.3308808207511902,0.12064692378044128,1.0,48
11548,0.3750994801521301,0.4502700865268707,1.0000489950180054,1.2026848793029785,0.4336032569408417,0.0068359375,0.008162329904735088,1.1940323114395142,0.11868135631084442,3.5542802810668945,474.64208984375,0.04089350998401642,0.3212532103061676,6.673610687255859,83.92857360839844,32.49805450439453,0.9722405076026917,10.531331062316895,0.0011474917409941554,17.0,3.9057626724243164,4.352542994099186,0.48728248476982117,0.48728248476982117,0.00012267187412362546,3.140791801704725e-05,0.3451251685619354,0.34825944900512695,1.0,48
11564,0.3436446189880371,0.478685200214386,1.0000264644622803,1.4721181392669678,0.4642047882080078,0.00341796875,0.004243460483849049,1.2415152788162231,0.09439369291067123,3.107004404067993,754.98876953125,0.02282176911830902,0.20891711115837097,6.212563514709473,82.28571319580078,43.42484664916992,1.1394405364990234,10.524163246154785,0.001344957621768117,9.229166984558105,3.7816271781921387,2.4405279857770013,0.5809022784233093,0.5809022784233093,5.7001958339242265e-05,1.507339446818735e-05,0.48882579803466797,0.18105430901050568,1.0,48
11600,0.32923099398612976,0.41701173782348633,1.0000157356262207,1.0313303470611572,0.5572797060012817,0.00390625,0.00231989286839962,0.5938925743103027,0.045661114156246185,1.362809658050537,544.5995483398438,0.02555946074426174,0.2302503138780594,6.222703456878662,72.375,41.2611198425293,1.37037992477417,10.520198822021484,0.001678113709203899,6.958333492279053,3.653289794921875,1.9046760218432373,0.5947362184524536,0.5947362184524536,7.584349805256352e-05,2.076032893705388e-05,0.33351632952690125,0.09898208826780319,1.0,48
11647,0.31428608298301697,0.43133848905563354,1.0000356435775757,1.1042022705078125,0.5096582174301147,0.01416015625,0.01667485386133194,1.1775896549224854,0.18998898565769196,4.226541996002197,271.7159118652344,0.07434378564357758,0.39210546016693115,7.270603179931641,82.0,41.32535171508789,1.3581962585449219,10.515342712402344,0.0015647455584257841,11.1875,4.043557167053223,2.766747076927199,0.5702683925628662,0.5702683925628662,0.00010170166933676228,2.5151534869819314e-05,0.3223334848880768,0.6109617352485657,1.0,48
11671,0.35046711564064026,0.4095678925514221,1.0000731945037842,1.3245351314544678,0.4236823618412018,0.00927734375,0.013050941750407219,1.4067541360855103,0.1905762255191803,5.138173580169678,406.4727478027344,0.05265381559729576,0.3252246081829071,6.703961372375488,70.36842346191406,47.76926803588867,1.1885372400283813,10.533878326416016,0.0012146527878940105,11.375,4.578392028808594,2.4844967192805196,0.5820807814598083,0.5820807814598083,0.00012194285227451473,2.663442781676843e-05,0.36244234442710876,0.5519654750823975,1.0,48
11706,0.2819384038448334,0.3467613756656647,1.0000427961349487,1.1293333768844604,0.500105082988739,0.01318359375,0.013390432111918926,1.0156890153884888,0.15610697865486145,3.6835830211639404,276.3979797363281,0.07016520947217941,0.38482457399368286,7.414080619812012,92.18518829345703,38.66629409790039,1.0645383596420288,10.530057907104492,0.001182475360110402,10.958333969116211,4.104410171508789,2.6698925020909843,0.5240992903709412,0.5240992903709412,0.00010149515583179891,2.472831694284734e-05,0.452987402677536,0.5024080276489258,1.0,48
11798,0.46162423491477966,0.639686107635498,1.0000425577163696,2.996927499771118,0.3035227954387665,0.00341796875,0.03647198900580406,10.670661926269531,0.9748070240020752,37.55475616455078,1198.87890625,0.02282176911830902,0.17657192051410675,5.882957458496094,69.85713958740234,36.96466827392578,0.8468220829963684,10.536470413208008,0.0011120653944090009,10.125,3.504094123840332,2.889477169639689,0.6518833041191101,0.6518833041191101,5.0728551286738366e-05,1.4476937362165587e-05,0.3588489592075348,1.5561383962631226,1.0,48
11859,0.47187158465385437,0.6078370809555054,1.0000823736190796,1.444783329963684,0.4374673068523407,0.0078125,0.004896001890301704,0.6266882419586182,0.07559871673583984,2.495692014694214,634.42236328125,0.04568839073181152,0.3157067894935608,6.707852363586426,71.4375,29.026657104492188,0.9357832670211792,10.530319213867188,0.0013287905603647232,18.1875,6.109801292419434,2.9767743826297415,0.3208434283733368,0.3208434283733368,0.0003762338892556727,6.157874383029232e-05,0.4900430738925934,0.20889608561992645,1.0,48
11863,0.36921945214271545,0.445076048374176,1.0000345706939697,1.0069520473480225,0.5248355269432068,0.0068359375,0.0022516571916639805,0.32938528060913086,0.031326133757829666,0.7365390062332153,293.7348327636719,0.04089350998401642,0.3243248164653778,6.780795097351074,80.57142639160156,37.041709899902344,0.7594457268714905,10.540701866149902,0.0010298725683242083,12.333333969116211,3.6708621978759766,3.359792133481493,0.5294892191886902,0.5294892191886902,7.238527177833021e-05,1.9718874661932234e-05,0.402385413646698,0.09607070684432983,1.0,48
11952,0.5442421436309814,0.7114353775978088,1.000033974647522,2.7131359577178955,0.3085051476955414,0.00341796875,0.00472188089042902,1.381487488746643,0.09138738363981247,2.3793258666992188,467.0484313964844,0.02282176911830902,0.23149798810482025,6.364897727966309,90.14286041259766,37.685062408447266,1.239717721939087,10.488434791564941,0.0016638112720102072,3.4583334922790527,3.146660327911377,1.0990488711516133,0.6910545229911804,0.6910545229911804,5.195941776037216e-05,1.6512560041628348e-05,0.3700770139694214,0.20146691799163818,1.0,48
12101,0.43082743883132935,0.5642756223678589,1.0000437498092651,1.6803131103515625,0.5242272615432739,0.0087890625,0.013672932982444763,1.555675983428955,0.20361189544200897,6.261775493621826,541.8796997070312,0.05035991966724396,0.32556119561195374,6.821461200714111,74.61111450195312,59.257423400878906,1.0414631366729736,10.561317443847656,0.0008971439092420042,6.833333492279053,5.853324890136719,1.1674276772368204,0.7740833163261414,0.7740833163261414,0.00013399161980487406,2.2891539781388927e-05,0.5063604712486267,0.5795899629592896,1.0,48
12109,0.325605183839798,0.3974709212779999,1.000040888786316,2.8550546169281006,0.40392857789993286,0.00341796875,0.012781756930053234,3.739576816558838,0.26317840814590454,8.72327709197998,725.2918701171875,0.02282176911830902,0.22740083932876587,6.026693344116211,75.0,36.67607498168945,0.8477510809898376,10.519522666931152,0.001222000690177083,6.083333492279053,3.2307848930358887,1.8829274231666413,0.667155921459198,0.667155921459198,5.0796177674783394e-05,1.572255015400483e-05,0.44780150055885315,0.545354962348938,1.0,48
12162,0.428981214761734,0.5010007619857788,1.000041127204895,1.8383309841156006,0.3148958683013916,0.0244140625,0.04355812817811966,1.784140944480896,0.41509124636650085,7.87974214553833,201.54791259765625,0.1147531270980835,0.4451400637626648,7.044812202453613,52.779998779296875,43.96846008300781,0.6616626977920532,10.582748413085938,0.0007725033210590482,17.0,7.254650115966797,2.343324585585646,0.4450313448905945,0.4450313448905945,0.00038218926056288183,5.26819700366941e-05,0.4308711886405945,1.3542866706848145,1.0,48
12191,0.43832850456237793,0.5132970213890076,1.0000274181365967,0.9218329787254333,0.5432533621788025,0.0068359375,0.003035197500139475,0.4440060257911682,0.04421479254961014,0.9869123697280884,331.59173583984375,0.04089350998401642,0.31355831027030945,6.627780437469482,76.42857360839844,42.5909423828125,0.8316733837127686,10.544502258300781,0.0009940017480403185,18.0625,4.714340686798096,3.8313947085469997,0.5199441313743591,0.5199441313743591,0.00014963728608563542,3.174087231057922e-05,0.3663767874240875,0.12950177490711212,1.0,48
12284,0.5835862159729004,0.6680008769035339,1.0000158548355103,2.3090851306915283,0.2985445559024811,0.00244140625,0.00875694490969181,3.5868446826934814,0.27528029680252075,12.031270027160645,1779.041748046875,0.01712392456829548,0.13835012912750244,5.785460948944092,76.80000305175781,33.64015197753906,1.1734769344329834,10.510066986083984,0.0018252346199005842,7.8125,3.3368258476257324,2.341296889121707,0.571410059928894,0.571410059928894,6.927807407919317e-05,2.0761669033722645e-05,0.45556771755218506,0.37362968921661377,1.0,48
12304,0.3533567786216736,0.5511292815208435,1.0000345706939697,1.9028023481369019,0.4874134361743927,0.01318359375,0.021364858373999596,1.6205641031265259,0.25221720337867737,5.815805435180664,270.3572998046875,0.07016520947217941,0.38009873032569885,7.084770202636719,86.70370483398438,34.88570022583008,0.9509752988815308,10.5183744430542,0.001280567841604352,12.020833969116211,3.7691588401794434,3.189261701863247,0.5704600811004639,0.5704600811004639,9.72505658864975e-05,2.580166285161146e-05,0.37205109000205994,0.8258817195892334,1.0,48
12420,0.3462343215942383,0.4285036325454712,1.0000399351119995,1.2571054697036743,0.41327303647994995,0.00244140625,0.003079713322222233,1.2614505290985107,0.08302544802427292,3.070655584335327,1047.8756103515625,0.01712392456829548,0.15411259233951569,5.778567314147949,73.19999694824219,36.30533218383789,0.7758339047431946,10.53481674194336,0.001083944458514452,9.625,3.462052822113037,2.780142437666226,0.49897560477256775,0.49897560477256775,7.683124567847699e-05,2.2192395496051294e-05,0.3775009214878082,0.13140110671520233,1.0,48
12456,0.44426068663597107,0.5652754902839661,1.0000578165054321,2.0052685737609863,0.34921756386756897,0.00244140625,0.005021243821829557,2.056701421737671,0.12263394892215729,4.525239944458008,992.2119140625,0.01712392456829548,0.1816813200712204,5.929579734802246,82.80000305175781,45.917808532714844,1.1615911722183228,10.524147033691406,0.0012384469155222178,13.145833969116211,3.63318133354187,3.618270800735965,0.5705530047416687,0.5705530047416687,7.951279985718429e-05,2.1885172343109593e-05,0.34578996896743774,0.21423973143100739,1.0,48
12461,0.28715768456459045,0.3970820903778076,1.0000487565994263,1.3463233709335327,0.4783515930175781,0.00634765625,0.006944605149328709,1.094042420387268,0.11865822970867157,3.2924437522888184,511.72210693359375,0.03844451159238815,0.28473928570747375,6.620941638946533,80.15384674072266,34.740291595458984,0.7618311047554016,10.532463073730469,0.0010593815241008997,9.25,3.4007396697998047,2.719996492217402,0.5642763376235962,0.5642763376235962,7.204768189694732e-05,2.1185885625091022e-05,0.34948083758354187,0.2963031828403473,1.0,48
12471,0.38224825263023376,0.4780845642089844,1.0000265836715698,1.5049467086791992,0.479885071516037,0.01318359375,0.025440828874707222,1.9297339916229248,0.30218514800071716,7.765660285949707,330.15911865234375,0.07016520947217941,0.38225257396698,6.94789981842041,72.22222137451172,36.95306396484375,0.852799117565155,10.5335111618042,0.0010959149803966284,11.479166984558105,3.478529930114746,3.300005226972243,0.5664161443710327,0.5664161443710327,7.706218457315117e-05,2.2153664306425125e-05,0.3360319137573242,0.9711663722991943,1.0,48
12650,0.500783383846283,0.659146785736084,1.0000243186950684,1.0282152891159058,0.45153483748435974,0.03076171875,0.02495623007416725,0.8112755417823792,0.19000062346458435,3.015047311782837,108.9043197631836,0.13738007843494415,0.49061575531959534,7.791099548339844,71.9206314086914,21.430255889892578,0.5881050825119019,10.541942596435547,0.0012945780763402581,14.1875,5.123193264007568,2.7692689385700193,0.3455072045326233,0.3519032895565033,0.00017922138795256615,3.4982359315203416e-05,0.5195179581642151,0.6223863959312439,1.0,48
12910,0.3153424859046936,0.46404483914375305,1.000049114227295,1.3087414503097534,0.4893900156021118,0.0126953125,0.025496797636151314,2.0083632469177246,0.3029288649559021,6.39522647857666,258.4700012207031,0.06804874539375305,0.3794330060482025,7.073666095733643,76.92308044433594,44.701385498046875,1.1852773427963257,10.529394149780273,0.0013099417556077242,11.520833969116211,3.952779531478882,2.9146158666885427,0.6183750629425049,0.6183750629425049,0.00015576710575260222,3.940698035851601e-05,0.40362730622291565,0.9686770439147949,1.0,48
12929,0.5086609721183777,0.5675995945930481,1.0000529289245605,3.056666612625122,0.2579520344734192,0.00244140625,0.005719801411032677,2.3428306579589844,0.16246870160102844,6.783181190490723,1495.0308837890625,0.01712392456829548,0.15366993844509125,5.6302313804626465,66.4000015258789,44.640079498291016,1.2758973836898804,10.545870780944824,0.0013828446390107274,17.5625,3.96840238571167,4.425584466680689,0.4876078963279724,0.4876078963279724,8.714503201190382e-05,2.1959726691545793e-05,0.42979562282562256,0.24404484033584595,1.0,48
13154,0.35726794600486755,0.4766618311405182,1.0000338554382324,1.4123692512512207,0.43377649784088135,0.0185546875,0.03577267751097679,1.9279590845108032,0.3982924222946167,8.448368072509766,277.93414306640625,0.09235962480306625,0.40766197443008423,7.108884811401367,73.63157653808594,42.44947814941406,1.1521975994110107,10.525602340698242,0.0012800809927284718,12.083333969116211,3.843186140060425,3.1440928170825737,0.5363773107528687,0.5363773107528687,8.6311309132725e-05,2.2458269197126444e-05,0.35832515358924866,1.2475000619888306,1.0,48
13196,0.31853213906288147,0.3924708366394043,1.000030755996704,1.4649304151535034,0.5139814615249634,0.00341796875,0.0045051779597997665,1.3180863857269287,0.10981713980436325,4.52155876159668,1412.0921630859375,0.02282176911830902,0.20546410977840424,6.150662422180176,77.14286041259766,44.35279083251953,1.2507209777832031,10.528787612915039,0.0014278341550379992,9.125,4.082548141479492,2.2351236682151936,0.5543966889381409,0.5543966889381409,8.102080028038472e-05,1.984564474788209e-05,0.295537531375885,0.19222092628479004,1.0,48
13217,0.3415480852127075,0.42383912205696106,1.0000306367874146,1.1022220849990845,0.520424485206604,0.0068359375,0.010157635435461998,1.4859169721603394,0.17093756794929504,4.987815856933594,560.5548706054688,0.04089350998401642,0.29256802797317505,6.732907772064209,78.71428680419922,48.422821044921875,1.4671785831451416,10.520162582397461,0.0013983550015836954,12.229166984558105,4.020981311798096,3.0413389185029804,0.6108872890472412,0.6108872890472412,8.800531213637441e-05,2.188652597297327e-05,0.2876903712749481,0.4333924353122711,1.0,48
13224,0.33109307289123535,0.43465542793273926,1.00006103515625,1.1805447340011597,0.5016095638275146,0.0146484375,0.010511081665754318,0.7175565361976624,0.11725445836782455,2.3635449409484863,228.83743286132812,0.07640714943408966,0.39238911867141724,7.2050251960754395,79.46666717529297,44.56277847290039,1.0716476440429688,10.528343200683594,0.001223159721121192,12.125,3.996678113937378,3.033769451530138,0.5361775755882263,0.5361775755882263,8.929211617214605e-05,2.2341583035508197e-05,0.3221079409122467,0.3951639235019684,1.0,48
13306,0.4234398901462555,0.545509934425354,1.0000416040420532,2.1188409328460693,0.31190744042396545,0.005859375,0.0181768499314785,3.102182388305664,0.27597808837890625,5.937954902648926,302.9082946777344,0.03595767915248871,0.2990646958351135,6.107995986938477,67.16666412353516,45.51482391357422,1.0240366458892822,10.523223876953125,0.0011986915487796068,15.270833969116211,4.647287368774414,3.2859672158134208,0.5653273463249207,0.5653273463249207,0.00010527728591114283,2.2653491667413652e-05,0.46140098571777344,0.775545597076416,1.0,48
13362,0.30825597047805786,0.48582905530929565,1.0000393390655518,2.1010539531707764,0.42661112546920776,0.00537109375,0.016217874363064766,3.0194733142852783,0.40739020705223083,13.111639976501465,964.772216796875,0.03342986851930618,0.1969405859708786,6.121734142303467,64.81818389892578,42.75078582763672,1.7050365209579468,10.519084930419922,0.0022033730056136847,9.479166984558105,4.339160442352295,2.1845624490376636,0.6663925647735596,0.6663925647735596,0.0001116368657676503,2.5727757015099786e-05,0.3399046063423157,0.6919626593589783,1.0,48
13394,0.32121944427490234,0.5808979868888855,1.000037431716919,1.2243890762329102,0.5384418964385986,0.00341796875,0.004223008174449205,1.2355315685272217,0.09370438009500504,3.0809147357940674,802.6725463867188,0.02282176911830902,0.2126082479953766,5.845422744750977,59.14285659790039,35.8632926940918,0.9812226891517639,10.529475212097168,0.0012677983613684773,13.208333969116211,3.9120240211486816,3.376342748395098,0.494110107421875,0.494110107421875,0.00010264146840199828,2.6237432997531926e-05,0.40584102272987366,0.18018168210983276,1.0,48
13450,0.40163612365722656,0.480934739112854,1.0000386238098145,1.8309307098388672,0.34981080889701843,0.00390625,0.010804145596921444,2.7658612728118896,0.2671624720096588,10.53144645690918,1222.38720703125,0.02555946074426174,0.1950286328792572,5.7333502769470215,70.25,42.15116882324219,1.1681920289993286,10.50961971282959,0.0013138328213244677,15.145833969116211,4.497533798217773,3.367586462928227,0.6333805322647095,0.6358606815338135,0.00010309336357749999,2.2922198692343467e-05,0.32680854201316833,0.4609769582748413,1.0,48
13559,0.41378459334373474,0.5244283676147461,1.000033974647522,2.1692991256713867,0.3460058569908142,0.00390625,0.013038011267781258,3.337730884552002,0.29218846559524536,8.754197120666504,675.220947265625,0.02555946074426174,0.20459529757499695,6.17755651473999,79.75,34.38188934326172,1.1232019662857056,10.52940559387207,0.0013449287507683039,8.458333969116211,3.5230331420898438,2.4008669813676815,0.5222419500350952,0.5222419500350952,8.22688452899456e-05,2.335170909224745e-05,0.4196130335330963,0.5562885403633118,1.0,48
13696,0.35157427191734314,0.4155844748020172,1.0000368356704712,1.6950289011001587,0.37998753786087036,0.02587890625,0.05550732463598251,2.1448867321014404,0.4632891118526459,9.85942268371582,168.11672973632812,0.12011110782623291,0.47129499912261963,7.351467132568359,62.377357482910156,60.15205383300781,1.1712647676467896,10.539348602294922,0.0010556792840361595,13.5,5.992247581481934,2.252910914293736,0.5412689447402954,0.541543185710907,0.00021656758326571435,3.614129422381817e-05,0.4930760860443115,1.5000756978988647,1.0,48
13701,0.3982182443141937,0.45479917526245117,1.0000402927398682,1.6241174936294556,0.4130401015281677,0.00537109375,0.005768314003944397,1.0739551782608032,0.0974426195025444,2.6407530307769775,486.5389404296875,0.03342986851930618,0.28020232915878296,5.736483573913574,62.727272033691406,53.06132507324219,1.7699503898620605,10.565860748291016,0.0014311368577182293,14.270833969116211,4.427091121673584,3.22352387711553,0.6402051448822021,0.6402051448822021,7.000908226473257e-05,1.581378837310423e-05,0.3746475279331207,0.24611474573612213,1.0,48
13754,0.4130779206752777,0.5446317791938782,1.0000361204147339,2.310425043106079,0.3106656074523926,0.00244140625,0.006350054871290922,2.600982427597046,0.1363297551870346,4.290555000305176,627.055908203125,0.01712392456829548,0.20321246981620789,5.855920791625977,81.4000015258789,45.524295806884766,1.1334947347640991,10.54336929321289,0.0011248053051531315,13.770833969116211,4.027387619018555,3.41929688364069,0.5907695293426514,0.5921289920806885,8.491403423249722e-05,2.1084147356630323e-05,0.42268720269203186,0.27093565464019775,1.0,48
13806,0.35527893900871277,0.5083767771720886,1.0000529289245605,1.520366907119751,0.4488945007324219,0.00732421875,0.011830308474600315,1.6152313947677612,0.19411252439022064,6.290248394012451,614.5059204101562,0.0433073565363884,0.2981553077697754,6.253169059753418,70.13333129882812,40.92823028564453,0.9414920210838318,10.516149520874023,0.001294095884077251,13.375,3.919562339782715,3.412370771635118,0.5997334718704224,0.5997334718704224,0.00012483418686315417,3.184901163010572e-05,0.3609495162963867,0.5047598481178284,1.0,48
13836,0.3269050419330597,0.37521734833717346,1.0000211000442505,1.1429418325424194,0.49714308977127075,0.017578125,0.021912673488259315,1.2465876340866089,0.22746425867080688,3.992506980895996,192.12551879882812,0.08845767378807068,0.4135100543498993,7.105418682098389,61.19444274902344,37.02442932128906,0.8965981006622314,10.53048324584961,0.0012254543835297227,11.104166984558105,3.6716995239257812,3.024258080476844,0.540652871131897,0.540652871131897,9.169356053462252e-05,2.4973056669640873e-05,0.3520652949810028,0.767769992351532,1.0,48
14104,0.2958357334136963,0.3614512085914612,1.0000627040863037,1.2161136865615845,0.464881032705307,0.0068359375,0.007441007997840643,1.0885131359100342,0.17561359703540802,7.406643390655518,1546.490234375,0.04089350998401642,0.23761330544948578,6.615714073181152,76.0,42.70092010498047,0.9192168116569519,10.537761688232422,0.0010992902098223567,13.395833969116211,4.033315658569336,3.3212956956250017,0.5420607328414917,0.5420607328414917,0.00011621671001194045,2.881418653084594e-05,0.375363290309906,0.31748297810554504,1.0,48
14133,0.4122626781463623,0.5489851236343384,1.000027060508728,1.1346924304962158,0.5154362916946411,0.01513671875,0.011707134544849396,0.7734261751174927,0.12527146935462952,3.0988943576812744,278.8982238769531,0.07845399528741837,0.40660226345062256,7.2751312255859375,70.54838562011719,39.41363525390625,0.6774571537971497,10.586645126342773,0.000854569545481354,9.354166984558105,3.7205209732055664,2.5142089042859372,0.7478129267692566,0.7478129267692566,6.56189804431051e-05,1.763704081748476e-05,0.39932122826576233,0.4054868221282959,1.0,48
14158,0.3283827304840088,0.56975257396698,1.00002920627594,1.7059839963912964,0.495953768491745,0.01318359375,0.02181643433868885,1.65481698513031,0.21272888779640198,3.5738303661346436,136.33673095703125,0.07016520947217941,0.41339942812919617,7.240341663360596,82.96295928955078,35.3804817199707,0.9111305475234985,10.52656364440918,0.001290538115426898,9.1875,3.047473430633545,3.014792476120807,0.6048310995101929,0.6048310995101929,3.995212318841368e-05,1.3109916777521763e-05,0.4515429139137268,0.7325603365898132,1.0,48
14270,0.4262588620185852,0.6307912468910217,1.0000488758087158,2.412363290786743,0.26718130707740784,0.00537109375,0.01231851615011692,2.2934837341308594,0.21309742331504822,5.378722667694092,463.19451904296875,0.03342986851930618,0.27281028032302856,6.359679222106934,81.45454406738281,63.132591247558594,1.1315103769302368,10.552730560302734,0.0009308343869633973,18.5625,6.2791571617126465,2.9562088497518944,0.6222397685050964,0.6222397685050964,8.664430788485333e-05,1.3798716215479125e-05,0.6147200465202332,0.5255900621414185,1.0,48
14451,0.2863135039806366,0.3338235020637512,1.0000276565551758,1.3669339418411255,0.47322970628738403,0.0126953125,0.020678726956248283,1.628847360610962,0.2535470724105835,5.807764530181885,258.1509094238281,0.06804874539375305,0.3652171194553375,7.066959381103516,71.76923370361328,49.50849914550781,1.2978310585021973,10.548942565917969,0.0012413407675921917,11.416666984558105,4.813087463378906,2.3720048820436923,0.6133127212524414,0.6133127212524414,0.00016941280046012253,3.519836308754858e-05,0.2851100265979767,0.8441343307495117,1.0,48
14457,0.478563129901886,0.6074892282485962,1.0000333786010742,1.6127909421920776,0.3516128659248352,0.0087890625,0.010858136229217052,1.2354146242141724,0.1435966044664383,3.3092706203460693,279.8623962402344,0.05035991966724396,0.34289059042930603,6.7260332107543945,66.16666412353516,35.76805877685547,0.7155438661575317,10.539690017700195,0.0010299596469849348,17.375,6.787344932556152,2.55991115039108,0.36343511939048767,0.36343511939048767,0.0002697619202081114,3.974483726570666e-05,0.4463660717010498,0.4536125957965851,1.0,48
14501,0.25865304470062256,0.3149489462375641,1.0000406503677368,2.0746827125549316,0.46010321378707886,0.00244140625,0.005631948821246624,2.3068461418151855,0.13891611993312836,5.232891082763672,1056.0924072265625,0.01712392456829548,0.1811131089925766,5.914486885070801,88.4000015258789,38.02463150024414,1.1677380800247192,10.510904312133789,0.001510673901066184,4.125,4.074544429779053,1.0123831169267314,0.6802347898483276,0.6802347898483276,9.489474905421957e-05,2.3289658624846258e-05,0.4080675542354584,0.24029649794101715,1.0,48
14580,0.5317977070808411,0.7797296643257141,1.0000027418136597,3.3731608390808105,0.24458950757980347,0.00341796875,0.01171683520078659,3.428011178970337,0.2223861664533615,5.439693927764893,438.635009765625,0.02282176911830902,0.23748095333576202,6.117915153503418,92.28571319580078,56.037967681884766,1.523151159286499,10.512195587158203,0.0014465595595538616,11.333333969116211,4.8737897872924805,2.3253637190943643,0.6960533857345581,0.699897050857544,6.96097849868238e-05,1.42824758313323e-05,0.5265154242515564,0.4999183118343353,1.0,48
14714,0.3895024359226227,0.5243539214134216,1.000033974647522,1.3868924379348755,0.46483421325683594,0.03076171875,0.05227835848927498,1.699461579322815,0.41929784417152405,8.376501083374023,172.16165161132812,0.13738007843494415,0.48826467990875244,7.651189804077148,72.01587677001953,47.31400680541992,1.2696126699447632,10.523330688476562,0.0013781192246824503,14.145833969116211,4.416550636291504,3.2029144692349916,0.568301796913147,0.568301796913147,0.0001301772426813841,2.947486695090693e-05,0.35315921902656555,1.3344205617904663,1.0,48
14728,0.3393990099430084,0.46461114287376404,1.000067949295044,0.965628981590271,0.529621958732605,0.01220703125,0.010862195864319801,0.8898310661315918,0.12746579945087433,2.7921595573425293,263.4509582519531,0.06591325998306274,0.3796297013759613,7.006860733032227,74.16000366210938,39.308128356933594,1.0162713527679443,10.53935432434082,0.001125704264268279,13.395833969116211,3.5977158546447754,3.7234274392702393,0.5431053042411804,0.5431053042411804,0.00012647979019675404,3.5155580639284915e-05,0.3703378736972809,0.41928616166114807,1.0,48
14788,0.33120909333229065,0.4110076427459717,1.0000568628311157,1.6967077255249023,0.43516501784324646,0.01171875,0.029300544410943985,2.5003130435943604,0.3944476842880249,8.529244422912598,297.3258972167969,0.0637580007314682,0.34388044476509094,6.905353546142578,66.58333587646484,46.23950958251953,0.9779730439186096,10.541616439819336,0.0010493290610611439,11.375,4.046389102935791,2.811148330652525,0.6249935030937195,0.6249935030937195,8.53575038490817e-05,2.1094734457495603e-05,0.3861970007419586,1.2172870635986328,1.0,48
14816,0.395536333322525,0.5025888085365295,1.0000241994857788,1.9739762544631958,0.3285498023033142,0.0048828125,0.005424177274107933,1.1108715534210205,0.09698497503995895,3.001544952392578,628.2975463867188,0.03085736557841301,0.2703595459461212,6.22239875793457,66.30000305175781,53.00782775878906,1.2375465631484985,10.555181503295898,0.0011082550045102835,10.0625,5.019830703735352,2.0045496698657197,0.5701626539230347,0.5701626539230347,0.00017423024110030383,3.4708389791626216e-05,0.5304416418075562,0.23143155872821808,1.0,48
14822,0.6234096884727478,0.6665496826171875,1.0000368356704712,2.1240241527557373,0.26496222615242004,0.005859375,0.01882079429924488,3.2120821475982666,0.35940423607826233,12.963294982910156,917.052490234375,0.03595767915248871,0.2696697413921356,6.176807403564453,65.16666412353516,52.98888397216797,1.1289634704589844,10.532125473022461,0.0010849382961168885,18.5,3.821704387664795,4.840772094069912,0.5387024879455566,0.5387024879455566,9.835332457441837e-05,2.5735461024802427e-05,0.3253273665904999,0.8030206561088562,1.0,48
14848,0.4883635640144348,0.6243886947631836,1.0000301599502563,2.8552937507629395,0.2898380160331726,0.00341796875,0.01664888672530651,4.870988368988037,0.38113635778427124,10.739216804504395,681.1962890625,0.02282176911830902,0.19922536611557007,5.858005523681641,65.85713958740234,47.540802001953125,0.8798439502716064,10.538792610168457,0.0009590763365849853,15.354166984558105,3.803715467453003,4.0366234213815,0.5961093306541443,0.5961093306541443,8.423406688962132e-05,2.214520707159335e-05,0.3375849723815918,0.7103524208068848,1.0,48
14928,0.3304522931575775,0.444977343082428,1.0000019073486328,1.7891261577606201,0.376664400100708,0.00341796875,0.0032056469935923815,0.9378806948661804,0.059957023710012436,1.6655309200286865,454.8528137207031,0.02282176911830902,0.239840567111969,6.094571113586426,75.85713958740234,43.817806243896484,1.0511070489883423,10.541624069213867,0.0011042046826332808,8.708333969116211,4.385247707366943,1.9858248679153296,0.5731210708618164,0.5731210708618164,0.00010302856389898807,2.3494354376142298e-05,0.38569366931915283,0.13677428662776947,1.0,48
14964,0.41619235277175903,0.5714407563209534,1.0000416040420532,1.5533783435821533,0.48013392090797424,0.00390625,0.004633309785276651,1.1861273050308228,0.11029873043298721,4.422106742858887,1285.8995361328125,0.02555946074426174,0.21034513413906097,6.282223701477051,80.75,33.557098388671875,0.8297272324562073,10.532167434692383,0.001230326248332858,6.520833492279053,3.120194911956787,2.0898801694701823,0.5912961959838867,0.5912961959838867,4.832878403249197e-05,1.548902720544883e-05,0.4638397693634033,0.19768787920475006,1.0,48
14991,0.33660486340522766,0.38706618547439575,1.0000526905059814,1.1577391624450684,0.5288577079772949,0.02685546875,0.018896590918302536,0.703640341758728,0.14930133521556854,2.0426297187805176,101.60364532470703,0.12363549321889877,0.47835245728492737,7.674038887023926,80.43636322021484,36.00357437133789,1.020573377609253,10.52137565612793,0.0014810921857133508,11.9375,4.063068389892578,2.9380504645985313,0.5536112189292908,0.5536112189292908,0.00010941785149043426,2.6929857123086362e-05,0.38303840160369873,0.5001350045204163,1.0,48
15058,0.3863290548324585,0.4199203848838806,1.0000462532043457,1.2658443450927734,0.4956035017967224,0.00537109375,0.006483190692961216,1.207052230834961,0.13143078982830048,4.557821273803711,797.1786499023438,0.03342986851930618,0.23991428315639496,6.586983680725098,87.2727279663086,30.74008560180664,0.6577766537666321,10.53522777557373,0.0010703755542635918,6.6666669845581055,3.874253749847412,1.7207615705638943,0.5024880766868591,0.5024880766868591,9.569300891598687e-05,2.4699726669363996e-05,0.4117366075515747,0.2766161262989044,1.0,48
15080,0.44945308566093445,0.6328622102737427,1.0000377893447876,2.424220085144043,0.2985588312149048,0.0107421875,0.03874591737985611,3.6068925857543945,0.5229688286781311,12.938188552856445,324.3038330078125,0.05938481166958809,0.34421515464782715,6.771141052246094,70.5,43.714534759521484,0.8865548372268677,10.540473937988281,0.001085110241547227,13.0625,6.094799041748047,2.143220783670226,0.4489840865135193,0.4489840865135193,0.00019437875016592443,3.189256093852261e-05,0.5628588795661926,1.5997923612594604,1.0,48
15126,0.4367330074310303,0.5377305150032043,1.0000355243682861,0.9935222864151001,0.5406975746154785,0.03857421875,0.04689240828156471,1.2156411409378052,0.3189398944377899,4.753924369812012,90.49231719970703,0.16338615119457245,0.5221669673919678,7.683656692504883,70.2911376953125,49.62742614746094,1.341707706451416,10.501302719116211,0.0014416137710213661,12.916666984558105,4.1558027267456055,3.1081039699860975,0.5393548011779785,0.5393548011779785,9.588436660123989e-05,2.3072405663875808e-05,0.34581971168518066,1.0145807266235352,1.0,48
15331,0.4319522976875305,0.5595436096191406,1.000046968460083,1.6070913076400757,0.38641175627708435,0.009765625,0.018401365727186203,1.884299874305725,0.26177045702934265,7.043013572692871,423.4143981933594,0.05492175742983818,0.33844202756881714,6.730289936065674,66.0999984741211,44.71116256713867,1.0119202136993408,10.529496192932129,0.001124684582464397,11.291666984558105,4.537360191345215,2.4885983222602444,0.4826483726501465,0.4826483726501465,0.00013676949311047792,3.0142965742488146e-05,0.4246119260787964,0.7612610459327698,1.0,48
15503,0.3031398355960846,0.3807651996612549,1.0000346899032593,1.4252558946609497,0.42671436071395874,0.00244140625,0.0014426045818254352,0.5908908247947693,0.04002416506409645,1.6341354846954346,1386.14306640625,0.01712392456829548,0.15794764459133148,5.704367637634277,66.4000015258789,35.412601470947266,0.959022045135498,10.530496597290039,0.0013144982513040304,12.104166984558105,3.5297343730926514,3.429200520735156,0.5111677050590515,0.5111677050590515,9.91057459032163e-05,2.8077394825494692e-05,0.3998437821865082,0.06155112758278847,1.0,48
15536,0.3432784974575043,0.4892539978027344,1.0000677108764648,1.3357670307159424,0.4610876142978668,0.00927734375,0.012466942891478539,1.343805193901062,0.19720116257667542,6.7180328369140625,719.9025268554688,0.05265381559729576,0.3207912743091583,6.838065147399902,68.7368392944336,32.747833251953125,0.6419005393981934,10.536873817443848,0.0010337517596781254,10.875,3.246303081512451,3.3499644652506375,0.5573959946632385,0.5573959946632385,8.385749970329925e-05,2.5831691416167207e-05,0.37883856892585754,0.5223447680473328,1.0,48
15871,0.4431536793708801,0.6185972094535828,1.0000567436218262,1.8223108053207397,0.3196464478969574,0.00244140625,0.006278826389461756,2.571807384490967,0.17512637376785278,7.1639404296875,1397.515869140625,0.01712392456829548,0.15831246972084045,6.138277053833008,99.80000305175781,37.09205627441406,0.806454598903656,10.525834083557129,0.0011614689137786627,11.020833969116211,3.680443286895752,2.994431126927473,0.5321232676506042,0.5321232676506042,7.064204692142084e-05,1.919389628445124e-05,0.4394210875034332,0.2678965628147125,1.0,48
16101,0.5064786672592163,0.6781908273696899,1.0000708103179932,3.0689828395843506,0.2967548072338104,0.00341796875,0.028809180483222008,8.428743362426758,0.5858632922172546,18.467409133911133,664.3646850585938,0.02282176911830902,0.22742785513401031,5.867042064666748,76.0,33.845428466796875,0.7852490544319153,10.536994934082031,0.0011336958268657327,15.895833969116211,3.470487356185913,4.58028867184318,0.5396763682365417,0.5396763682365417,9.264918480766937e-05,2.6696303726785035e-05,0.3720265328884125,1.229191780090332,1.0,48
16218,0.30354592204093933,0.4179602563381195,1.0000566244125366,1.3874398469924927,0.5074267983436584,0.01123046875,0.01755411922931671,1.563079833984375,0.2447184920310974,6.614600658416748,413.3907470703125,0.06158214434981346,0.34436362981796265,7.018187999725342,77.9565200805664,36.778038024902344,0.7918288111686707,10.535781860351562,0.001098456559702754,9.1875,3.148200750350952,2.9183335814250313,0.5601223707199097,0.5601223707199097,7.350473606493324e-05,2.3348173023355457e-05,0.4058781862258911,0.716693103313446,1.0,48
16224,0.3533785045146942,0.417033314704895,1.0000405311584473,1.2313199043273926,0.44039520621299744,0.0068359375,0.012872423976659775,1.8830517530441284,0.217293843626976,7.362649440765381,739.82568359375,0.04089350998401642,0.2977835237979889,6.558906555175781,78.5,42.15144348144531,1.0718063116073608,10.51788330078125,0.0012833939399570227,17.875,4.9988484382629395,3.5758235491638923,0.43485403060913086,0.43485403060913086,0.0001981322275241837,3.9635573987651716e-05,0.3484101891517639,0.5492233633995056,1.0,48
16318,0.406877726316452,0.5206417441368103,1.0000203847885132,2.287871837615967,0.3968495726585388,0.00244140625,0.0038507822901010513,1.5772804021835327,0.12553788721561432,5.471013069152832,1761.941162109375,0.01712392456829548,0.12350805103778839,5.872331619262695,73.19999694824219,36.400917053222656,1.139700174331665,10.510261535644531,0.0015240798238664865,5.020833492279053,3.5000827312469482,1.4344899430835507,0.627601146697998,0.627601146697998,6.545150245074183e-05,1.8699987197280917e-05,0.39890414476394653,0.16430003941059113,1.0,48
16415,0.3474707305431366,0.5101898908615112,1.000023603439331,1.4244588613510132,0.5051822662353516,0.00732421875,0.0099096167832613,1.3529930114746094,0.1846611350774765,7.114221096038818,1095.3343505859375,0.0433073565363884,0.28552165627479553,6.891554832458496,86.46666717529297,33.62398910522461,1.0908094644546509,10.53244400024414,0.001392883830703795,11.229166984558105,3.283109188079834,3.4202843423927596,0.5852620601654053,0.5852620601654053,9.136078733718023e-05,2.782752014176491e-05,0.42889904975891113,0.42281022667884827,1.0,48
16474,0.38786205649375916,0.49241769313812256,1.0000312328338623,2.1933977603912354,0.30453476309776306,0.00830078125,0.02458437718451023,2.9616944789886475,0.31597810983657837,6.968072414398193,240.31735229492188,0.04803864285349846,0.34402334690093994,6.295085906982422,64.52941131591797,43.43605041503906,0.9637524485588074,10.558568000793457,0.0009140199981629848,19.166667938232422,3.8591525554656982,4.9665483841578855,0.6521821022033691,0.6521821022033691,9.780265099834651e-05,2.534303822905335e-05,0.33433592319488525,1.0451979637145996,1.0,48
16485,0.3674916923046112,0.4633828103542328,1.0000333786010742,1.3300143480300903,0.43330737948417664,0.00341796875,0.008460723794996738,2.4753661155700684,0.19262132048606873,5.767087936401367,767.4741821289062,0.02282176911830902,0.20059770345687866,6.12933874130249,80.42857360839844,46.87510681152344,1.318092703819275,10.518375396728516,0.0014323994982987642,13.375,4.32127571105957,3.0951507988294877,0.5603444576263428,0.5603444576263428,9.501406748313457e-05,2.1987504065081333e-05,0.36852413415908813,0.36099088191986084,1.0,48
16526,0.41696539521217346,0.5592785477638245,1.0000637769699097,1.5936977863311768,0.3824827969074249,0.0029296875,0.0026178760454058647,0.8935683369636536,0.052486542612314224,1.4542452096939087,500.28350830078125,0.020013848319649696,0.2215820848941803,5.971259117126465,78.0,34.3175048828125,1.0096299648284912,10.527843475341797,0.001307296915911138,8.625,3.637080192565918,2.3714077005822314,0.5180554986000061,0.5180554986000061,0.00010616942017804831,2.919083832771876e-05,0.37120717763900757,0.1116960421204567,1.0,48
16576,0.39044293761253357,0.5042792558670044,1.0000470876693726,1.2197777032852173,0.48382243514060974,0.0068359375,0.007543017156422138,1.1034356355667114,0.1705273985862732,6.8115949630737305,1264.5555419921875,0.04089350998401642,0.23197349905967712,6.665811538696289,79.85713958740234,41.37276840209961,1.130196213722229,10.543075561523438,0.0011468945303931832,14.020833969116211,3.6073508262634277,3.8867397726247486,0.5262754559516907,0.5262754559516907,0.00011802926746895537,3.271909853692319e-05,0.40411925315856934,0.32183539867401123,1.0,48
16590,0.3091372549533844,0.36507508158683777,1.000046968460083,0.9990867376327515,0.5633426904678345,0.0029296875,0.0033030295744538307,1.1274341344833374,0.08148613572120667,3.2497284412384033,1269.0078125,0.020013848319649696,0.19317232072353363,6.012714385986328,76.83333587646484,45.242279052734375,1.1622686386108398,10.51845932006836,0.0013709174236282706,10.958333969116211,3.6667590141296387,2.988561259958265,0.6435531973838806,0.6435531973838806,6.844372546765953e-05,1.866600041542291e-05,0.31470122933387756,0.14092926681041718,1.0,48
16650,0.30512896180152893,0.3723524212837219,1.0000256299972534,1.1460356712341309,0.5169182419776917,0.00439453125,0.0018723614048212767,0.42606624960899353,0.034046173095703125,1.086645483970642,597.4818725585938,0.02823571488261223,0.25599533319473267,6.293607234954834,74.0,37.2277946472168,1.0497667789459229,10.533702850341797,0.0013103437377139926,10.729166984558105,3.5467429161071777,3.0250760227311395,0.5262775421142578,0.5262775421142578,9.201483044307679e-05,2.5943473310615753e-05,0.3591241240501404,0.07988741993904114,1.0,48
16701,0.3778744339942932,0.4608491063117981,1.000037431716919,1.8011524677276611,0.3443860411643982,0.00439453125,0.018650978803634644,4.244133949279785,0.4045991599559784,13.183534622192383,748.0692138671875,0.02823571488261223,0.22189514338970184,6.242753982543945,78.11111450195312,55.22562026977539,1.00368332862854,10.554247856140137,0.0008853145991452038,14.729166984558105,4.572595596313477,3.221182945682151,0.5801880359649658,0.5827181339263916,0.00014764434308744967,3.22889570386662e-05,0.36480051279067993,0.7957751154899597,1.0,48
16850,0.4889342784881592,0.5634846091270447,1.0000168085098267,1.3762145042419434,0.37704628705978394,0.00390625,0.006852338556200266,1.754198670387268,0.15005634725093842,5.329890727996826,853.5541381835938,0.02555946074426174,0.21198822557926178,6.2046637535095215,77.0,40.66279602050781,1.0079821348190308,10.518346786499023,0.0012902745511382818,18.8125,7.678820610046387,2.449920493114261,0.3332778811454773,0.3332778811454773,0.00039922489668242633,5.199039233189102e-05,0.41773492097854614,0.2923664450645447,1.0,48
16868,0.3980782926082611,0.5422778725624084,1.000051498413086,2.0987558364868164,0.36087334156036377,0.00244140625,0.004310647025704384,1.7656409740447998,0.13952434062957764,6.116796493530273,1801.0406494140625,0.01712392456829548,0.12907078862190247,5.697480201721191,70.0,39.45639419555664,0.8702632784843445,10.5250825881958,0.001181654748506844,15.604166984558105,3.526823043823242,4.424425820751754,0.5332998633384705,0.5332998633384705,7.24538549548015e-05,2.0543660356381677e-05,0.3729178309440613,0.1839209347963333,1.0,48
17258,0.3599904775619507,0.48102429509162903,1.0000884532928467,1.4241092205047607,0.4556558430194855,0.01611328125,0.024439744651317596,1.5167453289031982,0.27735206484794617,7.810801982879639,374.701416015625,0.08250018209218979,0.39963066577911377,7.453330993652344,105.57575988769531,57.2989616394043,1.1390857696533203,10.589066505432129,0.0008309957338497043,13.0,4.908646583557129,2.648387850342133,0.6851654052734375,0.6851654052734375,0.00014874042244628072,3.0301717512422015e-05,0.3740517199039459,0.8786716461181641,1.0,48
17541,0.34837326407432556,0.43392184376716614,1.0000269412994385,1.2713110446929932,0.4437846541404724,0.00390625,0.006912547163665295,1.7696120738983154,0.14564825594425201,5.2105278968811035,888.2716064453125,0.02555946074426174,0.2298228144645691,6.087515830993652,76.125,48.40613555908203,0.9622951149940491,10.533060073852539,0.0010231974301859736,13.270833969116211,3.5913684368133545,3.6952025852127512,0.6088167428970337,0.6088167428970337,7.101464143488556e-05,1.9773699771154734e-05,0.362539678812027,0.29493534564971924,1.0,48
17886,0.44448795914649963,0.5306850075721741,1.0000414848327637,1.0201091766357422,0.4965701699256897,0.0966796875,0.07557613402605057,0.7817167639732361,0.32412534952163696,4.437128067016602,47.1703987121582,0.31772562861442566,0.6431410312652588,8.306913375854492,79.96464538574219,31.243698120117188,0.8406367897987366,10.53314208984375,0.001254528877325356,20.45833396911621,5.953982830047607,3.4360754000682725,0.36820918321609497,0.36820918321609497,0.0002064597501885146,3.467590615139626e-05,0.38325151801109314,0.9080324769020081,1.0,48
18030,0.3592888414859772,0.4950653612613678,1.0000505447387695,0.9286348223686218,0.6250094175338745,0.01220703125,0.008479318581521511,0.6946257948875427,0.10632409900426865,2.3622591495513916,292.32275390625,0.06591325998306274,0.36411553621292114,6.962357521057129,67.36000061035156,38.90305709838867,0.8199841976165771,10.535990715026855,0.0010785632766783237,15.5625,3.582944869995117,4.343494114824677,0.6176360845565796,0.6176360845565796,9.153591236099601e-05,2.5547675285789144e-05,0.2734825909137726,0.3388824760913849,1.0,48
18206,0.5445533394813538,0.733626127243042,1.0000598430633545,2.622749090194702,0.25548452138900757,0.0029296875,0.006746211089193821,2.302706718444824,0.15732572972774506,5.385383605957031,839.77880859375,0.020013848319649696,0.1925937980413437,6.129714012145996,84.5,52.003456115722656,1.2985448837280273,10.491458892822266,0.0013303272426128387,7.895833492279053,3.9125077724456787,2.018100392721373,0.7136991024017334,0.7136991024017334,4.001570778200403e-05,1.0227636597055027e-05,0.5035706758499146,0.287838339805603,1.0,48
18504,0.2984227240085602,0.3938116133213043,1.0000358819961548,2.4935150146484375,0.4038855731487274,0.00244140625,0.04070108383893967,16.67116355895996,1.217025637626648,39.51329803466797,1009.798095703125,0.01712392456829548,0.1244051530957222,5.825549602508545,78.19999694824219,41.65726089477539,1.2112785577774048,10.530281066894531,0.001200149767100811,9.8125,3.44865083694458,2.845315584409954,0.6175272464752197,0.6175272464752197,5.784919994766824e-05,1.677444383763036e-05,0.36320793628692627,1.7365795373916626,1.0,48
18520,0.40586063265800476,0.5981817841529846,1.0000357627868652,1.8279051780700684,0.37151992321014404,0.00390625,0.007359103299677372,1.8839304447174072,0.14065659046173096,3.882329225540161,500.1778869628906,0.02555946074426174,0.23944604396820068,6.348466396331787,89.75,45.283206939697266,1.1694704294204712,10.536434173583984,0.0012337412917986512,15.895833969116211,3.9822375774383545,3.991683976681434,0.5993346571922302,0.6004880666732788,7.75489243096672e-05,1.9473706077781243e-05,0.3465381860733032,0.31398841738700867,1.0,48
18524,0.38969606161117554,0.5649728178977966,1.0000545978546143,2.1612040996551514,0.3568580746650696,0.00830078125,0.029875660315155983,3.5991382598876953,0.4348207414150238,10.153496742248535,331.172119140625,0.04803864285349846,0.3211933672428131,6.654792785644531,80.5882339477539,33.760772705078125,0.9062713980674744,10.534133911132812,0.0011831936426460743,12.854166984558105,3.632842540740967,3.53832207287275,0.5547957420349121,0.5547957420349121,0.00010442134225741029,2.8743701605265597e-05,0.3783758282661438,1.2668269872665405,1.0,48
18563,0.4606629014015198,0.4938109219074249,1.0000460147857666,0.9080926775932312,0.5574063062667847,0.13623046875,0.12931862473487854,0.9492635726928711,0.4376450181007385,5.2977614402771,26.585542678833008,0.39806127548217773,0.696440577507019,8.385442733764648,70.62007141113281,31.447595596313477,0.7020891308784485,10.532066345214844,0.0010585710406303406,14.354166984558105,3.2269415855407715,4.448226458264309,0.5249110460281372,0.5249110460281372,5.722421337850392e-05,1.773326590651055e-05,0.3023073673248291,1.009959101676941,1.0,48
18696,0.340689092874527,0.5217336416244507,1.0000560283660889,2.0120885372161865,0.3876355290412903,0.00341796875,0.007594035007059574,2.2217977046966553,0.1641315519809723,5.455791473388672,751.271728515625,0.02282176911830902,0.21449778974056244,6.326011657714844,89.28571319580078,44.44328308105469,1.1825838088989258,10.517354965209961,0.0014520206023007631,8.604166984558105,4.059202194213867,2.119669469933304,0.6173884272575378,0.6173884272575378,7.3887305916287e-05,1.820242062333934e-05,0.41848990321159363,0.3240121901035309,1.0,48
18801,0.3685247600078583,0.45004037022590637,1.0000319480895996,1.423193335533142,0.3471663296222687,0.00244140625,0.0019871224649250507,0.8139253854751587,0.055614788085222244,2.27628231048584,1394.353515625,0.01712392456829548,0.1552952080965042,5.543131351470947,64.5999984741211,37.05571365356445,0.9731115698814392,10.533405303955078,0.0011764720547944307,16.25,3.7042059898376465,4.386905048129675,0.5043593645095825,0.5043593645095825,8.663059998070821e-05,2.3387090238638236e-05,0.3240874409675598,0.0847838893532753,1.0,48
18806,0.35030901432037354,0.5116312503814697,1.0000193119049072,2.150285482406616,0.4480791389942169,0.0029296875,0.007692683022469282,2.6257691383361816,0.22423529624938965,9.684285163879395,1697.6199951171875,0.020013848319649696,0.16211670637130737,6.160436630249023,89.83333587646484,38.86593246459961,0.8801171183586121,10.538910865783691,0.0011479342356324196,8.375,3.159043073654175,2.6511192719512855,0.6110789775848389,0.6110789775848389,6.563925853697583e-05,2.0778209349727712e-05,0.4148053824901581,0.3282211422920227,1.0,48
18820,0.38085708022117615,0.4518336057662964,1.000032901763916,1.1974622011184692,0.5054754614830017,0.0029296875,0.0011460487730801105,0.39118465781211853,0.02877844125032425,1.1138038635253906,1146.0955810546875,0.020013848319649696,0.1816961020231247,5.726236343383789,63.333335876464844,34.87711715698242,0.7862445116043091,10.539012908935547,0.0010152710601687431,19.1875,5.013927936553955,3.8268399954146655,0.3719516694545746,0.3719516694545746,0.0001933508028741926,3.856274061678161e-05,0.37336641550064087,0.04889807477593422,1.0,48
18853,0.4770994186401367,0.6852990388870239,1.000020146369934,1.9914686679840088,0.3274819254875183,0.0078125,0.03617079555988312,4.629861831665039,0.4719755947589874,9.011739730834961,234.25408935546875,0.04568839073181152,0.3399105370044708,6.603559494018555,78.5625,42.64409637451172,1.164049506187439,10.517451286315918,0.0013856204459443688,13.25,5.059902667999268,2.618627440723657,0.5072222352027893,0.5079278349876404,0.0002426693681627512,4.795929558445676e-05,0.5533204674720764,1.5432872772216797,1.0,48
18896,0.42618465423583984,0.5297471880912781,1.0000492334365845,1.1544718742370605,0.4738510549068451,0.15185546875,0.19235700368881226,1.2667111158370972,0.6085883975028992,4.7989606857299805,17.773338317871094,0.42591410875320435,0.710321843624115,8.258071899414062,69.14469146728516,31.65129280090332,1.053238868713379,10.52705192565918,0.0014711797703057528,20.14583396911621,7.3750505447387695,2.7316197793616066,0.3725530505180359,0.3725530505180359,0.0006045050686225295,8.196622709712959e-05,0.4198035001754761,1.4395638704299927,1.0,48
18907,0.3323516547679901,0.47338247299194336,1.0000550746917725,1.4687756299972534,0.405377596616745,0.0029296875,0.007974493317306042,2.7219603061676025,0.2077309787273407,8.420376777648926,1347.6063232421875,0.020013848319649696,0.1805059164762497,5.839238166809082,66.33333587646484,40.407371520996094,0.9081826210021973,10.526998519897461,0.0011589706409722567,9.541666984558105,3.7637386322021484,2.535156633239367,0.5512964725494385,0.5512964725494385,7.250091584865004e-05,1.9263004884481046e-05,0.3476049602031708,0.3402450382709503,1.0,48
18931,0.3246508240699768,0.38570743799209595,1.0000513792037964,1.2484005689620972,0.46778425574302673,0.02490234375,0.03238402679562569,1.3004409074783325,0.28322145342826843,6.261931896209717,181.5238800048828,0.11654888093471527,0.45902830362319946,7.212704658508301,63.29412078857422,38.024444580078125,0.9967127442359924,10.525481224060059,0.0012464507017284632,13.416666984558105,3.6692121028900146,3.656552570898011,0.5636388063430786,0.5636388063430786,7.882398494984955e-05,2.148253699287085e-05,0.3645991086959839,0.9371164441108704,1.0,48
18947,0.35243454575538635,0.428977906703949,1.000043511390686,1.7642614841461182,0.3863971531391144,0.00439453125,0.013868730515241623,3.1559066772460938,0.2745358943939209,8.035771369934082,561.912841796875,0.02823571488261223,0.23529532551765442,5.982760429382324,68.11111450195312,51.132484436035156,1.2740129232406616,10.526734352111816,0.0013218719977885485,12.791666984558105,4.3308820724487305,2.953593919445978,0.6661340594291687,0.6661340594291687,0.00010744313476607203,2.4808603125329715e-05,0.32581254839897156,0.5917325019836426,1.0,48
19037,0.3379858136177063,0.44266223907470703,1.000032663345337,1.539261817932129,0.478397011756897,0.0029296875,0.005686962977051735,1.9411500692367554,0.14129720628261566,5.696959018707275,1312.55029296875,0.020013848319649696,0.19177350401878357,5.9235124588012695,71.66666412353516,41.16558074951172,1.3075543642044067,10.52050495147705,0.0014165268512442708,8.645833969116211,3.4863059520721436,2.4799412510476895,0.6291340589523315,0.6291340589523315,7.289175846381113e-05,2.0908021056329407e-05,0.454482764005661,0.24264375865459442,1.0,48
19054,0.4918936789035797,0.6614143252372742,1.0000139474868774,2.014307737350464,0.3136492967605591,0.0029296875,0.013471205718815327,4.598171710968018,0.3276163637638092,12.76279067993164,1166.452392578125,0.020013848319649696,0.1925937384366989,6.037376403808594,86.83333587646484,37.608055114746094,1.2157440185546875,10.515687942504883,0.0016024925280362368,9.9375,3.924158811569214,2.5323898577647626,0.5476170182228088,0.5476170182228088,0.00010401172039564699,2.6505481843381206e-05,0.434364378452301,0.5747714638710022,1.0,48
19299,0.5192537903785706,0.7148351669311523,1.0000368356704712,1.9449058771133423,0.33026304841041565,0.0029296875,0.0040674963966012,1.3883720636367798,0.09326810389757156,2.6734440326690674,643.3510131835938,0.020013848319649696,0.19128106534481049,5.666502952575684,59.5,41.675716400146484,1.4432061910629272,10.494758605957031,0.001691986806690693,12.208333969116211,3.9716410636901855,3.0738764512204617,0.48340052366256714,0.48340052366256714,9.406272874912247e-05,2.3683592500901806e-05,0.3805035352706909,0.17354650795459747,1.0,48
19313,0.33121851086616516,0.49056538939476013,1.0000418424606323,1.3346551656723022,0.4683297574520111,0.00439453125,0.00966963917016983,2.2003800868988037,0.19282810389995575,4.694891929626465,482.4052734375,0.02823571488261223,0.22930361330509186,6.137083053588867,68.22222137451172,39.850364685058594,0.9095901846885681,10.52769660949707,0.0011852937750518322,10.416666984558105,3.9461002349853516,2.6397370410940417,0.5447951555252075,0.5447951555252075,0.00010049768025055528,2.5467594336526627e-05,0.37865790724754333,0.4125713109970093,1.0,48
19403,0.39599451422691345,0.5520637631416321,1.0000417232513428,2.7962965965270996,0.3817751109600067,0.00341796875,0.01928742788732052,5.642950534820557,0.35420992970466614,8.910847663879395,436.1581726074219,0.02282176911830902,0.2446684092283249,6.0530500411987305,74.14286041259766,33.8323974609375,0.8744056820869446,10.512523651123047,0.0012906839838251472,4.375,3.0811686515808105,1.419915778890008,0.6167827844619751,0.6167827844619751,5.193048855289817e-05,1.685415316610904e-05,0.4645865559577942,0.8229303359985352,1.0,48
19428,0.3474712669849396,0.4673987925052643,1.00005042552948,1.7308093309402466,0.3938101828098297,0.00244140625,0.0037882456090301275,1.5516654253005981,0.08520061522722244,2.711893081665039,695.573486328125,0.01712392456829548,0.19491520524024963,5.818305492401123,80.5999984741211,38.87532043457031,0.9206322431564331,10.53506088256836,0.0010965790133923292,13.1875,3.506310224533081,3.7610762077235638,0.5885350108146667,0.5885350108146667,0.0001003398429020308,2.861693238487569e-05,0.3774241805076599,0.16163182258605957,1.0,48
19687,0.4000244140625,0.4664829671382904,1.0000567436218262,1.3674862384796143,0.4717847406864166,0.02783203125,0.027701474726200104,0.9953091144561768,0.21717269718647003,3.7874786853790283,123.27743530273438,0.1271233856678009,0.48600858449935913,7.580897808074951,70.4385986328125,29.211143493652344,0.7600545883178711,10.51082706451416,0.0013268871698528528,18.5625,3.9149932861328125,4.741387429280105,0.39680343866348267,0.39680343866348267,0.00014446025306824595,3.689923382779281e-05,0.3580242991447449,0.7320268154144287,1.0,48
19779,0.6245889663696289,0.7031909823417664,0.9999982714653015,2.082613468170166,0.2715572416782379,0.0048828125,0.007208739407360554,1.4763498306274414,0.14958685636520386,5.888324737548828,1188.9356689453125,0.03085736557841301,0.24975760281085968,5.736640930175781,55.79999923706055,51.01797103881836,1.200562596321106,10.519184112548828,0.0012673931196331978,19.291667938232422,4.245187282562256,4.544362028980965,0.5266352891921997,0.5266352891921997,0.0001226235181093216,2.8885302263144688e-05,0.3612537682056427,0.3075728714466095,1.0,48
19828,0.3432723581790924,0.5508975386619568,1.000096082687378,2.37320876121521,0.3468223512172699,0.0029296875,0.03338129073381424,11.394146919250488,0.7484048008918762,19.460346221923828,594.6563110351562,0.020013848319649696,0.19388602674007416,5.469615459442139,58.33333206176758,49.14506912231445,1.4171351194381714,10.54054069519043,0.0013155073393136263,11.6875,4.677382469177246,2.4987265959177742,0.6758906245231628,0.6758906245231628,0.00011726558295777068,2.507077056020395e-05,0.3552611768245697,1.424268364906311,1.0,48
19852,0.32054033875465393,0.4843556582927704,1.000059723854065,1.8466687202453613,0.46767228841781616,0.0029296875,0.008364371955394745,2.85503888130188,0.21024304628372192,7.227917671203613,931.7632446289062,0.020013848319649696,0.17914485931396484,5.912827968597412,65.0,35.4594841003418,1.1699271202087402,10.53189468383789,0.0013577018398791552,5.3125,3.2068233489990234,1.6566238315222457,0.5882934927940369,0.5882934927940369,4.40243529737927e-05,1.3728337374820185e-05,0.4192962646484375,0.356879860162735,1.0,48
19878,0.34142372012138367,0.4753989279270172,1.0000481605529785,1.5530710220336914,0.47617673873901367,0.00341796875,0.016966450959444046,4.963898658752441,0.42353060841560364,16.502914428710938,1171.113525390625,0.02282176911830902,0.18641246855258942,6.021996974945068,73.28571319580078,42.56119918823242,1.0849326848983765,10.513087272644043,0.001331499544903636,9.0625,3.318455457687378,2.730939163789843,0.6023688912391663,0.6023688912391663,7.684743468416855e-05,2.315759106380997e-05,0.35431230068206787,0.7239019274711609,1.0,48
19982,0.3783124089241028,0.5610143542289734,1.000072717666626,2.0240585803985596,0.36676767468452454,0.0107421875,0.022186456248164177,2.0653574466705322,0.2947610020637512,6.715149402618408,327.767578125,0.05938481166958809,0.3514679968357086,6.684710502624512,60.6363639831543,41.83004379272461,0.7550026178359985,10.561124801635742,0.0009156989981420338,13.104166984558105,4.00870418548584,3.2689283981877666,0.5693899393081665,0.5693899393081665,8.430104935541749e-05,2.102950111668205e-05,0.3395760655403137,0.9035783410072327,1.0,48
20076,0.33732932806015015,0.4763428568840027,1.0000452995300293,0.9338607788085938,0.5699138641357422,0.0166015625,0.016866939142346382,1.0159850120544434,0.18871313333511353,4.12025260925293,244.09246826171875,0.08450048416852951,0.39724045991897583,7.300567626953125,75.44117736816406,47.999507904052734,1.296563982963562,10.516587257385254,0.0013963377568870783,9.1875,3.9984290599823,2.2977774118775782,0.5641433000564575,0.5641433000564575,9.474024409428239e-05,2.3694366571494985e-05,0.3632734417915344,0.6207144856452942,1.0,48
20079,0.3120565414428711,0.4109521210193634,1.0000108480453491,1.8036390542984009,0.38478797674179077,0.00341796875,0.007037381641566753,2.058936834335327,0.16739965975284576,6.535643100738525,1169.824462890625,0.02282176911830902,0.2022773027420044,6.137666702270508,85.42857360839844,64.56861877441406,1.177718997001648,10.559431076049805,0.0007921707583591342,17.0,5.88837194442749,2.8870458815390614,0.7486262321472168,0.7538134455680847,0.00014576574903912842,2.475484737840424e-05,0.31809815764427185,0.30026161670684814,1.0,48
20089,0.4994872510433197,0.6368866562843323,1.0000457763671875,1.8928109407424927,0.26566755771636963,0.0166015625,0.03539035841822624,2.131748676300049,0.3328917324542999,5.549851417541504,136.31149291992188,0.08450048416852951,0.4283839762210846,6.86467170715332,67.0,42.4706916809082,1.0870476961135864,10.560966491699219,0.001207150868140161,18.70833396911621,6.641351699829102,2.81694672809274,0.3714183568954468,0.3715996742248535,0.00039417081279680133,5.935099208997385e-05,0.36925622820854187,1.145463228225708,1.0,48
20187,0.32509860396385193,0.41978681087493896,1.0000371932983398,1.086177945137024,0.5581775903701782,0.01416015625,0.008754141628742218,0.6182235479354858,0.11146243661642075,2.636636734008789,312.76483154296875,0.07434378564357758,0.36368265748023987,7.411125659942627,86.06896209716797,35.16856002807617,0.8013144135475159,10.522382736206055,0.001197898993268609,7.333333492279053,3.100752353668213,2.365017464214287,0.5748277902603149,0.5748277902603149,5.942146526649594e-05,1.916356364434079e-05,0.337436705827713,0.35195088386535645,1.0,48
20209,0.34848734736442566,0.43146708607673645,1.0000444650650024,1.1067997217178345,0.5370594263076782,0.02001953125,0.025704482570290565,1.2839702367782593,0.22713220119476318,4.381814002990723,172.1991729736328,0.09811511635780334,0.4528335928916931,7.5105485916137695,83.78048706054688,39.133636474609375,0.8668201565742493,10.519006729125977,0.0011877956567332149,9.729166984558105,4.045440673828125,2.4049708659555913,0.44756051898002625,0.44756051898002625,0.0001237148535437882,3.058130453830289e-05,0.4248009920120239,0.7447170615196228,1.0,48
20293,0.35202908515930176,0.4535773694515228,1.0000298023223877,1.5185922384262085,0.35965055227279663,0.00390625,0.0038774958811700344,0.9926389455795288,0.07764394581317902,2.4765217304229736,737.3215942382812,0.02555946074426174,0.2402760237455368,6.148029327392578,69.0,41.454681396484375,1.228319764137268,10.525276184082031,0.0013680834090337157,11.395833969116211,4.299813747406006,2.6503087370907656,0.5450438857078552,0.5450438857078552,9.509993833489716e-05,2.2117222675307015e-05,0.33237093687057495,0.16543982923030853,1.0,48
20303,0.49607357382774353,0.6066283583641052,1.0000419616699219,1.6790355443954468,0.4521096348762512,0.00732421875,0.005278341937810183,0.7206696271896362,0.08101878315210342,1.8662893772125244,397.0976867675781,0.0433073565363884,0.30949288606643677,6.859490394592285,79.73332977294922,28.413530349731445,1.1649185419082642,10.510719299316406,0.0020761718042194843,18.416667938232422,5.893292427062988,3.125021901579119,0.3165048360824585,0.3165048360824585,0.0002934185031335801,4.978855304859259e-05,0.431861013174057,0.22520925104618073,1.0,48
20324,0.4352602958679199,0.6186731457710266,1.0000474452972412,1.5298234224319458,0.39105772972106934,0.0078125,0.01780696026980877,2.2792909145355225,0.28687095642089844,8.81132984161377,568.8206787109375,0.04568839073181152,0.30564507842063904,6.861618995666504,88.1875,37.739837646484375,0.9303169250488281,10.535539627075195,0.0011818434577435255,9.520833969116211,4.05545711517334,2.347659875385631,0.589085578918457,0.589085578918457,0.00014313100837171078,3.5293433996196676e-05,0.363845556974411,0.7597636580467224,1.0,48
20510,0.34798070788383484,0.5302615761756897,1.0000556707382202,1.6865499019622803,0.5539091229438782,0.00732421875,0.03418760001659393,4.6677470207214355,0.5926826596260071,14.577996253967285,455.0981750488281,0.0433073565363884,0.27654406428337097,6.79390811920166,74.53333282470703,31.25688362121582,1.2641226053237915,10.5339937210083,0.0015530954115092754,8.604166984558105,3.42280912399292,2.513773525700748,0.5447269678115845,0.5447269678115845,0.00028946655220352113,8.456987838694949e-05,0.3733491599559784,1.458670973777771,1.0,48
20653,0.31792593002319336,0.37240925431251526,1.000047206878662,1.4169975519180298,0.4464970529079437,0.00927734375,0.017586467787623405,1.8956360816955566,0.24916993081569672,6.933593273162842,398.1650695800781,0.05265381559729576,0.3307912349700928,6.7874650955200195,75.0526351928711,38.777809143066406,0.8288719058036804,10.530524253845215,0.0010711934883147478,11.833333969116211,3.8114089965820312,3.104713755118091,0.5321081876754761,0.5321081876754761,0.00012398682883940637,3.253044441708827e-05,0.394163578748703,0.743346631526947,1.0,48
20665,0.3662216067314148,0.5013740062713623,1.000085711479187,1.80116868019104,0.3877778649330139,0.00732421875,0.02347959578037262,3.205747365951538,0.3693839907646179,9.773319244384766,417.0689392089844,0.0433073565363884,0.3005022704601288,6.394457817077637,58.400001525878906,37.333621978759766,0.9692233204841614,10.524921417236328,0.0012769859749823809,9.041666984558105,3.822495937347412,2.365383013900248,0.5650020837783813,0.5650020837783813,9.803322609513998e-05,2.56463911134214e-05,0.4158197343349457,1.0017961263656616,1.0,48
20905,0.25948768854141235,0.3318687081336975,1.0000309944152832,1.4906259775161743,0.5810532569885254,0.0029296875,0.0057906112633645535,1.9765286445617676,0.12105666100978851,3.9393179416656494,674.1426391601562,0.020013848319649696,0.2161993831396103,6.2112345695495605,87.5,37.52509689331055,0.8393692970275879,10.534601211547852,0.0010958374477922916,6.8541669845581055,3.378994941711426,2.028463221315717,0.6128897666931152,0.6128897666931152,4.726227416540496e-05,1.3987080430962797e-05,0.3626262843608856,0.24706608057022095,1.0,48
20911,0.3714241087436676,0.4739048182964325,1.0000725984573364,1.3394721746444702,0.4869939684867859,0.01025390625,0.017584746703505516,1.7149314880371094,0.21333593130111694,4.943552494049072,274.147216796875,0.057165034115314484,0.36778369545936584,7.046433925628662,79.57142639160156,40.15882110595703,0.9420228600502014,10.525395393371582,0.0011704487260431051,10.916666984558105,3.5851399898529053,3.044976482091635,0.5632727146148682,0.5632727146148682,7.828222442185506e-05,2.1835193165418062e-05,0.3036610782146454,0.6959208846092224,1.0,48
21159,0.4029700756072998,0.4625146985054016,1.0001016855239868,1.1497584581375122,0.48851191997528076,0.01953125,0.020209360867738724,1.0347192287445068,0.19132307171821594,3.8817715644836426,188.85809326171875,0.09620917588472366,0.4381861686706543,7.4287614822387695,74.0250015258789,33.876094818115234,0.6687620878219604,10.545660972595215,0.0009983060881495476,13.854166984558105,3.1421847343444824,4.4090873426502935,0.48478052020072937,0.48478052020072937,8.788245031610131e-05,2.7968581565510468e-05,0.3306979835033417,0.6305845379829407,1.0,48
21160,0.4124220311641693,0.5478736162185669,1.0000460147857666,2.2218117713928223,0.38472288846969604,0.0029296875,0.006640317849814892,2.26656174659729,0.13970035314559937,4.137810230255127,591.3429565429688,0.020013848319649696,0.21280188858509064,6.293511867523193,100.83333587646484,37.34524154663086,1.0599842071533203,10.508318901062012,0.001519811456091702,6.270833492279053,3.41632342338562,1.8355502968477948,0.5960520505905151,0.5960520505905151,5.294235234032385e-05,1.5496879429784348e-05,0.469326376914978,0.28332021832466125,1.0,48
21227,0.41231366991996765,0.6830296516418457,1.000029444694519,1.3182554244995117,0.5188181400299072,0.005859375,0.004235369153320789,0.7228363156318665,0.07855401933193207,2.500643730163574,661.367431640625,0.03595767915248871,0.26630786061286926,6.789782524108887,90.66666412353516,35.175926208496094,1.6556859016418457,10.482065200805664,0.002415674040094018,11.9375,4.811461448669434,2.481054894140461,0.6431626081466675,0.6431626081466675,0.0001839600008679554,3.823370558990779e-05,0.45165273547172546,0.1807090789079666,1.0,48
21270,0.46087366342544556,0.5585079193115234,1.0000743865966797,2.2205729484558105,0.295746773481369,0.00537109375,0.01266903430223465,2.358743906021118,0.28731101751327515,10.141371726989746,940.723876953125,0.03342986851930618,0.22138333320617676,5.5934739112854,59.272727966308594,52.27684020996094,1.464486002922058,10.530047416687012,0.0014374717138707638,18.4375,5.070229530334473,3.6364231349541063,0.6101152300834656,0.6101152300834656,7.894921873230487e-05,1.5571133043238265e-05,0.47086817026138306,0.5405454635620117,1.0,48
21322,0.3758710026741028,0.5019903779029846,1.0000461339950562,1.5826166868209839,0.3621355891227722,0.00341796875,0.005443261470645666,1.5925427675247192,0.11663979291915894,3.683964490890503,683.1594848632812,0.02282176911830902,0.2130405306816101,6.267358303070068,90.14286041259766,37.612693786621094,0.8804739713668823,10.532926559448242,0.001175352605059743,11.125,3.6644017696380615,3.0359662146815225,0.5151817202568054,0.5151817202568054,0.00010278430272592232,2.8049408582067243e-05,0.4368269145488739,0.23224584758281708,1.0,48
21379,0.3826475143432617,0.4362276792526245,1.0000396966934204,1.3799445629119873,0.4226827025413513,0.0029296875,0.002481745323166251,0.8471024036407471,0.05952233821153641,1.842516541481018,850.5631713867188,0.020013848319649696,0.18945172429084778,5.629271507263184,63.333335876464844,54.04130172729492,1.2638823986053467,10.567132949829102,0.001145137008279562,14.416666984558105,4.200986862182617,3.4317334053148194,0.6362394094467163,0.6362394094467163,8.10059136711061e-05,1.928259148046792e-05,0.3460503816604614,0.10588780790567398,1.0,48
21588,0.44162216782569885,0.5122158527374268,1.0000545978546143,1.6710975170135498,0.33791428804397583,0.00341796875,0.0033187817316502333,0.970980703830719,0.06588710099458694,2.286600351333618,769.7476196289062,0.02282176911830902,0.23510019481182098,5.835453510284424,73.0,38.900264739990234,1.534163475036621,10.522375106811523,0.0016249935142695904,17.14583396911621,3.697755813598633,4.636821571530916,0.5575391054153442,0.5575391054153442,6.670039147138596e-05,1.8038073537931328e-05,0.35048165917396545,0.1416013538837433,1.0,48
21654,0.4719454348087311,0.635912299156189,1.0000331401824951,1.839160680770874,0.44475483894348145,0.0087890625,0.03823431581258774,4.350215435028076,0.5965179800987244,16.983123779296875,564.8428955078125,0.05035991966724396,0.31923264265060425,6.926708221435547,76.38888549804688,30.962732315063477,0.7401284575462341,10.531780242919922,0.0012128178495913744,9.5625,3.300994634628296,2.896854139270127,0.52484130859375,0.52484130859375,0.00027329125441610813,8.27905779431768e-05,0.38390782475471497,1.6116290092468262,1.0,48
21707,0.36577078700065613,0.42693156003952026,1.000075340270996,1.2496286630630493,0.45763447880744934,0.00390625,0.004720061086118221,1.2083356380462646,0.10262396186590195,3.495873212814331,780.4439697265625,0.02555946074426174,0.21312659978866577,6.141005516052246,74.75,32.83367919921875,0.7419912219047546,10.52638053894043,0.0011566882021725178,13.229166984558105,3.2810287475585938,4.032017992552403,0.5365345478057861,0.5365345478057861,9.443308226764202e-05,2.8781546656698452e-05,0.3371237814426422,0.20138926804065704,1.0,48
21789,0.37403854727745056,0.5477609634399414,1.0000503063201904,1.9262648820877075,0.3517313599586487,0.00830078125,0.025244716554880142,3.041245937347412,0.40956586599349976,10.056416511535645,457.2893371582031,0.04803864285349846,0.3031948506832123,6.930856704711914,85.0,50.14358139038086,1.2259368896484375,10.520750045776367,0.0013587074354290962,9.270833969116211,4.251408576965332,2.180649960942418,0.6685123443603516,0.6685123443603516,8.02026770543307e-05,1.8864965672842943e-05,0.3383868932723999,1.070104956626892,1.0,48
22081,0.3517957329750061,0.418739914894104,1.0000245571136475,1.3825706243515015,0.39097678661346436,0.00439453125,0.003199146594852209,0.7279835939407349,0.06410078704357147,2.3042280673980713,884.265625,0.02823571488261223,0.2459062784910202,6.031159400939941,71.22222137451172,43.078731536865234,0.9123374223709106,10.539413452148438,0.0010058593470603228,11.479166984558105,4.016962051391602,2.857673736799337,0.5646690130233765,0.5646690130233765,9.548517118673772e-05,2.3770493653519512e-05,0.36853769421577454,0.13649693131446838,1.0,48
22110,0.46226879954338074,0.6397764086723328,1.0000367164611816,1.4859514236450195,0.5224936604499817,0.00732421875,0.0071198842488229275,0.9721015095710754,0.1099231094121933,2.9733529090881348,422.9657287597656,0.0433073565363884,0.3087077736854553,6.825924396514893,88.66666412353516,39.089962005615234,0.8128040432929993,10.545883178710938,0.0010538692586123943,8.583333969116211,3.750369071960449,2.2886638038913762,0.517975926399231,0.517975926399231,0.00011127824836876243,2.967127926262484e-05,0.43457847833633423,0.30378174781799316,1.0,48
22191,0.5038811564445496,0.5754752159118652,1.000017762184143,1.2209079265594482,0.4429510533809662,0.00341796875,0.002347854431718588,0.6869150996208191,0.04782215878367424,1.613867163658142,744.6784057617188,0.02282176911830902,0.22930461168289185,6.128338813781738,73.85713958740234,28.999921798706055,0.5764042139053345,10.534762382507324,0.0010195953072980046,19.27083396911621,7.012425422668457,2.7480982370721665,0.2902417778968811,0.2902417778968811,0.00046043796464800835,6.566030099984916e-05,0.37498241662979126,0.10017511993646622,1.0,48
22249,0.454332560300827,0.5657799243927002,1.0000288486480713,1.2493669986724854,0.4952707588672638,0.00439453125,0.006615680176764727,1.5054347515106201,0.11739832907915115,3.2413253784179688,433.4131164550781,0.02823571488261223,0.2564969062805176,6.374797821044922,76.33333587646484,35.77058029174805,1.713805913925171,10.525739669799805,0.001941898837685585,8.104166984558105,3.7596499919891357,2.1555642095063092,0.5844506025314331,0.5844506025314331,0.0001068644633051008,2.8424045655463013e-05,0.3982101380825043,0.2822690010070801,1.0,48
22309,0.27581486105918884,0.3780220150947571,1.0000503063201904,2.014389991760254,0.41917872428894043,0.00390625,0.008602597750723362,2.2022650241851807,0.25224050879478455,10.988869667053223,1756.3590087890625,0.02555946074426174,0.16982629895210266,6.475325584411621,96.875,42.54888153076172,1.1539119482040405,10.500566482543945,0.001248891232535243,5.833333492279053,3.4331233501434326,1.699133086798064,0.6338913440704346,0.6338913440704346,7.043819641694427e-05,2.051723431633445e-05,0.4728207588195801,0.3670441806316376,1.0,48
22456,0.34796929359436035,0.5398104786872864,1.0000321865081787,1.5519527196884155,0.499337762594223,0.00732421875,0.011031302623450756,1.5061404705047607,0.14940916001796722,2.695991277694702,234.44651794433594,0.0433073565363884,0.3284440040588379,6.960865020751953,89.73332977294922,34.88169479370117,1.099536657333374,10.528526306152344,0.0013001777697354555,7.6666669845581055,3.4954166412353516,2.1933485330993516,0.5581293106079102,0.5581293106079102,5.534894808079116e-05,1.583472118015737e-05,0.46217289566993713,0.4706689119338989,1.0,48
22465,0.3788422644138336,0.49794623255729675,1.0000522136688232,1.2874755859375,0.4747574031352997,0.0107421875,0.015614097937941551,1.4535305500030518,0.24800977110862732,8.462900161743164,723.1467895507812,0.05938481166958809,0.3186991810798645,7.102682113647461,82.2727279663086,35.188255310058594,1.4646416902542114,10.537467956542969,0.001240803045220673,9.854166984558105,3.636906147003174,2.709491683084279,0.5464638471603394,0.5464638471603394,0.00010974561155308038,3.017554119227295e-05,0.33457884192466736,0.6593112945556641,1.0,48
22605,0.3267449736595154,0.3812764286994934,1.000054121017456,1.2941466569900513,0.4803942143917084,0.00341796875,0.00231654429808259,0.6777547001838684,0.04773154854774475,1.2347097396850586,520.3072509765625,0.02282176911830902,0.21708786487579346,6.148116588592529,75.57142639160156,37.033119201660156,0.8476758599281311,10.532234191894531,0.0012010684004053473,4.875,3.484203338623047,1.3991720666724559,0.5366095900535583,0.5366095900535583,7.272100629052147e-05,2.087163090502761e-05,0.5397343635559082,0.09883921593427658,1.0,48
22620,0.4052104651927948,0.47166138887405396,1.000035285949707,1.7902542352676392,0.33996087312698364,0.00439453125,0.007014269009232521,1.5961358547210693,0.13232634961605072,4.438229084014893,708.8238525390625,0.02823571488261223,0.2540687024593353,6.319248199462891,86.11111450195312,38.39253616333008,0.8697161674499512,10.517404556274414,0.001214902731589973,12.4375,3.8112707138061523,3.263347293151404,0.6027395129203796,0.6027395129203796,8.83747125044465e-05,2.318772895151108e-05,0.41010284423828125,0.2992754876613617,1.0,48
22830,0.548884391784668,0.737182080745697,1.0000537633895874,2.483163595199585,0.29161733388900757,0.00244140625,0.008833229541778564,3.618090867996216,0.20968572795391083,6.636646270751953,763.0671997070312,0.01712392456829548,0.18315094709396362,5.630901336669922,67.19999694824219,40.13538360595703,0.9961547255516052,10.522089004516602,0.0012141598854213953,12.875,4.028826713562012,3.1957194695672615,0.5656278133392334,0.5656278133392334,8.058022649493068e-05,2.0000916401707937e-05,0.48661312460899353,0.37688449025154114,1.0,48
22966,0.3562220633029938,0.5017555356025696,1.0000404119491577,1.4926812648773193,0.41652339696884155,0.00439453125,0.005026689730584621,1.1438511610031128,0.1168278157711029,4.736158847808838,1338.3094482421875,0.02823571488261223,0.22350288927555084,6.161495685577393,71.0,55.301979064941406,0.8976436257362366,10.569944381713867,0.0008208369836211205,12.333333969116211,4.821080207824707,2.558209656731467,0.6209635138511658,0.6299805641174316,0.00013396682334132493,2.7787719201604853e-05,0.3271780014038086,0.21447211503982544,1.0,48
23224,0.3308350741863251,0.49227988719940186,1.0000478029251099,1.872921109199524,0.45000290870666504,0.00341796875,0.005255736876279116,1.5376784801483154,0.13596223294734955,5.692968368530273,1504.2781982421875,0.02282176911830902,0.1904810667037964,6.096796035766602,69.57142639160156,46.5190544128418,1.2530055046081543,10.51469898223877,0.0014660194283351302,12.958333969116211,4.061803817749023,3.1902904518895685,0.6067848205566406,0.6067848205566406,0.00010455070150783285,2.5739968236174744e-05,0.3828395903110504,0.22424477338790894,1.0,48
23271,0.3668668866157532,0.4527905285358429,1.0000611543655396,1.8813986778259277,0.38231176137924194,0.00732421875,0.024545595049858093,3.3512918949127197,0.3694223165512085,10.11154842376709,411.4095458984375,0.0433073565363884,0.31212714314460754,6.747738361358643,83.66666412353516,41.931922912597656,1.1095110177993774,10.525785446166992,0.001295079244300723,10.083333969116211,3.987164258956909,2.5289487186727158,0.6085907220840454,0.6085907220840454,8.478792733512819e-05,2.1265220496498315e-05,0.34481021761894226,1.0472787618637085,1.0,48
23324,0.32840973138809204,0.39348986744880676,1.0000144243240356,1.633191704750061,0.3924548625946045,0.0029296875,0.009727824479341507,3.3204307556152344,0.24610736966133118,9.674152374267578,1206.3104248046875,0.020013848319649696,0.1817689836025238,5.87893009185791,67.83333587646484,39.900306701660156,1.076696515083313,10.529520034790039,0.0013268189504742622,9.083333969116211,3.697838544845581,2.45639008690998,0.5790727734565735,0.5790727734565735,8.125929161906242e-05,2.1974807827286486e-05,0.43057364225387573,0.4150538444519043,1.0,48
23387,0.3224232792854309,0.4045744836330414,1.0000277757644653,1.958852767944336,0.44315671920776367,0.0029296875,0.0131265539675951,4.480530261993408,0.3461146950721741,13.791827201843262,1267.4405517578125,0.020013848319649696,0.16993069648742676,5.960356712341309,72.66666412353516,33.66750717163086,0.7622344493865967,10.529268264770508,0.0011446455027908087,6.4166669845581055,3.43719482421875,1.8668324881317262,0.584160327911377,0.584160327911377,4.540844383882359e-05,1.3210901921172183e-05,0.5970360636711121,0.560066282749176,1.0,48
23420,0.40581417083740234,0.5538814067840576,1.0000580549240112,2.3254826068878174,0.3627503514289856,0.0029296875,0.013297048397362232,4.538725852966309,0.3416907787322998,12.393714904785156,1014.6535034179688,0.020013848319649696,0.17355257272720337,5.971156120300293,80.66666412353516,39.31763458251953,0.7433324456214905,10.538005828857422,0.0009998781606554985,16.416667938232422,3.566598415374756,4.6028921623009635,0.5771983861923218,0.5771983861923218,6.706999556627125e-05,1.880503145212485e-05,0.42673584818840027,0.5673406720161438,1.0,48
23428,0.36345502734184265,0.5463877320289612,1.0000474452972412,2.041710615158081,0.4597535729408264,0.0048828125,0.022135907784104347,4.53343391418457,0.4464450478553772,15.655264854431152,838.1914672851562,0.03085736557841301,0.24477507174015045,6.521686553955078,81.19999694824219,36.358055114746094,0.9208418726921082,10.525798797607422,0.0012059463188052177,7.520833492279053,3.3932979106903076,2.2163787760636913,0.6190337538719177,0.6190337538719177,5.9542799135670066e-05,1.7547176972765513e-05,0.4142155051231384,0.9444653987884521,1.0,48
23432,0.3122454583644867,0.379626601934433,1.000049352645874,1.2092437744140625,0.5157444477081299,0.00634765625,0.012144074775278568,1.913158893585205,0.22331281006336212,7.395246982574463,752.2471313476562,0.03844451159238815,0.27506116032600403,6.7801737785339355,83.23076629638672,34.07966995239258,0.7242037057876587,10.52254581451416,0.0011093541979789734,7.3125,4.083869934082031,1.7905810175460173,0.5527012348175049,0.5527012348175049,8.567779877921566e-05,2.0979561041940635e-05,0.508216917514801,0.5181471705436707,1.0,48
23525,0.23689761757850647,0.25907641649246216,1.0000410079956055,2.559561252593994,0.4440140724182129,0.0029296875,0.007568868808448315,2.5835072994232178,0.20266452431678772,8.235981941223145,1363.5233154296875,0.020013848319649696,0.17221829295158386,6.164648532867432,88.33333587646484,34.835411071777344,0.8637353181838989,10.5181884765625,0.0012093724217265844,4.208333492279053,3.4485270977020264,1.2203277981721692,0.6464776992797852,0.6464776992797852,5.863999103894457e-05,1.700435844276142e-05,0.46513304114341736,0.32293838262557983,1.0,48
23590,0.32086071372032166,0.41007715463638306,1.0000591278076172,1.695650577545166,0.3906816244125366,0.00537109375,0.012655748054385185,2.3562700748443604,0.19452016055583954,4.652071952819824,336.444580078125,0.03342986851930618,0.29601284861564636,6.561392307281494,80.36363983154297,36.439369201660156,0.8218623995780945,10.539571762084961,0.0011138553963974118,8.625,3.2877726554870605,2.6233565631041786,0.5738039612770081,0.5738039612770081,8.172905654646456e-05,2.4858487755070188e-05,0.42098650336265564,0.539978563785553,1.0,48
23712,0.3347269594669342,0.39032769203186035,1.0000135898590088,0.9917759299278259,0.5253504514694214,0.0302734375,0.021479129791259766,0.7095041871070862,0.16620442271232605,3.24196195602417,139.95982360839844,0.13569138944149017,0.4909444749355316,7.834815979003906,86.33870697021484,32.6834831237793,1.0982580184936523,10.530035018920898,0.0015130375977605581,14.979166984558105,4.031095504760742,3.7159047533626017,0.45485469698905945,0.45485469698905945,0.00019878102466464043,4.9311911349349084e-05,0.35590240359306335,0.5400031208992004,1.0,48
23713,0.3925970196723938,0.46078214049339294,1.000040888786316,1.189498782157898,0.4485320746898651,0.02392578125,0.02017604187130928,0.8432762026786804,0.19906213879585266,3.0902507305145264,174.765869140625,0.11294737458229065,0.43388259410858154,7.586138725280762,74.59183502197266,42.48188781738281,1.201626181602478,10.518167495727539,0.001441574888303876,18.45833396911621,6.235751152038574,2.9600818713686237,0.41035038232803345,0.41035038232803345,0.00030951749067753553,4.9635959266910346e-05,0.32883456349372864,0.6932182312011719,1.0,48
23772,0.28757140040397644,0.3820178508758545,1.000049352645874,1.1734014749526978,0.5334357023239136,0.00341796875,0.003742301370948553,1.0948904752731323,0.10300207883119583,4.170893669128418,1366.265869140625,0.02282176911830902,0.1688019335269928,5.985380172729492,64.42857360839844,36.773231506347656,1.0422093868255615,10.521451950073242,0.001375063555315137,6.9375,3.484043598175049,1.991220771095308,0.5846724510192871,0.5846724510192871,6.621930515393615e-05,1.9006451296578918e-05,0.4155873954296112,0.15967154502868652,1.0,48
23784,0.49262306094169617,0.5667078495025635,1.0000276565551758,1.812695026397705,0.3541523814201355,0.00634765625,0.013805314898490906,2.174868106842041,0.23372606933116913,7.4344482421875,619.95556640625,0.03844451159238815,0.2896180748939514,6.694081783294678,94.0,36.805259704589844,1.2670996189117432,10.523674011230469,0.001666878815740347,13.9375,4.115396022796631,3.3866728472614884,0.5624454617500305,0.5624454617500305,0.0001138581064878963,2.7666379026594835e-05,0.3581465184688568,0.5890268087387085,1.0,48
23800,0.413997620344162,0.5514315366744995,1.0000230073928833,1.7666394710540771,0.4138104021549225,0.0048828125,0.00991862639784813,2.031334638595581,0.23770345747470856,9.816722869873047,1430.613525390625,0.03085736557841301,0.21939612925052643,6.339654922485352,70.30000305175781,44.20859146118164,1.0589170455932617,10.511844635009766,0.0012762830592691898,13.75,4.036073207855225,3.4067766509218016,0.5391084551811218,0.5391084551811218,0.00014181231381371617,3.51362094191828e-05,0.33593231439590454,0.42319467663764954,1.0,48
23830,0.3548023998737335,0.4329422414302826,1.0000288486480713,1.2263038158416748,0.4292055368423462,0.00439453125,0.003681611968204379,0.8377712368965149,0.07161464542150497,2.4641201496124268,778.3358764648438,0.02823571488261223,0.24875926971435547,6.270907402038574,68.44444274902344,40.840126037597656,0.8893474340438843,10.521425247192383,0.0011402994859963655,9.333333969116211,4.043818473815918,2.3080496828603647,0.5422373414039612,0.5422373414039612,8.479766984237358e-05,2.0969702320158277e-05,0.3509998619556427,0.15708211064338684,1.0,48
23845,0.3351862132549286,0.38773733377456665,1.0000395774841309,1.1249712705612183,0.4639427363872528,0.005859375,0.00525384396314621,0.8966560363769531,0.09283782541751862,3.1271860599517822,720.1878662109375,0.03595767915248871,0.28005093336105347,6.721853256225586,85.75,40.88813400268555,1.1935042142868042,10.516563415527344,0.0014264038763940334,12.125,3.6623778343200684,3.310690626529564,0.5738605260848999,0.5738605260848999,0.00010875450971070677,2.9695054506561265e-05,0.36244192719459534,0.22416400909423828,1.0,48
23868,0.4023260772228241,0.5210808515548706,1.0000395774841309,1.8661259412765503,0.3483368158340454,0.00244140625,0.005671640858054161,2.3231041431427,0.15935806930065155,6.346114158630371,1279.2159423828125,0.01712392456829548,0.1497180312871933,5.809448719024658,81.5999984741211,40.73228454589844,0.9213963150978088,10.535931587219238,0.0010666254675015807,10.958333969116211,3.525947093963623,3.1079121852955818,0.5440254211425781,0.5440254211425781,7.105193799361587e-05,2.0151163899692155e-05,0.37125250697135925,0.24199001491069794,1.0,48
23884,0.3745517432689667,0.44948652386665344,1.000038743019104,1.0538736581802368,0.48046669363975525,0.02294921875,0.02670655958354473,1.1637241840362549,0.2533390522003174,5.028477191925049,211.243408203125,0.1093050092458725,0.44402697682380676,7.428204536437988,69.25531768798828,43.856693267822266,1.0388023853302002,10.527953147888184,0.0012635677121579647,12.25,4.491377830505371,2.7274481094695937,0.5342108011245728,0.5342108011245728,0.00012104450433980674,2.6950416695778768e-05,0.3594375550746918,0.817766010761261,1.0,48
23897,0.4871692359447479,0.6141958832740784,1.0000431537628174,2.1811506748199463,0.3146001696586609,0.00390625,0.011100620962679386,2.841758966445923,0.21112138032913208,6.692606449127197,614.6759033203125,0.02555946074426174,0.24392135441303253,6.092290878295898,71.75,43.883758544921875,1.0076003074645996,10.527894973754883,0.0011927576269954443,17.25,3.6405792236328125,4.7382569896128315,0.5314015746116638,0.5314015746116638,9.081646567210555e-05,2.494560888363988e-05,0.35829320549964905,0.4736264944076538,1.0,48
23922,0.36783745884895325,0.5334365963935852,1.0000464916229248,1.8406049013137817,0.4179759919643402,0.00244140625,0.0029319801833480597,1.2009390592575073,0.07124098390340805,2.389359474182129,851.8102416992188,0.01712392456829548,0.1809179037809372,5.921196937561035,80.80000305175781,40.11736297607422,1.163130521774292,10.519966125488281,0.0014048245502635837,11.020833969116211,3.6402926445007324,3.0274582334720894,0.5935944318771362,0.5935944318771362,6.715467316098511e-05,1.8447602853566565e-05,0.4617446959018707,0.1250978261232376,1.0,48
24081,0.6466534733772278,0.7338464856147766,1.0000574588775635,2.2401070594787598,0.28359711170196533,0.0068359375,0.03703279793262482,5.417369365692139,0.558251678943634,13.367011070251465,383.68243408203125,0.04089350998401642,0.30881762504577637,6.431989669799805,74.85713958740234,36.705142974853516,1.6965610980987549,10.517662048339844,0.0017994844820350409,13.208333969116211,4.096711158752441,3.2241311200707625,0.5230648517608643,0.5230648517608643,0.00012587945093400776,3.072695285285183e-05,0.38058173656463623,1.5800658464431763,1.0,48
24152,0.29621100425720215,0.4099684953689575,1.0000154972076416,1.5753873586654663,0.47053083777427673,0.00634765625,0.01227344200015068,1.9335391521453857,0.18863017857074738,6.206776142120361,620.2893676757812,0.03844451159238815,0.30967339873313904,6.726759910583496,88.61538696289062,35.66128921508789,0.8653396964073181,10.52215576171875,0.001258542761206627,10.604166984558105,3.416832685470581,3.10350781840012,0.5853397250175476,0.5853397250175476,6.790262705180794e-05,1.9872973921673416e-05,0.37723982334136963,0.5236667990684509,1.0,48
24240,0.5488514304161072,0.8119238018989563,1.000077724456787,1.9609594345092773,0.41039514541625977,0.0087890625,0.04243917763233185,4.8286356925964355,0.5988888740539551,12.87330150604248,285.22186279296875,0.05035991966724396,0.32722949981689453,6.656335830688477,62.11111068725586,36.62741470336914,1.464225172996521,10.493430137634277,0.001891446067020297,6.5416669845581055,4.223592758178711,1.5488394226460875,0.5189564824104309,0.5189564824104309,0.00010275022214045748,2.432768208966444e-05,0.4934610426425934,1.792556643486023,1.0,48
24249,0.29169341921806335,0.38693341612815857,1.0000275373458862,1.5947593450546265,0.4647292494773865,0.00341796875,0.0024523455649614334,0.7174863219261169,0.04985545575618744,1.4187467098236084,571.6469116210938,0.02282176911830902,0.22509273886680603,6.351596832275391,87.42857360839844,41.67123794555664,0.9658203125,10.513877868652344,0.0011582428123801947,6.5625,3.5426363945007324,1.8524339646210066,0.6494951248168945,0.6494951248168945,8.349105337401852e-05,2.35674915065931e-05,0.4431097209453583,0.10463342070579529,1.0,48
24253,0.3658577501773834,0.46412232518196106,1.0001105070114136,3.2278852462768555,0.3384053111076355,0.00244140625,0.02785356342792511,11.408819198608398,0.9712458848953247,43.016693115234375,1875.65234375,0.01712392456829548,0.10810180753469467,5.867707252502441,77.0,37.91081619262695,1.1408798694610596,10.521198272705078,0.0014124326407909393,11.895833969116211,3.4780406951904297,3.420268759754176,0.592545211315155,0.592545211315155,7.13187619112432e-05,2.0505441987729227e-05,0.3993358016014099,1.1884187459945679,1.0,48
24328,0.48429617285728455,0.5751928687095642,1.0000778436660767,1.6130850315093994,0.32936152815818787,0.0107421875,0.015052019618451595,1.401206135749817,0.1809612214565277,3.3453311920166016,221.67527770996094,0.05938481166958809,0.3659663796424866,6.871517658233643,71.31818389892578,32.97982406616211,0.7077202200889587,10.551135063171387,0.001078571891412139,16.33333396911621,4.095704555511475,3.9879180023514444,0.4975047707557678,0.4975047707557678,7.659941184101626e-05,1.870237723834714e-05,0.33803749084472656,0.6124756932258606,1.0,48
24435,0.5402675271034241,0.6508076786994934,1.000078558921814,2.3627853393554688,0.2878718972206116,0.0029296875,0.009643886238336563,3.2917802333831787,0.2888210117816925,12.081239700317383,1522.6243896484375,0.020013848319649696,0.14540190994739532,5.757593154907227,67.0,46.724483489990234,1.4169282913208008,10.53157901763916,0.0014485321007668972,14.708333969116211,3.820484161376953,3.8498612503909766,0.521928608417511,0.521928608417511,0.00010719949204940349,2.8059137858112726e-05,0.36080867052078247,0.41147246956825256,1.0,48
24492,0.35994234681129456,0.4915723204612732,1.0000383853912354,1.7785927057266235,0.39789506793022156,0.00244140625,0.0036578502040356398,1.4982554912567139,0.0963805690407753,3.4167091846466064,932.9347534179688,0.01712392456829548,0.1563708782196045,5.757358074188232,77.19999694824219,43.8129768371582,1.0942399501800537,10.542594909667969,0.0012649695854634047,8.375,3.837768077850342,2.182257970853864,0.6486290693283081,0.6486290693283081,7.109248690539971e-05,1.8524435369209845e-05,0.35713261365890503,0.15606828033924103,1.0,48
24514,0.48055458068847656,0.5979658365249634,1.0000921487808228,1.997235894203186,0.3028545677661896,0.00244140625,0.0019143590470775962,0.7841213941574097,0.041268330067396164,1.0662020444869995,522.5913696289062,0.01712392456829548,0.200151726603508,5.16718864440918,58.0,59.822566986083984,1.3018989562988281,10.533868789672852,0.0011558107798919082,16.291667938232422,4.409185409545898,3.6949382681915655,0.5813741087913513,0.5813741087913513,8.95826960913837e-05,2.0317289378274732e-05,0.3977631628513336,0.0816793218255043,1.0,48
24526,0.35788795351982117,0.5383822917938232,1.0000344514846802,1.0827668905258179,0.5769524574279785,0.00732421875,0.004966985434293747,0.6781590580940247,0.08314401656389236,2.5990848541259766,624.146240234375,0.0433073565363884,0.29836753010749817,6.664437770843506,73.53333282470703,34.63908767700195,0.7468635439872742,10.519521713256836,0.0011494666105136275,11.083333969116211,3.604886770248413,3.0745303929774064,0.5311214327812195,0.5311214327812195,0.00013687928731087595,3.797048164199032e-05,0.3163272440433502,0.2119247317314148,1.0,48
