feature,crowding,crowd_max,dec_norm,enc_norm,enc_dec_cos,frequency,act_mag,act_mean_firing,act_std,act_max,act_kurtosis,bin_entropy,act_entropy,coact_entropy,coact_count,logit_l2,logit_linf,logit_entropy,logit_top10_mass,collateral_raw,effect_l2,collateral_ctilde,collateral_raw_nodense,collateral_ctilde_nodense,resid_delta_norm,resid_reconstruction_norm_ratio,stab_signed,stab_abs,stab_anti_frac,effect_pc1_ratio,kl_mean,kl_per_effect,effect_cv,ctx_mean_act,intervention_value,n_ctx
41,0.2741253077983856,0.506944477558136,0.3286708891391754,4.7740960121154785,0.6698861122131348,0.0029296875,0.014028143137693405,4.788272857666016,0.29760345816612244,10.386524200439453,808.6019897460938,0.020013848319649696,0.2165055125951767,4.98330545425415,33.5,1.6931804418563843,0.03769458830356598,11.444679260253906,0.0006479376461356878,2.4166667461395264,16.48054313659668,0.14663756677452594,1.2916667461395264,0.0783752534519023,0.4319380223751068,1.0546056032180786,0.3025142550468445,0.3025142550468445,0.0,0.1836160570383072,0.0006229902501218021,3.78015605784481e-05,0.45347243547439575,0.41037610173225403,1.0,48
119,0.21592223644256592,0.3566519320011139,0.21062208712100983,5.662355899810791,0.705351710319519,0.0078125,0.03174632042646408,4.063529014587402,0.3809918761253357,6.759871482849121,180.5365447998047,0.04568839073181152,0.3547849655151367,5.8988423347473145,39.625,1.0787614583969116,0.01646432653069496,11.464219093322754,0.0004816484870389104,2.3333334922790527,12.492644309997559,0.18677658888790877,0.9166666865348816,0.07337651365512186,0.26853618025779724,1.0408257246017456,0.19024008512496948,0.19024008512496948,0.0,0.13304241001605988,0.0008144592284224927,6.519510261880664e-05,0.33117976784706116,0.47633597254753113,1.0,48
243,0.21543581783771515,0.3069073259830475,0.18344846367835999,7.37242317199707,0.6015222072601318,0.00244140625,0.007414623163640499,3.03702974319458,0.15059691667556763,3.5307235717773438,420.0702209472656,0.01712392456829548,0.21049581468105316,4.345691680908203,22.399999618530273,1.382007360458374,0.01799839548766613,11.476642608642578,0.0004312017117626965,2.0208334922790527,12.231969833374023,0.1652091623961716,0.875,0.07153385850390905,0.2345598340034485,0.9685742259025574,0.21305549144744873,0.2277739942073822,0.0625,0.2581189274787903,0.0007145808776840568,5.841911702154338e-05,0.28840136528015137,0.18736493587493896,1.0,48
416,0.2902739644050598,0.3833546042442322,0.31548041105270386,6.841730117797852,0.4832953214645386,0.005859375,0.022553622722625732,3.849151611328125,0.3241160809993744,7.281269550323486,295.9404602050781,0.03595767915248871,0.312253475189209,5.530666828155518,31.416667938232422,1.5934841632843018,0.03183009475469589,11.464969635009766,0.0005852752365171909,2.5833334922790527,15.164773941040039,0.1703509396592015,1.375,0.09067065585278301,0.34433674812316895,1.1604543924331665,0.23405984044075012,0.23428210616111755,0.02083333395421505,0.1496438980102539,0.0005960098351351917,3.930225647012139e-05,0.4614744186401367,0.33908501267433167,1.0,48
418,0.3437109887599945,0.7170478701591492,0.4132951498031616,5.476749420166016,0.3996255099773407,0.0029296875,0.017963336780667305,6.131485462188721,0.34056347608566284,7.895449638366699,396.17938232421875,0.020013848319649696,0.23109714686870575,4.542722225189209,25.0,2.3699898719787598,0.032762810587882996,11.473751068115234,0.00043195474427193403,4.1041669845581055,18.203384399414062,0.2254617543776966,2.6041667461395264,0.1430594821033805,0.48696208000183105,1.2035212516784668,0.2765369117259979,0.2765369117259979,0.0,0.12405438721179962,0.0012118841987103224,6.657466388962177e-05,0.34926411509513855,0.14207231998443604,1.0,48
421,0.2006312906742096,0.27704280614852905,0.2553071081638336,6.155656814575195,0.5719926357269287,0.00244140625,0.007543393410742283,3.0897738933563232,0.15830551087856293,4.590606689453125,537.7142333984375,0.01712392456829548,0.20623566210269928,4.923882484436035,34.0,1.3215755224227905,0.0197196863591671,11.47140884399414,0.00045958475675433874,2.2708334922790527,12.750539779663086,0.17809704763401676,0.7916666865348816,0.062088876204024625,0.3055265545845032,1.1569479703903198,0.2312140315771103,0.23488733172416687,0.02083333395421505,0.16332882642745972,0.0006842290749773383,5.366275359824731e-05,0.32492199540138245,0.1644446849822998,1.0,48
567,0.20314188301563263,0.2977457046508789,0.19860988855361938,6.2758073806762695,0.6922527551651001,0.00244140625,0.008053316734731197,3.2986385822296143,0.16907410323619843,4.7746100425720215,527.7786865234375,0.01712392456829548,0.20601995289325714,4.919956684112549,31.0,1.0524803400039673,0.022470513358712196,11.468639373779297,0.000646415981464088,1.5,11.475176811218262,0.13071693999750955,0.5833333730697632,0.05083436901740339,0.24967025220394135,1.1097391843795776,0.23511265218257904,0.23511265218257904,0.0,0.10948236286640167,0.0005854321643710136,5.101726740179862e-05,0.27686771750450134,0.05597175285220146,1.0,48
785,0.2364097684621811,0.3270777761936188,0.2891799807548523,9.587736129760742,0.3388960361480713,0.005859375,0.01894364506006241,3.233048677444458,0.2618092894554138,6.209451675415039,277.09881591796875,0.03595767915248871,0.31875860691070557,5.378228187561035,29.58333396911621,1.5029047727584839,0.022651711478829384,11.470012664794922,0.00046659944928251207,3.0625,13.877033233642578,0.22068838102719174,1.8125,0.13061149081201143,0.3456709086894989,1.4608256816864014,0.23821589350700378,0.23821589350700378,0.0,0.11793781816959381,0.0006258018547669053,4.509622797463579e-05,0.35693609714508057,0.4440043866634369,1.0,48
788,0.18892906606197357,0.29830074310302734,0.3098400831222534,4.100039958953857,0.7452198266983032,0.00439453125,0.01369509194046259,3.116394281387329,0.21335487067699432,5.004888534545898,299.8624572753906,0.02823571488261223,0.2839292883872986,5.256385803222656,31.22222137451172,1.578806757926941,0.025375226512551308,11.465066909790039,0.0005294648581184447,2.1041667461395264,14.227888107299805,0.14789030731701164,1.0208333730697632,0.07174876303873401,0.3467082381248474,0.8348454236984253,0.21995458006858826,0.24376437067985535,0.125,0.16927748918533325,0.0004973856266587973,3.495849999368648e-05,0.3136327564716339,0.27215448021888733,1.0,48
841,0.20221762359142303,0.35936903953552246,0.2659675180912018,4.909787178039551,0.6813246011734009,0.00244140625,0.006033483427017927,2.4713149070739746,0.12332329899072647,3.1470558643341064,444.46307373046875,0.01712392456829548,0.20970571041107178,5.079303741455078,38.0,1.6554763317108154,0.07022092491388321,11.480113983154297,0.0009374141227453947,2.7083334922790527,13.276026725769043,0.20400181064580888,1.1666667461395264,0.08787770387628287,0.313266396522522,1.2575100660324097,0.25974205136299133,0.26205652952194214,0.0416666679084301,0.21077696979045868,0.0007635380025021732,5.751253878127593e-05,0.2847740948200226,0.06556366384029388,1.0,48
930,0.24213926494121552,0.3320867121219635,0.2561899423599243,9.622620582580566,0.3803052306175232,0.00341796875,0.01346725132316351,3.9401328563690186,0.259994775056839,7.262890815734863,584.9379272460938,0.02282176911830902,0.23855730891227722,4.951683044433594,34.42856979370117,1.3160474300384521,0.020595362409949303,11.470088005065918,0.00045842392137274146,2.5625,13.880912780761719,0.18460601536992885,1.4166667461395264,0.10205861584854653,0.31500527262687683,1.211704969406128,0.23687580227851868,0.2742438316345215,0.0833333358168602,0.20728440582752228,0.0007730986690148711,5.569508869253886e-05,0.3097879886627197,0.30403587222099304,1.0,48
1172,0.20117831230163574,0.27072420716285706,0.30308565497398376,4.931700229644775,0.6282995939254761,0.00439453125,0.015426898375153542,3.5104763507843018,0.24341613054275513,5.361440658569336,314.4339599609375,0.02823571488261223,0.28204822540283203,5.36187744140625,34.55555725097656,1.5265012979507446,0.045954957604408264,11.462268829345703,0.0008564391755498946,2.9375,13.753355026245117,0.21358424851671565,1.4375,0.10451995140179701,0.339289128780365,1.1968953609466553,0.2688443958759308,0.2688443958759308,0.0,0.12617932260036469,0.000636060256510973,4.624764319940274e-05,0.31837958097457886,0.2714662551879883,1.0,48
1229,0.24519085884094238,0.35886675119400024,0.1895994246006012,7.118650436401367,0.6481390595436096,0.0087890625,0.028988642618060112,3.2982633113861084,0.3204788267612457,5.3514485359191895,149.2565155029297,0.05035991966724396,0.37393712997436523,6.060649394989014,39.5,0.942209005355835,0.026820478960871696,11.464956283569336,0.0006877165869809687,1.8125,11.558904647827148,0.15680551519841976,0.8125,0.07029212750273989,0.24295227229595184,1.3338634967803955,0.18415872752666473,0.18415872752666473,0.0,0.18867720663547516,0.0006664730026386678,5.765883726598294e-05,0.3060515522956848,0.6617069244384766,1.0,48
1262,0.361695259809494,0.4844246208667755,0.23689492046833038,9.028458595275879,0.5234394669532776,0.00244140625,0.00863182544708252,3.535595655441284,0.17959631979465485,4.418704986572266,484.0894470214844,0.01712392456829548,0.2070743292570114,4.877202987670898,31.799999237060547,1.7325031757354736,0.025282854214310646,11.498557090759277,0.0004087126289959997,2.3125,12.606115341186523,0.18344271296726955,1.25,0.09915822322555111,0.2853148877620697,1.0441639423370361,0.2251906841993332,0.22897134721279144,0.02083333395421505,0.15336589515209198,0.0007119515212252736,5.6476678293941094e-05,0.27002501487731934,0.14516563713550568,1.0,48
1285,0.2841735780239105,0.36596617102622986,0.3064640164375305,5.007408142089844,0.6311094760894775,0.009765625,0.025489050894975662,2.610078811645508,0.2609879970550537,3.6803293228149414,112.32559967041016,0.05492175742983818,0.39081451296806335,5.922669410705566,34.70000076293945,1.5817464590072632,0.04224884882569313,11.464018821716309,0.0008389976574108005,3.4166667461395264,15.634492874145508,0.21853390266365916,2.2708334922790527,0.14524510063142756,0.3643060624599457,1.2580255270004272,0.22587049007415771,0.22965562343597412,0.0416666679084301,0.1463737040758133,0.0008496466325595975,5.434436785738025e-05,0.3740626275539398,0.5164362788200378,1.0,48
1342,0.17438745498657227,0.35543039441108704,0.45213624835014343,2.8872885704040527,0.7565679550170898,0.017578125,0.08279424905776978,4.710072994232178,0.6642248630523682,9.36442756652832,87.32630157470703,0.08845767378807068,0.46070241928100586,6.227557182312012,30.72222137451172,2.3549954891204834,0.03900103271007538,11.465560913085938,0.0005011506727896631,3.8541667461395264,20.52387237548828,0.1877894519001528,2.4375,0.11876413740145216,0.5097182989120483,1.1323649883270264,0.26356595754623413,0.2748531401157379,0.0625,0.12478746473789215,0.0010992258321493864,5.355840318548321e-05,0.4168061316013336,1.7671908140182495,1.0,48
1352,0.2685554027557373,0.3149423897266388,0.17158104479312897,9.9457426071167,0.5193124413490295,0.0029296875,0.013724414631724358,4.684600353240967,0.3159884512424469,12.054144859313965,1084.91455078125,0.020013848319649696,0.20487374067306519,5.261044979095459,42.83333206176758,0.8967569470405579,0.015001634135842323,11.467047691345215,0.0004880050546489656,1.3333333730697632,11.663801193237305,0.11431379443433025,0.5833333730697632,0.05001228698135374,0.23341751098632812,1.184909462928772,0.18125908076763153,0.18125908076763153,0.0,0.167104110121727,0.0005493623903021216,4.709977311252915e-05,0.33330947160720825,0.5426587462425232,1.0,48
1410,0.25248679518699646,0.39633896946907043,0.27601611614227295,7.003289222717285,0.5239126086235046,0.00830078125,0.025243915617465973,3.041149377822876,0.2865906059741974,4.591371059417725,152.97711181640625,0.04803864285349846,0.36662527918815613,5.7678141593933105,32.64706039428711,1.4404720067977905,0.01895005814731121,11.472341537475586,0.0004492218140512705,3.125,13.719660758972168,0.22777531111172764,1.6458333730697632,0.1199616667484894,0.33177945017814636,1.2026604413986206,0.2328280657529831,0.23878329992294312,0.0416666679084301,0.1721811592578888,0.0005936698871664703,4.3271469839042244e-05,0.2903807461261749,0.4782077372074127,1.0,48
1451,0.2934860587120056,0.615706205368042,0.2930809557437897,5.644803047180176,0.5823525786399841,0.00244140625,0.007486799266189337,3.0665929317474365,0.15310724079608917,3.845780849456787,443.4681396484375,0.01712392456829548,0.20960229635238647,5.005403995513916,41.400001525878906,1.4644229412078857,0.03102167695760727,11.466594696044922,0.00058606150560081,3.7291667461395264,13.873638153076172,0.2687951568511043,1.9375,0.13965334667272325,0.3540918231010437,0.9519890546798706,0.2866435945034027,0.3212416172027588,0.1666666716337204,0.2011374980211258,0.0006195306777954102,4.4655242591251414e-05,0.27960777282714844,0.2681533098220825,1.0,48
1640,0.22518722712993622,0.30349287390708923,0.30005866289138794,5.479771137237549,0.5721741318702698,0.0029296875,0.007317704148590565,2.4977762699127197,0.13638770580291748,3.2242648601531982,367.4815673828125,0.020013848319649696,0.23373642563819885,3.8925628662109375,21.0,1.6246674060821533,0.023154718801379204,11.468613624572754,0.0004431018605828285,7.8125,17.67074966430664,0.4421148023708023,4.770833492279053,0.26998478164261863,0.47429269552230835,1.410097360610962,0.20598606765270233,0.20598606765270233,0.0,0.1368306279182434,0.0007202968699857593,4.0762100265223865e-05,0.40241295099258423,0.1435088962316513,1.0,48
1817,0.15596453845500946,0.34543314576148987,0.27817216515541077,4.042047500610352,0.8986502885818481,0.00927734375,0.026859041303396225,2.8951218128204346,0.2830211818218231,4.334061622619629,121.78976440429688,0.05265381559729576,0.383748859167099,5.899577617645264,36.105262756347656,1.4713351726531982,0.021310893818736076,11.465510368347168,0.0004639347898773849,1.4166667461395264,12.471603393554688,0.11359138839643862,0.5833333730697632,0.046772925196089866,0.2927693724632263,0.9941797256469727,0.2585963308811188,0.27981841564178467,0.125,0.10553149878978729,0.0005746937240473926,4.6080179544804316e-05,0.3604736328125,0.7579634189605713,1.0,48
1976,0.194067120552063,0.2902938723564148,0.2215002328157425,5.445396423339844,0.7295330762863159,0.00244140625,0.006796305533498526,2.783766746520996,0.13952775299549103,3.3623156547546387,451.2696838378906,0.01712392456829548,0.2090175449848175,5.04808235168457,35.79999923706055,1.1285464763641357,0.029385194182395935,11.465242385864258,0.0006049397634342313,1.75,11.93152904510498,0.1466702207167028,0.625,0.05238222168453671,0.26536253094673157,0.8707160353660583,0.22721783816814423,0.2286209762096405,0.02083333395421505,0.16317139565944672,0.00047508999705314636,3.981803127319009e-05,0.26388612389564514,0.13856425881385803,1.0,48
2011,0.3158317506313324,0.5372830629348755,0.23227906227111816,7.070981025695801,0.6028024554252625,0.005859375,0.020311512053012848,3.4664981365203857,0.27422982454299927,5.9703288078308105,228.3232421875,0.03595767915248871,0.32148340344429016,4.417168617248535,28.5,1.4216716289520264,0.0196942500770092,11.476214408874512,0.0004465670499484986,2.0208334922790527,14.933090209960938,0.13532587445147967,1.0625,0.07115071189885165,0.33067020773887634,1.1981608867645264,0.2981022596359253,0.36006176471710205,0.2083333432674408,0.3342238962650299,0.0007701030699536204,5.157024156488588e-05,0.37481236457824707,0.5491039752960205,1.0,48
2036,0.29685178399086,0.35328373312950134,0.3358578383922577,6.6864776611328125,0.4746011197566986,0.00537109375,0.018375370651483536,3.4211599826812744,0.2635308504104614,5.870057582855225,266.68365478515625,0.03342986851930618,0.3076404929161072,5.562176704406738,36.272727966308594,1.71243417263031,0.029791610315442085,11.462308883666992,0.0004802158218808472,3.0833334922790527,14.97509765625,0.20589738784996972,1.6458333730697632,0.1099046837456724,0.3914106786251068,1.2493720054626465,0.2629294991493225,0.26455551385879517,0.02083333395421505,0.1433565467596054,0.0009089125669561327,6.0694934164241654e-05,0.3377111554145813,0.36551591753959656,1.0,48
2042,0.17062783241271973,0.23617343604564667,0.3219134211540222,5.219744682312012,0.5739781856536865,0.00390625,0.01189437322318554,3.044959545135498,0.19392360746860504,4.025432586669922,291.7826843261719,0.02555946074426174,0.2699740529060364,5.064955711364746,32.875,1.632934331893921,0.02144119143486023,11.465489387512207,0.00043837318662554026,2.5,13.88734245300293,0.18002004391122448,1.2083333730697632,0.0870096907517667,0.34114688634872437,1.170015573501587,0.225068137049675,0.22696654498577118,0.02083333395421505,0.148064985871315,0.0006901802262291312,4.969850985297082e-05,0.27247926592826843,0.14858834445476532,1.0,48
2169,0.34504491090774536,0.5031759142875671,0.2120210975408554,7.475775241851807,0.6138805150985718,0.0029296875,0.017427189275622368,5.948480606079102,0.36878469586372375,9.94027328491211,589.85009765625,0.020013848319649696,0.21320849657058716,4.887548923492432,31.333332061767578,1.1798635721206665,0.027858294546604156,11.468038558959961,0.0006158940959721804,1.8333333730697632,12.539156913757324,0.14620866332697666,0.7916666865348816,0.06313555937998906,0.29381847381591797,0.9329220652580261,0.2877749800682068,0.305816650390625,0.125,0.20845498144626617,0.00065162981627509,5.196759401267871e-05,0.2577522397041321,0.6271607279777527,1.0,48
2264,0.3127719461917877,0.530218780040741,0.385158896446228,4.310614109039307,0.6012149453163147,0.00927734375,0.031808286905288696,3.428598403930664,0.3477746248245239,6.186628341674805,161.73951721191406,0.05265381559729576,0.37908807396888733,5.57058572769165,26.842105865478516,2.2523250579833984,0.03340853378176689,11.474373817443848,0.00047700857976451516,3.9375,18.03478240966797,0.2183281122208566,2.5,0.1386210236322899,0.46775853633880615,1.1643671989440918,0.2291560173034668,0.2291560173034668,0.0,0.1703072190284729,0.0007569683948531747,4.197269350073539e-05,0.42327579855918884,0.6577286124229431,1.0,48
2281,0.18930630385875702,0.30295711755752563,0.3006165325641632,5.444355487823486,0.5655539035797119,0.00341796875,0.013622744008898735,3.985625743865967,0.2796879708766937,9.67573356628418,818.06591796875,0.02282176911830902,0.2307778000831604,5.122663497924805,34.85714340209961,1.6506465673446655,0.035351235419511795,11.466368675231934,0.0005958098918199539,2.4791667461395264,14.124252319335938,0.17552552080865338,1.0,0.07080020780448743,0.3239179849624634,0.8375735282897949,0.20259049534797668,0.20259049534797668,0.0,0.25826185941696167,0.0007291482179425657,5.1623845350605336e-05,0.34968358278274536,0.3037892282009125,1.0,48
2358,0.22563277184963226,0.3415491282939911,0.21442559361457825,5.514382362365723,0.7345843315124512,0.0068359375,0.021655164659023285,3.1678411960601807,0.2720143496990204,5.530472755432129,199.59518432617188,0.04089350998401642,0.34093979001045227,5.645228385925293,32.92856979370117,1.0825302600860596,0.046582382172346115,11.45217514038086,0.0010042705107480288,1.7291667461395264,12.454078674316406,0.13884340945405219,0.75,0.06022123506771202,0.2679988145828247,1.5741045475006104,0.2358391284942627,0.2358391284942627,0.0,0.15725645422935486,0.0007542168605141342,6.0559827798737923e-05,0.3187507092952728,0.4227973520755768,1.0,48
2391,0.2708006799221039,0.34405696392059326,0.17274416983127594,7.254408836364746,0.6721094846725464,0.0263671875,0.09025799483060837,3.4231181144714355,0.5719306468963623,5.883235931396484,46.38594436645508,0.12187793850898743,0.5178091526031494,6.629218101501465,33.203704833984375,0.923188328742981,0.04118255153298378,11.452877044677734,0.0012353102210909128,2.5,12.155632019042969,0.20566598215764093,1.375,0.11311629018670251,0.2514957785606384,1.54201078414917,0.2935315668582916,0.3535350263118744,0.125,0.20751841366291046,0.0009423859301023185,7.752669115441411e-05,0.2772965431213379,1.2988651990890503,1.0,48
2438,0.275005966424942,0.47145068645477295,0.29601702094078064,7.820034027099609,0.42085209488868713,0.00244140625,0.010832269676029682,4.4368977546691895,0.24665988981723785,8.42471694946289,804.7705078125,0.01712392456829548,0.19453643262386322,4.727565765380859,32.0,1.5097321271896362,0.02539440058171749,11.465072631835938,0.0004947016714140773,2.3333334922790527,15.082494735717773,0.15470474424939107,1.1041667461395264,0.07320849532886604,0.3678092360496521,0.9084364771842957,0.24187561869621277,0.24187561869621277,0.0,0.21148677170276642,0.000496762921102345,3.2936389468551686e-05,0.5108171105384827,0.2756306231021881,1.0,48
2447,0.2703374922275543,0.5111487507820129,0.31723085045814514,5.9796013832092285,0.48997318744659424,0.00341796875,0.012517914175987244,3.662384033203125,0.21913422644138336,4.595643997192383,333.8111572265625,0.02282176911830902,0.2516511082649231,4.679103851318359,28.0,1.9098283052444458,0.0274786539375782,11.477605819702148,0.0004285179893486202,4.9791669845581055,16.87807273864746,0.2950080295723998,2.9791667461395264,0.17651107389487133,0.42748790979385376,1.4410386085510254,0.21602094173431396,0.21602094173431396,0.0,0.14437967538833618,0.0010461643105372787,6.198363557954885e-05,0.45779138803482056,0.0846109613776207,1.0,48
2560,0.2552551329135895,0.5618523359298706,0.20345652103424072,5.710562705993652,0.8058942556381226,0.0029296875,0.006489340215921402,2.2150280475616455,0.1200254037976265,2.460745334625244,342.8318786621094,0.020013848319649696,0.23469264805316925,5.191036701202393,36.83333206176758,1.3262391090393066,0.022844506427645683,11.476484298706055,0.0005001509562134743,4.0416669845581055,11.893817901611328,0.33981241470095414,0.8125,0.06831279964415779,0.3013943135738373,1.196498155593872,0.20299838483333588,0.20452627539634705,0.02083333395421505,0.2048257738351822,0.0007000306504778564,5.885668131798555e-05,0.2895650267601013,0.13496284186840057,1.0,48
2754,0.21708936989307404,0.3553091287612915,0.2125665545463562,5.499412536621094,0.8360151648521423,0.00390625,0.010548381134867668,2.700385570526123,0.1717984825372696,3.569002151489258,291.7026672363281,0.02555946074426174,0.27017247676849365,5.339582920074463,34.875,1.2255250215530396,0.016923677176237106,11.474454879760742,0.00045697312452830374,1.6041667461395264,11.81283950805664,0.13579857270451023,0.625,0.052908532198769787,0.22749140858650208,1.2980471849441528,0.17922429740428925,0.20889239013195038,0.1458333432674408,0.19479085505008698,0.0005678407615050673,4.80697939421837e-05,0.27757734060287476,0.17822827398777008,1.0,48
3079,0.18852601945400238,0.23206575214862823,0.2689838111400604,5.414314270019531,0.6263403296470642,0.00244140625,0.009766267612576485,4.000263214111328,0.22129569947719574,8.035189628601074,907.7266845703125,0.01712392456829548,0.19704894721508026,4.967979431152344,38.20000076293945,1.3804949522018433,0.02574756368994713,11.469289779663086,0.0005177851999178529,2.375,12.81396770477295,0.18534462181154968,1.2291667461395264,0.09592397713960574,0.31224748492240906,1.0504865646362305,0.2157498002052307,0.2162015736103058,0.02083333395421505,0.12993349134922028,0.00071706686867401,5.595978424756908e-05,0.31975695490837097,0.1292830854654312,1.0,48
3369,0.24130681157112122,0.330807089805603,0.2843472957611084,5.694572448730469,0.5962064266204834,0.00390625,0.012003084644675255,3.0727896690368652,0.1983710378408432,4.612099647521973,322.07861328125,0.02555946074426174,0.2681769132614136,5.472257614135742,44.75,1.772213339805603,0.042451392859220505,11.48299789428711,0.00047025358071550727,2.8541667461395264,13.635783195495605,0.20931447083943197,1.6458333730697632,0.12069958492787168,0.3393042981624603,1.1366276741027832,0.23366928100585938,0.23366928100585938,0.0,0.1297973394393921,0.0006859045242890716,5.030180620740821e-05,0.3018978536128998,0.11693095415830612,1.0,48
3431,0.3350347876548767,0.5230069160461426,0.17031586170196533,9.556075096130371,0.5747948884963989,0.00390625,0.014071470126509666,3.6022963523864746,0.2404669225215912,6.357503890991211,404.8641662597656,0.02555946074426174,0.26383814215660095,5.4980621337890625,42.5,0.8500463366508484,0.012025299482047558,11.466625213623047,0.0004718536220025271,3.0,13.005437850952148,0.23067274105451496,1.5833333730697632,0.12174394972303107,0.2576330304145813,1.3697211742401123,0.2090078592300415,0.23542092740535736,0.1666666716337204,0.2297903448343277,0.0005343676311895251,4.108801540576529e-05,0.2906932830810547,0.34230419993400574,1.0,48
3451,0.21074378490447998,0.3503488004207611,0.2590925097465515,4.940542221069336,0.6912779808044434,0.00634765625,0.018252495676279068,2.8754701614379883,0.24208098649978638,6.149069786071777,283.7345886230469,0.03844451159238815,0.3299148976802826,5.834543704986572,42.53845977783203,1.4693682193756104,0.04586298018693924,11.473579406738281,0.0008626978960819542,2.5833334922790527,13.708544731140137,0.18844695341922904,1.6875,0.12309840554670363,0.3179701566696167,1.171730875968933,0.2689448595046997,0.27313709259033203,0.0416666679084301,0.22118601202964783,0.0007184741552919149,5.241068026248857e-05,0.3322964012622833,0.4408684968948364,1.0,48
3651,0.2502376437187195,0.4665529727935791,0.22303543984889984,5.782601356506348,0.7014591097831726,0.005859375,0.020360752940177917,3.4749019145965576,0.28198131918907166,5.469538688659668,247.614013671875,0.03595767915248871,0.31764301657676697,5.629539966583252,37.66666793823242,1.1454578638076782,0.04330369830131531,11.45016098022461,0.0011205633636564016,2.4583334922790527,13.030479431152344,0.18866024871772877,1.2083333730697632,0.09273130574563915,0.2976061999797821,0.9655951857566833,0.23393522202968597,0.23521408438682556,0.02083333395421505,0.18339377641677856,0.0006208515260368586,4.7646099964373514e-05,0.2681993842124939,0.4990336000919342,1.0,48
3669,0.24555158615112305,0.3019573986530304,0.2732515037059784,8.56071949005127,0.42140287160873413,0.00244140625,0.006298732943832874,2.579961061477661,0.12836284935474396,2.894503116607666,428.20550537109375,0.01712392456829548,0.21001353859901428,4.469632148742676,24.799999237060547,1.6784332990646362,0.021011974662542343,11.479415893554688,0.0004049884155392647,2.9375,14.11439037322998,0.20812092624915574,1.6458333730697632,0.11660676291235793,0.32413095235824585,1.0535099506378174,0.24511271715164185,0.24993793666362762,0.0625,0.16204504668712616,0.0007662760326638818,5.4290409423160987e-05,0.3112122714519501,0.11621052026748657,1.0,48
3670,0.15995199978351593,0.22844433784484863,0.3850517272949219,8.953469276428223,0.29152047634124756,0.0029296875,0.007400080561637878,2.5258941650390625,0.1375206708908081,2.9487972259521484,356.1660461425781,0.020013848319649696,0.2340761125087738,3.996553421020508,27.33333396911621,2.132333517074585,0.030107885599136353,11.469834327697754,0.0004470433050300926,3.7291667461395264,16.579328536987305,0.22492869572918667,2.1041667461395264,0.12691507621530806,0.40783199667930603,0.9532656669616699,0.2787843942642212,0.312042772769928,0.1458333432674408,0.22527332603931427,0.0009701139642857015,5.851346521883027e-05,0.3892002999782562,0.10588470846414566,1.0,48
3741,0.24505653977394104,0.3457534611225128,0.18210898339748383,7.755085468292236,0.6300302147865295,0.00439453125,0.011214226484298706,2.5518596172332764,0.17017677426338196,3.261209011077881,238.2733154296875,0.02823571488261223,0.2871640622615814,5.528453350067139,41.66666793823242,0.9576692581176758,0.021058455109596252,11.464345932006836,0.0006143027567304671,1.7708333730697632,11.43513298034668,0.15485900990960635,0.7083333730697632,0.06194360604880805,0.2346310019493103,1.3818912506103516,0.18824438750743866,0.19249460101127625,0.0416666679084301,0.10372427850961685,0.0005338964983820915,4.668913766309466e-05,0.22185543179512024,0.32517945766448975,1.0,48
3923,0.2270818054676056,0.302738219499588,0.2477574646472931,5.124893665313721,0.6595404744148254,0.0029296875,0.007282889913767576,2.4858930110931396,0.13776050508022308,3.7070112228393555,423.96026611328125,0.020013848319649696,0.23198716342449188,4.844571113586426,29.83333396911621,1.2408983707427979,0.017994694411754608,11.46381950378418,0.0004782293108291924,2.6666667461395264,12.471475601196289,0.2138212693729298,1.5,0.12027446043781477,0.29023000597953796,1.1244757175445557,0.21065819263458252,0.21065819263458252,0.0,0.22087953984737396,0.0007587912259623408,6.0842136858379025e-05,0.29577600955963135,0.21188820898532867,1.0,48
4006,0.22162066400051117,0.3808650076389313,0.2633901834487915,6.787995338439941,0.47989141941070557,0.0029296875,0.01285505946725607,4.387860298156738,0.27340540289878845,9.022560119628906,735.9291381835938,0.020013848319649696,0.21502797305583954,4.757286071777344,26.83333396911621,1.3630247116088867,0.020605403929948807,11.46524715423584,0.0004727057821583003,2.1041667461395264,13.586925506591797,0.15486702591914586,1.0208333730697632,0.07513350771100961,0.3069235682487488,1.399768352508545,0.24510738253593445,0.26336970925331116,0.0833333358168602,0.15869688987731934,0.0007062068907544017,5.197694576981457e-05,0.3441236913204193,0.08940555900335312,1.0,48
4049,0.1757812350988388,0.2517819404602051,0.18155337870121002,6.354414939880371,0.717844545841217,0.00244140625,0.005549715366214514,2.273163318634033,0.11252536624670029,2.5558536052703857,414.110107421875,0.01712392456829548,0.2107182741165161,5.092678070068359,39.0,1.033003807067871,0.01437733881175518,11.473711967468262,0.00044181212433613837,3.0833334922790527,12.507583618164062,0.24651711984848368,1.3333333730697632,0.10660199545397545,0.24147984385490417,1.472543716430664,0.2132999151945114,0.23729102313518524,0.1041666716337204,0.2067584991455078,0.000526334042660892,4.2081193163139413e-05,0.29675137996673584,0.19354212284088135,1.0,48
4107,0.2733552157878876,0.4202699661254883,0.2529604136943817,6.316034317016602,0.5843256115913391,0.00244140625,0.007741957902908325,3.1711058616638184,0.18672756850719452,7.287959575653076,1160.046875,0.01712392456829548,0.1886688470840454,4.959967613220215,35.79999923706055,1.2464802265167236,0.01777925156056881,11.464902877807617,0.00046898043365217745,2.375,13.834197044372559,0.17167602793754744,1.1458333730697632,0.08282615670185216,0.2979128956794739,1.228816270828247,0.2421906590461731,0.2552582323551178,0.1041666716337204,0.23517659306526184,0.0006466238992288709,4.674097793225326e-05,0.39427468180656433,0.13472208380699158,1.0,48
4128,0.19853335618972778,0.2766920030117035,0.3475334644317627,3.8762972354888916,0.6940677165985107,0.00439453125,0.018369462341070175,4.180073261260986,0.31482017040252686,8.891666412353516,488.4363708496094,0.02823571488261223,0.2708221673965454,5.196043968200684,30.66666603088379,1.7688448429107666,0.032522764056921005,11.463409423828125,0.0005637226859107614,2.875,16.239288330078125,0.1770397778395607,1.5,0.0923685797423795,0.3762054443359375,1.0160374641418457,0.2278733104467392,0.2278733104467392,0.0,0.13197241723537445,0.000750109669752419,4.619104323070418e-05,0.3761075735092163,0.320176362991333,1.0,48
4131,0.3218904435634613,0.5985653400421143,0.30626562237739563,8.341568946838379,0.409055233001709,0.0048828125,0.02601609006524086,5.328095436096191,0.39003467559814453,7.826473236083984,266.7891540527344,0.03085736557841301,0.2949742078781128,5.139255046844482,29.5,1.6674312353134155,0.036034200340509415,11.470315933227539,0.0004926685360260308,4.3125,14.167823791503906,0.30438690235138516,2.1875,0.15439915336664464,0.35793718695640564,1.4293888807296753,0.22846119105815887,0.22846119105815887,0.0,0.1378059834241867,0.0008750035194680095,6.175990975940343e-05,0.31577759981155396,0.7650527358055115,1.0,48
4143,0.25455766916275024,0.33066269755363464,0.27384480834007263,5.580742359161377,0.573388934135437,0.00341796875,0.011740987189114094,3.435077428817749,0.218495711684227,6.810790061950684,565.8054809570312,0.02282176911830902,0.24463877081871033,5.161952972412109,35.57143020629883,1.3441002368927002,0.026181058958172798,11.465517044067383,0.0005449592717923224,3.4166667461395264,12.992812156677246,0.26296591548535386,1.8958333730697632,0.1459140137446164,0.3366585671901703,1.2681705951690674,0.22610819339752197,0.22890764474868774,0.0416666679084301,0.1682298481464386,0.0007491912692785263,5.766197953665352e-05,0.27089908719062805,0.197043776512146,1.0,48
4626,0.35011133551597595,0.44204050302505493,0.2645788788795471,10.150840759277344,0.35931068658828735,0.0029296875,0.012081428430974483,4.123794078826904,0.22960655391216278,5.120429992675781,394.26953125,0.020013848319649696,0.2305794507265091,4.830059051513672,37.0,1.4283791780471802,0.019797757267951965,11.471126556396484,0.0004410807159729302,4.0,13.804550170898438,0.28975953200813886,2.5208334922790527,0.18260888324830515,0.3389413356781006,1.2024897336959839,0.31759196519851685,0.3260617256164551,0.1041666716337204,0.2044524848461151,0.0005899830721318722,4.273830471841383e-05,0.2856629192829132,0.4194718301296234,1.0,48
4649,0.20104388892650604,0.2643660306930542,0.22883006930351257,5.053337097167969,0.7584030628204346,0.0029296875,0.008397319354116917,2.8662850856781006,0.16104422509670258,4.416594505310059,455.8709411621094,0.020013848319649696,0.23004071414470673,5.061115264892578,34.83333206176758,1.117996096611023,0.015970630571246147,11.462095260620117,0.0004899047780781984,3.6041667461395264,12.874003410339355,0.2799569511101249,1.9791667461395264,0.15373358865298142,0.3060225546360016,1.078226923942566,0.2020961493253708,0.2020961493253708,0.0,0.17607246339321136,0.0006074239499866962,4.718221132573574e-05,0.2897581160068512,0.20073895156383514,1.0,48
5137,0.29015663266181946,0.429365336894989,0.26293060183525085,6.952857494354248,0.5025352239608765,0.0048828125,0.01897081919014454,3.885223865509033,0.29457780718803406,7.172687530517578,340.04473876953125,0.03085736557841301,0.2905368208885193,5.376557350158691,35.099998474121094,1.3183873891830444,0.01953529566526413,11.465619087219238,0.00046109003596939147,4.083333492279053,15.601106643676758,0.2617335797340198,2.2916667461395264,0.14689129412492302,0.3517530858516693,1.3372938632965088,0.3498356342315674,0.3498356342315674,0.0,0.1475525051355362,0.0008597399573773146,5.51076264307633e-05,0.31448984146118164,0.41020116209983826,1.0,48
5173,0.2658402919769287,0.4581403136253357,0.27976128458976746,4.239543437957764,0.7296422123908997,0.00341796875,0.008828829973936081,2.5830633640289307,0.15229377150535583,3.3456296920776367,313.2012023925781,0.02282176911830902,0.25395017862319946,5.137246131896973,36.57143020629883,1.4786839485168457,0.018840840086340904,11.469123840332031,0.00043017297866754234,4.270833492279053,15.46441650390625,0.2761716543549212,2.3541667461395264,0.15223120406919724,0.3530063033103943,1.49405837059021,0.276279479265213,0.30026960372924805,0.1041666716337204,0.14848774671554565,0.0008451702888123691,5.465258181919483e-05,0.33629417419433594,0.27965056896209717,1.0,48
5427,0.1853211671113968,0.2880702018737793,0.27129653096199036,4.5704345703125,0.7444071769714355,0.00439453125,0.016398010775446892,3.7314584255218506,0.28509801626205444,9.299137115478516,629.7915649414062,0.02823571488261223,0.27060073614120483,5.366117477416992,33.66666793823242,1.5327256917953491,0.04184384644031525,11.474247932434082,0.0006459696451202035,1.7708333730697632,13.420797348022461,0.13194695708681003,0.6875,0.05122646454303534,0.31279635429382324,0.9745585322380066,0.2376030683517456,0.24362348020076752,0.0625,0.16798517107963562,0.0011979015544056892,8.925710764045085e-05,0.35561737418174744,0.16451066732406616,1.0,48
5443,0.21520447731018066,0.3053015172481537,0.24464160203933716,4.559080123901367,0.7791377305984497,0.00439453125,0.010667097754776478,2.4273574352264404,0.16293154656887054,3.4009933471679688,254.361083984375,0.02823571488261223,0.2863928973674774,5.353762626647949,32.77777862548828,1.2697328329086304,0.02855655923485756,11.465753555297852,0.0005121182184666395,3.1041667461395264,15.051267623901367,0.20623955547423284,1.5833333730697632,0.10519601481960725,0.31172895431518555,1.151857852935791,0.23979654908180237,0.23979654908180237,0.0,0.261077344417572,0.0008471223991364241,5.6282462031860465e-05,0.3787166178226471,0.20952312648296356,1.0,48
5522,0.2904011011123657,0.4265056848526001,0.23999027907848358,8.626172065734863,0.42971640825271606,0.0048828125,0.022431587800383568,4.593989372253418,0.35583755373954773,10.318061828613281,445.559814453125,0.03085736557841301,0.28881028294563293,4.699527263641357,21.899999618530273,1.3604875802993774,0.018540387973189354,11.476850509643555,0.0004400598118081689,2.6666667461395264,14.294759750366211,0.1865485528153577,1.25,0.08744463152614583,0.3063456416130066,1.1254923343658447,0.22340437769889832,0.2485564649105072,0.1041666716337204,0.1902739256620407,0.0010177077492699027,7.119446330896787e-05,0.3317813277244568,0.39100417494773865,1.0,48
6173,0.2500632703304291,0.4154329001903534,0.2798614501953125,9.862164497375488,0.3350421190261841,0.00244140625,0.01694740727543831,6.941658020019531,0.3833629786968231,11.465951919555664,689.5564575195312,0.01712392456829548,0.1937556266784668,4.69950532913208,32.400001525878906,1.4180525541305542,0.020903464406728745,11.467041015625,0.0004509255522862077,3.0208334922790527,13.581037521362305,0.22243024402981934,1.4166667461395264,0.10431211480478263,0.322420209646225,1.1701464653015137,0.21144577860832214,0.21257786452770233,0.02083333395421505,0.18425600230693817,0.0007002861239016056,5.1563521732743516e-05,0.3595970571041107,0.3395591974258423,1.0,48
6325,0.20021028816699982,0.258993536233902,0.2586071789264679,7.704710006713867,0.5207988023757935,0.0029296875,0.00856941007077694,2.925025224685669,0.160318985581398,3.598991870880127,373.8199462890625,0.020013848319649696,0.23317928612232208,4.034196376800537,28.83333396911621,1.2704066038131714,0.017910178750753403,11.470001220703125,0.0004424216167535633,3.1666667461395264,12.6368408203125,0.2505900635025421,1.4375,0.1137546970245768,0.3139742314815521,0.9910982847213745,0.2387956976890564,0.2387956976890564,0.0,0.14096859097480774,0.0007856452721171081,6.217101905980718e-05,0.2595203220844269,0.2535822093486786,1.0,48
6498,0.2751236855983734,0.3791198134422302,0.21893912553787231,6.797473907470703,0.5999507904052734,0.005859375,0.01703345775604248,2.90704345703125,0.22742561995983124,4.119904518127441,198.67738342285156,0.03595767915248871,0.3226460814476013,5.681622505187988,39.66666793823242,1.1522151231765747,0.01923203468322754,11.471304893493652,0.00046552467392757535,2.4791667461395264,12.71876335144043,0.1949219963990866,1.2708333730697632,0.09991799807539137,0.27847564220428467,1.11863112449646,0.3289559483528137,0.36573320627212524,0.0625,0.17506389319896698,0.0009777538944035769,7.687491830910547e-05,0.24320925772190094,0.31366798281669617,1.0,48
6508,0.21571068465709686,0.2613186836242676,0.29063963890075684,5.009197235107422,0.6089885830879211,0.00341796875,0.01130007952451706,3.3060803413391113,0.22158174216747284,7.786104202270508,795.8958740234375,0.02282176911830902,0.2387712299823761,4.961228370666504,31.28571319580078,1.4864459037780762,0.021412599831819534,11.470268249511719,0.0004779695882461965,2.5208334922790527,13.459994316101074,0.1872833993243782,1.2916667461395264,0.09596339454874647,0.3307632803916931,0.9246706962585449,0.25006103515625,0.2510603964328766,0.02083333395421505,0.11952636390924454,0.0008843528921715915,6.5702322805344e-05,0.30054140090942383,0.3276597261428833,1.0,48
6676,0.28745466470718384,0.36366480588912964,0.18513572216033936,7.600081920623779,0.6148629784584045,0.00537109375,0.018938982859253883,3.5260941982269287,0.27649766206741333,5.914838790893555,294.96649169921875,0.03342986851930618,0.3053251802921295,5.785745620727539,44.0,0.9571067094802856,0.021619318053126335,11.46194076538086,0.0006393257644958794,1.7916667461395264,11.759872436523438,0.15235426696053964,0.9583333730697632,0.08149181697570831,0.2569194734096527,0.788064181804657,0.19592373073101044,0.20053744316101074,0.02083333395421505,0.1714192032814026,0.00039975903928279877,3.399348429165821e-05,0.29574504494667053,0.2965702712535858,1.0,48
6799,0.20182888209819794,0.3888874650001526,0.3397023677825928,4.028514385223389,0.6667343378067017,0.0068359375,0.026186654344201088,3.83073353767395,0.3380209803581238,5.998729705810547,217.39324951171875,0.04089350998401642,0.33676278591156006,5.132059574127197,29.571428298950195,1.7250088453292847,0.0400511771440506,11.464489936828613,0.000580844352953136,2.9791667461395264,15.127607345581055,0.19693575303171898,1.4375,0.09502494123564495,0.3904128968715668,1.190629005432129,0.2538869082927704,0.28142833709716797,0.1041666716337204,0.14672067761421204,0.0006279926747083664,4.151302052909774e-05,0.37096095085144043,0.5301775336265564,1.0,48
6814,0.2940407395362854,0.4129711985588074,0.26729562878608704,5.107640743255615,0.6158294677734375,0.00341796875,0.009697336703538895,2.8371636867523193,0.17092083394527435,4.096844673156738,370.22021484375,0.02282176911830902,0.25120383501052856,4.730629920959473,23.571428298950195,1.3427784442901611,0.018408918753266335,11.466461181640625,0.0004547846911009401,4.7916669845581055,17.21298599243164,0.2783751165475413,2.8333334922790527,0.16460441505493548,0.3869823217391968,1.456632375717163,0.19624075293540955,0.19624075293540955,0.0,0.2634962797164917,0.0009964568307623267,5.788982984251305e-05,0.5972257852554321,0.18200625479221344,1.0,48
6838,0.23126859962940216,0.33204084634780884,0.29895317554473877,6.629002571105957,0.45243149995803833,0.005859375,0.01693141832947731,2.8896286487579346,0.22582201659679413,4.495278358459473,204.07574462890625,0.03595767915248871,0.3229718506336212,5.311271667480469,26.75,1.5122008323669434,0.019663218408823013,11.468706130981445,0.00042678648605942726,3.0208334922790527,15.958351135253906,0.1892948378427845,1.5833333730697632,0.09921660193200188,0.34179434180259705,1.369593620300293,0.1918330192565918,0.1918330192565918,0.0,0.18130426108837128,0.0009609478292986751,6.021598475632401e-05,0.37846019864082336,0.4683016538619995,1.0,48
6882,0.2556595504283905,0.36167848110198975,0.2590998113155365,8.202444076538086,0.43328213691711426,0.00244140625,0.008703076280653477,3.5647799968719482,0.19752515852451324,6.976762771606445,852.9776000976562,0.01712392456829548,0.19591239094734192,4.6710710525512695,31.799999237060547,1.302491307258606,0.019557353109121323,11.468788146972656,0.00045444892020896077,3.0625,13.77231216430664,0.22236643791108227,1.3541667461395264,0.0983253014454489,0.30892378091812134,1.1896743774414062,0.2387479990720749,0.2681722044944763,0.0625,0.17163324356079102,0.0006234804168343544,4.527056959959907e-05,0.29364126920700073,0.23291021585464478,1.0,48
7066,0.26791006326675415,0.3940172493457794,0.2450341433286667,5.1126933097839355,0.7127245664596558,0.00439453125,0.01374056376516819,3.126741647720337,0.21871687471866608,5.566845893859863,345.236572265625,0.02823571488261223,0.2810527980327606,5.640923500061035,44.33333206176758,1.3699843883514404,0.018506914377212524,11.473372459411621,0.00042806880082935095,3.6666667461395264,12.20452880859375,0.3004349287580291,2.0625,0.1689946437635311,0.31552863121032715,1.2809128761291504,0.20880678296089172,0.21064051985740662,0.0416666679084301,0.16123412549495697,0.0005852318718098104,4.795202506451559e-05,0.3102872669696808,0.44674918055534363,1.0,48
7262,0.2730071246623993,0.43510058522224426,0.19856399297714233,7.372696876525879,0.6024506688117981,0.00390625,0.011068718507885933,2.833591938018799,0.18318147957324982,4.485135555267334,337.2777404785156,0.02555946074426174,0.2682422697544098,5.452476501464844,39.625,0.9874135255813599,0.01791379041969776,11.464448928833008,0.0005223038606345654,1.75,12.540365219116211,0.1395493646338825,0.6041666865348816,0.048177758422229024,0.2603221535682678,0.9005261659622192,0.2952152490615845,0.3386869430541992,0.1041666716337204,0.22629062831401825,0.0006178427720442414,4.926832358994892e-05,0.24637572467327118,0.1729014664888382,1.0,48
7270,0.22530196607112885,0.373721718788147,0.2539018392562866,7.264210224151611,0.5000705718994141,0.00439453125,0.016111362725496292,3.6662302017211914,0.25186315178871155,5.77043342590332,305.1367492675781,0.02823571488261223,0.28347209095954895,5.070286750793457,29.11111068725586,1.265812873840332,0.019537102431058884,11.466373443603516,0.00046361362910829484,2.7916667461395264,13.07825756072998,0.21345861488364198,1.4166667461395264,0.1083222851727681,0.299510657787323,1.4029144048690796,0.2328125238418579,0.24228475987911224,0.0833333358168602,0.2199443280696869,0.0005729711847379804,4.381097264977625e-05,0.32374465465545654,0.24954141676425934,1.0,48
7393,0.21922874450683594,0.3016241192817688,0.1993524581193924,6.539825439453125,0.6413179636001587,0.01025390625,0.03227980434894562,3.1480495929718018,0.33646267652511597,6.195927619934082,152.34873962402344,0.057165034115314484,0.39201319217681885,5.773785591125488,30.761905670166016,1.0714914798736572,0.015359386801719666,11.472033500671387,0.00045769676216877997,1.75,12.039130210876465,0.1453593380828634,1.1666667461395264,0.09690623198978833,0.2563149631023407,1.2828632593154907,0.21858787536621094,0.21858787536621094,0.0,0.14130274951457977,0.0006669179419986904,5.5395857488294347e-05,0.27968379855155945,0.7135672569274902,1.0,48
7490,0.26314878463745117,0.4523639380931854,0.24779391288757324,7.086453914642334,0.5180613994598389,0.0068359375,0.023779459297657013,3.47859525680542,0.2997204661369324,5.74202823638916,192.5606231689453,0.04089350998401642,0.34006616473197937,5.392210960388184,35.57143020629883,1.2819846868515015,0.02296486683189869,11.471973419189453,0.0005055169458501041,3.0833334922790527,13.243364334106445,0.2328210122566926,1.8333333730697632,0.1384341112600766,0.30710187554359436,1.2943094968795776,0.207800954580307,0.207800954580307,0.0,0.197978213429451,0.0006628988194279373,5.005516741846192e-05,0.28568390011787415,0.6307356953620911,1.0,48
7589,0.3422587513923645,0.63639235496521,0.3325837552547455,8.125115394592285,0.4569522738456726,0.00390625,0.020696695894002914,5.298354148864746,0.3605465888977051,8.712695121765137,410.9812927246094,0.02555946074426174,0.2604151666164398,5.185463905334473,31.625,1.6863845586776733,0.07300647348165512,11.451051712036133,0.0008906188886612654,3.3125,16.257980346679688,0.2037460943689134,1.9166667461395264,0.11789082678723083,0.45129308104515076,0.9136949777603149,0.25840437412261963,0.27020931243896484,0.0416666679084301,0.2226945459842682,0.0008816089248284698,5.422622647383477e-05,0.32718753814697266,0.7231605648994446,1.0,48
7802,0.2448165863752365,0.46980175375938416,0.2818666994571686,5.236149311065674,0.5937159061431885,0.00244140625,0.011590734124183655,4.747564792633057,0.2549622058868408,8.566398620605469,733.550537109375,0.01712392456829548,0.20011752843856812,4.9550275802612305,34.599998474121094,1.4836572408676147,0.022019047290086746,11.463358879089355,0.00047202559653669596,3.25,13.488184928894043,0.24095161911877536,1.625,0.12047580955938768,0.3577614426612854,1.1093668937683105,0.2102205604314804,0.2102205604314804,0.0,0.1657957136631012,0.000681286386679858,5.0509863985874415e-05,0.3162112236022949,0.3627089560031891,1.0,48
7962,0.25905051827430725,0.34746065735816956,0.199445441365242,6.63107442855835,0.6891148090362549,0.0126953125,0.04033476859331131,3.1771388053894043,0.37074705958366394,5.710986614227295,104.70415496826172,0.06804874539375305,0.4221179485321045,6.243802070617676,35.30769348144531,0.990249514579773,0.025729412212967873,11.45633602142334,0.0008081101113930345,3.7291667461395264,12.486120223999023,0.2986649716847359,2.3125,0.18520564888548716,0.28316396474838257,1.395145297050476,0.25303906202316284,0.2554662525653839,0.02083333395421505,0.14891083538532257,0.0007817507721483707,6.260958227998686e-05,0.2865859866142273,1.172599196434021,1.0,48
8034,0.23301823437213898,0.38875076174736023,0.2176298052072525,5.965806484222412,0.6996137499809265,0.01025390625,0.04200822860002518,4.096802711486816,0.4614127576351166,9.711231231689453,206.8247528076172,0.057165034115314484,0.3850930631160736,5.988150596618652,37.52381134033203,1.1317107677459717,0.021405920386314392,11.466873168945312,0.000482209085021168,2.5208334922790527,10.87984848022461,0.23169748131547843,1.2291667461395264,0.11297645801261987,0.25311288237571716,1.6532996892929077,0.2141210287809372,0.2347939908504486,0.1666666716337204,0.14909471571445465,0.0005292478017508984,4.8644776829973324e-05,0.27016228437423706,1.2810603380203247,1.0,48
8182,0.20543015003204346,0.2807788848876953,0.20031794905662537,6.231663227081299,0.6994515061378479,0.0048828125,0.013736036606132984,2.813140392303467,0.2031632959842682,4.767096042633057,276.4463806152344,0.03085736557841301,0.2976958751678467,5.405617713928223,31.200000762939453,0.9923986792564392,0.019678283482789993,11.460012435913086,0.000610979797784239,1.3958333730697632,12.171453475952148,0.11468091092660244,0.4583333432674408,0.03765641825739486,0.25126951932907104,1.5116809606552124,0.21265266835689545,0.2131551206111908,0.02083333395421505,0.1765379160642624,0.0006941751344129443,5.703305157548654e-05,0.2837997376918793,0.270684152841568,1.0,48
8356,0.2969721555709839,0.5003913640975952,0.46504515409469604,3.1753060817718506,0.6607363224029541,0.0029296875,0.008845326490700245,3.01920485496521,0.16591402888298035,3.9222874641418457,380.026123046875,0.020013848319649696,0.23280860483646393,5.059203147888184,33.33333206176758,2.410538911819458,0.035508450120687485,11.465469360351562,0.0004482078074943274,3.9791667461395264,20.06545066833496,0.19830936318992856,2.1458334922790527,0.1069417042596481,0.5340640544891357,0.953732430934906,0.23457680642604828,0.23457680642604828,0.0,0.12814892828464508,0.0012344146380200982,6.151940755324865e-05,0.39617976546287537,0.11473852396011353,1.0,48
8362,0.21611438691616058,0.8762966990470886,0.12335707247257233,12.118678092956543,0.48062771558761597,0.0078125,0.02799157425761223,3.5829215049743652,0.3329527974128723,6.255143165588379,181.8793182373047,0.04568839073181152,0.3565312325954437,5.7496209144592285,30.0625,0.6624041795730591,0.013043775223195553,11.469486236572266,0.0005967944161966443,1.375,10.500570297241211,0.13094526866334086,0.2291666716337204,0.021824211916917184,0.16598781943321228,1.5885591506958008,0.16568565368652344,0.17870646715164185,0.0625,0.14896148443222046,0.0005574147216975689,5.3084233083337836e-05,0.2709892690181732,0.336811900138855,1.0,48
8451,0.29775044322013855,0.5016161203384399,0.26855945587158203,5.370103359222412,0.7039283514022827,0.0107421875,0.05355159193277359,4.985166549682617,0.5460177063941956,9.69223403930664,139.6116180419922,0.05938481166958809,0.3974565267562866,6.153200149536133,35.3636360168457,1.401720643043518,0.030541904270648956,11.462934494018555,0.0006250028382055461,5.0,14.376806259155273,0.34778238688012736,2.25,0.15650207409605732,0.39861202239990234,1.4196882247924805,0.26216500997543335,0.26216500997543335,0.0,0.19983112812042236,0.0010571227176114917,7.352973239122629e-05,0.2945384383201599,1.5601412057876587,1.0,48
8586,0.17598150670528412,0.3960675001144409,0.3260248601436615,4.359297752380371,0.7330471277236938,0.0029296875,0.011294879950582981,3.855319023132324,0.22089320421218872,6.101555824279785,498.1456298828125,0.020013848319649696,0.227167010307312,5.035139083862305,34.0,1.592487096786499,0.024824142456054688,11.464071273803711,0.0004772607353515923,2.8333334922790527,15.470132827758789,0.18314862076449548,1.625,0.10504111483993044,0.4063968062400818,0.8664994239807129,0.27255919575691223,0.2749057412147522,0.02083333395421505,0.23797111213207245,0.0005835229530930519,3.771932401697391e-05,0.46527400612831116,0.43628743290901184,1.0,48
8701,0.18959377706050873,0.3168671727180481,0.40835443139076233,5.292967796325684,0.5032691955566406,0.01806640625,0.09796332567930222,5.422402381896973,0.7914915680885315,11.111173629760742,94.9229507446289,0.09041537344455719,0.4614580273628235,6.231184005737305,31.83783721923828,2.063608169555664,0.03080715797841549,11.46360969543457,0.00048242288175970316,4.125,18.506694793701172,0.22289231241739813,2.4166667461395264,0.1305833792458832,0.4948391914367676,1.238548755645752,0.24583032727241516,0.2551647424697876,0.0416666679084301,0.27905768156051636,0.0009722778340801597,5.253654660613481e-05,0.5533732771873474,2.104100465774536,1.0,48
8781,0.312513142824173,0.4577235281467438,0.26338037848472595,7.279237270355225,0.5249484777450562,0.00439453125,0.016932852566242218,3.8531646728515625,0.26669472455978394,5.815980911254883,301.98553466796875,0.02823571488261223,0.2820240557193756,5.502992630004883,38.66666793823242,1.3383777141571045,0.022761819884181023,11.466935157775879,0.0005308231338858604,2.4375,12.85151195526123,0.18966639929906903,1.4791667461395264,0.11509671003208373,0.3253881633281708,1.1235003471374512,0.2365390658378601,0.2365390658378601,0.0,0.18202723562717438,0.0006654958124272525,5.1783464406845386e-05,0.27205076813697815,0.36254557967185974,1.0,48
8798,0.16778947412967682,0.2391725480556488,0.28944388031959534,5.5583977699279785,0.5463327169418335,0.00244140625,0.008629926480352879,3.534817934036255,0.177474245429039,4.294217109680176,450.3150939941406,0.01712392456829548,0.20867721736431122,4.786361217498779,31.0,1.4570175409317017,0.02555171586573124,11.464123725891113,0.0005068740574643016,2.8333334922790527,13.871940612792969,0.2042492517322058,1.4791667461395264,0.10663012381332639,0.3221101760864258,1.330301284790039,0.2261354625225067,0.2300729751586914,0.0416666679084301,0.2000599056482315,0.0007450013654306531,5.370563396202419e-05,0.30957579612731934,0.20914441347122192,1.0,48
9062,0.27082234621047974,0.4131150245666504,0.2675824761390686,5.505786418914795,0.5872282385826111,0.0029296875,0.008441804908216,2.881469488143921,0.16663581132888794,5.267868518829346,594.0885009765625,0.020013848319649696,0.22688156366348267,5.168525695800781,37.0,1.3204395771026611,0.05921557545661926,11.457209587097168,0.0012438675621524453,2.25,13.119780540466309,0.17149677095170845,1.2916667461395264,0.09845185604827951,0.31919077038764954,0.8190716505050659,0.24116891622543335,0.24116891622543335,0.0,0.16793565452098846,0.0005512645584531128,4.2017818539923634e-05,0.25786861777305603,0.2504364252090454,1.0,48
9181,0.2646821439266205,0.3295162618160248,0.24897097051143646,6.865830898284912,0.5358556509017944,0.00244140625,0.013407433405518532,5.491684913635254,0.28899744153022766,8.009977340698242,566.345947265625,0.01712392456829548,0.201616108417511,4.6772565841674805,27.399999618530273,1.481130599975586,0.019575050100684166,11.478595733642578,0.00043419282883405685,2.1875,14.001322746276855,0.1562352384898301,1.125,0.0803495512233412,0.2995541989803314,1.4048179388046265,0.24784110486507416,0.24784110486507416,0.0,0.18225136399269104,0.0008053703932091594,5.752102192259715e-05,0.31121015548706055,0.26233744621276855,1.0,48
9323,0.25942087173461914,0.3895578682422638,0.2646491527557373,5.028381824493408,0.6497785449028015,0.0126953125,0.03794132545590401,2.9886090755462646,0.34799185395240784,5.092355251312256,103.49110412597656,0.06804874539375305,0.422426700592041,6.047644138336182,32.38461685180664,1.3780711889266968,0.06655876338481903,11.458616256713867,0.0013691307976841927,2.6666667461395264,13.804152488708496,0.1931785921945601,1.7291667461395264,0.1252642454001653,0.3484303653240204,0.8620144724845886,0.26122790575027466,0.26122790575027466,0.0,0.17067505419254303,0.0009060410666279495,6.56353996895295e-05,0.27124327421188354,0.8813222050666809,1.0,48
9410,0.18345744907855988,0.28181225061416626,0.27485761046409607,5.240670204162598,0.6607860922813416,0.00244140625,0.007015494629740715,2.873546600341797,0.14711877703666687,4.115401268005371,523.6275024414062,0.01712392456829548,0.20619149506092072,4.997021675109863,37.79999923706055,1.3979202508926392,0.03755062073469162,11.460393905639648,0.0007049049017950892,2.0416667461395264,13.060760498046875,0.15632066332443914,0.9791666865348816,0.07497011264631998,0.3152045011520386,1.0121443271636963,0.2676963210105896,0.2676963210105896,0.0,0.16425076127052307,0.0006173712899908423,4.726916856108595e-05,0.30265939235687256,0.19758136570453644,1.0,48
9585,0.19235968589782715,0.2403169721364975,0.20934508740901947,6.169478416442871,0.6952672004699707,0.00927734375,0.03024234063923359,3.259805917739868,0.3326890468597412,6.610021591186523,177.8745880126953,0.05265381559729576,0.3786129951477051,5.997483253479004,36.0,1.1539093255996704,0.016439177095890045,11.475000381469727,0.00044158275704830885,1.9791667461395264,12.95071792602539,0.1528229366060101,0.9791666865348816,0.0756071355558679,0.2636851966381073,1.0228123664855957,0.23361901938915253,0.23361901938915253,0.0,0.17353813350200653,0.0007051762077026069,5.445074251374108e-05,0.31547826528549194,0.5087516903877258,1.0,48
9603,0.2560276985168457,0.34042122960090637,0.255786657333374,8.650471687316895,0.4419816732406616,0.00244140625,0.007470501586794853,3.059917449951172,0.15357716381549835,3.5292768478393555,447.8934326171875,0.01712392456829548,0.20870757102966309,4.717412948608398,30.799999237060547,1.3848142623901367,0.020702822133898735,11.467405319213867,0.00047209940385073423,2.4791667461395264,14.221304893493652,0.17432765579271745,1.3333333730697632,0.09375604996291248,0.3115769028663635,1.4496116638183594,0.23209989070892334,0.23209989070892334,0.0,0.2561228275299072,0.0007615146460011601,5.354745230264235e-05,0.34229543805122375,0.20518647134304047,1.0,48
9636,0.23653295636177063,0.5020151734352112,0.2775520086288452,7.346916198730469,0.4780595600605011,0.00244140625,0.009158485569059849,3.7513155937194824,0.19939880073070526,6.302371501922607,652.1694946289062,0.01712392456829548,0.2009548544883728,4.587162971496582,37.20000076293945,1.5530949831008911,0.020489627495408058,11.472896575927734,0.00044397381134331226,2.0833334922790527,13.942442893981934,0.1494238496529225,1.1458333730697632,0.08218311388906713,0.3230865001678467,1.0789514780044556,0.23605184257030487,0.2470337599515915,0.0625,0.14935316145420074,0.0008063778514042497,5.783619534665261e-05,0.33668816089630127,0.25818800926208496,1.0,48
10003,0.2449118196964264,0.39251992106437683,0.26624149084091187,5.446046352386475,0.5937643647193909,0.00244140625,0.0070768194273114204,2.898665189743042,0.14696143567562103,4.055238723754883,499.7110290527344,0.01712392456829548,0.20763039588928223,4.801638603210449,31.599998474121094,1.3426786661148071,0.02030307799577713,11.465753555297852,0.0004934926982969046,3.2916667461395264,12.592796325683594,0.2613928359034991,1.8333333730697632,0.14558588292853872,0.3116268515586853,0.8836085200309753,0.20964694023132324,0.20964694023132324,0.0,0.1720879077911377,0.0008458603988401592,6.717018018017854e-05,0.31946301460266113,0.09799870103597641,1.0,48
10071,0.25575554370880127,0.3814149796962738,0.24337048828601837,7.691462516784668,0.5035970211029053,0.0029296875,0.009272378869354725,3.1649720668792725,0.17606373131275177,4.6711297035217285,428.4468994140625,0.020013848319649696,0.23140348494052887,5.092754364013672,40.0,1.256945013999939,0.018899399787187576,11.467588424682617,0.00048284479998983443,3.1041667461395264,12.567347526550293,0.24700253869096173,1.7083333730697632,0.13593428271966898,0.29977181553840637,0.9236013293266296,0.20376798510551453,0.20376798510551453,0.0,0.2042902261018753,0.0006346112350001931,5.049683182187165e-05,0.275095671415329,0.29830631613731384,1.0,48
10277,0.37450408935546875,0.5573038458824158,0.23103687167167664,8.484386444091797,0.5327615141868591,0.0087890625,0.030640868470072746,3.4862499237060547,0.3372803330421448,6.107785224914551,147.94293212890625,0.05035991966724396,0.3745741844177246,6.00958776473999,42.0,1.287022352218628,0.019875463098287582,11.465789794921875,0.0005014616763219237,1.5,14.104736328125,0.10634725556304876,0.6875,0.048742492133064017,0.34119969606399536,0.7982489466667175,0.2456165999174118,0.2456165999174118,0.0,0.14774173498153687,0.000557580147869885,3.9531412321600783e-05,0.36821576952934265,0.5268247723579407,1.0,48
10490,0.16147199273109436,0.3235662877559662,0.31382283568382263,4.925943851470947,0.6630100011825562,0.00439453125,0.024176623672246933,5.501524925231934,0.3836823105812073,7.963168144226074,301.8601379394531,0.02823571488261223,0.28047817945480347,4.573818206787109,34.0,1.5923678874969482,0.04038288816809654,11.4638032913208,0.0005339207709766924,2.7083334922790527,13.904706954956055,0.1947781782891828,1.3125,0.09439249624662248,0.37051960825920105,0.8135267496109009,0.22662439942359924,0.22662439942359924,0.0,0.12686988711357117,0.0007654043729417026,5.504642240003665e-05,0.2964126765727997,0.1658993363380432,1.0,48
10550,0.3102779686450958,0.47570982575416565,0.2646266520023346,5.944431304931641,0.6280373930931091,0.00390625,0.011326950043439865,2.8996992111206055,0.18366500735282898,3.8616719245910645,282.5405578613281,0.02555946074426174,0.27074578404426575,5.251768589019775,32.0,1.358441710472107,0.019388891756534576,11.46760368347168,0.0004518302739597857,2.2291667461395264,13.074946403503418,0.17049146326422485,1.2291667461395264,0.09400931424621972,0.3088056445121765,1.3708374500274658,0.24237632751464844,0.26863574981689453,0.1041666716337204,0.20488440990447998,0.0007531681330874562,5.7603917390407534e-05,0.2751937210559845,0.3708484172821045,1.0,48
10580,0.25166067481040955,0.3595757782459259,0.2157001793384552,5.7577619552612305,0.6440171003341675,0.00341796875,0.009814087301492691,2.871321439743042,0.17258739471435547,3.987248420715332,354.8974304199219,0.02282176911830902,0.2513168454170227,4.995142936706543,30.14285659790039,1.149796724319458,0.01643434725701809,11.46826457977295,0.000449236948043108,3.0833334922790527,14.40247917175293,0.21408352363289299,1.5208333730697632,0.10559524883719791,0.3138341009616852,1.0637283325195312,0.2816026210784912,0.32262372970581055,0.0833333358168602,0.21337921917438507,0.0007989577716216445,5.547362794551896e-05,0.3238917291164398,0.2922368347644806,1.0,48
10591,0.15645496547222137,0.20506832003593445,0.25135084986686707,4.591481685638428,0.795421838760376,0.00390625,0.010319359600543976,2.641756057739258,0.16638705134391785,3.1901371479034424,270.0093994140625,0.02555946074426174,0.2714857757091522,5.130526065826416,30.75,1.2276257276535034,0.017595656216144562,11.467818260192871,0.0004379194579087198,3.6875,13.468137741088867,0.2737943484207291,1.8333333730697632,0.1361237467979968,0.309422105550766,1.1983041763305664,0.21898004412651062,0.23966729640960693,0.125,0.19694457948207855,0.000768145255278796,5.703425889126306e-05,0.3128880560398102,0.1534576416015625,1.0,48
10711,0.20806796848773956,0.30243560671806335,0.2657695412635803,5.081399440765381,0.6714798808097839,0.00244140625,0.00749031500890851,3.06803297996521,0.1560005098581314,4.397107124328613,509.049072265625,0.01712392456829548,0.2072029709815979,4.7499260902404785,32.20000076293945,1.3210564851760864,0.01860189251601696,11.464234352111816,0.0004575566272251308,3.2708334922790527,14.290922164916992,0.22887490759833004,1.4166667461395264,0.09913053397113997,0.3106147050857544,0.9889400005340576,0.19972646236419678,0.20690332353115082,0.0416666679084301,0.20899853110313416,0.0009103042539209127,6.36980764977261e-05,0.31935274600982666,0.22798039019107819,1.0,48
10718,0.21272556483745575,0.2950003445148468,0.24675914645195007,6.950113773345947,0.5544290542602539,0.00341796875,0.013731110841035843,4.017330646514893,0.2568680942058563,6.537266254425049,473.8504943847656,0.02282176911830902,0.24229508638381958,5.179802417755127,34.0,1.406168818473816,0.02176092565059662,11.472480773925781,0.00045259861508384347,2.4791667461395264,13.48435115814209,0.183855101014928,1.1875,0.08806504556226392,0.30413997173309326,1.2320692539215088,0.22908852994441986,0.23832082748413086,0.0625,0.19474095106124878,0.0006698322249576449,4.9674783503130626e-05,0.27436524629592896,0.5382131934165955,1.0,48
10784,0.17021380364894867,0.31481537222862244,0.4456048011779785,4.029008388519287,0.5756396055221558,0.0068359375,0.03930605202913284,5.749913692474365,0.5272600650787354,12.744607925415039,292.1818542480469,0.04089350998401642,0.33190682530403137,5.49904727935791,28.428571701049805,2.2139508724212646,0.04597695544362068,11.463706970214844,0.0005335471360012889,4.75,18.379627227783203,0.2584383207857106,2.7083334922790527,0.14735519155206267,0.4936123788356781,1.0706651210784912,0.267581582069397,0.267581582069397,0.0,0.16919440031051636,0.0013778157299384475,7.496429128366958e-05,0.4184954762458801,0.7175466418266296,1.0,48
10859,0.3160346448421478,0.4191228747367859,0.2393368035554886,6.5247883796691895,0.5747714042663574,0.00732421875,0.025594083592295647,3.494445562362671,0.30843111872673035,5.515410900115967,169.80467224121094,0.0433073565363884,0.3505991995334625,5.798364162445068,34.13333511352539,1.2429227828979492,0.01703765243291855,11.465550422668457,0.00043713327613659203,3.7083334922790527,15.27154541015625,0.2428263407699776,2.25,0.14733282965785,0.3547516465187073,1.2938799858093262,0.2468460202217102,0.2468460202217102,0.0,0.18298909068107605,0.001021043281070888,6.685919813480417e-05,0.33246752619743347,0.32020509243011475,1.0,48
10884,0.2605392634868622,0.40476152300834656,0.2683437168598175,7.37738037109375,0.42410826683044434,0.00390625,0.014040625654160976,3.59440016746521,0.23030215501785278,5.178386211395264,307.0936584472656,0.02555946074426174,0.2692216634750366,5.081189155578613,30.75,1.3686572313308716,0.019945364445447922,11.468937873840332,0.0004620988038368523,2.0833334922790527,13.38538932800293,0.15564235299186907,1.0208333730697632,0.07626475011611947,0.305494487285614,1.1572439670562744,0.26025450229644775,0.27517151832580566,0.1041666716337204,0.14882640540599823,0.0007770973606966436,5.805564119755255e-05,0.29627156257629395,0.16931438446044922,1.0,48
10995,0.268033504486084,0.8264541625976562,0.27643918991088867,4.751968860626221,0.7441191673278809,0.00341796875,0.00837449636310339,2.4501383304595947,0.14590288698673248,3.509728193283081,343.36956787109375,0.02282176911830902,0.2527415454387665,4.987358570098877,27.14285659790039,1.477575659751892,0.026321010664105415,11.463991165161133,0.0005845944979228079,1.4583333730697632,13.47531795501709,0.10822255748292568,0.5,0.037104875840261176,0.3033854365348816,1.2406501770019531,0.20296534895896912,0.20296534895896912,0.0,0.14362595975399017,0.0006330962642095983,4.698191655686066e-05,0.41993579268455505,0.11698490381240845,1.0,48
11101,0.21277907490730286,0.29928961396217346,0.27165931463241577,5.061064720153809,0.6575747728347778,0.0048828125,0.013662291690707207,2.79803729057312,0.20021933317184448,4.3622612953186035,250.6381072998047,0.03085736557841301,0.29871946573257446,5.464824676513672,34.20000076293945,1.3818062543869019,0.05958184227347374,11.466005325317383,0.0011078633833676577,1.9166667461395264,13.640024185180664,0.14051784063672915,0.9791666865348816,0.07178628663143015,0.31813687086105347,1.2131633758544922,0.22312116622924805,0.22312116622924805,0.0,0.2697223126888275,0.0005739425541833043,4.207782522747221e-05,0.4908638596534729,0.3833617866039276,1.0,48
11120,0.19525040686130524,0.2510664761066437,0.24668864905834198,4.866786003112793,0.7384297847747803,0.00244140625,0.00990609172731638,4.057535171508789,0.211502343416214,6.4178595542907715,593.8318481445312,0.01712392456829548,0.20382843911647797,4.918880462646484,34.400001525878906,1.3058087825775146,0.019826244562864304,11.467750549316406,0.0004603854613378644,2.4583334922790527,13.675235748291016,0.17976534633332483,1.1666667461395264,0.08531236804690552,0.2923170030117035,1.1597933769226074,0.2081458419561386,0.2245565950870514,0.1041666716337204,0.1809253990650177,0.0006484121549874544,4.741506226642823e-05,0.42391425371170044,0.1466844230890274,1.0,48
11253,0.18720638751983643,0.30985698103904724,0.27941498160362244,5.624334335327148,0.5927048325538635,0.00390625,0.012546855956315994,3.2119951248168945,0.21545091271400452,5.781468391418457,420.1106262207031,0.02555946074426174,0.2633116841316223,5.11155366897583,28.875,1.5382635593414307,0.024174366146326065,11.471604347229004,0.00045223848428577185,2.2916667461395264,14.685014724731445,0.15605478016440244,1.2916667461395264,0.08795815118146341,0.3177931010723114,1.401868224143982,0.2858385443687439,0.33059027791023254,0.1458333432674408,0.24068251252174377,0.000891111500095576,6.0681689204438675e-05,0.3578724265098572,0.1900189071893692,1.0,48
11342,0.23895084857940674,0.35472366213798523,0.2661418914794922,6.532358646392822,0.5028602480888367,0.00341796875,0.013354829512536526,3.9072415828704834,0.25920557975769043,7.247463703155518,604.0162963867188,0.02282176911830902,0.23799791932106018,5.311642646789551,38.71428680419922,1.331758975982666,0.02904174104332924,11.462297439575195,0.0005881962715648115,2.0625,13.715606689453125,0.15037614049418876,1.125,0.0820233493604666,0.304043173789978,1.1943012475967407,0.20422351360321045,0.21024595201015472,0.0416666679084301,0.1671900600194931,0.0007141315145418048,5.2067074405850304e-05,0.4249958395957947,0.27376970648765564,1.0,48
11655,0.2838916778564453,0.4506406784057617,0.2366447001695633,6.697537422180176,0.6215454339981079,0.00341796875,0.011130786500871181,3.2565500736236572,0.19882923364639282,5.03341007232666,396.5066223144531,0.02282176911830902,0.24925781786441803,5.394054412841797,44.85714340209961,1.196406602859497,0.018237652257084846,11.467531204223633,0.0004659903352148831,2.4583334922790527,14.22694206237793,0.1727942294115323,1.3541667461395264,0.09518326139590355,0.30359014868736267,0.9662865400314331,0.21615293622016907,0.2343263477087021,0.1041666716337204,0.21106302738189697,0.000657338066957891,4.620374945042717e-05,0.31443414092063904,0.21905501186847687,1.0,48
11821,0.24476900696754456,0.36928591132164,0.3516750633716583,9.2841796875,0.3654259741306305,0.00244140625,0.006863744929432869,2.811389923095703,0.14652137458324432,4.678749084472656,634.6407470703125,0.01712392456829548,0.20441174507141113,4.876930236816406,33.599998474121094,1.7865676879882812,0.02585700713098049,11.469584465026855,0.0004535569460131228,3.9791667461395264,15.966087341308594,0.24922616659825492,2.2291667461395264,0.1396188494457173,0.3932121694087982,1.1865417957305908,0.3419697880744934,0.3566215932369232,0.0833333358168602,0.1782255619764328,0.0007858879398554564,4.922232495433794e-05,0.3220021724700928,0.09518349170684814,1.0,48
12003,0.2336953729391098,0.44225752353668213,0.2891281545162201,5.8664469718933105,0.6217654943466187,0.00244140625,0.010496057569980621,4.299185276031494,0.2306952029466629,6.273625373840332,604.057861328125,0.01712392456829548,0.1983717679977417,4.688723564147949,34.0,1.4440605640411377,0.027892479673027992,11.465988159179688,0.0004978767246939242,1.625,13.488348007202148,0.12047435296950984,0.6875,0.05096991856402339,0.3203608989715576,0.971629798412323,0.20130020380020142,0.21520772576332092,0.0833333358168602,0.23894120752811432,0.0006628466071560979,4.914216376317893e-05,0.33449631929397583,0.22060079872608185,1.0,48
12018,0.339598685503006,0.4960724115371704,0.28511252999305725,10.86750316619873,0.3409457802772522,0.00244140625,0.014121163636446,5.78402853012085,0.3423827290534973,11.525766372680664,874.4981079101562,0.01712392456829548,0.18277008831501007,4.972053527832031,41.20000076293945,1.4266096353530884,0.02123447135090828,11.465740203857422,0.0004494296736083925,3.1041667461395264,13.616320610046387,0.22797397569865324,1.7916667461395264,0.13158229716637082,0.35144147276878357,1.2842843532562256,0.23411327600479126,0.23970773816108704,0.02083333395421505,0.15549977123737335,0.0006138901226222515,4.5084875698245726e-05,0.3091755509376526,0.5579513907432556,1.0,48
12035,0.2503296434879303,0.341828852891922,0.2637088894844055,9.17345905303955,0.3801094889640808,0.00244140625,0.007924813777208328,3.2460036277770996,0.16223536431789398,3.858081817626953,441.63336181640625,0.01712392456829548,0.20939193665981293,4.586205005645752,30.0,1.3307381868362427,0.019999496638774872,11.46766185760498,0.000472645100671798,2.375,13.113622665405273,0.18110937448690936,1.25,0.09532072341416283,0.3217753469944,1.1974718570709229,0.24880175292491913,0.24880175292491913,0.0,0.13857810199260712,0.0006191513384692371,4.7214362788587887e-05,0.31595349311828613,0.1826309710741043,1.0,48
12224,0.1815803050994873,0.23449257016181946,0.261471152305603,5.555265426635742,0.5985013246536255,0.00341796875,0.009211398661136627,2.6949920654296875,0.16221821308135986,4.1599016189575195,374.9973449707031,0.02282176911830902,0.2513872981071472,5.030675411224365,35.28571319580078,1.3495182991027832,0.01977665349841118,11.46540641784668,0.000468613114207983,2.3125,13.341899871826172,0.17332613949157266,1.125,0.08432082461752183,0.3056372404098511,0.9774559736251831,0.22546586394309998,0.22546586394309998,0.0,0.19390639662742615,0.0006665114196948707,4.995626002281483e-05,0.43562379479408264,0.08816801756620407,1.0,48
12376,0.20023980736732483,0.30482906103134155,0.2813281714916229,5.903871536254883,0.5574030876159668,0.00244140625,0.007125296629965305,2.9185214042663574,0.14539259672164917,3.3850321769714355,431.1961975097656,0.01712392456829548,0.2098250389099121,4.835628986358643,30.799999237060547,1.4186787605285645,0.022433608770370483,11.469221115112305,0.0004645153530873358,2.5,14.287641525268555,0.17497639437753498,1.1875,0.08311378732932911,0.3263702094554901,1.1682343482971191,0.23745332658290863,0.2395036220550537,0.0416666679084301,0.22495444118976593,0.0009233733871951699,6.462741838223294e-05,0.3926660716533661,0.25761541724205017,1.0,48
12480,0.3578852117061615,0.6011960506439209,0.22359615564346313,8.244699478149414,0.5883435606956482,0.00830078125,0.02741633914411068,3.3028624057769775,0.31707221269607544,6.8111138343811035,192.7366485595703,0.04803864285349846,0.36469683051109314,6.121864318847656,42.70588302612305,1.186862826347351,0.01967252790927887,11.45473861694336,0.0005222383188083768,2.1458334922790527,14.021059036254883,0.15304360998695166,1.4583333730697632,0.1040102155093123,0.33821380138397217,1.185072660446167,0.3443330228328705,0.3681935667991638,0.0833333358168602,0.1734115183353424,0.0005767366383224726,4.113360028082349e-05,0.2600821852684021,0.40314850211143494,1.0,48
12555,0.17903666198253632,0.21846263110637665,0.1640992909669876,7.320590972900391,0.6926594972610474,0.00244140625,0.005769102834165096,2.3630244731903076,0.1175699234008789,2.835833787918091,431.72760009765625,0.01712392456829548,0.21006226539611816,4.720361709594727,30.799999237060547,0.8381282091140747,0.01198065560311079,11.461725234985352,0.00048031320329755545,3.1666667461395264,10.843409538269043,0.29203607334420273,1.0625,0.09798578530768573,0.23033007979393005,1.1736271381378174,0.1849408596754074,0.1849408596754074,0.0,0.12183877825737,0.0004595764330588281,4.238301901381114e-05,0.24133598804473877,0.05907987058162689,1.0,48
12709,0.22061149775981903,0.2993691563606262,0.20239904522895813,6.47606897354126,0.6384986639022827,0.00439453125,0.020055066794157028,4.5636420249938965,0.32436403632164,8.36032772064209,367.1559753417969,0.02823571488261223,0.27863648533821106,5.496224403381348,41.66666793823242,1.0679351091384888,0.014454553835093975,11.470138549804688,0.00044463560334406793,1.9583333730697632,11.408294677734375,0.17165872960621054,1.0208333730697632,0.0894816798664319,0.2539684772491455,0.9448994398117065,0.18627718091011047,0.18627718091011047,0.0,0.13771481812000275,0.0005325403762981296,4.668010345759127e-05,0.2163531631231308,0.384866327047348,1.0,48
12841,0.20707054436206818,0.3532806932926178,0.284325510263443,4.618035793304443,0.6980903148651123,0.00244140625,0.010848335921764374,4.443478584289551,0.24015088379383087,8.305021286010742,787.0679931640625,0.01712392456829548,0.1997297704219818,5.022827625274658,41.79999923706055,1.429518461227417,0.032743338495492935,11.46389389038086,0.0005058014066889882,3.4375,14.196249008178711,0.24214142733042937,1.4791667461395264,0.1041941955403438,0.3260584771633148,1.2038390636444092,0.2357516884803772,0.2561579942703247,0.0625,0.22845609486103058,0.0008208674844354391,5.782284344155236e-05,0.3712425231933594,0.07228958606719971,1.0,48
12920,0.26075804233551025,0.3151457905769348,0.2031032294034958,6.604487895965576,0.6409227252006531,0.0029296875,0.007919767871499062,2.7032806873321533,0.14788243174552917,3.4166934490203857,369.6534729003906,0.020013848319649696,0.23344922065734863,5.088019371032715,34.33333206176758,1.084229826927185,0.04210352152585983,11.464624404907227,0.0008099012775346637,1.7291667461395264,12.947783470153809,0.1335492479303481,0.8541666865348816,0.06597010892591283,0.26155203580856323,1.3270426988601685,0.22733712196350098,0.22733712196350098,0.0,0.2360539734363556,0.0005838646902702749,4.509379471515066e-05,0.289958655834198,0.1662263423204422,1.0,48
12971,0.346811980009079,0.5120029449462891,0.18264614045619965,8.830890655517578,0.6343817710876465,0.02099609375,0.08139213919639587,3.876537322998047,0.604388952255249,8.105704307556152,77.06086730957031,0.10189082473516464,0.4823039174079895,6.465818405151367,33.627906799316406,0.9208695888519287,0.01644049771130085,11.46578598022461,0.0005817109486088157,2.5,12.83795166015625,0.19473511540097366,1.2291667461395264,0.09574477126260798,0.25778624415397644,2.0901761054992676,0.24240688979625702,0.2835007607936859,0.1875,0.21877725422382355,0.0007443114882335067,5.797743342216895e-05,0.3064675033092499,1.4205776453018188,1.0,48
13140,0.200903058052063,0.2764803469181061,0.3258036673069,6.566611289978027,0.48756688833236694,0.00341796875,0.011787516064941883,3.448690414428711,0.21562306582927704,6.077680587768555,472.0283203125,0.02282176911830902,0.2462598979473114,5.099277973175049,33.42856979370117,1.6575671434402466,0.029873076826334,11.46513557434082,0.0005438445950858295,2.4791667461395264,15.105552673339844,0.164122875747131,1.0416667461395264,0.06895919454098474,0.3449440002441406,0.8634656667709351,0.23042933642864227,0.23068372905254364,0.02083333395421505,0.24875159561634064,0.0005763799417763948,3.81568257619659e-05,0.5042414665222168,0.22505229711532593,1.0,48
13199,0.23953990638256073,0.3202386498451233,0.28952130675315857,5.153238773345947,0.6161779761314392,0.0048828125,0.015237565152347088,3.1206533908843994,0.22869856655597687,5.9171857833862305,324.3075866699219,0.03085736557841301,0.2961284816265106,5.223393440246582,31.099998474121094,1.4555628299713135,0.04819886013865471,11.462099075317383,0.0008554015075787902,2.7708334922790527,14.691329956054688,0.1886033122039496,1.4375,0.09784682553052998,0.32735368609428406,1.0474975109100342,0.2624146342277527,0.2682894170284271,0.0416666679084301,0.146507129073143,0.0010314576793462038,7.020859797781798e-05,0.3903799057006836,0.19655440747737885,1.0,48
13493,0.285527765750885,0.36456286907196045,0.28798162937164307,6.157378196716309,0.5327736735343933,0.0029296875,0.011295441538095474,3.855510711669922,0.2135009765625,5.063228130340576,393.5420837402344,0.020013848319649696,0.23162713646888733,4.631625652313232,24.33333396911621,1.4343923330307007,0.0406075045466423,11.462671279907227,0.0007190332980826497,3.3541667461395264,14.587753295898438,0.22993031728767285,1.8541667461395264,0.12710433932206747,0.36049240827560425,1.022911548614502,0.3035799264907837,0.3086905777454376,0.0416666679084301,0.18167850375175476,0.0006666801637038589,4.5701359882079454e-05,0.3017697036266327,0.38835999369621277,1.0,48
13721,0.281379759311676,0.42659151554107666,0.27992311120033264,9.428359985351562,0.4522375166416168,0.00390625,0.014806896448135376,3.7905654907226562,0.25892430543899536,7.055691719055176,452.47760009765625,0.02555946074426174,0.260579913854599,5.181899547576904,32.125,1.4817464351654053,0.022140685468912125,11.469594955444336,0.0004680579877458513,2.8958334922790527,14.317069053649902,0.20226440756868203,1.7916667461395264,0.12514200624263597,0.33946919441223145,1.452684760093689,0.2518003582954407,0.25805363059043884,0.0625,0.20814180374145508,0.0005475225625559688,3.82426431081549e-05,0.3456595838069916,0.3197903335094452,1.0,48
13725,0.3177877366542816,0.6168646216392517,0.3285817503929138,4.747119903564453,0.5711584091186523,0.009765625,0.03736472129821777,3.8261475563049316,0.39369523525238037,6.246424674987793,131.3103485107422,0.05492175742983818,0.38664373755455017,5.809945106506348,35.400001525878906,1.8060479164123535,0.0541754886507988,11.463062286376953,0.0006169088883325458,3.1041667461395264,13.584917068481445,0.22850097120258,1.9375,0.14262140790458017,0.37202414870262146,1.2401262521743774,0.3083367943763733,0.3083367943763733,0.0,0.17178401350975037,0.0008642248576506972,6.361649855188533e-05,0.24698998034000397,0.7136383056640625,1.0,48
14109,0.1973833590745926,0.26518526673316956,0.31892505288124084,5.712048053741455,0.538516640663147,0.00341796875,0.01098127756267786,3.212808132171631,0.19012711942195892,3.866015672683716,318.92681884765625,0.02282176911830902,0.2534162700176239,4.301100730895996,28.85714340209961,1.6029356718063354,0.02811436541378498,11.463640213012695,0.00048783846432343125,5.833333492279053,14.73811149597168,0.39579925080058365,2.375,0.16114683343504915,0.4045538604259491,1.0875699520111084,0.228668212890625,0.232561394572258,0.02083333395421505,0.21469394862651825,0.0009044308098964393,6.136680466354026e-05,0.3408105969429016,0.1330471634864807,1.0,48
14129,0.2354428768157959,0.396557092666626,0.33153387904167175,7.247878551483154,0.5473483204841614,0.00341796875,0.009108688682317734,2.6649420261383057,0.15737950801849365,3.3501901626586914,314.69281005859375,0.02282176911830902,0.25369492173194885,5.109922885894775,36.71428680419922,1.9886606931686401,0.03151069954037666,11.477909088134766,0.0004804654745385051,4.020833492279053,15.870325088500977,0.253355458525474,2.0625,0.1299595305829502,0.3772515654563904,1.065415620803833,0.2963609993457794,0.2968375086784363,0.0625,0.1909618079662323,0.000854591082315892,5.384836649607209e-05,0.33916208148002625,0.2972794771194458,1.0,48
14149,0.19938628375530243,0.2622852623462677,0.2742321193218231,4.194918155670166,0.791903018951416,0.00341796875,0.009378960356116295,2.74401593208313,0.16404829919338226,3.6264586448669434,342.69140625,0.02282176911830902,0.25205883383750916,5.253019332885742,34.28571319580078,1.5385867357254028,0.02257312834262848,11.472591400146484,0.00046199726057238877,3.5833334922790527,15.140841484069824,0.23666673306648958,2.3541667461395264,0.15548453809925802,0.3668464422225952,1.1569596529006958,0.20470449328422546,0.20470449328422546,0.0,0.1679510772228241,0.0009453509701415896,6.243714858991508e-05,0.31485432386398315,0.18589848279953003,1.0,48
14187,0.18042133748531342,0.3006555140018463,0.2775440514087677,5.373398780822754,0.6097065210342407,0.00341796875,0.010851586237549782,3.1748640537261963,0.19317851960659027,4.771783828735352,396.3769836425781,0.02282176911830902,0.24991261959075928,5.208710193634033,34.14285659790039,1.4125607013702393,0.02126472070813179,11.467378616333008,0.00047403809730894864,2.1666667461395264,13.507272720336914,0.16040741824019442,1.1666667461395264,0.08637322792181645,0.31816545128822327,1.0914256572723389,0.24256816506385803,0.24265450239181519,0.02083333395421505,0.1288948655128479,0.000708414358086884,5.244688341087593e-05,0.37835511565208435,0.30893898010253906,1.0,48
14310,0.21526990830898285,0.3012140095233917,0.23624007403850555,5.470813274383545,0.7183674573898315,0.00732421875,0.029596615582704544,4.040924549102783,0.39740487933158875,10.732437133789062,362.11529541015625,0.0433073565363884,0.3371371924877167,5.694016933441162,32.20000076293945,1.245499849319458,0.039159294217824936,11.46419620513916,0.0008163296733982861,1.7291667461395264,13.167884826660156,0.1313169706136422,0.8125,0.061703152030761446,0.27834123373031616,1.52399480342865,0.20160579681396484,0.20213088393211365,0.0416666679084301,0.2611936330795288,0.000910877191927284,6.91741462828828e-05,0.4783889353275299,0.4545157253742218,1.0,48
14523,0.2895199954509735,0.502724289894104,0.26630404591560364,6.606471538543701,0.6429096460342407,0.00732421875,0.027113759890198708,3.701931953430176,0.3418203294277191,7.765694618225098,240.97523498535156,0.0433073565363884,0.3449462056159973,5.690975189208984,34.33333206176758,1.4031540155410767,0.04320816323161125,11.437114715576172,0.0008258242160081863,1.8541667461395264,16.851879119873047,0.11002729914272145,0.8125,0.048214207670152026,0.37176427245140076,1.333688497543335,0.2726685404777527,0.2726685404777527,0.0,0.18704821169376373,0.001230996334925294,7.304801591788818e-05,0.5481100678443909,0.6716229319572449,1.0,48
14692,0.18121084570884705,0.23401203751564026,0.2753048241138458,5.698430061340332,0.6004922389984131,0.00390625,0.010604709386825562,2.7148056030273438,0.17167633771896362,3.4791295528411865,278.0254821777344,0.02555946074426174,0.27094438672065735,5.332671165466309,34.125,1.4137002229690552,0.03286316245794296,11.463338851928711,0.0005840876256115735,2.1875,13.884366989135742,0.15755129493020206,1.0416667461395264,0.07502443188114855,0.32279399037361145,1.0279120206832886,0.21443724632263184,0.21443724632263184,0.0,0.11995263397693634,0.0008981737773865461,6.468957334838921e-05,0.2936011254787445,0.3025096654891968,1.0,48
14776,0.23313342034816742,0.3612189292907715,0.25881990790367126,5.962528705596924,0.5984839200973511,0.0029296875,0.008161862380802631,2.7859156131744385,0.15958023071289062,4.931175231933594,558.88720703125,0.020013848319649696,0.22808031737804413,5.108526706695557,36.33333206176758,1.387700080871582,0.025633303448557854,11.469413757324219,0.0005343544762581587,2.3541667461395264,13.268272399902344,0.17742827953868134,1.2708333730697632,0.0957798674770438,0.3089623749256134,1.4277760982513428,0.2180791199207306,0.22408857941627502,0.0416666679084301,0.12775275111198425,0.0007035463931970298,5.3024717270046464e-05,0.31428223848342896,0.24960947036743164,1.0,48
15028,0.20655761659145355,0.26373106241226196,0.26768237352371216,6.257236480712891,0.5454039573669434,0.00244140625,0.007067424710839987,2.8948171138763428,0.14522045850753784,3.7021689414978027,459.0204162597656,0.01712392456829548,0.2089747041463852,4.884016990661621,33.0,1.4031859636306763,0.019340883940458298,11.467137336730957,0.0004510949947871268,2.2916667461395264,13.723928451538086,0.166983291450551,1.0416667461395264,0.07590149927251831,0.3149639964103699,1.218644618988037,0.2306450605392456,0.2306450605392456,0.0,0.18187333643436432,0.0007751958328299224,5.648498059447358e-05,0.3405136168003082,0.19461381435394287,1.0,48
15233,0.328918993473053,0.6157980561256409,0.2619563043117523,7.007108211517334,0.4829719066619873,0.00244140625,0.01083348412066698,4.437395095825195,0.2361820489168167,7.424925327301025,646.549072265625,0.01712392456829548,0.20047904551029205,4.756065368652344,30.399999618530273,1.3305273056030273,0.01827908866107464,11.467105865478516,0.00045473696081899107,3.6875,15.620399475097656,0.23606950664213094,2.0208334922790527,0.1293714347195147,0.33113259077072144,1.4255704879760742,0.23291002213954926,0.2514628767967224,0.0833333358168602,0.21079593896865845,0.0009493292309343815,6.077496493223946e-05,0.4196721017360687,0.19130252301692963,1.0,48
15328,0.32288771867752075,0.4363657236099243,0.24358166754245758,9.908961296081543,0.3958247900009155,0.0029296875,0.010066165588796139,3.435917854309082,0.1974591165781021,5.957786560058594,545.2222290039062,0.020013848319649696,0.22731922566890717,4.700619220733643,32.66666793823242,1.3826594352722168,0.018281031399965286,11.470595359802246,0.00043799937702715397,4.395833492279053,13.43427848815918,0.32721024004983873,1.9375,0.1442206219162037,0.3323558568954468,1.336692214012146,0.24089670181274414,0.25107330083847046,0.0625,0.1574685126543045,0.0006689485162496567,4.97941527966179e-05,0.25856345891952515,0.0,1.0,48
15386,0.27086564898490906,0.9732887744903564,0.30652177333831787,3.8577356338500977,0.7764678001403809,0.01904296875,0.04611673206090927,2.421719789505005,0.336099773645401,3.922041416168213,55.90692138671875,0.09429078549146652,0.47870147228240967,6.521868705749512,34.92307662963867,2.1560871601104736,0.03652800992131233,11.476778030395508,0.0005043407436460257,5.8541669845581055,13.64712905883789,0.4289669244739261,2.1666667461395264,0.1587635564381767,0.3841986656188965,1.671515703201294,0.2451150119304657,0.30805182456970215,0.1458333432674408,0.25119665265083313,0.0007777916034683585,5.69930568946096e-05,0.2850028872489929,0.8258683085441589,1.0,48
15408,0.20005257427692413,0.26703205704689026,0.27930304408073425,5.003575325012207,0.6535377502441406,0.0029296875,0.007296302821487188,2.490471363067627,0.13622821867465973,3.0316693782806396,370.4067687988281,0.020013848319649696,0.2334832400083542,5.075991630554199,35.0,1.4089982509613037,0.05561770498752594,11.456966400146484,0.0010462856153026223,2.3541667461395264,13.919973373413086,0.16912149767073045,1.4583333730697632,0.1047655288484603,0.3212224245071411,1.031970739364624,0.2568051815032959,0.2568051815032959,0.0,0.2006104737520218,0.0008054333156906068,5.78616994088763e-05,0.32914406061172485,0.14044559001922607,1.0,48
15606,0.24752981960773468,0.3410308361053467,0.24889887869358063,6.6470489501953125,0.54744952917099,0.00537109375,0.01738661900162697,3.237072229385376,0.25010764598846436,5.851550102233887,285.6555480957031,0.03342986851930618,0.30758076906204224,4.877248764038086,23.545454025268555,1.2724615335464478,0.019604722037911415,11.467745780944824,0.0004482177901081741,4.8125,15.264963150024414,0.3152644359210037,2.8541667461395264,0.186975016986216,0.35512256622314453,1.4126715660095215,0.18474283814430237,0.18474283814430237,0.0,0.12061134725809097,0.0006598117761313915,4.322393504750104e-05,0.4215320348739624,0.4938637912273407,1.0,48
15639,0.16878440976142883,0.2240108698606491,0.20240871608257294,5.476119518280029,0.8176116347312927,0.0048828125,0.014615297317504883,2.993212938308716,0.21168303489685059,3.710139751434326,220.884765625,0.03085736557841301,0.30005407333374023,5.673176288604736,39.5,0.9705871343612671,0.013277067802846432,11.466255187988281,0.00046327264863066375,2.8541667461395264,12.075979232788086,0.23635074959606836,1.5416667461395264,0.1276639115672733,0.2821875512599945,1.3141206502914429,0.20418131351470947,0.20483824610710144,0.02083333395421505,0.23714183270931244,0.0006418648990802467,5.315220291253612e-05,0.2676883637905121,0.35092219710350037,1.0,48
15683,0.2047664225101471,0.3174284100532532,0.3465100824832916,5.997961044311523,0.4776689410209656,0.00439453125,0.027629295364022255,6.2871994972229,0.41903093457221985,7.662806510925293,235.43438720703125,0.02823571488261223,0.28719833493232727,4.279699325561523,26.33333396911621,1.7440130710601807,0.02818640135228634,11.466958045959473,0.00048062438145279884,3.75,18.171611785888672,0.20636584371940178,2.2291667461395264,0.12267303369555117,0.4510646462440491,0.9639002680778503,0.30790650844573975,0.31508690118789673,0.0416666679084301,0.22809994220733643,0.0006985213840380311,3.8440254606147354e-05,0.42163705825805664,0.8057404160499573,1.0,48
15684,0.2685169279575348,0.39528754353523254,0.3004326820373535,8.195449829101562,0.42380934953689575,0.0068359375,0.028359655290842056,4.1486124992370605,0.3672892451286316,7.854597091674805,232.49822998046875,0.04089350998401642,0.3364795744419098,5.226017951965332,27.5,1.5052382946014404,0.02280271425843239,11.463767051696777,0.0004907934926450253,2.875,15.561609268188477,0.18474952998785726,1.2708333730697632,0.08166464986696417,0.3616878390312195,1.4155728816986084,0.24456310272216797,0.25290197134017944,0.0416666679084301,0.13870085775852203,0.0007999817607924342,5.1407392801829804e-05,0.3671797215938568,0.3574589788913727,1.0,48
15698,0.27347779273986816,0.4323955774307251,0.3010394871234894,6.388150215148926,0.4931788444519043,0.00244140625,0.00723071675747633,2.9617016315460205,0.15200506150722504,4.409739971160889,543.9913940429688,0.01712392456829548,0.20602551102638245,4.933810234069824,35.79999923706055,1.6305149793624878,0.0219441968947649,11.4746675491333,0.00043955433648079634,2.7916667461395264,13.69330883026123,0.20387086705672147,1.6041667461395264,0.11714967980733305,0.33519279956817627,1.3962148427963257,0.233290433883667,0.233290433883667,0.0,0.15037153661251068,0.0006436652038246393,4.700581950887773e-05,0.3072988986968994,0.18431828916072845,1.0,48
15837,0.38613685965538025,0.5896276235580444,0.1987704038619995,7.6588335037231445,0.5925731658935547,0.005859375,0.016427863389253616,2.8036887645721436,0.21826982498168945,3.810391426086426,192.35540771484375,0.03595767915248871,0.32331058382987976,5.3582844734191895,26.16666603088379,1.083021879196167,0.015069305896759033,11.46986198425293,0.0004451110726222396,5.4166669845581055,18.112812042236328,0.2990516861179116,3.3958334922790527,0.18748240099249416,0.38122934103012085,1.252821445465088,0.17871317267417908,0.19084417819976807,0.0833333358168602,0.22449657320976257,0.0008349126437678933,4.609514201108322e-05,0.5831471085548401,0.26624128222465515,1.0,48
15919,0.22876468300819397,0.5181496739387512,0.1808513104915619,6.997980117797852,0.6610794067382812,0.0078125,0.032355621457099915,4.141519546508789,0.39972496032714844,8.224531173706055,218.1863555908203,0.04568839073181152,0.35098695755004883,5.702454566955566,34.3125,0.8933390974998474,0.03876115754246712,11.45935344696045,0.0012941271997988224,1.7916667461395264,12.111507415771484,0.14793094560030787,0.8125,0.06708496072678129,0.2512355446815491,1.5059449672698975,0.21207217872142792,0.2182803601026535,0.0625,0.22253738343715668,0.0007324267644435167,6.047362551130684e-05,0.24044299125671387,0.6133056282997131,1.0,48
15924,0.20245499908924103,0.2935018539428711,0.3192334473133087,4.125539302825928,0.6752990484237671,0.00341796875,0.01164223998785019,3.406186819076538,0.2054387331008911,5.129572868347168,372.2633972167969,0.02282176911830902,0.2509944438934326,5.081657409667969,30.0,1.7258163690567017,0.027753477916121483,11.473377227783203,0.0004685991443693638,2.6041667461395264,14.314005851745605,0.18193137345983634,1.4166667461395264,0.09897066969391073,0.3588900566101074,0.9751754999160767,0.23059587180614471,0.23387685418128967,0.02083333395421505,0.1478477269411087,0.0007008209358900785,4.8960503625545725e-05,0.36259523034095764,0.19147634506225586,1.0,48
15977,0.25615641474723816,0.4109163284301758,0.26320159435272217,7.417105197906494,0.47522592544555664,0.00244140625,0.008970251306891441,3.6742148399353027,0.1831943392753601,4.573774814605713,439.37908935546875,0.01712392456829548,0.209788978099823,4.965096473693848,38.400001525878906,1.3333332538604736,0.026092395186424255,11.468696594238281,0.00048980419524014,2.5416667461395264,14.213618278503418,0.17881912223542226,1.3333333730697632,0.09380675251059895,0.31755152344703674,1.1278047561645508,0.23260915279388428,0.2624489963054657,0.1875,0.22279196977615356,0.0006325249560177326,4.450133267820663e-05,0.3305700123310089,0.0,1.0,48
15981,0.4622223377227783,0.7426177859306335,0.3855607807636261,6.528316974639893,0.4647452235221863,0.00439453125,0.014482248574495316,3.295516014099121,0.2253870964050293,4.532069206237793,282.3501892089844,0.02823571488261223,0.28375354409217834,5.132004737854004,29.44444465637207,2.094289779663086,0.02906329371035099,11.470169067382812,0.00045153399696573615,4.4791669845581055,18.662954330444336,0.24000310469877426,2.5416667461395264,0.13618780284059856,0.5085591077804565,1.1928181648254395,0.28299680352211,0.2895457446575165,0.0416666679084301,0.16789565980434418,0.0010562196839600801,5.659445255519674e-05,0.36759719252586365,0.33554837107658386,1.0,48
16532,0.1822483092546463,0.2620639503002167,0.23007836937904358,5.3817362785339355,0.7501471042633057,0.00244140625,0.006835054140537977,2.799638271331787,0.14164122939109802,3.909619092941284,493.9749755859375,0.01712392456829548,0.20792336761951447,5.0193376541137695,39.400001525878906,1.1507576704025269,0.02106550894677639,11.466890335083008,0.0005814129835925996,2.2708334922790527,14.721048355102539,0.1542575933424858,1.0,0.06792994460710981,0.2968176007270813,1.1213558912277222,0.27014750242233276,0.272947758436203,0.0625,0.21396256983280182,0.0008387467823922634,5.697602246729804e-05,0.3911896347999573,0.16619302332401276,1.0,48
16667,0.24535337090492249,0.35759395360946655,0.27916419506073,5.131864070892334,0.6724714636802673,0.00830078125,0.028122544288635254,3.387939453125,0.32375022768974304,5.85725212097168,168.217041015625,0.04803864285349846,0.3647754192352295,5.841577529907227,31.823528289794922,1.4084081649780273,0.05134524405002594,11.450080871582031,0.0010049603879451752,2.5416667461395264,14.885736465454102,0.17074511229797856,1.3541667461395264,0.090970759046587,0.336923211812973,1.1123418807983398,0.28934094309806824,0.3029933571815491,0.0416666679084301,0.18816573917865753,0.000924250460229814,6.20896696481132e-05,0.3241107165813446,0.5920262932777405,1.0,48
16809,0.3025680184364319,0.5288588404655457,0.32628777623176575,5.8594651222229,0.5753934383392334,0.00244140625,0.009747756645083427,3.9926810264587402,0.2149924784898758,7.208575248718262,738.2916259765625,0.01712392456829548,0.19977210462093353,5.180397987365723,43.20000076293945,1.6582975387573242,0.03275052458047867,11.448247909545898,0.0006326896836981177,2.2291667461395264,15.508275985717773,0.1437404613352932,1.0833333730697632,0.06985517754319685,0.3932473361492157,1.0828590393066406,0.277829647064209,0.277829647064209,0.0,0.31839898228645325,0.000696610368322581,4.491862077480003e-05,0.4955826699733734,0.24057190120220184,1.0,48
16922,0.3446098268032074,0.5523767471313477,0.31235742568969727,9.49773120880127,0.33583864569664,0.00244140625,0.012909786775708199,5.287848472595215,0.2757400870323181,7.85764741897583,579.1412353515625,0.01712392456829548,0.2036588191986084,4.554296016693115,27.799999237060547,1.6561912298202515,0.023366430774331093,11.470596313476562,0.00045104470336809754,3.8125,16.863487243652344,0.2260801661396742,2.2708334922790527,0.13465978051409436,0.3875846862792969,1.2773425579071045,0.3305470943450928,0.3439903259277344,0.0625,0.2348630279302597,0.0007237463723868132,4.2917954127789434e-05,0.33034223318099976,0.23287038505077362,1.0,48
16979,0.21377348899841309,0.27468767762184143,0.27703529596328735,5.0893635749816895,0.6186366081237793,0.0048828125,0.014089183881878853,2.885464906692505,0.20763428509235382,4.16025447845459,250.7852783203125,0.03085736557841301,0.2977795898914337,5.222426414489746,29.100000381469727,1.3965121507644653,0.020288843661546707,11.466285705566406,0.0004539031651802361,3.3541667461395264,15.219985008239746,0.22037910957992843,2.1458334922790527,0.14098788466003542,0.35391324758529663,1.363882303237915,0.2083674669265747,0.2083674669265747,0.0,0.13390855491161346,0.0010327267227694392,6.785333372745187e-05,0.3606710135936737,0.4271158277988434,1.0,48
17183,0.19124501943588257,0.2467886507511139,0.22501015663146973,5.454308986663818,0.734440803527832,0.0107421875,0.03444641828536987,3.206648349761963,0.3430975675582886,5.053794860839844,117.792236328125,0.05938481166958809,0.4005853831768036,6.206390380859375,42.40909194946289,1.3019160032272339,0.041579220443964005,11.470220565795898,0.0009462898597121239,1.9583333730697632,12.192146301269531,0.16062252888645392,1.0833333730697632,0.08885501743597095,0.2795230746269226,1.3724325895309448,0.2823088765144348,0.28854286670684814,0.0625,0.17277827858924866,0.0005498022655956447,4.5094789019013624e-05,0.2748734652996063,0.7058541774749756,1.0,48
17208,0.1907355636358261,0.3823331296443939,0.2928042411804199,5.905086517333984,0.4646494388580322,0.00244140625,0.0086684450507164,3.5505950450897217,0.17918480932712555,4.496176719665527,467.21453857421875,0.01712392456829548,0.2079908698797226,4.50042724609375,26.200000762939453,1.511610746383667,0.020280880853533745,11.466800689697266,0.0004534170147962868,2.2083334922790527,13.372679710388184,0.16513769404887452,1.0416667461395264,0.0778951390386914,0.31793200969696045,0.9439800977706909,0.2303907871246338,0.2303907871246338,0.0,0.1512388437986374,0.0006325225112959743,4.729960819532835e-05,0.29448217153549194,0.1516612321138382,1.0,48
17297,0.2112412005662918,0.2814496159553528,0.2607897222042084,4.482447624206543,0.7329280376434326,0.0029296875,0.007306395098567009,2.4939162731170654,0.13715212047100067,3.4834821224212646,393.6372985839844,0.020013848319649696,0.23288285732269287,4.964820384979248,30.16666603088379,1.402600884437561,0.020977921783924103,11.465256690979004,0.0004635658406186849,4.458333492279053,14.238741874694824,0.31311288092603884,2.0,0.14046184811804147,0.3419637680053711,1.4872850179672241,0.24801528453826904,0.2757619321346283,0.1041666716337204,0.19839073717594147,0.0005960229318588972,4.18592412648171e-05,0.34651827812194824,0.04604288935661316,1.0,48
17377,0.24636463820934296,0.33513206243515015,0.2669224143028259,5.92572021484375,0.6271633505821228,0.00341796875,0.010833906941115856,3.169691562652588,0.19762900471687317,5.395195960998535,464.8429870605469,0.02282176911830902,0.24675992131233215,5.379775047302246,42.57143020629883,1.3577613830566406,0.04540177062153816,11.464529037475586,0.0007816499564796686,3.1041667461395264,13.261550903320312,0.2340726787107234,1.9375,0.14609905075687,0.3306017220020294,1.3712670803070068,0.2727378010749817,0.2727378010749817,0.0,0.14123554527759552,0.0006595660815946758,4.973521467479246e-05,0.30712154507637024,0.25585684180259705,1.0,48
17379,0.16878117620944977,0.24612221121788025,0.3166918158531189,4.256135940551758,0.6814836263656616,0.00244140625,0.007801452651619911,3.1954751014709473,0.16509482264518738,4.529256343841553,552.6892700195312,0.01712392456829548,0.2050054967403412,4.896214485168457,32.400001525878906,1.6280641555786133,0.03511969745159149,11.467707633972168,0.0006160227349027991,2.4166667461395264,13.754791259765625,0.17569635908991188,1.4166667461395264,0.10299441978836119,0.3388189971446991,1.178871512413025,0.24235054850578308,0.24235054850578308,0.0,0.16468863189220428,0.0007629197789356112,5.5465747460129285e-05,0.31035056710243225,0.0,1.0,48
17444,0.21293628215789795,0.2882179021835327,0.2100605070590973,6.109592914581299,0.664228618144989,0.00439453125,0.01548365131020546,3.523390769958496,0.2447957992553711,5.189208984375,302.0536804199219,0.02823571488261223,0.2813398540019989,5.361435890197754,32.44444274902344,1.1136420965194702,0.02105172537267208,11.470569610595703,0.000519182940479368,1.9791667461395264,12.95698070526123,0.15274906937295873,1.0833333730697632,0.08361001662939664,0.2654876112937927,1.3305964469909668,0.24200665950775146,0.24204608798027039,0.02083333395421505,0.2087036669254303,0.00060625234618783,4.6789630972728285e-05,0.24931970238685608,0.4276566803455353,1.0,48
17520,0.28879567980766296,0.6301203966140747,0.3144837021827698,5.702365875244141,0.5416272878646851,0.00390625,0.014605509117245674,3.7390103340148926,0.25874239206314087,8.218289375305176,578.4720458984375,0.02555946074426174,0.2603496015071869,5.246291160583496,35.0,1.8692384958267212,0.025328755378723145,11.478702545166016,0.0004333656979724765,3.4375,15.383398056030273,0.223455181049414,1.7708333730697632,0.11511327766913408,0.36696428060531616,1.1621730327606201,0.2522898316383362,0.2525581121444702,0.02083333395421505,0.17672400176525116,0.0011877360520884395,7.720895259878937e-05,0.3539121448993683,0.2900159955024719,1.0,48
17848,0.20614328980445862,0.26974666118621826,0.24023045599460602,7.993814945220947,0.5405970811843872,0.00244140625,0.007545557804405689,3.090660572052002,0.15341202914714813,3.728883981704712,425.1112976074219,0.01712392456829548,0.21038421988487244,5.1193342208862305,44.599998474121094,1.1902790069580078,0.01607583463191986,11.469024658203125,0.0004509986029006541,2.3958334922790527,12.879314422607422,0.18602181853821043,1.4791667461395264,0.11484825173571513,0.2945331335067749,1.2607795000076294,0.19899752736091614,0.19899752736091614,0.0,0.23355470597743988,0.0006624270463362336,5.143340895996162e-05,0.28831878304481506,0.26104992628097534,1.0,48
18087,0.23241786658763885,0.38864076137542725,0.2267732471227646,5.501658916473389,0.731400191783905,0.00244140625,0.006081908475607634,2.491149663925171,0.12471416592597961,3.0793848037719727,451.9056701660156,0.01712392456829548,0.20924539864063263,5.153625965118408,41.400001525878906,1.1007764339447021,0.015412763692438602,11.468976974487305,0.0004550012818071991,4.5416669845581055,13.257052421569824,0.34258497565739104,1.8125,0.13671968255053316,0.31137189269065857,1.0372828245162964,0.22348341345787048,0.22348341345787048,0.0,0.2396973818540573,0.0004767381469719112,3.5961096890333305e-05,0.2606618106365204,0.2594947814941406,1.0,48
18124,0.27227264642715454,0.3611215651035309,0.23556718230247498,6.325905799865723,0.6314594745635986,0.0048828125,0.014845166355371475,3.040290117263794,0.21620117127895355,3.991240978240967,231.1809844970703,0.03085736557841301,0.2993641197681427,5.055842399597168,34.0,1.1547242403030396,0.022081591188907623,11.468511581420898,0.0005313308211043477,4.5416669845581055,13.52978801727295,0.33567909381899746,1.75,0.12934422893192424,0.31570541858673096,1.081899642944336,0.19156557321548462,0.20177972316741943,0.1041666716337204,0.2248239368200302,0.0006232858286239207,4.606767137574657e-05,0.2901001572608948,0.22607584297657013,1.0,48
18267,0.28959664702415466,0.49960091710090637,0.16561733186244965,11.08360481262207,0.5542895197868347,0.00927734375,0.03617698699235916,3.899498462677002,0.3957415521144867,6.4030985832214355,151.0339813232422,0.05265381559729576,0.378467857837677,6.123421669006348,37.421051025390625,0.9491245150566101,0.021760009229183197,11.460573196411133,0.0006128311506472528,1.3333333730697632,11.396071434020996,0.11699938699219922,0.75,0.06581215322175706,0.25238704681396484,1.0879701375961304,0.22106914222240448,0.24175113439559937,0.1458333432674408,0.2268017828464508,0.0005339485360309482,4.685373715440217e-05,0.2631807327270508,0.4105478525161743,1.0,48
18483,0.25443294644355774,0.36671683192253113,0.2924635708332062,4.3179779052734375,0.7474207878112793,0.00390625,0.01344718225300312,3.442478656768799,0.2446172535419464,7.242812156677246,545.408203125,0.02555946074426174,0.2551521062850952,5.467960357666016,41.25,1.4076497554779053,0.03285800665616989,11.46586799621582,0.000606702989898622,3.5208334922790527,13.6854248046875,0.2572688491555203,2.2708334922790527,0.1659308003242942,0.3528331220149994,1.1172707080841064,0.22805021703243256,0.23307697474956512,0.0625,0.1696704775094986,0.0006472577806562185,4.7295410220774965e-05,0.2936449348926544,0.4845801889896393,1.0,48
18600,0.1916726678609848,0.22717492282390594,0.24406135082244873,6.577993869781494,0.5330464839935303,0.0078125,0.02763504348695278,3.537285566329956,0.3270208537578583,5.878480911254883,179.27076721191406,0.04568839073181152,0.3573477268218994,5.334603309631348,32.625,1.3666517734527588,0.01924508810043335,11.4716796875,0.00045780136133544147,2.2708334922790527,12.904607772827148,0.17597074862677906,1.4166667461395264,0.10977991504900757,0.2981286942958832,1.5809592008590698,0.2174527645111084,0.2174527645111084,0.0,0.1561603844165802,0.0007192563498392701,5.573639756772949e-05,0.24115079641342163,0.5586262345314026,1.0,48
18636,0.21682225167751312,0.4063565731048584,0.20159772038459778,6.85985803604126,0.6883680820465088,0.00439453125,0.013066515326499939,2.973358154296875,0.20282383263111115,4.618617534637451,287.548583984375,0.02823571488261223,0.28429555892944336,5.442028045654297,38.22222137451172,1.0486035346984863,0.01635906845331192,11.468334197998047,0.0004756626149173826,1.1458333730697632,12.22181510925293,0.09375312602010652,0.2916666865348816,0.023864432875884477,0.24716481566429138,1.051722526550293,0.176153302192688,0.18014250695705414,0.0416666679084301,0.13759087026119232,0.00048671342665329576,3.982333408779682e-05,0.41728657484054565,0.4568772315979004,1.0,48
18691,0.28009670972824097,0.607274055480957,0.22133177518844604,5.895286560058594,0.6933456063270569,0.00244140625,0.005670186597853899,2.3225083351135254,0.11513184010982513,2.5864627361297607,418.754150390625,0.01712392456829548,0.21053197979927063,4.904604911804199,34.79999923706055,1.189186930656433,0.018272703513503075,11.46756649017334,0.0004921600921079516,5.333333492279053,12.406208038330078,0.42989231451724197,1.7916667461395264,0.14441695151007009,0.2978748083114624,1.60245943069458,0.24008092284202576,0.3193151652812958,0.2291666716337204,0.2270580679178238,0.0007115096086636186,5.7351094378865454e-05,0.24768738448619843,0.04590573534369469,1.0,48
18789,0.2189289629459381,0.35108622908592224,0.389388769865036,4.296700477600098,0.5789393186569214,0.0029296875,0.02190454676747322,7.476751804351807,0.4522861838340759,11.304634094238281,498.112060546875,0.020013848319649696,0.2152058184146881,4.634561061859131,25.0,1.9985026121139526,0.02946014329791069,11.468389511108398,0.00047165347496047616,3.4791667461395264,17.31467056274414,0.20093750738845997,1.9583333730697632,0.11310254878036607,0.43276381492614746,1.0400323867797852,0.22990652918815613,0.23142561316490173,0.0416666679084301,0.10994571447372437,0.0009335302747786045,5.3915566620604353e-05,0.43757492303848267,0.8863983154296875,1.0,48
18828,0.26523762941360474,0.41556984186172485,0.24666950106620789,7.286089897155762,0.4869455397129059,0.00244140625,0.007985725998878479,3.270953416824341,0.16474299132823944,4.421266078948975,474.53704833984375,0.01712392456829548,0.20845778286457062,4.874776363372803,35.79999923706055,1.2542296648025513,0.019074417650699615,11.467028617858887,0.0004778443544637412,3.2708334922790527,14.512466430664062,0.22538095131191122,1.7083333730697632,0.1177148887857544,0.32562124729156494,1.4400334358215332,0.22589407861232758,0.22680720686912537,0.02083333395421505,0.2117360681295395,0.0007217919337563217,4.973599330668246e-05,0.32645753026008606,0.0,1.0,48
18905,0.21035926043987274,0.3111971914768219,0.1905856430530548,6.414638996124268,0.7508861422538757,0.0048828125,0.014410162344574928,2.9512012004852295,0.21942801773548126,5.912887096405029,359.551513671875,0.03085736557841301,0.29434555768966675,5.657054424285889,40.900001525878906,1.0253766775131226,0.014174351468682289,11.473650932312012,0.000417764182202518,2.0833334922790527,11.602203369140625,0.17956360737690888,0.9375,0.08080361715478225,0.24030566215515137,0.9540249705314636,0.18834438920021057,0.19082926213741302,0.0416666679084301,0.172272726893425,0.0005577025003731251,4.806867128150912e-05,0.26531562209129333,0.22900418937206268,1.0,48
18945,0.28564128279685974,0.37593913078308105,0.24514181911945343,8.051772117614746,0.462414413690567,0.00244140625,0.01290559396147728,5.286131381988525,0.2769676744937897,8.317527770996094,581.8602294921875,0.01712392456829548,0.2024269849061966,4.630159854888916,33.0,1.2732985019683838,0.02112351357936859,11.46813678741455,0.0005033800844103098,2.1458334922790527,13.271268844604492,0.1616901530507802,1.0,0.07535074535492121,0.29299139976501465,0.9317764043807983,0.23882876336574554,0.2640668749809265,0.1041666716337204,0.19139984250068665,0.0007096493500284851,5.347260746528172e-05,0.29322072863578796,0.11349692940711975,1.0,48
18982,0.16410978138446808,0.517490565776825,0.25542840361595154,4.834336280822754,0.7133802175521851,0.00244140625,0.00644037825986743,2.637979030609131,0.13365712761878967,3.7947661876678467,506.20489501953125,0.01712392456829548,0.2078176885843277,4.960017681121826,37.0,1.271207332611084,0.0625506266951561,11.454087257385254,0.0013794940896332264,1.625,12.506805419921875,0.1299292620409903,0.5,0.039978234474150866,0.29653412103652954,0.7946169376373291,0.2475920021533966,0.25014516711235046,0.02083333395421505,0.17494289577007294,0.0006159187760204077,4.9246690489551735e-05,0.2914450764656067,0.12276073545217514,1.0,48
19039,0.26668116450309753,0.3654654324054718,0.2423289567232132,5.947457313537598,0.5994459986686707,0.00439453125,0.01431774627417326,3.258082628250122,0.2411511242389679,7.441553115844727,538.5166625976562,0.02823571488261223,0.2747829854488373,4.838002681732178,22.88888931274414,1.2423088550567627,0.024479294195771217,11.465038299560547,0.0005339003400877118,4.145833492279053,15.549375534057617,0.26662379338207143,2.3125,0.1487197986470749,0.3379760682582855,1.487890601158142,0.294049471616745,0.29619550704956055,0.02083333395421505,0.17499391734600067,0.0006636775797232985,4.2681944226173825e-05,0.2963543236255646,0.05255410075187683,1.0,48
19149,0.226713165640831,0.31054195761680603,0.278059720993042,7.966104507446289,0.42730405926704407,0.00341796875,0.01231625210493803,3.6033835411071777,0.23447702825069427,7.245232582092285,597.0352783203125,0.02282176911830902,0.24122151732444763,4.843427658081055,29.14285659790039,1.7278940677642822,0.021489650011062622,11.485294342041016,0.0003921696625184268,2.7083334922790527,14.059913635253906,0.19262803176556376,1.3541667461395264,0.09631401588278188,0.32418861985206604,1.264117956161499,0.22673603892326355,0.2289925515651703,0.0625,0.1358281970024109,0.001379331573843956,9.810384392435908e-05,0.3288711607456207,0.21305154263973236,1.0,48
19307,0.26181167364120483,0.3900079131126404,0.21867600083351135,6.575970649719238,0.6248239874839783,0.0029296875,0.008546018972992897,2.917041063308716,0.16466158628463745,4.441673278808594,464.45947265625,0.020013848319649696,0.2293775975704193,4.978580951690674,30.83333396911621,1.094549536705017,0.032406747341156006,11.462478637695312,0.000695384806022048,1.7708333730697632,12.301061630249023,0.1439577676186585,0.7916666865348816,0.06435759040053514,0.2622004747390747,1.3210041522979736,0.25603097677230835,0.28984716534614563,0.1875,0.14213956892490387,0.0006001254660077393,4.878647742436565e-05,0.28075629472732544,0.056749168783426285,1.0,48
19469,0.25084376335144043,0.32621943950653076,0.27437400817871094,8.086560249328613,0.4616354703903198,0.00341796875,0.011008448898792267,3.2207577228546143,0.1985812932252884,5.365983009338379,434.92791748046875,0.02282176911830902,0.24818642437458038,5.2197065353393555,36.42856979370117,1.3819172382354736,0.02279467135667801,11.466582298278809,0.0004943879321217537,2.3541667461395264,14.059669494628906,0.1674411155514329,1.3125,0.09335212321796624,0.31205177307128906,1.198598027229309,0.2320123016834259,0.23720090091228485,0.02083333395421505,0.21682921051979065,0.0007145872223190963,5.082532146888877e-05,0.3673152029514313,0.16381168365478516,1.0,48
19505,0.20238275825977325,0.2538157105445862,0.3695237636566162,5.551732540130615,0.4933183789253235,0.00244140625,0.008244313299655914,3.376870632171631,0.17217758297920227,4.852724552154541,516.3494873046875,0.01712392456829548,0.20682470500469208,4.775962829589844,29.399999618530273,1.9316306114196777,0.02580578811466694,11.469130516052246,0.0004379231249913573,3.5625,15.731341361999512,0.22645875617072017,2.0,0.1271347403063692,0.3916851878166199,1.135144591331482,0.2878475785255432,0.2944016456604004,0.0833333358168602,0.16433259844779968,0.0007293201051652431,4.636096108519854e-05,0.3756840229034424,0.17398101091384888,1.0,48
19769,0.23656515777111053,0.3105398118495941,0.18444131314754486,6.5453314781188965,0.6632521748542786,0.0029296875,0.007357994560152292,2.511528730392456,0.13616202771663666,2.7570056915283203,343.6827087402344,0.020013848319649696,0.23461535573005676,4.964663982391357,30.0,0.9946938753128052,0.017529981210827827,11.468143463134766,0.0004830175603274256,1.875,12.283679008483887,0.15264156586789596,0.8125,0.06614467854275492,0.24876785278320312,1.263617992401123,0.2628701329231262,0.27890968322753906,0.0833333358168602,0.1669519543647766,0.0007458778563886881,6.072104743752479e-05,0.2998864948749542,0.1482708901166916,1.0,48
19778,0.25081849098205566,0.39254677295684814,0.38507726788520813,4.437440395355225,0.5834751725196838,0.009765625,0.03345698118209839,3.425994873046875,0.3532089293003082,6.367876052856445,145.2670440673828,0.05492175742983818,0.3869999349117279,5.636765480041504,29.75,1.955440878868103,0.03233867883682251,11.463342666625977,0.0005218490259721875,3.9583334922790527,18.01708984375,0.21969882619279837,2.5,0.13875714781317253,0.4416123330593109,1.1730360984802246,0.26083189249038696,0.26083189249038696,0.0,0.13089679181575775,0.0014398910570889711,7.991807049734385e-05,0.4616582691669464,0.5518962740898132,1.0,48
19946,0.19970065355300903,0.2820113003253937,0.266753226518631,5.337492942810059,0.6057417392730713,0.0029296875,0.008558039553463459,2.9211442470550537,0.16062290966510773,3.7397327423095703,381.2298583984375,0.020013848319649696,0.23272618651390076,4.819925785064697,29.83333396911621,1.326090931892395,0.022192457690835,11.469734191894531,0.00046130799455568194,3.2291667461395264,14.568594932556152,0.22165258618776235,1.625,0.11154129869128501,0.3288247287273407,1.0223002433776855,0.23765592277050018,0.23821823298931122,0.0416666679084301,0.20489557087421417,0.0007534836768172681,5.171972175685081e-05,0.27374622225761414,0.24383552372455597,1.0,48
19967,0.20905311405658722,0.2965671122074127,0.2713460624217987,4.530703544616699,0.736849844455719,0.00244140625,0.006491676904261112,2.6589908599853516,0.1327817589044571,3.341552734375,444.827392578125,0.01712392456829548,0.20958946645259857,5.072183609008789,39.400001525878906,1.3723788261413574,0.0363544225692749,11.46450424194336,0.0005950119812041521,2.7291667461395264,14.314140319824219,0.19066228800713741,1.6041667461395264,0.11206867539206428,0.3222179114818573,1.1654225587844849,0.21052983403205872,0.2407899796962738,0.1041666716337204,0.17666015028953552,0.0005543284933082759,3.872593676850471e-05,0.33525747060775757,0.14757727086544037,1.0,48
20089,0.18940328061580658,0.2633435130119324,0.21889540553092957,5.6779656410217285,0.7429676055908203,0.0087890625,0.028525954112410545,3.245619773864746,0.3144230246543884,4.61675500869751,140.91561889648438,0.05035991966724396,0.3740999698638916,5.4314727783203125,28.94444465637207,1.1535569429397583,0.017597153782844543,11.462814331054688,0.0005210819072090089,1.7916667461395264,15.745248794555664,0.11379094534353328,0.8333333730697632,0.05292602126608822,0.29810672998428345,1.1632636785507202,0.20931610465049744,0.22741727530956268,0.1041666716337204,0.1519579291343689,0.001203202293254435,7.641684854838911e-05,0.49631810188293457,0.8416559100151062,1.0,48
20150,0.23925307393074036,0.3905898630619049,0.2860214114189148,4.704938888549805,0.7236663103103638,0.0029296875,0.009229093790054321,3.1501972675323486,0.17347142100334167,3.9273464679718018,380.0154113769531,0.020013848319649696,0.23242345452308655,5.172325134277344,36.33333206176758,1.4173250198364258,0.021506251767277718,11.463555335998535,0.00047718349378556013,2.6458334922790527,14.599706649780273,0.1812251132118892,1.25,0.08561815857872945,0.3841376006603241,1.1540496349334717,0.2504776120185852,0.2664850056171417,0.1041666716337204,0.17918729782104492,0.0005576778203248978,3.819787844513383e-05,0.4251333773136139,0.20951442420482635,1.0,48
20319,0.20958144962787628,0.3509494662284851,0.32918113470077515,6.808359622955322,0.4160724878311157,0.00244140625,0.007898973301053047,3.235419511795044,0.1625143438577652,4.02374792098999,462.1291809082031,0.01712392456829548,0.2087954580783844,5.009335517883301,40.599998474121094,1.7669856548309326,0.023728959262371063,11.473624229431152,0.0004439144395291805,4.4791669845581055,15.288742065429688,0.29297158408843255,2.4375,0.1594310367703351,0.3922266364097595,1.249657154083252,0.24874573945999146,0.24874573945999146,0.0,0.13788506388664246,0.0008790606516413391,5.749725172315285e-05,0.3475038409233093,0.25553765892982483,1.0,48
20337,0.30935370922088623,0.5132073760032654,0.25147101283073425,7.844242572784424,0.47258260846138,0.00537109375,0.01995118334889412,3.714547634124756,0.27961504459381104,4.769650459289551,216.8067626953125,0.03342986851930618,0.3103462755680084,5.338719367980957,36.09090805053711,1.3405499458312988,0.019929902628064156,11.466686248779297,0.0004754269612021744,3.6875,15.37495231628418,0.2398381420471822,2.4375,0.15853707694644248,0.34755873680114746,1.1602715253829956,0.24585656821727753,0.2728617787361145,0.1458333432674408,0.21717961132526398,0.0006150413537397981,4.000281371203714e-05,0.35594606399536133,0.14474092423915863,1.0,48
20424,0.2518390715122223,0.47583669424057007,0.3040596544742584,5.134182929992676,0.5928190350532532,0.00244140625,0.008115030825138092,3.3239166736602783,0.17117321491241455,4.578654766082764,520.7560424804688,0.01712392456829548,0.20506693422794342,4.8311052322387695,32.0,1.5638095140457153,0.03904164209961891,11.46591567993164,0.0005475436337292194,3.0,13.185057640075684,0.2275302906986364,1.4375,0.10902493095976326,0.3456338047981262,1.224586844444275,0.23095934092998505,0.23095934092998505,0.0,0.15289808809757233,0.000591727439314127,4.487863876050101e-05,0.2835315763950348,0.0470290370285511,1.0,48
20559,0.19982518255710602,0.23934100568294525,0.2583852708339691,5.120194911956787,0.6707229614257812,0.0029296875,0.009394999593496323,3.2068264484405518,0.17670711874961853,3.9659292697906494,381.2055358886719,0.020013848319649696,0.23234114050865173,5.064248561859131,34.16666793823242,1.2841757535934448,0.036614637821912766,11.456786155700684,0.0008252861443907022,2.8541667461395264,13.109736442565918,0.21771351060080932,1.4375,0.109651327103425,0.31142640113830566,1.344914197921753,0.2142774760723114,0.2142774760723114,0.0,0.20998305082321167,0.0006224287208169699,4.747835496686467e-05,0.2513198256492615,0.20557419955730438,1.0,48
20975,0.2666342854499817,0.7481548190116882,0.23050957918167114,5.59916877746582,0.7751976251602173,0.00439453125,0.01386159099638462,3.1542820930480957,0.2126009315252304,4.173295974731445,255.94796752929688,0.02823571488261223,0.2857125401496887,5.233948707580566,32.11111068725586,1.1861544847488403,0.0294063501060009,11.453069686889648,0.0007012952119112015,1.4375,12.458003044128418,0.11538767439325931,0.3125,0.025084277042012892,0.26408278942108154,1.0659781694412231,0.19861647486686707,0.19861647486686707,0.0,0.12342821806669235,0.0006654031458310783,5.3411701934891756e-05,0.3937786817550659,0.18087774515151978,1.0,48
21077,0.2794264853000641,0.37756654620170593,0.2832914888858795,6.303047180175781,0.5574457049369812,0.00244140625,0.009006988257169724,3.6892623901367188,0.19431520998477936,6.234340190887451,652.1285400390625,0.01712392456829548,0.20263764262199402,5.052271842956543,40.0,1.5689125061035156,0.03288795053958893,11.472583770751953,0.0005139585118740797,3.5416667461395264,16.531291961669922,0.2142401666009509,2.2083334922790527,0.1335850516743354,0.38328489661216736,1.1866366863250732,0.2799161672592163,0.28000959753990173,0.02083333395421505,0.21661080420017242,0.0009196046739816666,5.562811881597733e-05,0.441790372133255,0.0,1.0,48
21101,0.1977759748697281,0.3122572898864746,0.44382143020629883,3.158280849456787,0.7131655812263489,0.0087890625,0.033833108842372894,3.8494558334350586,0.3689501881599426,5.931713104248047,134.71923828125,0.05035991966724396,0.37568235397338867,5.406088829040527,26.88888931274414,2.622389078140259,0.042082637548446655,11.480056762695312,0.0005188413197174668,5.3125,21.47970962524414,0.24732643458472045,3.1458334922790527,0.14645605297742642,0.581777036190033,1.267648458480835,0.24909548461437225,0.24909548461437225,0.0,0.10664182156324387,0.0013513106387108564,6.291102913670728e-05,0.40423816442489624,0.6601786017417908,1.0,48
21162,0.2827165722846985,0.32732734084129333,0.23219463229179382,8.7429838180542,0.48779579997062683,0.0048828125,0.015350177884101868,3.143716335296631,0.22943267226219177,5.09852409362793,285.2664489746094,0.03085736557841301,0.2961331903934479,5.401395797729492,33.599998474121094,1.2234208583831787,0.02466769702732563,11.466344833374023,0.0005017773364670575,2.2708334922790527,13.898375511169434,0.16338841102834015,1.4166667461395264,0.10193038344529674,0.2943147122859955,1.283913254737854,0.22850066423416138,0.22850066423416138,0.0,0.19742293655872345,0.0008750245906412601,6.295876732561001e-05,0.3195094168186188,0.21750350296497345,1.0,48
21210,0.18171508610248566,0.23913699388504028,0.29142704606056213,4.908071041107178,0.6388520002365112,0.0029296875,0.00785768497735262,2.6820898056030273,0.15135541558265686,4.198966979980469,473.0428161621094,0.020013848319649696,0.22955477237701416,5.030895709991455,33.5,1.452126383781433,0.019080594182014465,11.467254638671875,0.0004455416346900165,2.5625,14.11898422241211,0.18149322627030218,1.1875,0.08410661705209126,0.3357134759426117,1.171213150024414,0.221358060836792,0.221358060836792,0.0,0.14861485362052917,0.0006639386992901564,4.702453720190379e-05,0.38464561104774475,0.15630078315734863,1.0,48
21332,0.2903207242488861,0.5339040756225586,0.2732483446598053,5.886390686035156,0.618423581123352,0.0048828125,0.01543312706053257,3.1607043743133545,0.22911062836647034,4.943839073181152,271.5609436035156,0.03085736557841301,0.2969982922077179,5.50740385055542,38.5,1.4070574045181274,0.024471284821629524,11.466853141784668,0.0005159591673873365,3.25,14.78394889831543,0.2198330107980821,1.7291667461395264,0.11696244060793076,0.33907365798950195,1.5777349472045898,0.2518453001976013,0.2650763988494873,0.1041666716337204,0.33252519369125366,0.0006386919412761927,4.320171459175916e-05,0.3952428102493286,0.2271782010793686,1.0,48
21549,0.2987065017223358,0.6397427916526794,0.2578296661376953,8.69451904296875,0.48399198055267334,0.00244140625,0.008242865093052387,3.376277446746826,0.17104975879192352,4.517690658569336,482.78216552734375,0.01712392456829548,0.20749765634536743,4.825809478759766,31.599998474121094,1.3895866870880127,0.022365368902683258,11.470870971679688,0.0004786352510564029,2.5625,13.492792129516602,0.18991621404254472,1.1458333730697632,0.0849218872729788,0.3063119053840637,1.3499311208724976,0.23237787187099457,0.23280315101146698,0.02083333395421505,0.18238478899002075,0.0006006950861774385,4.451970207249922e-05,0.33301159739494324,0.14520049095153809,1.0,48
21818,0.26753219962120056,0.3722173273563385,0.22874507308006287,5.4371337890625,0.6928473711013794,0.00341796875,0.01089579425752163,3.187798023223877,0.20586685836315155,6.750588417053223,643.8822021484375,0.02282176911830902,0.24315693974494934,4.997969150543213,29.0,1.321318507194519,0.019035890698432922,11.475278854370117,0.0004351834941189736,3.0208334922790527,12.923589706420898,0.2337456974853309,1.3541667461395264,0.10478255468129746,0.2853798270225525,1.1142585277557373,0.20174150168895721,0.21578383445739746,0.0833333358168602,0.17581938207149506,0.0006770556210540235,5.238912994844976e-05,0.31721386313438416,0.27327707409858704,1.0,48
22199,0.31346556544303894,0.471547394990921,0.3317776918411255,5.53433895111084,0.5812990069389343,0.00537109375,0.023513060063123703,4.37770414352417,0.3311637043952942,5.940370559692383,229.2755584716797,0.03342986851930618,0.3098771870136261,5.113428115844727,26.81818199157715,1.6859956979751587,0.029109466820955276,11.456281661987305,0.0005634065018966794,3.4375,16.0588436126709,0.2140565087231528,1.4375,0.08951454001150026,0.4224991798400879,0.9399880766868591,0.2484273612499237,0.254556268453598,0.0833333358168602,0.2076079547405243,0.0006616955506615341,4.1204433283564234e-05,0.3231366276741028,0.44428589940071106,1.0,48
22340,0.22865071892738342,0.3283402919769287,0.22598962485790253,5.903004169464111,0.606486976146698,0.00390625,0.010352087207138538,2.650134325027466,0.16980881989002228,4.16831111907959,323.2242126464844,0.02555946074426174,0.26950007677078247,5.150160312652588,29.25,1.1525589227676392,0.021923720836639404,11.464621543884277,0.0005405911942943931,2.4166667461395264,13.847082138061523,0.17452534189506771,1.2916667461395264,0.09328078885704805,0.2877715826034546,1.151029348373413,0.2730131149291992,0.2776627540588379,0.02083333395421505,0.16852489113807678,0.0006488884100690484,4.686102119787651e-05,0.2914888560771942,0.18810348212718964,1.0,48
22360,0.2221483439207077,0.3188363313674927,0.2724525034427643,5.134457588195801,0.6457265019416809,0.00244140625,0.0052042799070477486,2.1316730976104736,0.10543515533208847,2.4009716510772705,411.7573547363281,0.01712392456829548,0.21082960069179535,5.002362251281738,39.20000076293945,1.4489824771881104,0.047084592282772064,11.46394157409668,0.0009411690989509225,2.0,13.737735748291016,0.14558439870944215,0.875,0.06369317443538094,0.31718820333480835,1.1268795728683472,0.2494083046913147,0.28863266110420227,0.1666666716337204,0.21606439352035522,0.0004984071711078286,3.628015415910364e-05,0.3434736728668213,0.1720290333032608,1.0,48
22416,0.2262168675661087,0.3666698634624481,0.21041950583457947,5.397979259490967,0.8068684935569763,0.01171875,0.028176385909318924,2.4043848514556885,0.2629167139530182,3.9502780437469482,95.25727081298828,0.0637580007314682,0.41496041417121887,6.12286376953125,37.20833206176758,0.9952192902565002,0.0163346529006958,11.462687492370605,0.0005174078978598118,3.5208334922790527,12.194921493530273,0.28871309186039584,1.3541667461395264,0.11104349837327877,0.27086031436920166,1.6093276739120483,0.22465680539608002,0.2604028582572937,0.1666666716337204,0.23338468372821808,0.0006763662095181644,5.5462940808792e-05,0.2881343364715576,0.5696728825569153,1.0,48
22429,0.27088943123817444,0.4760184586048126,0.2713008224964142,8.719730377197266,0.3778139054775238,0.00439453125,0.023557309061288834,5.360596656799316,0.4054643213748932,11.060508728027344,488.7424011230469,0.02823571488261223,0.2698078751564026,5.320548057556152,34.0,1.334694743156433,0.024956658482551575,11.466270446777344,0.0005044101271778345,3.3125,13.354015350341797,0.24805273250151602,1.7708333730697632,0.132606809658817,0.3426423966884613,1.3460693359375,0.23124194145202637,0.23124194145202637,0.0,0.15817774832248688,0.0009077857248485088,6.797848439986173e-05,0.2960357666015625,0.3825187683105469,1.0,48
22518,0.2162424772977829,0.2816826403141022,0.22137433290481567,5.894083499908447,0.6463459134101868,0.0029296875,0.009484570473432541,3.2374000549316406,0.17986921966075897,4.109145641326904,405.79217529296875,0.020013848319649696,0.231292262673378,4.984963417053223,32.66666793823242,1.2111482620239258,0.017195209860801697,11.47016716003418,0.00046080799074843526,1.3333333730697632,12.59662914276123,0.10584842634487586,0.5625,0.04465480353342765,0.26002824306488037,1.4056224822998047,0.20627769827842712,0.20627769827842712,0.0,0.1585111916065216,0.0005829966976307333,4.628196087704448e-05,0.3079736530780792,0.13899599015712738,1.0,48
22540,0.180057093501091,0.2570801377296448,0.2966410517692566,4.565096855163574,0.6594640016555786,0.00341796875,0.010247315280139446,2.9980716705322266,0.1802230328321457,4.750644683837891,381.7455749511719,0.02282176911830902,0.25171685218811035,5.012673854827881,30.571428298950195,1.4894142150878906,0.022886646911501884,11.46710205078125,0.0004848809039685875,2.5,13.237668991088867,0.1888550015712254,1.3125,0.09914887582489333,0.3274248242378235,1.1922409534454346,0.2401140034198761,0.2401140034198761,0.0,0.17618003487586975,0.0006020989967510104,4.5483762790978125e-05,0.3202337324619293,0.3249686062335968,1.0,48
22813,0.2840343415737152,0.4882211983203888,0.263410359621048,7.350980758666992,0.4905637204647064,0.0029296875,0.011450676247477531,3.9084975719451904,0.22020040452480316,6.031491279602051,458.1754455566406,0.020013848319649696,0.22956350445747375,5.137065410614014,38.66666793823242,1.3229774236679077,0.02427716739475727,11.463886260986328,0.0005466951988637447,1.6041667461395264,13.054769515991211,0.12287974467459827,0.9375,0.07181283423912597,0.3176681399345398,1.2083146572113037,0.21541330218315125,0.21787679195404053,0.0416666679084301,0.16666626930236816,0.000710853491909802,5.445163091501065e-05,0.31707724928855896,0.326992928981781,1.0,48
22885,0.3632478713989258,0.6082322001457214,0.18960842490196228,9.336275100708008,0.5516447424888611,0.01416015625,0.06408027559518814,4.525393486022949,0.5617870092391968,7.3784966468811035,91.28518676757812,0.07434378564357758,0.4347882866859436,5.713423728942871,28.034482955932617,1.0458017587661743,0.016220547258853912,11.459854125976562,0.0005200606537982821,2.875,15.699100494384766,0.18313151120963975,1.8333333730697632,0.1167795169256807,0.31322091817855835,0.954971969127655,0.337308406829834,0.3575974404811859,0.0625,0.14041051268577576,0.0006551927654072642,4.173441435222792e-05,0.3981799781322479,0.9275762438774109,1.0,48
22909,0.3007600009441376,0.3913767635822296,0.2301742136478424,7.406224250793457,0.5372391939163208,0.00390625,0.013370098546147346,3.4227452278137207,0.22686870396137238,6.078151702880859,405.8771667480469,0.02555946074426174,0.26514193415641785,5.49659538269043,41.125,1.2880072593688965,0.04229089617729187,11.46707534790039,0.000835044716950506,1.4791667461395264,12.674354553222656,0.11670548892735289,0.5208333730697632,0.04109348294398141,0.2809987962245941,0.9027506709098816,0.19958758354187012,0.20565128326416016,0.0625,0.17579813301563263,0.00048386951675638556,3.817705385648877e-05,0.2903187870979309,0.21655786037445068,1.0,48
22963,0.22311197221279144,0.5309089422225952,0.29802078008651733,5.166865825653076,0.6138960123062134,0.00244140625,0.007991171441972256,3.273183822631836,0.17022094130516052,4.8979082107543945,577.0330810546875,0.01712392456829548,0.2041434645652771,4.876293182373047,30.399999618530273,1.5935282707214355,0.0365692600607872,11.470266342163086,0.0006231383886188269,2.3125,15.016691207885742,0.15399530871658862,1.0416667461395264,0.06936726147094517,0.33479925990104675,1.2648905515670776,0.27409833669662476,0.28176891803741455,0.02083333395421505,0.13382895290851593,0.0010136382188647985,6.750076992044007e-05,0.36107975244522095,0.2522812485694885,1.0,48
23027,0.22699439525604248,0.2930040657520294,0.28139567375183105,5.10687780380249,0.6637213826179504,0.00244140625,0.007966924458742142,3.2632522583007812,0.1698801964521408,4.905488014221191,580.13623046875,0.01712392456829548,0.20399455726146698,5.014477252960205,39.0,1.484458327293396,0.022157687693834305,11.469042778015137,0.00044466587132774293,3.1875,14.738670349121094,0.21626781265430778,1.5625,0.10601363365407244,0.34233760833740234,1.0971940755844116,0.2397293746471405,0.26945960521698,0.1041666716337204,0.19802789390087128,0.0006830677739344537,4.6345277917945565e-05,0.32361945509910583,0.24097990989685059,1.0,48
23062,0.2626064717769623,0.3580368459224701,0.2623065114021301,5.052514553070068,0.6586931943893433,0.00439453125,0.014262674376368523,3.2455508708953857,0.23890633881092072,7.335160255432129,524.8506469726562,0.02823571488261223,0.2754422128200531,5.333093166351318,32.0,1.5095272064208984,0.028068654239177704,11.47065258026123,0.00047890126006677747,3.4375,12.920336723327637,0.2660534373793113,1.7708333730697632,0.13705783445271588,0.3339434862136841,1.245405912399292,0.20206253230571747,0.2029145210981369,0.02083333395421505,0.19584380090236664,0.0006534353597089648,5.0574174125311074e-05,0.29292261600494385,0.2970547676086426,1.0,48
23386,0.1895364373922348,0.2784837484359741,0.25935783982276917,7.760063648223877,0.4370412230491638,0.00341796875,0.00898415595293045,2.628507375717163,0.15613071620464325,3.4141311645507812,328.7608947753906,0.02282176911830902,0.25293874740600586,4.431175231933594,22.571428298950195,1.6325812339782715,0.02025149017572403,11.482486724853516,0.00039852168993093073,3.4583334922790527,14.24792766571045,0.24272536827757363,2.25,0.15791770222386445,0.34653541445732117,1.2307466268539429,0.2173318862915039,0.2173318862915039,0.0,0.12795832753181458,0.000922184088267386,6.47240854429311e-05,0.35954415798187256,0.1333349496126175,1.0,48
23483,0.24953746795654297,0.3631802499294281,0.2907344698905945,4.566061973571777,0.7209606170654297,0.02392578125,0.06946290284395218,2.9032657146453857,0.4678417444229126,7.226192951202393,68.36673736572266,0.11294737458229065,0.5045168399810791,6.284923553466797,30.40816307067871,1.6332263946533203,0.04550153389573097,11.470412254333496,0.0007064995588734746,2.625,16.104515075683594,0.16299776715000516,1.8958333730697632,0.11772061207574633,0.33661532402038574,1.3003839254379272,0.21261315047740936,0.2294335812330246,0.1458333432674408,0.13434197008609772,0.0008584227180108428,5.330323287870701e-05,0.4576420187950134,1.0972470045089722,1.0,48
23562,0.18787716329097748,0.31320902705192566,0.2830530107021332,4.3747358322143555,0.7433837056159973,0.0029296875,0.007610183209180832,2.597609281539917,0.1436389833688736,3.751389980316162,411.50665283203125,0.020013848319649696,0.23219329118728638,5.053600788116455,31.666667938232422,1.4470417499542236,0.04149836674332619,11.459331512451172,0.000776014057919383,2.2291667461395264,14.748254776000977,0.15114783264087953,1.0208333730697632,0.06921723199674695,0.32625919580459595,1.150987148284912,0.2529420852661133,0.2529420852661133,0.0,0.2338016927242279,0.000781579059548676,5.2994681125969545e-05,0.33880993723869324,0.10836965590715408,1.0,48
23573,0.2928125560283661,0.5248093605041504,0.5292856693267822,3.013442039489746,0.7059919834136963,0.0546875,0.29524269700050354,5.398723602294922,1.2475289106369019,7.286011695861816,15.345878601074219,0.2120925486087799,0.6167406439781189,6.604373931884766,27.553571701049805,3.06636905670166,0.07904186844825745,11.467185020446777,0.0006171584827825427,9.854166984558105,24.690120697021484,0.3991137630103094,7.208333492279053,0.2919521365575631,0.8581401705741882,1.1053907871246338,0.2947196960449219,0.2947196960449219,0.0,0.152690127491951,0.0016947006806731224,6.863881715212417e-05,0.3704293668270111,2.1811606884002686,1.0,48
23606,0.3194916844367981,0.5680245757102966,0.4355113208293915,4.328971862792969,0.6086045503616333,0.00634765625,0.0354318805038929,5.581883907318115,0.45887091755867004,7.4796552658081055,185.7306365966797,0.03844451159238815,0.331358939409256,5.263448715209961,30.153846740722656,2.2709696292877197,0.03381417319178581,11.466537475585938,0.0004773261025547981,6.1041669845581055,25.82257080078125,0.23638881772412598,3.6666667461395264,0.1419946438721216,0.6245862245559692,1.0343337059020996,0.3156639337539673,0.3156639337539673,0.0,0.3772530257701874,0.0015736042987555265,6.093910286029797e-05,0.589333713054657,0.5961093306541443,1.0,48
23652,0.26174256205558777,0.3519003689289093,0.23729856312274933,6.392829418182373,0.5276538133621216,0.005859375,0.019062405452132225,3.25331711769104,0.2626056373119354,5.760148048400879,260.5706787109375,0.03595767915248871,0.31889808177948,5.276577949523926,29.66666603088379,1.4138323068618774,0.021632205694913864,11.475893020629883,0.00046796409878879786,2.8541667461395264,13.476866722106934,0.211782664537287,1.7291667461395264,0.12830628813891917,0.30099809169769287,1.3164873123168945,0.21836328506469727,0.2692767083644867,0.2083333432674408,0.3235648274421692,0.0007300290162675083,5.4169046172157083e-05,0.3918685019016266,0.5708485245704651,1.0,48
23750,0.25529664754867554,0.4220004379749298,0.33096882700920105,3.9023232460021973,0.7644333243370056,0.00341796875,0.011323034763336182,3.3127963542938232,0.20199662446975708,4.627507209777832,380.2240905761719,0.02282176911830902,0.24921725690364838,5.086159706115723,33.14285659790039,1.7411075830459595,0.044674552977085114,11.459543228149414,0.0006509179947897792,2.125,15.382064819335938,0.13814790300111734,0.875,0.05688443064751891,0.3626229166984558,1.0037527084350586,0.21435466408729553,0.21435466408729553,0.0,0.16368277370929718,0.0006681778468191624,4.343876158582075e-05,0.42483392357826233,0.04898649454116821,1.0,48
23894,0.29650387167930603,0.5117159485816956,0.2590203285217285,5.682616233825684,0.6033450365066528,0.0029296875,0.0066435676999390125,2.2676711082458496,0.12303636968135834,2.604323387145996,346.5860290527344,0.020013848319649696,0.23452717065811157,4.678097724914551,24.5,1.5126376152038574,0.023420462384819984,11.46889591217041,0.0004487690166570246,2.7916667461395264,15.483027458190918,0.1803049663171406,1.6666667461395264,0.10764475807871601,0.3270937204360962,0.9971699714660645,0.21210452914237976,0.21210452914237976,0.0,0.14433690905570984,0.0008513154461979866,5.4983784530962715e-05,0.41463735699653625,0.14142031967639923,1.0,48
23968,0.2688741385936737,0.35183417797088623,0.18429134786128998,8.606441497802734,0.5368078947067261,0.00341796875,0.010742480866611004,3.1429429054260254,0.1997908055782318,6.312971591949463,579.9503784179688,0.02282176911830902,0.2449807971715927,5.1237592697143555,33.42856979370117,0.9586049914360046,0.016687925904989243,11.468879699707031,0.00048494996735826135,2.4791667461395264,12.127843856811523,0.20441941480825748,1.25,0.10306860920436897,0.24787139892578125,1.329119086265564,0.189504474401474,0.19882528483867645,0.1041666716337204,0.2051437348127365,0.0006575314328074455,5.4216680230095515e-05,0.2842104732990265,0.2557021677494049,1.0,48
24149,0.17017124593257904,0.3880015015602112,0.42162516713142395,3.2154455184936523,0.7222027778625488,0.005859375,0.02202817052602768,3.759474515914917,0.3161064088344574,8.639102935791016,366.9791259765625,0.03595767915248871,0.31411972641944885,5.139716148376465,26.5,2.170806407928467,0.037793777883052826,11.467134475708008,0.0004981135716661811,4.0416669845581055,17.57135581970215,0.2300145204347965,2.0208334922790527,0.11500726021739825,0.4520782232284546,1.1870832443237305,0.23431073129177094,0.24782538414001465,0.0833333358168602,0.15722337365150452,0.0007764256442897022,4.418700820896547e-05,0.38836756348609924,0.3181680738925934,1.0,48
24366,0.24282431602478027,0.3504677712917328,0.2099006325006485,7.797946453094482,0.5360734462738037,0.00390625,0.00951251108199358,2.4352028369903564,0.15255513787269592,2.807901382446289,259.16650390625,0.02555946074426174,0.2721952795982361,5.297739505767822,38.375,1.023459553718567,0.018360868096351624,11.469827651977539,0.0005050247418694198,3.125,12.20911979675293,0.25595620728298085,1.5625,0.12797810364149043,0.26801544427871704,1.2559623718261719,0.23243704438209534,0.28913140296936035,0.2291666716337204,0.21428735554218292,0.0005244159838184714,4.295280840215968e-05,0.26566678285598755,0.09346846491098404,1.0,48
24488,0.23485814034938812,0.31896716356277466,0.2906510531902313,4.383474349975586,0.7292512655258179,0.00537109375,0.016008339822292328,2.980461835861206,0.22509871423244476,4.391049385070801,232.64511108398438,0.03342986851930618,0.31027141213417053,5.448910236358643,31.272727966308594,1.5012582540512085,0.03819978982210159,11.465450286865234,0.0007364469929598272,2.4791667461395264,13.36413860321045,0.18550890692564878,1.3125,0.09821059463590073,0.33322674036026,1.1529507637023926,0.227932870388031,0.23410730063915253,0.0833333358168602,0.13455058634281158,0.0007545965490862727,5.6464286320732565e-05,0.2798188328742981,0.3126019537448883,1.0,48
24564,0.21733127534389496,0.30972999334335327,0.3080407381057739,6.580933094024658,0.43165141344070435,0.00244140625,0.00877416506409645,3.593898057937622,0.18445457518100739,4.722192764282227,513.2239379882812,0.01712392456829548,0.20556679368019104,4.464052200317383,31.0,1.5532158613204956,0.02295582927763462,11.466741561889648,0.00045582110760733485,3.5833334922790527,14.413474082946777,0.24860997904957238,1.875,0.13008661117429904,0.35532888770103455,0.8811308741569519,0.2422865331172943,0.2422865331172943,0.0,0.18263012170791626,0.0006585888331755996,4.569258104802641e-05,0.31672266125679016,0.14156173169612885,1.0,48
24668,0.21801875531673431,0.263224333524704,0.20882293581962585,5.587075710296631,0.7025775909423828,0.0078125,0.024182729423046112,3.0953893661499023,0.2825993001461029,4.5630998611450195,160.38455200195312,0.04568839073181152,0.3588661253452301,5.785870552062988,33.875,1.0793418884277344,0.014520484022796154,11.46696662902832,0.0004552971222437918,2.125,11.929914474487305,0.1781236573626054,0.8958333730697632,0.07509134908172496,0.2684161365032196,1.338269591331482,0.20850495994091034,0.2097943276166916,0.0416666679084301,0.17073816061019897,0.0006098737358115613,5.112138369512973e-05,0.23725305497646332,0.47897282242774963,1.0,48
24796,0.3057720959186554,0.6115354895591736,0.3711996078491211,3.9626669883728027,0.6771336793899536,0.0302734375,0.12023856490850449,3.9717512130737305,0.7023298144340515,5.876378059387207,35.36708068847656,0.13569138944149017,0.5370442867279053,6.749248504638672,41.30644989013672,1.8875267505645752,0.042735133320093155,11.451347351074219,0.0006742551922798157,5.0625,16.398223876953125,0.30872245890165356,3.8125,0.23249469127161565,0.4981105923652649,1.1669021844863892,0.3025254011154175,0.3025254011154175,0.0,0.16701126098632812,0.0009748490992933512,5.9448456492228265e-05,0.34279441833496094,1.6638723611831665,1.0,48
24823,0.2253774255514145,0.30816859006881714,0.23769770562648773,7.679476261138916,0.5695024728775024,0.00244140625,0.009340915828943253,3.8260390758514404,0.212622731924057,7.709529876708984,908.319091796875,0.01712392456829548,0.19614961743354797,4.825915336608887,33.599998474121094,1.2536307573318481,0.018568020313978195,11.464168548583984,0.00047400605399161577,1.8541667461395264,13.045345306396484,0.1421324389021005,0.9583333730697632,0.07346170989166913,0.2786738872528076,1.0081510543823242,0.24942660331726074,0.25846946239471436,0.0416666679084301,0.15032945573329926,0.0005606713821180165,4.2978653958153e-05,0.2753867506980896,0.3410967290401459,1.0,48
24850,0.18282145261764526,0.26116105914115906,0.26526570320129395,5.9489006996154785,0.5790760517120361,0.00244140625,0.006851716432720423,2.8064630031585693,0.14298304915428162,4.123808860778809,524.0823974609375,0.01712392456829548,0.20706357061862946,4.399326801300049,23.600000381469727,1.310657024383545,0.021208010613918304,11.467556953430176,0.00046600704081356525,2.2083334922790527,12.69964599609375,0.1738893738628159,1.0625,0.08366374932735715,0.3125479817390442,1.3034390211105347,0.21056386828422546,0.2116960734128952,0.02083333395421505,0.13203689455986023,0.0006340139079838991,4.992374651070402e-05,0.2798132300376892,0.10414338111877441,1.0,48
24900,0.23549000918865204,0.38810136914253235,0.26728129386901855,6.998876094818115,0.5429511070251465,0.046875,0.16631188988685608,3.5479869842529297,0.7905473113059998,7.460762023925781,27.195913314819336,0.189208984375,0.5921720266342163,6.035923957824707,32.46875,1.7056033611297607,0.021147120743989944,11.475364685058594,0.0004040717612951994,4.4375,13.473855972290039,0.32934150445370836,2.5625,0.19018312229016962,0.3447691798210144,1.3129596710205078,0.3418560028076172,0.37852025032043457,0.125,0.23950275778770447,0.0006675070617347956,4.954090815666748e-05,0.2910038232803345,1.7761269807815552,1.0,48
25078,0.3372216522693634,0.4305586516857147,0.29064518213272095,5.564815998077393,0.6173011064529419,0.015625,0.054213736206293106,3.469679117202759,0.45199915766716003,5.968388557434082,85.74951934814453,0.08048483729362488,0.4481655955314636,6.140392303466797,33.71875,1.5314505100250244,0.03018392249941826,11.45129108428955,0.0005912284832447767,3.25,15.165399551391602,0.21430361836782194,1.6875,0.11127303261406138,0.4152122139930725,1.188363790512085,0.2165515124797821,0.2165515124797821,0.0,0.1790919303894043,0.0008397576166316867,5.537326024495652e-05,0.3410896062850952,1.1546086072921753,1.0,48
25373,0.24795623123645782,0.3806873857975006,0.2589823305606842,5.049559593200684,0.6653193235397339,0.0390625,0.1367436647415161,3.5006377696990967,0.7307904362678528,8.33954906463623,42.588722229003906,0.16495318710803986,0.5658498406410217,5.542560577392578,29.5,1.3480998277664185,0.01935412921011448,11.469182968139648,0.00046111911069601774,5.2916669845581055,15.112966537475586,0.35014085209114726,2.8541667461395264,0.1888554928758362,0.33683276176452637,1.4394831657409668,0.2640976011753082,0.3069389760494232,0.1666666716337204,0.40956854820251465,0.0008204259793274105,5.428623008925083e-05,0.4468332827091217,1.5829200744628906,1.0,48
25387,0.18701766431331635,0.26752758026123047,0.2648907005786896,4.879608154296875,0.7056969404220581,0.00244140625,0.006328021176159382,2.5919575691223145,0.12943929433822632,3.2143757343292236,443.0888671875,0.01712392456829548,0.2095590978860855,4.985116481781006,34.599998474121094,1.3519959449768066,0.03183648735284805,11.466164588928223,0.0006040121661499143,1.9791667461395264,13.416727066040039,0.14751486967890826,0.7708333730697632,0.057453160424373435,0.29526078701019287,0.859948992729187,0.22897014021873474,0.2293451726436615,0.0416666679084301,0.1870894730091095,0.0005571680958382785,4.1527869850858386e-05,0.3876208961009979,0.10180560499429703,1.0,48
25389,0.1832953542470932,0.3480987548828125,0.2564842700958252,5.349020957946777,0.6633120775222778,0.00244140625,0.00878958310931921,3.6002132892608643,0.19159258902072906,6.066896915435791,662.7747192382812,0.01712392456829548,0.20096158981323242,4.8455963134765625,32.0,1.2850168943405151,0.03814726322889328,11.45928955078125,0.0008178357384167612,1.9166667461395264,13.352882385253906,0.14353955119239112,1.0208333730697632,0.07645041294099947,0.2986757755279541,1.3545329570770264,0.22491411864757538,0.2251824587583542,0.02083333395421505,0.19255739450454712,0.0008081011474132538,6.051885454338173e-05,0.3207382559776306,0.2046917825937271,1.0,48
25452,0.19844110310077667,0.34278061985969543,0.2380957007408142,6.943851947784424,0.5648941993713379,0.00390625,0.014006962068378925,3.585782289505005,0.24266880750656128,6.839156627655029,455.23486328125,0.02555946074426174,0.26227623224258423,5.210206508636475,31.75,1.2064988613128662,0.017551634460687637,11.463863372802734,0.0004916419857181609,2.1875,12.904272079467773,0.16951750434535526,0.7916666865348816,0.06134919358845704,0.27920883893966675,1.1292502880096436,0.21526877582073212,0.21526877582073212,0.0,0.14050395786762238,0.0007713438826613128,5.9774303991223904e-05,0.30332672595977783,0.11262500286102295,1.0,48
25465,0.1810237467288971,0.2239965945482254,0.2793867290019989,5.532947063446045,0.6219320297241211,0.0029296875,0.010724450461566448,3.6606123447418213,0.2171737402677536,7.326962471008301,708.9735717773438,0.020013848319649696,0.22392283380031586,5.103094100952148,34.0,1.406632900238037,0.025590719655156136,11.465303421020508,0.0005698928143829107,2.3958334922790527,14.176008224487305,0.16900621477141103,1.0416667461395264,0.073480963675329,0.324679434299469,0.8752767443656921,0.245904803276062,0.26027536392211914,0.125,0.2849358320236206,0.0007508471026085317,5.2966045884614787e-05,0.3903268873691559,0.11738475412130356,1.0,48
25539,0.34425488114356995,0.43337327241897583,0.2613963484764099,7.513854026794434,0.483047217130661,0.0048828125,0.014188649132847786,2.9058353900909424,0.21384084224700928,5.397792339324951,322.4948425292969,0.03085736557841301,0.29545021057128906,5.116911888122559,30.200000762939453,1.3156081438064575,0.020752375945448875,11.469134330749512,0.0004554658953566104,3.4375,15.333514213562012,0.22418213788968336,2.4166667461395264,0.15760684151751672,0.34786829352378845,1.1409025192260742,0.2603880763053894,0.33277153968811035,0.2083333432674408,0.22568367421627045,0.0007196476217359304,4.6932986870687136e-05,0.34318050742149353,0.25948283076286316,1.0,48
25595,0.17398273944854736,0.32902830839157104,0.24312283098697662,4.664675235748291,0.8078525066375732,0.00390625,0.010610940866172314,2.7164008617401123,0.17344866693019867,4.158150672912598,312.8246154785156,0.02555946074426174,0.2699195444583893,5.116430282592773,29.25,1.224491000175476,0.019931813701987267,11.468758583068848,0.0004708839696832001,3.125,13.982521057128906,0.2234933160477383,1.6666667461395264,0.11919644090918938,0.2982777953147888,1.445878267288208,0.2573319673538208,0.2716990113258362,0.0833333358168602,0.2390429675579071,0.000747524609323591,5.346136120480622e-05,0.33092787861824036,0.2629189193248749,1.0,48
25709,0.23835399746894836,0.4152498245239258,0.30316948890686035,4.898508548736572,0.5702172517776489,0.00390625,0.015086844563484192,3.862232208251953,0.271416038274765,8.92021656036377,638.9490356445312,0.02555946074426174,0.25858744978904724,5.100930690765381,31.625,1.5118014812469482,0.021800518035888672,11.467964172363281,0.00046144210500642657,3.375,13.94057846069336,0.24209899231191215,1.7291667461395264,0.1240383783050807,0.35287564992904663,1.32841157913208,0.24053829908370972,0.24053829908370972,0.0,0.21180860698223114,0.0009796289959922433,7.027176082051921e-05,0.3388703465461731,0.5224072337150574,1.0,48
25717,0.2411225289106369,0.8855875134468079,0.1410706341266632,7.5483503341674805,0.689224362373352,0.06494140625,0.21010521054267883,3.235304355621338,0.8445391058921814,7.381936073303223,19.50384521484375,0.24035285413265228,0.6346089839935303,7.007706165313721,33.54135513305664,1.0513170957565308,0.024199556559324265,11.485343933105469,0.000566773465834558,3.375,9.923938751220703,0.34008674188804194,1.1666667461395264,0.1175608570559155,0.20858851075172424,1.3485006093978882,0.18353015184402466,0.24784806370735168,0.2291666716337204,0.2093164473772049,0.00043962523341178894,4.429947060230674e-05,0.20118556916713715,1.5712248086929321,1.0,48
25892,0.22360992431640625,0.29350849986076355,0.2826659679412842,5.014986038208008,0.6635900139808655,0.0029296875,0.008236228488385677,2.8112993240356445,0.15236851572990417,3.1603198051452637,343.5352478027344,0.020013848319649696,0.23466627299785614,5.005398750305176,35.66666793823242,1.5095165967941284,0.02396264672279358,11.470545768737793,0.00047760389861650765,2.6458334922790527,14.508708000183105,0.1823617575336166,1.7291667461395264,0.11918130442255027,0.33675122261047363,1.027862787246704,0.3697683811187744,0.38143467903137207,0.0416666679084301,0.16456598043441772,0.0006893298123031855,4.751145393644777e-05,0.33366334438323975,0.12166780233383179,1.0,48
26099,0.21123962104320526,0.2868901491165161,0.21162143349647522,6.701081275939941,0.6444364786148071,0.00244140625,0.007094245404005051,2.9058029651641846,0.14661914110183716,3.8116989135742188,476.1631774902344,0.01712392456829548,0.20817308127880096,5.137292385101318,40.79999923706055,1.0798064470291138,0.028502672910690308,11.461270332336426,0.0006995054427534342,1.75,11.980554580688477,0.14607003263105486,0.7083333730697632,0.05912358795312312,0.2478630244731903,1.098360538482666,0.22209201753139496,0.22209201753139496,0.0,0.14886462688446045,0.000557989114895463,4.6574564697459256e-05,0.24710524082183838,0.10180888324975967,1.0,48
26116,0.2669997215270996,0.32533857226371765,0.24936527013778687,7.413111686706543,0.5188119411468506,0.00341796875,0.012562200427055359,3.6753408908843994,0.22856073081493378,5.902536392211914,434.0166931152344,0.02282176911830902,0.24659863114356995,5.100915431976318,32.57143020629883,1.4033503532409668,0.020707255229353905,11.472770690917969,0.0004665587330237031,1.9166667461395264,13.48054313659668,0.14218023156013646,1.0833333730697632,0.08036273919298743,0.2969829738140106,1.184953212738037,0.23210088908672333,0.23210088908672333,0.0,0.1291601061820984,0.0007679254631511867,5.6965469031940187e-05,0.4092305898666382,0.16975362598896027,1.0,48
26170,0.17635110020637512,0.3778245151042938,0.4025576114654541,3.1413276195526123,0.7879770994186401,0.009765625,0.039089519530534744,4.0027666091918945,0.40823453664779663,6.875649452209473,132.59481811523438,0.05492175742983818,0.38830116391181946,5.977055072784424,32.75,1.973330020904541,0.06741606444120407,11.460775375366211,0.0008860738016664982,3.4166667461395264,15.482831954956055,0.22067453511559335,2.0416667461395264,0.13186649256160943,0.4362432360649109,0.8834502100944519,0.2734730839729309,0.30532991886138916,0.125,0.2512438893318176,0.000991914188489318,6.406542360818894e-05,0.3506753444671631,0.8531505465507507,1.0,48
26238,0.20405304431915283,0.28737717866897583,0.2643304765224457,4.985373497009277,0.6706873178482056,0.0048828125,0.012603307142853737,2.5811572074890137,0.18324823677539825,3.5307273864746094,231.97113037109375,0.03085736557841301,0.29967594146728516,5.347046852111816,33.599998474121094,1.3827353715896606,0.04663698747754097,11.467321395874023,0.0008511538035236299,2.1041667461395264,13.452398300170898,0.15641573328591063,1.0,0.07433618726884812,0.30855298042297363,1.1320359706878662,0.2665843665599823,0.2723833918571472,0.0416666679084301,0.15766239166259766,0.0006499008741229773,4.831115308499373e-05,0.29226142168045044,0.2591371238231659,1.0,48
26273,0.251165509223938,0.3014790713787079,0.21901638805866241,6.219377040863037,0.6176746487617493,0.0078125,0.025215454399585724,3.2275781631469727,0.2976708710193634,5.565521717071533,178.81626892089844,0.04568839073181152,0.3577687442302704,5.241107940673828,23.8125,1.1150431632995605,0.015724143013358116,11.467220306396484,0.0004610629694070667,4.1666669845581055,14.139442443847656,0.29468396636985233,1.8333333730697632,0.1296609381207158,0.29780033230781555,1.491520643234253,0.23376649618148804,0.2566079795360565,0.1041666716337204,0.15821044147014618,0.0006919519510120153,4.893771117712777e-05,0.3455100953578949,0.25381386280059814,1.0,48
26314,0.23821447789669037,0.3399108052253723,0.22580406069755554,8.405970573425293,0.510459303855896,0.0029296875,0.007964154705405235,2.7184314727783203,0.15103760361671448,4.038837909698486,427.0317687988281,0.020013848319649696,0.23158486187458038,5.2010498046875,40.66666793823242,1.1686755418777466,0.019687168300151825,11.467081069946289,0.00047824252396821976,2.6458334922790527,12.610559463500977,0.2098109523085663,1.375,0.10903560646054895,0.2901403605937958,1.6028978824615479,0.25102123618125916,0.2539759576320648,0.0416666679084301,0.18196533620357513,0.0006298929220065475,4.994964127722994e-05,0.3510306179523468,0.24848926067352295,1.0,48
26348,0.3182692229747772,0.5525980591773987,0.2380877435207367,11.027897834777832,0.3605039119720459,0.0029296875,0.010634750127792358,3.6299946308135986,0.21009235084056854,6.487616539001465,570.6878051757812,0.020013848319649696,0.22636385262012482,4.558554649353027,26.33333396911621,1.1986972093582153,0.01879895105957985,11.469745635986328,0.0004745995393022895,5.020833492279053,14.772968292236328,0.3398662604264168,2.2916667461395264,0.15512567950156736,0.2937978208065033,1.4916536808013916,0.19289863109588623,0.19779722392559052,0.0625,0.19987505674362183,0.0006030352087691426,4.082017888563771e-05,0.3488316535949707,0.1919339895248413,1.0,48
26407,0.23456107079982758,0.364052414894104,0.38521525263786316,4.664140224456787,0.5869023203849792,0.0048828125,0.020376378670334816,4.17308235168457,0.31239381432533264,6.901669979095459,315.3919372558594,0.03085736557841301,0.2923368513584137,5.049511909484863,27.799999237060547,2.0469441413879395,0.038327667862176895,11.464661598205566,0.0005140029825270176,3.2083334922790527,18.68832015991211,0.1716758629512575,1.7708333730697632,0.09475615555435399,0.44517311453819275,0.9174532890319824,0.23498117923736572,0.23498117923736572,0.0,0.13351687788963318,0.0014899506932124496,7.972630389815591e-05,0.47153717279434204,0.6161593794822693,1.0,48
26589,0.23075640201568604,0.37995830178260803,0.4104820489883423,4.672063827514648,0.5354223251342773,0.0087890625,0.03480931371450424,3.960526466369629,0.42748183012008667,11.678726196289062,353.0911865234375,0.05035991966724396,0.36210352182388306,5.829826354980469,33.33333206176758,2.267413854598999,0.03020886704325676,11.473939895629883,0.00043440464651212096,4.520833492279053,17.67146110534668,0.2558268081382903,2.7708334922790527,0.15679707943746304,0.4698300361633301,1.1486074924468994,0.2459118813276291,0.2459118813276291,0.0,0.15872511267662048,0.0009448201744817197,5.3465877457138846e-05,0.3515242338180542,0.7356099486351013,1.0,48
26606,0.22729699313640594,0.28978562355041504,0.2230352759361267,7.122256755828857,0.6025328636169434,0.00439453125,0.010232317261397839,2.328420639038086,0.15456657111644745,2.68715238571167,228.9083709716797,0.02823571488261223,0.2877454161643982,5.507612705230713,35.44444274902344,1.1946574449539185,0.01916869916021824,11.468252182006836,0.0005041072145104408,2.0833334922790527,12.573148727416992,0.1656970370579621,1.1041667461395264,0.08781942926146952,0.272610068321228,1.451444149017334,0.22895175218582153,0.22895175218582153,0.0,0.18316026031970978,0.0007001719204708934,5.568787382489325e-05,0.278791218996048,0.29178863763809204,1.0,48
26846,0.19235150516033173,0.26423656940460205,0.30448833107948303,4.362187385559082,0.6847414374351501,0.00341796875,0.012893963605165482,3.7724053859710693,0.2437593936920166,7.634027004241943,587.28271484375,0.02282176911830902,0.2421148419380188,5.443572044372559,43.42856979370117,1.5283405780792236,0.021197810769081116,11.464597702026367,0.0004665323649533093,2.6458334922790527,14.182368278503418,0.1865579456446517,1.3333333730697632,0.09401345007734685,0.3386656939983368,1.046056866645813,0.2147984504699707,0.2147984504699707,0.0,0.18650154769420624,0.0006383776199072599,4.501206053327107e-05,0.327281653881073,0.34208282828330994,1.0,48
26876,0.3280503749847412,0.5019373893737793,0.2056431919336319,7.381564617156982,0.5719051957130432,0.00439453125,0.01906626671552658,4.338634967803955,0.3086514472961426,7.871085166931152,378.66888427734375,0.02823571488261223,0.27884599566459656,5.352586269378662,33.44444274902344,1.167108416557312,0.01882137358188629,11.46868896484375,0.0004978047218173742,2.0208334922790527,12.532424926757812,0.16124840184375763,1.0,0.07979301731678305,0.264530748128891,1.0886121988296509,0.22731143236160278,0.25101929903030396,0.1458333432674408,0.1793905794620514,0.0005327987018972635,4.2513616046847884e-05,0.2684924304485321,0.6188064217567444,1.0,48
26911,0.20526829361915588,0.3039162755012512,0.3142370283603668,4.093842506408691,0.7158791422843933,0.0029296875,0.011372335255146027,3.8817570209503174,0.21406087279319763,4.513082981109619,374.8411560058594,0.020013848319649696,0.2320299595594406,5.027156829833984,33.83333206176758,1.8791465759277344,0.042293354868888855,11.476242065429688,0.0005207592621445656,2.7291667461395264,14.470273971557617,0.18860504988487797,1.6875,0.116618386227567,0.34956642985343933,0.9388712644577026,0.25825685262680054,0.25825685262680054,0.0,0.19787125289440155,0.0007785281050018966,5.380189110407527e-05,0.31482014060020447,0.3968799114227295,1.0,48
27031,0.2197183221578598,0.2894064486026764,0.28144991397857666,4.430368900299072,0.7412840723991394,0.0029296875,0.007527738809585571,2.5694682598114014,0.14424939453601837,4.09233283996582,469.4215393066406,0.020013848319649696,0.23037616908550262,5.211288928985596,37.16666793823242,1.3760778903961182,0.03263487666845322,11.46394157409668,0.0007049115374684334,2.0833334922790527,14.070714950561523,0.14806166553145161,1.1875,0.084395142914089,0.32888516783714294,1.073859691619873,0.2096002995967865,0.22561828792095184,0.1458333432674408,0.1732754409313202,0.0006493937107734382,4.6152147392197807e-05,0.3320203721523285,0.1368105262517929,1.0,48
27066,0.23015959560871124,0.3125167489051819,0.18545129895210266,7.770986557006836,0.594108521938324,0.00390625,0.011006553657352924,2.8176777362823486,0.1832691878080368,4.589349746704102,351.4020080566406,0.02555946074426174,0.26743966341018677,5.312524318695068,36.75,1.1118507385253906,0.01513417437672615,11.48239517211914,0.0004344289773143828,2.3958334922790527,12.894801139831543,0.18579840545353052,1.0416667461395264,0.0807819162184703,0.2505562901496887,1.6597623825073242,0.23671869933605194,0.24446246027946472,0.0416666679084301,0.18880008161067963,0.0006080146413296461,4.71519207054689e-05,0.27825140953063965,0.17125172913074493,1.0,48
27080,0.25020191073417664,0.3307754695415497,0.21047766506671906,6.68654727935791,0.5673881769180298,0.00439453125,0.013584138825535774,3.091146230697632,0.20902422070503235,4.253794193267822,262.1135559082031,0.02823571488261223,0.28528502583503723,5.306148052215576,30.22222137451172,1.2285850048065186,0.01831572689116001,11.476716995239258,0.0004449051048140973,2.2291667461395264,12.801417350769043,0.17413436991523956,0.8541666865348816,0.0667243839070932,0.27347737550735474,0.7762224674224854,0.21799331903457642,0.21799331903457642,0.0,0.1505221426486969,0.0005890723550692201,4.601618230763094e-05,0.30677035450935364,0.1611657589673996,1.0,48
27179,0.4909510612487793,0.6371716260910034,0.31358611583709717,8.1611967086792,0.4320255517959595,0.0029296875,0.021620724350214005,7.379873752593994,0.41568735241889954,9.673480987548828,419.4941711425781,0.020013848319649696,0.22882869839668274,4.460658073425293,25.16666603088379,1.6861481666564941,0.03738198056817055,11.452903747558594,0.0006576235755346715,3.5,18.49425506591797,0.189247957575619,1.9791667461395264,0.10701521840242542,0.4543095827102661,0.7391395568847656,0.3138166666030884,0.3138166666030884,0.0,0.2423914074897766,0.0006509459926746786,3.519719988734764e-05,0.5512000918388367,0.8484561443328857,1.0,48
27236,0.38091516494750977,0.6490582823753357,0.3213558495044708,7.507800102233887,0.44395413994789124,0.00439453125,0.024189315736293793,5.50441312789917,0.3777017295360565,6.856808662414551,269.9183654785156,0.02823571488261223,0.28270843625068665,5.272900581359863,38.33333206176758,1.6447166204452515,0.03429320454597473,11.459371566772461,0.0005836492637172341,3.625,14.41444206237793,0.2514838924599451,2.0833334922790527,0.1445309837049675,0.41021308302879333,0.923304557800293,0.2635588049888611,0.2635588049888611,0.0,0.21475237607955933,0.0007557417266070843,5.2429481683185996e-05,0.3389027714729309,0.4202042818069458,1.0,48
27591,0.22406835854053497,0.2695232927799225,0.177609384059906,7.254139423370361,0.6365953683853149,0.01171875,0.036696575582027435,3.131441116333008,0.3526413142681122,5.780385971069336,118.18622589111328,0.0637580007314682,0.41114017367362976,5.982885360717773,36.95833206176758,1.0739963054656982,0.02268974855542183,11.475854873657227,0.0005536978715099394,2.4791667461395264,13.553382873535156,0.18291866816152988,1.5625,0.11528487119611645,0.2573070228099823,1.2901581525802612,0.20759403705596924,0.20929782092571259,0.02083333395421505,0.1646079123020172,0.0005705352523364127,4.209541317020617e-05,0.2993640899658203,1.0173354148864746,1.0,48
27639,0.25530797243118286,0.3781526982784271,0.26102688908576965,5.482821941375732,0.6690434813499451,0.00390625,0.013941430486738682,3.5690062046051025,0.23632033169269562,6.289306163787842,393.9386291503906,0.02555946074426174,0.26502108573913574,5.271272659301758,32.0,1.344469666481018,0.050713010132312775,11.454940795898438,0.0010350170778110623,1.7291667461395264,14.440185546875,0.11974685085097585,0.625,0.04328199229423588,0.317191481590271,1.2342939376831055,0.26419854164123535,0.27384722232818604,0.0416666679084301,0.19559518992900848,0.0006484798504970968,4.490799982749212e-05,0.42449575662612915,0.280648797750473,1.0,48
27691,0.1826239675283432,0.24829784035682678,0.37928497791290283,4.683379650115967,0.5564498901367188,0.0029296875,0.010513994842767715,3.5887768268585205,0.2056751251220703,6.035738945007324,521.59228515625,0.020013848319649696,0.22746415436267853,4.723041534423828,29.83333396911621,1.9226421117782593,0.03282604739069939,11.466790199279785,0.00048669110401533544,2.9375,15.869624137878418,0.1851020523628916,1.75,0.11027356310980777,0.40691491961479187,1.0014734268188477,0.26584404706954956,0.2747045159339905,0.0625,0.16131006181240082,0.0010343895992264152,6.518047242881305e-05,0.3861657977104187,0.21340763568878174,1.0,48
27726,0.2067132443189621,0.5012094378471375,0.27337056398391724,5.971017837524414,0.5819962620735168,0.00244140625,0.007724773604422808,3.164067268371582,0.16113786399364471,4.6582841873168945,524.7488403320312,0.01712392456829548,0.20714685320854187,4.988316535949707,38.79999923706055,1.4328079223632812,0.04060811176896095,11.463388442993164,0.0007397467270493507,2.125,14.180594444274902,0.14985267414931214,1.1041667461395264,0.07786463040741304,0.3069748878479004,1.0899604558944702,0.21826747059822083,0.21826747059822083,0.0,0.2050502449274063,0.0008666864596307278,6.111778052925385e-05,0.3659539520740509,0.2103816717863083,1.0,48
27754,0.20365972816944122,0.27649250626564026,0.24705947935581207,7.297943592071533,0.553403913974762,0.0068359375,0.020091446116566658,2.939091444015503,0.26002901792526245,6.790475845336914,298.5371398925781,0.04089350998401642,0.33826741576194763,5.19221305847168,31.928569793701172,1.2295567989349365,0.019927989691495895,11.469030380249023,0.00046659671352244914,2.6458334922790527,13.799051284790039,0.19174024617750438,1.4791667461395264,0.10719336529301833,0.3031728267669678,1.233809471130371,0.3557010591030121,0.3888819217681885,0.1041666716337204,0.2812815308570862,0.0007464255904778838,5.40925295900381e-05,0.3785047233104706,0.4037058353424072,1.0,48
28014,0.24103699624538422,0.28099119663238525,0.28414565324783325,8.802986145019531,0.4077526926994324,0.00390625,0.010980520397424698,2.8110132217407227,0.1795075684785843,3.931131362915039,302.1358642578125,0.02555946074426174,0.2697329521179199,5.136378288269043,31.125,1.6651753187179565,0.024784935638308525,11.477943420410156,0.0004447985265869647,2.8333334922790527,14.455153465270996,0.19600853751751224,1.5,0.10376921992326885,0.3273616433143616,1.2367582321166992,0.22188812494277954,0.2234770655632019,0.02083333395421505,0.1817980855703354,0.0006490899249911308,4.490370345092182e-05,0.31254321336746216,0.24416951835155487,1.0,48
28170,0.2288833111524582,0.2793940305709839,0.17312267422676086,7.051436901092529,0.6106805205345154,0.06005859375,0.23219488561153412,3.8661391735076904,0.974550724029541,9.748405456542969,21.274654388427734,0.22712871432304382,0.6238788366317749,5.73919677734375,29.186992645263672,1.256876826286316,0.01902058534324169,11.464736938476562,0.0004777566355187446,5.083333492279053,12.884836196899414,0.3945206140499552,2.7083334922790527,0.21019541488845836,0.28120753169059753,1.546635627746582,0.25339531898498535,0.26482218503952026,0.0833333358168602,0.2664836049079895,0.0007577252108603716,5.880751595853692e-05,0.30382752418518066,1.9394320249557495,1.0,48
28179,0.2013537436723709,0.2571382522583008,0.2643074691295624,5.439547538757324,0.6180011630058289,0.0029296875,0.008588882163167,2.9316718578338623,0.16083550453186035,3.659522771835327,373.4718933105469,0.020013848319649696,0.23299825191497803,5.072188377380371,33.5,1.3309597969055176,0.019017893821001053,11.465619087219238,0.0004595161881297827,2.375,14.240705490112305,0.1667754452180245,1.1041667461395264,0.07753595818204503,0.30615341663360596,1.0892194509506226,0.27164965867996216,0.2840607166290283,0.0416666679084301,0.12707749009132385,0.0010101436637341976,7.093354073828936e-05,0.34534355998039246,0.20326416194438934,1.0,48
28273,0.337118536233902,0.5274478197097778,0.3187025487422943,5.364949703216553,0.5795350074768066,0.0078125,0.04219043254852295,5.4003753662109375,0.5136063098907471,9.665741920471191,197.50437927246094,0.04568839073181152,0.35282620787620544,5.821586608886719,41.375,1.5838440656661987,0.07182498276233673,11.46104621887207,0.0010033135768026114,4.833333492279053,14.478776931762695,0.33382194585357194,2.7708334922790527,0.19137206847125596,0.38634055852890015,1.3043577671051025,0.28623420000076294,0.28661680221557617,0.02083333395421505,0.19665075838565826,0.0009268680587410927,6.401563215382007e-05,0.3214947283267975,0.9596017003059387,1.0,48
28307,0.35504576563835144,0.47757813334465027,0.2892247140407562,8.4571533203125,0.4351283013820648,0.00439453125,0.023124737665057182,5.262162685394287,0.3698098361492157,9.224055290222168,343.96343994140625,0.02823571488261223,0.28018203377723694,4.666790962219238,24.11111068725586,1.4961133003234863,0.030476802960038185,11.46316146850586,0.0005786130204796791,3.25,15.16651439666748,0.21428786554748794,1.4375,0.09478117129985043,0.3916342854499817,1.0477209091186523,0.328362375497818,0.33316242694854736,0.0416666679084301,0.10715386271476746,0.0008824974647723138,5.818723017757802e-05,0.3631324768066406,0.17827551066875458,1.0,48
28485,0.2487499713897705,0.4478774964809418,0.2742697298526764,8.070140838623047,0.42742010951042175,0.00439453125,0.013445800170302391,3.059666633605957,0.2083078771829605,4.690366268157959,282.92584228515625,0.02823571488261223,0.28453901410102844,4.470967769622803,21.88888931274414,1.3573153018951416,0.019835172221064568,11.464788436889648,0.00048267035163007677,2.6875,14.277565002441406,0.1882323769955258,1.375,0.09630493706747832,0.33719873428344727,1.1487127542495728,0.22297272086143494,0.2246711701154709,0.0416666679084301,0.1888965368270874,0.0005991884390823543,4.196713084900851e-05,0.3083430826663971,0.21653993427753448,1.0,48
28640,0.22807422280311584,0.2684227526187897,0.28837767243385315,6.80869197845459,0.4741608500480652,0.00244140625,0.007292395457625389,2.9869651794433594,0.15051846206188202,3.9341297149658203,470.2840270996094,0.01712392456829548,0.20831041038036346,4.1450347900390625,21.0,1.5092570781707764,0.021271709352731705,11.46670150756836,0.00044466619146987796,5.5,17.094221115112305,0.3217461596960514,3.6666667461395264,0.21449744444647442,0.3935267925262451,1.2376811504364014,0.23900994658470154,0.29465097188949585,0.1666666716337204,0.20827433466911316,0.0008271964034065604,4.8390412020081196e-05,0.40328872203826904,0.04407661035656929,1.0,48
28644,0.20076587796211243,0.25062471628189087,0.2721961736679077,4.461882591247559,0.7727435827255249,0.0029296875,0.006992240436375141,2.3866846561431885,0.13041433691978455,3.1032071113586426,369.7259521484375,0.020013848319649696,0.2336471527814865,5.209532260894775,39.83333206176758,1.3012446165084839,0.034535836428403854,11.464950561523438,0.0005595054244622588,3.25,17.23489761352539,0.18857089093258064,1.7916667461395264,0.10395575217655639,0.34604305028915405,1.1301134824752808,0.35904690623283386,0.36033377051353455,0.0416666679084301,0.3331877589225769,0.0010311119258403778,5.9826982925208944e-05,0.3127368092536926,0.1559714823961258,1.0,48
28652,0.2305232137441635,0.3667955994606018,0.20806913077831268,7.2141828536987305,0.6212918162345886,0.00390625,0.012478550896048546,3.1945090293884277,0.20075060427188873,3.9418742656707764,266.09375,0.02555946074426174,0.27179154753685,5.164034843444824,30.125,1.0546826124191284,0.019328445196151733,11.464049339294434,0.0005611197557300329,1.5416667461395264,12.25434398651123,0.12580573440556536,0.5833333730697632,0.047602170563829135,0.2551237642765045,1.1923073530197144,0.22715632617473602,0.24551740288734436,0.0625,0.12812082469463348,0.0007504803943447769,6.124198851920886e-05,0.3446347415447235,0.4738374948501587,1.0,48
28725,0.33362698554992676,0.5047085881233215,0.2964155375957489,9.274023056030273,0.3763826787471771,0.0029296875,0.01209310069680214,4.12777853012085,0.2322060912847519,5.927517414093018,430.4100036621094,0.020013848319649696,0.22930273413658142,4.413211345672607,25.33333396911621,1.9254224300384521,0.024931440129876137,11.490289688110352,0.0004165665595792234,4.5,15.416206359863281,0.29190060719457717,2.4375,0.15811282889706263,0.3819492757320404,1.4257739782333374,0.3276858925819397,0.3276858925819397,0.0,0.1497468799352646,0.0009736099164001644,6.315496128174877e-05,0.3415982127189636,0.16860522329807281,1.0,48
28886,0.1729619950056076,0.22743652760982513,0.2714008092880249,4.720149993896484,0.6879105567932129,0.00390625,0.009831244125962257,2.516798496246338,0.15854576230049133,3.090566396713257,271.77789306640625,0.02555946074426174,0.27148884534835815,5.350545883178711,35.875,1.359479308128357,0.03972241282463074,11.46491813659668,0.0007645027944818139,2.4375,13.315471649169922,0.18305772881288623,1.3541667461395264,0.10169874419784122,0.3150279223918915,1.174017071723938,0.23933076858520508,0.25664812326431274,0.0625,0.15830110013484955,0.000774868531152606,5.819309679646082e-05,0.3259572684764862,0.16736869513988495,1.0,48
28994,0.19505535066127777,0.24570441246032715,0.25467386841773987,8.569924354553223,0.4349598288536072,0.0029296875,0.016499480232596397,5.63182258605957,0.3248971104621887,8.831155776977539,490.6522216796875,0.020013848319649696,0.22556811571121216,4.879362106323242,33.83333206176758,1.3214038610458374,0.020034655928611755,11.470169067382812,0.00047324574552476406,3.0833334922790527,12.639381408691406,0.2439465500834834,1.4583333730697632,0.11538012223550326,0.29714158177375793,1.285489559173584,0.21342608332633972,0.21348898112773895,0.02083333395421505,0.124824658036232,0.000794536666944623,6.286198988897067e-05,0.2822524905204773,0.46564897894859314,1.0,48
28996,0.19351279735565186,0.4638446271419525,0.3197306990623474,4.153354644775391,0.6826633214950562,0.00244140625,0.008316347375512123,3.4063758850097656,0.17379970848560333,4.493062973022461,504.609619140625,0.01712392456829548,0.20655469596385956,4.844844341278076,32.79999923706055,1.6122651100158691,0.046529170125722885,11.458549499511719,0.0008418448851443827,2.125,14.297248840332031,0.14862999324171727,1.1458333730697632,0.08014362658611436,0.3259097933769226,0.9691151976585388,0.22438183426856995,0.22990654408931732,0.0416666679084301,0.15339195728302002,0.0008386261179111898,5.86564678764554e-05,0.40577712655067444,0.058173734694719315,1.0,48
29224,0.22152690589427948,0.2814847528934479,0.2016175389289856,6.576865196228027,0.6302253007888794,0.00341796875,0.007877138443291187,2.3046257495880127,0.13604332506656647,3.018065929412842,317.3288879394531,0.02282176911830902,0.2538153827190399,5.18021821975708,35.71428680419922,1.0313457250595093,0.019887853413820267,11.465475082397461,0.0005023314733989537,2.5208334922790527,12.354293823242188,0.20404513008231567,0.8541666865348816,0.06913925620228827,0.271517276763916,1.0454976558685303,0.21791325509548187,0.21791325509548187,0.0,0.12881256639957428,0.0006388920592144132,5.17141706226317e-05,0.2684957683086395,0.18272821605205536,1.0,48
29262,0.1920875459909439,0.3403621315956116,0.2953827977180481,6.815912246704102,0.4798511266708374,0.0048828125,0.02353035658597946,4.819016933441162,0.39966776967048645,10.745279312133789,495.9481506347656,0.03085736557841301,0.2774132192134857,4.90225887298584,27.799999237060547,1.8023290634155273,0.023200925439596176,11.481461524963379,0.0004236337263137102,2.2083334922790527,13.47342586517334,0.1639028939438643,1.0625,0.07885893386312415,0.32947397232055664,0.9545140266418457,0.21499058604240417,0.22130873799324036,0.0416666679084301,0.1507638692855835,0.000627964036539197,4.660759945963765e-05,0.2965724766254425,0.569782555103302,1.0,48
29311,0.29663923382759094,0.4288007318973541,0.27988335490226746,7.385561466217041,0.49437734484672546,0.0029296875,0.011125583201646805,3.797532320022583,0.22959062457084656,7.94100284576416,769.3031616210938,0.020013848319649696,0.22130419313907623,4.961469650268555,30.66666603088379,1.5931687355041504,0.032308775931596756,11.47207260131836,0.0005542791914194822,3.0625,14.008787155151367,0.21861278666709683,1.4166667461395264,0.10112700902928015,0.33262211084365845,1.2015442848205566,0.2253398299217224,0.2253398299217224,0.0,0.14488698542118073,0.0006086035864427686,4.34444166556222e-05,0.3891516327857971,0.23481827974319458,1.0,48
29395,0.22389772534370422,0.25936359167099,0.18896397948265076,7.274168014526367,0.6057149171829224,0.00341796875,0.00911112129688263,2.665653705596924,0.15879487991333008,3.482663154602051,337.867431640625,0.02282176911830902,0.2525973320007324,5.241822719573975,35.42856979370117,0.952802836894989,0.020700518041849136,11.466733932495117,0.0006073116092011333,1.9166667461395264,11.908401489257812,0.16095079984152214,0.75,0.06298074515263392,0.24375185370445251,1.536918044090271,0.18882963061332703,0.18882963061332703,0.0,0.15838997066020966,0.0006861718138679862,5.762081618685359e-05,0.2587680220603943,0.10305514186620712,1.0,48
29470,0.29898950457572937,0.44586628675460815,0.22246018052101135,7.972020149230957,0.5153219699859619,0.00390625,0.015276485122740269,3.910780191421509,0.2654046416282654,7.698508262634277,469.6857604980469,0.02555946074426174,0.26191842555999756,5.369512557983398,40.75,1.1536412239074707,0.01565670408308506,11.467894554138184,0.000440735078882426,3.2083334922790527,12.5625638961792,0.2553884315526512,1.2708333730697632,0.10116035090931344,0.2863445281982422,1.3641513586044312,0.2021685540676117,0.20615875720977783,0.0625,0.20098334550857544,0.0007285102037712932,5.799056699030664e-05,0.3617188334465027,0.22595304250717163,1.0,48
29813,0.184468075633049,0.2780489921569824,0.31817471981048584,4.864992618560791,0.6113201975822449,0.00244140625,0.007559315767139196,3.0962958335876465,0.16406120359897614,5.3729143142700195,688.2515258789062,0.01712392456829548,0.202121302485466,4.900164604187012,33.20000076293945,1.8626811504364014,0.023484859615564346,11.479768753051758,0.00042106473119929433,2.7291667461395264,14.840975761413574,0.18389402342374273,1.25,0.08422626781776221,0.34281307458877563,0.9775551557540894,0.22141388058662415,0.22141388058662415,0.0,0.1502465009689331,0.0008452357724308968,5.6952843630334264e-05,0.37055015563964844,0.049560368061065674,1.0,48
30144,0.2509697675704956,0.341287225484848,0.39771080017089844,3.720839500427246,0.6317421197891235,0.00244140625,0.007248245179653168,2.968881130218506,0.14726382493972778,3.409546136856079,420.31591796875,0.01712392456829548,0.21044449508190155,4.024002552032471,18.600000381469727,2.0875771045684814,0.029121138155460358,11.468645095825195,0.0004626273293979466,7.7916669845581055,19.938804626464844,0.39077904250630996,4.8125,0.24136351640653106,0.5801973938941956,1.282208800315857,0.25332558155059814,0.2626434564590454,0.0625,0.15620775520801544,0.0012264003744348884,6.15082196147306e-05,0.34999027848243713,0.17861346900463104,1.0,48
30192,0.19742724299430847,0.24057118594646454,0.2161932736635208,5.835975170135498,0.6953140497207642,0.0029296875,0.007854748517274857,2.6810874938964844,0.15099658071994781,4.364631652832031,484.2036437988281,0.020013848319649696,0.23001684248447418,5.130303859710693,36.16666793823242,1.1024495363235474,0.043836817145347595,11.459920883178711,0.001177655765786767,1.6458333730697632,11.884122848510742,0.13849010083997151,0.5,0.0420729410115386,0.25628727674484253,0.8858880996704102,0.2555191218852997,0.2555191218852997,0.0,0.15013571083545685,0.0005690019461326301,4.7879170630177624e-05,0.28641510009765625,0.18453215062618256,1.0,48
30211,0.2810399532318115,0.36629122495651245,0.2746674716472626,8.439557075500488,0.40666207671165466,0.00341796875,0.013308871537446976,3.8937954902648926,0.2691037058830261,9.85152816772461,914.2217407226562,0.02282176911830902,0.23500844836235046,5.011255264282227,33.28571319580078,1.4233360290527344,0.0231187641620636,11.465578079223633,0.0004749239014927298,3.375,14.6434965133667,0.23047774106508617,2.0416667461395264,0.13942481175050156,0.3340727984905243,1.2440968751907349,0.22808274626731873,0.23007389903068542,0.02083333395421505,0.1974879801273346,0.0007227241876535118,4.935461872103136e-05,0.37571367621421814,0.19122016429901123,1.0,48
30351,0.2189464569091797,0.3102077841758728,0.3080974519252777,4.371622562408447,0.6726909875869751,0.00244140625,0.006306290626525879,2.583056688308716,0.12948478758335114,3.3085708618164062,457.59912109375,0.01712392456829548,0.20908643305301666,4.964501857757568,34.599998474121094,1.5739850997924805,0.03513721376657486,11.460838317871094,0.0007094050524756312,2.25,14.525188446044922,0.15490332581975014,1.0625,0.07314879274821534,0.34325075149536133,1.1680548191070557,0.2957039773464203,0.3020123839378357,0.0416666679084301,0.1719094067811966,0.000656758900731802,4.5215172437813004e-05,0.34402257204055786,0.1739383339881897,1.0,48
30388,0.1962932050228119,0.2906188368797302,0.34681811928749084,4.286416053771973,0.647549569606781,0.00439453125,0.01718214899301529,3.90989351272583,0.28527113795280457,7.187310218811035,401.318359375,0.02823571488261223,0.27466151118278503,5.212950706481934,32.11111068725586,1.8750789165496826,0.03678325563669205,11.465269088745117,0.0005869281594641507,3.0,15.621077537536621,0.19204821119866264,1.5833333730697632,0.10135878067639759,0.38177987933158875,0.9817983508110046,0.219125434756279,0.22022533416748047,0.02083333395421505,0.18965381383895874,0.0007999785011634231,5.121148004860755e-05,0.3040692210197449,0.3816815912723541,1.0,48
30482,0.2585063576698303,0.6953625679016113,0.3265339434146881,6.814638614654541,0.5120799541473389,0.0029296875,0.016898319125175476,5.7679595947265625,0.319455087184906,7.301169395446777,387.1397705078125,0.020013848319649696,0.23144423961639404,4.764677047729492,28.66666603088379,1.6707921028137207,0.032220639288425446,11.457437515258789,0.0005842262180522084,2.7291667461395264,14.769330978393555,0.1847860778720604,1.4166667461395264,0.09591949339159712,0.42583388090133667,1.267066478729248,0.2804573178291321,0.2804573178291321,0.0,0.16180598735809326,0.000905498571228236,6.1309383068185e-05,0.3439411520957947,0.3253142535686493,1.0,48
30535,0.2245553582906723,0.2898028790950775,0.20062503218650818,6.637707233428955,0.710317850112915,0.00537109375,0.01573031395673752,2.9286985397338867,0.228126659989357,5.150405406951904,302.88067626953125,0.03342986851930618,0.3066590428352356,5.556233882904053,34.272727966308594,1.032760739326477,0.039369553327560425,11.4564208984375,0.0010550895240157843,1.9166667461395264,12.028310775756836,0.15934629394587324,0.9375,0.07794111880698394,0.26136696338653564,1.4819458723068237,0.2574871778488159,0.2574871778488159,0.0,0.13797461986541748,0.0006494777626357973,5.399575835743018e-05,0.2755274474620819,0.3446281850337982,1.0,48
30574,0.33600711822509766,0.5835903286933899,0.47869500517845154,4.6541008949279785,0.5342633724212646,0.0048828125,0.02897660993039608,5.9344096183776855,0.44579002261161804,8.647499084472656,282.7845153808594,0.03085736557841301,0.2903139591217041,5.158102989196777,27.100000381469727,2.3885254859924316,0.054743267595767975,11.458303451538086,0.0006560765323229134,7.395833492279053,22.039840698242188,0.3355665583151538,5.208333492279053,0.23631447981977946,0.7206529378890991,1.132804274559021,0.3044157922267914,0.30548328161239624,0.02083333395421505,0.16541361808776855,0.0012273382162675261,5.568725439147758e-05,0.421003133058548,0.6770541667938232,1.0,48
30578,0.18362250924110413,0.26495057344436646,0.28018221259117126,5.200655937194824,0.6383830308914185,0.00390625,0.011107830330729485,2.843604564666748,0.18472109735012054,4.449389457702637,343.4236145019531,0.02555946074426174,0.26753029227256775,5.335195541381836,38.75,1.414260983467102,0.01985163986682892,11.466766357421875,0.00047034540330059826,2.4583334922790527,13.376888275146484,0.1837746895897122,1.125,0.08410027623907008,0.3167644441127777,0.9600520133972168,0.23300087451934814,0.23300087451934814,0.0,0.12309972941875458,0.0006755499052815139,5.050127435329152e-05,0.3060729205608368,0.23523682355880737,1.0,48
30726,0.3104666471481323,0.49466753005981445,0.33897602558135986,5.1844563484191895,0.5997152924537659,0.00390625,0.010384528897702694,2.6584396362304688,0.1712978333234787,4.182917594909668,333.11798095703125,0.02555946074426174,0.26874005794525146,5.252525329589844,31.5,1.8727666139602661,0.02634836733341217,11.465072631835938,0.00046763670979999006,2.8125,15.255674362182617,0.18435763188078705,1.4791667461395264,0.09695846345781062,0.3762921690940857,1.447493553161621,0.24540242552757263,0.24540242552757263,0.0,0.1623464971780777,0.0006307194707915187,4.134327040576982e-05,0.3269129991531372,0.30155906081199646,1.0,48
30822,0.19154945015907288,0.23375067114830017,0.24632148444652557,6.793637752532959,0.548042893409729,0.00341796875,0.009728869423270226,2.8463892936706543,0.1722446084022522,4.663668155670166,402.21240234375,0.02282176911830902,0.25088489055633545,5.053542137145996,29.85714340209961,1.4019747972488403,0.020290683954954147,11.475448608398438,0.0004583441186696291,2.0833334922790527,12.649943351745605,0.16469113202350077,1.0833333730697632,0.08563938525968788,0.28482723236083984,1.3714531660079956,0.24884748458862305,0.2774505317211151,0.1458333432674408,0.16960205137729645,0.000662730191834271,5.2389973052244454e-05,0.28875213861465454,0.16107295453548431,1.0,48
30927,0.20741701126098633,0.298066645860672,0.34647512435913086,4.244017124176025,0.6563698649406433,0.00244140625,0.006073344498872757,2.4876420497894287,0.12308645993471146,2.7840023040771484,412.7428283691406,0.01712392456829548,0.21077942848205566,4.696958541870117,29.399999618530273,1.8246663808822632,0.02637847140431404,11.470727920532227,0.00045689463149756193,2.6666667461395264,15.996482849121094,0.16670331657430618,1.2708333730697632,0.07944454942138371,0.37474021315574646,1.1355814933776855,0.28119590878486633,0.28639161586761475,0.0416666679084301,0.08426174521446228,0.000950676272623241,5.943033109188569e-05,0.31253233551979065,0.058000046759843826,1.0,48
31060,0.2463466227054596,0.344626247882843,0.21890375018119812,10.90359878540039,0.4216602146625519,0.00341796875,0.011059749871492386,3.235766887664795,0.19481967389583588,4.34110164642334,349.35284423828125,0.02282176911830902,0.25087547302246094,5.168988227844238,41.0,1.2458858489990234,0.016490615904331207,11.471909523010254,0.0004389813984744251,3.1041667461395264,13.071365356445312,0.2374783857016222,1.6041667461395264,0.12272373246160517,0.2817844748497009,1.5032004117965698,0.2068297564983368,0.2068297564983368,0.0,0.1342659890651703,0.0005482575506903231,4.194340341045939e-05,0.31752216815948486,0.1338900774717331,1.0,48
31087,0.1504431962966919,0.23196154832839966,0.18150000274181366,5.966317653656006,0.8631596565246582,0.0048828125,0.012959032319486141,2.654010057449341,0.19532983005046844,4.9322710037231445,324.0531921386719,0.03085736557841301,0.2954864501953125,5.582364559173584,36.20000076293945,0.9009889364242554,0.01216261088848114,11.467388153076172,0.00045122698065824807,2.2916667461395264,13.255956649780273,0.172878261822675,0.8333333730697632,0.06286482329850769,0.24800190329551697,0.9429776072502136,0.2597392797470093,0.2645037770271301,0.02083333395421505,0.14342151582241058,0.0005126044852659106,3.866974662199954e-05,0.3198123276233673,0.13181650638580322,1.0,48
31683,0.24081836640834808,0.3179682195186615,0.2670580744743347,8.034463882446289,0.4737386703491211,0.00439453125,0.014026602730154991,3.191831588745117,0.21801647543907166,4.853786468505859,284.87982177734375,0.02823571488261223,0.284008264541626,5.185568809509277,29.55555534362793,1.390854835510254,0.019303318113088608,11.468769073486328,0.00047016324242576957,2.375,14.879600524902344,0.15961450002834954,1.25,0.08400763159386818,0.32494837045669556,1.20522141456604,0.23684072494506836,0.25121352076530457,0.0625,0.16662223637104034,0.0009071209351532161,6.0964065065149253e-05,0.38460424542427063,0.4444843828678131,1.0,48
31776,0.2842211425304413,0.39244115352630615,0.26195722818374634,6.877260208129883,0.5342607498168945,0.00927734375,0.03485126793384552,3.7565999031066895,0.37790390849113464,6.026719093322754,147.8037872314453,0.05265381559729576,0.37993234395980835,5.879633903503418,35.21052551269531,1.347373127937317,0.020593365654349327,11.465807914733887,0.00048456204240210354,3.6666667461395264,14.105941772460938,0.2599377484102898,2.3125,0.16393800822822896,0.3397441804409027,1.5743292570114136,0.2540181875228882,0.26318296790122986,0.1041666716337204,0.13699916005134583,0.0007600812241435051,5.3883763017409854e-05,0.3565728962421417,0.7458677887916565,1.0,48
31885,0.19642513990402222,0.34915196895599365,0.410959929227829,3.668064594268799,0.6640911102294922,0.00341796875,0.009471559897065163,2.7711079120635986,0.1656988114118576,3.7057173252105713,347.1391906738281,0.02282176911830902,0.2521044909954071,5.18764591217041,36.14285659790039,2.0612540245056152,0.050996046513319016,11.462531089782715,0.0006701578386127949,3.6041667461395264,17.729307174682617,0.2032886400238683,2.125,0.11985803945209497,0.4540836215019226,1.0297775268554688,0.27790212631225586,0.2798335552215576,0.0416666679084301,0.15463994443416595,0.001091556972824037,6.156794292374249e-05,0.36074206233024597,0.30819422006607056,1.0,48
32103,0.1740441471338272,0.2356695830821991,0.29845625162124634,6.773627281188965,0.48660436272621155,0.00390625,0.01506037823855877,3.855456829071045,0.2490914911031723,5.45477294921875,316.2042236328125,0.02555946074426174,0.2679082453250885,5.05841064453125,28.5,1.5077624320983887,0.023670444265007973,11.463743209838867,0.00047188185271807015,2.1041667461395264,13.072547912597656,0.16096072155162586,1.125,0.086058204311899,0.3212081789970398,1.2431002855300903,0.24418282508850098,0.24418282508850098,0.0,0.18787124752998352,0.0007928712293505669,6.0651621554202325e-05,0.3052248954772949,0.23350395262241364,1.0,48
32209,0.19673597812652588,0.2803969383239746,0.2226942479610443,6.517531871795654,0.6107057332992554,0.00341796875,0.010679548606276512,3.124530792236328,0.18801669776439667,4.59621000289917,363.44940185546875,0.02282176911830902,0.25125324726104736,5.054347038269043,30.428571701049805,1.1266603469848633,0.017793985083699226,11.468107223510742,0.0004746737831737846,1.8541667461395264,12.803632736206055,0.14481567715138885,0.7916666865348816,0.061831411617883726,0.2732871174812317,1.080566644668579,0.19533908367156982,0.20044144988059998,0.0625,0.1942604035139084,0.0005515340017154813,4.307636845323532e-05,0.290570467710495,0.2628704309463501,1.0,48
32343,0.2662475109100342,0.3866618871688843,0.262721985578537,9.928119659423828,0.36725473403930664,0.00244140625,0.009005303494632244,3.688572406768799,0.18651694059371948,4.770125865936279,483.50958251953125,0.01712392456829548,0.20789994299411774,4.661782264709473,28.399999618530273,1.5451061725616455,0.01998758688569069,11.474907875061035,0.0004359703161753714,2.5416667461395264,14.34338665008545,0.1772012988545053,1.3541667461395264,0.09441053066692263,0.31198060512542725,1.3802721500396729,0.23254477977752686,0.23765450716018677,0.0833333358168602,0.2359272688627243,0.0005937998648732901,4.139886060003576e-05,0.28136521577835083,0.21973323822021484,1.0,48
32597,0.3140876591205597,0.6456717848777771,0.25803709030151367,6.3869757652282715,0.4908212423324585,0.00244140625,0.007614877074956894,3.119053602218628,0.16407044231891632,5.218511581420898,648.4143676757812,0.01712392456829548,0.20293663442134857,4.953824996948242,38.20000076293945,1.3156734704971313,0.021276233717799187,11.460618019104004,0.0005217113066464663,1.6666667461395264,12.97143840789795,0.12848742694872334,0.6666666865348816,0.05139496986047569,0.3338415324687958,1.148451566696167,0.24071089923381805,0.2411099374294281,0.02083333395421505,0.1235930472612381,0.00048124146996997297,3.710008516140797e-05,0.27961403131484985,0.2010725885629654,1.0,48
