feature,crowding,crowd_max,dec_norm,enc_norm,enc_dec_cos,frequency,act_mag,act_mean_firing,act_std,act_max,act_kurtosis,bin_entropy,act_entropy,coact_entropy,coact_count,logit_l2,logit_linf,logit_entropy,logit_top10_mass,collateral_raw,effect_l2,collateral_ctilde,collateral_raw_nodense,collateral_ctilde_nodense,resid_delta_norm,resid_reconstruction_norm_ratio,stab_signed,stab_abs,stab_anti_frac,effect_pc1_ratio,kl_mean,kl_per_effect,effect_cv,ctx_mean_act,intervention_value,n_ctx
49,0.46061983704566956,0.5075934529304504,1.0000554323196411,1.3055983781814575,0.40569621324539185,0.009765625,0.01105227880179882,1.1317533254623413,0.14722712337970734,4.427458763122559,471.55023193359375,0.05492175742983818,0.35066285729408264,7.018289089202881,79.9000015258789,29.958751678466797,0.6648026704788208,10.534355163574219,0.0011657439172267914,18.14583396911621,6.873652935028076,2.6399112835979954,17.625,2.5641387688548782,2.028564214706421,0.6378611326217651,0.311706006526947,0.311706006526947,0.0,0.1526898443698883,0.000310972158331424,4.5241178281536556e-05,0.41668879985809326,0.17986483871936798,1.0,48
126,0.4339897334575653,0.5369232296943665,1.000056505203247,2.184908866882324,0.3063611388206482,0.0029296875,0.005290818866342306,1.805932879447937,0.13834528625011444,5.39556360244751,1207.5096435546875,0.020013848319649696,0.17618611454963684,5.941590309143066,80.0,49.57696533203125,1.3388164043426514,10.522846221923828,0.001355583779513836,14.708333969116211,4.146820545196533,3.54689424664992,14.166666984558105,3.4162720079134687,1.1316889524459839,1.206749677658081,0.5628409385681152,0.5628409385681152,0.0,0.20972611010074615,6.982697959756479e-05,1.683867885483061e-05,0.428745299577713,0.15205039083957672,1.0,48
187,0.37359949946403503,0.4638161063194275,1.0000014305114746,1.4042932987213135,0.44264286756515503,0.00537109375,0.004660224542021751,0.8676490783691406,0.08417017757892609,2.871030330657959,722.3285522460938,0.03342986851930618,0.2678123116493225,5.837474346160889,59.3636360168457,45.44187927246094,1.2009357213974,10.53355598449707,0.0011760713532567024,13.1875,4.660408020019531,2.8296878545942965,12.625,2.7089902683793743,1.2587718963623047,0.8610140085220337,0.5663851499557495,0.5710691809654236,0.02083333395421505,0.21043619513511658,0.00010357995051890612,2.222551112514327e-05,0.42035973072052,0.08120321482419968,1.0,48
327,0.35466328263282776,0.49386316537857056,1.000040054321289,1.218561053276062,0.49039578437805176,0.00341796875,0.0037941490299999714,1.1100596189498901,0.08357129991054535,2.6465017795562744,742.5338134765625,0.02282176911830902,0.21135888993740082,6.0325140953063965,65.71428680419922,44.58991622924805,1.2489393949508667,10.512411117553711,0.001454631914384663,10.041666984558105,4.019723892211914,2.498098682606665,9.708333969116211,2.4151743267178256,1.0990381240844727,0.748506486415863,0.584203839302063,0.584203839302063,0.0,0.18544982373714447,7.482616638299078e-05,1.8614752705233447e-05,0.42559510469436646,0.05846439301967621,1.0,48
372,0.4543975293636322,0.5332961678504944,1.0000320672988892,0.8855603933334351,0.5713434219360352,0.04638671875,0.03329674154520035,0.7178076505661011,0.19283418357372284,3.130570650100708,70.11788940429688,0.18773546814918518,0.5585079193115234,8.050586700439453,80.4000015258789,26.401182174682617,0.632702112197876,10.529497146606445,0.0012349756434559822,19.604167938232422,6.4398932456970215,3.044175914078962,19.0625,2.9600645916198145,1.9138660430908203,0.5836113095283508,0.2814386487007141,0.28154128789901733,0.02083333395421505,0.26047608256340027,0.00034159328788518906,5.304331521069859e-05,0.3304746448993683,0.42344608902931213,1.0,48
373,0.3490704596042633,0.43926873803138733,1.0000282526016235,1.3573598861694336,0.44097429513931274,0.00341796875,0.009073265828192234,2.654578447341919,0.17858168482780457,4.68440580368042,494.0245361328125,0.02282176911830902,0.23073846101760864,6.24688720703125,89.0,36.66676712036133,1.062821626663208,10.525739669799805,0.0012767112348228693,10.291666984558105,3.4543166160583496,2.9793641112458524,10.1875,2.9492085129511563,1.0971827507019043,0.7914236783981323,0.5790657997131348,0.5790657997131348,0.0,0.17720134556293488,6.936848512850702e-05,2.0081681165302436e-05,0.38107672333717346,0.024198494851589203,1.0,48
503,0.36198779940605164,0.620281994342804,1.0000519752502441,2.5534989833831787,0.3798238933086395,0.0166015625,0.03937190771102905,2.3715784549713135,0.3560727536678314,5.792791366577148,136.58755493164062,0.08450048416852951,0.43790391087532043,6.887158393859863,92.05882263183594,39.83533477783203,1.0958515405654907,10.55136489868164,0.0011336449533700943,9.583333969116211,3.922762632369995,2.4430063306930796,9.1875,2.342099392087928,1.0865800380706787,0.8735045790672302,0.5436466932296753,0.5562605261802673,0.02083333395421505,0.3140866458415985,6.649483839282766e-05,1.695102264781787e-05,0.36388254165649414,0.6980540752410889,1.0,48
600,0.46968361735343933,0.7700208425521851,1.0000367164611816,1.3672953844070435,0.5377390384674072,0.02001953125,0.04966436326503754,2.4807956218719482,0.5283994674682617,10.255407333374023,197.70602416992188,0.09811511635780334,0.4083981215953827,7.367766380310059,67.95121765136719,36.732810974121094,2.247246026992798,10.501035690307617,0.0018656303873285651,8.0,3.0150821208953857,2.6533273896669107,7.9166669845581055,2.625688668124971,1.028513789176941,0.9005222320556641,0.6424975395202637,0.6424975395202637,0.0,0.1927574723958969,3.7828875065315515e-05,1.2546548791386161e-05,0.3394927978515625,0.6936338543891907,1.0,48
638,0.4339107573032379,0.5022024512290955,1.0000234842300415,1.2410838603973389,0.45234590768814087,0.03466796875,0.03929031640291214,1.1333318948745728,0.28270795941352844,3.8433897495269775,94.42861938476562,0.15061156451702118,0.5058014392852783,7.799237251281738,84.32394409179688,29.78896713256836,0.9489341974258423,10.517671585083008,0.0015738510992377996,20.375,6.727968215942383,3.0284031249487784,19.604167938232422,2.9138318255785873,2.1546401977539062,0.6758710145950317,0.3158922791481018,0.3158922791481018,0.0,0.1603478044271469,0.00033757369965314865,5.0174686965895245e-05,0.30247604846954346,0.6778882145881653,1.0,48
661,0.39056017994880676,0.6154675483703613,1.0000513792037964,1.4026907682418823,0.4828881621360779,0.0078125,0.016877515241503716,2.1603219509124756,0.27985724806785583,8.299736022949219,510.89141845703125,0.04568839073181152,0.29152441024780273,6.856884479522705,80.0,36.75946807861328,1.5279591083526611,10.525221824645996,0.0017769397236406803,11.645833969116211,3.5924577713012695,3.241745534138978,11.208333969116211,3.1199626137447045,1.072100043296814,0.8955217599868774,0.5109062194824219,0.5109062194824219,0.0,0.16938859224319458,9.157288877759129e-05,2.549031731262866e-05,0.40167272090911865,0.5402999520301819,1.0,48
776,0.32613998651504517,0.47477152943611145,1.0000596046447754,0.9969750642776489,0.5160180926322937,0.00830078125,0.008321027271449566,1.002439022064209,0.10852228850126266,2.5589513778686523,269.1165466308594,0.04803864285349846,0.3431304097175598,6.74837589263916,79.11764526367188,46.913082122802734,0.8320750594139099,10.543708801269531,0.0009148850804194808,12.979166984558105,3.914705276489258,3.3154901926724443,12.479166984558105,3.1877666570781713,1.1173261404037476,0.7945549488067627,0.6108931303024292,0.613710343837738,0.02083333395421505,0.17885112762451172,9.131922706728801e-05,2.3327229097540545e-05,0.2907291054725647,0.23047643899917603,1.0,48
919,0.34687262773513794,0.47220543026924133,1.0000545978546143,1.8256008625030518,0.3557525873184204,0.0078125,0.026608221232891083,3.4058523178100586,0.39074283838272095,10.265496253967285,375.9013977050781,0.04568839073181152,0.31753435730934143,6.82222843170166,93.875,43.11171340942383,1.0172237157821655,10.538299560546875,0.0011894464259967208,13.270833969116211,4.145274639129639,3.2014365976697388,12.4375,3.0004043284831408,1.1933867931365967,0.8916086554527283,0.6427048444747925,0.6427048444747925,0.0,0.21773813664913177,9.62091944529675e-05,2.320936550565305e-05,0.3881921172142029,0.8653274178504944,1.0,48
932,0.29451656341552734,0.4664856195449829,1.0000489950180054,1.0561269521713257,0.5523280501365662,0.0048828125,0.005959194153547287,1.2204430103302002,0.09822449088096619,2.1488447189331055,357.6530456542969,0.03085736557841301,0.2774331569671631,6.476518630981445,86.9000015258789,37.804447174072266,0.9412472248077393,10.536043167114258,0.0012301113456487656,11.145833969116211,3.7303543090820312,2.987875417651744,10.9375,2.9320271117547647,1.182045817375183,0.769821286201477,0.5470924973487854,0.5470924973487854,0.0,0.16319817304611206,5.8594465372152627e-05,1.570747986925049e-05,0.342881441116333,0.18641076982021332,1.0,48
983,0.6155018210411072,0.7054176330566406,1.0000413656234741,3.0754494667053223,0.24975138902664185,0.00244140625,0.017507320269942284,7.170998573303223,0.4529087245464325,14.65403938293457,887.0497436523438,0.01712392456829548,0.1616872102022171,5.618098258972168,66.80000305175781,46.86119842529297,1.0794005393981934,10.52336311340332,0.0011524752480909228,21.166667938232422,3.778958797454834,5.601190438084818,20.375,5.3916967710274575,1.1400916576385498,1.7112481594085693,0.4930153787136078,0.4930153787136078,0.0,0.18366944789886475,8.71575903147459e-05,2.306391647953617e-05,0.3857332766056061,0.3865560293197632,1.0,48
1038,0.44024285674095154,0.4741356670856476,1.0000406503677368,1.5334696769714355,0.3793298006057739,0.0146484375,0.030644334852695465,2.091986656188965,0.3200211226940155,5.21762228012085,158.08169555664062,0.07640714943408966,0.4028629660606384,6.572768211364746,72.33333587646484,36.24860382080078,1.39651358127594,10.514965057373047,0.0016211982583627105,14.833333969116211,3.8020381927490234,3.901416339896618,14.333333969116211,3.7699079295817297,1.2482821941375732,0.9528331160545349,0.6274189352989197,0.6274189352989197,0.0,0.23908787965774536,0.00013786977797280997,3.6262070663341755e-05,0.32755589485168457,0.5203893184661865,1.0,48
1129,0.5107353329658508,0.6360774040222168,1.000032901763916,0.8955658078193665,0.49829837679862976,0.04638671875,0.026575496420264244,0.5729117393493652,0.15973462164402008,2.138395309448242,68.77303314208984,0.18773546814918518,0.5520808100700378,7.974327564239502,73.68421173095703,25.86958885192871,0.8806478381156921,10.525940895080566,0.001483104657381773,16.27083396911621,3.229825735092163,5.037681674883028,15.520833969116211,4.805471004960772,1.1811155080795288,0.825054407119751,0.5129997134208679,0.5129997134208679,0.0,0.1529187113046646,5.7960249250754714e-05,1.7945317743171565e-05,0.352324903011322,0.40421974658966064,1.0,48
1139,0.3554670512676239,0.43733686208724976,1.0000253915786743,1.1096636056900024,0.5353910326957703,0.0244140625,0.033629272133111954,1.3774549961090088,0.28301116824150085,6.338118553161621,181.11366271972656,0.1147531270980835,0.4669053852558136,7.555018424987793,70.66000366210938,48.92870330810547,1.5784941911697388,10.501855850219727,0.0015764927957206964,11.958333969116211,3.9874796867370605,2.998970497304769,11.770833969116211,2.9519483143069642,1.1369022130966187,0.7727407813072205,0.6117641925811768,0.6117641925811768,0.0,0.18919992446899414,0.00010824007767951116,2.7144985281826917e-05,0.3173178732395172,0.7123198509216309,1.0,48
1169,0.40790387988090515,0.5284723043441772,1.0000468492507935,1.2314026355743408,0.4826495349407196,0.01611328125,0.018767476081848145,1.164720892906189,0.20071840286254883,3.835435152053833,224.80140686035156,0.08250018209218979,0.40751561522483826,7.2401909828186035,72.66666412353516,33.25230407714844,0.9734163284301758,10.532535552978516,0.0013851188123226166,9.625,3.088892698287964,3.116003341318615,9.25,2.9946006137347725,1.1077934503555298,0.6525022387504578,0.568149209022522,0.568149209022522,0.0,0.207624614238739,5.408525976235978e-05,1.750959481928294e-05,0.3666436970233917,0.4869413673877716,1.0,48
1240,0.296174556016922,0.34994643926620483,1.000054121017456,1.6165417432785034,0.47397395968437195,0.00537109375,0.008117088116705418,1.5112541913986206,0.16057997941970825,4.665778636932373,622.4892578125,0.03342986851930618,0.24220025539398193,6.274232864379883,67.54545593261719,34.85487747192383,0.9351547956466675,10.532289505004883,0.0011768806725740433,6.9375,3.268609046936035,2.1224624539537778,6.5416669845581055,2.0013610898729524,1.090683937072754,0.504987359046936,0.5738509893417358,0.5738509893417358,0.0,0.20631293952465057,4.876768798567355e-05,1.4920012499563941e-05,0.42686355113983154,0.2387576550245285,1.0,48
1394,0.34062883257865906,0.4416027367115021,1.0000314712524414,1.5123871564865112,0.3829120099544525,0.00390625,0.0038704476319253445,0.9908345937728882,0.07018022239208221,1.884149193763733,459.1273498535156,0.02555946074426174,0.25262853503227234,6.347661018371582,79.5,43.698699951171875,1.065489411354065,10.528116226196289,0.0012567031662911177,13.395833969116211,4.424099922180176,3.0279230068193344,13.020833969116211,2.943160002875343,1.1554224491119385,1.0320749282836914,0.5274061560630798,0.5274061560630798,0.0,0.16403424739837646,9.653856977820396e-05,2.182106445561916e-05,0.41915392875671387,0.12907972931861877,1.0,48
1460,0.373932808637619,0.5751585364341736,1.0000615119934082,1.450334906578064,0.4125745892524719,0.0029296875,0.004451157990843058,1.5193285942077637,0.09848029911518097,3.288468360900879,749.1107177734375,0.020013848319649696,0.20392227172851562,5.952946662902832,73.83333587646484,36.643062591552734,0.9725813269615173,10.536714553833008,0.0011263490887358785,12.9375,3.6734933853149414,3.521851983319225,12.229166984558105,3.3290292559542376,1.1050004959106445,1.0244715213775635,0.5220301151275635,0.5220301151275635,0.0,0.23466870188713074,7.590069435536861e-05,2.0661720653198938e-05,0.35373634099960327,0.11042097955942154,1.0,48
1588,0.33047550916671753,0.40236029028892517,0.9999997019767761,1.2666929960250854,0.4056858718395233,0.00732421875,0.0063613359816372395,0.8685343861579895,0.10165493190288544,2.8113327026367188,489.74542236328125,0.0433073565363884,0.300069123506546,6.655459403991699,72.93333435058594,44.217018127441406,1.0253583192825317,10.539948463439941,0.0010929916752502322,10.416666984558105,3.784196615219116,2.752675935266696,9.979166984558105,2.6370635495137047,1.0845608711242676,0.7268209457397461,0.6656783819198608,0.6656783819198608,0.0,0.1983349472284317,9.089949890039861e-05,2.402081812943197e-05,0.3243628740310669,0.17299777269363403,1.0,48
1608,0.3222709596157074,0.4978750944137573,1.0000685453414917,2.9529635906219482,0.4139832854270935,0.005859375,0.03562893718481064,6.080671787261963,0.5437245965003967,10.188732147216797,266.0743713378906,0.03595767915248871,0.29330646991729736,6.343601226806641,66.83333587646484,37.168827056884766,1.0321776866912842,10.52646255493164,0.0012476890115067363,7.395833492279053,3.258604049682617,2.2696324428563424,7.0,2.148159111015712,1.1068472862243652,0.833274781703949,0.6504623889923096,0.6504623889923096,0.0,0.23884102702140808,4.579699452733621e-05,1.4054175864433423e-05,0.4429478943347931,1.0788246393203735,1.0,48
1755,0.517311692237854,0.6276276707649231,1.00006103515625,1.9821250438690186,0.33145979046821594,0.01025390625,0.03044692985713482,2.9693005084991455,0.41879430413246155,10.308953285217285,343.54180908203125,0.057165034115314484,0.3416498601436615,6.954676628112793,70.57142639160156,56.443626403808594,0.9739393591880798,10.464058876037598,0.0009937196737155318,10.729166984558105,4.7629523277282715,2.252629508712545,10.270833969116211,2.1564007449243063,1.1192867755889893,1.1911113262176514,0.6336023211479187,0.6336023211479187,0.0,0.3165283501148224,0.00012155507283750921,2.5520950918330182e-05,0.5132827162742615,1.0970793962478638,1.0,48
1794,0.43627652525901794,0.5510373711585999,1.000028133392334,1.6658169031143188,0.35853591561317444,0.00341796875,0.012003595940768719,3.511909246444702,0.2929254174232483,11.649054527282715,1250.5091552734375,0.02282176911830902,0.19640259444713593,6.13926362991333,78.28571319580078,38.91382598876953,0.9008252024650574,10.526541709899902,0.001237036194652319,12.458333969116211,3.7924985885620117,3.2849936909244986,12.1875,3.213580620602231,1.1218336820602417,1.0332815647125244,0.5357276797294617,0.5357276797294617,0.0,0.1897645890712738,6.687224959023297e-05,1.7632768438092156e-05,0.36814558506011963,0.14802338182926178,1.0,48
1887,0.39935699105262756,0.6547245383262634,1.0000338554382324,3.252203941345215,0.2998032569885254,0.00439453125,0.007900981232523918,1.7979121208190918,0.14606696367263794,4.71391487121582,653.7816162109375,0.02823571488261223,0.2577444612979889,5.5672454833984375,59.88888931274414,43.72597122192383,1.208464503288269,10.546041488647461,0.001362441573292017,18.27083396911621,4.31928825378418,4.230056632781651,17.77083396911621,4.114296820177261,1.1664557456970215,1.5115585327148438,0.5518733263015747,0.5518733263015747,0.0,0.3990825414657593,6.416962423827499e-05,1.485652735343374e-05,0.5564500093460083,0.148895725607872,1.0,48
1904,0.41818952560424805,0.5288227796554565,1.0000373125076294,1.6599705219268799,0.38074398040771484,0.0048828125,0.010017075575888157,2.051496982574463,0.18228143453598022,5.270628929138184,536.004638671875,0.03085736557841301,0.26198655366897583,6.508249759674072,80.0,37.339847564697266,0.7940394878387451,10.534168243408203,0.0011108967009931803,11.375,4.14613676071167,2.7435177923586735,11.041666984558105,2.6631217432469896,1.1052809953689575,0.864949107170105,0.507009744644165,0.507009744644165,0.0,0.40094563364982605,8.013066690182313e-05,1.9326585526041146e-05,0.6035798788070679,0.2124028205871582,1.0,48
1915,0.3244258463382721,0.3772009313106537,1.0000288486480713,1.658042550086975,0.43388354778289795,0.00390625,0.00584530271589756,1.4963974952697754,0.10569123923778534,2.571194887161255,415.54754638671875,0.02555946074426174,0.2492346167564392,6.359743595123291,90.625,35.056495666503906,0.8274766206741333,10.52108383178711,0.001261096796952188,6.3541669845581055,3.483921527862549,1.823854789926327,6.1666669845581055,1.770036126686559,1.0915281772613525,0.6506890058517456,0.5740995407104492,0.5740995407104492,0.0,0.24810458719730377,5.4537082178285345e-05,1.5653935252441096e-05,0.4514760971069336,0.13375239074230194,1.0,48
1980,0.5071589946746826,0.6708869338035583,1.0000591278076172,2.305555582046509,0.3145824670791626,0.00634765625,0.015925560146570206,2.5088882446289062,0.22994861006736755,4.630130767822266,263.6039733886719,0.03844451159238815,0.30893656611442566,6.654224395751953,80.07691955566406,37.49563980102539,1.0566264390945435,10.513395309448242,0.0014025757554918528,7.833333492279053,4.218451499938965,1.856921544273574,7.708333492279053,1.8272898181045067,1.1971334218978882,0.649174153804779,0.59111088514328,0.59111088514328,0.0,0.20161885023117065,0.00010012124403147027,2.3734122294775147e-05,0.38268378376960754,0.3578280210494995,1.0,48
1999,0.3883606195449829,0.4920596182346344,1.0000288486480713,1.6203713417053223,0.33753085136413574,0.00244140625,0.002535403473302722,1.038501262664795,0.06436178088188171,2.3517990112304688,982.190673828125,0.01712392456829548,0.17148390412330627,5.697714328765869,67.0,34.24837875366211,1.0417160987854004,10.533756256103516,0.001316284528002143,16.041667938232422,3.444035291671753,4.657811704324201,15.479166984558105,4.494485575407556,1.1148760318756104,1.3086776733398438,0.535938560962677,0.535938560962677,0.0,0.17004622519016266,4.677629840443842e-05,1.3581828961431656e-05,0.3933064639568329,0.03259479999542236,1.0,48
2001,0.32903796434402466,0.44900721311569214,1.0000444650650024,1.2407748699188232,0.4587511718273163,0.01318359375,0.022846389561891556,1.732940912246704,0.2587735950946808,6.892577648162842,343.30426025390625,0.07016520947217941,0.3928556740283966,7.178153991699219,84.88888549804688,36.80687713623047,0.9758433103561401,10.529979705810547,0.0012313933111727238,13.291666984558105,3.643270254135132,3.6482791615552537,12.958333969116211,3.5567863566641993,1.1523479223251343,0.8740827441215515,0.537471354007721,0.537471354007721,0.0,0.21128271520137787,9.025804320117459e-05,2.477390823560018e-05,0.3736508786678314,0.31283581256866455,1.0,48
2105,0.3497019112110138,0.4652818739414215,1.0000696182250977,1.4467487335205078,0.3728998899459839,0.00244140625,0.0032818964682519436,1.3442647457122803,0.11154018342494965,4.829033374786377,1722.9835205078125,0.01712392456829548,0.10599014908075333,5.903642654418945,85.0,36.06191635131836,0.8652144074440002,10.529071807861328,0.0012273743050172925,11.458333969116211,3.4589524269104004,3.312660170415932,11.041666984558105,3.1921997153625865,1.0847866535186768,0.8953539133071899,0.5722479820251465,0.5722479820251465,0.0,0.18674415349960327,5.593441892415285e-05,1.6170912998767483e-05,0.3784676790237427,0.0006149423425085843,1.0,48
2179,0.3687526285648346,0.47289347648620605,1.0000556707382202,1.7471959590911865,0.3456336557865143,0.005859375,0.01307743787765503,2.2318828105926514,0.2217753529548645,5.501221179962158,428.1528625488281,0.03595767915248871,0.27907484769821167,6.5556745529174805,79.5,36.414119720458984,0.9456101059913635,10.525830268859863,0.0013210781617090106,10.25,3.7421329021453857,2.739079621339162,9.958333969116211,2.661138501199585,1.1591590642929077,0.7760822176933289,0.5373233556747437,0.5373233556747437,0.0,0.25495561957359314,7.574414485134184e-05,2.0240901814446056e-05,0.4553271234035492,0.18528221547603607,1.0,48
2226,0.3618716895580292,0.47896432876586914,1.0000616312026978,1.67863130569458,0.4293792247772217,0.0029296875,0.0029229060746729374,0.9976852536201477,0.05477899685502052,1.1954615116119385,370.8284912109375,0.020013848319649696,0.23279054462909698,6.1618828773498535,86.16666412353516,39.86605453491211,1.059341549873352,10.529439926147461,0.001229483401402831,13.479166984558105,3.3422598838806152,4.032949983703325,12.9375,3.870883896158832,1.0734026432037354,1.130264163017273,0.5691583752632141,0.5691583752632141,0.0,0.1879643350839615,7.985689444467425e-05,2.3893083416668233e-05,0.3567000925540924,0.08027224987745285,1.0,48
2539,0.3135434091091156,0.45790526270866394,1.0000603199005127,1.9816690683364868,0.35928499698638916,0.00341796875,0.005957943387329578,1.743124008178711,0.13690683245658875,4.636285305023193,806.36328125,0.02282176911830902,0.19349119067192078,6.3051910400390625,89.0,39.68341064453125,0.9806290864944458,10.50094223022461,0.001363106770440936,9.416666984558105,4.177382946014404,2.2542024716695943,9.104166984558105,2.1793948700466506,1.1410772800445557,0.7636151313781738,0.5724383592605591,0.5735988616943359,0.02083333395421505,0.21014246344566345,0.00014492435730062425,3.469261947649995e-05,0.4630624055862427,0.11858610063791275,1.0,48
2791,0.36227306723594666,0.5207378268241882,1.000030755996704,1.5682214498519897,0.3478262722492218,0.005859375,0.024472909048199654,4.1767096519470215,0.44455087184906006,13.010370254516602,517.2037963867188,0.03595767915248871,0.2605212926864624,6.235623836517334,60.16666793823242,39.58211898803711,0.807056725025177,10.528697967529297,0.001077297143638134,18.354167938232422,4.298593521118164,4.269807741849478,17.77083396911621,4.134104292594886,1.2309664487838745,1.4937992095947266,0.5384012460708618,0.5384012460708618,0.0,0.21082137525081635,7.552939496235922e-05,1.7570722706296974e-05,0.4242832362651825,0.42161813378334045,1.0,48
2917,0.47597095370292664,0.5716071128845215,1.000014305114746,0.8459869027137756,0.47136902809143066,0.005859375,0.002733820816501975,0.4665720760822296,0.04561055079102516,1.1319857835769653,421.3455505371094,0.03595767915248871,0.2825654447078705,6.477365970611572,73.91666412353516,22.66559410095215,0.5426269173622131,10.540412902832031,0.0011293014977127314,16.39583396911621,5.553773403167725,2.9521971368587874,15.708333969116211,2.8284074268987136,1.7194874286651611,0.7420153617858887,0.35843729972839355,0.3591000437736511,0.02083333395421505,0.19290566444396973,0.000241642163018696,4.350954658066789e-05,0.41415542364120483,0.03683153912425041,1.0,48
2975,0.45975837111473083,0.5008192658424377,1.0000296831130981,1.3568295240402222,0.3736168146133423,0.00439453125,0.00463477149605751,1.0546679496765137,0.08809836953878403,2.460777759552002,557.1568603515625,0.02823571488261223,0.2498915195465088,6.261357307434082,73.55555725097656,36.811065673828125,0.9434376358985901,10.526692390441895,0.0012724136468023062,17.229167938232422,7.170030117034912,2.402942195914783,16.6875,2.3273960784458985,2.065471649169922,0.6699302196502686,0.32241103053092957,0.32241103053092957,0.0,0.14943000674247742,0.0003765597357414663,5.251857092226591e-05,0.34685438871383667,0.09372711926698685,1.0,48
3077,0.348595529794693,0.3978513181209564,1.0000174045562744,1.6989152431488037,0.3850746750831604,0.00439453125,0.009423986077308655,2.1444804668426514,0.19255942106246948,6.313260078430176,695.6497192382812,0.02823571488261223,0.23304571211338043,6.11430025100708,73.33333587646484,39.308773040771484,0.7513209581375122,10.516448020935059,0.001030912040732801,9.875,3.9351882934570312,2.5094097762297403,9.375,2.382351053382665,1.121586561203003,0.7011198997497559,0.5213097929954529,0.5213097929954529,0.0,0.1592271625995636,7.462460780516267e-05,1.8963414721375735e-05,0.39218980073928833,0.11051983386278152,1.0,48
3099,0.28976160287857056,0.4494958221912384,1.000027060508728,1.6254199743270874,0.46228718757629395,0.00537109375,0.006121520884335041,1.1397159099578857,0.10676509141921997,2.4748783111572266,427.764892578125,0.03342986851930618,0.2696547210216522,6.573334693908691,95.2727279663086,41.09352493286133,1.0919069051742554,10.51141357421875,0.0013153126928955317,10.229166984558105,4.070359706878662,2.513086728462982,9.75,2.395365687108545,1.1210688352584839,0.729557991027832,0.6272984743118286,0.6272984743118286,0.0,0.16678445041179657,8.635623817099258e-05,2.1215873823853214e-05,0.25408944487571716,0.10857269167900085,1.0,48
3226,0.4683111310005188,0.5792674422264099,1.0000226497650146,1.4540936946868896,0.4293900728225708,0.0068359375,0.011279345490038395,1.6500071287155151,0.17682792246341705,5.673913478851318,591.5848999023438,0.04089350998401642,0.3066728115081787,6.555127143859863,69.14286041259766,47.207401275634766,1.0691126585006714,10.523409843444824,0.0011799910571426153,8.0,4.183703422546387,1.9121814270498725,7.770833492279053,1.857405434579138,1.1318058967590332,0.6292134523391724,0.5639369487762451,0.5639369487762451,0.0,0.2869125008583069,7.719991845078766e-05,1.8452531278920118e-05,0.44700273871421814,0.14225126802921295,1.0,48
3242,0.4031265377998352,0.5071931481361389,1.0000603199005127,1.8824340105056763,0.37361961603164673,0.00732421875,0.013747584074735641,1.8770034313201904,0.24130280315876007,6.929617881774902,536.999267578125,0.0433073565363884,0.2779987156391144,6.417370796203613,73.26667022705078,33.45003128051758,1.369388222694397,10.518171310424805,0.0018684171373024583,16.75,3.6385273933410645,4.603510745753728,16.104167938232422,4.426012546571679,1.188455581665039,1.1757827997207642,0.5790468454360962,0.5790468454360962,0.0,0.22501452267169952,0.00010957129416055977,3.0114186871300277e-05,0.37410253286361694,0.31163904070854187,1.0,48
3428,0.40858107805252075,0.5423287153244019,1.000012755393982,1.4051158428192139,0.45259833335876465,0.00439453125,0.007531880401074886,1.7139211893081665,0.13564085960388184,3.448167324066162,432.906982421875,0.02823571488261223,0.2558053433895111,6.3365583419799805,76.33333587646484,38.911861419677734,1.0362941026687622,10.526800155639648,0.0013079603668302298,7.3541669845581055,3.628168821334839,2.0269638284314446,7.145833492279053,1.9695427154777774,1.137687087059021,0.4774087369441986,0.541400671005249,0.541400671005249,0.0,0.1852072924375534,7.205180008895695e-05,1.9858998695617038e-05,0.4082510471343994,0.15046171844005585,1.0,48
3474,0.35340943932533264,0.42835816740989685,1.0000494718551636,1.2533841133117676,0.462904155254364,0.00537109375,0.0076746391132473946,1.4288783073425293,0.1340218037366867,3.5937602519989014,457.5768737792969,0.03342986851930618,0.2711155414581299,6.467560768127441,77.36363983154297,35.00702667236328,0.7982521653175354,10.536200523376465,0.0011643297038972378,13.875,3.856259346008301,3.5980463757920886,13.333333969116211,3.4575822677336308,1.16659677028656,0.869107723236084,0.5199812650680542,0.5199812650680542,0.0,0.43311139941215515,7.723291491856799e-05,2.0027935828080162e-05,0.6819232106208801,0.1386309415102005,1.0,48
3588,0.35877877473831177,0.44023793935775757,1.0000205039978027,1.3505820035934448,0.4109973609447479,0.00439453125,0.008797019720077515,2.0018107891082764,0.17668840289115906,6.419888019561768,919.5946044921875,0.02823571488261223,0.24677880108356476,6.429618835449219,89.55555725097656,36.989044189453125,1.051717758178711,10.529804229736328,0.0012119854800403118,11.979166984558105,3.3193376064300537,3.6089028501540903,11.104166984558105,3.34529604026861,1.1055128574371338,0.9765447378158569,0.5561255216598511,0.5561255216598511,0.0,0.24676895141601562,6.90712477080524e-05,2.08087443007194e-05,0.4082934856414795,0.20004862546920776,1.0,48
3615,0.39173173904418945,0.4391905665397644,1.000052571296692,0.9420541524887085,0.5635668039321899,0.0205078125,0.014456125907599926,0.7049082517623901,0.13676817715168,3.1689445972442627,216.30368041992188,0.10000890493392944,0.4397886097431183,7.478912353515625,74.45237731933594,31.671266555786133,0.7105419039726257,10.535533905029297,0.001088286517187953,11.125,2.993450880050659,3.7164464721890687,10.354166984558105,3.458939987615056,0.9984340071678162,0.6034218072891235,0.5466445684432983,0.5466445684432983,0.0,0.21080181002616882,7.061785436235368e-05,2.359078433424996e-05,0.3494056761264801,0.2626103460788727,1.0,48
3629,0.32216858863830566,0.37205418944358826,1.0000522136688232,1.0704325437545776,0.5746879577636719,0.0087890625,0.006948607973754406,0.7905972003936768,0.09712262451648712,2.461167335510254,361.0393371582031,0.05035991966724396,0.3321179449558258,7.007150650024414,78.27777862548828,30.208417892456055,0.6359056234359741,10.535221099853516,0.001048934180289507,9.729166984558105,2.648771286010742,3.6730868381165998,9.3125,3.515781077069718,1.0247703790664673,0.6422309279441833,0.5876516103744507,0.5876516103744507,0.0,0.25230929255485535,5.513068026630208e-05,2.081368079959686e-05,0.43609169125556946,0.18793874979019165,1.0,48
3638,0.3765810430049896,0.620281994342804,1.0000107288360596,1.6532936096191406,0.5253031253814697,0.01708984375,0.029577510431408882,1.7307069301605225,0.29235053062438965,5.099757671356201,146.15354919433594,0.08648617565631866,0.41869351267814636,7.379230976104736,81.94285583496094,32.1951789855957,0.9550009965896606,10.520966529846191,0.00135211949236691,9.354166984558105,2.9451842308044434,3.1760889030165127,8.854166984558105,3.00632023690976,1.0538244247436523,0.6314905881881714,0.5937427282333374,0.5937427282333374,0.0,0.24757486581802368,4.73883374070283e-05,1.6090109661215872e-05,0.3934130072593689,0.4754810035228729,1.0,48
3663,0.5460920333862305,0.7647944092750549,1.0000978708267212,3.3693275451660156,0.24454505741596222,0.00244140625,0.0048875752836465836,2.001950740814209,0.11337551474571228,3.4947125911712646,752.5631713867188,0.01712392456829548,0.189706489443779,5.30810546875,58.79999923706055,67.61870574951172,1.3370685577392578,10.54248332977295,0.0010320227593183517,17.125,5.20831823348999,3.288009526185343,16.375,3.1440091089801454,1.1703187227249146,1.3537544012069702,0.7652267813682556,0.7652267813682556,0.0,0.27398040890693665,0.00010314093378838152,1.9803116661947453e-05,0.35973745584487915,0.2085365504026413,1.0,48
4240,0.3961068391799927,0.4877019226551056,1.00005042552948,1.6675466299057007,0.41026365756988525,0.00341796875,0.005485681816935539,1.6049537658691406,0.1727294623851776,7.445436954498291,1691.4805908203125,0.02282176911830902,0.1371905654668808,5.959959983825684,71.85713958740234,41.945045471191406,1.2440705299377441,10.533191680908203,0.0014372323639690876,12.125,3.9148576259613037,3.0971752046923857,11.895833969116211,3.0386376914048774,1.1225873231887817,0.989558219909668,0.5406357049942017,0.5406357049942017,0.0,0.13853122293949127,9.017081174533814e-05,2.303297338759969e-05,0.35016971826553345,0.0036710351705551147,1.0,48
4271,0.3279711902141571,0.41858023405075073,1.0000063180923462,1.2336466312408447,0.48373672366142273,0.0087890625,0.008318633772432804,0.9464756846427917,0.11440238356590271,3.316591262817383,439.3268737792969,0.05035991966724396,0.34021076560020447,6.891787528991699,82.33333587646484,44.73077392578125,0.9992430806159973,10.525406837463379,0.001168344053439796,9.916666984558105,3.7449560165405273,2.648006255421592,9.791666984558105,2.6146280263812174,1.1247341632843018,0.7274489402770996,0.5367553234100342,0.5367553234100342,0.0,0.21305905282497406,8.283266652142629e-05,2.211846172141693e-05,0.3794300854206085,0.07029839605093002,1.0,48
4548,0.3295536935329437,0.39204010367393494,1.000044584274292,2.01210880279541,0.3500281572341919,0.00244140625,0.009325755760073662,3.8198294639587402,0.32460126280784607,14.500618934631348,1938.8104248046875,0.01712392456829548,0.11523672193288803,5.535853385925293,63.599998474121094,35.33806610107422,0.8495572805404663,10.5338773727417,0.001147185335867107,6.6666669845581055,3.4657788276672363,1.9235696496563928,6.520833492279053,1.8814915197151263,1.0959546566009521,0.615374743938446,0.624091625213623,0.624091625213623,0.0,0.2101341336965561,4.854046710534021e-05,1.4005644727755356e-05,0.4428064227104187,0.027696574106812477,1.0,48
4553,0.38479575514793396,0.5409130454063416,1.0000349283218384,0.8876172304153442,0.6397041082382202,0.0595703125,0.033774569630622864,0.5669698119163513,0.18071554601192474,2.363790273666382,53.13515853881836,0.2257835865020752,0.582197904586792,8.057884216308594,71.07376861572266,25.834896087646484,0.7411696314811707,10.524921417236328,0.0014184099854901433,17.5625,3.138631820678711,5.595590992334457,16.75,5.336720234681973,1.1508307456970215,1.1915652751922607,0.4713016152381897,0.4713016152381897,0.0,0.11058349162340164,7.77637615101412e-05,2.4776324750815145e-05,0.25941920280456543,0.44594261050224304,1.0,48
4820,0.3449562191963196,0.47373828291893005,1.0000381469726562,1.6047286987304688,0.41072526574134827,0.0048828125,0.00711039686575532,1.4562093019485474,0.1305440068244934,3.462287664413452,487.0975036621094,0.03085736557841301,0.2528148591518402,6.339105129241943,79.19999694824219,43.791011810302734,0.9608837962150574,10.560004234313965,0.0010664486326277256,16.291667938232422,4.288354396820068,3.7990488641336753,15.833333969116211,3.692170111671591,1.2044402360916138,1.1029295921325684,0.5420152544975281,0.5420152544975281,0.0,0.26363539695739746,0.00012171523849247023,2.8382737746418074e-05,0.46911895275115967,0.16241903603076935,1.0,48
4873,0.3320305049419403,0.4226202666759491,1.0000592470169067,2.1906049251556396,0.3728894889354706,0.00439453125,0.015945617109537125,3.628513813018799,0.38289201259613037,13.691630363464355,997.5842895507812,0.02823571488261223,0.20468732714653015,6.042445182800293,64.44444274902344,35.00369644165039,0.7987765073776245,10.524679183959961,0.0011498430976644158,8.1875,3.8744707107543945,2.113191862863225,7.895833492279053,2.037912804446658,1.1252710819244385,0.61311274766922,0.5038789510726929,0.5038789510726929,0.0,0.2992396354675293,7.433661085087806e-05,1.91862621267671e-05,0.5059100389480591,0.3761027157306671,1.0,48
4902,0.2930646240711212,0.35409191250801086,1.0000488758087158,2.5753345489501953,0.4430684447288513,0.0029296875,0.004861528053879738,1.659401535987854,0.0993078425526619,3.2148592472076416,654.4769897460938,0.020013848319649696,0.22125443816184998,6.219099044799805,89.16666412353516,38.81486511230469,1.067981481552124,10.510711669921875,0.0013232396449893713,4.5416669845581055,3.6198577880859375,1.2546534250487935,4.4375,1.225876884541267,1.1047313213348389,0.5297296047210693,0.6720681190490723,0.6720681190490723,0.0,0.20958717167377472,5.243077612249181e-05,1.4484208785830065e-05,0.37772175669670105,0.07212399691343307,1.0,48
5243,0.33069276809692383,0.5344688892364502,1.00003182888031,1.279049038887024,0.560938835144043,0.00634765625,0.010635152459144592,1.675445556640625,0.20807427167892456,7.370323181152344,854.428955078125,0.03844451159238815,0.2587589919567108,6.697979927062988,83.23076629638672,37.110416412353516,0.7626751661300659,10.536175727844238,0.0010678416583687067,10.395833969116211,3.358166456222534,3.095687504976507,9.958333969116211,2.9654080788668997,1.1129299402236938,0.5697731375694275,0.5402354598045349,0.5402354598045349,0.0,0.18388327956199646,6.225293327588588e-05,1.8537774676164785e-05,0.3482478857040405,0.20432281494140625,1.0,48
5434,0.4171834886074066,0.5510513186454773,1.000069499015808,1.7086082696914673,0.46448129415512085,0.00439453125,0.003297035815194249,0.7502588033676147,0.05789000540971756,1.5491983890533447,443.80865478515625,0.02823571488261223,0.26318633556365967,6.423214912414551,77.22222137451172,43.78463363647461,1.20839262008667,10.511415481567383,0.0014770556008443236,8.0625,3.764620304107666,2.141650240207841,7.645833492279053,2.0309706834516077,1.095019817352295,0.5547574162483215,0.6179970502853394,0.6179970502853394,0.0,0.2505452036857605,6.31556031294167e-05,1.677608838605722e-05,0.39035463333129883,0.08729948848485947,1.0,48
5507,0.4128835201263428,0.7353910207748413,1.0000425577163696,2.3006227016448975,0.3758145868778229,0.00244140625,0.011146102100610733,4.565443515777588,0.27724960446357727,7.992059230804443,700.146240234375,0.01712392456829548,0.16677483916282654,5.885587692260742,80.80000305175781,37.38492202758789,0.9506828188896179,10.52878189086914,0.0012708954745903611,7.833333492279053,3.4081287384033203,2.2984265180559578,7.583333492279053,2.2250724817340837,1.0827654600143433,0.7104907035827637,0.5602409839630127,0.5602409839630127,0.0,0.16774971783161163,8.178049756679684e-05,2.3995718355742963e-05,0.4251180589199066,0.31582024693489075,1.0,48
5578,0.40239211916923523,0.5308838486671448,1.000062346458435,1.4730411767959595,0.4311304986476898,0.0087890625,0.009567473083734512,1.0885658264160156,0.13581465184688568,4.078951358795166,469.5323486328125,0.05035991966724396,0.3321040868759155,6.438807964324951,58.11111068725586,42.262393951416016,1.3264542818069458,10.5274658203125,0.0012823764700442553,13.416666984558105,4.238333702087402,3.1655522891684535,12.854166984558105,3.032835037953479,1.1802482604980469,0.8815445899963379,0.4993384778499603,0.4993384778499603,0.0,0.2118697315454483,8.841408998705447e-05,2.086057776312051e-05,0.40978336334228516,0.14330275356769562,1.0,48
5580,0.5932978987693787,0.8130286931991577,1.0000381469726562,3.3775291442871094,0.2439807951450348,0.00244140625,0.01675887033343315,6.864433288574219,0.45753782987594604,18.886592864990234,1436.56591796875,0.01712392456829548,0.16578157246112823,5.685066223144531,66.4000015258789,43.37940216064453,1.8063217401504517,10.529603004455566,0.0015300482045859098,16.875,4.5585479736328125,3.7018366507468285,16.14583396911621,3.5418808855554094,1.1429352760314941,1.47904634475708,0.6089076399803162,0.6152920126914978,0.02083333395421505,0.3268100321292877,7.382925105048344e-05,1.619578236656998e-05,0.45400774478912354,0.5398114323616028,1.0,48
5591,0.30488234758377075,0.40333834290504456,1.0000325441360474,1.1167196035385132,0.6193602085113525,0.013671875,0.015750102698802948,1.1520074605941772,0.1763991415500641,4.047972679138184,241.2271728515625,0.07226333767175674,0.3906668424606323,7.332893371582031,80.46428680419922,33.46381759643555,0.7637215256690979,10.526284217834473,0.001189137576147914,6.833333492279053,3.2384486198425293,2.1100638834624115,6.2916669845581055,1.9428027749398142,1.0329313278198242,0.5896148681640625,0.5967056751251221,0.5967056751251221,0.0,0.23909281194210052,3.507522706058808e-05,1.083087338096625e-05,0.589614987373352,0.48443034291267395,1.0,48
5620,0.4775141179561615,0.6381238102912903,1.0000489950180054,2.4597718715667725,0.2938228249549866,0.0048828125,0.011037904769182205,2.2605628967285156,0.21087920665740967,6.668118953704834,650.6138305664062,0.03085736557841301,0.25317203998565674,6.481420040130615,83.9000015258789,49.62250900268555,1.1600196361541748,10.505949020385742,0.0011803724337369204,9.208333969116211,4.3791184425354,2.102782573461747,8.729166984558105,1.993361695777865,1.1395057439804077,0.7223472595214844,0.620517909526825,0.620517909526825,0.0,0.23604147136211395,0.0001019681803882122,2.3285092991530103e-05,0.41394421458244324,0.28378552198410034,1.0,48
5627,0.3141050934791565,0.4060223698616028,1.000044584274292,1.2780998945236206,0.47023582458496094,0.00927734375,0.014441869221627712,1.556681513786316,0.3334726095199585,14.33188533782959,1661.6934814453125,0.05265381559729576,0.26300540566444397,6.964959144592285,80.7368392944336,41.348060607910156,0.9633170962333679,10.532266616821289,0.0011675595305860043,10.3125,3.8814494609832764,2.656868285184082,9.895833969116211,2.5495202354416655,1.1362252235412598,0.656665027141571,0.5868846774101257,0.5868846774101257,0.0,0.21932025253772736,0.00011484102287795395,2.9587148753700407e-05,0.3619595766067505,0.1720646172761917,1.0,48
5686,0.29694467782974243,0.41990867257118225,0.999997079372406,1.376267671585083,0.484707772731781,0.00537109375,0.00863044336438179,1.606831669807434,0.16171769797801971,5.622125148773193,785.6881713867188,0.03342986851930618,0.2641477882862091,6.217733383178711,69.2727279663086,38.12192153930664,0.8358288407325745,10.533761024475098,0.0010846613440662622,9.041666984558105,3.7061145305633545,2.4396620464902607,8.708333969116211,2.349720677492198,1.091892957687378,0.7008970975875854,0.563478410243988,0.563478410243988,0.0,0.16798415780067444,7.122188981156796e-05,1.9217401143986703e-05,0.3853558301925659,0.23625017702579498,1.0,48
5731,0.3096242845058441,0.3456134498119354,1.0000288486480713,1.2578928470611572,0.5095148086547852,0.0029296875,0.002582387300208211,0.8814548850059509,0.05044350028038025,1.2872854471206665,467.1200256347656,0.020013848319649696,0.22684940695762634,6.073143005371094,80.16666412353516,34.76070785522461,0.9616919755935669,10.530705451965332,0.00116733240429312,6.7291669845581055,3.6094233989715576,1.864332947980593,6.2291669845581055,1.725806667368237,1.090229868888855,0.44572004675865173,0.5281203985214233,0.5281203985214233,0.0,0.1900843232870102,6.781884439988062e-05,1.878938454028712e-05,0.4056755304336548,0.04998251795768738,1.0,48
5775,0.48252496123313904,0.6137423515319824,1.0000581741333008,2.3941235542297363,0.288633793592453,0.00390625,0.015185311436653137,3.887439727783203,0.2765096426010132,7.354047775268555,439.63275146484375,0.02555946074426174,0.2504981756210327,5.9070539474487305,67.125,46.98921203613281,0.8695170283317566,10.530679702758789,0.000985106686130166,16.0625,3.928340435028076,4.088876772462424,15.604166984558105,3.972203326803714,1.1607428789138794,1.3382809162139893,0.584729790687561,0.584729790687561,0.0,0.1745309829711914,8.583981252741069e-05,2.1851418869781076e-05,0.3651718199253082,0.35796859860420227,1.0,48
5949,0.513988196849823,0.6557576656341553,1.0000330209732056,1.9241619110107422,0.25167885422706604,0.0029296875,0.0024745804257690907,0.844656765460968,0.0467999130487442,1.206295371055603,410.646728515625,0.020013848319649696,0.23182417452335358,5.818177223205566,75.5,44.39569854736328,1.2315328121185303,10.54783821105957,0.0014025275595486164,23.5,7.178752422332764,3.2735493000367453,22.479167938232422,3.131347424238689,1.967003583908081,1.3597686290740967,0.30606597661972046,0.311553955078125,0.02083333395421505,0.1783885508775711,0.00036301719956099987,5.056828508613662e-05,0.3283511698246002,0.018558526411652565,1.0,48
6123,0.32039937376976013,0.5159385800361633,1.0000325441360474,1.2013671398162842,0.5514111518859863,0.00341796875,0.002943898318335414,0.861300528049469,0.05960740149021149,1.6886857748031616,525.7679443359375,0.02282176911830902,0.22098469734191895,6.260023593902588,82.14286041259766,41.17509078979492,0.9551209807395935,10.529417037963867,0.0011773190926760435,7.7291669845581055,3.598043918609619,2.14815803751036,7.5625,2.101836483948197,1.062255620956421,0.5697188377380371,0.5791645050048828,0.5791645050048828,0.0,0.20906543731689453,6.128815584816039e-05,1.7033743073793927e-05,0.3933928310871124,0.04519409313797951,1.0,48
6161,0.3658903241157532,0.44394567608833313,1.000046968460083,1.0284898281097412,0.5609841346740723,0.07763671875,0.061532747000455856,0.7925727367401123,0.2953563928604126,3.528204917907715,49.39633560180664,0.2729591429233551,0.6132766604423523,8.070735931396484,70.47798919677734,34.960018157958984,0.7240206599235535,10.549429893493652,0.0010036559542641044,18.0625,5.575612545013428,3.239554366767958,17.20833396911621,3.0863575614921412,1.7627010345458984,0.7365474104881287,0.3717529773712158,0.3717529773712158,0.0,0.14808832108974457,0.00016871964908204973,3.026028932558127e-05,0.3768155872821808,0.7106425166130066,1.0,48
6366,0.353102445602417,0.48059237003326416,1.0000479221343994,1.660191297531128,0.48006317019462585,0.0029296875,0.0042404537089169025,1.4474081993103027,0.11785253137350082,5.0157999992370605,1605.583251953125,0.020013848319649696,0.17251256108283997,6.129150867462158,84.16666412353516,37.01454162597656,0.850188672542572,10.531497955322266,0.0011178156128153205,12.5625,3.2567200660705566,3.857408591025566,12.125,3.7230709784027853,1.0550904273986816,1.0114610195159912,0.6044279336929321,0.6044279336929321,0.0,0.25710222125053406,5.403593968367204e-05,1.6592135160989917e-05,0.4426804482936859,0.17062324285507202,1.0,48
6381,0.3189818561077118,0.3788902163505554,1.0000979900360107,1.0390048027038574,0.4884013533592224,0.00439453125,0.0056847138330340385,1.2935881614685059,0.12038262188434601,4.312237739562988,910.0758056640625,0.02823571488261223,0.23265571892261505,6.391881942749023,78.55555725097656,46.31861877441406,1.1108893156051636,10.517239570617676,0.0012821676209568977,13.416666984558105,4.205853462219238,3.1899986704669336,13.145833969116211,3.12560436447629,1.1583174467086792,0.8384002447128296,0.5419412851333618,0.5419412851333618,0.0,0.25177037715911865,6.979770114412531e-05,1.659537157087316e-05,0.40386074781417847,0.11056556552648544,1.0,48
6435,0.40379568934440613,0.6303593516349792,1.0000401735305786,1.1355737447738647,0.5123883485794067,0.01025390625,0.01879800856113434,1.8332533836364746,0.2583254873752594,7.891585826873779,511.2353515625,0.057165034115314484,0.34815454483032227,6.988582611083984,68.9047622680664,46.50089645385742,1.4819324016571045,10.493725776672363,0.0017040208913385868,7.458333492279053,4.029022216796875,1.8511522330837387,7.3541669845581055,1.825298191617266,1.1189663410186768,0.5195491313934326,0.6042311787605286,0.6042311787605286,0.0,0.21952258050441742,6.454531830968335e-05,1.6020094870759183e-05,0.45832082629203796,0.3985292911529541,1.0,48
6508,0.3384164273738861,0.44318872690200806,1.0000364780426025,1.0563230514526367,0.4907931089401245,0.00537109375,0.011906787753105164,2.216827392578125,0.21550564467906952,7.609625339508057,808.0140380859375,0.03342986851930618,0.2727460563182831,6.313228130340576,71.2727279663086,38.22874450683594,1.1637998819351196,10.526457786560059,0.0014009573496878147,10.625,3.8428571224212646,2.764869895984272,10.270833969116211,2.672707731563489,1.1551086902618408,0.5971661806106567,0.4940098226070404,0.4940098226070404,0.0,0.23672239482402802,8.67911585373804e-05,2.258505990377425e-05,0.38012850284576416,0.41950738430023193,1.0,48
6578,0.4999634921550751,0.6490495800971985,1.0000516176223755,2.4749596118927,0.2723311185836792,0.0029296875,0.013541102409362793,4.622029781341553,0.26759985089302063,7.341426849365234,508.2771911621094,0.020013848319649696,0.22534941136837006,5.766529083251953,74.0,44.60090637207031,1.6938445568084717,10.518110275268555,0.001664896379224956,7.520833492279053,4.012417793273926,1.874389423290476,7.2916669845581055,1.8172751049525504,1.120046615600586,0.6670043468475342,0.6077185273170471,0.6077185273170471,0.0,0.20648030936717987,8.846731361700222e-05,2.2048380292006845e-05,0.42523193359375,0.27437955141067505,1.0,48
6618,0.4891889989376068,0.6054762601852417,1.000030279159546,2.2995166778564453,0.28503698110580444,0.005859375,0.017627671360969543,3.008455991744995,0.2708085775375366,7.536102771759033,400.0228271484375,0.03595767915248871,0.3002293109893799,6.2401628494262695,68.58333587646484,43.263092041015625,1.1020230054855347,10.54648208618164,0.0013014266733080149,17.625,3.856407880783081,4.570315303555992,16.9375,4.392040593133595,1.1890685558319092,1.3946070671081543,0.4891396164894104,0.4891396164894104,0.0,0.19527462124824524,8.466819417662919e-05,2.1955196798292125e-05,0.40896880626678467,0.39753738045692444,1.0,48
6717,0.3726937472820282,0.4295176863670349,1.0000325441360474,1.8493390083312988,0.3989333510398865,0.00390625,0.01016930490732193,2.603342056274414,0.19465859234333038,4.738253116607666,445.76324462890625,0.02555946074426174,0.23735441267490387,6.419568061828613,98.0,32.87855911254883,0.6879541873931885,10.523228645324707,0.0011304626241326332,5.0,3.5622453689575195,1.4036090914835393,4.75,1.3334286369093624,1.0694811344146729,0.43047019839286804,0.5758044719696045,0.5758044719696045,0.0,0.2089671939611435,5.616056660073809e-05,1.5765496372732558e-05,0.48368513584136963,0.2543960511684418,1.0,48
6861,0.33349451422691345,0.4060070216655731,1.0000241994857788,1.2258212566375732,0.5060577392578125,0.00537109375,0.005602198652923107,1.0430275201797485,0.09700987488031387,2.989272356033325,552.6796264648438,0.03342986851930618,0.2750287652015686,6.250072002410889,69.45454406738281,43.09208297729492,1.2801017761230469,10.528828620910645,0.0014551978092640638,8.3125,3.6308753490448,2.289392826248607,7.9791669845581055,2.197587687685661,1.1236554384231567,0.7270585894584656,0.5899786949157715,0.5899786949157715,0.0,0.21620357036590576,6.000059511279687e-05,1.6525104604136468e-05,0.35210877656936646,0.07906993478536606,1.0,48
7098,0.3432628810405731,0.600452184677124,1.0000345706939697,1.993825912475586,0.4063243567943573,0.0029296875,0.005177977029234171,1.7674161195755005,0.1357555091381073,5.457418441772461,1313.402587890625,0.020013848319649696,0.17733867466449738,5.857569694519043,74.16666412353516,45.36582946777344,1.1493123769760132,10.489002227783203,0.0013873468851670623,12.1875,3.9673566818237305,3.071944608640067,11.791666984558105,2.97217212882809,1.1353459358215332,0.9922744631767273,0.6144157648086548,0.6144157648086548,0.0,0.18878863751888275,8.47953706397675e-05,2.137326618867446e-05,0.37514132261276245,0.18801482021808624,1.0,48
7106,0.3962697684764862,0.49960029125213623,1.0000393390655518,1.415229082107544,0.41929909586906433,0.005859375,0.00632827915251255,1.0800262689590454,0.10400418192148209,3.107428550720215,500.5365295410156,0.03595767915248871,0.28793853521347046,6.374396324157715,64.08333587646484,34.071693420410156,0.8800971508026123,10.532275199890137,0.0012871071230620146,15.458333969116211,6.104857444763184,2.5321367589107555,14.8125,2.42634657889397,1.6702313423156738,0.7624980807304382,0.4111168384552002,0.4111168384552002,0.0,0.156023308634758,0.00025625628768466413,4.197580198776397e-05,0.32350778579711914,0.06952334195375443,1.0,48
7142,0.2960531413555145,0.3406267464160919,1.0000357627868652,0.9959684610366821,0.5548653602600098,0.01318359375,0.011957110837101936,0.9069690108299255,0.1406920850276947,3.3653452396392822,280.91107177734375,0.07016520947217941,0.3811711370944977,7.049454689025879,67.44444274902344,41.731231689453125,1.066962480545044,10.51756477355957,0.0013782790629193187,10.333333969116211,3.947080373764038,2.6179689705893643,9.958333969116211,2.5229620379860838,1.2275643348693848,0.6100950837135315,0.5488624572753906,0.5488624572753906,0.0,0.17412631213665009,0.00010475107410456985,2.653887530019759e-05,0.30177614092826843,0.2912473976612091,1.0,48
7215,0.41679438948631287,0.5355296730995178,1.0000637769699097,1.155831217765808,0.5271574854850769,0.02392578125,0.05534934625029564,2.3133766651153564,0.48740413784980774,7.434500694274902,121.89248657226562,0.11294737458229065,0.4520360827445984,7.385047435760498,67.7755126953125,46.179412841796875,1.3426779508590698,10.514894485473633,0.0013997032074257731,9.854166984558105,4.279134273529053,2.302841259852041,9.583333969116211,2.239549715932897,1.1685682535171509,0.6713120341300964,0.5085906982421875,0.5085906982421875,0.0,0.19184285402297974,0.0001134481281042099,2.6511934561363634e-05,0.39100182056427,0.9309340119361877,1.0,48
7300,0.32696622610092163,0.41528674960136414,1.0000747442245483,1.7883528470993042,0.47717148065567017,0.0068359375,0.008964542299509048,1.3113844394683838,0.13451431691646576,2.967935085296631,323.96588134765625,0.04089350998401642,0.30788448452949524,6.68499231338501,72.42857360839844,37.27787399291992,0.8696078658103943,10.52821159362793,0.0011262220796197653,11.8125,3.388092041015625,3.486475521365793,11.041666984558105,3.2589631032156348,1.0679396390914917,1.0006550550460815,0.5729595422744751,0.5729595422744751,0.0,0.2255401611328125,7.296643889276311e-05,2.1536144176156743e-05,0.39900779724121094,0.1577233225107193,1.0,48
7449,0.3836720883846283,0.48725491762161255,1.0000697374343872,1.8055915832519531,0.38451600074768066,0.0029296875,0.006097840145230293,2.0813961029052734,0.18080155551433563,7.441478729248047,1446.9462890625,0.020013848319649696,0.14697064459323883,5.927778244018555,74.33333587646484,41.16752243041992,1.0459678173065186,10.543468475341797,0.001096191699616611,6.8541669845581055,3.718207836151123,1.8434060892139605,6.520833492279053,1.7537571222730457,1.1045976877212524,0.43885621428489685,0.5553430914878845,0.5553430914878845,0.0,0.1756180077791214,6.602738721994683e-05,1.7757852694624002e-05,0.40044206380844116,0.008152714930474758,1.0,48
7583,0.5387541651725769,0.6933677196502686,1.000045657157898,2.828970432281494,0.2176240235567093,0.0029296875,0.006850429344922304,2.338279962539673,0.16452044248580933,5.968265533447266,935.7410278320312,0.020013848319649696,0.18540982902050018,5.634480953216553,56.0,38.393959045410156,1.1251084804534912,10.51168441772461,0.0014825169928371906,11.979166984558105,3.689112663269043,3.2471675564040106,11.625,3.1511642580704127,1.140879511833191,1.1773661375045776,0.5452219247817993,0.5452219247817993,0.0,0.25304296612739563,7.124777039280161e-05,1.931298301324764e-05,0.4853925406932831,0.13414014875888824,1.0,48
7645,0.43829232454299927,0.6168373823165894,1.0000526905059814,1.4762897491455078,0.42850202322006226,0.0205078125,0.047189466655254364,2.3010482788085938,0.5085842609405518,14.116659164428711,361.3812255859375,0.10000890493392944,0.4186970293521881,7.258488655090332,73.92857360839844,43.5782585144043,1.294270396232605,10.516389846801758,0.001546771265566349,10.916666984558105,4.013759613037109,2.7198108531217278,10.645833969116211,2.6523347108317314,1.1667943000793457,0.8201904296875,0.5776737332344055,0.5776737332344055,0.0,0.13853175938129425,0.0001122500907513313,2.7966321178544948e-05,0.32457005977630615,0.7347732186317444,1.0,48
7745,0.3582157492637634,0.5568313002586365,1.0000349283218384,2.299835681915283,0.34051188826560974,0.00390625,0.029388749971985817,7.523519992828369,0.8205310702323914,35.19384765625,1654.2635498046875,0.02555946074426174,0.17862500250339508,6.130368709564209,81.375,41.34911346435547,1.436639666557312,10.528776168823242,0.0013563022948801517,10.479166984558105,3.723123073577881,2.8146173922586892,10.145833969116211,2.7250869072440587,1.122604250907898,0.8670811653137207,0.5795191526412964,0.5795191526412964,0.0,0.20270849764347076,5.5068165238481015e-05,1.479085273365744e-05,0.3929895758628845,0.1590951532125473,1.0,48
7908,0.4678480625152588,0.6131379008293152,1.0000680685043335,2.5881052017211914,0.32203593850135803,0.00439453125,0.022004026919603348,5.007138729095459,0.49507272243499756,17.978776931762695,973.8470458984375,0.02823571488261223,0.22026529908180237,6.174370288848877,75.66666412353516,39.305843353271484,0.9450904726982117,10.535053253173828,0.0012202472425997257,19.25,3.7492005825042725,5.134427866699443,18.604167938232422,4.962169262276201,1.1534618139266968,1.5823224782943726,0.5897336006164551,0.5897336006164551,0.0,0.22638878226280212,7.696992543060333e-05,2.052968987161911e-05,0.45381009578704834,0.68829345703125,1.0,48
7989,0.46120476722717285,0.5703923106193542,1.0000436305999756,1.8313935995101929,0.3323538899421692,0.00244140625,0.004301283974200487,1.7618058919906616,0.10748769342899323,3.4156455993652344,834.1793823242188,0.01712392456829548,0.1733243614435196,5.800665855407715,87.5999984741211,37.72978973388672,0.9987622499465942,10.530263900756836,0.0012898275163024664,13.5625,3.6554222106933594,3.7102417124956553,13.1875,3.607654384039554,1.1102666854858398,1.1207146644592285,0.5335018634796143,0.5335018634796143,0.0,0.16694241762161255,8.564077143091708e-05,2.3428421194712978e-05,0.33433210849761963,0.07910792529582977,1.0,48
8081,0.357089102268219,0.5102187395095825,1.0000470876693726,1.5505445003509521,0.45199379324913025,0.01025390625,0.01813231036067009,1.7683320045471191,0.28204524517059326,9.179869651794434,677.4708251953125,0.057165034115314484,0.3274155259132385,6.854930877685547,66.28571319580078,45.88698196411133,1.0555498600006104,10.51739501953125,0.0012468310305848718,12.854166984558105,4.6469926834106445,2.7661259297405594,12.333333969116211,2.654046344123731,1.1637681722640991,0.9322445392608643,0.5766911506652832,0.5766911506652832,0.0,0.17179736495018005,0.00012131683615734801,2.6106526125890664e-05,0.3521467447280884,0.29381605982780457,1.0,48
8098,0.3617071211338043,0.43711113929748535,1.0000829696655273,1.134979486465454,0.5484141111373901,0.00634765625,0.005004818085581064,0.7884513139724731,0.09644132852554321,3.5791072845458984,964.614013671875,0.03844451159238815,0.26396873593330383,6.680694580078125,78.53845977783203,51.04703140258789,1.6045454740524292,10.501047134399414,0.001509434194304049,11.145833969116211,4.192924499511719,2.658248185444718,10.708333969116211,2.5539057392576896,1.1333858966827393,0.8421697616577148,0.6305928230285645,0.6305928230285645,0.0,0.158699631690979,7.978387293405831e-05,1.902821592734791e-05,0.32860973477363586,0.1426677405834198,1.0,48
8396,0.513077437877655,0.554172694683075,1.0000438690185547,0.9071663022041321,0.4379715621471405,0.03173828125,0.01996816322207451,0.6291507482528687,0.1502019315958023,3.0630898475646973,137.6385040283203,0.14073362946510315,0.497285932302475,7.864099025726318,82.80000305175781,26.582984924316406,0.9759522676467896,10.529277801513672,0.0018018512055277824,14.1875,3.3375680446624756,4.250849650894914,13.5,4.04486134182071,1.1617305278778076,0.7134262919425964,0.3841403126716614,0.3841403126716614,0.0,0.18603964149951935,6.865613249829039e-05,2.0570706386759658e-05,0.3815099596977234,0.35526931285858154,1.0,48
8445,0.36022236943244934,0.4672718048095703,1.0000303983688354,1.2431696653366089,0.5785151720046997,0.0244140625,0.04005204141139984,1.6405316591262817,0.5007328987121582,16.580795288085938,662.5711059570312,0.1147531270980835,0.41430848836898804,7.556082725524902,76.54000091552734,72.2476806640625,1.1420722007751465,10.54982852935791,0.000813484366517514,9.5,6.0586676597595215,1.5680015009598753,9.166666984558105,1.5129839569038361,1.1412917375564575,0.5692974925041199,0.8271848559379578,0.8271848559379578,0.0,0.34289655089378357,0.00012226542457938194,2.0180249395364982e-05,0.40972262620925903,0.6280167698860168,1.0,48
8537,0.36260753870010376,0.43519923090934753,1.0000346899032593,2.19551420211792,0.43648070096969604,0.00244140625,0.005083274096250534,2.082108974456787,0.11260485649108887,3.502509117126465,646.7102661132812,0.01712392456829548,0.19687813520431519,5.870352745056152,80.19999694824219,36.02300262451172,0.8753243684768677,10.525843620300293,0.0011491765035316348,9.083333969116211,3.426417112350464,2.6509714505761046,8.75,2.5536879158476915,1.0606096982955933,0.7867571711540222,0.595645546913147,0.595645546913147,0.0,0.2264084815979004,4.7789373638806865e-05,1.3947330967697292e-05,0.42633938789367676,0.15724997222423553,1.0,48
8705,0.513953447341919,0.6075108051300049,1.0000590085983276,1.7157858610153198,0.3613032102584839,0.00732421875,0.021843768656253815,2.9824025630950928,0.35121703147888184,9.956123352050781,493.63519287109375,0.0433073565363884,0.3017095625400543,6.59417724609375,72.13333129882812,40.9979248046875,1.3854129314422607,10.502811431884766,0.001809756038710475,8.583333969116211,3.7774314880371094,2.2722672730336533,8.291666984558105,2.195054229008986,1.130265474319458,0.7745627760887146,0.6181607246398926,0.6181607246398926,0.0,0.20843003690242767,7.179129897849634e-05,1.9005321212522772e-05,0.4424874782562256,0.38653764128685,1.0,48
8760,0.34174785017967224,0.4561379551887512,1.0000413656234741,1.7380152940750122,0.4339984357357025,0.00244140625,0.003511663991957903,1.4383776187896729,0.08803439885377884,3.220271587371826,989.6588745117188,0.01712392456829548,0.17541339993476868,5.882969856262207,78.19999694824219,40.35558319091797,1.031759262084961,10.529291152954102,0.0012954920530319214,8.208333969116211,3.826477527618408,2.145141030731115,8.0625,2.1070292248515545,1.112299919128418,0.7466573715209961,0.5982040762901306,0.5982040762901306,0.0,0.20759236812591553,6.990314432187006e-05,1.8268275100179377e-05,0.41310828924179077,0.14983098208904266,1.0,48
8876,0.3445875346660614,0.47509467601776123,1.0000368356704712,1.421512246131897,0.4350893795490265,0.00341796875,0.005352654494345188,1.5660337209701538,0.10661887377500534,2.955998659133911,576.0169677734375,0.02282176911830902,0.2306869924068451,5.914490222930908,74.57142639160156,44.033634185791016,1.2012485265731812,10.515745162963867,0.0013342872262001038,16.1875,3.589423656463623,4.509776918016555,15.541666984558105,4.329850256955064,1.1419755220413208,1.1232452392578125,0.5540022850036621,0.5540022850036621,0.0,0.19411349296569824,8.886129216989502e-05,2.4756423433693763e-05,0.348030686378479,0.20772713422775269,1.0,48
8912,0.40315768122673035,0.49038204550743103,1.0000529289245605,1.1177634000778198,0.47895392775535583,0.00732421875,0.0022855170536786318,0.3120492696762085,0.03688938915729523,0.9282387495040894,400.8954162597656,0.0433073565363884,0.2969062924385071,6.740654945373535,87.46666717529297,36.690128326416016,0.8557791709899902,10.537759780883789,0.0011577970581129193,12.3125,3.664931058883667,3.3595447686688336,11.895833969116211,3.245854763849533,1.1377761363983154,0.6455994248390198,0.5402318239212036,0.5402318239212036,0.0,0.12332841008901596,8.027301373658702e-05,2.1903007785911256e-05,0.295884370803833,0.0727325826883316,1.0,48
8971,0.2334907054901123,0.26850563287734985,1.0000784397125244,2.158069610595703,0.47930243611335754,0.00341796875,0.006589434575289488,1.9278802871704102,0.1746826022863388,5.655166149139404,927.4452514648438,0.02282176911830902,0.1646585613489151,6.348386764526367,88.85713958740234,35.285865783691406,0.8535367846488953,10.521909713745117,0.0012217166367918253,5.708333492279053,3.5465915203094482,1.6095266239416604,5.4791669845581055,1.5449106382093107,1.0935779809951782,0.5728163719177246,0.618264377117157,0.618264377117157,0.0,0.25860750675201416,4.0651320887263864e-05,1.1462081420951497e-05,0.4855227768421173,0.1258031576871872,1.0,48
8978,0.47248321771621704,0.5697579979896545,1.0000171661376953,2.24357271194458,0.3257179856300354,0.00244140625,0.010810380801558495,4.427931785583496,0.31602203845977783,12.93439769744873,1417.507568359375,0.01712392456829548,0.1468379944562912,5.736757278442383,79.19999694824219,40.613311767578125,0.8947643041610718,10.525020599365234,0.001129503478296101,14.604166984558105,3.7065892219543457,3.9400554177021325,13.979166984558105,3.7714367872340184,1.1449694633483887,1.2180538177490234,0.5269949436187744,0.5269949436187744,0.0,0.21161334216594696,7.583801925648004e-05,2.0460324711107385e-05,0.4155518114566803,0.017719680443406105,1.0,48
9008,0.46206313371658325,0.5655025243759155,1.0000299215316772,1.9017095565795898,0.3275154232978821,0.00341796875,0.004991358611732721,1.4603289365768433,0.11040497571229935,3.196197748184204,614.2974853515625,0.02282176911830902,0.2021431177854538,5.7490692138671875,55.71428680419922,42.11600112915039,0.8563398718833923,10.532261848449707,0.0010487830732017756,14.583333969116211,4.311089992523193,3.382748669264822,14.270833969116211,3.310261200940779,1.234898328781128,1.0530011653900146,0.47142428159713745,0.47142428159713745,0.0,0.2103954404592514,0.00011527776950970292,2.673981973056308e-05,0.4912489354610443,0.1451616883277893,1.0,48
9094,0.4193674623966217,0.47643306851387024,1.0000100135803223,2.250605583190918,0.35309091210365295,0.00244140625,0.009595196694135666,3.930192470550537,0.26254919171333313,10.691351890563965,1365.1123046875,0.01712392456829548,0.15955869853496552,5.350774765014648,66.4000015258789,39.62656021118164,0.8123654723167419,10.539843559265137,0.0010891209822148085,9.645833969116211,4.0067338943481445,2.4074056823809693,9.4375,2.355409724054382,1.0307420492172241,0.797024130821228,0.6556949019432068,0.6603701114654541,0.02083333395421505,0.29111093282699585,8.944916044129059e-05,2.2324706999938162e-05,0.41587311029434204,0.14629875123500824,1.0,48
9261,0.4631817936897278,0.5361984968185425,1.0000391006469727,2.2282633781433105,0.324461966753006,0.01025390625,0.04027598351240158,3.9278674125671387,0.4972327947616577,9.44428539276123,222.2393798828125,0.057165034115314484,0.35944074392318726,6.54508113861084,61.33333206176758,34.399314880371094,0.8052198886871338,10.520146369934082,0.0012302342802286148,15.604166984558105,3.349146604537964,4.659147174036392,15.020833969116211,4.484973546369642,1.1951165199279785,1.3193844556808472,0.5364856719970703,0.5364856719970703,0.0,0.30292415618896484,6.298721564235166e-05,1.8806944840496673e-05,0.431153267621994,0.9700453281402588,1.0,48
9325,0.3498712480068207,0.41697555780410767,1.0000218152999878,2.05446457862854,0.38420915603637695,0.00341796875,0.004722726531326771,1.381734848022461,0.0956064909696579,2.956462860107422,651.9519653320312,0.02282176911830902,0.22946873307228088,5.990421772003174,80.57142639160156,38.48066329956055,0.9945327639579773,10.501925468444824,0.0014214201364666224,8.583333969116211,4.419197082519531,1.9422835844197586,8.3125,1.880997798009676,1.144335150718689,0.5982236266136169,0.5606492757797241,0.5613142251968384,0.02083333395421505,0.27478042244911194,8.427444117842242e-05,1.9070079793697266e-05,0.5679802298545837,0.07092279940843582,1.0,48
9345,0.33188244700431824,0.4839034974575043,1.0000287294387817,1.6878093481063843,0.4872538149356842,0.00439453125,0.006878170184791088,1.5651658773422241,0.15497873723506927,5.955694198608398,1107.0941162109375,0.02823571488261223,0.21975766122341156,6.491311550140381,92.77777862548828,34.18678665161133,0.8522615432739258,10.524017333984375,0.0011647811625152826,8.625,3.2642760276794434,2.642239780104953,8.416666984558105,2.57841766057918,1.0830988883972168,0.7415518760681152,0.646165132522583,0.646165132522583,0.0,0.29942983388900757,5.245412467047572e-05,1.6069144908396007e-05,0.45660772919654846,0.26965540647506714,1.0,48
9366,0.32359248399734497,0.43606963753700256,1.000060796737671,1.3055027723312378,0.5723183155059814,0.00537109375,0.005911768414080143,1.1006637811660767,0.09170565009117126,2.2094781398773193,330.58251953125,0.03342986851930618,0.29153311252593994,6.551965713500977,77.54545593261719,50.273250579833984,1.6240910291671753,10.46976089477539,0.0017564448062330484,9.625,4.761183738708496,2.021556089409666,9.104166984558105,1.9121645928972335,1.120326280593872,0.5731884241104126,0.7396308779716492,0.7396308779716492,0.0,0.2233666330575943,0.00011437644570833072,2.4022690940956882e-05,0.3220157325267792,0.11058813333511353,1.0,48
9573,0.34640204906463623,0.45293086767196655,1.0000537633895874,2.3155922889709473,0.38530391454696655,0.0048828125,0.010792355053126812,2.2102742195129395,0.19332286715507507,5.399236679077148,466.05352783203125,0.03085736557841301,0.25885438919067383,6.582111358642578,85.0,41.91876983642578,2.5630991458892822,10.472938537597656,0.0029359934851527214,5.2291669845581055,4.695345401763916,1.113691651194975,5.0625,1.0781954374040725,1.143584132194519,0.6328836679458618,0.6858000755310059,0.6858000755310059,0.0,0.30537283420562744,0.00019121663353871554,4.0724721350559924e-05,0.3877585232257843,0.3114781379699707,1.0,48
9591,0.4934360980987549,0.6223217844963074,1.000015377998352,1.4333765506744385,0.3718315362930298,0.0087890625,0.01401636190712452,1.5947505235671997,0.18883273005485535,3.772916316986084,266.73834228515625,0.05035991966724396,0.33461543917655945,6.949994087219238,77.88888549804688,26.90123748779297,1.7435141801834106,10.51266098022461,0.0025408833753317595,17.95833396911621,7.101315975189209,2.5288740856724075,17.4375,2.4555307827969286,2.0886621475219727,0.6305102705955505,0.2920597493648529,0.29641419649124146,0.0416666679084301,0.23914428055286407,0.00039695383748039603,5.5898630381791064e-05,0.43755650520324707,0.209805428981781,1.0,48
9764,0.36182087659835815,0.4829414486885071,1.000030755996704,1.016491174697876,0.5739045739173889,0.01708984375,0.023313123732805252,1.3641507625579834,0.22638963162899017,4.057138919830322,173.28053283691406,0.08648617565631866,0.4269263446331024,7.3034257888793945,81.97142791748047,45.65562057495117,1.3958604335784912,10.501367568969727,0.001638780813664198,8.083333969116211,4.097631454467773,1.9726844737527234,7.75,1.8913365116417613,1.1565375328063965,0.5178787708282471,0.5787159204483032,0.5787159204483032,0.0,0.19547753036022186,0.00011348391126375645,2.7695001917039523e-05,0.4106660783290863,0.4638162851333618,1.0,48
9907,0.41098031401634216,0.5460143685340881,1.0000672340393066,2.0325121879577637,0.38545507192611694,0.00537109375,0.015327490866184235,2.8537001609802246,0.3196275532245636,9.707396507263184,685.5079345703125,0.03342986851930618,0.231558158993721,6.570990562438965,84.18181610107422,33.3450927734375,1.2008113861083984,10.525629043579102,0.0015599436592310667,8.979166984558105,3.247394561767578,2.765037258675556,8.541666984558105,2.630313870331076,1.136881709098816,0.7117146253585815,0.5475761294364929,0.5475761294364929,0.0,0.1826031655073166,7.831426773918793e-05,2.4116030869806176e-05,0.33655524253845215,0.1222473606467247,1.0,48
9938,0.37651780247688293,0.5164441466331482,1.0000232458114624,1.740559697151184,0.4090033769607544,0.00537109375,0.02078162133693695,3.8691599369049072,0.39272090792655945,11.270806312561035,538.4213256835938,0.03342986851930618,0.2527725398540497,6.349017143249512,72.54545593261719,38.378639221191406,1.1071351766586304,10.530838012695312,0.00133446604013443,8.979166984558105,3.6601436138153076,2.4532280444225534,8.708333969116211,2.3792328564524214,1.0846447944641113,0.707148551940918,0.5503491163253784,0.5503491163253784,0.0,0.2174772322177887,6.823281000833958e-05,1.864211272048778e-05,0.4204018712043762,0.4663430452346802,1.0,48
10032,0.3620283305644989,0.6088917851448059,1.000030755996704,2.3535308837890625,0.336124986410141,0.0048828125,0.015180803835391998,3.1090285778045654,0.3193158805370331,11.372573852539062,884.3828125,0.03085736557841301,0.2368132621049881,6.438432216644287,86.9000015258789,43.50190734863281,1.2993862628936768,10.49534797668457,0.0016556053888052702,7.895833492279053,4.077507019042969,1.936436512810202,7.520833492279053,1.8444685536309835,1.1298936605453491,0.7249362468719482,0.6231613755226135,0.6231613755226135,0.0,0.23690791428089142,6.042345194146037e-05,1.4818724164319186e-05,0.46713200211524963,0.33460184931755066,1.0,48
10066,0.40822625160217285,0.58495032787323,1.0000909566879272,3.115812063217163,0.3448368012905121,0.00390625,0.04880274832248688,12.49350357055664,1.1747276782989502,38.12492370605469,882.1951904296875,0.02555946074426174,0.19578076899051666,6.017236709594727,63.875,37.9750862121582,1.0837136507034302,10.523697853088379,0.0013644667342305183,12.3125,3.6775336265563965,3.34803191943862,12.145833969116211,3.3027118632936396,1.12553870677948,1.152232050895691,0.6059659719467163,0.6059659719467163,0.0,0.1872701495885849,6.494406261481345e-05,1.7659678750246968e-05,0.3852466344833374,1.0937894582748413,1.0,48
10078,0.4012117385864258,0.5286642909049988,1.0000433921813965,1.4405618906021118,0.444013774394989,0.01025390625,0.016996795311570168,1.6575921773910522,0.21572378277778625,5.15566873550415,328.1033935546875,0.057165034115314484,0.3601982295513153,6.8788275718688965,75.76190185546875,44.96406173706055,1.1839144229888916,10.530370712280273,0.0012785408180207014,12.416666984558105,4.020415306091309,3.0884040598645726,12.020833969116211,2.989948307331342,1.1542682647705078,0.8221647143363953,0.5694451332092285,0.5694451332092285,0.0,0.2767009139060974,8.031196193769574e-05,1.9976036211048936e-05,0.4533925950527191,0.20659799873828888,1.0,48
10121,0.2978953719139099,0.376880943775177,1.0000572204589844,1.384545922279358,0.5144434571266174,0.0068359375,0.007198710925877094,1.0530685186386108,0.13248418271541595,4.412439346313477,714.4617309570312,0.04089350998401642,0.27412959933280945,6.834379196166992,82.07142639160156,37.008487701416016,0.8095020651817322,10.529476165771484,0.0010766822379082441,5.708333492279053,3.580371856689453,1.5943409525103864,5.4375,1.518696996417782,1.0940841436386108,0.49939677119255066,0.5824151039123535,0.5824151039123535,0.0,0.20290592312812805,6.616990140173584e-05,1.84812929677383e-05,0.4675360918045044,0.21898913383483887,1.0,48
10140,0.35376760363578796,0.4718722999095917,1.0000460147857666,1.07257080078125,0.5466216802597046,0.0146484375,0.019546030089259148,1.334342360496521,0.23079651594161987,5.868244171142578,343.0648193359375,0.07640714943408966,0.38703247904777527,7.070962905883789,68.80000305175781,52.15397644042969,1.367235779762268,10.518558502197266,0.0013480840716511011,14.1875,4.440914154052734,3.19472511196943,13.833333969116211,3.1149744079926207,1.1746647357940674,0.9521540403366089,0.6334108114242554,0.6334108114242554,0.0,0.1652303785085678,0.00010533566091908142,2.3719364308305644e-05,0.26234492659568787,0.5613756775856018,1.0,48
10175,0.4152711033821106,0.5100374221801758,0.9999491572380066,1.8633779287338257,0.3598673939704895,0.00634765625,0.007979157380759716,1.2570241689682007,0.11907035112380981,2.7896504402160645,338.2939453125,0.03844451159238815,0.3077368438243866,6.585516929626465,71.0,31.389314651489258,0.7325832843780518,10.521360397338867,0.0012241554213687778,6.4375,3.1816234588623047,2.0233381049021313,6.1875,1.9447618678185532,1.035711407661438,0.5867620706558228,0.4917788505554199,0.4917788505554199,0.0,0.2653878927230835,4.99315865454264e-05,1.5693744729410455e-05,0.43653616309165955,0.24382160604000092,1.0,48
10219,0.32994866371154785,0.4756118357181549,1.0000534057617188,1.7833499908447266,0.417324036359787,0.0107421875,0.03193853795528412,2.9731874465942383,0.49671483039855957,12.874945640563965,416.7220153808594,0.05938481166958809,0.31288135051727295,7.0705180168151855,81.7727279663086,42.379310607910156,0.9598100781440735,10.522964477539062,0.001233138726092875,9.458333969116211,3.776762008666992,2.504350002030186,9.333333969116211,2.471252867664246,1.1286275386810303,0.7410361170768738,0.6088458299636841,0.6088458299636841,0.0,0.179592564702034,7.435913721565157e-05,1.968859484609428e-05,0.33237576484680176,0.3689287602901459,1.0,48
10264,0.34447312355041504,0.4419250190258026,1.0000841617584229,1.299949049949646,0.42630696296691895,0.00244140625,0.003166744252666831,1.2970983982086182,0.07431235909461975,2.230091094970703,767.8263549804688,0.01712392456829548,0.18748731911182404,5.772405624389648,70.19999694824219,43.2837028503418,1.3776261806488037,10.506471633911133,0.001622173935174942,9.125,3.991349697113037,2.28619406205831,8.645833969116211,2.1661429349847134,1.1317110061645508,0.691898763179779,0.534579336643219,0.534579336643219,0.0,0.16272702813148499,0.00010482352081453428,2.6262675161669472e-05,0.3246089220046997,0.11885521560907364,1.0,48
10365,0.325312077999115,0.4717458486557007,1.0000572204589844,1.5163542032241821,0.3944556713104248,0.01318359375,0.020027432590723038,1.519117832183838,0.22976773977279663,5.514848709106445,319.2759704589844,0.07016520947217941,0.3913426697254181,7.0395073890686035,71.9259262084961,47.87919616699219,1.014133334159851,10.5326509475708,0.0011214115656912327,9.166666984558105,4.892510890960693,1.873611969420066,8.729166984558105,1.7841895830715566,1.1360161304473877,0.9079140424728394,0.5872197151184082,0.590792179107666,0.02083333395421505,0.2626294791698456,0.00010888927499763668,2.2256317298394815e-05,0.5175177454948425,0.2720734775066376,1.0,48
10496,0.308429479598999,0.4235449731349945,1.0000394582748413,1.0132954120635986,0.5470400452613831,0.01318359375,0.020687537267804146,1.5691879987716675,0.26301637291908264,5.845426082611084,329.5998840332031,0.07016520947217941,0.36799731850624084,7.101171493530273,70.88888549804688,43.195621490478516,0.9016377329826355,10.528879165649414,0.0011365145910531282,9.9375,4.103103160858154,2.4219473862075946,9.666666984558105,2.3559405118580883,1.1930533647537231,0.705802857875824,0.5117137432098389,0.5117137432098389,0.0,0.13433250784873962,0.00013063033111393452,3.183695989945422e-05,0.3168864846229553,0.39961159229278564,1.0,48
10596,0.412412166595459,0.5013101696968079,1.0000301599502563,1.4998549222946167,0.4212535321712494,0.00732421875,0.011665180325508118,1.5926859378814697,0.16988034546375275,4.098287105560303,366.25189208984375,0.0433073565363884,0.31877821683883667,6.736494064331055,81.13333129882812,44.16933059692383,1.135461449623108,10.518339157104492,0.0011270176619291306,11.75,4.414918899536133,2.661430536044557,11.229166984558105,2.5434593963443675,1.1816420555114746,0.7625536918640137,0.634409487247467,0.634409487247467,0.0,0.25604894757270813,0.00012656478793360293,2.8667522671871873e-05,0.42643824219703674,0.3259859085083008,1.0,48
10736,0.2871337831020355,0.38509419560432434,1.0000331401824951,1.4538354873657227,0.48787009716033936,0.0029296875,0.0026224616449326277,0.8951335549354553,0.05754352733492851,1.7802683115005493,675.7286376953125,0.020013848319649696,0.20593634247779846,5.956268310546875,71.33333587646484,38.55497360229492,0.8486098051071167,10.530970573425293,0.0011516869999468327,12.833333969116211,3.751858711242676,3.4205269767902147,12.208333969116211,3.2539428790305345,1.0999571084976196,0.9633045196533203,0.5317254066467285,0.5317254066467285,0.0,0.23044882714748383,7.322378223761916e-05,1.951666831776818e-05,0.34343892335891724,0.022662214934825897,1.0,48
10795,0.32696405053138733,0.42571690678596497,1.0000510215759277,1.8023327589035034,0.48568668961524963,0.021484375,0.05374160781502724,2.50142765045166,0.5337604284286499,16.386962890625,459.9799499511719,0.10376113653182983,0.4424174427986145,7.012998104095459,88.06818389892578,33.553443908691406,0.749289870262146,10.529422760009766,0.0011383157689124346,8.9375,3.438577651977539,2.5991851511243778,8.270833969116211,2.405306723350149,1.1065025329589844,0.5699313879013062,0.5969637036323547,0.5969637036323547,0.0,0.2324211597442627,5.692660852218978e-05,1.6555277826545024e-05,0.38427966833114624,1.1939339637756348,1.0,48
10948,0.32599589228630066,0.46637773513793945,1.0000461339950562,1.484187126159668,0.4082493185997009,0.0029296875,0.00870358757674694,2.9708244800567627,0.24717025458812714,10.241863250732422,1460.18212890625,0.020013848319649696,0.1566159427165985,6.059336185455322,87.83333587646484,38.34840393066406,1.005880355834961,10.53566837310791,0.0011582700535655022,13.645833969116211,3.5920894145965576,3.7988569760199753,13.166666984558105,3.6654619159535287,1.1089251041412354,1.0517172813415527,0.5751344561576843,0.5751344561576843,0.0,0.2211790829896927,6.449247302953154e-05,1.7954027699846297e-05,0.3833368420600891,0.14837639033794403,1.0,48
11039,0.4737462103366852,0.5616657137870789,1.0000416040420532,2.231323719024658,0.28125083446502686,0.0126953125,0.03931405022740364,3.0967373847961426,0.5455679297447205,16.289588928222656,617.3903198242188,0.06804874539375305,0.36623314023017883,6.562087059020996,62.30769348144531,47.9953498840332,1.302137017250061,10.52795696258545,0.0014413375174626708,17.27083396911621,3.9927592277526855,4.325538541321379,16.89583396911621,4.23161852820006,1.1758760213851929,1.373361587524414,0.5531195998191833,0.5531195998191833,0.0,0.18796215951442719,8.461027027806267e-05,2.119092718590399e-05,0.39921891689300537,0.5379679203033447,1.0,48
11054,0.44171974062919617,0.5809840559959412,1.0000402927398682,2.1119046211242676,0.3374890983104706,0.0048828125,0.012298907153308392,2.5188162326812744,0.24702173471450806,8.910356521606445,888.8150024414062,0.03085736557841301,0.24632975459098816,6.349761009216309,71.30000305175781,40.56453323364258,1.0451945066452026,10.540711402893066,0.0011734763393178582,13.166666984558105,3.8388757705688477,3.429823661188396,12.770833969116211,3.326711959203801,1.1619724035263062,1.1321183443069458,0.5330148935317993,0.5330148935317993,0.0,0.21648308634757996,0.00010626099538058043,2.7680238031779863e-05,0.36720073223114014,0.4071695804595947,1.0,48
11082,0.3113424479961395,0.3874317407608032,1.000030279159546,1.0961533784866333,0.5609046220779419,0.0068359375,0.004298305604606867,0.628780722618103,0.06981095671653748,1.7133300304412842,399.0231628417969,0.04089350998401642,0.2925148606300354,6.713281154632568,75.78571319580078,32.05167770385742,0.7119219303131104,10.533937454223633,0.0011509214527904987,8.708333969116211,2.8888139724731445,3.0145014604439546,8.354166984558105,2.891902017659861,1.0584964752197266,0.6310193538665771,0.5484861135482788,0.5484861135482788,0.0,0.19175787270069122,7.590086170239374e-05,2.6274056468466065e-05,0.3566155731678009,0.09693139791488647,1.0,48
11355,0.41321441531181335,0.49045971035957336,1.0000895261764526,2.3512680530548096,0.3574727773666382,0.00439453125,0.015945859253406525,3.6285688877105713,0.3100387156009674,10.096760749816895,700.5614013671875,0.02823571488261223,0.24746203422546387,6.375402450561523,85.88888549804688,41.976417541503906,1.112845778465271,10.525726318359375,0.0012489978689700365,8.541666984558105,3.7503364086151123,2.2775735377127284,8.208333969116211,2.1886927072391296,1.1249407529830933,0.6801567077636719,0.5901582837104797,0.5901582837104797,0.0,0.22441063821315765,7.310768705792725e-05,1.9493634409716168e-05,0.39238592982292175,0.2300180047750473,1.0,48
11358,0.5355744361877441,0.654362142086029,1.0000444650650024,2.2977397441864014,0.27160775661468506,0.00341796875,0.002537092659622431,0.7422808408737183,0.050829123705625534,1.4411773681640625,613.3597412109375,0.02282176911830902,0.23078078031539917,6.117427825927734,75.85713958740234,52.0501823425293,1.0196110010147095,10.519331932067871,0.0010612334590405226,12.9375,4.110678672790527,3.1472905080524076,12.4375,3.0256560922822664,1.143842101097107,1.1401642560958862,0.5716550350189209,0.5716550350189209,0.0,0.14472663402557373,9.18496516533196e-05,2.2344157435085054e-05,0.28284311294555664,0.08127262443304062,1.0,48
11524,0.3316118121147156,0.4611707925796509,1.0000286102294922,1.66078782081604,0.4006364941596985,0.00537109375,0.009315022267401218,1.7342877388000488,0.15261134505271912,4.530066013336182,483.95526123046875,0.03342986851930618,0.28520625829696655,6.434772491455078,80.54545593261719,49.03033447265625,1.0987346172332764,10.536314010620117,0.001087000360712409,10.583333969116211,4.326452255249023,2.4461922425733853,10.041666984558105,2.320993361053557,1.1751141548156738,0.8154633045196533,0.5610065460205078,0.5610065460205078,0.0,0.1758134812116623,0.00010724033927544951,2.478713104887959e-05,0.41209667921066284,0.15144573152065277,1.0,48
11600,0.32923099398612976,0.41701173782348633,1.0000157356262207,1.0313303470611572,0.5572797060012817,0.00390625,0.00231989286839962,0.5938925743103027,0.045661114156246185,1.362809658050537,544.5995483398438,0.02555946074426174,0.2302503138780594,6.222703456878662,72.375,41.2611198425293,1.37037992477417,10.5201997756958,0.001678113709203899,7.895833492279053,3.7585256099700928,2.100779478614245,7.6666669845581055,2.0398070306672835,1.1234121322631836,0.47384047508239746,0.6020819544792175,0.6020819544792175,0.0,0.16969245672225952,8.059547690209001e-05,2.1443375688026127e-05,0.3502529561519623,0.0627337172627449,1.0,48
11867,0.28927427530288696,0.4046569764614105,1.000052571296692,0.9961052536964417,0.5931494832038879,0.00634765625,0.005448557436466217,0.8583573698997498,0.09552378207445145,3.161000967025757,660.0037841796875,0.03844451159238815,0.27898338437080383,6.523129940032959,66.69230651855469,40.01244354248047,0.9664223790168762,10.529784202575684,0.0011512108612805605,11.145833969116211,3.2311549186706543,3.4494891811646355,10.708333969116211,3.3140886789733046,1.0859012603759766,0.8089070320129395,0.6220871210098267,0.6220871210098267,0.0,0.2513177692890167,5.891823093406856e-05,1.8234418415308984e-05,0.35672998428344727,0.14924179017543793,1.0,48
11975,0.4015442430973053,0.5816620588302612,1.000047206878662,1.433990478515625,0.4057072401046753,0.00927734375,0.017213920131325722,1.85547935962677,0.24452869594097137,7.62420129776001,534.5993041992188,0.05265381559729576,0.33605900406837463,6.8996782302856445,79.42105102539062,36.13905334472656,0.7782574892044067,10.527507781982422,0.0011065395083278418,8.8125,3.4283413887023926,2.5704849590928958,8.166666984558105,2.382104357415846,1.1073607206344604,0.734410285949707,0.5607395172119141,0.5607395172119141,0.0,0.14660963416099548,6.279141962295398e-05,1.831539287386028e-05,0.3697075843811035,0.3328552544116974,1.0,48
12020,0.36373353004455566,0.5370529890060425,1.0000439882278442,1.158625602722168,0.507200300693512,0.00634765625,0.004730985499918461,0.7453121542930603,0.0840585008263588,2.5652127265930176,623.0035400390625,0.03844451159238815,0.27993062138557434,6.567682266235352,79.07691955566406,47.3999137878418,1.3305792808532715,10.521247863769531,0.001362839131616056,13.291666984558105,4.164895534515381,3.191356624072237,12.833333969116211,3.0813099228901484,1.1639792919158936,0.8484740257263184,0.5806494355201721,0.5806494355201721,0.0,0.16242572665214539,9.095779387280345e-05,2.1839153683597873e-05,0.30414092540740967,0.08187774568796158,1.0,48
12029,0.36069461703300476,0.45438605546951294,1.000030517578125,2.063077688217163,0.4454905390739441,0.0029296875,0.009368413127958775,3.197751760482788,0.2635781466960907,9.707778930664062,1103.1829833984375,0.020013848319649696,0.1526716649532318,6.013974189758301,75.33333587646484,34.31760787963867,0.7305694818496704,10.530557632446289,0.0010835169814527035,8.708333969116211,3.1845622062683105,2.734546659076013,8.416666984558105,2.642958878793961,1.069885015487671,0.7501058578491211,0.6389575004577637,0.6389575004577637,0.0,0.24992822110652924,5.716221858165227e-05,1.7949788605052066e-05,0.37481263279914856,0.14079023897647858,1.0,48
12054,0.3734074831008911,0.432302325963974,1.0000264644622803,1.8371447324752808,0.33909130096435547,0.00390625,0.008946174755692482,2.2902207374572754,0.1818491369485855,5.5838117599487305,658.1669311523438,0.02555946074426174,0.2317461371421814,6.088242530822754,74.0,43.943321228027344,0.9389963746070862,10.540275573730469,0.0010618173982948065,14.666666984558105,3.6923739910125732,3.9721509740172616,14.104166984558105,3.819809959849752,1.1360037326812744,1.2944705486297607,0.4950993061065674,0.4950993061065674,0.0,0.1744440495967865,7.530509901698679e-05,2.0394764722191087e-05,0.3680732846260071,0.22795359790325165,1.0,48
12056,0.39119699597358704,0.5067686438560486,1.000047206878662,1.342169165611267,0.5499468445777893,0.02392578125,0.0990409329533577,4.139506816864014,0.9144021272659302,16.099777221679688,165.97792053222656,0.11294737458229065,0.44787636399269104,7.505951404571533,71.2244873046875,51.94810485839844,1.4970451593399048,10.502241134643555,0.0015126263024285436,12.0,4.996213912963867,2.401818694120553,11.6875,2.339271332294497,1.2174543142318726,0.850178599357605,0.5350503325462341,0.5350503325462341,0.0,0.18106789886951447,0.00018172187265008688,3.637191590513109e-05,0.38602298498153687,1.9983296394348145,1.0,48
12157,0.4088340699672699,0.5705448389053345,1.0000412464141846,1.8632935285568237,0.4026504158973694,0.0048828125,0.019842268899083138,4.06369686126709,0.40358689427375793,12.60057258605957,669.39453125,0.03085736557841301,0.23747514188289642,6.431964874267578,79.9000015258789,34.886634826660156,0.9888156652450562,10.524662971496582,0.0013850126415491104,10.541666984558105,3.4149913787841797,3.0868795216233904,10.208333969116211,2.989270779025486,1.1354084014892578,0.7948257327079773,0.5422446131706238,0.5422446131706238,0.0,0.26520517468452454,7.295410614460707e-05,2.1362896077632722e-05,0.4033227562904358,0.799556314945221,1.0,48
12248,0.35691478848457336,0.4863226115703583,1.0000195503234863,1.311352014541626,0.48061060905456543,0.0068359375,0.005045061465352774,0.7380204200744629,0.10176607966423035,3.6052050590515137,875.568359375,0.04089350998401642,0.2583025395870209,6.810701370239258,79.92857360839844,36.245487213134766,0.9740013480186462,10.528682708740234,0.0011786615941673517,9.083333969116211,3.3335206508636475,2.7248470590738454,8.8125,2.643601434201659,1.0926742553710938,0.6366481184959412,0.5667151212692261,0.5667151212692261,0.0,0.21411855518817902,5.901435361010954e-05,1.7703311187763905e-05,0.3708266317844391,0.021797189489006996,1.0,48
12457,0.293161541223526,0.36982765793800354,1.0000381469726562,1.1998367309570312,0.519106924533844,0.00927734375,0.014698524959385395,1.5843462944030762,0.23229467868804932,6.103213310241699,460.9459228515625,0.05265381559729576,0.3104023039340973,6.886030673980713,78.15789794921875,44.28676223754883,1.4800931215286255,10.520977973937988,0.0015687784180045128,8.708333969116211,4.1361985206604,2.10539554727945,8.479166984558105,2.0499903284875187,1.1578989028930664,0.5603853464126587,0.6051055192947388,0.6051055192947388,0.0,0.16261832416057587,9.26581778912805e-05,2.2401772353148232e-05,0.3787122070789337,0.19245867431163788,1.0,48
12460,0.3516421318054199,0.5346357226371765,1.0000972747802734,2.6626789569854736,0.3619103729724884,0.00244140625,0.0053189098834991455,2.1786255836486816,0.13250336050987244,4.747132778167725,935.32470703125,0.01712392456829548,0.17495118081569672,5.955610752105713,85.80000305175781,37.68476104736328,1.3497810363769531,10.517837524414062,0.0015552474651485682,8.708333969116211,3.4771294593811035,2.5044606609561226,8.520833969116211,2.450536870757602,1.105086088180542,0.8240994215011597,0.6032477617263794,0.6032477617263794,0.0,0.20936773717403412,5.028640589443967e-05,1.4462045873543552e-05,0.4286983609199524,0.16482271254062653,1.0,48
12481,0.33572888374328613,0.391118586063385,1.0000618696212769,1.1557190418243408,0.49098867177963257,0.044921875,0.0465613454580307,1.0364960432052612,0.3031998574733734,4.447301864624023,99.7472915649414,0.18328239023685455,0.5396742820739746,7.72041654586792,67.81521606445312,41.2719841003418,1.2607903480529785,10.503073692321777,0.0015236408216878772,13.979166984558105,3.878016233444214,3.6047211014626064,13.479166984558105,3.475789202106782,1.1583211421966553,0.8409123420715332,0.5620309114456177,0.5620309114456177,0.0,0.22846619784832,8.399870421271771e-05,2.1660224955147496e-05,0.36897215247154236,0.7606008052825928,1.0,48
12483,0.39863505959510803,0.5331616401672363,1.0000321865081787,1.6932642459869385,0.4010380804538727,0.0048828125,0.016367748379707336,3.3521149158477783,0.32810527086257935,10.310439109802246,667.3177490234375,0.03085736557841301,0.24146854877471924,6.3888092041015625,79.4000015258789,35.420135498046875,0.8859608173370361,10.520353317260742,0.0012786018196493387,11.520833969116211,3.7166104316711426,3.099822849320728,10.854166984558105,2.9204478529306455,1.1573817729949951,0.8211265802383423,0.5264684557914734,0.5264684557914734,0.0,0.13923832774162292,0.00011826337140519172,3.182022255526345e-05,0.37653598189353943,0.26027271151542664,1.0,48
12645,0.34952694177627563,0.4955664873123169,1.0000336170196533,1.545346975326538,0.47099265456199646,0.0078125,0.0066630057990550995,0.8528647422790527,0.1112167164683342,3.4144961833953857,618.0980834960938,0.04568839073181152,0.29858657717704773,6.861702919006348,74.875,37.73863983154297,0.7737186551094055,10.530269622802734,0.0011001849779859185,11.354166984558105,3.4970738887786865,3.246762096884318,10.958333969116211,3.1335723196879783,1.0982046127319336,0.9580252170562744,0.5711569786071777,0.5711569786071777,0.0,0.15221960842609406,6.325008143903688e-05,1.808657273760393e-05,0.349983274936676,0.13198953866958618,1.0,48
12748,0.3886934816837311,0.5659664273262024,1.0000249147415161,1.6793863773345947,0.3755185902118683,0.0029296875,0.002086248714476824,0.7121062278747559,0.04798761010169983,1.8182978630065918,1058.848876953125,0.020013848319649696,0.20413294434547424,5.849362373352051,69.5,37.45906066894531,1.0150560140609741,10.527310371398926,0.0013239923864603043,10.458333969116211,3.7109897136688232,2.81820612501635,10.125,2.728382656363178,1.114358901977539,0.8116601705551147,0.5439504384994507,0.5439504384994507,0.0,0.18251235783100128,7.120962254703045e-05,1.9188849296146783e-05,0.3772355318069458,0.06493309140205383,1.0,48
12829,0.47965821623802185,0.6319294571876526,1.0000513792037964,0.9122116565704346,0.511658251285553,0.1435546875,0.09217949211597443,0.6421210765838623,0.31268659234046936,3.457679271697998,25.213226318359375,0.4113641679286957,0.6982681155204773,8.47336196899414,71.58503723144531,25.626373291015625,0.5464401841163635,10.540275573730469,0.0010757006239145994,16.77083396911621,4.57516622543335,3.665622866166242,16.104167938232422,3.5199088097630775,1.3798413276672363,0.7338188886642456,0.3785596489906311,0.3785596489906311,0.0,0.1108984500169754,0.00019941040955018252,4.358539106312818e-05,0.35107025504112244,0.5895489454269409,1.0,48
12852,0.33037182688713074,0.42187026143074036,1.0000334978103638,1.6072227954864502,0.3981964588165283,0.00439453125,0.011530041694641113,2.623724937438965,0.25156086683273315,9.438007354736328,1029.5189208984375,0.02823571488261223,0.22728435695171356,6.263806343078613,74.66666412353516,37.139835357666016,0.910573422908783,10.535792350769043,0.001111663761548698,8.791666984558105,3.473328113555908,2.531193907345964,8.375,2.41123202360331,1.073789358139038,0.7727681994438171,0.5779528617858887,0.5779528617858887,0.0,0.24059103429317474,5.491724004969001e-05,1.5811129296205705e-05,0.4169185757637024,0.13744142651557922,1.0,48
13093,0.34846869111061096,0.4377085864543915,1.0000497102737427,1.3963736295700073,0.4349014163017273,0.0029296875,0.003402033355087042,1.1612273454666138,0.09251067042350769,3.7947120666503906,1409.099609375,0.020013848319649696,0.16923218965530396,6.067410469055176,81.33333587646484,36.429813385009766,1.3679300546646118,10.527673721313477,0.0015644963132217526,11.520833969116211,3.523855209350586,3.2693834598685343,10.895833969116211,3.092020894979963,1.1294898986816406,0.7741357684135437,0.5752356052398682,0.5752356052398682,0.0,0.14991262555122375,5.3451174608198926e-05,1.5168379879707285e-05,0.3392072021961212,0.027221687138080597,1.0,48
13132,0.35451778769493103,0.4311251938343048,1.00008225440979,1.2082970142364502,0.458850622177124,0.00341796875,0.00516904890537262,1.5123159885406494,0.11652624607086182,3.539172410964966,796.4581909179688,0.02282176911830902,0.20905539393424988,6.103936195373535,72.42857360839844,47.5980224609375,1.2166929244995117,10.506645202636719,0.0013539055362343788,12.083333969116211,4.204035758972168,2.874222445559836,11.4375,2.720600068252112,1.1626453399658203,0.7522620558738708,0.5759500861167908,0.5759500861167908,0.0,0.17170730233192444,9.624157974030823e-05,2.2892664341873106e-05,0.32172855734825134,0.1468133181333542,1.0,48
13233,0.3593842685222626,0.5133493542671204,1.0000550746917725,1.2129408121109009,0.5349195599555969,0.00341796875,0.0015742869582027197,0.4605913758277893,0.031758878380060196,1.0097625255584717,666.026123046875,0.02282176911830902,0.2305976003408432,6.125483512878418,69.0,50.80373001098633,1.4457765817642212,10.4972505569458,0.0014926750445738435,11.604166984558105,3.872711181640625,2.996393588451957,11.395833969116211,2.9425984549827766,1.0732736587524414,0.9344555139541626,0.6836983561515808,0.6836983561515808,0.0,0.18740181624889374,6.59963334328495e-05,1.704137751746238e-05,0.30303606390953064,0.023486142978072166,1.0,48
13566,0.29011473059654236,0.3881699740886688,1.000057578086853,0.9079113006591797,0.6272407174110413,0.01220703125,0.010335085913538933,0.846650242805481,0.13606145977973938,3.717750072479248,401.15362548828125,0.06591325998306274,0.35667455196380615,7.272150993347168,80.08000183105469,35.841426849365234,1.44109308719635,10.523897171020508,0.001626533456146717,8.729166984558105,3.305694341659546,2.64064552131864,8.458333969116211,2.5587162844834412,1.1009442806243896,0.5771207809448242,0.5754443407058716,0.5754443407058716,0.0,0.22145378589630127,7.523439126089215e-05,2.2759028287997196e-05,0.3619215786457062,0.17024461925029755,1.0,48
13568,0.39662662148475647,0.4616326093673706,1.0000500679016113,0.912077009677887,0.5415468811988831,0.013671875,0.00705415615811944,0.5159611105918884,0.08696743845939636,2.3748395442962646,458.282958984375,0.07226333767175674,0.38569730520248413,7.261361598968506,74.92857360839844,35.95822525024414,0.7294614315032959,10.535194396972656,0.0010209011379629374,12.479166984558105,3.44124174118042,3.6263558002797924,12.0625,3.5052753837658464,1.07695472240448,0.5744218826293945,0.53204745054245,0.53204745054245,0.0,0.25018173456192017,7.063942030072212e-05,2.0527305376465135e-05,0.39237749576568604,0.14761541783809662,1.0,48
13637,0.2455792874097824,0.3678288757801056,1.0001158714294434,1.3330092430114746,0.6339560747146606,0.0078125,0.024259552359580994,3.105222702026367,0.45086225867271423,12.736233711242676,652.4154663085938,0.04568839073181152,0.27595317363739014,6.883634567260742,84.625,53.552398681640625,1.1619575023651123,10.489233016967773,0.0011630634544417262,6.9166669845581055,4.545114040374756,1.5217807315501377,6.770833492279053,1.489694959738311,1.0355676412582397,0.5705671310424805,0.7314072847366333,0.7314072847366333,0.0,0.3271177411079407,5.7010838645510375e-05,1.2543324108843801e-05,0.4978456199169159,0.6821625828742981,1.0,48
13687,0.40519800782203674,0.5416770577430725,1.0000481605529785,1.5377370119094849,0.44366395473480225,0.00244140625,0.0010813844855874777,0.4429350793361664,0.023767510429024696,0.7443016767501831,665.7947998046875,0.01712392456829548,0.19937926530838013,5.845107555389404,75.0,50.34314727783203,1.4559059143066406,10.526397705078125,0.0014872534666210413,10.291666984558105,4.163212776184082,2.4720492353193513,10.0625,2.417003529916396,1.1321415901184082,0.7103166580200195,0.602182149887085,0.602182149887085,0.0,0.16818000376224518,7.762711175018921e-05,1.8645963042725154e-05,0.3500243127346039,0.017925791442394257,1.0,48
13720,0.32333311438560486,0.39785584807395935,1.0000542402267456,1.1677429676055908,0.48546916246414185,0.00537109375,0.0028172465972602367,0.5245200991630554,0.05093643069267273,1.388519287109375,520.7819213867188,0.03342986851930618,0.26416876912117004,6.562801837921143,77.45454406738281,51.87568664550781,1.2696806192398071,10.538721084594727,0.0012095231795683503,12.875,5.165068626403809,2.492706468459294,12.479166984558105,2.4160699233702254,1.3274089097976685,0.6526596546173096,0.5717459321022034,0.5717459321022034,0.0,0.1812819391489029,0.0001362705952487886,2.6383114115530384e-05,0.3267042636871338,0.06084622070193291,1.0,48
13724,0.47414636611938477,0.5956616401672363,1.0000351667404175,2.2444164752960205,0.2966644763946533,0.00390625,0.007892410270869732,2.0204570293426514,0.14367176592350006,3.9957799911499023,479.9841613769531,0.02555946074426174,0.2517939805984497,5.585906982421875,58.375,54.18286895751953,1.3712949752807617,10.55052375793457,0.0012949886731803417,16.6875,4.977146148681641,3.352824986039837,16.229167938232422,3.2607376638766916,1.2122998237609863,1.1738173961639404,0.6127402782440186,0.6127402782440186,0.0,0.49400967359542847,8.185367187252268e-05,1.644590479420526e-05,0.5309011936187744,0.2996104657649994,1.0,48
13740,0.2820773124694824,0.3433370590209961,1.0000613927841187,1.0751137733459473,0.5575811266899109,0.01904296875,0.019486641511321068,1.0232985019683838,0.18740837275981903,3.5310370922088623,187.7248077392578,0.09429078549146652,0.4346354901790619,7.425613880157471,76.30769348144531,36.26576614379883,0.7180573344230652,10.531486511230469,0.0010427481029182673,14.104166984558105,3.389401435852051,4.161255965066866,13.8125,4.075203312639091,1.1109243631362915,0.9667021036148071,0.552649736404419,0.552649736404419,0.0,0.20505765080451965,7.72680650698021e-05,2.2796964686600567e-05,0.34004345536231995,0.3680011034011841,1.0,48
13779,0.4323975741863251,0.5865561962127686,1.0000437498092651,1.605207920074463,0.40868043899536133,0.0048828125,0.012548554688692093,2.569943904876709,0.23919418454170227,7.537731170654297,672.1576538085938,0.03085736557841301,0.2566564381122589,6.37484073638916,69.0999984741211,39.14931106567383,1.0563857555389404,10.533756256103516,0.0011938561219722033,11.541666984558105,3.896373748779297,2.96215601969715,11.208333969116211,2.8766064713020993,1.099327564239502,0.9826623201370239,0.5673710703849792,0.5673710703849792,0.0,0.2535703182220459,6.382934225257486e-05,1.63817298350177e-05,0.37922805547714233,0.25134995579719543,1.0,48
13903,0.36631032824516296,0.48539334535598755,1.0000288486480713,1.6668213605880737,0.43611055612564087,0.00439453125,0.007329312153160572,1.667825698852539,0.1748565435409546,7.216489791870117,1423.3856201171875,0.02823571488261223,0.216415137052536,6.347887992858887,74.11111450195312,40.87622833251953,1.0019659996032715,10.543821334838867,0.0011407402344048023,11.166666984558105,3.916213035583496,2.8513941541437076,10.604166984558105,2.7077604974828784,1.0809625387191772,0.9675719738006592,0.5579626560211182,0.5579626560211182,0.0,0.2663572430610657,3.974341962020844e-05,1.0148431445788943e-05,0.4940999746322632,0.0908232107758522,1.0,48
14158,0.3283827304840088,0.56975257396698,1.00002920627594,1.7059839963912964,0.495953768491745,0.01318359375,0.02181643433868885,1.65481698513031,0.21272888779640198,3.5738303661346436,136.33673095703125,0.07016520947217941,0.41339942812919617,7.240341663360596,82.96295928955078,35.3804817199707,0.9111305475234985,10.526565551757812,0.001290538115426898,8.104166984558105,2.9933242797851562,2.7074136311304167,7.9375,2.651734069404725,1.0424432754516602,0.8134872913360596,0.6169590950012207,0.6169590950012207,0.0,0.2245820313692093,3.144147922284901e-05,1.0503866664278364e-05,0.527426540851593,0.5952098965644836,1.0,48
14267,0.48231926560401917,0.5280215740203857,1.0000157356262207,1.4666000604629517,0.3821309208869934,0.00439453125,0.005091645754873753,1.1586322784423828,0.11265312880277634,4.276284694671631,1072.1611328125,0.02823571488261223,0.22618727385997772,6.193051815032959,69.44444274902344,32.833526611328125,0.9850253462791443,10.521859169006348,0.0013632508926093578,17.5625,6.828210830688477,2.5720500449908785,16.95833396911621,2.483569175700253,2.0744588375091553,0.6100045442581177,0.31023305654525757,0.31023305654525757,0.0,0.2119048833847046,0.0003638002963270992,5.327900746111376e-05,0.38932034373283386,0.1694277673959732,1.0,48
14280,0.4297312796115875,0.5771128535270691,1.0000677108764648,2.1527929306030273,0.3320602476596832,0.00830078125,0.0506887212395668,6.106500148773193,0.770916759967804,22.683425903320312,459.8289489746094,0.04803864285349846,0.3108295202255249,6.8278045654296875,88.5882339477539,45.04484176635742,1.2406834363937378,10.521467208862305,0.0013923832448199391,11.958333969116211,3.8979439735412598,3.067856803383853,11.458333969116211,2.9395840518740295,1.1390905380249023,0.8796421885490417,0.6291295289993286,0.6291295289993286,0.0,0.2322949469089508,0.0001259649870917201,3.2315750976308704e-05,0.4012763500213623,1.3944283723831177,1.0,48
14495,0.2445639669895172,0.3667713403701782,1.000091552734375,1.5766007900238037,0.5722032785415649,0.00341796875,0.004471476189792156,1.308226227760315,0.09121005237102509,2.370728015899658,488.8979187011719,0.02282176911830902,0.2180332988500595,6.201030254364014,80.0,46.48091125488281,1.6133172512054443,10.520519256591797,0.0014045815914869308,5.208333492279053,4.147447109222412,1.2557926219576592,5.125,1.2356999022957682,1.064081072807312,0.44384968280792236,0.7570001482963562,0.7570001482963562,0.0,0.2048415094614029,4.662572973757051e-05,1.1242031157304347e-05,0.4192864000797272,0.07560046762228012,1.0,48
14498,0.3941344916820526,0.5064340233802795,1.000077724456787,2.0826785564422607,0.42099499702453613,0.00634765625,0.018948854878544807,2.985173463821411,0.301372230052948,7.605452537536621,426.9052734375,0.03844451159238815,0.29657819867134094,6.716931343078613,87.23076629638672,37.06570053100586,0.9210101366043091,10.514177322387695,0.001284911297261715,10.4375,3.74440336227417,2.7874934835508296,10.125,2.704035594821763,1.1082017421722412,0.8334285616874695,0.5552694201469421,0.5552694201469421,0.0,0.16101868450641632,9.582968050381169e-05,2.559277699977323e-05,0.3792504072189331,0.38844338059425354,1.0,48
14504,0.50555020570755,0.5893248915672302,1.0000377893447876,2.410154342651367,0.2822387218475342,0.0029296875,0.014542774297297001,4.96393346786499,0.3203449249267578,10.216440200805664,751.5805053710938,0.020013848319649696,0.20785239338874817,5.861114501953125,74.33333587646484,35.306365966796875,0.9937493205070496,10.528461456298828,0.0012647868134081364,13.041666984558105,3.756664276123047,3.471608318244846,12.604166984558105,3.3551486171168783,1.1337451934814453,1.1220412254333496,0.5136897563934326,0.5136897563934326,0.0,0.18721124529838562,6.594366277568042e-05,1.755378116146109e-05,0.41699665784835815,0.031117871403694153,1.0,48
14549,0.37148791551589966,0.48308563232421875,1.0000478029251099,1.7098268270492554,0.37316590547561646,0.0029296875,0.0125152338296175,4.271866321563721,0.2659117579460144,7.769194602966309,621.2647094726562,0.020013848319649696,0.21287274360656738,6.030309200286865,85.83333587646484,51.53516387939453,0.9910245537757874,10.524869918823242,0.0010417441371828318,9.0625,4.15028715133667,2.1835838455769094,8.6875,2.09322865196683,1.0819991827011108,0.7258662581443787,0.6708956956863403,0.6708956956863403,0.0,0.19334985315799713,6.246299017220736e-05,1.5050281521264688e-05,0.3784951865673065,0.3406500816345215,1.0,48
14832,0.36258789896965027,0.4023113250732422,1.000083088874817,1.4802823066711426,0.4332627058029175,0.00439453125,0.005509502254426479,1.2537178993225098,0.1467590630054474,6.3232808113098145,1679.4130859375,0.02823571488261223,0.19711287319660187,6.6191205978393555,106.0,45.009300231933594,0.847576379776001,10.560863494873047,0.0009712547762319446,8.458333969116211,3.9535794258117676,2.139411666425644,7.9791669845581055,2.018213397278,1.0927472114562988,0.549289882183075,0.6592389941215515,0.6592389941215515,0.0,0.1949666440486908,6.643057713517919e-05,1.6802641306115393e-05,0.3438347578048706,0.19938260316848755,1.0,48
14890,0.28867578506469727,0.38245365023612976,1.0000567436218262,1.5757699012756348,0.4952120780944824,0.0048828125,0.006132365204393864,1.2559083700180054,0.12162322551012039,3.855998992919922,708.184814453125,0.03085736557841301,0.24531705677509308,6.396175384521484,70.5,33.50944137573242,0.7645741105079651,10.528480529785156,0.0011876259231939912,4.1666669845581055,3.5000338554382324,1.190464762556349,4.1041669845581055,1.1726077924803824,1.0552852153778076,0.4046041965484619,0.592626690864563,0.592626690864563,0.0,0.2403496503829956,3.816934986389242e-05,1.090542301341799e-05,0.5204466581344604,0.12280735373497009,1.0,48
14891,0.40523025393486023,0.49783626198768616,1.0000566244125366,2.07403564453125,0.31548142433166504,0.0029296875,0.001981539186090231,0.6763653755187988,0.04110467806458473,1.1843754053115845,534.7371826171875,0.020013848319649696,0.2126319706439972,6.1562652587890625,91.0,47.916446685791016,0.9439692497253418,10.537063598632812,0.001025322126224637,13.770833969116211,4.442462921142578,3.099819668179972,13.270833969116211,2.9872694887524975,1.139322280883789,1.0430002212524414,0.5930446982383728,0.5957602858543396,0.02083333395421505,0.1989605873823166,0.00011232593533350155,2.528460835228892e-05,0.3697933554649353,0.024387670680880547,1.0,48
14900,0.2984257638454437,0.4041401743888855,1.0000529289245605,1.2851544618606567,0.5741047263145447,0.01513671875,0.024940961971879005,1.6477125883102417,0.30459052324295044,8.806072235107422,453.5265197753906,0.07845399528741837,0.38872137665748596,7.0752034187316895,71.70967864990234,38.852783203125,1.1787277460098267,10.494890213012695,0.0016928431577980518,11.166666984558105,3.6879518032073975,3.027877681201723,10.75,2.9148970877281517,1.155798316001892,0.6654126644134521,0.6077374815940857,0.6077374815940857,0.0,0.16140079498291016,0.00011453490878921002,3.1056509030035146e-05,0.34674179553985596,0.5609986186027527,1.0,48
14902,0.28022500872612,0.3955824375152588,1.0000394582748413,1.2786718606948853,0.5454743504524231,0.0107421875,0.009532291442155838,0.887369692325592,0.1269673854112625,3.4955039024353027,384.5138854980469,0.05938481166958809,0.3501037657260895,7.050605773925781,77.81818389892578,35.33641052246094,0.7282924652099609,10.537520408630371,0.001081333844922483,12.541666984558105,3.354541301727295,3.73871293243971,12.25,3.651766027496714,1.1347393989562988,0.9548932909965515,0.587075412273407,0.587075412273407,0.0,0.2339230626821518,7.425657531712204e-05,2.2136133800923862e-05,0.366451233625412,0.15851669013500214,1.0,48
14987,0.39092016220092773,0.47006264328956604,1.0000354051589966,1.4928604364395142,0.4064600467681885,0.0048828125,0.007913907058537006,1.6207681894302368,0.14941665530204773,3.7221567630767822,492.9829406738281,0.03085736557841301,0.24736641347408295,6.075725555419922,71.0999984741211,39.71725845336914,1.1056506633758545,10.544968605041504,0.001170373405329883,13.208333969116211,4.014157772064209,3.290437169194695,12.479166984558105,3.1087883591214784,1.1749495267868042,0.9580401182174683,0.5793263912200928,0.5793263912200928,0.0,0.22686204314231873,7.446058589266613e-05,1.8549491558444947e-05,0.40696918964385986,0.17547883093357086,1.0,48
15074,0.3407343327999115,0.4029380977153778,1.0000569820404053,1.4593068361282349,0.40672817826271057,0.00341796875,0.004159973002970219,1.217089295387268,0.09519928693771362,3.742966651916504,1191.0260009765625,0.02282176911830902,0.21331818401813507,6.201473236083984,89.42857360839844,52.03755187988281,1.2046468257904053,10.524166107177734,0.0012121433392167091,14.125,4.570093631744385,3.090746296963961,13.645833969116211,2.9858981103738733,1.1571969985961914,1.020856261253357,0.6137913465499878,0.6137913465499878,0.0,0.15402500331401825,0.00010890091652981937,2.3829033946939513e-05,0.32280346751213074,0.14582397043704987,1.0,48
15179,0.21375393867492676,0.2662532925605774,1.0000375509262085,2.010392665863037,0.5154438614845276,0.00244140625,0.005322480574250221,2.1800880432128906,0.13410016894340515,5.192079067230225,1155.64013671875,0.01712392456829548,0.17870475351810455,5.981196880340576,88.0,36.01207733154297,0.9533464908599854,10.519132614135742,0.0013329676585271955,3.8958334922790527,3.2914304733276367,1.1836292797350423,3.6875,1.1203335506183734,1.0768588781356812,0.49066275358200073,0.6448596715927124,0.6448596715927124,0.0,0.237209290266037,3.718207881320268e-05,1.1296631966418319e-05,0.451360285282135,0.022671155631542206,1.0,48
15276,0.39127805829048157,0.5073457956314087,1.0000239610671997,1.77121102809906,0.39631959795951843,0.0068359375,0.008718031458556652,1.275323510169983,0.13300038874149323,3.418797016143799,391.7641296386719,0.04089350998401642,0.3069702386856079,6.69564151763916,76.5,48.08542251586914,1.282282829284668,10.522714614868164,0.0012783556012436748,9.979166984558105,4.01184606552124,2.4874251894775297,9.6875,2.414723750023572,1.13155198097229,0.6642322540283203,0.6460373997688293,0.6460373997688293,0.0,0.25423792004585266,7.71958366385661e-05,1.924197369126043e-05,0.4425603151321411,0.28773656487464905,1.0,48
15317,0.3798973262310028,0.4507036507129669,1.0000061988830566,1.2196085453033447,0.4370604157447815,0.0146484375,0.01630878448486328,1.1133463382720947,0.2006407082080841,6.543577671051025,598.7015380859375,0.07640714943408966,0.3886128067970276,7.280055999755859,75.80000305175781,35.38514709472656,0.7665484547615051,10.527334213256836,0.0011413323227316141,12.875,4.069638729095459,3.1636714768598035,12.5,3.0715257056891296,1.1994562149047852,0.8466434478759766,0.5002565383911133,0.5002565383911133,0.0,0.162323996424675,0.0001016491005429998,2.4977426022240222e-05,0.33290576934814453,0.32359227538108826,1.0,48
15346,0.3342871069908142,0.4006519615650177,1.0000399351119995,1.227198839187622,0.48466625809669495,0.01708984375,0.018112752586603165,1.0598547458648682,0.17965291440486908,3.9036858081817627,212.02195739746094,0.08648617565631866,0.4258368909358978,7.248249530792236,71.57142639160156,45.68206024169922,1.1422981023788452,10.526572227478027,0.001228628447279334,12.541666984558105,3.908412456512451,3.208890333867261,12.125,3.102282602946296,1.1172606945037842,0.8465595245361328,0.6513292193412781,0.6513292193412781,0.0,0.20355330407619476,8.336990140378475e-05,2.1330886163654386e-05,0.28894948959350586,0.4463929831981659,1.0,48
15464,0.5223240852355957,0.7083903551101685,1.0000476837158203,3.110367774963379,0.26650142669677734,0.00341796875,0.01597570814192295,4.674035549163818,0.5113171935081482,22.450088500976562,1812.470458984375,0.02282176911830902,0.14144760370254517,5.785748481750488,65.42857360839844,51.873504638671875,0.9828477501869202,10.543045043945312,0.0009824816370382905,17.666667938232422,4.1107659339904785,4.297658436150882,17.104167938232422,4.160822623150553,1.1393766403198242,1.5305235385894775,0.5725284814834595,0.5725284814834595,0.0,0.24154521524906158,7.141817332012579e-05,1.7373446772013836e-05,0.32006561756134033,0.17005009949207306,1.0,48
15617,0.37560635805130005,0.48224520683288574,1.0000416040420532,2.033432960510254,0.3265787959098816,0.00439453125,0.012725034728646278,2.8956522941589355,0.3556017577648163,14.955680847167969,1538.72998046875,0.02823571488261223,0.1740833818912506,6.2217488288879395,71.88888549804688,41.4804801940918,0.9771592617034912,10.536397933959961,0.0010864981450140476,14.041666984558105,3.809706449508667,3.6857608673527675,13.4375,3.527174637421545,1.1520116329193115,1.1651816368103027,0.5270629525184631,0.5270629525184631,0.0,0.16611389815807343,9.577504533808678e-05,2.5139744060606383e-05,0.3658726215362549,0.14886435866355896,1.0,48
15866,0.3713269829750061,0.5174875259399414,1.0000720024108887,1.7780094146728516,0.42212775349617004,0.00439453125,0.010493229143321514,2.3877925872802734,0.31978511810302734,13.858742713928223,1724.2467041015625,0.02823571488261223,0.15628430247306824,6.445065498352051,80.0,46.736324310302734,1.183706521987915,10.51582145690918,0.0013232661876827478,9.666666984558105,4.163899898529053,2.321541630901731,9.416666984558105,2.2615017631114616,1.1167560815811157,0.7737363576889038,0.6473785638809204,0.6473785638809204,0.0,0.19332869350910187,0.00010057820327347144,2.4154808108488346e-05,0.36200806498527527,0.013946575112640858,1.0,48
15897,0.3387196958065033,0.48607203364372253,1.0000267028808594,2.27522873878479,0.36602237820625305,0.00439453125,0.010357532650232315,2.3569140434265137,0.2081037014722824,7.246069431304932,817.33984375,0.02823571488261223,0.24269817769527435,6.37656307220459,76.11111450195312,39.959869384765625,1.139849066734314,10.521453857421875,0.0012918601278215647,7.895833492279053,3.69514536857605,2.136812678077031,7.645833492279053,2.0691563413468264,1.1480460166931152,0.7425495982170105,0.6005980372428894,0.6005980372428894,0.0,0.23336538672447205,6.881268200231716e-05,1.8622455939428995e-05,0.4125669002532959,0.3021487891674042,1.0,48
15932,0.29874977469444275,0.34868067502975464,1.0000510215759277,1.0584735870361328,0.5021189451217651,0.01220703125,0.010539527051150799,0.8633980751037598,0.1309557557106018,3.2596805095672607,334.4052429199219,0.06591325998306274,0.36895206570625305,7.100619316101074,72.08000183105469,42.34980773925781,1.2198721170425415,10.519640922546387,0.0014296956360340118,11.604166984558105,3.746689558029175,3.0971786623523507,11.333333969116211,3.0248927121757103,1.1490141153335571,0.7694694399833679,0.5929833054542542,0.5929833054542542,0.0,0.19658337533473969,0.00010659503459464759,2.8450458106866447e-05,0.3517342507839203,0.24146871268749237,1.0,48
15974,0.3539300858974457,0.4889610707759857,1.0000498294830322,1.7963154315948486,0.386884868144989,0.00634765625,0.010131203569471836,1.596054196357727,0.17477411031723022,4.581541061401367,484.2720947265625,0.03844451159238815,0.2770666778087616,6.5076446533203125,76.30769348144531,50.78057861328125,1.4349828958511353,10.517106056213379,0.0013796145794913173,10.520833969116211,4.408321380615234,2.3865850596813907,10.229166984558105,2.3204222374382057,1.1436651945114136,0.8515524864196777,0.6479313373565674,0.6479313373565674,0.0,0.3596554100513458,9.379180846735835e-05,2.1276082244599814e-05,0.5891571044921875,0.24596846103668213,1.0,48
16080,0.38574931025505066,0.5566173791885376,1.0000585317611694,1.967211127281189,0.31214243173599243,0.0078125,0.016537252813577652,2.1167683601379395,0.2755802869796753,8.030839920043945,533.7174682617188,0.04568839073181152,0.2967338562011719,6.551037788391113,60.4375,57.410743713378906,0.9731394648551941,10.592706680297852,0.0007845487562008202,12.0,6.095529079437256,1.9686560139290303,11.833333969116211,1.941313673594276,1.2279304265975952,0.8595641851425171,0.6726269721984863,0.6726269721984863,0.0,0.34016290307044983,0.0001470123534090817,2.4118062805054057e-05,0.5020339488983154,0.42222651839256287,1.0,48
16103,0.4205450117588043,0.5096522569656372,1.0000251531600952,1.505784034729004,0.3678773045539856,0.01318359375,0.016112245619297028,1.2221436500549316,0.17809846997261047,3.199153423309326,182.75918579101562,0.07016520947217941,0.38868677616119385,7.03410530090332,77.59259033203125,36.47981262207031,0.8766578435897827,10.529010772705078,0.0011582272127270699,14.520833969116211,3.633181095123291,3.9967272615834686,13.791666984558105,3.7960306919767737,1.1921314001083374,0.976432740688324,0.5086500644683838,0.5086500644683838,0.0,0.17031066119670868,0.00010393536649644375,2.8607262751058686e-05,0.4278257489204407,0.17701299488544464,1.0,48
16164,0.3627963662147522,0.4132173955440521,1.0000250339508057,1.4403554201126099,0.3766024112701416,0.00244140625,0.002114668721333146,0.8661683201789856,0.058677271008491516,2.335207223892212,1271.001708984375,0.01712392456829548,0.15254086256027222,5.812039375305176,73.0,42.214073181152344,0.8712528347969055,10.544798851013184,0.001032985164783895,12.645833969116211,3.677650213241577,3.4385635396206444,12.1875,3.313936687882628,1.1138620376586914,1.0573363304138184,0.4910230338573456,0.4910230338573456,0.0,0.16946031153202057,6.201663200045004e-05,1.68631131934529e-05,0.361874520778656,0.004930177237838507,1.0,48
16194,0.40247780084609985,0.5259804725646973,1.0000666379928589,1.278640627861023,0.493755042552948,0.01708984375,0.028592651709914207,1.6730785369873047,0.2849419414997101,6.224001407623291,236.2238006591797,0.08648617565631866,0.4276692569255829,7.362460136413574,77.68571472167969,53.615577697753906,1.467691421508789,10.517663955688477,0.001332990825176239,13.458333969116211,4.329899787902832,3.108232198730025,12.979166984558105,2.997567516653505,1.179752230644226,0.8895543813705444,0.6057639122009277,0.6057639122009277,0.0,0.20739147067070007,0.00010233363718725741,2.3634181381477293e-05,0.32571476697921753,0.5597484111785889,1.0,48
16359,0.3353833854198456,0.3682093322277069,1.0000513792037964,1.4036974906921387,0.41568389534950256,0.00341796875,0.0023409915156662464,0.6849072575569153,0.0535280741751194,1.6888391971588135,805.2120361328125,0.02282176911830902,0.20458629727363586,6.341701507568359,89.57142639160156,41.767913818359375,1.0906922817230225,10.525680541992188,0.0012919479049742222,13.541666984558105,4.479543685913086,3.0230014268892726,12.958333969116211,2.8927799009838333,1.2692539691925049,0.8172854781150818,0.48004263639450073,0.48004263639450073,0.0,0.17855599522590637,0.00011843536049127579,2.643915731848544e-05,0.3732612431049347,0.03993971273303032,1.0,48
16420,0.4566505551338196,0.591002345085144,1.0000207424163818,1.556072473526001,0.3816140294075012,0.0048828125,0.007932446897029877,1.6245651245117188,0.15117081999778748,4.466277122497559,608.7975463867188,0.03085736557841301,0.2522004544734955,6.587392330169678,89.30000305175781,54.678192138671875,1.2266833782196045,10.511934280395508,0.001191418617963791,12.145833969116211,4.714330196380615,2.5763647087506554,11.833333969116211,2.5100774555631196,1.1223368644714355,0.9162778854370117,0.5341681838035583,0.5355266332626343,0.02083333395421505,0.16654372215270996,0.00015106068167369813,3.2042872488915794e-05,0.33870929479599,0.06276313215494156,1.0,48
16830,0.48499441146850586,0.5804621577262878,1.0000308752059937,1.6603525876998901,0.3363713026046753,0.00732421875,0.01575283519923687,2.150787115097046,0.2616894841194153,8.807701110839844,714.3887939453125,0.0433073565363884,0.3021852672100067,6.604099750518799,69.33333587646484,49.24491500854492,1.0605257749557495,10.501625061035156,0.0011361204087734222,16.791667938232422,4.78330135345459,3.5104766901212274,16.291667938232422,3.405946374757846,1.1968626976013184,1.2074753046035767,0.5098046660423279,0.5098046660423279,0.0,0.23553074896335602,0.00014544627629220486,3.0407090258507325e-05,0.2510935366153717,0.39636483788490295,1.0,48
16889,0.43579503893852234,0.8278728127479553,1.0000474452972412,4.163583278656006,0.26044702529907227,0.00244140625,0.12715266644954681,52.08173370361328,2.796441078186035,67.04021453857422,514.2491455078125,0.01712392456829548,0.19429971277713776,5.240053653717041,45.599998474121094,44.01783752441406,1.2082328796386719,10.497841835021973,0.0014660883462056518,10.854166984558105,4.193472862243652,2.5883479672424237,10.625,2.533699471463436,1.1774448156356812,1.0605040788650513,0.5880917906761169,0.5882022976875305,0.02083333395421505,0.24859130382537842,5.3650957852369174e-05,1.2793920334499282e-05,0.48323848843574524,3.8520405292510986,1.0,48
16970,0.41051027178764343,0.5832948088645935,1.0000274181365967,2.961000680923462,0.34634649753570557,0.00244140625,0.015970870852470398,6.541668891906738,0.5248913168907166,21.341285705566406,1403.97705078125,0.01712392456829548,0.10008858889341354,5.769690990447998,75.80000305175781,34.76823806762695,1.1884220838546753,10.517242431640625,0.0013959985226392746,9.3125,3.869185209274292,2.406837479273391,9.166666984558105,2.369146594196236,1.1402480602264404,0.9069132804870605,0.6327565908432007,0.6327565908432007,0.0,0.23421554267406464,6.969397509237751e-05,1.80125714181885e-05,0.4330059587955475,0.22069263458251953,1.0,48
17145,0.40149274468421936,0.5154016017913818,1.0000455379486084,1.6123777627944946,0.35900765657424927,0.00537109375,0.008952351287007332,1.6667650938034058,0.1927422732114792,6.661414623260498,863.0986328125,0.03342986851930618,0.2321627289056778,6.588727951049805,86.54545593261719,36.10369873046875,1.096809983253479,10.519479751586914,0.0014262538170441985,12.458333969116211,3.5809764862060547,3.4790325997156,12.208333969116211,3.4092192400733716,1.1282835006713867,1.1261157989501953,0.5510758757591248,0.5510758757591248,0.0,0.21800737082958221,7.951565203256905e-05,2.220501925014411e-05,0.39679351449012756,0.03040185011923313,1.0,48
17206,0.3539160192012787,0.5568276047706604,1.0000559091567993,1.0791383981704712,0.5596504211425781,0.01171875,0.007071572355926037,0.6034408211708069,0.08334363251924515,1.6764113903045654,236.31651306152344,0.0637580007314682,0.37579628825187683,7.092868804931641,74.79166412353516,35.87078094482422,0.8579453229904175,10.536155700683594,0.0011311767157167196,12.895833969116211,3.3797173500061035,3.8156545638162247,12.458333969116211,3.6862058693256268,1.0914194583892822,0.861738920211792,0.5679841041564941,0.5679841041564941,0.0,0.23478570580482483,5.512656571227126e-05,1.6310998773036957e-05,0.44344469904899597,0.1162552461028099,1.0,48
17224,0.3523820638656616,0.4677439033985138,1.0000109672546387,2.2171413898468018,0.3687155842781067,0.0048828125,0.007869711145758629,1.611716866493225,0.21803326904773712,9.340575218200684,1647.239013671875,0.03085736557841301,0.18436908721923828,6.175164222717285,68.5,38.16144943237305,1.1105543375015259,10.532083511352539,0.0014097471721470356,12.458333969116211,4.028539180755615,3.0925189949013396,12.145833969116211,3.0149474521651785,1.151012897491455,0.9520597457885742,0.5605279803276062,0.5605279803276062,0.0,0.17962674796581268,9.511579992249608e-05,2.3610493883430642e-05,0.4074403941631317,0.053128764033317566,1.0,48
17235,0.32266634702682495,0.43840286135673523,1.0000187158584595,1.038087248802185,0.5565271377563477,0.02197265625,0.03335510194301605,1.5180277824401855,0.29672279953956604,4.915378093719482,132.91078186035156,0.1056201159954071,0.4478341042995453,7.5328168869018555,74.62222290039062,43.638458251953125,1.33316969871521,10.51683235168457,0.001629479113034904,10.916666984558105,4.103001594543457,2.660653842413695,10.645833969116211,2.5946453341201603,1.152872920036316,0.6982039213180542,0.5175206065177917,0.5175206065177917,0.0,0.2277955710887909,9.370969928568229e-05,2.2839303592256192e-05,0.45118510723114014,0.6336589455604553,1.0,48
17278,0.2714807987213135,0.37954097986221313,1.0000488758087158,1.3917754888534546,0.5430737733840942,0.00390625,0.0037318419199436903,0.9553515315055847,0.0910404622554779,3.405085563659668,1085.7772216796875,0.02555946074426174,0.19996234774589539,6.268523693084717,79.5,34.86833572387695,0.7702885866165161,10.529104232788086,0.0011635515838861465,9.333333969116211,3.251248836517334,2.8706919739822045,8.833333969116211,2.7169049144233557,1.1052652597427368,0.5429799556732178,0.568872332572937,0.568872332572937,0.0,0.1760510951280594,9.641274664318189e-05,2.9654065620494445e-05,0.3443029224872589,0.07140722125768661,1.0,48
17315,0.31520527601242065,0.5116783976554871,1.000061273574829,1.0620352029800415,0.5421617031097412,0.00341796875,0.005907849874347448,1.7284680604934692,0.12298794090747833,3.344203472137451,550.1898803710938,0.02282176911830902,0.21659468114376068,6.127206802368164,76.71428680419922,39.02845001220703,1.0330313444137573,10.530311584472656,0.0012422672007232904,7.125,3.831798553466797,1.8594401250450125,6.9791669845581055,1.8213814919967364,1.1272765398025513,0.5475090742111206,0.5582530498504639,0.5582530498504639,0.0,0.18263894319534302,7.322660530917346e-05,1.9110243948450706e-05,0.35756680369377136,0.17725832760334015,1.0,48
17459,0.38030558824539185,0.4850652515888214,1.0000591278076172,1.791630744934082,0.40611186623573303,0.00439453125,0.011671137064695358,2.655832052230835,0.2773211896419525,9.484515190124512,947.2000732421875,0.02823571488261223,0.20850004255771637,6.094788074493408,67.11111450195312,35.111541748046875,0.9555670022964478,10.530624389648438,0.0012089884839951992,12.8125,3.469667434692383,3.692717012288751,12.541666984558105,3.6146596711288095,1.0997121334075928,1.1905524730682373,0.5352398753166199,0.5352398753166199,0.0,0.1853569597005844,6.093144475016743e-05,1.756117717949466e-05,0.39270398020744324,0.4333726167678833,1.0,48
17575,0.2761121392250061,0.34717750549316406,1.0000357627868652,1.6151061058044434,0.5491641759872437,0.00439453125,0.018849484622478485,4.289304733276367,0.35855260491371155,12.033520698547363,727.490966796875,0.02823571488261223,0.25164923071861267,6.424121856689453,85.77777862548828,36.827335357666016,0.8392245769500732,10.533525466918945,0.0011378675699234009,5.583333492279053,3.524003505706787,1.584372282091563,5.333333492279053,1.5134302416294212,1.0624643564224243,0.4191218614578247,0.6479417681694031,0.6479417681694031,0.0,0.19726604223251343,7.740408182144165e-05,2.196481401804652e-05,0.452952116727829,0.17836260795593262,1.0,48
17725,0.29905956983566284,0.3616841733455658,1.0000414848327637,1.0317363739013672,0.5402635931968689,0.0068359375,0.004118284676223993,0.6024461984634399,0.06884191930294037,2.106456756591797,554.3282470703125,0.04089350998401642,0.29028257727622986,6.715236186981201,80.28571319580078,44.40248489379883,1.0549343824386597,10.520631790161133,0.0011938224779441953,11.895833969116211,4.093863487243652,2.9057720114814596,11.5,2.8090824248885697,1.1502656936645508,0.7348771095275879,0.5819205045700073,0.5819205045700073,0.0,0.19207455217838287,7.030049891909584e-05,1.7172164867350438e-05,0.3608303964138031,0.08164934813976288,1.0,48
17891,0.3297484815120697,0.4266631603240967,1.0000602006912231,1.198523998260498,0.4670168161392212,0.01025390625,0.010591511614620686,1.0329245328903198,0.14063489437103271,3.5185649394989014,323.7978210449219,0.057165034115314484,0.34733515977859497,7.054907321929932,88.9047622680664,35.400291442871094,0.8154522180557251,10.536466598510742,0.0011377366026863456,10.395833969116211,3.747596263885498,2.774000508421319,9.895833969116211,2.640581654452398,1.1807498931884766,0.6604009866714478,0.5175707936286926,0.5175707936286926,0.0,0.19880570471286774,9.041807788889855e-05,2.4126952660018877e-05,0.40388965606689453,0.19287849962711334,1.0,48
17942,0.35310932993888855,0.4099460244178772,1.0000451803207397,1.8143508434295654,0.4428524076938629,0.0029296875,0.005160138010978699,1.7613271474838257,0.10531677305698395,2.500906229019165,438.8805236816406,0.020013848319649696,0.21097062528133392,6.093316078186035,83.0,36.92729568481445,0.8534882664680481,10.529181480407715,0.0011258013546466827,7.208333492279053,3.604694366455078,1.999707253786064,6.8541669845581055,1.9014557875773694,1.0841515064239502,0.5741440057754517,0.5322872400283813,0.5322872400283813,0.0,0.18535451591014862,5.530218913918361e-05,1.534171371098839e-05,0.4473501443862915,0.13230060040950775,1.0,48
18233,0.2805689871311188,0.3299405872821808,1.0000330209732056,1.5210318565368652,0.4641377329826355,0.00244140625,0.0016120707150548697,0.6603041887283325,0.03455530107021332,1.0115840435028076,573.6489868164062,0.01712392456829548,0.2026866227388382,5.702258110046387,74.4000015258789,40.459957122802734,1.1687710285186768,10.52617073059082,0.0012619863264262676,9.4375,3.757471799850464,2.511662223322331,9.0625,2.411861075375749,1.1144869327545166,0.7111074924468994,0.6068114042282104,0.6068114042282104,0.0,0.2076532542705536,8.12128564575687e-05,2.1613696806630396e-05,0.3984864354133606,0.05273254215717316,1.0,48
18246,0.4820046126842499,0.6909528374671936,1.0000425577163696,2.0827620029449463,0.32083287835121155,0.005859375,0.02359795570373535,4.027384281158447,0.42898717522621155,11.98399543762207,510.2567138671875,0.03595767915248871,0.2625657916069031,6.2048540115356445,71.5,36.525611877441406,0.8937206268310547,10.510721206665039,0.0012398130493238568,14.458333969116211,3.997108221054077,3.617198517865353,13.9375,3.4868958242655697,1.1878573894500732,1.0478342771530151,0.5400353670120239,0.5415406227111816,0.02083333395421505,0.21690207719802856,0.00010777535499073565,2.6963331678990895e-05,0.4110080897808075,0.7164393067359924,1.0,48
18282,0.310122013092041,0.36747199296951294,1.0000638961791992,1.834073781967163,0.40794283151626587,0.00244140625,0.0033994722180068493,1.3924238681793213,0.10335933417081833,4.239379405975342,1421.2718505859375,0.01712392456829548,0.1268010437488556,5.785219192504883,74.80000305175781,37.13096618652344,0.7707652449607849,10.535228729248047,0.0010729997884482145,10.125,3.6148338317871094,2.800958617504361,9.75,2.697219409448644,1.1002378463745117,0.8639872074127197,0.5468945503234863,0.5468945503234863,0.0,0.2207106500864029,6.403206498362124e-05,1.7713695230861546e-05,0.4059077799320221,0.1060677096247673,1.0,48
18305,0.48415374755859375,0.6018937230110168,1.0000650882720947,2.126664638519287,0.28451821208000183,0.00439453125,0.00572447944432497,1.3026371002197266,0.11716043949127197,3.5360374450683594,668.7091674804688,0.02823571488261223,0.23540224134922028,5.994210720062256,58.77777862548828,48.01668930053711,0.8966807126998901,10.564735412597656,0.000925679923966527,16.58333396911621,4.26034688949585,3.892484429162003,15.9375,3.740892555459738,1.225612759590149,1.2962582111358643,0.5611307621002197,0.5685996413230896,0.0625,0.2052215188741684,0.00011170718789799139,2.6220209417972587e-05,0.2874407172203064,0.2184901088476181,1.0,48
18357,0.45893940329551697,0.6089307069778442,1.000002384185791,1.5194981098175049,0.43381303548812866,0.00732421875,0.013280803337693214,1.8132723569869995,0.23519766330718994,8.002246856689453,747.0519409179688,0.0433073565363884,0.28669288754463196,6.751482963562012,80.26667022705078,35.01387405395508,1.5200927257537842,10.530656814575195,0.0017917642835527658,7.5,3.660696029663086,2.0487906995660494,7.270833492279053,1.9861888049432883,1.179650068283081,0.5856974720954895,0.563938319683075,0.563938319683075,0.0,0.20044906437397003,0.0001222992141265422,3.340873232889286e-05,0.4200989603996277,0.34076154232025146,1.0,48
18410,0.29713818430900574,0.4279436469078064,1.0000065565109253,1.1830675601959229,0.5818470120429993,0.005859375,0.00396196311339736,0.676175057888031,0.06933875381946564,1.9576729536056519,529.1383056640625,0.03595767915248871,0.2743571698665619,6.578951835632324,75.33333587646484,40.29958724975586,1.1364058256149292,10.521160125732422,0.0014092512428760529,7.375,4.181382179260254,1.7637708456649697,7.208333492279053,1.723911655527071,1.14291250705719,0.485660195350647,0.5412444472312927,0.5412444472312927,0.0,0.16156423091888428,0.0001473479060223326,3.523904282196231e-05,0.4296113848686218,0.09679030627012253,1.0,48
18520,0.40586063265800476,0.5981817841529846,1.0000357627868652,1.8279051780700684,0.37151992321014404,0.00390625,0.007359103299677372,1.8839304447174072,0.14065659046173096,3.882329225540161,500.1778869628906,0.02555946074426174,0.23944604396820068,6.348466396331787,89.75,45.283206939697266,1.1694704294204712,10.536434173583984,0.0012337412917986512,15.8125,4.077463150024414,3.878024001547404,15.166666984558105,3.7196331123853232,1.1336932182312012,1.235291838645935,0.5833914279937744,0.5850043296813965,0.0416666679084301,0.18346530199050903,8.686675573699176e-05,2.1304117861477293e-05,0.3568772077560425,0.16002118587493896,1.0,48
18525,0.3994666039943695,0.5367050766944885,1.0000373125076294,1.768606185913086,0.3694479465484619,0.009765625,0.044071294367313385,4.512900352478027,0.6623485088348389,18.922842025756836,486.12530517578125,0.05492175742983818,0.32748109102249146,6.561173439025879,55.75,48.497074127197266,0.931455135345459,10.529930114746094,0.0010518422350287437,11.541666984558105,4.5046772956848145,2.5621517816587547,11.125,2.469655259425679,1.183830976486206,0.8938230872154236,0.5106338858604431,0.5106338858604431,0.0,0.2171320766210556,0.00013489909179043025,2.994644957590863e-05,0.4463960528373718,0.8873174786567688,1.0,48
18599,0.35581615567207336,0.647075891494751,1.0000334978103638,2.050575017929077,0.3685673177242279,0.00732421875,0.058140117675065994,7.938064098358154,0.7717408537864685,15.45228099822998,256.8898620605469,0.0433073565363884,0.33363258838653564,6.535345077514648,69.46666717529297,43.012020111083984,1.4546847343444824,10.50056266784668,0.001810682937502861,7.2291669845581055,3.6853060722351074,1.961619150009292,7.0,1.899435174121157,1.101091742515564,0.7029332518577576,0.6480385065078735,0.6480385065078735,0.0,0.2338588833808899,5.493126082001254e-05,1.4905481280050744e-05,0.39144501090049744,0.5339004397392273,1.0,48
18712,0.3558107018470764,0.44621706008911133,1.0000308752059937,2.078669309616089,0.39205124974250793,0.00341796875,0.004903665278106928,1.4346723556518555,0.10280955582857132,3.2277557849884033,610.7249145507812,0.02282176911830902,0.21234527230262756,6.128602981567383,78.85713958740234,40.57466506958008,0.9218577742576599,10.541601181030273,0.0011919955722987652,12.020833969116211,3.455286741256714,3.478968558758298,11.729166984558105,3.3945567557575704,1.1066224575042725,1.0045793056488037,0.5715703368186951,0.5715703368186951,0.0,0.27409228682518005,6.535465217893943e-05,1.8914393184637845e-05,0.41581055521965027,0.03849824517965317,1.0,48
18782,0.3881163001060486,0.5010685920715332,1.0000542402267456,1.475083827972412,0.387432336807251,0.0078125,0.014712661504745483,1.8832206726074219,0.22367918491363525,6.471983432769775,463.34722900390625,0.04568839073181152,0.312923401594162,6.6103515625,73.625,38.073997497558594,0.9028002023696899,10.527473449707031,0.0012675540056079626,13.395833969116211,3.8583154678344727,3.4719384783524205,12.979166984558105,3.363946535507984,1.1489347219467163,0.7866470217704773,0.5222306847572327,0.5231865644454956,0.02083333395421505,0.2119712084531784,9.736359061207622e-05,2.5234740697441037e-05,0.38314592838287354,0.2403191477060318,1.0,48
18905,0.38768693804740906,0.47435352206230164,1.0000462532043457,1.7551939487457275,0.356203556060791,0.00634765625,0.01003585010766983,1.581032395362854,0.19268566370010376,6.824460983276367,836.5205078125,0.03844451159238815,0.2612707018852234,6.508820533752441,80.38461303710938,47.24327087402344,1.0421111583709717,10.538955688476562,0.0010919906198978424,13.229166984558105,4.097925186157227,3.2282597537318583,12.541666984558105,3.060491928041752,1.203662395477295,0.9759526252746582,0.6139960289001465,0.6139960289001465,0.0,0.14876216650009155,0.00011577219993341714,2.8251418557366773e-05,0.31828638911247253,0.23882286250591278,1.0,48
19049,0.3665550947189331,0.4530249238014221,1.000068187713623,1.2081708908081055,0.4377475380897522,0.00341796875,0.0028426810167729855,0.8316872715950012,0.06040100008249283,2.085050106048584,799.4948120117188,0.02282176911830902,0.22008955478668213,6.189660549163818,81.42857360839844,32.914878845214844,1.106819748878479,10.51530647277832,0.0016333187231794,12.1875,3.4389350414276123,3.5439750439429143,11.791666984558105,3.428871673416166,1.077918291091919,0.8654190897941589,0.5285758376121521,0.5285758376121521,0.0,0.15757164359092712,7.309459033422172e-05,2.1255007507012328e-05,0.3387086093425751,0.0927618145942688,1.0,48
19065,0.3275885283946991,0.40567901730537415,1.0000616312026978,1.5822947025299072,0.42677879333496094,0.00634765625,0.005453851073980331,0.8591912984848022,0.09343300759792328,3.0584895610809326,636.3244018554688,0.03844451159238815,0.2825523912906647,6.264569282531738,66.30769348144531,38.446842193603516,0.8090266585350037,10.5472412109375,0.0010826366487890482,12.541666984558105,3.2507877349853516,3.8580393333599883,11.979166984558105,3.685004351033717,1.0947107076644897,0.8498697280883789,0.5625907182693481,0.5625907182693481,0.0,0.18087930977344513,6.262459646677598e-05,1.9264437231677266e-05,0.3222137987613678,0.15907083451747894,1.0,48
19105,0.39454585313796997,0.5054543018341064,1.0000269412994385,1.508573055267334,0.4168189764022827,0.00390625,0.003551148809492588,0.9090940952301025,0.07882078737020493,2.953521251678467,1021.72265625,0.02555946074426174,0.2170945256948471,6.238584518432617,74.0,44.13241195678711,0.8936266899108887,10.528009414672852,0.0010937015758827329,12.895833969116211,3.7083282470703125,3.477533021659818,12.5625,3.387645086717523,1.0745759010314941,1.0502746105194092,0.5813436508178711,0.5813436508178711,0.0,0.2615673243999481,6.367906462401152e-05,1.717190610151644e-05,0.4235626459121704,0.09433910995721817,1.0,48
19170,0.38926103711128235,0.6483393311500549,1.0000427961349487,2.5377378463745117,0.3370622396469116,0.00390625,0.013116538524627686,3.3578338623046875,0.3730389475822449,15.329014778137207,1419.056884765625,0.02555946074426174,0.15261860191822052,5.969791412353516,68.625,37.88308334350586,0.8437538146972656,10.527873039245605,0.0011417160276323557,13.041666984558105,3.3097071647644043,3.940429257306261,12.854166984558105,3.8837777198440846,1.1150600910186768,1.119444727897644,0.5657731294631958,0.5657731294631958,0.0,0.2511986196041107,5.757002145401202e-05,1.739429454453476e-05,0.39365503191947937,0.3223113417625427,1.0,48
19229,0.4194554388523102,0.5595345497131348,1.0000442266464233,1.6721101999282837,0.3275129497051239,0.009765625,0.014808361418545246,1.516376256942749,0.18902917206287384,4.048750400543213,250.6504364013672,0.05492175742983818,0.3505529463291168,6.710262298583984,69.80000305175781,49.12567901611328,1.373745083808899,10.52813720703125,0.0013527991250157356,18.1875,4.614902496337891,3.9410366687101495,17.625,3.8191489366881863,1.1870030164718628,1.3240556716918945,0.5719395279884338,0.5719395279884338,0.0,0.17677313089370728,0.0001279855496250093,2.7733099334003253e-05,0.4001438319683075,0.261576771736145,1.0,48
19299,0.5192537903785706,0.7148351669311523,1.0000368356704712,1.9449058771133423,0.33026304841041565,0.0029296875,0.0040674963966012,1.3883720636367798,0.09326810389757156,2.6734440326690674,643.3510131835938,0.020013848319649696,0.19128106534481049,5.666502952575684,59.5,41.675716400146484,1.4432061910629272,10.494758605957031,0.0016919865738600492,13.604166984558105,4.257950305938721,3.1950036931229175,13.166666984558105,3.0922547253009323,1.1417330503463745,1.1831598281860352,0.49342840909957886,0.49342840909957886,0.0,0.15247559547424316,9.853420488070697e-05,2.3141229363777538e-05,0.4484037458896637,0.06587157398462296,1.0,48
19375,0.350411981344223,0.4331624209880829,1.0000311136245728,1.6755809783935547,0.39188331365585327,0.00341796875,0.011873099021613598,3.4737296104431152,0.3073102533817291,12.709393501281738,1441.8756103515625,0.02282176911830902,0.1896751970052719,6.060805320739746,73.42857360839844,43.05665588378906,1.2802276611328125,10.516070365905762,0.0014350919518619776,10.145833969116211,3.8232955932617188,2.6536880801109457,9.958333969116211,2.604646619691291,1.1618036031723022,0.7663339376449585,0.5806699991226196,0.5806699991226196,0.0,0.17876632511615753,9.901264274958521e-05,2.589719786906245e-05,0.35324594378471375,0.45151281356811523,1.0,48
19451,0.43155142664909363,0.5273280143737793,1.0000828504562378,1.60127854347229,0.42806464433670044,0.013671875,0.045380380004644394,3.3192505836486816,0.5951254963874817,14.612717628479004,335.6554260253906,0.07226333767175674,0.360764741897583,7.120965003967285,74.39286041259766,48.3922233581543,1.4718796014785767,10.50202751159668,0.0015006292378529906,10.291666984558105,4.068387031555176,2.5296676248934338,9.979166984558105,2.452855857279371,1.1148383617401123,0.8221792578697205,0.5891406536102295,0.5891406536102295,0.0,0.1680864691734314,7.342571916524321e-05,1.804786968773148e-05,0.3816957175731659,1.1266313791275024,1.0,48
19527,0.28997135162353516,0.3963603973388672,1.0000470876693726,1.6940710544586182,0.45431458950042725,0.00634765625,0.017412444576621056,2.7431297302246094,0.28416502475738525,9.329636573791504,645.8056030273438,0.03844451159238815,0.29833555221557617,6.500985145568848,72.0,43.309295654296875,1.0354615449905396,10.537504196166992,0.0011240532621741295,10.083333969116211,3.764904022216797,2.6782446200040555,9.625,2.5565060669907025,1.1003916263580322,0.8606073260307312,0.5942412614822388,0.5942412614822388,0.0,0.1700010746717453,5.7136592658935115e-05,1.517610865244094e-05,0.3938809037208557,0.2537795603275299,1.0,48
19655,0.45983704924583435,0.6115385890007019,1.000020146369934,2.045545816421509,0.37248164415359497,0.0029296875,0.010020243003964424,3.42024302482605,0.3521174490451813,15.555274963378906,1857.2529296875,0.020013848319649696,0.10420029610395432,5.965873718261719,78.0,39.1628532409668,1.5484939813613892,10.529302597045898,0.0014079752145335078,13.125,3.925077438354492,3.3438830628685774,12.5625,3.2005737887456385,1.1655519008636475,0.9485651850700378,0.5565074682235718,0.5565074682235718,0.0,0.20716997981071472,9.865792526397854e-05,2.513528116632166e-05,0.3957911431789398,0.08292391896247864,1.0,48
19869,0.3108613193035126,0.5048006176948547,1.0000427961349487,1.2794138193130493,0.48701727390289307,0.0029296875,0.004690519534051418,1.601030707359314,0.10209975391626358,3.2288007736206055,649.0007934570312,0.020013848319649696,0.2037767767906189,5.866590976715088,67.83333587646484,38.79758834838867,0.8291323781013489,10.53742504119873,0.001087360316887498,9.5625,4.042855262756348,2.36528377961956,9.208333969116211,2.277680833931542,1.1711156368255615,0.5775697231292725,0.4893035888671875,0.4893035888671875,0.0,0.24790531396865845,9.281260281568393e-05,2.295719152776051e-05,0.45556139945983887,0.14442642033100128,1.0,48
19880,0.39890241622924805,0.5332602858543396,1.000054121017456,1.9042208194732666,0.33536413311958313,0.00390625,0.01030245702713728,2.6374289989471436,0.19808337092399597,5.800624370574951,576.1157836914062,0.02555946074426174,0.23967841267585754,6.246598243713379,76.375,35.83031463623047,0.8357605338096619,10.532505989074707,0.0011850933078676462,11.0,3.4443089962005615,3.1936739648496775,10.729166984558105,3.115041933009813,1.0959851741790771,0.9897353053092957,0.5723458528518677,0.5723458528518677,0.0,0.23563840985298157,6.890446820762008e-05,2.0005309652408053e-05,0.3790343105792999,0.13130103051662445,1.0,48
19982,0.3783124089241028,0.5610143542289734,1.000072717666626,2.0240585803985596,0.36676767468452454,0.0107421875,0.022186456248164177,2.0653574466705322,0.2947610020637512,6.715149402618408,327.767578125,0.05938481166958809,0.3514679968357086,6.684710502624512,60.6363639831543,41.830047607421875,0.7550026178359985,10.561126708984375,0.0009156990563496947,14.145833969116211,3.832353115081787,3.6911614111276143,13.833333969116211,3.6096188210268307,1.1352760791778564,1.243119478225708,0.5660607814788818,0.5660607814788818,0.0,0.20703883469104767,7.710084901191294e-05,2.0118409367682557e-05,0.3423103392124176,0.5476744771003723,1.0,48
20016,0.4006976783275604,0.46607011556625366,1.0000345706939697,0.9165269732475281,0.5934564471244812,0.00927734375,0.007102169096469879,0.7655390501022339,0.10314066708087921,2.5978331565856934,399.56121826171875,0.05265381559729576,0.326999306678772,6.889854907989502,100.0526351928711,34.01728439331055,0.6788682341575623,10.532041549682617,0.0010717150289565325,15.270833969116211,4.16357946395874,3.6677176608800672,14.479166984558105,3.4775767041601067,1.2591822147369385,0.7210139036178589,0.42575448751449585,0.42597174644470215,0.02083333395421505,0.19055692851543427,8.949788025347516e-05,2.1495417780119947e-05,0.38209307193756104,0.16276659071445465,1.0,48
20068,0.3024733364582062,0.37043535709381104,1.0000344514846802,1.6430025100708008,0.5045934319496155,0.00341796875,0.0023308871313929558,0.6819509863853455,0.043612170964479446,1.0775668621063232,419.405029296875,0.02282176911830902,0.23921769857406616,6.0353569984436035,63.57142639160156,36.58128356933594,1.2213643789291382,10.531756401062012,0.0012523280456662178,4.75,3.3570075035095215,1.4149506609337912,4.270833492279053,1.2722144573975616,1.084412932395935,0.4039155840873718,0.5777807831764221,0.5777807831764221,0.0,0.2490295022726059,6.709148146910593e-05,1.9985502325839713e-05,0.47753071784973145,0.03312193974852562,1.0,48
20111,0.3568819463253021,0.5546004176139832,1.0000288486480713,2.232802152633667,0.34523046016693115,0.00537109375,0.018234578892588615,3.394947052001953,0.4479142129421234,17.211318969726562,1133.2783203125,0.03342986851930618,0.1962524652481079,6.363250732421875,68.18181610107422,46.869544982910156,1.599501132965088,10.540843963623047,0.0015313891926780343,12.354166984558105,3.8559141159057617,3.203952832236918,11.958333969116211,3.1012967557484634,1.117029070854187,1.0857305526733398,0.6171244382858276,0.6171244382858276,0.0,0.1899780035018921,9.574687283020467e-05,2.4831173543760793e-05,0.3743276596069336,0.5923874378204346,1.0,48
20115,0.31269875168800354,0.385978639125824,1.0000404119491577,1.322993516921997,0.41347000002861023,0.00634765625,0.00395189831033349,0.6225759983062744,0.07035458832979202,2.502453088760376,840.34326171875,0.03844451159238815,0.2841588258743286,6.807239532470703,95.46154022216797,39.024696350097656,0.8350946307182312,10.533219337463379,0.0010672417702153325,13.708333969116211,3.651803970336914,3.7538526281609137,13.104166984558105,3.588409195870672,1.1784149408340454,0.8223385810852051,0.5128697156906128,0.5128697156906128,0.0,0.1385977566242218,7.092523446772248e-05,1.9421971948554297e-05,0.3171823024749756,0.06572224199771881,1.0,48
20137,0.4168604016304016,0.5818608403205872,1.0000158548355103,2.034219741821289,0.36782050132751465,0.005859375,0.021029043942689896,3.588956832885742,0.3702433407306671,10.380526542663574,502.141845703125,0.03595767915248871,0.269102543592453,6.424763202667236,76.33333587646484,34.68794250488281,0.8003354668617249,10.536704063415527,0.0011677683796733618,18.6875,3.600066661834717,5.190876087435407,18.25,5.0693505603048115,1.1158697605133057,1.3256075382232666,0.4959028661251068,0.4959028661251068,0.0,0.15556614100933075,0.0002703940263018012,7.510806075266356e-05,0.4151897132396698,0.6021987795829773,1.0,48
20147,0.39531195163726807,0.5122825503349304,1.000074863433838,1.8580378293991089,0.4215286374092102,0.00341796875,0.009671456180512905,2.829591751098633,0.1998216211795807,5.293306827545166,553.5795288085938,0.02282176911830902,0.2185671180486679,6.016835689544678,68.42857360839844,34.4233283996582,1.0274797677993774,10.53144645690918,0.0013080844655632973,10.020833969116211,3.3130412101745605,3.0246632333141403,9.791666984558105,2.9554920490974737,1.0325263738632202,1.0857744216918945,0.5934101343154907,0.5934101343154907,0.0,0.22801943123340607,4.9274269258603454e-05,1.4872821068011718e-05,0.3959502577781677,0.24518269300460815,1.0,48
20187,0.32509860396385193,0.41978681087493896,1.0000371932983398,1.086177945137024,0.5581775903701782,0.01416015625,0.008754141628742218,0.6182235479354858,0.11146243661642075,2.636636734008789,312.76483154296875,0.07434378564357758,0.36368265748023987,7.411125659942627,86.06896209716797,35.16856002807617,0.8013144135475159,10.522382736206055,0.001197898993268609,7.3125,3.2998263835906982,2.2160256715938687,7.020833492279053,2.1276372314360907,1.0468653440475464,0.5767683386802673,0.5570065975189209,0.5570065975189209,0.0,0.12538422644138336,0.00014563542208634317,4.413426790246087e-05,0.3592981696128845,0.19103173911571503,1.0,48
20224,0.36929360032081604,0.5500040650367737,1.0000536441802979,3.0515336990356445,0.3837069571018219,0.00244140625,0.006502663251012564,2.6634907722473145,0.19454562664031982,8.13418960571289,1511.8037109375,0.01712392456829548,0.1395479291677475,5.597001075744629,61.400001525878906,36.757442474365234,0.8604942560195923,10.521244049072266,0.0012041887966915965,9.666666984558105,3.672227382659912,2.6323715693314482,9.5,2.586985767544979,1.130230188369751,0.9135187864303589,0.6075703501701355,0.6075703501701355,0.0,0.24045057594776154,4.282884765416384e-05,1.1662907297018317e-05,0.42482370138168335,0.2051571160554886,1.0,48
20287,0.4501095712184906,0.7025980949401855,1.0000557899475098,2.084146022796631,0.4295330047607422,0.0029296875,0.0031473312992602587,1.074289083480835,0.07992082834243774,3.116684675216675,1183.3421630859375,0.020013848319649696,0.17758333683013916,6.169172286987305,86.66666412353516,34.29444885253906,1.0927867889404297,10.513394355773926,0.0016110290307551622,6.0416669845581055,3.2765350341796875,1.843919537894244,5.8541669845581055,1.7866944517981658,1.0873746871948242,0.4922637343406677,0.5762052536010742,0.5762052536010742,0.0,0.28224143385887146,4.463120421860367e-05,1.36214640212333e-05,0.5104004144668579,0.05742303654551506,1.0,48
20293,0.35202908515930176,0.4535773694515228,1.0000298023223877,1.5185922384262085,0.35965055227279663,0.00390625,0.0038774958811700344,0.9926389455795288,0.07764394581317902,2.4765217304229736,737.3215942382812,0.02555946074426174,0.2402760237455368,6.148029327392578,69.0,41.454681396484375,1.228319764137268,10.525276184082031,0.0013680835254490376,11.9375,4.256865501403809,2.8042934332833336,11.395833969116211,2.6770481563459465,1.1207458972930908,0.9034435749053955,0.5490192174911499,0.5514046549797058,0.02083333395421505,0.20280611515045166,6.455651600845158e-05,1.5165270275866068e-05,0.3375288248062134,0.14484690129756927,1.0,48
20378,0.3167007863521576,0.3910461664199829,1.0000585317611694,2.5470428466796875,0.31938794255256653,0.00537109375,0.016950657591223717,3.1559042930603027,0.25998401641845703,7.846441745758057,477.83245849609375,0.03342986851930618,0.3000752329826355,6.095232009887695,64.81818389892578,39.750526428222656,1.1387531757354736,10.514127731323242,0.0012717322679236531,10.104166984558105,3.6698012351989746,2.7533281258152345,9.666666984558105,2.634111860200752,1.1454225778579712,0.8578580617904663,0.554869532585144,0.554869532585144,0.0,0.16828671097755432,7.320365693885833e-05,1.994758082188434e-05,0.3699912428855896,0.3263339102268219,1.0,48
20480,0.3640406131744385,0.4579407274723053,1.000043511390686,2.2869327068328857,0.38984331488609314,0.00244140625,0.005373047199100256,2.2008001804351807,0.13322897255420685,4.785260200500488,947.7392578125,0.01712392456829548,0.177337646484375,5.822588920593262,80.5999984741211,49.0615234375,1.0094094276428223,10.554492950439453,0.0010288992198184133,14.333333969116211,3.817578077316284,3.754562091797941,14.020833969116211,3.6727039102879764,1.1476130485534668,1.0373843908309937,0.6529366970062256,0.6529366970062256,0.0,0.2354891151189804,6.0484439018182456e-05,1.5843667800572054e-05,0.35680657625198364,0.12007641792297363,1.0,48
20550,0.35558754205703735,0.47908082604408264,1.0000330209732056,2.087414503097534,0.3550677001476288,0.0029296875,0.010093310847878456,3.445183515548706,0.2989077866077423,12.181451797485352,1404.0655517578125,0.020013848319649696,0.14488904178142548,5.955059051513672,72.33333587646484,40.742549896240234,0.9371745586395264,10.518648147583008,0.0012271810555830598,8.854166984558105,4.02987813949585,2.197130199995201,8.583333969116211,2.1299239457624823,1.0718884468078613,0.8446140289306641,0.5571896433830261,0.5571896433830261,0.0,0.2705550193786621,5.7252887927461416e-05,1.4207101506189196e-05,0.5824017524719238,0.11832654476165771,1.0,48
20602,0.3174857199192047,0.4591505825519562,1.0000512599945068,1.2876253128051758,0.4769839644432068,0.00732421875,0.008336851373314857,1.1382580995559692,0.12213203310966492,2.990389347076416,368.7026672363281,0.0433073565363884,0.3175799548625946,6.768518447875977,78.13333129882812,42.49427032470703,1.0072588920593262,10.530902862548828,0.001186317065730691,10.104166984558105,3.917581081390381,2.5791851524819505,9.625,2.456873201974745,1.1063634157180786,0.6722133159637451,0.6126633882522583,0.6126633882522583,0.0,0.20730122923851013,5.8672500017564744e-05,1.4976716154391435e-05,0.4081187844276428,0.11425834894180298,1.0,48
20698,0.322011798620224,0.41830405592918396,1.0000144243240356,0.9246888756752014,0.5845893621444702,0.02197265625,0.021470878273248672,0.977163553237915,0.19456438720226288,3.385073661804199,154.64122009277344,0.1056201159954071,0.44559410214424133,7.450259208679199,74.82221984863281,37.66120910644531,0.805697500705719,10.541735649108887,0.0010789376683533192,11.916666984558105,3.8992221355438232,3.056165188786927,11.5,2.949306187425774,1.2218364477157593,0.6553291082382202,0.532357394695282,0.532357394695282,0.0,0.17852766811847687,0.0001003973520710133,2.574804623166986e-05,0.3605785667896271,0.4428832530975342,1.0,48
20898,0.3368024528026581,0.3979477882385254,1.0000300407409668,1.6515305042266846,0.39445507526397705,0.00439453125,0.005695646163076162,1.2960759401321411,0.11578501760959625,4.037032604217529,820.3331909179688,0.02823571488261223,0.23912255465984344,6.341429710388184,82.11111450195312,37.22245788574219,0.8505578637123108,10.538139343261719,0.0011228250805288553,11.9375,3.5690085887908936,3.344766388078801,11.416666984558105,3.198834261263993,1.1478588581085205,0.9949023127555847,0.5535156726837158,0.5535156726837158,0.0,0.21362058818340302,6.943361950106919e-05,1.945459574532599e-05,0.3956693112850189,0.13746295869350433,1.0,48
20920,0.5382800102233887,0.7339955568313599,1.000038743019104,2.9466590881347656,0.2677798867225647,0.0029296875,0.010047419928014278,3.4295194149017334,0.2036324292421341,5.566720008850098,552.0731811523438,0.020013848319649696,0.221180260181427,5.673304557800293,65.0,41.6614990234375,1.1530773639678955,10.518789291381836,0.0013261674903333187,13.770833969116211,4.070731163024902,3.3828895556577128,13.25,3.254943506906675,1.1686944961547852,1.1187103986740112,0.5255149602890015,0.5255149602890015,0.0,0.20246069133281708,8.399707439821213e-05,2.0634394861254153e-05,0.35567793250083923,0.31885793805122375,1.0,48
21004,0.36741775274276733,0.5203380584716797,1.0000522136688232,1.74489164352417,0.37305817008018494,0.00537109375,0.008741136640310287,1.6274406909942627,0.17750655114650726,6.825859546661377,1099.5286865234375,0.03342986851930618,0.2554989755153656,6.3877763748168945,77.81818389892578,48.45979690551758,1.1689307689666748,10.506427764892578,0.0011549668852239847,10.875,4.674419403076172,2.3264921349544263,10.645833969116211,2.2774665746371983,1.1963058710098267,0.8137580752372742,0.5832836031913757,0.5832836031913757,0.0,0.185675248503685,0.00010695121454773471,2.288010661785087e-05,0.4609227478504181,0.20199286937713623,1.0,48
21088,0.48404738306999207,0.6141960620880127,1.0000371932983398,2.397587776184082,0.30507194995880127,0.0048828125,0.010583111084997654,2.1674211025238037,0.2020673304796219,7.47162389755249,954.6439208984375,0.03085736557841301,0.26314228773117065,6.18892765045166,67.5,31.79233169555664,1.278385877609253,10.53435230255127,0.0015036058612167835,13.520833969116211,3.063937187194824,4.412895271317949,13.020833969116211,4.249706547848756,1.0812764167785645,1.011232852935791,0.5498851537704468,0.5498851537704468,0.0,0.2199559360742569,9.448665514355525e-05,3.0838313275501255e-05,0.4134528934955597,0.2310805320739746,1.0,48
21099,0.3771149516105652,0.4373323321342468,1.0000429153442383,1.7019697427749634,0.469029039144516,0.0126953125,0.023178840056061745,1.8257794380187988,0.29881352186203003,7.79253625869751,372.09759521484375,0.06804874539375305,0.36448439955711365,7.117740631103516,78.34615325927734,33.42954635620117,0.6602321863174438,10.527981758117676,0.0010710388887673616,11.5,3.0080337524414062,3.8230953866243413,11.375,3.7815400019871204,1.0824313163757324,0.900068461894989,0.5642862915992737,0.5642862915992737,0.0,0.1741952747106552,6.219540227903053e-05,2.0676430914974493e-05,0.37592512369155884,0.30710044503211975,1.0,48
21198,0.35098227858543396,0.45992451906204224,1.000076413154602,1.116023063659668,0.534500241279602,0.0068359375,0.007134622894227505,1.0436934232711792,0.09636494517326355,1.9921672344207764,253.501220703125,0.04089350998401642,0.3287504017353058,6.500839710235596,63.21428680419922,44.4852180480957,1.2439528703689575,10.520612716674805,0.0014043052215129137,9.125,4.082669258117676,2.2350573609424655,8.854166984558105,2.1687201198740107,1.1568500995635986,0.5905895233154297,0.5882419347763062,0.5882419347763062,0.0,0.24017392098903656,8.326895476784557e-05,2.039571400458723e-05,0.3584686517715454,0.14219413697719574,1.0,48
21240,0.3062632083892822,0.4221270978450775,1.0000295639038086,1.0079271793365479,0.6392077207565308,0.00390625,0.004058499354869127,1.0389758348464966,0.0894085094332695,2.745689630508423,681.6141357421875,0.02555946074426174,0.20934170484542847,6.408122539520264,84.0,32.23320007324219,0.8138898015022278,10.525169372558594,0.0013350250665098429,10.333333969116211,3.749743938446045,2.7557438884323058,9.8125,2.6168453459512775,1.2136774063110352,0.48400139808654785,0.4434870481491089,0.4434870481491089,0.0,0.15744535624980927,9.15337004698813e-05,2.4410653561509008e-05,0.3545529544353485,0.13724951446056366,1.0,48
21312,0.3632192313671112,0.47796496748924255,1.0000321865081787,1.6679729223251343,0.3839353919029236,0.00537109375,0.010427968576550484,1.9414981603622437,0.2494722157716751,9.946099281311035,1287.8123779296875,0.03342986851930618,0.22037869691848755,6.336892127990723,63.81818389892578,43.0413818359375,0.837571382522583,10.541580200195312,0.0010212234919890761,9.854166984558105,3.688951015472412,2.671265331665976,9.625,2.6091427979224555,1.1318434476852417,0.9010040163993835,0.536988377571106,0.536988377571106,0.0,0.16673970222473145,8.623099711257964e-05,2.3375478968723037e-05,0.3701288104057312,0.13613684475421906,1.0,48
21363,0.42925843596458435,0.513375997543335,1.0000430345535278,1.8667739629745483,0.35013461112976074,0.00341796875,0.008416932076215744,2.4625537395477295,0.2214059680700302,8.620598793029785,1190.202392578125,0.02282176911830902,0.17266619205474854,6.0307207107543945,85.0,40.36640930175781,1.4089255332946777,10.522087097167969,0.0015018340200185776,13.3125,4.09302282333374,3.252486131174855,12.875,3.1455969155963386,1.1922056674957275,1.0487077236175537,0.5859906077384949,0.5879072546958923,0.02083333395421505,0.19318483769893646,7.154123159125447e-05,1.747882543156609e-05,0.3746166229248047,0.11542665213346481,1.0,48
21391,0.44035792350769043,0.6690239310264587,1.0000399351119995,1.8875943422317505,0.43257439136505127,0.0029296875,0.0037948067765682936,1.2952940464019775,0.10874197632074356,4.650573253631592,1634.7703857421875,0.020013848319649696,0.16235142946243286,6.277952671051025,96.83333587646484,34.21710968017578,2.144075632095337,10.52794361114502,0.0017533984500914812,7.208333492279053,3.3290839195251465,2.1652603673789725,6.8125,2.046358741388572,1.0694010257720947,0.6415890455245972,0.6287685632705688,0.6287685632705688,0.0,0.21825285255908966,5.845485065947287e-05,1.75588395777726e-05,0.37703531980514526,0.11573359370231628,1.0,48
21488,0.40360742807388306,0.6893232464790344,0.9999902248382568,2.627174139022827,0.38307011127471924,0.0029296875,0.032942336052656174,11.244317054748535,0.9111892580986023,30.974205017089844,1010.5223999023438,0.020013848319649696,0.15730515122413635,5.782164573669434,66.83333587646484,37.82709503173828,0.9916098117828369,10.516448974609375,0.0013470666017383337,10.645833969116211,3.5985751152038574,2.958347012003294,10.375,2.8830855655437406,1.0713595151901245,0.9977197647094727,0.5919787287712097,0.5919787287712097,0.0,0.2867893576622009,6.401723658200353e-05,1.7789606817886564e-05,0.5497047305107117,0.09165120124816895,1.0,48
21552,0.30677032470703125,0.4911137819290161,1.0000436305999756,1.296657919883728,0.5429247617721558,0.00244140625,0.001135113649070263,0.4649425446987152,0.03525032475590706,1.4497134685516357,1437.7073974609375,0.01712392456829548,0.11837809532880783,5.91945743560791,83.19999694824219,37.775291442871094,1.027773141860962,10.524913787841797,0.00125784648116678,7.5625,3.396472930908203,2.2265744881741405,7.2916669845581055,2.146834999547602,1.056645393371582,0.625990092754364,0.5941282510757446,0.5941282510757446,0.0,0.2308352291584015,5.1735951274167746e-05,1.5232257749220803e-05,0.4186614155769348,0.03556782007217407,1.0,48
21673,0.4761309325695038,0.6200936436653137,1.0000762939453125,1.9181703329086304,0.32092225551605225,0.0029296875,0.0074264882132411,2.5349080562591553,0.1644798070192337,5.052142143249512,705.6517333984375,0.020013848319649696,0.2039860635995865,5.90799617767334,73.66666412353516,33.95267105102539,0.7632825374603271,10.535562515258789,0.0010906539391726255,19.5,6.06039571762085,3.217611667028084,18.77083396911621,3.0972950963525845,1.4105905294418335,1.3127959966659546,0.45128172636032104,0.4633934497833252,0.02083333395421505,0.49127838015556335,9.959874296328053e-05,1.6434362942563216e-05,0.8278806805610657,0.22585077583789825,1.0,48
21689,0.4185546934604645,0.5608667135238647,1.0000360012054443,2.118577003479004,0.29003530740737915,0.00244140625,0.006539198104292154,2.6784555912017822,0.15652400255203247,4.734837055206299,695.2320556640625,0.01712392456829548,0.17807377874851227,5.632389068603516,64.0,50.40794372558594,1.0511642694473267,10.51222038269043,0.001079389126971364,11.729166984558105,5.586776256561279,2.0994517097026213,11.25,2.013683645671477,1.1439614295959473,0.869717001914978,0.6646941900253296,0.6733474731445312,0.02083333395421505,0.27808794379234314,6.642188964178786e-05,1.1889126478779013e-05,0.4835056662559509,0.1240297183394432,1.0,48
21774,0.3426287770271301,0.5255905389785767,1.0000687837600708,1.0940321683883667,0.5224292278289795,0.021484375,0.032957907766103745,1.5340408086776733,0.37104523181915283,9.943381309509277,364.89422607421875,0.10376113653182983,0.41168132424354553,7.427970886230469,76.63636016845703,43.0136833190918,0.9845577478408813,10.541598320007324,0.001047278754413128,12.520833969116211,3.6379599571228027,3.4417184582211644,12.125,3.3329118818175028,1.1216602325439453,0.7778052091598511,0.624440610408783,0.624440610408783,0.0,0.17716199159622192,7.906164682935923e-05,2.1732412545454058e-05,0.26117172837257385,0.6764225959777832,1.0,48
21787,0.47977200150489807,0.6051065325737,1.0000665187835693,3.1384193897247314,0.25772374868392944,0.00244140625,0.009664002805948257,3.9583754539489746,0.27878275513648987,10.110183715820312,1069.6728515625,0.01712392456829548,0.1368616670370102,5.7173919677734375,70.4000015258789,34.88246154785156,0.9019154906272888,10.520357131958008,0.0013344979379326105,11.4375,3.4068801403045654,3.3571770932351463,11.020833969116211,3.234875746401287,1.0881950855255127,1.0493199825286865,0.5582512617111206,0.5582512617111206,0.0,0.19892418384552002,5.105424497742206e-05,1.4985629879835354e-05,0.40961864590644836,0.0,1.0,48
21805,0.5012356042861938,0.7126614451408386,1.0000425577163696,1.9145011901855469,0.3648424744606018,0.01025390625,0.025836648419499397,2.519688367843628,0.32883208990097046,8.301230430603027,296.2098388671875,0.057165034115314484,0.35378050804138184,7.0292792320251465,89.0,38.679656982421875,1.0806381702423096,10.523256301879883,0.0014475926291197538,10.041666984558105,3.8895645141601562,2.5816944087658054,9.708333969116211,2.4959950937470197,1.158982753753662,0.8220647573471069,0.5691955089569092,0.5691955089569092,0.0,0.15938639640808105,0.0002402175887254998,6.175950732617506e-05,0.36438411474227905,0.7197425961494446,1.0,48
22012,0.44626685976982117,0.5139752626419067,1.0000298023223877,2.0021071434020996,0.26178088784217834,0.00244140625,0.0030432988423854113,1.2465351819992065,0.07564669102430344,2.682382822036743,937.9600219726562,0.01712392456829548,0.17718657851219177,5.512065410614014,69.5999984741211,37.90879440307617,1.3245214223861694,10.523075103759766,0.0016312683001160622,16.791667938232422,7.500832557678223,2.2386405491290744,16.02083396911621,2.135874094584041,2.066098213195801,0.6875397562980652,0.3256657123565674,0.3256657123565674,0.0,0.302583247423172,0.0003052364045288414,4.069366990594259e-05,0.49023866653442383,0.0739644467830658,1.0,48
22221,0.41178417205810547,0.5590165257453918,1.000062108039856,1.7474095821380615,0.3895772099494934,0.00390625,0.006709695793688297,1.717682123184204,0.14624623954296112,5.706126689910889,1162.6209716796875,0.02555946074426174,0.2303500473499298,6.102460861206055,73.75,41.956607818603516,1.1298810243606567,10.544434547424316,0.0012598277535289526,14.541666984558105,3.587486982345581,4.053441034235062,13.958333969116211,3.8908389072624714,1.1171321868896484,1.191281795501709,0.5680918097496033,0.5680918097496033,0.0,0.18623577058315277,6.06941721343901e-05,1.6918297477841686e-05,0.3669089078903198,0.18898041546344757,1.0,48
22345,0.32903915643692017,0.3793643116950989,1.000029444694519,1.1365923881530762,0.4754280149936676,0.00634765625,0.007840234786272049,1.2351385354995728,0.12005636096000671,3.426335573196411,451.0286560058594,0.03844451159238815,0.305734246969223,6.67005729675293,78.61538696289062,36.64283752441406,1.0860450267791748,10.504959106445312,0.001580521697178483,13.083333969116211,4.3056440353393555,3.038647373388487,12.541666984558105,2.912843433523919,1.2322852611541748,0.7289254665374756,0.5307559967041016,0.5333528518676758,0.02083333395421505,0.30641835927963257,0.00012266027624718845,2.8488252850340026e-05,0.44803422689437866,0.18793118000030518,1.0,48
22386,0.3561379611492157,0.5280215740203857,1.000011920928955,1.1282193660736084,0.463308185338974,0.00537109375,0.005822503007948399,1.0840442180633545,0.12180451303720474,4.195433616638184,857.7383422851562,0.03342986851930618,0.23829172551631927,6.436729907989502,72.7272720336914,40.487186431884766,1.008974552154541,10.511945724487305,0.0012906095944344997,16.20833396911621,6.286124229431152,2.5784304209970474,15.541666984558105,2.4723766811781167,1.6998634338378906,0.6146162748336792,0.35440167784690857,0.35440167784690857,0.0,0.32619622349739075,0.0002456640941090882,3.9080375244272766e-05,0.4577373266220093,0.184512659907341,1.0,48
22416,0.3807702958583832,0.48473060131073,1.0000455379486084,1.513305425643921,0.4115193784236908,0.0029296875,0.006913051474839449,2.3596549034118652,0.1567612886428833,4.23056697845459,637.2116088867188,0.020013848319649696,0.1968996375799179,6.085594177246094,89.5,68.0750961303711,1.0809134244918823,10.561394691467285,0.000805717776529491,9.75,6.809362411499023,1.431852117199193,9.0625,1.3308881858582242,1.1159069538116455,0.6845192909240723,0.7821460962295532,0.790489673614502,0.02083333395421505,0.37600934505462646,0.0001188061578432098,1.7447471655805277e-05,0.515631377696991,0.2068200558423996,1.0,48
22417,0.34946098923683167,0.47033795714378357,1.0000290870666504,1.5566633939743042,0.43001818656921387,0.0205078125,0.07558397203683853,3.6856184005737305,0.6269077658653259,9.289887428283691,102.56364440917969,0.10000890493392944,0.45902544260025024,6.841616630554199,87.19047546386719,35.36061477661133,0.9213374257087708,10.531270980834961,0.0012258552014827728,9.5625,3.801150321960449,2.515685822683084,9.1875,2.417031476695512,1.1648712158203125,0.5557979941368103,0.5494263172149658,0.5494263172149658,0.0,0.2972157597541809,8.524700388079509e-05,2.2426633107359586e-05,0.3654816448688507,1.7428966760635376,1.0,48
22487,0.4402942657470703,0.6818891763687134,1.000037670135498,2.121122360229492,0.38324636220932007,0.00390625,0.01225916389375925,3.138345956802368,0.23992708325386047,6.887834072113037,579.6416015625,0.02555946074426174,0.2366326004266739,6.237791061401367,82.0,37.23831558227539,1.2799865007400513,10.540180206298828,0.0012792155612260103,12.5625,3.680417537689209,3.41333553522684,11.9375,3.2435178469070967,1.1139271259307861,1.0194944143295288,0.5898111462593079,0.5898111462593079,0.0,0.21046848595142365,8.941494161263108e-05,2.4294781897442925e-05,0.3663956820964813,0.4113234579563141,1.0,48
22501,0.4182630181312561,0.5878866910934448,1.0000640153884888,1.3604152202606201,0.4677153527736664,0.00341796875,0.0011191804660484195,0.3274402320384979,0.023341404274106026,0.8106275200843811,797.3152465820312,0.02282176911830902,0.22398526966571808,6.276529312133789,82.0,37.784080505371094,1.0134596824645996,10.537242889404297,0.0011429054429754615,16.041667938232422,3.3408620357513428,4.801655296911469,15.375,4.602105621078478,1.085424542427063,1.2270479202270508,0.594494104385376,0.594494104385376,0.0,0.24389930069446564,6.339767423924059e-05,1.8976441819818625e-05,0.4299892485141754,0.0007869582623243332,1.0,48
22583,0.3920077383518219,0.44073542952537537,1.0000262260437012,1.4289593696594238,0.43494337797164917,0.0068359375,0.008897180669009686,1.3015304803848267,0.14337898790836334,3.7661566734313965,417.3966369628906,0.04089350998401642,0.29383328557014465,6.818907737731934,95.71428680419922,33.7923698425293,0.8492046594619751,10.525724411010742,0.0012176502496004105,11.645833969116211,3.3947696685791016,3.4305225602199427,11.0625,3.258689409712846,1.1018519401550293,0.8386632800102234,0.5279959440231323,0.5279959440231323,0.0,0.21807646751403809,7.922923396108672e-05,2.3338618363720196e-05,0.35033997893333435,0.20395882427692413,1.0,48
22613,0.28584226965904236,0.33239415287971497,1.0000146627426147,1.1783052682876587,0.5327355265617371,0.0048828125,0.004455037880688906,0.9123917818069458,0.10545925796031952,4.374189376831055,1452.45166015625,0.03085736557841301,0.2259146273136139,6.408324241638184,72.0,38.86256790161133,1.100663423538208,10.524055480957031,0.001313473330810666,9.5,3.1850790977478027,2.982657472114573,9.166666984558105,2.878002923776652,1.075706124305725,0.6845666170120239,0.6036204695701599,0.6036204695701599,0.0,0.2111685425043106,5.3311661758925766e-05,1.673793961011628e-05,0.39251410961151123,0.14217156171798706,1.0,48
22653,0.44433435797691345,0.5254747271537781,1.0000296831130981,1.519953966140747,0.3686964213848114,0.0048828125,0.0037566600367426872,0.7693639993667603,0.07933354377746582,2.6133453845977783,736.2943115234375,0.03085736557841301,0.2266312539577484,6.636539936065674,90.30000305175781,40.726951599121094,0.9923116564750671,10.517500877380371,0.001248581800609827,18.666667938232422,7.682202339172363,2.42985892453659,17.83333396911621,2.3213830043200403,2.1003098487854004,0.7455434799194336,0.32498520612716675,0.332023024559021,0.0416666679084301,0.22681193053722382,0.00042214253335259855,5.495071779749173e-05,0.43661046028137207,0.11723453551530838,1.0,48
22675,0.419954776763916,0.5670809745788574,1.0000252723693848,1.5246998071670532,0.3820642828941345,0.00341796875,0.007228270638734102,2.1147854328155518,0.16832798719406128,6.527576446533203,1154.064697265625,0.02282176911830902,0.20912910997867584,6.053671836853027,76.28571319580078,36.055809020996094,1.1211954355239868,10.553142547607422,0.0011565940221771598,17.64583396911621,5.587426662445068,3.1581325364211645,16.541667938232422,2.9605163356879918,1.571459174156189,0.8471361398696899,0.4312858581542969,0.4312858581542969,0.0,0.18032899498939514,0.0002832167665474117,5.0688229689728615e-05,0.3792330026626587,0.2368450164794922,1.0,48
22678,0.3599155843257904,0.500085711479187,1.000059962272644,1.9496079683303833,0.43175411224365234,0.00341796875,0.007761468179523945,2.2707839012145996,0.17165479063987732,6.431848049163818,1017.485107421875,0.02282176911830902,0.21729493141174316,6.307135581970215,89.28571319580078,37.26132583618164,1.103902816772461,10.515881538391113,0.0012875994434580207,6.645833492279053,3.5292165279388428,1.8830903178755922,6.4791669845581055,1.8358655284841527,1.083083152770996,0.6340712308883667,0.5837371349334717,0.5837371349334717,0.0,0.1790211796760559,5.942443021922372e-05,1.6837853268683023e-05,0.41129693388938904,0.31272706389427185,1.0,48
22692,0.4713341295719147,0.5724384188652039,1.0000320672988892,1.931549310684204,0.3413914740085602,0.00244140625,0.005707712844014168,2.337879180908203,0.18923453986644745,8.295775413513184,1802.9373779296875,0.01712392456829548,0.12216893583536148,5.966049671173096,85.0,36.75208282470703,1.2345857620239258,10.52946949005127,0.001823077560402453,12.791666984558105,4.181884765625,3.0588281769782473,12.083333969116211,2.8894468923549685,1.1714768409729004,0.8660234212875366,0.5520200133323669,0.5520200133323669,0.0,0.14335997402668,0.00012250026338733733,2.9293074764124547e-05,0.33460208773612976,0.23600296676158905,1.0,48
22760,0.310385525226593,0.3424607515335083,1.0000497102737427,1.941573143005371,0.46460235118865967,0.00732421875,0.017621006816625595,2.4058547019958496,0.3476405143737793,11.909971237182617,793.1644287109375,0.0433073565363884,0.2614944875240326,7.0157318115234375,87.93333435058594,35.09971618652344,2.9208052158355713,10.479223251342773,0.0027484092861413956,4.4791669845581055,4.276690483093262,1.0473442003324387,4.4375,1.037601389945436,1.286374807357788,0.5743904709815979,0.7042824625968933,0.7042824625968933,0.0,0.21193847060203552,0.00027144839987158775,6.347160270540258e-05,0.403502494096756,0.6158316731452942,1.0,48
22810,0.31107765436172485,0.42287784814834595,1.0000689029693604,1.4789857864379883,0.45828258991241455,0.00244140625,0.003814317751675844,1.5623445510864258,0.125907301902771,5.501102924346924,1779.19482421875,0.01712392456829548,0.1196507066488266,5.877978324890137,78.4000015258789,36.54777526855469,0.751737654209137,10.528911590576172,0.001048114849254489,5.708333492279053,3.628084659576416,1.5733738355520541,5.375,1.4814979498886776,1.0838038921356201,0.4172578752040863,0.5591259002685547,0.5591259002685547,0.0,0.18026383221149445,5.406657146522775e-05,1.4902235308510621e-05,0.5095170140266418,0.1421276479959488,1.0,48
22910,0.45408377051353455,0.5630693435668945,1.0000535249710083,1.8635280132293701,0.33322250843048096,0.00244140625,0.002635195152834058,1.079375982284546,0.09002277255058289,3.8949809074401855,1719.4583740234375,0.01712392456829548,0.10444570332765579,5.660318374633789,63.80000305175781,43.61341857910156,1.1954678297042847,10.513819694519043,0.0013825403293594718,17.375,3.9477248191833496,4.401269275800638,16.75,4.242950237102773,1.1226656436920166,1.3904848098754883,0.5617294311523438,0.5617294311523438,0.0,0.20182262361049652,7.424100476782769e-05,1.8806023210889712e-05,0.4119638204574585,0.10851454734802246,1.0,48
22978,0.48073863983154297,0.5764292478561401,1.0000334978103638,1.8466553688049316,0.30555111169815063,0.005859375,0.009641916491091251,1.645553708076477,0.16573947668075562,4.543436050415039,503.262939453125,0.03595767915248871,0.27894875407218933,6.500998497009277,74.66666412353516,35.44527053833008,1.0870084762573242,10.508771896362305,0.001431022770702839,17.25,3.810309410095215,4.52719139002862,16.6875,4.379565583832035,1.1289361715316772,1.2977561950683594,0.5119813680648804,0.5129546523094177,0.02083333395421505,0.17217741906642914,0.00011628912761807442,3.051960216269483e-05,0.391594260931015,0.12993687391281128,1.0,48
23011,0.33989217877388,0.4627285897731781,1.000031590461731,1.843017578125,0.45834457874298096,0.00439453125,0.009904177859425545,2.253750801086426,0.19330941140651703,5.6234002113342285,588.5557250976562,0.02823571488261223,0.24141892790794373,6.14382266998291,72.55555725097656,36.27973937988281,0.8281603455543518,10.541217803955078,0.0010943816741928458,14.791666984558105,3.288938045501709,4.497399079868568,14.125,4.294699310730956,1.0831623077392578,1.0549360513687134,0.5804970264434814,0.5804970264434814,0.0,0.17679978907108307,8.100917330011725e-05,2.4630799344063586e-05,0.3466545343399048,0.35687556862831116,1.0,48
23116,0.4354691207408905,0.5175261497497559,1.0000590085983276,1.3987267017364502,0.37785252928733826,0.00439453125,0.0040895952843129635,0.9306101202964783,0.07973881810903549,2.169227361679077,585.5825805664062,0.02823571488261223,0.24393807351589203,6.458289623260498,91.77777862548828,35.30836868286133,0.9516218900680542,10.48733901977539,0.0015197701286524534,14.0,4.3097991943359375,3.24841119881295,13.416666984558105,3.1130608059558944,1.2332167625427246,0.7890741229057312,0.41938209533691406,0.4195919632911682,0.02083333395421505,0.23824237287044525,0.00012447970220819116,2.8882947048427804e-05,0.38209858536720276,0.040901266038417816,1.0,48
23203,0.48159247636795044,0.5607263445854187,1.0000214576721191,1.1214672327041626,0.5048192739486694,0.0966796875,0.09709611535072327,1.0043072700500488,0.4016425311565399,4.314575672149658,31.993812561035156,0.31772562861442566,0.6473692059516907,8.183906555175781,66.97474670410156,28.80449104309082,0.9216158390045166,10.53873062133789,0.0012124197091907263,19.9375,6.780612945556641,2.9403683900968614,18.95833396911621,2.79596167682452,2.1075568199157715,0.7943977117538452,0.40169596672058105,0.40169596672058105,0.0,0.129319965839386,0.00042121633305214345,6.212068670089201e-05,0.4069414436817169,0.9736011028289795,1.0,48
23209,0.42453622817993164,0.5129342079162598,1.0000430345535278,1.0612967014312744,0.5080130696296692,0.00927734375,0.005626939237117767,0.6065248250961304,0.09036105126142502,3.0937716960906982,763.6444091796875,0.05265381559729576,0.3204984664916992,7.103392124176025,81.63157653808594,41.52939987182617,1.0500811338424683,10.515207290649414,0.0013471369165927172,10.875,3.969372510910034,2.7397277385058216,10.270833969116211,2.5875208020943017,1.1517612934112549,0.6517157554626465,0.5635640621185303,0.5635640621185303,0.0,0.159139022231102,9.678693459136412e-05,2.438343442987668e-05,0.33206480741500854,0.06986793130636215,1.0,48
23361,0.5425682067871094,0.6695239543914795,1.0000324249267578,1.8782029151916504,0.31395095586776733,0.00390625,0.009868979454040527,2.526458740234375,0.19802230596542358,5.4124016761779785,534.4953002929688,0.02555946074426174,0.2313552051782608,6.220340251922607,87.375,44.21983337402344,1.1282254457473755,10.511987686157227,0.0013347106287255883,16.95833396911621,4.253695487976074,3.98672965123739,16.39583396911621,3.8544916947904277,1.2034199237823486,1.3792012929916382,0.530594527721405,0.530594527721405,0.0,0.20641516149044037,0.00011781591456383467,2.769730805129139e-05,0.37880876660346985,0.10071644186973572,1.0,48
23486,0.5079678297042847,0.6573779582977295,1.0000368356704712,2.598109722137451,0.25105202198028564,0.0029296875,0.0061977277509868145,2.1154911518096924,0.12367837876081467,3.607206106185913,538.6908569335938,0.020013848319649696,0.223880797624588,5.92650032043457,81.16666412353516,35.97513198852539,0.9572412371635437,10.529386520385742,0.0013519104104489088,17.33333396911621,3.7551841735839844,4.61584122688041,16.854167938232422,4.48824002079883,1.140549898147583,1.4426072835922241,0.5008459091186523,0.5008459091186523,0.0,0.1968545764684677,6.634100282099098e-05,1.7666511035864687e-05,0.45753660798072815,0.047454867511987686,1.0,48
23525,0.23689761757850647,0.25907641649246216,1.0000410079956055,2.559561252593994,0.4440140724182129,0.0029296875,0.007568868808448315,2.5835072994232178,0.20266452431678772,8.235981941223145,1363.5233154296875,0.020013848319649696,0.17221829295158386,6.164648532867432,88.33333587646484,34.835411071777344,0.8637353181838989,10.5181884765625,0.0012093724217265844,4.4375,3.165018081665039,1.402045698154458,4.375,1.3822985756452404,1.0890063047409058,0.4155570864677429,0.6659194231033325,0.6659194231033325,0.0,0.26720017194747925,3.326131263747811e-05,1.0509043447514748e-05,0.43530791997909546,0.0,1.0,48
23556,0.3856693208217621,0.6382569074630737,1.0000557899475098,2.022596836090088,0.4465504288673401,0.00439453125,0.0076117669232189655,1.7320998907089233,0.153102844953537,4.971040725708008,669.5748291015625,0.02823571488261223,0.23284724354743958,6.071680545806885,60.66666793823242,33.84390640258789,0.8312177658081055,10.524673461914062,0.0011416224297136068,6.770833492279053,3.3876864910125732,1.9986599970969166,6.333333492279053,1.8695158157007832,1.0909066200256348,0.5503734350204468,0.5574344396591187,0.5574344396591187,0.0,0.2023947834968567,7.322343299165368e-05,2.16145835719354e-05,0.3671295940876007,0.2305469959974289,1.0,48
23626,0.3069453239440918,0.45370569825172424,1.000063419342041,1.119107961654663,0.5225380659103394,0.0048828125,0.002187174279242754,0.44793328642845154,0.04055604338645935,1.1748477220535278,527.012939453125,0.03085736557841301,0.2525428533554077,6.37004280090332,72.0999984741211,42.488407135009766,1.1516764163970947,10.534610748291016,0.0013062399812042713,10.1875,4.057797431945801,2.5105984578458593,9.875,2.433586235212551,1.1386536359786987,0.6835624575614929,0.5393850207328796,0.5393850207328796,0.0,0.23221062123775482,8.759049524087459e-05,2.158572390416636e-05,0.5154918432235718,0.055825408548116684,1.0,48
23627,0.39821362495422363,0.6222171187400818,1.0000611543655396,1.738990306854248,0.39827215671539307,0.0068359375,0.01838400587439537,2.6893179416656494,0.2924172580242157,8.347785949707031,468.0703125,0.04089350998401642,0.2996337413787842,6.725496768951416,78.28571319580078,29.733091354370117,1.09030282497406,10.522652626037598,0.00153152400162071,5.9791669845581055,3.2315993309020996,1.85021914965765,5.625,1.740624194591457,1.054599404335022,0.610884428024292,0.5324642062187195,0.5324642062187195,0.0,0.3164810836315155,7.7525430242531e-05,2.3989802591335412e-05,0.5684783458709717,0.5594444870948792,1.0,48
23742,0.32856252789497375,0.45691347122192383,1.0000343322753906,2.0440924167633057,0.3528457283973694,0.01025390625,0.04501333832740784,4.389871597290039,0.48730796575546265,7.418078899383545,136.7471160888672,0.057165034115314484,0.38104215264320374,6.549530029296875,73.85713958740234,36.21226501464844,0.7807960510253906,10.513229370117188,0.0011965929297730327,9.770833969116211,3.859193801879883,2.5318329281722862,9.229166984558105,2.391475379170556,1.1417920589447021,0.7335973978042603,0.5465061664581299,0.5465061664581299,0.0,0.2164265662431717,5.823629908263683e-05,1.5090275824802093e-05,0.49221810698509216,0.6903581619262695,1.0,48
23806,0.6202974319458008,0.7088640332221985,1.0000375509262085,1.8746687173843384,0.2842181622982025,0.0029296875,0.0038336622528731823,1.3085566759109497,0.08080151677131653,2.18809175491333,565.541259765625,0.020013848319649696,0.21248692274093628,5.371131896972656,57.16666793823242,50.8072395324707,1.3423670530319214,10.558748245239258,0.0011236330028623343,20.854167938232422,4.056766033172607,5.140589256639347,20.1875,4.976254431525535,1.1864997148513794,1.7784204483032227,0.49946507811546326,0.49946507811546326,0.0,0.18190081417560577,0.00010257274698233232,2.5284363429081297e-05,0.3600240647792816,0.09482645243406296,1.0,48
23974,0.39485493302345276,0.5948848128318787,1.0000312328338623,1.8290281295776367,0.34866273403167725,0.00537109375,0.011097046546638012,2.066068410873413,0.3447803556919098,15.329251289367676,1901.9197998046875,0.03342986851930618,0.16694359481334686,6.454610347747803,71.54545593261719,35.299217224121094,0.8353610634803772,10.530902862548828,0.0011971183121204376,9.520833969116211,3.315530300140381,2.871587070097723,9.041666984558105,2.7270650963149476,1.1006710529327393,0.8005243539810181,0.5075890421867371,0.5075890421867371,0.0,0.16446071863174438,6.906159251229838e-05,2.0829727389635683e-05,0.3878639340400696,0.11793798208236694,1.0,48
24034,0.6236788630485535,0.7415608763694763,1.00005042552948,2.3638577461242676,0.25657516717910767,0.00341796875,0.012237326242029667,3.580291986465454,0.29654461145401,9.718938827514648,872.060791015625,0.02282176911830902,0.1875716745853424,6.066493034362793,75.85713958740234,48.102169036865234,1.104424238204956,10.53593635559082,0.0011985045857727528,17.14583396911621,3.507922887802124,4.887745389118692,16.45833396911621,4.691760465838095,1.0998799800872803,1.4868435859680176,0.5208894610404968,0.5208894610404968,0.0,0.16702115535736084,7.303667371161282e-05,2.0820490027695214e-05,0.3672547936439514,0.00471531180664897,1.0,48
24165,0.36162683367729187,0.6209781169891357,1.0000357627868652,2.6876230239868164,0.3714962601661682,0.00244140625,0.003855637274682522,1.5792690515518188,0.11924876272678375,5.031217575073242,1564.0372314453125,0.01712392456829548,0.12906131148338318,5.772223949432373,72.19999694824219,36.75129699707031,1.2434520721435547,10.50144100189209,0.00164090096950531,3.7291667461395264,3.4915342330932617,1.0680596226476469,3.6041667461395264,1.0322587422045386,1.0994493961334229,0.39213240146636963,0.6358546018600464,0.6358546018600464,0.0,0.2693723142147064,3.56020282197278e-05,1.0196671646613103e-05,0.515461802482605,0.018149476498365402,1.0,48
24217,0.3818114697933197,0.6160938739776611,1.0000429153442383,1.4903301000595093,0.48412227630615234,0.01220703125,0.02134932205080986,1.7489362955093384,0.2830440402030945,8.224373817443848,464.62109375,0.06591325998306274,0.36177951097488403,7.0559983253479,71.12000274658203,33.57290267944336,0.7956243753433228,10.54011344909668,0.0011432761093601584,10.541666984558105,3.4351909160614014,3.068728117724913,10.291666984558105,2.9959519590248678,1.1642240285873413,0.6677982807159424,0.5258550047874451,0.5258550047874451,0.0,0.20728260278701782,0.00018323113908991218,5.333943382879006e-05,0.3718423843383789,0.5357908010482788,1.0,48
24284,0.3770520091056824,0.4996856153011322,1.0000348091125488,2.093033790588379,0.3594247102737427,0.0029296875,0.005014229100197554,1.7115236520767212,0.10383839905261993,3.410250425338745,692.7943115234375,0.020013848319649696,0.21924832463264465,6.163762092590332,93.0,34.16289520263672,0.7173103094100952,10.53282356262207,0.0011023927945643663,13.75,3.450988292694092,3.984365866805678,13.229166984558105,3.833443009421521,1.103005290031433,1.0800702571868896,0.5573793649673462,0.5573793649673462,0.0,0.18726685643196106,6.558441964443773e-05,1.9004532583676907e-05,0.3691394031047821,0.09771936386823654,1.0,48
24358,0.49602171778678894,0.6090115904808044,1.000040054321289,2.0563712120056152,0.2840530276298523,0.00244140625,0.0033210336696356535,1.3602954149246216,0.08518458902835846,2.5776944160461426,830.6808471679688,0.01712392456829548,0.1649831086397171,5.8800201416015625,80.80000305175781,41.6131706237793,1.2897908687591553,10.515860557556152,0.001548179192468524,12.75,3.666193723678589,3.477721289760346,12.333333969116211,3.3640704406368562,1.1182911396026611,1.0732479095458984,0.552375078201294,0.552375078201294,0.0,0.1585116982460022,0.00014283883501775563,3.896107118006387e-05,0.3833376467227936,0.11235591769218445,1.0,48
24428,0.23121440410614014,0.2815430164337158,1.0000413656234741,2.289125442504883,0.44751834869384766,0.00244140625,0.007384113501757383,3.0245330333709717,0.20172977447509766,8.187426567077637,1364.9786376953125,0.01712392456829548,0.16426299512386322,6.150435447692871,104.4000015258789,35.87224578857422,1.0449069738388062,10.51455020904541,0.001388239674270153,2.7916667461395264,3.146970748901367,0.887096500100344,2.7708334922790527,0.8804764024074927,1.084773063659668,0.39060303568840027,0.660118579864502,0.660118579864502,0.0,0.2618427574634552,3.8461243093479425e-05,1.222167158200941e-05,0.5247982740402222,0.07118414342403412,1.0,48
24505,0.3158113658428192,0.432186484336853,1.0000499486923218,1.2174535989761353,0.43939563632011414,0.01123046875,0.012272446416318417,1.0927811861038208,0.1535647213459015,3.636634588241577,287.2724609375,0.06158214434981346,0.3606584668159485,6.937751770019531,71.43478393554688,44.443668365478516,1.0862993001937866,10.510340690612793,0.0012538135051727295,9.75,3.8074655532836914,2.5607585513107725,9.395833969116211,2.467739711088264,1.1630706787109375,0.7533383369445801,0.6289289593696594,0.6289289593696594,0.0,0.14620813727378845,9.846757166087627e-05,2.5861710375117456e-05,0.27142488956451416,0.21333597600460052,1.0,48
24517,0.38849732279777527,0.482830286026001,1.0000535249710083,2.4869444370269775,0.33156055212020874,0.00341796875,0.012857872061431408,3.7618460655212402,0.2875371277332306,7.767828941345215,646.6512451171875,0.02282176911830902,0.20531010627746582,5.783095359802246,68.71428680419922,36.232730865478516,0.8498889803886414,10.528446197509766,0.0011605251347646117,13.791666984558105,3.7837085723876953,3.645013003579394,13.208333969116211,3.4908433568584027,1.1468863487243652,0.9961506128311157,0.5555722713470459,0.5555722713470459,0.0,0.2062593698501587,7.835261203581467e-05,2.070788760015195e-05,0.34702351689338684,0.15243268013000488,1.0,48
