feature,crowding,crowd_max,dec_norm,enc_norm,enc_dec_cos,frequency,act_mag,act_mean_firing,act_std,act_max,act_kurtosis,bin_entropy,act_entropy,coact_entropy,coact_count,logit_l2,logit_linf,logit_entropy,logit_top10_mass,collateral_raw,effect_l2,collateral_ctilde,collateral_raw_nodense,collateral_ctilde_nodense,resid_delta_norm,resid_reconstruction_norm_ratio,stab_signed,stab_abs,stab_anti_frac,effect_pc1_ratio,kl_mean,kl_per_effect,effect_cv,ctx_mean_act,intervention_value,n_ctx
126,0.3971406817436218,0.4564843773841858,0.9999999403953552,1.4469830989837646,0.5252593159675598,0.009765625,0.005864354781806469,0.6005099415779114,0.09392973780632019,3.054150104522705,642.8326416015625,0.05492175742983818,0.3156740665435791,6.554227352142334,73.30000305175781,169.51275634765625,8.603974342346191,10.203840255737305,0.0050710709765553474,43.75,67.63190460205078,0.6468840446082091,34.35416793823242,0.507958013829336,3.581115245819092,0.8900458216667175,0.739273726940155,0.739273726940155,0.0,0.4001884162425995,0.047665178775787354,0.0007047735687646786,0.4585628807544708,0.2462475746870041,2.0,48
223,0.5500428080558777,0.7056220769882202,1.0,0.7507638335227966,0.6549824476242065,0.00927734375,0.0028523108921945095,0.3074491024017334,0.03808970749378204,0.913124144077301,342.4960632324219,0.05265381559729576,0.3451736867427826,6.69476842880249,71.2631607055664,77.00659942626953,2.29451322555542,10.528626441955566,0.0012210661079734564,41.04166793823242,78.48197174072266,0.5229438942817402,35.10416793823242,0.44728957689457116,2.6431632041931152,0.6675008535385132,0.8929991722106934,0.8929991722106934,0.0,0.35167649388313293,0.023769289255142212,0.00030286304898963435,0.29383721947669983,0.11900054663419724,2.0,48
284,0.3058057725429535,0.42315077781677246,1.0,0.7764350771903992,0.7006055116653442,0.02490234375,0.003333969507366419,0.13388176262378693,0.02642257697880268,0.3880637288093567,106.62073516845703,0.11654888093471527,0.476826012134552,7.183524131774902,79.66666412353516,97.29232025146484,3.1106767654418945,10.463662147521973,0.001798134413547814,45.29166793823242,79.98914337158203,0.5662226900239702,36.5625,0.4570932810916779,3.320463180541992,0.8268198370933533,0.8598766326904297,0.8598766326904297,0.0,0.38740792870521545,0.03375542536377907,0.00042200008572102616,0.30053234100341797,0.08745425194501877,2.0,48
486,0.39887735247612,0.5394905805587769,1.0,1.1521222591400146,0.664055585861206,0.02001953125,0.003707065712660551,0.1851724535226822,0.03404298797249794,0.7285072207450867,176.24208068847656,0.09811511635780334,0.4424766004085541,7.103082656860352,69.65853881835938,81.36784362792969,1.901536226272583,10.50585651397705,0.0012961442116647959,46.5,62.410667419433594,0.7450649370570592,35.0,0.5608015655268188,3.2865939140319824,0.8079766631126404,0.8217743635177612,0.8217743635177612,0.0,0.4904658794403076,0.01803377829492092,0.00028895346000443477,0.463241845369339,0.11446162313222885,2.0,48
506,0.5356070399284363,0.667957067489624,1.0,1.887632966041565,0.4374640882015228,0.00537109375,0.001227706205099821,0.22857657074928284,0.02719808928668499,1.0275568962097168,1081.100830078125,0.03342986851930618,0.23172138631343842,6.064304828643799,64.54545593261719,99.90543365478516,4.452057361602783,10.374926567077637,0.0031037195585668087,39.125,61.697357177734375,0.6341438561290299,31.6875,0.513595742903224,2.512423038482666,0.7800579071044922,0.7718362808227539,0.7718362808227539,0.0,0.34527388215065,0.029441414400935173,0.00047719085132528523,0.2823054790496826,0.052382126450538635,2.0,48
507,0.38641127943992615,0.5125128030776978,0.9999999403953552,1.1743422746658325,0.5903093814849854,0.013671875,0.005005348939448595,0.3661055266857147,0.06584049761295319,1.9712475538253784,492.6988525390625,0.07226333767175674,0.36838147044181824,6.630892753601074,56.75,82.10780334472656,1.7331788539886475,10.52508544921875,0.0011053907219320536,33.4375,89.60470581054688,0.3731667850901263,26.5,0.295743396034044,3.325218677520752,0.7505661249160767,0.7871185541152954,0.7871185541152954,0.0,0.4173923134803772,0.031219813972711563,0.00034841712482418176,0.36858081817626953,0.19378481805324554,2.0,48
516,0.4385647475719452,0.5362486243247986,1.0,0.5958173274993896,0.7502241134643555,0.0302734375,0.003907819278538227,0.12908409535884857,0.028762327507138252,0.4344422221183777,103.82534790039062,0.13569138944149017,0.49854764342308044,7.308859825134277,70.48387145996094,76.70452880859375,2.3837056159973145,10.4574613571167,0.001972125843167305,33.4375,46.26036834716797,0.7228109327153447,25.791667938232422,0.557532697083162,2.6954801082611084,0.8410955667495728,0.79879230260849,0.79879230260849,0.0,0.49911630153656006,0.016292624175548553,0.000352194000051105,0.4388850927352905,0.09231986850500107,2.0,48
668,0.4167118966579437,0.49322062730789185,0.9999999403953552,0.6549992561340332,0.7109930515289307,0.05126953125,0.006767600774765015,0.13200044631958008,0.039861228317022324,0.543915331363678,73.8601303100586,0.20223647356033325,0.5603039860725403,7.397939682006836,79.30476379394531,69.789794921875,1.659989356994629,10.529838562011719,0.0011265040375292301,36.22916793823242,39.23344421386719,0.9234256297129491,27.52083396911621,0.7014636240469106,2.1495771408081055,0.7734212875366211,0.775858998298645,0.775858998298645,0.0,0.15852490067481995,0.01882804185152054,0.00047989775621245937,0.1826339066028595,0.11862514168024063,2.0,48
835,0.3513922691345215,0.4526571035385132,0.9999999403953552,1.6628966331481934,0.5084258913993835,0.0029296875,0.0004365040804259479,0.1489933878183365,0.009438314475119114,0.26083528995513916,551.720947265625,0.020013848319649696,0.2030934989452362,5.655332565307617,58.5,97.76055145263672,3.0646886825561523,10.505596160888672,0.0015609179390594363,45.895835876464844,68.73753356933594,0.6676968678763036,36.1875,0.5264590990631469,3.2496285438537598,0.718917727470398,0.7723717093467712,0.7723717093467712,0.0,0.32097986340522766,0.026512593030929565,0.00038570765708852633,0.36611419916152954,0.01862417347729206,2.0,48
849,0.41135159134864807,0.5396222472190857,1.0,1.0726418495178223,0.6123852729797363,0.00390625,0.0006402861326932907,0.16391324996948242,0.012274607084691525,0.30583155155181885,463.8414306640625,0.02555946074426174,0.23645325005054474,6.067176818847656,76.875,102.89286041259766,3.0132973194122314,10.51217269897461,0.0014800253557041287,44.1875,83.776611328125,0.5274443462705586,35.79166793823242,0.42722744888518044,3.295086622238159,0.5646669864654541,0.825581967830658,0.825581967830658,0.0,0.20168863236904144,0.0361223928630352,0.0004311751488400994,0.230684295296669,0.02731887437403202,2.0,48
863,0.3340027928352356,0.43343180418014526,1.0,1.264206051826477,0.6213938593864441,0.00537109375,0.003826851723715663,0.7124902009963989,0.07166306674480438,2.4055659770965576,718.06591796875,0.03342986851930618,0.2606050372123718,6.382568836212158,92.63636016845703,97.31310272216797,2.9010214805603027,10.506383895874023,0.0014989003539085388,39.395835876464844,77.61803436279297,0.5075603394856654,31.791667938232422,0.40959125279493275,3.347904920578003,0.7341217994689941,0.8247103095054626,0.8247103095054626,0.0,0.26095661520957947,0.03952822461724281,0.0005092659835650055,0.264716774225235,0.16327901184558868,2.0,48
1021,0.6046813726425171,0.7703503966331482,1.0,0.9849209189414978,0.5274862051010132,0.0107421875,0.005388378165662289,0.5016090273857117,0.07015683501958847,1.5916669368743896,294.8258056640625,0.05938481166958809,0.3526773154735565,6.500941276550293,60.90909194946289,75.98921203613281,1.7945066690444946,10.529386520385742,0.0011921771802008152,36.958335876464844,80.95330047607422,0.4565389632609545,29.83333396911621,0.3685252335604058,3.141991138458252,0.8277567625045776,0.8234508037567139,0.8234508037567139,0.0,0.4649944305419922,0.018285192549228668,0.00022587334227804748,0.4187799394130707,0.22004751861095428,2.0,48
1262,0.3299877643585205,0.40840625762939453,1.0,0.6456860303878784,0.747459888458252,0.0263671875,0.005533037707209587,0.20984557271003723,0.04951024800539017,1.1403694152832031,247.01638793945312,0.12187793850898743,0.4630333185195923,7.137818813323975,69.88888549804688,101.36421203613281,3.8449347019195557,10.502321243286133,0.0016863546334207058,44.22916793823242,83.82820129394531,0.5276168073541954,36.708335876464844,0.43789960067695255,3.2115612030029297,0.7163054943084717,0.8002793192863464,0.8002793192863464,0.0,0.21105358004570007,0.03524157404899597,0.0004204023646077845,0.2559237480163574,0.1549244076013565,2.0,48
1310,0.2831075191497803,0.34963592886924744,1.0,1.4561902284622192,0.6589696407318115,0.00537109375,0.0012521948665380478,0.23313592374324799,0.020904602482914925,0.4966697096824646,367.53668212890625,0.03342986851930618,0.2750915288925171,6.276314735412598,62.54545593261719,81.2821273803711,2.151437520980835,10.52794075012207,0.0013283552834764123,37.35416793823242,65.6910400390625,0.5686341380854042,28.916667938232422,0.44019196402790256,3.3522250652313232,0.775728166103363,0.8192472457885742,0.8192472457885742,0.0,0.3913203775882721,0.029660454019904137,0.0004515144530784063,0.41092434525489807,0.05342698097229004,2.0,48
1396,0.3447171151638031,0.4091061055660248,1.0,0.8003730773925781,0.7491769194602966,0.009765625,0.0017929354216903448,0.18359658122062683,0.023660199716687202,0.6408416032791138,366.76995849609375,0.05492175742983818,0.35106930136680603,6.839373588562012,72.94999694824219,88.547607421875,3.55527663230896,10.459451675415039,0.0024315654300153255,32.645835876464844,64.1201400756836,0.5091354422002243,25.5625,0.3986656917131013,3.1384153366088867,0.7740579843521118,0.8138939738273621,0.8138939738273621,0.0,0.5873163938522339,0.027032693848013878,0.0004215944290185604,0.6186136603355408,0.07431238889694214,2.0,48
1454,0.4149390161037445,0.5465508103370667,1.0,1.2120558023452759,0.536927342414856,0.00634765625,0.001789758913218975,0.28195586800575256,0.03339029848575592,1.188244104385376,844.7275390625,0.03844451159238815,0.2718278765678406,6.428088188171387,83.76923370361328,119.81504821777344,5.293776512145996,10.398449897766113,0.0030627422966063023,47.770835876464844,58.05567932128906,0.8228451794330962,36.9375,0.6362426626552721,3.626850128173828,0.8966612219810486,0.7884577512741089,0.7884577512741089,0.0,0.6580752730369568,0.035510677844285965,0.0006116658740938634,0.6946197152137756,0.07636303454637527,2.0,48
1555,0.36295706033706665,0.5784325003623962,1.0,1.5154674053192139,0.5873456001281738,0.0029296875,0.0009451768128201365,0.32262036204338074,0.023612746968865395,0.9463467597961426,1281.0050048828125,0.020013848319649696,0.18654046952724457,5.5963358879089355,65.16666412353516,86.61016082763672,3.188551187515259,10.503227233886719,0.0018294298788532615,37.833335876464844,69.12745666503906,0.5472982472697556,29.666667938232422,0.4291589675820467,3.428435802459717,0.704570472240448,0.8140103220939636,0.8140103220939636,0.0,0.31540170311927795,0.028368307277560234,0.0004103768407236025,0.33192574977874756,0.04032754525542259,2.0,48
1591,0.4742295742034912,0.6523661017417908,1.0000001192092896,1.49453866481781,0.4774061143398285,0.0107421875,0.012454911135137081,1.159438967704773,0.15841786563396454,3.091550588607788,233.9973907470703,0.05938481166958809,0.35262858867645264,6.2901082038879395,61.818180084228516,101.30614471435547,2.5292317867279053,10.499771118164062,0.0013625468127429485,43.458335876464844,80.77838897705078,0.5379945852031223,33.97916793823242,0.4206467641200355,3.561225414276123,0.8429014086723328,0.8058478236198425,0.8058478236198425,0.0,0.31196674704551697,0.03851981461048126,0.0004768579207076809,0.36376872658729553,0.516624391078949,2.0,48
1624,0.3701462745666504,0.4993637204170227,1.0,0.8264673948287964,0.6314593553543091,0.046875,0.015133862383663654,0.32285574078559875,0.09539303183555603,1.6864123344421387,107.74298095703125,0.189208984375,0.5470271110534668,7.36715030670166,71.875,120.21382141113281,3.358713150024414,10.507232666015625,0.001383087015710771,54.625,86.0843505859375,0.6345520367156939,43.75,0.5082224550354528,4.215776443481445,0.8429350852966309,0.8089877963066101,0.8089877963066101,0.0,0.25147926807403564,0.039585091173648834,0.00045984073643597816,0.1510949581861496,0.2860707938671112,2.0,48
1671,0.2671179473400116,0.40582913160324097,0.9999999403953552,1.1646008491516113,0.7703777551651001,0.00244140625,0.0015076777199283242,0.6175447702407837,0.04052663967013359,1.386940836906433,960.1329345703125,0.01712392456829548,0.15323947370052338,5.8321709632873535,78.19999694824219,86.46420288085938,3.5255448818206787,10.519404411315918,0.002084990032017231,46.0,67.99883270263672,0.6764822007224175,38.79166793823242,0.570475497751059,2.7693676948547363,0.6146405935287476,0.8958057165145874,0.8958057165145874,0.0,0.5062254071235657,0.02698090672492981,0.000396784851277539,0.3843192160129547,0.06432759016752243,2.0,48
1859,0.3780933916568756,0.47391173243522644,1.0,0.6502215266227722,0.756757378578186,0.06689453125,0.010488662868738174,0.15679402649402618,0.052882686257362366,0.7796804904937744,57.975379943847656,0.24553094804286957,0.5980756282806396,7.427116394042969,74.09488677978516,94.63825225830078,3.3610901832580566,10.437079429626465,0.002210977952927351,42.5,49.051612854003906,0.8664343029419171,33.020835876464844,0.6731855274161004,2.177401542663574,0.7925333380699158,0.8413079977035522,0.8413079977035522,0.0,0.15236420929431915,0.016444195061922073,0.00033524269849217336,0.1655600517988205,0.1464272141456604,2.0,48
1984,0.3068901300430298,0.40655517578125,1.0,1.598311424255371,0.5944228172302246,0.00244140625,0.0004694269155152142,0.19227726757526398,0.010916631668806076,0.3142159581184387,672.0733032226562,0.01712392456829548,0.1870456039905548,5.622119426727295,71.80000305175781,95.93254089355469,3.1505966186523438,10.523738861083984,0.0013694034423679113,40.770835876464844,67.24422454833984,0.6063098525449249,32.083335876464844,0.4771166012722764,3.3309497833251953,0.7546706199645996,0.8179095983505249,0.8179095983505249,0.0,0.280530720949173,0.026009246706962585,0.000386787815277689,0.3299752175807953,0.02002888172864914,2.0,48
2122,0.465334951877594,0.5241722464561462,0.9999999403953552,1.6721100807189941,0.5210375189781189,0.00244140625,0.00047237303806468844,0.19348399341106415,0.011695182882249355,0.4130402207374573,944.3907470703125,0.01712392456829548,0.1790141463279724,5.782157897949219,73.0,83.19657897949219,3.0977914333343506,10.441242218017578,0.0023544623982161283,32.895835876464844,56.7546501159668,0.5796148122392195,24.9375,0.4393913088117235,2.7852609157562256,0.6085063219070435,0.7679901123046875,0.7679901123046875,0.0,0.5753408670425415,0.01817610114812851,0.00032025747859931654,0.6178094148635864,0.02015458233654499,2.0,48
2142,0.38557353615760803,0.7057226896286011,1.0,1.6686899662017822,0.4854462146759033,0.00732421875,0.0029222096782177687,0.3989790380001068,0.04407111182808876,1.157914638519287,398.5434265136719,0.0433073565363884,0.31248730421066284,5.91514778137207,66.0,81.43054962158203,2.5115907192230225,10.523028373718262,0.0013883351348340511,39.458335876464844,67.52461242675781,0.5843548663595919,30.4375,0.4507615653256381,3.6128509044647217,0.7062311172485352,0.7922202944755554,0.7922202944755554,0.0,0.27280673384666443,0.0418376624584198,0.0006195913008401805,0.29233184456825256,0.12468093633651733,2.0,48
2261,0.4472469389438629,0.5341590642929077,1.0,0.9135991930961609,0.5897877216339111,0.017578125,0.006390755996108055,0.36356300115585327,0.07023229449987411,1.8952548503875732,338.86785888671875,0.08845767378807068,0.40751001238822937,6.80284309387207,68.66666412353516,119.11939239501953,4.9937896728515625,10.366809844970703,0.0031389263458549976,41.0,64.36811065673828,0.6369613707053613,32.35416793823242,0.5026428087309263,2.749903678894043,0.7991241812705994,0.7703752517700195,0.7703752517700195,0.0,0.32895657420158386,0.02781766653060913,0.00043216534154052306,0.34754347801208496,0.22319446504116058,2.0,48
2300,0.4210266172885895,0.5322754979133606,1.0,2.3478379249572754,0.41952502727508545,0.0380859375,0.016812767833471298,0.44144293665885925,0.11915164440870285,3.3767080307006836,329.1822509765625,0.1618127077817917,0.5268170237541199,6.564559459686279,70.70513153076172,93.97766876220703,2.65932035446167,10.532182693481445,0.0013183834962546825,55.5625,104.76748657226562,0.5303410610730951,41.97916793823242,0.40068889030061344,5.412494659423828,0.9654026031494141,0.8683031797409058,0.8683031797409058,0.0,0.37023404240608215,0.04320145398378372,0.00041235554457881395,0.2443772256374359,0.331484317779541,2.0,48
2468,0.425295352935791,0.518122136592865,1.0,0.9843056797981262,0.5532126426696777,0.02099609375,0.003969346638768911,0.18905167281627655,0.036477722227573395,0.5866270661354065,133.4405517578125,0.10189082473516464,0.4401383697986603,6.623524188995361,74.97674560546875,80.2293701171875,2.0543439388275146,10.531808853149414,0.0011663478799164295,46.47916793823242,124.86601257324219,0.3722323391022596,35.8125,0.28680742869181897,4.204290390014648,0.8423590660095215,0.9185635447502136,0.9185635447502136,0.0,0.35550644993782043,0.06616248190402985,0.0005298678201958479,0.2984953820705414,0.12811735272407532,2.0,48
2479,0.3416309356689453,0.45201748609542847,1.0,0.6846328377723694,0.7255685329437256,0.0087890625,0.001860468415543437,0.21167996525764465,0.026352889835834503,0.7352107167243958,411.1032409667969,0.05035991966724396,0.33200889825820923,6.763774394989014,79.05555725097656,94.33123779296875,3.0158326625823975,10.489603042602539,0.001671337871812284,40.875,71.79622650146484,0.5693196144991387,32.5,0.452670029876991,3.3247604370117188,0.8686339259147644,0.8279005289077759,0.8279005289077759,0.0,0.23645271360874176,0.03809663653373718,0.0005306217107058362,0.2792273759841919,0.0784640908241272,2.0,48
2481,0.4515605568885803,0.5207884907722473,1.0,1.4982082843780518,0.5385042428970337,0.009765625,0.0054710195399820805,0.560232400894165,0.08210798352956772,2.782778263092041,699.46337890625,0.05492175742983818,0.3311706483364105,6.345582962036133,71.6500015258789,79.35340881347656,2.9849436283111572,10.498571395874023,0.001811597147025168,44.5,61.94139862060547,0.7184209750474118,36.75,0.5933027153481435,3.074561834335327,1.0169471502304077,0.748940646648407,0.748940646648407,0.0,0.3940681219100952,0.036347199231386185,0.0005867997822933708,0.31689003109931946,0.22988982498645782,2.0,48
2665,0.4142076075077057,0.5567740797996521,0.9999999403953552,0.9762164950370789,0.5904297828674316,0.00439453125,0.0012398931430652738,0.28214457631111145,0.02310957759618759,0.6695764660835266,573.8654174804688,0.02823571488261223,0.2549195885658264,6.407366752624512,93.0,94.31491088867188,2.8566908836364746,10.495092391967773,0.0014685691567137837,36.395835876464844,80.44735717773438,0.452418042665223,28.70833396911621,0.3568586336791845,4.014435768127441,0.7758859395980835,0.8189342021942139,0.8189342021942139,0.0,0.3931821882724762,0.032603345811367035,0.00040527553609104756,0.37445029616355896,0.05290210619568825,2.0,48
2668,0.3192610740661621,0.38204872608184814,1.0,0.8616521954536438,0.8228265643119812,0.0341796875,0.01351369172334671,0.3953720033168793,0.10313285142183304,1.557840347290039,111.63932800292969,0.1489836424589157,0.4970570504665375,7.349559783935547,76.31428527832031,101.66915893554688,3.9839930534362793,10.482288360595703,0.001982530578970909,60.9375,68.96163940429688,0.883643435938483,50.85416793823242,0.7374268995074025,3.3852832317352295,0.768650472164154,0.8407173156738281,0.8407173156738281,0.0,0.3768100440502167,0.03054892085492611,0.00044298426073369744,0.15423208475112915,0.3628060519695282,2.0,48
2712,0.2795531749725342,0.4229075014591217,1.0,0.8717843890190125,0.6279935836791992,0.00537109375,0.0012195520102977753,0.22705841064453125,0.022533228620886803,0.7056134343147278,624.719970703125,0.03342986851930618,0.26231932640075684,6.48649787902832,82.0,88.85739135742188,2.6104164123535156,10.514532089233398,0.00137099321000278,39.4375,79.93531799316406,0.49336765005975153,32.22916793823242,0.4031905888828353,3.6260592937469482,0.7564639449119568,0.8025907278060913,0.8025907278060913,0.0,0.2862875163555145,0.033778443932533264,0.00042257220933550576,0.32454633712768555,0.05203421786427498,2.0,48
2749,0.4256351590156555,0.6112198233604431,1.0,0.9445763230323792,0.7201673984527588,0.0078125,0.0035904410760849714,0.45957645773887634,0.06784491240978241,2.5046260356903076,955.615478515625,0.04568839073181152,0.2773299217224121,6.548847198486328,64.8125,79.24882507324219,4.160985469818115,10.477192878723145,0.0028839122969657183,31.979167938232422,83.91793823242188,0.38107666379804406,26.0,0.3098264869769713,3.5006327629089355,0.8334894180297852,0.8379355669021606,0.8379355669021606,0.0,0.38722485303878784,0.06500508636236191,0.0007746268285878929,0.24313044548034668,0.15319214761257172,2.0,48
2877,0.36442095041275024,0.44165104627609253,0.9999999403953552,0.6919901967048645,0.7136977910995483,0.01953125,0.005409647710621357,0.2769739627838135,0.05018623545765877,1.0074009895324707,161.02830505371094,0.09620917588472366,0.4378431737422943,7.074071884155273,77.92500305175781,177.22491455078125,8.69537353515625,10.240309715270996,0.004607729613780975,50.41666793823242,77.27978515625,0.6523914090828844,41.5,0.5370097744283596,3.4727039337158203,0.8573036193847656,0.7916735410690308,0.7916735410690308,0.0,0.5335829854011536,0.03250744566321373,0.0004206461701890256,0.5146906971931458,0.17084448039531708,2.0,48
2961,0.32506701350212097,0.3990030586719513,0.9999999403953552,1.635240912437439,0.6309553384780884,0.00341796875,0.005845059175044298,1.710097312927246,0.21917982399463654,9.864749908447266,1998.0439453125,0.02282176911830902,0.09695762395858765,5.946246147155762,62.14285659790039,83.99517822265625,2.7474706172943115,10.525854110717773,0.0014474592171609402,40.72916793823242,100.47176361083984,0.4053792475658742,32.395835876464844,0.3224372172735037,5.2793121337890625,0.8161384463310242,0.8602352142333984,0.8602352142333984,0.0,0.3640535771846771,0.038023944944143295,0.0003784540409546108,0.34681272506713867,0.2493891716003418,2.0,48
3327,0.22555004060268402,0.3346090316772461,1.0,0.8957451581954956,0.880630612373352,0.009765625,0.0016932305879890919,0.173386812210083,0.022929321974515915,0.5904273390769958,347.04547119140625,0.05492175742983818,0.3419923782348633,6.946199417114258,78.4000015258789,83.18099975585938,2.8191006183624268,10.515043258666992,0.001729015726596117,45.54166793823242,72.78642272949219,0.6256890533173929,37.958335876464844,0.5215029733267762,3.2438580989837646,0.7539752721786499,0.8836907148361206,0.8836907148361206,0.0,0.6495159864425659,0.02664763480424881,0.00036610721891942134,0.5051489472389221,0.07070721685886383,2.0,48
3641,0.19989989697933197,0.2645747661590576,0.9999999403953552,1.1530370712280273,0.811689019203186,0.0107421875,0.0018655231688171625,0.17366324365139008,0.03275419399142265,1.3005919456481934,1222.865966796875,0.05938481166958809,0.31966927647590637,6.887351989746094,84.59091186523438,80.46673583984375,4.498745441436768,10.497932434082031,0.002267921343445778,43.645835876464844,58.161102294921875,0.750429997829861,35.083335876464844,0.6032096106523744,3.037785291671753,0.8559083938598633,0.8026183843612671,0.8026183843612671,0.0,0.6706567406654358,0.048831939697265625,0.0008395979058521596,0.6593403220176697,0.07636905461549759,2.0,48
3766,0.2836500108242035,0.31666892766952515,1.0,0.8093608021736145,0.7654501795768738,0.00732421875,0.001562347519211471,0.2133125215768814,0.02660873904824257,0.7136768698692322,478.14666748046875,0.0433073565363884,0.28627151250839233,6.51223087310791,60.400001525878906,90.13290405273438,4.179526329040527,10.42725944519043,0.0027444364968687296,38.145835876464844,84.45610046386719,0.4516646596567422,29.4375,0.3485538621228279,4.333455562591553,0.8838793635368347,0.8127982020378113,0.8127982020378113,0.0,0.7480692267417908,0.03799905255436897,0.00044992667600284036,0.8011606335639954,0.06666015833616257,2.0,48
3782,0.4962279498577118,0.6748627424240112,1.0,1.6012791395187378,0.4777488708496094,0.0029296875,0.0012393257347866893,0.42302319407463074,0.027747951447963715,0.8673668503761292,644.3937377929688,0.020013848319649696,0.19510821998119354,5.704253196716309,65.83333587646484,82.88131713867188,3.290414810180664,10.485527992248535,0.002125535160303116,42.97916793823242,59.66622543334961,0.7203265770354319,33.16666793823242,0.5558700536490728,3.8202877044677734,0.8793565034866333,0.7366356253623962,0.7366356253623962,0.0,0.45328855514526367,0.0332176648080349,0.0005567247561113711,0.5539703369140625,0.05287789925932884,2.0,48
3948,0.4895782470703125,0.6452363133430481,1.0,1.1099040508270264,0.451210081577301,0.00341796875,0.000942762300837785,0.2758253216743469,0.026453854516148567,1.116170048713684,1559.7724609375,0.02282176911830902,0.17028895020484924,5.9510698318481445,61.85714340209961,90.22584533691406,3.077619791030884,10.49300765991211,0.0017704528290778399,39.4375,76.86459350585938,0.513077584829261,31.52083396911621,0.4100826209744095,3.1045196056365967,0.72052001953125,0.8207992315292358,0.8207992315292358,0.0,0.23333582282066345,0.025132164359092712,0.00032696672433332036,0.2847198247909546,0.040224526077508926,2.0,48
3960,0.41071024537086487,0.5027211308479309,1.0,1.093618392944336,0.5632433891296387,0.02001953125,0.007229316979646683,0.36111319065093994,0.06976782530546188,1.4849897623062134,192.1688232421875,0.09811511635780334,0.4350125789642334,6.772679805755615,81.60975646972656,156.15194702148438,7.6225810050964355,10.228824615478516,0.004647258669137955,45.29166793823242,58.35456466674805,0.7761461025221106,34.833335876464844,0.5969256401692348,3.079683780670166,0.8846777677536011,0.77396559715271,0.77396559715271,0.0,0.2823519706726074,0.02712184190750122,0.0004647766984081056,0.3241522014141083,0.23396627604961395,2.0,48
4041,0.4126538336277008,0.6214321255683899,0.9999999403953552,1.9095209836959839,0.4567870497703552,0.00390625,0.0056672608479857445,1.4508187770843506,0.147648423910141,5.167090892791748,1014.8883666992188,0.02555946074426174,0.17991308867931366,5.848477363586426,67.75,84.25615692138672,2.0577375888824463,10.496828079223633,0.0013814226258546114,46.91666793823242,69.81182098388672,0.6720447521679863,37.458335876464844,0.5365615069652029,3.792285919189453,0.8175630569458008,0.7957156896591187,0.7957156896591187,0.0,0.46782779693603516,0.03888533636927605,0.0005570021783657693,0.4410891532897949,0.2418031245470047,2.0,48
4122,0.22087502479553223,0.2700625956058502,1.0,1.0317318439483643,0.7650852203369141,0.01318359375,0.0027469221968203783,0.20835913717746735,0.03067188709974289,0.5802001357078552,202.76316833496094,0.07016520947217941,0.3864012062549591,7.019894599914551,74.59259033203125,75.25788879394531,1.941570520401001,10.524639129638672,0.0012945274356752634,35.958335876464844,72.62041473388672,0.49515464767421846,27.83333396911621,0.38327148181784876,3.9451828002929688,0.889523983001709,0.8450900912284851,0.8450900912284851,0.0,0.5290983319282532,0.024803176522254944,0.00034154550906558836,0.46559879183769226,0.10557595640420914,2.0,48
4413,0.5206024050712585,0.582963228225708,1.0,1.864173173904419,0.4366080164909363,0.00341796875,0.0006297466461546719,0.18424586951732635,0.015189386904239655,0.6181104779243469,1352.9483642578125,0.02282176911830902,0.20576594769954681,5.8420867919921875,76.42857360839844,82.3727035522461,1.9061306715011597,10.499531745910645,0.0012371620396152139,49.833335876464844,77.6211166381836,0.6420074591600325,38.9375,0.5016354013107486,4.955337047576904,0.862372100353241,0.757786750793457,0.757786750793457,0.0,0.27315813302993774,0.03570326790213585,0.00045996849109966186,0.352260023355484,0.026869190856814384,2.0,48
4471,0.35501980781555176,0.49473875761032104,1.0000001192092896,1.0381238460540771,0.668865442276001,0.015625,0.00403076084330678,0.2579686939716339,0.04701783135533333,1.1803839206695557,285.1448974609375,0.08048483729362488,0.38636043667793274,6.967369079589844,82.5,117.85942077636719,4.35478401184082,10.419683456420898,0.002328119706362486,49.458335876464844,71.0465316772461,0.6961400465568871,40.97916793823242,0.5767933629557992,2.9615142345428467,0.8134922385215759,0.8247081637382507,0.8247081637382507,0.0,0.4142991602420807,0.023669224232435226,0.0003331510162470634,0.36517173051834106,0.154472216963768,2.0,48
4658,0.27928677201271057,0.47906821966171265,1.0,1.027840495109558,0.870032787322998,0.02685546875,0.006537911016494036,0.24344803392887115,0.06344606727361679,1.6334962844848633,373.50897216796875,0.12363549321889877,0.4584287405014038,7.282739639282227,71.69091033935547,92.96481323242188,4.565457820892334,10.476591110229492,0.0028604818508028984,46.958335876464844,58.84272384643555,0.798031307847573,39.708335876464844,0.6748215118889673,2.5402114391326904,0.7805813550949097,0.8548907041549683,0.8548907041549683,0.0,0.2804703712463379,0.02349781058728695,0.0003993324755770467,0.25935161113739014,0.19083847105503082,2.0,48
4701,0.4126313626766205,0.5160491466522217,1.0,0.9263197183609009,0.5665699243545532,0.00732421875,0.00135786272585392,0.1853935271501541,0.01874481700360775,0.42786097526550293,289.67706298828125,0.0433073565363884,0.3261740505695343,6.422846794128418,81.0,109.63983917236328,3.787954092025757,10.461278915405273,0.0019758217968046665,47.22916793823242,80.5583724975586,0.586272617831263,38.083335876464844,0.4727421209122811,3.3656253814697266,0.7259632349014282,0.8279628157615662,0.8279628157615662,0.0,0.20977826416492462,0.03865669667720795,0.000479859454379877,0.2318185269832611,0.057935476303100586,2.0,48
4708,0.31357476115226746,0.43292364478111267,1.0,1.0058255195617676,0.6840130090713501,0.005859375,0.0015524148475378752,0.26494547724723816,0.02510153129696846,0.6718530058860779,430.2630615234375,0.03595767915248871,0.29082614183425903,6.169483184814453,63.5,96.86947631835938,2.9542934894561768,10.490232467651367,0.0015210385899990797,40.708335876464844,68.29674530029297,0.5960508907344625,32.270835876464844,0.4725091324608308,2.9683330059051514,0.7417445182800293,0.7881156802177429,0.7881156802177429,0.0,0.4123342037200928,0.024228792637586594,0.00035475764661270157,0.407495379447937,0.06623636931180954,2.0,48
4717,0.45573684573173523,0.5882776975631714,0.9999999403953552,2.2351696491241455,0.46012941002845764,0.00439453125,0.008659514598548412,1.9705206155776978,0.1750975102186203,4.48593807220459,458.87762451171875,0.02823571488261223,0.2189413607120514,5.820638656616211,56.66666793823242,100.14498138427734,3.9027960300445557,10.463708877563477,0.0016918356996029615,43.708335876464844,75.34642791748047,0.5800983149265325,34.645835876464844,0.45982054928749666,3.4208931922912598,0.7408703565597534,0.7844550609588623,0.7844550609588623,0.0,0.28125640749931335,0.040980152785778046,0.0005438897889787248,0.3440527617931366,0.3694726228713989,2.0,48
4734,0.2793271243572235,0.3896133601665497,1.0,1.45152747631073,0.6494855880737305,0.00390625,0.002275897655636072,0.5826297998428345,0.045439232140779495,1.366531491279602,607.8764038085938,0.02555946074426174,0.23189221322536469,5.965092182159424,66.75,84.02587127685547,3.1261842250823975,10.474198341369629,0.0018247554544359446,36.458335876464844,61.58727264404297,0.5919784121836981,30.5,0.495232191419306,2.559191942214966,0.6632036566734314,0.8140461444854736,0.8140461444854736,0.0,0.41256970167160034,0.03706051781773567,0.0006017561132462779,0.38664475083351135,0.09710496664047241,2.0,48
5406,0.3207186758518219,0.44728097319602966,1.0,1.1786006689071655,0.6114109754562378,0.0048828125,0.001195615390315652,0.24486203491687775,0.024825531989336014,0.9110662937164307,962.3279418945312,0.03085736557841301,0.24064159393310547,6.332801818847656,84.19999694824219,74.53372955322266,4.260732173919678,10.511611938476562,0.0019940068013966084,37.375,52.89385986328125,0.7066037549450909,29.6875,0.5612655244129067,2.580439567565918,0.6958394050598145,0.7771013975143433,0.7771013975143433,0.0,0.3572348654270172,0.023768341168761253,0.0004493591737434834,0.38557955622673035,0.051012929528951645,2.0,48
5467,0.3730459213256836,0.5903826951980591,1.0,1.7199498414993286,0.5635737180709839,0.0078125,0.002092262962833047,0.26780965924263,0.030607905238866806,0.8579737544059753,415.5240783691406,0.04568839073181152,0.31996387243270874,6.579596519470215,80.1875,91.17321014404297,2.7989983558654785,10.506689071655273,0.0014300363836809993,38.583335876464844,61.41674041748047,0.6282218106645239,31.604167938232422,0.5145855628002585,2.8874621391296387,0.7849019765853882,0.8143502473831177,0.8143502473831177,0.0,0.24842612445354462,0.033293019980192184,0.0005420837991150613,0.2773492932319641,0.08926988393068314,2.0,48
5930,0.2800604999065399,0.3640485405921936,1.0,0.8559418320655823,0.7702310085296631,0.02685546875,0.00556282140314579,0.20713923871517181,0.05352058634161949,1.2912540435791016,293.0570068359375,0.12363549321889877,0.450235515832901,7.121723175048828,71.01818084716797,100.42791748046875,3.229797840118408,10.478849411010742,0.0017891873139888048,60.10416793823242,68.95158386230469,0.8716865452944883,48.75,0.7070178415376631,3.314018726348877,0.8187912702560425,0.8302447199821472,0.8302447199821472,0.0,0.5054311752319336,0.025598524138331413,0.0003712536058016994,0.4935561716556549,0.16740132868289948,2.0,48
5937,0.4618894159793854,0.5227976441383362,1.0,0.6215419173240662,0.7083361744880676,0.017578125,0.002917502075433731,0.1659734547138214,0.027151986956596375,0.514633059501648,158.46456909179688,0.08845767378807068,0.43321046233177185,7.078819274902344,70.41666412353516,120.7445297241211,5.836671352386475,10.297325134277344,0.004243090748786926,30.1875,50.80504608154297,0.5941831042846948,22.375,0.44040900897292073,2.8485965728759766,0.8289291858673096,0.7571181654930115,0.7571181654930115,0.0,0.8508428335189819,0.012289075180888176,0.0002418869015244102,1.2234748601913452,0.09246020764112473,2.0,48
6200,0.3187291622161865,0.5082952976226807,0.9999999403953552,0.9644684791564941,0.7630879282951355,0.005859375,0.0009442833252251148,0.16115768253803253,0.016078468412160873,0.4793766736984253,549.01318359375,0.03595767915248871,0.28422510623931885,6.515714168548584,90.58333587646484,116.53240966796875,5.201480865478516,10.363361358642578,0.0032129313331097364,46.6875,66.30287170410156,0.7041550206349557,37.85416793823242,0.5709280301079546,2.9089198112487793,0.7957344055175781,0.7669605016708374,0.7669605016708374,0.0,0.4199468791484833,0.028202172368764877,0.0004253537085146604,0.44867050647735596,0.04028942435979843,2.0,48
6240,0.4126339852809906,0.4897337555885315,0.9999999403953552,0.913684606552124,0.6095356345176697,0.0029296875,0.0005767935654148459,0.19687886536121368,0.012613164260983467,0.4054626226425171,711.8410034179688,0.020013848319649696,0.20727919042110443,5.885389804840088,70.66666412353516,94.08062744140625,2.5754234790802,10.511421203613281,0.0013781830202788115,42.125,87.00987243652344,0.48414046378346515,33.41666793823242,0.38405605017718447,4.548213481903076,0.8001534938812256,0.8147264719009399,0.8147264719009399,0.0,0.45603644847869873,0.034369274973869324,0.00039500431396440446,0.4378178119659424,0.02460985817015171,2.0,48
6287,0.2945566773414612,0.3643245995044708,1.0,0.7908466458320618,0.7894936800003052,0.08251953125,0.024461429566144943,0.2964319884777069,0.14159974455833435,2.629629611968994,149.51309204101562,0.28488022089004517,0.5934818387031555,7.444354057312012,69.5147933959961,100.8086929321289,3.5313656330108643,10.4971923828125,0.0020161522552371025,60.833335876464844,72.79434204101562,0.8356876944341597,51.16666793823242,0.7028934735391094,3.0352678298950195,0.8704985976219177,0.8656872510910034,0.8656872510910034,0.0,0.25231507420539856,0.03919415920972824,0.0005384231535777911,0.19299417734146118,0.42877307534217834,2.0,48
6700,0.3240821361541748,0.4549383819103241,1.0,1.5161702632904053,0.6603270769119263,0.00244140625,0.0002147044287994504,0.087942935526371,0.005736455786973238,0.22527861595153809,1230.21923828125,0.01712392456829548,0.16566810011863708,5.615238189697266,62.400001525878906,96.37806701660156,3.101970911026001,10.461511611938477,0.001922727795317769,41.125,94.52202606201172,0.4350837758034183,31.479167938232422,0.3330352643335214,5.244235515594482,0.795567512512207,0.8584088087081909,0.8584088087081909,0.0,0.47086697816848755,0.02779175341129303,0.00029402409751690947,0.4031442701816559,0.009160722605884075,2.0,48
7054,0.6085488200187683,0.7930508852005005,1.0,0.6610838174819946,0.4638366997241974,0.052734375,0.012696350924670696,0.2407604306936264,0.07484253495931625,1.2515695095062256,88.79615020751953,0.20648905634880066,0.5622097253799438,7.185580730438232,78.75,71.57530212402344,2.2988457679748535,10.488443374633789,0.001784035237506032,29.8125,36.28673553466797,0.8215812073616167,21.52083396911621,0.5930771574264282,2.414097309112549,0.8635047674179077,0.6762883067131042,0.6762883067131042,0.0,0.1292322725057602,0.017911583185195923,0.000493612415565662,0.2526019215583801,0.22028104960918427,2.0,48
7057,0.2980196177959442,0.33315199613571167,1.0,1.214387059211731,0.6897948980331421,0.0048828125,0.0007055358728393912,0.14449374377727509,0.013012634590268135,0.39491212368011475,653.3840942382812,0.03085736557841301,0.2642413079738617,6.365112781524658,73.5,83.3122329711914,3.2183122634887695,10.475601196289062,0.0022607864812016487,34.85416793823242,101.12986755371094,0.3446476177403733,27.0625,0.2676014579268668,4.934840202331543,0.8371504545211792,0.7894726991653442,0.7894726991653442,0.0,0.8612044453620911,0.037320852279663086,0.00036903887228124054,1.1988162994384766,0.030102869495749474,2.0,48
7194,0.3842889368534088,0.4603870213031769,1.0,0.9920400381088257,0.5938832759857178,0.0029296875,0.0005491788033396006,0.187453031539917,0.015667013823986053,0.667449951171875,1612.3817138671875,0.020013848319649696,0.16384851932525635,5.359332084655762,57.5,93.7151870727539,2.2488276958465576,10.501527786254883,0.0013210949255153537,41.645835876464844,77.5396728515625,0.5370906832534403,32.895835876464844,0.42424522392809544,3.162846326828003,0.653059720993042,0.7960628271102905,0.7960628271102905,0.0,0.2842012047767639,0.025702208280563354,0.00033147171418238344,0.3229977488517761,0.023431628942489624,2.0,48
7277,0.32323870062828064,0.43798962235450745,1.0,1.1318562030792236,0.7162616848945618,0.0048828125,0.0006996982265263796,0.1432981938123703,0.015050732530653477,0.5764918923377991,1086.4637451171875,0.03085736557841301,0.2320486605167389,6.078525543212891,70.0,104.1736831665039,3.5978243350982666,10.458869934082031,0.0021337727084755898,50.29166793823242,66.67457580566406,0.7542855327235131,39.1875,0.5877427718226828,3.8798704147338867,0.8285703659057617,0.7709061503410339,0.7709061503410339,0.0,0.26167547702789307,0.02928241156041622,0.0004391840698225607,0.2954981029033661,0.029853790998458862,2.0,48
7292,0.3910519778728485,0.5359328389167786,0.9999999403953552,2.2363975048065186,0.4272885322570801,0.00537109375,0.0021955487318336964,0.40877124667167664,0.040964674204587936,1.2863245010375977,634.2495727539062,0.03342986851930618,0.2607042193412781,6.19807243347168,67.0,92.98992919921875,2.4475042819976807,10.536567687988281,0.0012019714340567589,45.083335876464844,84.11189270019531,0.5359924075397752,36.4375,0.43320271160160645,3.21705961227417,0.7614216208457947,0.838282585144043,0.838282585144043,0.0,0.2275266796350479,0.03577733039855957,0.00042535400459753244,0.2613493800163269,0.09367674589157104,2.0,48
7305,0.3564452826976776,0.528373658657074,1.0,1.1900941133499146,0.5884143114089966,0.00732421875,0.0026851114816963673,0.3666072189807892,0.04776129871606827,1.789690613746643,994.4876098632812,0.0433073565363884,0.29411622881889343,6.300344944000244,55.79999923706055,93.95864868164062,2.702315330505371,10.516864776611328,0.0015512104146182537,35.35416793823242,99.31505584716797,0.3559799431526048,28.75,0.2894827954519546,4.095610618591309,0.775843620300293,0.8023871779441833,0.8023871779441833,0.0,0.4559299945831299,0.03910412639379501,0.0003937381503367771,0.474418044090271,0.11456475406885147,2.0,48
7509,0.37394335865974426,0.5423142910003662,1.0,0.9907776713371277,0.7906677722930908,0.01416015625,0.005077267996966839,0.358560174703598,0.06345749646425247,1.8050179481506348,407.559326171875,0.07434378564357758,0.37303662300109863,6.947999000549316,76.24137878417969,101.54576110839844,3.8366334438323975,10.472122192382812,0.0021165874786674976,50.020835876464844,76.66204833984375,0.6524849903331184,41.85416793823242,0.5459568174754846,3.2367897033691406,0.7441937327384949,0.8045282363891602,0.8045282363891602,0.0,0.3466285765171051,0.029383530840277672,0.00038328653450775635,0.27540716528892517,0.19630081951618195,2.0,48
7551,0.26048049330711365,0.46061667799949646,1.0,0.9345479011535645,0.8282089233398438,0.0078125,0.004092846065759659,0.5238842964172363,0.07467992603778839,2.3663830757141113,639.6932983398438,0.04568839073181152,0.2756074070930481,6.75799560546875,86.4375,85.29566955566406,3.693047285079956,10.50279426574707,0.0017286238726228476,47.29166793823242,78.71728515625,0.6007786960430986,37.79166793823242,0.4800936396423842,3.3449230194091797,0.8503921031951904,0.8408330678939819,0.8408330678939819,0.0,0.7254182696342468,0.029478026553988457,0.0003744797154999846,0.6799997687339783,0.1746280938386917,2.0,48
7634,0.4524381756782532,0.5303478837013245,1.0,1.0126433372497559,0.6261873841285706,0.01416015625,0.005277580581605434,0.3727063834667206,0.0646352767944336,1.4262045621871948,287.1371765136719,0.07434378564357758,0.3748560845851898,7.041718006134033,70.24137878417969,82.71676635742188,2.1596477031707764,10.517071723937988,0.0013634547358378768,35.125,114.11143493652344,0.3078131478800594,28.08333396911621,0.24610446781496556,4.219773292541504,0.8712877035140991,0.8458317518234253,0.8458317518234253,0.0,0.7171982526779175,0.04219868779182434,0.0003698024462806914,0.6704239249229431,0.20111125707626343,2.0,48
7838,0.3944407105445862,0.5142583250999451,1.0,0.8074232935905457,0.6773852109909058,0.12548828125,0.03092198818922043,0.24641335010528564,0.11354315280914307,1.3131595849990845,32.6387825012207,0.3777192234992981,0.6789222359657288,7.516666412353516,68.3190689086914,106.44366455078125,3.3423523902893066,10.522237777709961,0.0013964467216283083,61.333335876464844,81.80303955078125,0.7497684218798861,49.125,0.6005278075700252,3.236937999725342,0.9232863783836365,0.8661710619926453,0.8661710619926453,0.0,0.17039312422275543,0.03456559032201767,0.00042254652770371405,0.14069092273712158,0.2770759165287018,2.0,48
7980,0.4038509428501129,0.496407687664032,1.0,1.1069798469543457,0.5955649018287659,0.017578125,0.006964757107198238,0.3962172865867615,0.07848341017961502,2.249260425567627,405.6554260253906,0.08845767378807068,0.4070618152618408,6.800439357757568,65.47222137451172,102.43211364746094,4.360062599182129,10.378389358520508,0.002975133480504155,47.72916793823242,70.14468383789062,0.6804388489615771,38.270835876464844,0.5455985226115709,3.5200564861297607,0.8631834983825684,0.8203412890434265,0.8203412890434265,0.0,0.4919095039367676,0.042703092098236084,0.0006087858659515542,0.4460601210594177,0.24364697933197021,2.0,48
7996,0.30132123827934265,0.3642306327819824,1.0,1.1004074811935425,0.6827006936073303,0.00439453125,0.00039203750202432275,0.08921030908823013,0.008055279031395912,0.27972763776779175,830.5045166015625,0.02823571488261223,0.23582758009433746,6.02779483795166,57.55555725097656,80.94023895263672,1.9520602226257324,10.531856536865234,0.0011871701572090387,33.6875,68.93907165527344,0.48865613049688555,26.854167938232422,0.38953480645373456,2.959840774536133,0.6212527751922607,0.8151583671569824,0.8151583671569824,0.0,0.6018444299697876,0.022357415407896042,0.0003243068824084283,0.5900509357452393,0.016726933419704437,2.0,48
8271,0.393757164478302,0.5523722767829895,1.0,0.8594858050346375,0.675275981426239,0.03857421875,0.009643818251788616,0.2500068247318268,0.07603418827056885,1.2197017669677734,138.52658081054688,0.16338615119457245,0.49868255853652954,7.243547439575195,65.32911682128906,111.0296859741211,3.406698703765869,10.470277786254883,0.0016365015180781484,44.833335876464844,81.49066162109375,0.550165319302772,37.520835876464844,0.46043111106792534,3.129408836364746,0.7196720838546753,0.8140295743942261,0.8140295743942261,0.0,0.2853488326072693,0.03250133618712425,0.00039883510007879204,0.30252590775489807,0.25789734721183777,2.0,48
8417,0.43407830595970154,0.5273542404174805,1.0,2.13098406791687,0.3827003538608551,0.00244140625,0.0020230524241924286,0.8286422491073608,0.05251752957701683,1.8314564228057861,882.5442504882812,0.01712392456829548,0.15973207354545593,5.522665500640869,63.400001525878906,89.11466979980469,2.9813108444213867,10.465771675109863,0.0017170682549476624,31.979167938232422,58.390403747558594,0.5476784861946213,25.08333396911621,0.429579731513146,2.8206889629364014,0.6939005255699158,0.766919732093811,0.766919732093811,0.0,0.407876193523407,0.02570604905486107,0.0004402444134757921,0.42076972126960754,0.08631690591573715,2.0,48
8539,0.4062134921550751,0.6002733111381531,1.0,0.7839837074279785,0.7383142709732056,0.0166015625,0.004100181628018618,0.24697564542293549,0.04531419277191162,1.0341860055923462,283.7461853027344,0.08450048416852951,0.4070624113082886,7.088634490966797,80.32353210449219,106.08744049072266,3.261018753051758,10.462499618530273,0.0017535225488245487,50.5,82.22895812988281,0.6141388768916728,42.020835876464844,0.5110223554697313,3.2327146530151367,0.756355881690979,0.8579522967338562,0.8579522967338562,0.0,0.2976585626602173,0.034481555223464966,0.00041933591283993993,0.2769005298614502,0.14295946061611176,2.0,48
8576,0.4787103831768036,0.5529351234436035,0.9999999403953552,0.8580322861671448,0.6665114760398865,0.00341796875,0.0005371573497541249,0.15715689957141876,0.01136743649840355,0.33416688442230225,640.2804565429688,0.02282176911830902,0.2158430814743042,6.021292686462402,66.14286041259766,84.82828521728516,3.209754467010498,10.440464973449707,0.0024505031760782003,29.83333396911621,54.78190231323242,0.5445837530995015,23.58333396911621,0.43049498044018764,2.3118417263031006,0.8157334327697754,0.7945345640182495,0.7945345640182495,0.0,0.5405402779579163,0.014520770870149136,0.000265065108262789,0.5584032535552979,0.022918714210391045,2.0,48
8664,0.24771299958229065,0.3320404887199402,1.0,0.9530880451202393,0.8450513482093811,0.005859375,0.003528160508722067,0.602139413356781,0.08293043822050095,3.3827171325683594,1367.14697265625,0.03595767915248871,0.22495776414871216,6.484344005584717,73.66666412353516,85.48837280273438,2.516967535018921,10.522438049316406,0.0015037230914458632,47.875,76.78282928466797,0.6235117986636185,40.0625,0.5217637897433153,3.185467481613159,0.717960000038147,0.9070546627044678,0.9070546627044678,0.0,0.3860228955745697,0.03476717695593834,0.00045279885197396184,0.3069385290145874,0.15053485333919525,2.0,48
8903,0.4681873023509979,0.6041176319122314,1.0,1.1577019691467285,0.538479208946228,0.0185546875,0.010961465537548065,0.5907652974128723,0.11953911185264587,2.6608071327209473,255.45880126953125,0.09235962480306625,0.4086640179157257,6.786208152770996,77.86842346191406,122.19190979003906,5.3121466636657715,10.374277114868164,0.0030294680036604404,42.833335876464844,68.87071228027344,0.6219383312885262,34.75,0.5045686162433914,3.2604243755340576,0.8925355672836304,0.7713963389396667,0.7713963389396667,0.0,0.3043690025806427,0.03720499575138092,0.0005402150567946915,0.32924458384513855,0.38745608925819397,2.0,48
8993,0.309000164270401,0.38766714930534363,1.0,0.748272180557251,0.7976782321929932,0.0263671875,0.00415635434910655,0.15763358771800995,0.03909175097942352,0.994978666305542,268.0943908691406,0.12187793850898743,0.45217564702033997,7.281876087188721,77.79629516601562,83.7561264038086,2.620281457901001,10.474365234375,0.0016900041373446584,37.833335876464844,66.46894836425781,0.5691881216991992,28.64583396911621,0.4309656564419216,4.454347610473633,0.8836584091186523,0.7991451025009155,0.7991451025009155,0.0,0.7021499276161194,0.026875978335738182,0.0004043388528491712,0.7645934224128723,0.13004398345947266,2.0,48
9295,0.3775815963745117,0.586184024810791,1.0,1.641287922859192,0.5566508769989014,0.00244140625,0.0004654584627132863,0.1906517893075943,0.011634353548288345,0.4422978162765503,1090.450927734375,0.01712392456829548,0.17847539484500885,5.5563740730285645,71.5999984741211,80.9625473022461,2.3135459423065186,10.525882720947266,0.0014566467143595219,37.833335876464844,62.21683883666992,0.6080883660724563,30.5625,0.49122553582832534,2.7423324584960938,0.6817175149917603,0.8044214248657227,0.8044214248657227,0.0,0.27492567896842957,0.03357833996415138,0.0005396985862123823,0.3153727054595947,0.019859561696648598,2.0,48
9466,0.35974058508872986,0.5898807644844055,1.0,1.9264111518859863,0.4944610893726349,0.00390625,0.0023815969470888376,0.6096888184547424,0.04615002125501633,1.6226294040679932,804.81591796875,0.02555946074426174,0.24675625562667847,5.952539443969727,65.25,108.93458557128906,3.969797134399414,10.437047958374023,0.002244060393422842,40.270835876464844,72.1998519897461,0.5577689532743982,31.9375,0.4423485521841834,3.346778392791748,0.8105043172836304,0.8374122381210327,0.8374122381210327,0.0,0.25796061754226685,0.03605593740940094,0.0004993907384952498,0.2439219057559967,0.10161479562520981,2.0,48
9478,0.315883606672287,0.46346399188041687,1.0,1.1154422760009766,0.6504299640655518,0.0146484375,0.007543326821178198,0.5149577856063843,0.10082542896270752,3.1585609912872314,536.6677856445312,0.07640714943408966,0.3659965991973877,6.69757604598999,60.733333587646484,92.30719757080078,2.6144611835479736,10.521284103393555,0.001398397609591484,42.04166793823242,76.83406829833984,0.5471748257493879,34.270835876464844,0.44603698113360174,3.2984256744384766,0.8730756044387817,0.8179201483726501,0.8179201483726501,0.0,0.2398695945739746,0.03514391556382179,0.0004574001655461884,0.2874763309955597,0.2936977446079254,2.0,48
9497,0.3216419219970703,0.3666699230670929,1.0,0.9774584174156189,0.6874252557754517,0.0068359375,0.002253486542031169,0.32965287566185,0.0350828617811203,1.1080445051193237,583.7922973632812,0.04089350998401642,0.31046995520591736,6.562196731567383,85.14286041259766,90.562744140625,2.8561933040618896,10.512516021728516,0.0014943000860512257,37.60416793823242,67.72650146484375,0.5552356480749279,30.354167938232422,0.4481874491849714,2.529660701751709,0.7136670351028442,0.7893483638763428,0.7893483638763428,0.0,0.27464139461517334,0.026028519496321678,0.0003843180871521864,0.3481239080429077,0.0961487665772438,2.0,48
9505,0.33088400959968567,0.43967685103416443,1.0,0.6159484386444092,0.7339193820953369,0.0029296875,0.0003870574582833797,0.13211561739444733,0.008407456800341606,0.2785082459449768,745.65283203125,0.020013848319649696,0.21036450564861298,6.001940727233887,83.83333587646484,167.06187438964844,7.981253147125244,10.265131950378418,0.004249860532581806,40.645835876464844,78.51004028320312,0.5177151320349493,32.16666793823242,0.4097140673740961,3.147315740585327,0.6917437314987183,0.8201443552970886,0.8201443552970886,0.0,0.22756466269493103,0.031349651515483856,0.00039930754586809075,0.2749141752719879,0.016514452174305916,2.0,48
9739,0.2400677502155304,0.27796489000320435,1.0,1.420305609703064,0.6879627704620361,0.0029296875,0.0034517841413617134,1.1782089471817017,0.09756823629140854,3.562183380126953,1073.0423583984375,0.020013848319649696,0.14410583674907684,5.8314900398254395,75.66666412353516,87.96275329589844,3.2158544063568115,10.512069702148438,0.0017395166214555502,35.47916793823242,69.10145568847656,0.5134358976899905,27.64583396911621,0.4000759996974377,3.235167980194092,0.6885454058647156,0.8447822332382202,0.8447822332382202,0.0,0.40241143107414246,0.026254504919052124,0.00037994141590321005,0.4182594120502472,0.1472761183977127,2.0,48
9995,0.47999367117881775,0.6191103458404541,1.0,2.659649133682251,0.36496251821517944,0.0048828125,0.008399469777941704,1.720211386680603,0.15179261565208435,4.756258964538574,594.766357421875,0.03085736557841301,0.26161637902259827,5.852067470550537,61.599998474121094,88.92788696289062,2.613769292831421,10.494733810424805,0.0015304781263694167,46.97916793823242,73.36392211914062,0.6403579112841896,37.5625,0.5120023427029937,3.4031598567962646,0.7688162326812744,0.8094255924224854,0.8094255924224854,0.0,0.2626599967479706,0.04616362974047661,0.0006292415727067585,0.30057868361473083,0.3583773672580719,2.0,48
10099,0.46384868025779724,0.7813845276832581,1.0,1.3808932304382324,0.4366082549095154,0.00732421875,0.005690150894224644,0.77689528465271,0.08216776698827744,2.0975890159606934,386.2262268066406,0.0433073565363884,0.3238600194454193,6.050130844116211,59.66666793823242,138.07725524902344,6.189840793609619,10.359434127807617,0.0035055316984653473,40.1875,64.9188461303711,0.6190421178020383,31.854167938232422,0.490676742303084,3.172630786895752,0.8498930931091309,0.6988588571548462,0.6988588571548462,0.0,0.6051872968673706,0.027091048657894135,0.0004173063797116231,0.6897900700569153,0.24277977645397186,2.0,48
10137,0.31634730100631714,0.3736104667186737,0.9999999403953552,0.7661263346672058,0.6931748390197754,0.0087890625,0.0024795245844870806,0.28211480379104614,0.04060884192585945,1.2644917964935303,594.72216796875,0.05035991966724396,0.3084418773651123,6.60868501663208,64.55555725097656,124.85018920898438,4.400357246398926,10.432632446289062,0.002175660105422139,45.5625,88.19110107421875,0.5166337582800985,36.5,0.4138739572504493,3.4858129024505615,0.7213055491447449,0.8300034403800964,0.8300034403800964,0.0,0.23272709548473358,0.03791237622499466,0.0004298889089590792,0.25356563925743103,0.10396474599838257,2.0,48
10359,0.3361895978450775,0.41016119718551636,1.0,1.6789193153381348,0.5958755016326904,0.00341796875,0.0011242610635235906,0.3289266526699066,0.027940761297941208,1.0632731914520264,1122.8851318359375,0.02282176911830902,0.1907956898212433,6.173545837402344,81.14286041259766,84.42759704589844,2.7737154960632324,10.506153106689453,0.0016204133862629533,41.60416793823242,68.94888305664062,0.6034059739302967,32.04166793823242,0.4647162725937626,3.87730073928833,0.7612935304641724,0.8460685014724731,0.8460685014724731,0.0,0.344491571187973,0.02774527668952942,0.00040240356994199596,0.30681413412094116,0.04796846583485603,2.0,48
10544,0.3588266372680664,0.4685644805431366,1.0,1.4402709007263184,0.5860417485237122,0.00537109375,0.0010279084090143442,0.19137786328792572,0.027957431972026825,1.206951379776001,1692.9183349609375,0.03342986851930618,0.19333946704864502,6.327088832855225,72.0,80.01571655273438,2.993309736251831,10.512226104736328,0.0014272755943238735,39.9375,56.547706604003906,0.7062620642179955,30.8125,0.5448938930508166,3.138711452484131,0.7078579664230347,0.7770718932151794,0.7770718932151794,0.0,0.30923163890838623,0.02670721337199211,0.00047229525247232805,0.3807218372821808,0.043857425451278687,2.0,48
10601,0.45586615800857544,0.7888389825820923,1.0,1.1373577117919922,0.6985699534416199,0.02978515625,0.01755174994468689,0.5892783999443054,0.14340895414352417,2.157644033432007,120.30268096923828,0.13399454951286316,0.4768238365650177,7.330615043640137,71.18032836914062,93.44896697998047,5.631789207458496,10.29160213470459,0.004395528230816126,36.875,61.57949447631836,0.598819465921287,28.625,0.4648462972744906,2.9272212982177734,0.8113117218017578,0.7615761756896973,0.7615761756896973,0.0,0.5571725368499756,0.04531937465071678,0.0007359491179451915,0.22811351716518402,0.49057626724243164,2.0,48
11150,0.28659144043922424,0.3510984480381012,1.0,0.9975060224533081,0.6981897354125977,0.0224609375,0.004207269288599491,0.1873149424791336,0.04018177464604378,0.7621502876281738,199.43487548828125,0.10746800154447556,0.44111740589141846,7.199771881103516,71.63043212890625,89.6304702758789,3.5165934562683105,10.48121452331543,0.0019156518392264843,34.395835876464844,84.71707916259766,0.40600828324579946,27.1875,0.3209211208121301,3.0793521404266357,0.7204300761222839,0.8493602275848389,0.8493602275848389,0.0,0.36619025468826294,0.03624049574136734,0.0004277826395257686,0.29119133949279785,0.13446809351444244,2.0,48
11216,0.3320828378200531,0.4598962962627411,1.0,1.0417475700378418,0.6393829584121704,0.0107421875,0.0036271943245083094,0.3376588225364685,0.04697585478425026,1.0804555416107178,288.7081298828125,0.05938481166958809,0.3530632257461548,6.654603004455566,81.5,88.72381591796875,2.5800421237945557,10.504386901855469,0.001511738752014935,40.0625,67.14735412597656,0.5966355713565653,32.10416793823242,0.4781151595820137,2.7465553283691406,0.712973952293396,0.821150004863739,0.821150004863739,0.0,0.33945804834365845,0.03466920554637909,0.0005163152888522206,0.32820606231689453,0.14865799248218536,2.0,48
11570,0.42010602355003357,0.6267198920249939,1.0,1.2869172096252441,0.5847470760345459,0.00927734375,0.004081893712282181,0.4399851858615875,0.06468972563743591,1.9200371503829956,579.4105224609375,0.05265381559729576,0.3160538077354431,6.597344875335693,72.31578826904297,73.91126251220703,4.551904201507568,10.511528015136719,0.0029082242399454117,34.083335876464844,53.2495231628418,0.6400683770600963,28.33333396911621,0.5320861536571789,2.3882434368133545,0.7984300851821899,0.7466782331466675,0.7466782331466675,0.0,0.3148961365222931,0.027789747342467308,0.0005218778626855493,0.2861863374710083,0.17253415286540985,2.0,48
11579,0.5361087918281555,0.749924898147583,1.0,2.2682945728302,0.38018375635147095,0.00732421875,0.003827017731964588,0.5225154757499695,0.04967878386378288,1.003165602684021,247.06454467773438,0.0433073565363884,0.33983126282691956,5.723889350891113,67.06666564941406,92.02704620361328,3.5737357139587402,10.481449127197266,0.0022823158651590347,46.0,129.60508728027344,0.354924339481944,35.708335876464844,0.2755164679337759,3.8400726318359375,0.8456138372421265,0.9161686301231384,0.9161686301231384,0.0,0.3848704397678375,0.07335911691188812,0.0005660203503245782,0.22062598168849945,0.16328610479831696,2.0,48
11654,0.32550033926963806,0.4288749694824219,1.0,1.5077499151229858,0.5927280783653259,0.0068359375,0.003475179197266698,0.5083690881729126,0.06972615420818329,2.6600310802459717,1075.2789306640625,0.04089350998401642,0.2640210688114166,6.476207733154297,73.85713958740234,125.6304931640625,5.539922714233398,10.396500587463379,0.0027760090306401253,40.520835876464844,67.29228973388672,0.6021616448286489,33.10416793823242,0.49194592819216454,2.765575408935547,0.6432074308395386,0.8161300420761108,0.8161300420761108,0.0,0.2732163965702057,0.02191365510225296,0.00032564882523177543,0.3184458315372467,0.14827430248260498,2.0,48
11770,0.4589773118495941,0.7108527421951294,1.0,2.3186521530151367,0.36410900950431824,0.00439453125,0.009655505418777466,2.1971638202667236,0.1914127618074417,5.797226905822754,624.6802368164062,0.02823571488261223,0.24054834246635437,5.8451032638549805,58.88888931274414,113.68803405761719,5.198615074157715,10.367319107055664,0.0031509599648416042,36.79166793823242,61.40264129638672,0.5991870570298347,29.08333396911621,0.47364955888454824,3.0223236083984375,0.718741774559021,0.7561678290367126,0.7561678290367126,0.0,0.291116327047348,0.03206115961074829,0.0005221462616041159,0.30306634306907654,0.41196826100349426,2.0,48
11824,0.36298519372940063,0.43262869119644165,0.9999999403953552,1.0283957719802856,0.7238953113555908,0.00244140625,0.00023252656683325768,0.09524288028478622,0.005590105429291725,0.20801866054534912,1003.4473266601562,0.01712392456829548,0.18558062613010406,5.508965492248535,54.400001525878906,80.84147644042969,2.574472427368164,10.498655319213867,0.00158371077850461,28.354167938232422,63.75745391845703,0.4447192632574218,21.791667938232422,0.34179012171165274,3.0830979347229004,0.6892327070236206,0.8154544234275818,0.8154544234275818,0.0,0.5443708896636963,0.026576807722449303,0.00041684236249884513,0.5339188575744629,0.009921133518218994,2.0,48
11931,0.36813730001449585,0.45987895131111145,1.0,0.8802410960197449,0.6142337322235107,0.01416015625,0.0025961934588849545,0.1833449751138687,0.0308315958827734,0.6668696403503418,280.6761474609375,0.07434378564357758,0.38163843750953674,6.793761253356934,82.75862121582031,181.25375366210938,8.941692352294922,10.209846496582031,0.004856542218476534,48.8125,71.68179321289062,0.6809609219487603,38.0625,0.5309925755016582,3.5154483318328857,0.9215030670166016,0.818657636642456,0.818657636642456,0.0,0.45223259925842285,0.03386876732110977,0.00047248772384637043,0.4532616436481476,0.09717587381601334,2.0,48
12130,0.3059538006782532,0.417065292596817,1.0,1.2775834798812866,0.6654260158538818,0.00830078125,0.003243429586291313,0.3907378613948822,0.053950004279613495,1.8584046363830566,761.0510864257812,0.04803864285349846,0.3055773079395294,6.551082611083984,69.0,82.22117614746094,2.1902098655700684,10.523943901062012,0.0012924129841849208,39.3125,68.19078063964844,0.5765075516876735,32.85416793823242,0.4817977976675621,2.7393226623535156,0.7314893007278442,0.8318685293197632,0.8318685293197632,0.0,0.5142011642456055,0.028769075870513916,0.00042189098872946014,0.5182576179504395,0.13824781775474548,2.0,48
12139,0.32741567492485046,0.4180849492549896,1.0,0.8051275610923767,0.7498353123664856,0.0791015625,0.02368149347603321,0.2993808686733246,0.11401670426130295,1.779738426208496,63.32923126220703,0.27656954526901245,0.6163620352745056,7.477202415466309,70.23456573486328,129.47540283203125,4.427560329437256,10.40980339050293,0.002226094715297222,60.10416793823242,79.76486206054688,0.7535168541390339,48.1875,0.6041193922880638,3.925323009490967,0.8529805541038513,0.8380608558654785,0.8380608558654785,0.0,0.18632639944553375,0.040937669575214386,0.0005132293658203491,0.15159228444099426,0.32998836040496826,2.0,48
12177,0.2988417148590088,0.5211323499679565,1.0,0.8728710412979126,0.741220235824585,0.01611328125,0.006718181539326906,0.41693443059921265,0.07924753427505493,1.8712289333343506,272.4569396972656,0.08250018209218979,0.3851378262042999,6.973577499389648,69.7272720336914,111.41799926757812,3.2684245109558105,10.45747184753418,0.0017227444332093,49.625,79.27299499511719,0.6260013261363045,40.6875,0.513258014250295,3.259547710418701,0.7131325006484985,0.8049205541610718,0.8049205541610718,0.0,0.28365686535835266,0.029116123914718628,0.00036728931350252556,0.30823391675949097,0.2570101320743561,2.0,48
12274,0.3428462743759155,0.4533809423446655,1.0,0.8440013527870178,0.7363228797912598,0.00537109375,0.001243466162122786,0.23151078820228577,0.027752265334129333,1.1260650157928467,1337.8748779296875,0.03342986851930618,0.24039623141288757,6.2344746589660645,69.2727279663086,99.97932434082031,2.5772597789764404,10.460489273071289,0.001496576238423586,48.645835876464844,79.13863372802734,0.6146913786444328,38.4375,0.4856983016315353,3.78043270111084,0.7321206331253052,0.8318722248077393,0.8318722248077393,0.0,0.4800904095172882,0.03239719197154045,0.00040937264697776934,0.42181235551834106,0.0530545599758625,2.0,48
12339,0.29106366634368896,0.3260323107242584,1.0,0.7495303750038147,0.8692843317985535,0.01318359375,0.003385755466297269,0.2568158209323883,0.04354775696992874,1.2650705575942993,427.2330017089844,0.07016520947217941,0.36632806062698364,6.953096389770508,79.59259033203125,81.48886108398438,1.8118267059326172,10.518218994140625,0.001163296401500702,48.3125,69.75896453857422,0.6925633187453533,42.47916793823242,0.6089420651972771,2.955226421356201,0.6578273177146912,0.9086188077926636,0.9086188077926636,0.0,0.5255752205848694,0.02260974608361721,0.00032411240949360286,0.4236217141151428,0.13389992713928223,2.0,48
12465,0.322223424911499,0.4183197021484375,1.0,0.7436376810073853,0.7386541366577148,0.01806640625,0.004006124567240477,0.22174440324306488,0.038246843963861465,0.6727561950683594,170.7001953125,0.09041537344455719,0.43221142888069153,7.187086582183838,75.48648834228516,82.636962890625,1.709926962852478,10.524443626403809,0.0010808354709297419,40.29166793823242,97.78500366210938,0.4120434261406545,31.77083396911621,0.3249049729102584,6.082736015319824,0.9102527499198914,0.805241584777832,0.805241584777832,0.0,0.5254705548286438,0.036705970764160156,0.00037537423312108113,0.5045776963233948,0.12969279289245605,2.0,48
12587,0.38541731238365173,0.6097774505615234,1.0000001192092896,1.9133591651916504,0.4747806191444397,0.0029296875,0.00042246730299666524,0.14420217275619507,0.010142807848751545,0.3480738401412964,902.9058837890625,0.020013848319649696,0.190828338265419,5.404507637023926,57.16666793823242,107.86466217041016,3.8422539234161377,10.454519271850586,0.0021571104880422354,46.0,124.62799072265625,0.3690984643945369,35.833335876464844,0.2875223749160183,5.178831100463867,0.8267473578453064,0.8963108062744141,0.8963108062744141,0.0,0.4326286315917969,0.04679093509912491,0.00037544483244937924,0.3261570632457733,0.018025271594524384,2.0,48
12735,0.2959856688976288,0.3781953454017639,0.9999999403953552,1.453452706336975,0.6302670240402222,0.0029296875,0.002976813120767474,1.0160855054855347,0.11027975380420685,4.964644432067871,1999.6339111328125,0.020013848319649696,0.10165431350469589,5.522829532623291,58.16666793823242,84.47337341308594,2.3766837120056152,10.510540008544922,0.0014912034384906292,34.60416793823242,74.41580200195312,0.4650110192009231,27.229167938232422,0.3659057243494965,3.320228338241577,0.7451307773590088,0.7908186316490173,0.7908186316490173,0.0,0.28984951972961426,0.02874550223350525,0.0003862822338310346,0.27009159326553345,0.12701070308685303,2.0,48
12952,0.4044865667819977,0.4634871184825897,1.0,0.9028952717781067,0.6350386142730713,0.0205078125,0.0056515890173614025,0.2755822539329529,0.06082744151353836,1.7930612564086914,421.41082763671875,0.10000890493392944,0.42175155878067017,6.957625865936279,66.33333587646484,83.17572021484375,2.732998847961426,10.503178596496582,0.0016890396364033222,42.208335876464844,55.02861785888672,0.7670251863681554,34.020835876464844,0.6182389671774817,2.5800530910491943,0.768742561340332,0.7900075912475586,0.7900075912475586,0.0,0.4185806214809418,0.021512828767299652,0.0003909389259704276,0.44918176531791687,0.19074447453022003,2.0,48
12964,0.3471396863460541,0.3743469715118408,1.0,0.5673078298568726,0.7825236916542053,0.08447265625,0.012540509924292564,0.14845643937587738,0.05826873332262039,0.9101502299308777,60.863677978515625,0.2895594835281372,0.6233108043670654,7.444544792175293,80.99421691894531,122.6795654296875,6.06917667388916,10.405023574829102,0.003040239680558443,57.85416793823242,62.534210205078125,0.9251602880927204,46.375,0.7415940785131744,3.2144222259521484,0.8442705869674683,0.8332504034042358,0.8332504034042358,0.0,0.21497271955013275,0.019785543903708458,0.00031639551911919416,0.24030625820159912,0.15931086242198944,2.0,48
13073,0.35589972138404846,0.4543720483779907,1.0,1.3873811960220337,0.6092454195022583,0.00244140625,0.0008842617971822619,0.36219364404678345,0.021375373005867004,0.5875687599182129,651.4696044921875,0.01712392456829548,0.17064934968948364,5.909273624420166,87.5999984741211,87.89849853515625,2.37738299369812,10.517207145690918,0.0013488156255334616,37.270835876464844,69.96144104003906,0.5327339648393941,29.666667938232422,0.42404312279693757,3.246074676513672,0.6648344397544861,0.841552197933197,0.841552197933197,0.0,0.22847262024879456,0.02838439866900444,0.00040571489441881066,0.2550983428955078,0.037728503346443176,2.0,48
13170,0.4554128646850586,0.5773383975028992,1.0,2.1859443187713623,0.43878892064094543,0.00390625,0.007297567091882229,1.8681771755218506,0.1895466148853302,6.601503849029541,1007.0013427734375,0.02555946074426174,0.1811896562576294,5.839488983154297,65.375,82.14933013916016,2.5415985584259033,10.498144149780273,0.0013316546101123095,41.75,63.67295455932617,0.6556944040431361,33.91666793823242,0.5326699250512155,2.7920093536376953,0.7977607250213623,0.7849158048629761,0.7849158048629761,0.0,0.3543209135532379,0.02892785333096981,0.00045431931856520954,0.35448312759399414,0.3113628625869751,2.0,48
13206,0.3400671184062958,0.42910346388816833,1.0,0.9579341411590576,0.7414544224739075,0.0048828125,0.0011609827633947134,0.23776927590370178,0.02419038861989975,0.8151881098747253,843.4959106445312,0.03085736557841301,0.24070894718170166,6.344009876251221,73.0999984741211,84.44324493408203,2.708432674407959,10.504667282104492,0.0016829383093863726,37.66666793823242,86.76670837402344,0.43411428922164896,29.64583396911621,0.3416729125865396,3.9226863384246826,0.8127815127372742,0.8283333778381348,0.8283333778381348,0.0,0.5829401016235352,0.03724328428506851,0.0004292347258378446,0.5411613583564758,0.04953525960445404,2.0,48
13297,0.3868716359138489,0.4619450569152832,1.0,1.2520641088485718,0.5239973068237305,0.0146484375,0.004182081203907728,0.2854967415332794,0.05478838086128235,1.682753086090088,550.4483032226562,0.07640714943408966,0.373049259185791,6.9083099365234375,72.16666412353516,119.58396911621094,5.31681489944458,10.386056900024414,0.0029648933559656143,47.458335876464844,71.64369201660156,0.6624216945553755,37.895835876464844,0.5289486737003166,2.8840432167053223,0.7951619029045105,0.8079251050949097,0.8079251050949097,0.0,0.22834858298301697,0.02822241745889187,0.0003939274576806118,0.27785441279411316,0.15807496011257172,2.0,48
13346,0.30364352464675903,0.42300406098365784,1.0,1.130885362625122,0.7436298131942749,0.01171875,0.0025743742007762194,0.21967993676662445,0.0312662199139595,0.7099655270576477,300.2078857421875,0.0637580007314682,0.37347495555877686,6.851352691650391,86.125,78.05134582519531,5.912682056427002,10.484664916992188,0.003436190076172352,42.66666793823242,58.16997528076172,0.7334826553555119,32.708335876464844,0.5622889766236402,2.794053554534912,0.7533007860183716,0.8801895976066589,0.8801895976066589,0.0,0.6643772721290588,0.017654675990343094,0.0003035015212245917,0.5243566632270813,0.0999615415930748,2.0,48
13458,0.45452889800071716,0.5524672865867615,1.0,1.1960810422897339,0.5341222286224365,0.00341796875,0.0011296290904283524,0.33049720525741577,0.025808067992329597,0.9245637655258179,926.3982543945312,0.02282176911830902,0.20744110643863678,5.954519271850586,83.85713958740234,104.76545715332031,3.4636123180389404,10.461810111999512,0.0017524262657389045,40.770835876464844,77.37646484375,0.5269152054636536,32.645835876464844,0.4219091158812832,3.120512008666992,0.7164482474327087,0.8328381776809692,0.8328381776809692,0.0,0.43658143281936646,0.03374088928103447,0.00043606139599177156,0.37791791558265686,0.04819750785827637,2.0,48
13489,0.45137009024620056,0.6884564757347107,0.9999999403953552,0.7296294569969177,0.8576440215110779,0.1240234375,0.04414448142051697,0.35593661665916443,0.18063630163669586,2.7412731647491455,51.39893341064453,0.37486550211906433,0.6602939367294312,7.676560878753662,68.88582611083984,108.72449493408203,5.070990562438965,10.37873649597168,0.002592253964394331,37.1875,51.36803436279297,0.7239424372386793,29.041667938232422,0.5653645947880441,2.060427665710449,0.7613670229911804,0.8638405799865723,0.8638405799865723,0.0,0.391617089509964,0.01054869033396244,0.000205355148639862,0.1877245455980301,0.4864217936992645,2.0,48
13673,0.32302889227867126,0.43494468927383423,1.0,0.799172043800354,0.8064693808555603,0.00927734375,0.0017890308517962694,0.19283869862556458,0.022938471287488937,0.5289553999900818,294.2780456542969,0.05265381559729576,0.35351040959358215,6.5850043296813965,81.0526351928711,101.09780883789062,3.5349509716033936,10.484822273254395,0.0017588199116289616,53.375,68.21707916259766,0.7824286915737722,45.29166793823242,0.6639344352993903,2.872744083404541,0.7344555854797363,0.8724633455276489,0.8724633455276489,0.0,0.36013031005859375,0.024101272225379944,0.000353302611570348,0.290855348110199,0.07348670810461044,2.0,48
13740,0.40474534034729004,0.6573126912117004,1.0,0.8966756463050842,0.6681636571884155,0.017578125,0.009374802000820637,0.5333220958709717,0.10131633281707764,1.9925127029418945,230.0999298095703,0.08845767378807068,0.4087671637535095,6.998831272125244,73.47222137451172,99.67179107666016,3.567902088165283,10.462696075439453,0.0018955047708004713,42.9375,86.23849487304688,0.4978925021619416,34.1875,0.39642969240550513,3.6536216735839844,0.7354757785797119,0.7896990776062012,0.7896990776062012,0.0,0.32090336084365845,0.04450182244181633,0.0005160319936261398,0.33749446272850037,0.3352780342102051,2.0,48
13929,0.4713039994239807,0.6050096154212952,1.0,1.2287923097610474,0.49412211775779724,0.00341796875,0.00042972314986400306,0.12572471797466278,0.007961434312164783,0.21132761240005493,448.6135559082031,0.02282176911830902,0.24321073293685913,6.038045883178711,113.28571319580078,90.92131042480469,3.3632113933563232,10.456612586975098,0.0021468265913426876,41.91666793823242,73.70252990722656,0.5687276676296997,33.5,0.45452985179237404,3.7809410095214844,0.7710852026939392,0.8087301254272461,0.8087301254272461,0.0,0.22173801064491272,0.02670486643910408,0.00036233310402092897,0.26099079847335815,0.018334854394197464,2.0,48
14090,0.3851301670074463,0.4432193636894226,1.0,0.5304988026618958,0.788728654384613,0.06201171875,0.008305678144097328,0.13393723964691162,0.041868891566991806,0.544296145439148,44.86582565307617,0.23246733844280243,0.5922585725784302,7.4212870597839355,69.73228454589844,96.91693878173828,3.0730552673339844,10.471086502075195,0.0018175523728132248,52.16666793823242,55.57794952392578,0.9386216723664652,39.083335876464844,0.7032165850704455,3.289640426635742,0.8944258093833923,0.8396825790405273,0.8396825790405273,0.0,0.18023811280727386,0.01736050844192505,0.00031236324095274296,0.20717944204807281,0.11347164958715439,2.0,48
14174,0.30778390169143677,0.45081713795661926,1.0,1.0696969032287598,0.6772906184196472,0.00634765625,0.0030968973878771067,0.4878804385662079,0.07840998470783234,3.374631404876709,1672.0185546875,0.03844451159238815,0.22415795922279358,6.230093955993652,65.38461303710938,101.91893005371094,2.359323740005493,10.542726516723633,0.001225144136697054,40.395835876464844,79.12877655029297,0.5105075249796746,31.729167938232422,0.40098140420578937,3.188206672668457,0.6559481620788574,0.7941316366195679,0.7941316366195679,0.0,0.23770247399806976,0.029145024716854095,0.00036832396485552576,0.301975816488266,0.13213428854942322,2.0,48
14198,0.41076478362083435,0.5025250315666199,0.9999999403953552,1.1801668405532837,0.5237893462181091,0.013671875,0.007460703607648611,0.5456971526145935,0.07698199898004532,1.5766865015029907,201.89700317382812,0.07226333767175674,0.40803563594818115,6.676890850067139,63.892860412597656,92.8780288696289,2.468820571899414,10.497241973876953,0.0014411822194233537,40.020835876464844,74.70196533203125,0.5357400664524019,32.895835876464844,0.44036104975080115,3.0931124687194824,0.8184415698051453,0.7991976737976074,0.7991976737976074,0.0,0.39248818159103394,0.02677079290151596,0.00035836798642368927,0.37847834825515747,0.26887157559394836,2.0,48
14545,0.38616400957107544,0.5234622955322266,1.0,1.4584697484970093,0.5473006963729858,0.005859375,0.003964246716350317,0.6765647530555725,0.08603521436452866,2.7928617000579834,870.9483642578125,0.03595767915248871,0.23589840531349182,6.057423114776611,67.66666412353516,87.0108642578125,2.9568729400634766,10.50732421875,0.001840048236772418,37.520835876464844,65.11526489257812,0.5762218111621208,29.77083396911621,0.45720207102985294,3.108956813812256,0.6727051138877869,0.7594377994537354,0.7594377994537354,0.0,0.3064781427383423,0.04309588298201561,0.0006618399394749189,0.31691306829452515,0.16914117336273193,2.0,48
14658,0.5645820498466492,0.6919124722480774,1.0,1.7073794603347778,0.3999595046043396,0.00927734375,0.0034420194569975138,0.37101346254348755,0.055362019687891006,1.7170453071594238,578.7889404296875,0.05265381559729576,0.31100064516067505,5.879113674163818,70.89473724365234,102.35199737548828,2.9165282249450684,10.501778602600098,0.0013915272429585457,60.9375,79.94893646240234,0.7622052611173269,46.875,0.5863117393210207,3.714078903198242,0.9410946369171143,0.8456878066062927,0.8456878066062927,0.0,0.27405479550361633,0.03926991671323776,0.0004911874809841077,0.26945799589157104,0.14510931074619293,2.0,48
14703,0.3888845145702362,0.5338659286499023,1.0,1.3765650987625122,0.5724328756332397,0.00341796875,0.0011081353295594454,0.32420873641967773,0.028898024931550026,1.211233377456665,1513.401611328125,0.02282176911830902,0.18973809480667114,6.069140434265137,73.0,89.60053253173828,2.2081363201141357,10.523446083068848,0.0013109188294038177,44.625,80.79265594482422,0.5523398070358324,34.72916793823242,0.429855505154472,4.057638645172119,0.7750665545463562,0.8494137525558472,0.8494137525558472,0.0,0.20080764591693878,0.030424704775214195,0.00037657760368994906,0.2493903934955597,0.0472804419696331,2.0,48
14719,0.35483962297439575,0.5201306939125061,1.0,0.97471684217453,0.701323390007019,0.0244140625,0.007867720909416676,0.32226184010505676,0.07679783552885056,1.4598174095153809,197.97019958496094,0.1147531270980835,0.43798208236694336,7.166296482086182,81.69999694824219,108.35726165771484,4.359511852264404,10.349996566772461,0.0028620753437280655,36.520835876464844,62.78434753417969,0.5816869539142075,29.354167938232422,0.4675395872765369,2.6408095359802246,0.685835599899292,0.7109106779098511,0.7109106779098511,0.0,0.25957420468330383,0.029388438910245895,0.00046808543944119234,0.32157158851623535,0.2555081248283386,2.0,48
14890,0.3800191879272461,0.5423142910003662,1.0,0.9839540719985962,0.7494214773178101,0.009765625,0.0011272227857261896,0.11542761325836182,0.015340638346970081,0.36953455209732056,331.05023193359375,0.05492175742983818,0.34219375252723694,6.822041988372803,68.5999984741211,100.5108413696289,4.670777320861816,10.485736846923828,0.0023289863020181656,48.16666793823242,78.1058578491211,0.6166844492651276,39.79166793823242,0.5094581767478227,3.214289426803589,0.7550856471061707,0.8439499735832214,0.8439499735832214,0.0,0.23140154778957367,0.026800166815519333,0.0003431262078173263,0.24867479503154755,0.046468038111925125,2.0,48
14979,0.3476625680923462,0.4564843773841858,1.0,0.9069042205810547,0.6978440284729004,0.01416015625,0.00308119785040617,0.21759632229804993,0.032829973846673965,0.6886725425720215,244.20985412597656,0.07434378564357758,0.40540143847465515,6.906378746032715,72.13793182373047,120.76093292236328,5.399571418762207,10.316557884216309,0.0036163930781185627,43.395835876464844,64.86272430419922,0.6690412148933588,33.85416793823242,0.5219356463388841,3.039039373397827,0.742031991481781,0.7759589552879333,0.7759589552879333,0.0,0.5535508990287781,0.029427876695990562,0.0004536947377270192,0.5487949252128601,0.1070522740483284,2.0,48
15245,0.239754319190979,0.38465210795402527,1.0,0.7424036860466003,0.8519763946533203,0.0185546875,0.0018843139987438917,0.10155460983514786,0.01697876863181591,0.2997371256351471,133.3865966796875,0.09235962480306625,0.44073545932769775,7.1726484298706055,74.92105102539062,90.87960815429688,3.4155876636505127,10.49969482421875,0.0015975714195519686,46.708335876464844,66.2504653930664,0.7050265321502625,39.5625,0.5971656162609968,2.7706458568573,0.6854715347290039,0.9012298583984375,0.9012298583984375,0.0,0.5188076496124268,0.016982242465019226,0.0002563339345874724,0.4222290813922882,0.05738276243209839,2.0,48
15293,0.41157016158103943,0.7001904845237732,1.0,2.0614426136016846,0.40396443009376526,0.00341796875,0.003980256617069244,1.1645094156265259,0.11241429299116135,4.348350524902344,1216.0721435546875,0.02282176911830902,0.15596051514148712,5.689704895019531,56.42856979370117,114.39722442626953,5.077422142028809,10.449020385742188,0.0026857596822082996,40.083335876464844,63.059104919433594,0.6356470793760897,32.145835876464844,0.5097731075066432,2.7388665676116943,0.6557086706161499,0.8205002546310425,0.8205002546310425,0.0,0.23486094176769257,0.026584293693304062,0.00042157740302614926,0.29084742069244385,0.1698242872953415,2.0,48
15553,0.35748735070228577,0.5045627951622009,1.0,1.3066465854644775,0.5828717350959778,0.00732421875,0.006110980175435543,0.8343524932861328,0.10236198455095291,2.883640766143799,533.5265502929688,0.0433073565363884,0.29510992765426636,6.237800598144531,60.53333282470703,91.1422119140625,2.597818374633789,10.524569511413574,0.001257632626220584,40.645835876464844,66.94822692871094,0.6071234106569375,33.083335876464844,0.49416298816623827,2.8861942291259766,0.8348780870437622,0.8065366744995117,0.8065366744995117,0.0,0.23822447657585144,0.02596934139728546,0.0003879018546833153,0.30855461955070496,0.2607351541519165,2.0,48
15642,0.2501937448978424,0.44534680247306824,1.0,1.1077330112457275,0.818103551864624,0.013671875,0.0035579269751906395,0.2602369487285614,0.04261379316449165,1.0462331771850586,291.446533203125,0.07226333767175674,0.3788343071937561,6.925236225128174,75.25,85.95292663574219,5.016239643096924,10.484991073608398,0.002326427958905697,43.79166793823242,62.46928024291992,0.701011245222175,36.645835876464844,0.5866217079514368,2.5345427989959717,0.7635655403137207,0.8550804853439331,0.8550804853439331,0.0,0.32938188314437866,0.03980385512113571,0.0006371748635486354,0.30333811044692993,0.13694657385349274,2.0,48
15721,0.319965660572052,0.43016722798347473,0.9999999403953552,0.919823944568634,0.6697479486465454,0.0087890625,0.0034333341754972935,0.3906371295452118,0.05392473191022873,1.5546808242797852,485.01531982421875,0.05035991966724396,0.3095156252384186,6.744875907897949,79.83333587646484,119.98976135253906,5.097721576690674,10.40920639038086,0.0026941264513880014,41.10416793823242,80.49886322021484,0.5106179924638262,34.208335876464844,0.4249542726912064,3.099709987640381,0.7346405386924744,0.8477168083190918,0.8477168083190918,0.0,0.33196964859962463,0.028294261544942856,0.00035148647334342416,0.325014591217041,0.14612792432308197,2.0,48
15774,0.4169677793979645,0.4673727750778198,1.0,0.942607045173645,0.6643811464309692,0.00341796875,0.00046575532178394496,0.13626669347286224,0.010274030268192291,0.2962139844894409,621.4888916015625,0.02282176911830902,0.20267470180988312,5.860272407531738,57.71428680419922,87.2484130859375,2.7700536251068115,10.477080345153809,0.0018100363668054342,41.5,126.39466857910156,0.3283366336828099,31.5625,0.24971385543647442,7.099647521972656,0.9064363241195679,0.7879410982131958,0.7879410982131958,0.0,0.8354006409645081,0.046656012535095215,0.00036912959269484686,1.0644557476043701,0.019872227683663368,2.0,48
15941,0.27827414870262146,0.4503768980503082,0.9999999403953552,1.0257046222686768,0.7297351956367493,0.01171875,0.0042742472141981125,0.36473575234413147,0.056477658450603485,1.2196487188339233,276.91925048828125,0.0637580007314682,0.34833866357803345,6.7377166748046875,70.5,105.26206970214844,4.184048175811768,10.4267578125,0.0024282033555209637,39.6875,60.4497184753418,0.6565373833729872,32.0625,0.5303994923942401,2.823641777038574,0.7935609817504883,0.7859665751457214,0.7859665751457214,0.0,0.4269981384277344,0.03295190632343292,0.0005451126514579765,0.4232891798019409,0.17590580880641937,2.0,48
15965,0.3922019898891449,0.47126060724258423,1.0,0.964091956615448,0.6748389005661011,0.0302734375,0.011301017366349697,0.37329810857772827,0.09312069416046143,2.067629337310791,185.95852661132812,0.13569138944149017,0.48079925775527954,7.048917770385742,67.16129302978516,73.54473876953125,1.7505358457565308,10.515889167785645,0.0012378412066027522,43.35416793823242,44.61079025268555,0.9718314264989782,33.1875,0.7439343666538789,2.9995079040527344,0.9182402491569519,0.789695143699646,0.789695143699646,0.0,0.15349489450454712,0.015378996729850769,0.00034473715079453427,0.21517686545848846,0.3037944734096527,2.0,48
16020,0.40355202555656433,0.5405970215797424,1.0,0.8850805759429932,0.5668895244598389,0.0087890625,0.0010366045171394944,0.11794255673885345,0.015746554359793663,0.43373650312423706,452.6980285644531,0.05035991966724396,0.3192451298236847,6.764077186584473,82.44444274902344,90.60102844238281,3.1301872730255127,10.476398468017578,0.0017228276701644063,48.29166793823242,83.31710815429688,0.5796128670597142,41.0625,0.49284595810775084,2.7672557830810547,0.7510536909103394,0.8426613807678223,0.8426613807678223,0.0,0.5448383688926697,0.026133954524993896,0.0003136685261982346,0.43644875288009644,0.04391172155737877,2.0,48
16052,0.5026049017906189,0.7175701856613159,1.0,2.300187110900879,0.355709433555603,0.0029296875,0.0034934321884065866,1.1924248933792114,0.09981901198625565,3.857692003250122,1199.4012451171875,0.020013848319649696,0.14528077840805054,5.580092430114746,56.0,123.41079711914062,5.279770851135254,10.396721839904785,0.0029193335212767124,41.72916793823242,70.0317611694336,0.595860610035424,32.3125,0.4613977923132582,3.601133346557617,0.700598418712616,0.7913306951522827,0.7913306951522827,0.0,0.33550795912742615,0.03264306113123894,0.0004661179525044604,0.3869967460632324,0.14905311167240143,2.0,48
16141,0.4104268252849579,0.49970561265945435,1.0,0.7745839357376099,0.6670694351196289,0.01904296875,0.006308786571025848,0.33129218220710754,0.06574364006519318,1.5113098621368408,253.18954467773438,0.09429078549146652,0.41887062788009644,6.847015380859375,85.84615325927734,90.8128890991211,3.2099225521087646,10.463936805725098,0.002126928884536028,41.395835876464844,55.71235275268555,0.7430279610124547,32.145835876464844,0.576996559692865,3.2644803524017334,0.8541254997253418,0.7763111591339111,0.7763111591339111,0.0,0.3196977376937866,0.033112119883298874,0.0005943407205282555,0.34982892870903015,0.2150442749261856,2.0,48
16285,0.4396475851535797,0.5012180209159851,0.9999999403953552,1.7568511962890625,0.5371302962303162,0.00390625,0.001067624194547534,0.2733117938041687,0.026376819238066673,0.945429801940918,978.8233642578125,0.02555946074426174,0.18846102058887482,6.128997802734375,65.375,73.7890625,1.9149107933044434,10.527027130126953,0.0011356729082763195,37.333335876464844,91.7254638671875,0.40701168790436393,28.02083396911621,0.305485879108049,5.2817702293396,0.8800696134567261,0.7619231939315796,0.7619231939315796,0.0,0.8470475673675537,0.025413524359464645,0.00027706073412167386,1.1700979471206665,0.04555196687579155,2.0,48
16480,0.3598562180995941,0.44117894768714905,1.0,0.932845413684845,0.7049977779388428,0.021484375,0.0066474322229623795,0.3094077408313751,0.06836381554603577,1.420039176940918,244.6430206298828,0.10376113653182983,0.4271096885204315,7.099882125854492,80.0,101.6702651977539,4.125881195068359,10.422643661499023,0.0025244057178497314,35.083335876464844,59.01103973388672,0.5945215679765975,28.39583396911621,0.48119528299038133,2.697395086288452,0.785676121711731,0.7415132522583008,0.7415132522583008,0.0,0.2584989070892334,0.02983151748776436,0.0005055243496341678,0.3143846094608307,0.2193012833595276,2.0,48
16485,0.39247211813926697,0.6080130934715271,1.0,1.0189696550369263,0.6802427768707275,0.0283203125,0.010715420357882977,0.3783651888370514,0.09549018740653992,2.034193992614746,228.11471557617188,0.12885403633117676,0.4666059911251068,7.302639007568359,72.74137878417969,76.51231384277344,2.630094528198242,10.50471305847168,0.0016220201505348086,35.54166793823242,45.822601318359375,0.7756361906113756,27.5,0.6001405246057122,1.9195917844772339,0.6898027658462524,0.777012825012207,0.777012825012207,0.0,0.24158288538455963,0.014711434952914715,0.000321051937830729,0.3116110861301422,0.3075146973133087,2.0,48
16576,0.36846959590911865,0.5838299989700317,1.0,1.3744860887527466,0.5698877573013306,0.0068359375,0.001249370165169239,0.18276500701904297,0.02118545211851597,0.7173416018486023,711.748046875,0.04089350998401642,0.2933445870876312,6.440155982971191,71.78571319580078,93.63633728027344,2.352691650390625,10.527056694030762,0.0013647035229951143,43.47916793823242,74.71174621582031,0.5819589306186778,34.54166793823242,0.46233249365940876,3.3667168617248535,0.8434467315673828,0.7987544536590576,0.7987544536590576,0.0,0.6452677845954895,0.0287075936794281,0.00038424471558538923,0.6691247224807739,0.0533064603805542,2.0,48
16708,0.452104389667511,0.5116032361984253,1.0,0.5847176909446716,0.7364923357963562,0.06591796875,0.008957785554230213,0.13589292764663696,0.04707891494035721,0.6293343305587769,61.26548767089844,0.24294963479042053,0.590739905834198,7.367330551147461,69.4888916015625,81.963623046875,2.856499433517456,10.477422714233398,0.001916833221912384,35.41666793823242,38.869651794433594,0.9111650424970539,27.4375,0.7058848928734266,1.8538837432861328,0.6501504182815552,0.781960666179657,0.781960666179657,0.0,0.12871769070625305,0.01346886157989502,0.00034651356404377974,0.17780067026615143,0.13871830701828003,2.0,48
17002,0.4302704930305481,0.524844765663147,1.0,0.6029244661331177,0.7231614589691162,0.0185546875,0.0028088968247175217,0.15138475596904755,0.027341339737176895,0.5005524158477783,165.91575622558594,0.09235962480306625,0.42745116353034973,7.155736446380615,78.31578826904297,78.90204620361328,1.8707606792449951,10.486855506896973,0.0013624910498037934,41.583335876464844,51.86754608154297,0.8017216739552872,33.41666793823242,0.6442693062682028,2.1319127082824707,0.7517508268356323,0.7930790185928345,0.7930790185928345,0.0,0.301600843667984,0.01649664342403412,0.00031805328509119316,0.3307759463787079,0.09418722242116928,2.0,48
17165,0.3371008336544037,0.5833133459091187,0.9999999403953552,1.0990910530090332,0.6591681838035583,0.02392578125,0.011706496588885784,0.4892837703227997,0.11717075854539871,2.835660457611084,282.71356201171875,0.11294737458229065,0.43928778171539307,7.124001979827881,73.26530456542969,116.14350128173828,4.8438334465026855,10.393376350402832,0.0026069185696542263,47.3125,86.108154296875,0.5494543505297559,38.1875,0.44348296984634195,3.5046329498291016,0.9085832834243774,0.8408345580101013,0.8408345580101013,0.0,0.37401318550109863,0.04634983465075493,0.000538274627111062,0.33992087841033936,0.37416067719459534,2.0,48
17342,0.45901909470558167,0.5614053010940552,1.0,0.9826467037200928,0.6087263822555542,0.0380859375,0.016822662204504013,0.4417027235031128,0.12282516062259674,2.603602409362793,168.52667236328125,0.1618127077817917,0.5164745450019836,6.9483537673950195,70.0897445678711,93.90422058105469,2.6042041778564453,10.482545852661133,0.0015448324847966433,49.125,63.292327880859375,0.7761604231828956,40.645835876464844,0.6421921460457908,2.8572516441345215,0.846727728843689,0.8132832050323486,0.8132832050323486,0.0,0.15428616106510162,0.028600890189409256,0.0004518855782762222,0.14517207443714142,0.38538840413093567,2.0,48
17769,0.4839780330657959,0.593873143196106,0.9999999403953552,1.2443687915802002,0.5597997903823853,0.01611328125,0.005323273595422506,0.3303655982017517,0.05385131388902664,0.9111542701721191,151.256103515625,0.08250018209218979,0.41054901480674744,6.618399620056152,67.63636016845703,82.58675384521484,2.2931582927703857,10.5086669921875,0.0013868383830413222,44.29166793823242,65.17205047607422,0.6796113918142954,36.208335876464844,0.5555807375464079,3.9692866802215576,1.0849418640136719,0.7711305618286133,0.7711305618286133,0.0,0.20907169580459595,0.0337689183652401,0.0005181503131078521,0.22513985633850098,0.19112356007099152,2.0,48
17899,0.47283419966697693,0.6748392581939697,1.0,2.4709372520446777,0.3575340509414673,0.0068359375,0.008721476420760155,1.275827407836914,0.13508367538452148,3.5170376300811768,438.02581787109375,0.04089350998401642,0.30587902665138245,6.002121925354004,60.0,114.56029510498047,4.820869445800781,10.435323715209961,0.002385401399806142,47.5625,70.87818145751953,0.6710457155534653,37.5,0.5290767796742171,3.8153204917907715,0.8254105448722839,0.7907935380935669,0.7907935380935669,0.0,0.38502752780914307,0.04291655123233795,0.000605497352552771,0.41214993596076965,0.3721163272857666,2.0,48
17927,0.23582088947296143,0.2893434762954712,0.9999999403953552,0.7944380044937134,0.8330934047698975,0.0126953125,0.0022727949544787407,0.1790263056755066,0.029927074909210205,0.8322038650512695,407.29559326171875,0.06804874539375305,0.3605758249759674,6.934572219848633,70.88461303710938,92.65898132324219,2.4514570236206055,10.52101993560791,0.0012911342782899737,47.583335876464844,79.4134750366211,0.5991846578748783,40.47916793823242,0.5097266920314016,2.913180351257324,0.6571664810180664,0.9136039614677429,0.9136039614677429,0.0,0.4772995710372925,0.03029761277139187,0.0003815172771825577,0.3772510588169098,0.09015686064958572,2.0,48
17932,0.44876575469970703,0.5317431688308716,0.9999999403953552,1.2520228624343872,0.653340756893158,0.00732421875,0.0030786311253905296,0.4203357696533203,0.052409492433071136,1.5348341464996338,503.5241394042969,0.0433073565363884,0.2838165760040283,6.420614242553711,68.33333587646484,82.12763977050781,3.0917325019836426,10.507001876831055,0.0017583853332325816,40.35416793823242,82.27071380615234,0.4905046530702354,33.145835876464844,0.40288742298425606,3.129288673400879,0.7229606509208679,0.8601350784301758,0.8601350784301758,0.0,0.34556496143341064,0.04072868824005127,0.0004950569449423561,0.30332526564598083,0.1313549131155014,2.0,48
17943,0.42197760939598083,0.5067176222801208,1.0,0.9002046585083008,0.6398242712020874,0.015625,0.005484902299940586,0.3510337471961975,0.059314120560884476,1.307370662689209,255.98745727539062,0.08048483729362488,0.4073633849620819,6.739142417907715,62.65625,114.79010009765625,4.885977745056152,10.368917465209961,0.003177767852321267,32.1875,86.31976318359375,0.37288679682555953,25.0,0.2896208130683957,3.4189047813415527,0.8121204376220703,0.7902834415435791,0.7902834415435791,0.0,0.5319186449050903,0.02946774661540985,0.0003413789093619387,0.4780387878417969,0.19017766416072845,2.0,48
17955,0.41645440459251404,0.6349484324455261,0.9999999403953552,1.5848897695541382,0.4565083384513855,0.0126953125,0.00637918571010232,0.5024835467338562,0.07821071147918701,2.0701897144317627,369.6728515625,0.06804874539375305,0.3743124306201935,6.537972927093506,63.384613037109375,88.24420928955078,2.381916046142578,10.509805679321289,0.0014334369916468859,40.583335876464844,72.49476623535156,0.5598105625875729,32.66666793823242,0.45060725939408136,3.2625434398651123,0.8789112567901611,0.8077831268310547,0.8077831268310547,0.0,0.18895791471004486,0.0391518659889698,0.0005400647248997822,0.23625928163528442,0.24524958431720734,2.0,48
18117,0.3368465006351471,0.4674687385559082,1.0,1.4509402513504028,0.5733838081359863,0.01318359375,0.007940568029880524,0.6023067831993103,0.11386752128601074,3.001063346862793,411.7196044921875,0.07016520947217941,0.34047794342041016,6.731973648071289,75.14814758300781,143.1715545654297,6.450780391693115,10.332564353942871,0.00363295990973711,50.16666793823242,74.99444580078125,0.6689384446523963,38.79166793823242,0.5172605453490225,3.736875534057617,0.8941212892532349,0.8204874992370605,0.8204874992370605,0.0,0.536244809627533,0.041456643491983414,0.000552796184354543,0.5020413398742676,0.3229680061340332,2.0,48
18133,0.42533349990844727,0.6261206269264221,1.0,0.8828059434890747,0.6510542631149292,0.013671875,0.0034314326476305723,0.250984787940979,0.03971424326300621,1.041893720626831,336.6329040527344,0.07226333767175674,0.3911569118499756,6.851644515991211,75.03571319580078,101.09544372558594,3.706109046936035,10.504252433776855,0.0018979052547365427,39.25,83.09617614746094,0.4723442379060167,31.5,0.379078815134765,3.2368197441101074,0.7372759580612183,0.8316521644592285,0.8316521644592285,0.0,0.3379908502101898,0.027439340949058533,0.0003302118366681888,0.25141704082489014,0.12534044682979584,2.0,48
18150,0.51334148645401,0.7100698947906494,1.0,1.88914954662323,0.39811089634895325,0.00244140625,0.0005382468807511032,0.22046592831611633,0.011581676080822945,0.321625292301178,572.1797485351562,0.01712392456829548,0.20202551782131195,5.617256164550781,73.5999984741211,100.18074798583984,2.3338446617126465,10.509147644042969,0.0012620821362361312,46.1875,91.92181396484375,0.5024650624566671,35.625,0.3875576259814618,5.3454389572143555,0.797119140625,0.8698043823242188,0.8698043823242188,0.0,0.26916953921318054,0.030378825962543488,0.0003304854924953642,0.2766934037208557,0.0229652002453804,2.0,48
18363,0.41310033202171326,0.5197184085845947,1.0,0.917117714881897,0.6356954574584961,0.07080078125,0.024801986292004585,0.3503066897392273,0.13725882768630981,1.9530689716339111,81.96530151367188,0.25570541620254517,0.5877033472061157,7.373015403747559,67.64827728271484,93.61422729492188,2.5915753841400146,10.512149810791016,0.001427158946171403,56.520835876464844,69.79375457763672,0.809826555547951,45.75,0.6555027777242431,3.1322696208953857,0.9082624316215515,0.8372887372970581,0.8372887372970581,0.0,0.16970744729042053,0.029027581214904785,0.00041590513916909606,0.20411381125450134,0.4228971004486084,2.0,48
18443,0.3508492112159729,0.4803030788898468,1.0,0.7004669308662415,0.6949242353439331,0.03076171875,0.007096963003277779,0.23070761561393738,0.05526547506451607,0.9545683860778809,140.60960388183594,0.13738007843494415,0.4912475347518921,7.341753005981445,82.44444274902344,108.5027847290039,2.473296880722046,10.512457847595215,0.0011943031568080187,48.4375,85.75325012207031,0.564847395584429,39.083335876464844,0.45576506798601585,3.1758475303649902,0.8392162322998047,0.8464426398277283,0.8464426398277283,0.0,0.33314624428749084,0.03440131992101669,0.0004011663682488364,0.2953081429004669,0.1743561178445816,2.0,48
18865,0.44378527998924255,0.5802291035652161,1.0,1.7731918096542358,0.45573753118515015,0.0166015625,0.0051103075966238976,0.3078208863735199,0.05245695263147354,1.0142123699188232,198.18710327148438,0.08450048416852951,0.4158046841621399,6.569194793701172,71.85294342041016,95.88917541503906,1.9343676567077637,10.528470993041992,0.0010752256494015455,60.85416793823242,75.59194946289062,0.8050350382887853,46.9375,0.620932524260842,4.378795623779297,0.9903856515884399,0.8377398252487183,0.8377398252487183,0.0,0.31413906812667847,0.037036582827568054,0.0004899540637042362,0.2961864173412323,0.1794523447751999,2.0,48
18909,0.35555505752563477,0.5712154507637024,1.0,1.1888549327850342,0.6337621808052063,0.015625,0.010633525438606739,0.6805456280708313,0.14146757125854492,3.6653127670288086,390.29827880859375,0.08048483729362488,0.3611665368080139,6.889468193054199,71.96875,92.2252426147461,3.6556077003479004,10.481965065002441,0.0022946293465793133,43.91666793823242,63.70899200439453,0.6893323304865631,36.0625,0.566050393511986,2.893052577972412,0.723883330821991,0.7929520606994629,0.7929520606994629,0.0,0.2669725716114044,0.036405596882104874,0.0005714357695987298,0.27818596363067627,0.42023196816444397,2.0,48
19024,0.21233892440795898,0.26149579882621765,1.0,0.9169845581054688,0.8822765946388245,0.00537109375,0.003182521788403392,0.5925276875495911,0.08083095401525497,3.2132744789123535,1265.0728759765625,0.03342986851930618,0.19072343409061432,6.175873756408691,73.7272720336914,88.66686248779297,3.2982704639434814,10.529468536376953,0.0018018055707216263,51.0625,73.1068344116211,0.698464109463594,43.79166793823242,0.5990092210213549,2.921093702316284,0.7459833025932312,0.9022241830825806,0.9022241830825806,0.0,0.509079098701477,0.025783833116292953,0.000352687041099231,0.4656895101070404,0.13578759133815765,2.0,48
19257,0.4765879809856415,0.664660632610321,1.0,1.5138190984725952,0.46055275201797485,0.00341796875,0.0008609403157606721,0.2518865466117859,0.018005117774009705,0.4678187966346741,542.56396484375,0.02282176911830902,0.21613846719264984,5.898344993591309,73.0,104.78690338134766,3.9521191120147705,10.426189422607422,0.002368113026022911,41.97916793823242,72.45635986328125,0.5793717488933986,33.875,0.46752279660810875,2.862752914428711,0.71562659740448,0.8172520399093628,0.8172520399093628,0.0,0.2347344011068344,0.029767710715532303,0.0004108364092205706,0.2555726170539856,0.03673345223069191,2.0,48
19260,0.3524155616760254,0.4548536241054535,1.0,1.181079626083374,0.5667686462402344,0.009765625,0.002172844484448433,0.222499281167984,0.03475077077746391,1.037004828453064,629.2731323242188,0.05492175742983818,0.3218037486076355,6.688455581665039,84.6500015258789,87.90351867675781,3.0669515132904053,10.518024444580078,0.00148658431135118,47.79166793823242,61.80105209350586,0.7733147950004121,39.208335876464844,0.6344282911364971,2.625574827194214,0.8234595656394958,0.7953195571899414,0.7953195571899414,0.0,0.37673017382621765,0.029876258224248886,0.00048342636908852983,0.3482372462749481,0.09026753902435303,2.0,48
19308,0.32697421312332153,0.40306979417800903,0.9999999403953552,1.4387922286987305,0.6123993396759033,0.00439453125,0.0009867459302768111,0.22453951835632324,0.017784593626856804,0.42262792587280273,404.8396301269531,0.02823571488261223,0.25404927134513855,6.0807108879089355,82.88888549804688,91.82875061035156,3.1756138801574707,10.503388404846191,0.001731589436531067,37.79166793823242,72.8179931640625,0.5189880452746901,30.229167938232422,0.41513321942247566,3.2173516750335693,0.8128077983856201,0.8505741357803345,0.8505741357803345,0.0,0.372292160987854,0.03540482372045517,0.0004862098250335501,0.3616647720336914,0.04210115969181061,2.0,48
19338,0.4567607045173645,0.591880202293396,1.0,1.2629131078720093,0.4902832806110382,0.00439453125,0.002465085592120886,0.5609439015388489,0.0496537871658802,1.6615190505981445,749.3046875,0.02823571488261223,0.23729509115219116,6.189931392669678,72.77777862548828,88.20087432861328,2.2995548248291016,10.511547088623047,0.0013494533486664295,41.79166793823242,107.5738525390625,0.3884928070152735,32.625,0.30328001858184195,6.455234527587891,0.8602923154830933,0.8188799619674683,0.8188799619674683,0.0,0.5160701274871826,0.04255182668566704,0.0003955591965646105,0.4721793532371521,0.10517698526382446,2.0,48
19352,0.4083305299282074,0.5645046234130859,1.0,0.8054872751235962,0.6373394727706909,0.01416015625,0.00224129157140851,0.15828154981136322,0.031047826632857323,1.0010244846343994,600.184326171875,0.07434378564357758,0.3600707948207855,6.822700500488281,80.17241668701172,104.47942352294922,3.2154922485351562,10.451526641845703,0.0019563096575438976,45.708335876464844,71.85563659667969,0.6361134357024931,37.41666793823242,0.5207200117513701,2.843593120574951,0.688539445400238,0.8398453593254089,0.8398453593254089,0.0,0.22458773851394653,0.023344844579696655,0.0003248853629601902,0.24845942854881287,0.08697792142629623,2.0,48
19492,0.295419842004776,0.5421732068061829,0.9999999403953552,1.369634747505188,0.5988757610321045,0.00244140625,0.0010258702095597982,0.42019644379615784,0.02606453374028206,0.8161687850952148,905.9390258789062,0.01712392456829548,0.172906294465065,5.561300754547119,68.0,86.97867584228516,2.5278942584991455,10.516996383666992,0.001293378183618188,40.5,77.48617553710938,0.5226738797474546,32.0,0.4129768926399641,3.6759204864501953,0.6828802824020386,0.8551134467124939,0.8551134467124939,0.0,0.25888320803642273,0.028111543506383896,0.000362794308893112,0.22922593355178833,0.04377046227455139,2.0,48
19529,0.430713027715683,0.502771258354187,1.0,0.727733850479126,0.6440662145614624,0.025390625,0.004625486675649881,0.1821730136871338,0.03546586260199547,0.5853068828582764,109.56963348388672,0.1183348149061203,0.4864993691444397,7.0431013107299805,82.86538696289062,132.45388793945312,6.460093975067139,10.284019470214844,0.004089510068297386,47.1875,48.85749435424805,0.9658190747196794,35.8125,0.7329991123369223,2.9667606353759766,0.8988263010978699,0.7279905080795288,0.7279905080795288,0.0,0.554057240486145,0.028772670775651932,0.0005889100771550539,0.6425303220748901,0.11602434515953064,2.0,48
19651,0.344073623418808,0.4187045991420746,0.9999999403953552,0.7119388580322266,0.6650169491767883,0.00439453125,0.0008207047358155251,0.1867559254169464,0.016420837491750717,0.4551936388015747,582.177978515625,0.02823571488261223,0.23450881242752075,6.278751373291016,76.77777862548828,99.10172271728516,2.269467830657959,10.513774871826172,0.0012301479000598192,39.85416793823242,78.62490844726562,0.5068898485254714,32.3125,0.4109702718135762,3.0073487758636475,0.7224158048629761,0.8296468257904053,0.8296468257904053,0.0,0.22221989929676056,0.03524438291788101,0.00044825976410563473,0.2616296410560608,0.0350167341530323,2.0,48
19735,0.36414405703544617,0.4919135868549347,1.0,0.5997399091720581,0.7818107604980469,0.0078125,0.0009410519851371646,0.12045465409755707,0.013817247934639454,0.4090261459350586,474.12738037109375,0.04568839073181152,0.3237842917442322,6.644900321960449,73.1875,92.02600860595703,2.9866695404052734,10.455815315246582,0.002079182304441929,31.89583396911621,47.76634979248047,0.6677469411208785,26.291667938232422,0.550422379917067,1.9809625148773193,0.6041027307510376,0.7858111262321472,0.7858111262321472,0.0,0.25548097491264343,0.01849564164876938,0.0003872106980175595,0.33309122920036316,0.040151551365852356,2.0,48
19742,0.3067147135734558,0.48174336552619934,1.0,1.4086753129959106,0.6620118618011475,0.0029296875,0.0017181963194161654,0.5864776968955994,0.048354946076869965,2.071169376373291,1644.772705078125,0.020013848319649696,0.17073288559913635,5.734772205352783,71.33333587646484,92.45266723632812,4.2262725830078125,10.459466934204102,0.002112174406647682,38.97916793823242,61.39924240112305,0.6348477018206821,30.354167938232422,0.4943736558666965,2.8055856227874756,0.7592802047729492,0.8321815729141235,0.8321815729141235,0.0,0.30949029326438904,0.030649123713374138,0.0004991775551260183,0.3239724636077881,0.07330971211194992,2.0,48
19899,0.49374327063560486,0.6108279824256897,0.9999999403953552,0.8225144147872925,0.6151987314224243,0.03759765625,0.010039512068033218,0.2670249342918396,0.08535372465848923,2.6892635822296143,509.78802490234375,0.16023273766040802,0.503470242023468,7.272451400756836,80.14286041259766,88.56048583984375,3.9258644580841064,10.459770202636719,0.0025983669329434633,39.708335876464844,55.80889129638672,0.7115055495094678,31.854167938232422,0.5707722764703455,2.421261787414551,0.8509697318077087,0.7700912952423096,0.7700912952423096,0.0,0.38166651129722595,0.021646223962306976,0.0003878633575333148,0.41757506132125854,0.24011611938476562,2.0,48
20017,0.2605300545692444,0.30546286702156067,1.0,0.870603621006012,0.7034583687782288,0.00244140625,0.0001659049594309181,0.06795467436313629,0.0036702866200357676,0.10187692940235138,599.8411254882812,0.01712392456829548,0.1968253254890442,5.69489049911499,66.0,117.82568359375,5.091639995574951,10.390436172485352,0.003064593067392707,39.66666793823242,60.61958312988281,0.6543540203287037,30.83333396911621,0.5086365225898486,2.8060388565063477,0.6669022440910339,0.8123132586479187,0.8123132586479187,0.0,0.30691009759902954,0.021765828132629395,0.0003590560509530992,0.3067912757396698,0.007078611757606268,2.0,48
20092,0.5534803867340088,0.6770718097686768,1.0,2.684999942779541,0.36684125661849976,0.00439453125,0.009421045891940594,2.1438112258911133,0.1677219122648239,3.77451229095459,394.7164611816406,0.02823571488261223,0.2567678391933441,5.699307441711426,57.0,75.10934448242188,2.2772257328033447,10.500207901000977,0.0015015730168670416,47.79166793823242,62.6131591796875,0.7632847241176068,38.0,0.6069011768736734,3.2549359798431396,0.930109977722168,0.763261079788208,0.763261079788208,0.0,0.22140873968601227,0.02710455283522606,0.000432889079324562,0.25489816069602966,0.40196463465690613,2.0,48
20132,0.39385557174682617,0.43950679898262024,1.0,0.5366251468658447,0.7334927916526794,0.04345703125,0.006505978759378195,0.14971061050891876,0.04454566538333893,0.7745898962020874,120.2472152709961,0.17877927422523499,0.5297093391418457,7.360293388366699,79.48314666748047,118.74366760253906,4.8041486740112305,10.399035453796387,0.002912095282226801,50.375,59.71421432495117,0.843601486866003,38.583335876464844,0.6461331913376901,3.323765277862549,0.9516571760177612,0.8197340965270996,0.8197340965270996,0.0,0.1643790602684021,0.019801601767539978,0.0003316061676114183,0.18524792790412903,0.14132733643054962,2.0,48
20310,0.30101868510246277,0.38761869072914124,1.0,1.006582498550415,0.6812788248062134,0.015625,0.0030230022966861725,0.19347214698791504,0.03066840022802353,0.6934422850608826,212.3300018310547,0.08048483729362488,0.4141308069229126,7.008474826812744,70.53125,102.330078125,2.97564435005188,10.518762588500977,0.0013007044326514006,44.10416793823242,83.74009704589844,0.5266792073191876,36.16666793823242,0.43189187987315497,3.2147510051727295,0.8214351534843445,0.8435772657394409,0.8435772657394409,0.0,0.3904406726360321,0.04672785848379135,0.0005580105603722842,0.3559551537036896,0.10329624265432358,2.0,48
20540,0.327785462141037,0.3765774071216583,0.9999999403953552,0.718410313129425,0.671015739440918,0.013671875,0.0019640158861875534,0.1436537355184555,0.02316487580537796,0.4447983205318451,249.45933532714844,0.07226333767175674,0.3790893852710724,7.024724006652832,82.10713958740234,110.2813949584961,4.726332664489746,10.409656524658203,0.002720191841945052,38.54166793823242,63.03371810913086,0.6114452564164218,32.395835876464844,0.513944549728737,2.46889066696167,0.6352037787437439,0.792778491973877,0.792778491973877,0.0,0.5746603608131409,0.025843514129519463,0.00040999507724859887,0.5474010705947876,0.0766148790717125,2.0,48
20647,0.39030805230140686,0.48124635219573975,1.0,0.6938543319702148,0.6664128303527832,0.01611328125,0.0030700378119945526,0.19052840769290924,0.03114587441086769,0.5569053888320923,172.19029235839844,0.08250018209218979,0.413505882024765,6.851176738739014,74.36363983154297,105.90115356445312,2.667644500732422,10.479276657104492,0.0015146022196859121,56.41666793823242,78.51107788085938,0.7185822619409066,44.3125,0.5644107964178017,4.276918411254883,1.0197561979293823,0.8283863067626953,0.8283863067626953,0.0,0.3986172676086426,0.03946973383426666,0.0005027282123057174,0.3490879237651825,0.10641293972730637,2.0,48
20688,0.3188082277774811,0.441922128200531,0.9999999403953552,0.9567617177963257,0.785097599029541,0.037109375,0.007274471689015627,0.19602787494659424,0.05199121683835983,1.2607038021087646,210.37022399902344,0.15864618122577667,0.5208939909934998,7.301108360290527,74.89473724365234,102.21170043945312,4.0879693031311035,10.501636505126953,0.001882130396552384,61.5625,79.57548522949219,0.77363650142654,50.79166793823242,0.6382828553965919,3.1238927841186523,0.8471102714538574,0.8683809041976929,0.8683809041976929,0.0,0.34012752771377563,0.024836868047714233,0.00031211707943677166,0.25887414813041687,0.1579352617263794,2.0,48
20861,0.3508264720439911,0.4295397996902466,1.0000001192092896,0.5768311023712158,0.7917259931564331,0.01220703125,0.0015317362267524004,0.1254798322916031,0.02259436808526516,0.6880617141723633,595.685302734375,0.06591325998306274,0.3447960615158081,6.856639862060547,71.95999908447266,116.40437316894531,4.581613540649414,10.39712142944336,0.002803922863677144,41.25,52.76578903198242,0.7817565272676955,33.3125,0.6313276197480026,2.148409366607666,0.6860634684562683,0.8432130813598633,0.8432130813598633,0.0,0.2968456745147705,0.014935530722141266,0.00028305330012705777,0.3000205457210541,0.060879405587911606,2.0,48
20989,0.37954822182655334,0.5009787082672119,1.0,1.9891562461853027,0.455223947763443,0.00244140625,0.0014458823716267943,0.592233419418335,0.03746545687317848,1.1964162588119507,883.19580078125,0.01712392456829548,0.16274456679821014,5.511360168457031,64.0,85.50220489501953,2.7150540351867676,10.515044212341309,0.001384679926559329,38.66666793823242,67.82537841796875,0.5700914441531177,30.541667938232422,0.45029852609916493,3.2958896160125732,0.7653107643127441,0.8093635439872742,0.8093635439872742,0.0,0.22804030776023865,0.027702903375029564,0.0004084445087829526,0.27848029136657715,0.06169097498059273,2.0,48
21010,0.30916616320610046,0.4975079298019409,0.9999999403953552,0.9617185592651367,0.7672613859176636,0.00439453125,0.0006099541205912828,0.13879844546318054,0.010778105817735195,0.3142196536064148,518.4830932617188,0.02823571488261223,0.26470044255256653,6.407761096954346,87.77777862548828,93.4613265991211,3.4368536472320557,10.51163387298584,0.001690243138000369,46.0,73.28815460205078,0.6276594115856783,39.020835876464844,0.5324303236044184,2.9691474437713623,0.6085749864578247,0.8812329173088074,0.8812329173088074,0.0,0.33356326818466187,0.023819565773010254,0.00032501249211552125,0.2786979079246521,0.02602470852434635,2.0,48
21072,0.48052778840065,0.758293867111206,1.0,1.0420985221862793,0.5044152736663818,0.0087890625,0.003090295009315014,0.35160690546035767,0.045112743973731995,1.1595834493637085,356.2624816894531,0.05035991966724396,0.3212856948375702,6.632455348968506,75.55555725097656,125.54183197021484,5.822658538818359,10.300129890441895,0.0038884745445102453,40.16666793823242,51.81141662597656,0.7752474366883395,32.25,0.6224496856858069,2.7403781414031982,0.8213648796081543,0.7601763606071472,0.7601763606071472,0.0,0.2263312190771103,0.019934702664613724,0.0003847550203977932,0.2956370711326599,0.13068878650665283,2.0,48
21147,0.48224306106567383,0.7019457817077637,1.0,1.8607264757156372,0.47421252727508545,0.00830078125,0.00548628531396389,0.6609359979629517,0.08499106764793396,1.992684245109558,390.0135192871094,0.04803864285349846,0.3078773617744446,6.311379432678223,70.17646789550781,127.65363311767578,6.1475958824157715,10.273946762084961,0.004255751613527536,41.0,57.03375244140625,0.7188725664672461,32.72916793823242,0.5738561208315768,2.7907111644744873,1.1002275943756104,0.7463719844818115,0.7463719844818115,0.0,0.3861376643180847,0.03435142710804939,0.000602299965048195,0.3768002390861511,0.23399971425533295,2.0,48
21191,0.48221060633659363,0.5905258655548096,1.0,1.4994803667068481,0.48741620779037476,0.01171875,0.009583668783307076,0.8178064227104187,0.11784539371728897,2.3806228637695312,227.89813232421875,0.0637580007314682,0.3635140061378479,6.4289116859436035,63.416664123535156,98.87238311767578,2.982110023498535,10.513583183288574,0.001537216012366116,49.645835876464844,74.05743408203125,0.6703693759463758,40.60416793823242,0.5482794325249453,3.837860584259033,1.003272533416748,0.76994389295578,0.76994389295578,0.0,0.32614415884017944,0.04560888558626175,0.0006158583016741242,0.27410009503364563,0.3876208961009979,2.0,48
21275,0.386347234249115,0.5055835247039795,1.0,1.1043922901153564,0.601543664932251,0.0205078125,0.009628355503082275,0.4694969654083252,0.12179100513458252,3.199432134628296,410.45452880859375,0.10000890493392944,0.3905229866504669,6.878557205200195,73.38095092773438,115.25068664550781,4.523256778717041,10.408761978149414,0.0024507413618266582,37.72916793823242,82.6396713256836,0.4565503144969681,29.354167938232422,0.35520673622956883,3.3087539672851562,0.7590600848197937,0.8145886659622192,0.8145886659622192,0.0,0.5171259641647339,0.031214943155646324,0.0003777234668425865,0.4703848361968994,0.3482390344142914,2.0,48
21310,0.37280163168907166,0.5069426894187927,1.0,0.9608747363090515,0.624742865562439,0.0078125,0.0019010059768334031,0.2433287650346756,0.029524771496653557,0.7301673293113708,379.4970703125,0.04568839073181152,0.3032033443450928,6.418029308319092,67.6875,112.21188354492188,3.942918062210083,10.4505615234375,0.0021562324836850166,46.16666793823242,64.07256317138672,0.7205372416198887,37.395835876464844,0.583648195415545,2.8343610763549805,0.7647516131401062,0.7898087501525879,0.7898087501525879,0.0,0.30051466822624207,0.030818050727248192,0.0004809867000326426,0.3076273798942566,0.08110959082841873,2.0,48
21857,0.3697889745235443,0.5038731694221497,0.9999999403953552,1.5590959787368774,0.6462787389755249,0.00244140625,0.0026383381336927414,1.0806633234024048,0.08826643973588943,3.835268974304199,1745.0010986328125,0.01712392456829548,0.11416909098625183,5.451238632202148,53.20000076293945,87.0224380493164,3.0979270935058594,10.466144561767578,0.0019017393933609128,35.22916793823242,81.01216125488281,0.4348627093535348,26.9375,0.3325118053809642,4.314395904541016,0.8514484167098999,0.8451370000839233,0.8451370000839233,0.0,0.3348432183265686,0.03667765483260155,0.0004527425791379374,0.335825651884079,0.11256909370422363,2.0,48
22198,0.36147594451904297,0.4742984175682068,1.0,1.4797108173370361,0.5707087516784668,0.0048828125,0.002792934188619256,0.5719929337501526,0.056193284690380096,1.694726824760437,703.3011474609375,0.03085736557841301,0.2462649643421173,6.049106121063232,59.599998474121094,94.0879898071289,2.8774123191833496,10.464056015014648,0.0019259671680629253,34.895835876464844,57.623374938964844,0.6055847285475895,28.354167938232422,0.4920601745965902,2.727229595184326,0.6130494475364685,0.7607566714286804,0.7607566714286804,0.0,0.24301758408546448,0.02127855084836483,0.00036926943045613957,0.2803393304347992,0.11916518211364746,2.0,48
22286,0.3636905252933502,0.5341160297393799,1.0,1.688915491104126,0.517071545124054,0.0068359375,0.0014364315429702401,0.21012941002845764,0.0231170691549778,0.5502318143844604,402.505126953125,0.04089350998401642,0.293074369430542,6.446802139282227,68.35713958740234,93.24247741699219,2.6342990398406982,10.48907470703125,0.0017162039875984192,47.97916793823242,70.44050598144531,0.6811303704158412,37.395835876464844,0.530885395414485,3.4753835201263428,0.7629525065422058,0.8281458616256714,0.8281458616256714,0.0,0.6040297150611877,0.02290918305516243,0.00032522740620211685,0.5671337842941284,0.06128774955868721,2.0,48
22345,0.39063769578933716,0.5517134070396423,1.0,1.72088623046875,0.5889437794685364,0.00244140625,0.0022809121292084455,0.9342616200447083,0.05973001569509506,2.1429452896118164,998.21484375,0.01712392456829548,0.16487544775009155,5.52085018157959,60.79999923706055,90.21137237548828,3.8842954635620117,10.479486465454102,0.0019348480273038149,36.16666793823242,74.42704772949219,0.48593446921100714,28.8125,0.38712404797848277,3.1641039848327637,0.7119681239128113,0.8732012510299683,0.8732012510299683,0.0,0.32793980836868286,0.024153444916009903,0.00032452509738867014,0.29378244280815125,0.09731891751289368,2.0,48
22404,0.314345121383667,0.4288584291934967,0.9999999403953552,0.9829438924789429,0.7297282218933105,0.01416015625,0.006162157282233238,0.4351758062839508,0.09091302752494812,2.9227192401885986,645.6713256835938,0.07434378564357758,0.35228443145751953,6.879489898681641,74.13793182373047,106.58468627929688,2.9188897609710693,10.43739128112793,0.0015394536312669516,41.75,74.59793090820312,0.5596669972760909,33.5,0.4490741175748274,3.004084348678589,0.7556130290031433,0.8181292414665222,0.8181292414665222,0.0,0.37581560015678406,0.03273593634366989,0.0004388316933289337,0.3490266501903534,0.23778975009918213,2.0,48
22412,0.26838788390159607,0.38928085565567017,1.0,0.9965434670448303,0.8374975919723511,0.0029296875,0.0005758061888627708,0.19654184579849243,0.015462478622794151,0.6285799741744995,1369.193359375,0.020013848319649696,0.1723356544971466,6.1579437255859375,90.5,90.80653381347656,3.630086660385132,10.498455047607422,0.0020133673679083586,41.79166793823242,70.134033203125,0.5958828549220161,33.97916793823242,0.4844890045746507,2.8722705841064453,0.6595627069473267,0.8801236152648926,0.8801236152648926,0.0,0.648073136806488,0.021760396659374237,0.0003102687192286264,0.48377740383148193,0.024567728862166405,2.0,48
22464,0.3420597016811371,0.4868367910385132,1.0,0.8428550362586975,0.6316575407981873,0.02734375,0.010439598932862282,0.38179105520248413,0.09303545951843262,1.46425461769104,134.85015869140625,0.1253839135169983,0.45564761757850647,7.130474090576172,71.53571319580078,113.06700134277344,4.754870891571045,10.427964210510254,0.0026493449695408344,47.5625,64.7432861328125,0.734632157766681,38.583335876464844,0.5959434278846563,2.8231208324432373,0.8418433666229248,0.768884539604187,0.768884539604187,0.0,0.33643561601638794,0.023907318711280823,0.00036926328791135827,0.3412770926952362,0.3255166709423065,2.0,48
22499,0.3206298351287842,0.5389171242713928,1.0,1.6356842517852783,0.5692164897918701,0.00244140625,0.0018329169834032655,0.7507628202438354,0.05039733275771141,1.9281630516052246,1142.1815185546875,0.01712392456829548,0.1523624211549759,5.599976062774658,66.19999694824219,79.99250030517578,2.1229658126831055,10.507037162780762,0.0014212650712579489,37.125,64.7421646118164,0.573428463766407,30.0625,0.46434190416101306,2.670973777770996,0.644321620464325,0.7882400751113892,0.7882400751113892,0.0,0.339563250541687,0.02804037183523178,0.0004331083459909976,0.34562307596206665,0.07820446044206619,2.0,48
22508,0.40495434403419495,0.5174968838691711,0.9999999403953552,1.413417935371399,0.5176374316215515,0.00244140625,0.0009357626549899578,0.3832883834838867,0.022057127207517624,0.8198013305664062,993.2816772460938,0.01712392456829548,0.19026444852352142,5.681481838226318,76.5999984741211,139.86920166015625,6.18097448348999,10.36628532409668,0.0034214439801871777,42.4375,78.57388305664062,0.5400967642646299,34.145835876464844,0.43456979016176206,3.0345115661621094,0.7735044360160828,0.7674676775932312,0.7674676775932312,0.0,0.46092796325683594,0.03442276641726494,0.00043809425058031137,0.47946515679359436,0.03992587327957153,2.0,48
22653,0.22720156610012054,0.30642521381378174,1.0,0.973362147808075,0.8752795457839966,0.00537109375,0.0006037596031092107,0.1124090626835823,0.012177293188869953,0.4165399670600891,800.8272094726562,0.03342986851930618,0.24720807373523712,6.49692964553833,83.2727279663086,89.78395080566406,3.945474147796631,10.518186569213867,0.002112090587615967,50.875,71.86518859863281,0.7079227228784959,42.35416793823242,0.5893558308026847,2.9910025596618652,0.8129512667655945,0.8976866602897644,0.8976866602897644,0.0,0.5245757102966309,0.031123075634241104,0.0004330758220608419,0.41947606205940247,0.025760410353541374,2.0,48
23144,0.3367411196231842,0.4315755069255829,1.0,0.5940678119659424,0.787047803401947,0.00927734375,0.0014064556453377008,0.15160112082958221,0.01927277259528637,0.47853001952171326,334.3691711425781,0.05265381559729576,0.33712491393089294,6.719206809997559,75.52631378173828,79.5866470336914,1.7930680513381958,10.530529022216797,0.0011166306212544441,42.91666793823242,55.813323974609375,0.7689323063802251,33.5,0.6002151029248444,2.4769818782806396,0.7474172115325928,0.7562788724899292,0.7562788724899292,0.0,0.19839638471603394,0.026605945080518723,0.00047669522581839704,0.26949915289878845,0.05937299504876137,2.0,48
23156,0.4300263524055481,0.6099971532821655,1.0,1.3068199157714844,0.5273617506027222,0.01025390625,0.01005355641245842,0.9804611206054688,0.14991453289985657,3.4694650173187256,365.1491394042969,0.057165034115314484,0.32055702805519104,6.541089057922363,73.9047622680664,111.2474136352539,4.167437553405762,10.394830703735352,0.002510693622753024,50.54166793823242,75.55038452148438,0.6689796253408878,39.083335876464844,0.5173148504648247,4.51323127746582,0.9158708453178406,0.7963862419128418,0.7963862419128418,0.0,0.4463707208633423,0.05339232087135315,0.0007067114377042354,0.45001021027565,0.4226849377155304,2.0,48
23193,0.39986369013786316,0.5792931914329529,0.9999999403953552,1.5857429504394531,0.5222046971321106,0.00830078125,0.005412052385509014,0.6519931554794312,0.09923817217350006,3.362929582595825,857.72900390625,0.04803864285349846,0.2952250838279724,6.376164436340332,70.29412078857422,93.84568786621094,3.404620409011841,10.44229793548584,0.0021945610642433167,38.1875,68.5788803100586,0.5568405290634435,30.0625,0.4383638207520726,3.80734920501709,0.8488471508026123,0.756858229637146,0.756858229637146,0.0,0.26562365889549255,0.0336887501180172,0.0004912408887516292,0.3070635199546814,0.22839419543743134,2.0,48
23323,0.4097144305706024,0.5324586629867554,0.9999999403953552,0.7992134690284729,0.6468856930732727,0.041015625,0.014556927606463432,0.354911744594574,0.09568139165639877,1.712568998336792,110.5212173461914,0.1711585372686386,0.5328344702720642,7.151500701904297,74.66666412353516,140.8595733642578,6.827312469482422,10.267000198364258,0.00441851606592536,36.895835876464844,63.73624801635742,0.5788830848845539,30.375,0.4765733933293148,2.6629271507263184,0.8451036214828491,0.7539881467819214,0.7539881467819214,0.0,0.5744706988334656,0.029839690774679184,0.00046817457410325297,0.6562114953994751,0.3007785975933075,2.0,48
23441,0.3704912066459656,0.6773943901062012,0.9999999403953552,1.8096680641174316,0.48067060112953186,0.0029296875,0.0007709854980930686,0.2631630599498749,0.019946621730923653,0.7575594782829285,1109.5916748046875,0.020013848319649696,0.17473573982715607,5.736833572387695,73.66666412353516,90.0658950805664,3.8690154552459717,10.499404907226562,0.0017574154771864414,37.208335876464844,60.63001251220703,0.6136950056349815,29.64583396911621,0.4889630190700982,2.7682833671569824,0.6910275220870972,0.7602879405021667,0.7602879405021667,0.0,0.3317926526069641,0.027593424543738365,0.00045511164183962004,0.37932926416397095,0.03289537876844406,2.0,48
23463,0.21927502751350403,0.35459408164024353,0.9999999403953552,1.0638571977615356,0.8813003301620483,0.0048828125,0.0028904753271490335,0.59196937084198,0.05685548484325409,1.4428372383117676,486.7585754394531,0.03085736557841301,0.23451489210128784,6.319660186767578,72.4000015258789,96.45777893066406,4.067966461181641,10.433417320251465,0.0025261887349188328,39.5625,62.32910919189453,0.6347355273737407,34.25,0.5495024786742653,2.7179923057556152,0.6878361105918884,0.8658334612846375,0.8658334612846375,0.0,0.5344848036766052,0.0276983343064785,0.0004443884191695875,0.4749990403652191,0.12332693487405777,2.0,48
23526,0.3379145562648773,0.3723519444465637,1.0,0.75307697057724,0.802049458026886,0.015625,0.0036851195618510246,0.23584765195846558,0.035422008484601974,0.615145742893219,158.35736083984375,0.08048483729362488,0.4251362085342407,7.128395080566406,70.1875,100.9786376953125,4.5163445472717285,10.4027099609375,0.0029428070411086082,32.1875,94.7846908569336,0.33958542994234603,25.604167938232422,0.27012978260569126,3.880784034729004,0.8938812017440796,0.8006902933120728,0.8006902933120728,0.0,0.7726033926010132,0.029659992083907127,0.00031291964781049106,0.8451261520385742,0.12079606205224991,2.0,48
23639,0.38162121176719666,0.43372616171836853,1.0,0.5922266840934753,0.7918971180915833,0.05908203125,0.00901423767209053,0.15257155895233154,0.04503857344388962,0.5062594413757324,44.208274841308594,0.22443419694900513,0.5941449403762817,7.411157608032227,76.1900863647461,95.31916046142578,1.9164084196090698,10.53558349609375,0.0010253977961838245,53.47916793823242,64.60514831542969,0.8277849261926717,42.645835876464844,0.6600996512174049,3.1856486797332764,0.8017398118972778,0.8672366142272949,0.8672366142272949,0.0,0.15086671710014343,0.019994746893644333,0.00030949154071942687,0.16282346844673157,0.12549395859241486,2.0,48
23757,0.45396852493286133,0.5575301647186279,1.0,1.1544331312179565,0.51305091381073,0.025390625,0.012514043599367142,0.4928607940673828,0.11863076686859131,2.592088222503662,272.2986145019531,0.1183348149061203,0.4534403085708618,6.8866753578186035,79.69230651855469,126.50437927246094,5.686954021453857,10.381759643554688,0.0029762727208435535,45.29166793823242,64.34854125976562,0.703849178932559,35.85416793823242,0.5571869576331581,3.244936466217041,0.8552531003952026,0.730247974395752,0.730247974395752,0.0,0.48543915152549744,0.03417070955038071,0.0005310253950766081,0.5379681587219238,0.3697293698787689,2.0,48
23843,0.447372168302536,0.6173931360244751,1.0000001192092896,1.443839192390442,0.6041370630264282,0.013671875,0.006278462242335081,0.459224671125412,0.0969277024269104,3.1128110885620117,720.176513671875,0.07226333767175674,0.34332555532455444,6.757469177246094,79.75,82.31771087646484,3.83846378326416,10.44944953918457,0.002475796267390251,49.375,51.88901901245117,0.9515500761083301,37.41666793823242,0.7210902931512947,4.146268367767334,1.0157175064086914,0.788062572479248,0.788062572479248,0.0,0.6295921206474304,0.06238442659378052,0.0012022664480665596,0.6757754683494568,0.24792027473449707,2.0,48
23983,0.47576943039894104,0.5893653631210327,1.0,1.282759189605713,0.47871387004852295,0.0048828125,0.0011053840862587094,0.22638265788555145,0.02070564404129982,0.5448721647262573,476.7739562988281,0.03085736557841301,0.2505708634853363,6.343184471130371,90.30000305175781,102.77802276611328,2.7811641693115234,10.487126350402832,0.001492039766162634,51.583335876464844,73.5694580078125,0.7011515004497598,41.4375,0.5632432413728974,3.344883918762207,0.794105052947998,0.7985134124755859,0.7985134124755859,0.0,0.22400683164596558,0.03363969177007675,0.00045725077602083155,0.26944103837013245,0.04716305434703827,2.0,48
24031,0.27534621953964233,0.3271777629852295,0.9999999403953552,0.9953767657279968,0.733844518661499,0.00390625,0.0004690102068707347,0.12006661295890808,0.011723741888999939,0.4522128105163574,1152.5894775390625,0.02555946074426174,0.18821531534194946,5.837926864624023,58.875,100.15230560302734,2.990579843521118,10.499283790588379,0.0015201941132545471,47.79166793823242,78.97747039794922,0.6051303959391198,38.04166793823242,0.48167746753260743,3.383284091949463,0.7771906852722168,0.8464447259902954,0.8464447259902954,0.0,0.4213094115257263,0.032935887575149536,0.0004170288995712692,0.3564678728580475,0.02001110278069973,2.0,48
24079,0.39133796095848083,0.5313804745674133,1.0,1.2351171970367432,0.5234097838401794,0.00244140625,0.00021611221018247306,0.08851955831050873,0.005028116051107645,0.1474132537841797,724.8203735351562,0.01712392456829548,0.18782168626785278,5.557157516479492,63.400001525878906,79.2218246459961,2.5178091526031494,10.52669906616211,0.0015718401409685612,42.97916793823242,62.617950439453125,0.6863713620414061,34.270835876464844,0.547300504575428,2.9874210357666016,0.6546999216079712,0.7306733131408691,0.7306733131408691,0.0,0.2308644950389862,0.028088588267564774,0.00044857086611671564,0.3453980088233948,0.009220787324011326,2.0,48
24327,0.26435238122940063,0.3023797869682312,0.9999999403953552,0.8991785645484924,0.7743907570838928,0.01171875,0.0020573895890265703,0.17556391656398773,0.0280125942081213,0.9473137259483337,674.3123168945312,0.0637580007314682,0.3590194880962372,6.890446662902832,71.08333587646484,77.89750671386719,2.1024253368377686,10.512179374694824,0.0013702298747375607,40.97916793823242,63.619346618652344,0.6441306003569764,32.41666793823242,0.5095410383173108,3.0184383392333984,0.7751004099845886,0.8277904987335205,0.8277904987335205,0.0,0.3202398717403412,0.03269330412149429,0.0005138893411201768,0.3459857702255249,0.0823209211230278,2.0,48
24510,0.4218015670776367,0.5468130111694336,1.0,1.210538387298584,0.5215039253234863,0.00439453125,0.0014063911512494087,0.32003211975097656,0.03416799381375313,1.3177646398544312,1148.9754638671875,0.02823571488261223,0.20287607610225677,6.115623474121094,69.44444274902344,95.97518920898438,2.374171018600464,10.51881217956543,0.0013027943205088377,40.66666793823242,78.6432876586914,0.5171028468386653,32.41666793823242,0.4121987889773559,3.7610278129577637,0.7737135291099548,0.8217285871505737,0.8217285871505737,0.0,0.22723323106765747,0.04283539578318596,0.0005446796166971426,0.26354455947875977,0.060006022453308105,2.0,48
24543,0.2694074809551239,0.3159708082675934,1.0,0.9786252379417419,0.8049783706665039,0.00390625,0.0006100285099819303,0.15616729855537415,0.012057079933583736,0.29973745346069336,511.8226318359375,0.02555946074426174,0.23254984617233276,6.319683074951172,84.5,85.80474090576172,3.308993101119995,10.53217601776123,0.0016152956523001194,44.22916793823242,67.3511962890625,0.6566946152201913,37.3125,0.5539990683212167,2.7616143226623535,0.6313506364822388,0.910494327545166,0.910494327545166,0.0,0.42477571964263916,0.023632004857063293,0.00035087728437857373,0.3289145827293396,0.02602788619697094,2.0,48
24693,0.32071635127067566,0.4496505856513977,0.9999999403953552,1.5155360698699951,0.6501175761222839,0.00341796875,0.0007231172057799995,0.21156343817710876,0.013452636078000069,0.383203387260437,465.6546936035156,0.02282176911830902,0.24153922498226166,5.647429466247559,53.71428680419922,96.70040130615234,4.35457706451416,10.420969009399414,0.0029604891315102577,37.22916793823242,92.54460144042969,0.4022835190248644,29.02083396911621,0.3135875406482878,5.089846611022949,0.8164757490158081,0.8452202677726746,0.8452202677726746,0.0,0.48163244128227234,0.043184325098991394,0.00046663256875251137,0.43734240531921387,0.03085300326347351,2.0,48
24815,0.4357669949531555,0.7471086978912354,1.0,2.0262064933776855,0.43899810314178467,0.00244140625,0.005991058424115181,2.453937530517578,0.14205999672412872,4.343117713928223,693.7372436523438,0.01712392456829548,0.18010838329792023,5.523645877838135,59.79999923706055,80.21298217773438,2.2935290336608887,10.523420333862305,0.0013335624244064093,37.1875,60.329612731933594,0.616405415348405,30.375,0.5034840871585291,2.6496171951293945,0.7044214010238647,0.8207904100418091,0.8207904100418091,0.0,0.43151775002479553,0.026262100785970688,0.00043531028283423016,0.4141565263271332,0.25561848282814026,2.0,48
24866,0.37813982367515564,0.5507176518440247,0.9999999403953552,0.7435954213142395,0.7232031226158142,0.02734375,0.005711760371923447,0.2088872343301773,0.04954058304429054,0.8666646480560303,146.31626892089844,0.1253839135169983,0.46106839179992676,7.191686630249023,77.21428680419922,110.61940002441406,3.169293165206909,10.500595092773438,0.0015949499793350697,54.5,84.55769348144531,0.6445303525871807,45.47916793823242,0.5378477825064321,3.401761770248413,0.7256077527999878,0.8177315592765808,0.8177315592765808,0.0,0.32294556498527527,0.03148207813501358,0.0003723147691841739,0.2203749120235443,0.17041222751140594,2.0,48
24871,0.3458523750305176,0.4981839954853058,1.0,0.9926063418388367,0.5990715026855469,0.02587890625,0.006038918159902096,0.2333529144525528,0.057834211736917496,1.851923942565918,532.8267822265625,0.12011110782623291,0.45841139554977417,7.047110557556152,75.6603775024414,102.10210418701172,3.4006054401397705,10.470251083374023,0.0018288905266672373,46.645835876464844,68.65514373779297,0.6794223029787824,36.0625,0.5252701841609543,3.5216500759124756,0.810116171836853,0.8266825675964355,0.8266825675964355,0.0,0.3732837438583374,0.02495585009455681,0.00036349570814727273,0.363710880279541,0.1679743379354477,2.0,48
25015,0.3954624831676483,0.6185221672058105,1.0,1.8711180686950684,0.4867333769798279,0.00439453125,0.003545571118593216,0.806814432144165,0.081588976085186,3.0231564044952393,1033.175537109375,0.02823571488261223,0.21563118696212769,6.179900169372559,73.44444274902344,92.99481201171875,3.0855095386505127,10.507635116577148,0.0015047481283545494,44.520835876464844,70.37639617919922,0.632610339364003,35.22916793823242,0.500582153191287,3.455519199371338,0.7964564561843872,0.8161724805831909,0.8161724805831909,0.0,0.23872074484825134,0.04301447793841362,0.0006112060330962944,0.2571026086807251,0.15127770602703094,2.0,48
25023,0.28815746307373047,0.4245399534702301,1.0,1.0289452075958252,0.8224163055419922,0.00537109375,0.0006174938171170652,0.11496612429618835,0.015172586776316166,0.6048834323883057,1281.03125,0.03342986851930618,0.207261860370636,6.313277721405029,65.45454406738281,88.90145874023438,4.068605422973633,10.501139640808105,0.0022291801869869232,41.0625,63.766456604003906,0.6439514155312522,34.4375,0.5400566666023136,2.6097917556762695,0.7033860087394714,0.8865892291069031,0.8865892291069031,0.0,0.37274035811424255,0.019581222906708717,0.00030707716794174883,0.2839283347129822,0.02634640596807003,2.0,48
25053,0.2927398681640625,0.39867454767227173,1.0,1.4386680126190186,0.7102489471435547,0.0029296875,0.0006370926857925951,0.2174609750509262,0.015133575536310673,0.5892467498779297,1164.154296875,0.020013848319649696,0.1992904096841812,5.752514839172363,60.16666793823242,81.12760162353516,2.437936305999756,10.503214836120605,0.0015857696998864412,42.75,90.43089294433594,0.47273667884256193,32.625,0.3607727285903762,5.104808807373047,0.8817070722579956,0.8646442294120789,0.8646442294120789,0.0,0.2880498766899109,0.04040663689374924,0.0004468233761017157,0.29571259021759033,0.027182621881365776,2.0,48
25266,0.3325279951095581,0.43413546681404114,1.0,1.1211217641830444,0.7310181856155396,0.005859375,0.002172518754377961,0.37077653408050537,0.046072956174612045,1.6153597831726074,893.7313842773438,0.03595767915248871,0.23918859660625458,6.389186859130859,68.66666412353516,85.8404312133789,2.627761125564575,10.496292114257812,0.0016780124278739095,36.083335876464844,85.79209899902344,0.42059043074199265,29.291667938232422,0.34142617183374413,3.660543918609619,0.7828973531723022,0.8092354536056519,0.8092354536056519,0.0,0.27882644534111023,0.0384054109454155,0.00044765673516597486,0.2813997268676758,0.09269414097070694,2.0,48
25752,0.3339504897594452,0.43053168058395386,1.0,0.9353957772254944,0.6901188492774963,0.00537109375,0.0021490398794412613,0.4001121520996094,0.037370458245277405,0.9934287071228027,499.2768859863281,0.03342986851930618,0.27218300104141235,6.406094074249268,74.63636016845703,95.11315155029297,3.1910719871520996,10.442526817321777,0.002145224716514349,38.458335876464844,86.68794250488281,0.44364111963854974,30.375,0.3503947506284988,4.900580406188965,0.9087605476379395,0.8022536039352417,0.8022536039352417,0.0,0.6990780830383301,0.04000329226255417,0.00046146316433437446,0.7142250537872314,0.09169236570596695,2.0,48
25943,0.28914588689804077,0.37399715185165405,1.0,1.143831729888916,0.7382676601409912,0.01123046875,0.004064956214278936,0.361957848072052,0.08329550921916962,3.217419147491455,1150.23779296875,0.06158214434981346,0.27852344512939453,6.6435089111328125,82.60869598388672,99.1791763305664,4.904771327972412,10.458974838256836,0.0024745005648583174,48.833335876464844,69.5260009765625,0.7023751572581172,38.0,0.5465581143857875,3.2529544830322266,0.8979710340499878,0.8430091142654419,0.8430091142654419,0.0,0.607123851776123,0.0399465337395668,0.0005745553199196283,0.5583235025405884,0.16889436542987823,2.0,48
26052,0.5441125631332397,0.5997956991195679,1.0,1.0211032629013062,0.5728112459182739,0.00830078125,0.00183590454980731,0.221172496676445,0.02499368041753769,0.5842700004577637,302.249267578125,0.04803864285349846,0.33514609932899475,6.694945335388184,69.05882263183594,80.385009765625,2.627656936645508,10.472332954406738,0.0020534107461571693,36.708335876464844,133.86572265625,0.27421759017418496,28.729167938232422,0.21461183166253187,8.132190704345703,0.9225400686264038,0.7920677661895752,0.7920677661895752,0.0,0.7026519179344177,0.036280713975429535,0.0002710231809369417,0.817923903465271,0.07800126820802689,2.0,48
26078,0.5131367444992065,0.7076478600502014,1.0,1.1731679439544678,0.5065686702728271,0.01025390625,0.003274880815297365,0.3193788528442383,0.04475739970803261,1.3791084289550781,506.8529968261719,0.057165034115314484,0.34594911336898804,6.735444068908691,85.23809814453125,74.26557159423828,3.4628641605377197,10.502077102661133,0.0017826699186116457,38.97916793823242,50.36370086669922,0.7739536066593181,29.64583396911621,0.5886349385184254,3.165846586227417,0.9183343648910522,0.7895137667655945,0.7895137667655945,0.0,0.39079588651657104,0.09777223318815231,0.0019413234429995327,0.42786601185798645,0.13638649880886078,2.0,48
26079,0.31842684745788574,0.5435319542884827,1.0000001192092896,0.9578196406364441,0.7679823637008667,0.00732421875,0.0015623449580743909,0.21331216394901276,0.020927496254444122,0.4529958963394165,248.08175659179688,0.0433073565363884,0.33013588190078735,6.604008197784424,67.80000305175781,75.61155700683594,2.0466506481170654,10.51785659790039,0.001330304192379117,35.125,81.0957260131836,0.4331301009618989,27.39583396911621,0.33782093474672525,4.201921463012695,0.8164312243461609,0.8278943300247192,0.8278943300247192,0.0,0.6696105599403381,0.029837727546691895,0.0003679321834810617,0.6301645040512085,0.06666004657745361,2.0,48
26090,0.2954031825065613,0.37961819767951965,0.9999999403953552,1.5910100936889648,0.6155874133110046,0.00244140625,0.0008429784793406725,0.34528398513793945,0.02269711159169674,0.9438621997833252,1469.5606689453125,0.01712392456829548,0.17045579850673676,5.861401557922363,81.80000305175781,102.24603271484375,3.3790555000305176,10.476765632629395,0.001935311360284686,37.8125,60.00507354736328,0.6301550478702811,30.4375,0.5072487740707883,2.707590103149414,0.6418125033378601,0.8338375091552734,0.8338375091552734,0.0,0.3271179497241974,0.026871224865317345,0.0004478158807626351,0.3041735887527466,0.035967081785202026,2.0,48
26278,0.25954651832580566,0.31455495953559875,1.0,0.7862337231636047,0.8807212114334106,0.0126953125,0.002038367325440049,0.16056062281131744,0.027070865035057068,0.7686571478843689,551.2758178710938,0.06804874539375305,0.36982715129852295,6.892951965332031,72.11538696289062,85.88047790527344,2.7842636108398438,10.522445678710938,0.001493383082561195,47.91666793823242,67.35546875,0.7113998138587437,39.97916793823242,0.5935548912989619,3.1066842079162598,0.7602063417434692,0.8940007090568542,0.8940007090568542,0.0,0.6641727685928345,0.022773176431655884,0.00033810434179889576,0.5162578225135803,0.07718034833669662,2.0,48
26385,0.31245383620262146,0.36532074213027954,1.0,1.0103603601455688,0.671262264251709,0.01416015625,0.0040310765616595745,0.2846774160861969,0.04676273465156555,0.983916699886322,247.29428100585938,0.07434378564357758,0.38575276732444763,6.9046735763549805,80.96551513671875,101.84144592285156,2.33520770072937,10.497245788574219,0.0013575556222349405,59.208335876464844,87.22857666015625,0.6787722342455916,49.125,0.5631755311766685,3.2843501567840576,0.8179966807365417,0.8670114278793335,0.8670114278793335,0.0,0.2336568683385849,0.050853431224823,0.0005829904965332493,0.2412763237953186,0.15151460468769073,2.0,48
26488,0.3949471414089203,0.5144339799880981,1.0,1.5808669328689575,0.46508312225341797,0.0087890625,0.004671331029385328,0.5314936637878418,0.07720556110143661,2.668086528778076,746.5269775390625,0.05035991966724396,0.30258944630622864,6.242170333862305,58.83333206176758,87.95270538330078,2.937225580215454,10.517518997192383,0.001642744056880474,48.47916793823242,68.4073715209961,0.7086833897172325,39.8125,0.581991371821099,3.0615782737731934,0.8710340261459351,0.8250676989555359,0.8250676989555359,0.0,0.2703823149204254,0.03196331858634949,0.00046724962341034514,0.2649326026439667,0.19881440699100494,2.0,48
26490,0.37603408098220825,0.4664299786090851,1.0,1.5690969228744507,0.5830235481262207,0.00341796875,0.0019304548623040318,0.5647959113121033,0.046427346765995026,1.448014497756958,892.4426879882812,0.02282176911830902,0.1965469866991043,5.825569152832031,66.42857360839844,93.05623626708984,2.7842295169830322,10.505017280578613,0.001398598775267601,43.583335876464844,71.8590087890625,0.6065117875245929,35.9375,0.5001112678925353,2.9333624839782715,0.7347328066825867,0.8270502090454102,0.8270502090454102,0.0,0.2432348132133484,0.03482367843389511,0.00048461117145759234,0.23617009818553925,0.08236607909202576,2.0,48
26493,0.3772796094417572,0.5286688208580017,1.0,0.8591147661209106,0.7589123249053955,0.005859375,0.0005090481135994196,0.08687754720449448,0.0077034966088831425,0.2013067603111267,363.7862243652344,0.03595767915248871,0.30203327536582947,6.4502058029174805,84.0,100.87272644042969,4.310911178588867,10.486751556396484,0.0020365682430565357,58.833335876464844,68.41079711914062,0.8600007359277486,48.72916793823242,0.7123022970518128,2.7957398891448975,0.6457544565200806,0.8724479675292969,0.8724479675292969,0.0,0.31562700867652893,0.02062205597758293,0.0003014444626139088,0.26330044865608215,0.02171938680112362,2.0,48
26617,0.4033549427986145,0.49753275513648987,1.0000001192092896,1.3513085842132568,0.5179755687713623,0.00830078125,0.002105449791997671,0.25364476442337036,0.029490061104297638,0.6860882043838501,340.4082946777344,0.04803864285349846,0.3287278711795807,6.281023025512695,67.52941131591797,91.22801971435547,2.279146909713745,10.518363952636719,0.0012868557823821902,54.583335876464844,72.685791015625,0.7509491897422121,43.79166793823242,0.6024790721861154,3.503513813018799,0.8404669761657715,0.8069095611572266,0.8069095611572266,0.0,0.2464677393436432,0.03329356759786606,0.0004580478127579101,0.2265024334192276,0.08977248519659042,2.0,48
26651,0.4798334538936615,0.6004392504692078,1.0,1.3753728866577148,0.5341199040412903,0.013671875,0.00746065704151988,0.5456937551498413,0.08121421933174133,1.8204708099365234,232.85865783691406,0.07226333767175674,0.39735642075538635,6.557226181030273,65.35713958740234,83.18022155761719,2.118534803390503,10.498465538024902,0.0013920655474066734,45.41666793823242,72.60392761230469,0.6255400971486831,37.35416793823242,0.5144923857639464,4.008910655975342,1.1269768476486206,0.815825343132019,0.815825343132019,0.0,0.25885361433029175,0.03985440358519554,0.0005489290302932848,0.22338730096817017,0.2742491364479065,2.0,48
26699,0.34451809525489807,0.426387220621109,0.9999999403953552,1.2607319355010986,0.6473618745803833,0.00341796875,0.0007717327680438757,0.225786954164505,0.015411597676575184,0.40079647302627563,480.7392272949219,0.02282176911830902,0.22533057630062103,5.995867729187012,74.57142639160156,90.25624084472656,3.2212865352630615,10.522618293762207,0.0014520528493449092,37.520835876464844,71.15830993652344,0.5272867765502347,31.375,0.44091828520911747,2.803173780441284,0.6453362703323364,0.8455883264541626,0.8455883264541626,0.0,0.2297995537519455,0.03373796120285988,0.00047412538645471593,0.24116075038909912,0.0329272635281086,2.0,48
26744,0.38091012835502625,0.6996822357177734,1.0,1.8984932899475098,0.46164563298225403,0.00341796875,0.002018149709329009,0.5904529690742493,0.04296678304672241,1.3866114616394043,679.8512573242188,0.02282176911830902,0.2142084240913391,5.842604637145996,71.14286041259766,66.82291412353516,3.5334277153015137,10.522811889648438,0.0019105493556708097,40.333335876464844,55.61234664916992,0.7252586574642284,32.79166793823242,0.589647261950695,2.527029514312744,0.7235817909240723,0.8077976107597351,0.8077976107597351,0.0,0.2128443866968155,0.05148511379957199,0.0009257856733704764,0.24469250440597534,0.08610773086547852,2.0,48
26854,0.40288734436035156,0.6443192362785339,1.0,1.0010037422180176,0.7075917720794678,0.021484375,0.01273948885500431,0.592965304851532,0.13067413866519928,3.067802906036377,243.24484252929688,0.10376113653182983,0.42549726366996765,7.037927627563477,73.88636016845703,104.7947006225586,2.7195534706115723,10.468006134033203,0.0015954370610415936,42.5625,81.58142852783203,0.5217180032617638,34.625,0.42442257534070066,3.5997674465179443,0.9158164262771606,0.7849926948547363,0.7849926948547363,0.0,0.27036380767822266,0.05299142003059387,0.0006495524898294712,0.2821255326271057,0.43133506178855896,2.0,48
26958,0.27104830741882324,0.31010040640830994,1.0,1.13645601272583,0.7755374908447266,0.00732421875,0.002215068321675062,0.302430659532547,0.034438665956258774,0.9839662909507751,450.11944580078125,0.0433073565363884,0.3047254979610443,6.1046552658081055,77.26667022705078,93.0734634399414,4.386987209320068,10.499370574951172,0.0021614502184093,53.958335876464844,72.66415405273438,0.7425715825423369,43.8125,0.6029451600327531,3.035975456237793,0.8681634664535522,0.8750397562980652,0.8750397562980652,0.0,0.42108118534088135,0.030362531542778015,0.00041784745084301976,0.3567451536655426,0.09450959414243698,2.0,48
26996,0.4209791123867035,0.594375729560852,1.0000001192092896,0.9261600375175476,0.6074222326278687,0.0283203125,0.012171425856649876,0.42977723479270935,0.10432201623916626,1.7930738925933838,145.53103637695312,0.12885403633117676,0.46649783849716187,7.032610893249512,71.82758331298828,175.9513702392578,9.226414680480957,10.14832878112793,0.0056807310320436954,41.10416793823242,59.53857421875,0.6903787749486288,32.35416793823242,0.5434152288216743,3.0825374126434326,0.8528004884719849,0.7465423941612244,0.7465423941612244,0.0,0.6298815608024597,0.031253181397914886,0.000524923241827033,0.6868361234664917,0.35296866297721863,2.0,48
27028,0.44424208998680115,0.5811432003974915,1.0,0.9161379337310791,0.5671287775039673,0.04296875,0.014681368134915829,0.3416754901409149,0.10558547079563141,1.951505422592163,157.31524658203125,0.17726685106754303,0.5231202244758606,7.145590305328369,64.09091186523438,94.50460815429688,2.658759832382202,10.489767074584961,0.0015487424097955227,45.41666793823242,62.64744186401367,0.7249564639776837,37.083335876464844,0.5919369533243002,2.805215835571289,0.8271073698997498,0.7967063784599304,0.7967063784599304,0.0,0.2422429472208023,0.021350910887122154,0.0003408105781886454,0.21825718879699707,0.3324100077152252,2.0,48
27165,0.5524982213973999,0.7079705595970154,1.0,2.9701788425445557,0.3254820704460144,0.0068359375,0.002360464306548238,0.34530219435691833,0.037314243614673615,0.7935107350349426,314.5508117675781,0.04089350998401642,0.2898425757884979,6.042473793029785,72.57142639160156,96.68386840820312,3.0394692420959473,10.484589576721191,0.0016738540725782514,57.91666793823242,80.8884506225586,0.7160066422995652,45.6875,0.5648210547082753,4.835216045379639,0.8726884126663208,0.8219169974327087,0.8219169974327087,0.0,0.25015074014663696,0.04355420917272568,0.0005384478109312997,0.2901674807071686,0.10071314126253128,2.0,48
27227,0.32447147369384766,0.40100106596946716,1.0,0.9900009036064148,0.6916710138320923,0.01025390625,0.0030427537858486176,0.29674094915390015,0.04555932432413101,1.3380440473556519,505.9747314453125,0.057165034115314484,0.3251069486141205,6.684503078460693,63.619049072265625,91.13690948486328,2.5499637126922607,10.474477767944336,0.0015837731771171093,35.895835876464844,87.13118743896484,0.4119745974710839,28.604167938232422,0.32828851270948967,3.421823024749756,0.8044735789299011,0.8477784395217896,0.8477784395217896,0.0,0.40701794624328613,0.039657287299633026,0.00045514457521724243,0.4253903925418854,0.1278669238090515,2.0,48
27249,0.3722066581249237,0.5360612273216248,1.0,1.4055546522140503,0.5445711612701416,0.00732421875,0.0037197417113929987,0.5078687071800232,0.055127643048763275,1.3890920877456665,371.7880859375,0.0433073565363884,0.3155493140220642,6.271117687225342,64.86666870117188,82.85753631591797,1.9264863729476929,10.510306358337402,0.0012469050707295537,39.708335876464844,66.78607177734375,0.5945601352764357,31.875,0.4772701724619242,2.9712350368499756,0.7470890879631042,0.8036033511161804,0.8036033511161804,0.0,0.2537277340888977,0.0357007160782814,0.0005345533151277037,0.2990739345550537,0.15870897471904755,2.0,48
27501,0.27883458137512207,0.5152164101600647,1.0,1.410517930984497,0.6881303787231445,0.00341796875,0.0030751340091228485,0.8996963500976562,0.11241108924150467,5.051581859588623,1985.5426025390625,0.02282176911830902,0.10539263486862183,5.84412956237793,65.71428680419922,86.17716217041016,2.5548081398010254,10.495874404907227,0.001579444739036262,41.10416793823242,96.3797607421875,0.42648132364553,31.3125,0.3248866749162304,5.497344970703125,0.8591383695602417,0.8729194402694702,0.8729194402694702,0.0,0.2833392918109894,0.03476288542151451,0.0003606865710208303,0.27402615547180176,0.1312057226896286,2.0,48
27617,0.3832535743713379,0.6919195055961609,0.9999999403953552,2.0374248027801514,0.4476622939109802,0.00390625,0.003365122014656663,0.8614712357521057,0.06152845919132233,1.6693477630615234,463.97100830078125,0.02555946074426174,0.25048500299453735,5.840893745422363,64.375,91.30621337890625,2.949659824371338,10.489007949829102,0.0018102903850376606,41.458335876464844,61.4305534362793,0.6748813668546865,32.458335876464844,0.528374466052133,3.6271865367889404,0.8539235591888428,0.7506949305534363,0.7506949305534363,0.0,0.29827508330345154,0.03424496948719025,0.0005574582608495835,0.3178461492061615,0.14357854425907135,2.0,48
27687,0.26431897282600403,0.3708079159259796,1.0000001192092896,0.8027717471122742,0.901946485042572,0.02783203125,0.0049662659876048565,0.17843706905841827,0.04841310903429985,1.523639440536499,518.1588745117188,0.1271233856678009,0.4629320800304413,7.1343302726745605,70.35087585449219,87.86058807373047,2.6112289428710938,10.509379386901855,0.0015431023202836514,42.395835876464844,60.404396057128906,0.7018667288610798,35.0625,0.5804627193198683,2.638312816619873,0.7873345613479614,0.932250440120697,0.932250440120697,0.0,0.218831866979599,0.023011740297079086,0.0003809613504206808,0.19752179086208344,0.13864247500896454,2.0,48
27729,0.5268025994300842,0.6713273525238037,0.9999999403953552,1.5441099405288696,0.4380738437175751,0.02197265625,0.017689073458313942,0.8050493597984314,0.1410529464483261,1.6154859066009521,79.20311737060547,0.1056201159954071,0.4671199321746826,6.150171279907227,67.80000305175781,93.76238250732422,2.960932970046997,10.463075637817383,0.0017595444805920124,64.20833587646484,80.7620620727539,0.7950309120472052,48.958335876464844,0.6062046289295963,3.9928555488586426,0.9705566167831421,0.8249192237854004,0.8249192237854004,0.0,0.25542885065078735,0.03959083557128906,0.0004902157591112743,0.24661709368228912,0.4579503536224365,2.0,48
27792,0.34973007440567017,0.47086217999458313,1.0,0.973363995552063,0.7725908160209656,0.0380859375,0.018361812457442284,0.4821152687072754,0.14062559604644775,2.7612619400024414,158.28660583496094,0.1618127077817917,0.503029465675354,7.287955284118652,71.43589782714844,101.1603775024414,4.136136054992676,10.477873802185059,0.002349315444007516,55.5625,69.79124450683594,0.796124218512775,45.145835876464844,0.6468696208100171,3.1714324951171875,0.8062784671783447,0.8180526494979858,0.8180526494979858,0.0,0.3759656846523285,0.02062245085835457,0.0002954876503653658,0.35121387243270874,0.4519139230251312,2.0,48
27806,0.4283302426338196,0.5764032602310181,0.9999999403953552,0.9124801158905029,0.6478898525238037,0.005859375,0.0015091748209670186,0.25756582617759705,0.025328120216727257,0.7755668759346008,552.7033081054688,0.03595767915248871,0.2874807119369507,6.4638848304748535,80.83333587646484,100.3287582397461,3.4842991828918457,10.500900268554688,0.0017051222966983914,47.395835876464844,82.516845703125,0.5743776978732251,37.60416793823242,0.4557150435556599,3.6173038482666016,0.7886847257614136,0.8268243074417114,0.8268243074417114,0.0,0.21521121263504028,0.037348758429288864,0.0004526198027386332,0.27784764766693115,0.06439145654439926,2.0,48
27877,0.24993765354156494,0.2875168025493622,1.0,0.7552478909492493,0.7316499948501587,0.0263671875,0.0024639018811285496,0.09344576299190521,0.019442493095993996,0.3464175760746002,144.9533233642578,0.12187793850898743,0.4845215082168579,7.200620651245117,79.51851654052734,95.4394760131836,2.4326140880584717,10.535533905029297,0.001217817422002554,47.29166793823242,86.6595687866211,0.5457177850632965,38.8125,0.44787321860656804,2.9679718017578125,0.6116936206817627,0.9284290671348572,0.9284290671348572,0.0,0.2943923771381378,0.025460727512836456,0.00029380168706573563,0.21954724192619324,0.06164095923304558,2.0,48
27940,0.3120909333229065,0.4724885821342468,0.9999999403953552,0.825075626373291,0.7219387292861938,0.0146484375,0.004445383790880442,0.30347153544425964,0.054638586938381195,1.5454716682434082,428.3330078125,0.07640714943408966,0.38505420088768005,6.831421852111816,72.86666870117188,113.76626586914062,4.547481536865234,10.375399589538574,0.0028684637509286404,44.770835876464844,66.58847045898438,0.6723511677193162,34.333335876464844,0.5156048131854396,3.615675926208496,0.7822553515434265,0.7423914670944214,0.7423914670944214,0.0,0.32737427949905396,0.036700084805488586,0.0005511477369431812,0.3822994530200958,0.16335292160511017,2.0,48
28056,0.36986008286476135,0.4693264961242676,1.0,0.6861577033996582,0.6952042579650879,0.01220703125,0.0019863536581397057,0.16272209584712982,0.022519024088978767,0.43605107069015503,205.5332794189453,0.06591325998306274,0.3815842270851135,6.824032783508301,74.04000091552734,97.41717529296875,2.706381320953369,10.51269817352295,0.0014079655520617962,44.22916793823242,84.44876098632812,0.5237396903923259,36.0,0.4262939985770224,3.2195258140563965,0.6414274573326111,0.8189136981964111,0.8189136981964111,0.0,0.24731434881687164,0.03003060445189476,0.0003556074014300874,0.2833727300167084,0.07755358517169952,2.0,48
28117,0.44337835907936096,0.5303799510002136,1.0000001192092896,1.9169038534164429,0.3491273820400238,0.00341796875,0.0014499721582978964,0.42422041296958923,0.03841593861579895,1.5548222064971924,1334.017333984375,0.02282176911830902,0.17271576821804047,5.852276802062988,79.28571319580078,102.238525390625,2.826087474822998,10.495857238769531,0.001379535999149084,48.22916793823242,90.98362731933594,0.5300862292910787,39.16666793823242,0.43048039617567413,3.5226449966430664,0.757442831993103,0.8669503927230835,0.8669503927230835,0.0,0.28965339064598083,0.03255869448184967,0.0003578522360291931,0.2578841745853424,0.06186547875404358,2.0,48
28202,0.48167094588279724,0.639524519443512,1.0,0.8603964447975159,0.5871303677558899,0.00439453125,0.0011222024913877249,0.255363404750824,0.02116400934755802,0.6370007991790771,570.23583984375,0.02823571488261223,0.2480110079050064,6.15340518951416,82.33333587646484,103.96958923339844,2.6070749759674072,10.520166397094727,0.001217918936163187,42.04166793823242,92.01576232910156,0.4568963715509757,34.10416793823242,0.37063397695440337,3.1922950744628906,0.7715862989425659,0.8167580962181091,0.8177076578140259,0.02083333395421505,0.4809722900390625,0.041539158672094345,0.0004514352499630656,0.29794028401374817,0.047880638390779495,2.0,48
28287,0.44960498809814453,0.55897456407547,0.9999999403953552,1.215725302696228,0.6559524536132812,0.05029296875,0.022314075380563736,0.4436818063259125,0.13712894916534424,2.0230164527893066,80.38848876953125,0.19937697052955627,0.5507509112358093,7.261778354644775,75.87378692626953,75.14592742919922,3.0121994018554688,10.4847412109375,0.0020273756235837936,34.04166793823242,48.0418815612793,0.7085831533830562,26.916667938232422,0.5602750570519685,1.995100975036621,0.6610192060470581,0.8246163129806519,0.8246163129806519,0.0,0.4719873368740082,0.013949800282716751,0.0002903674840882233,0.4770224690437317,0.41408345103263855,2.0,48
28373,0.35205838084220886,0.4685915410518646,1.0,1.1245167255401611,0.6171059012413025,0.021484375,0.010410048067569733,0.4845404326915741,0.09355445206165314,1.491054654121399,135.16502380371094,0.10376113653182983,0.44620659947395325,6.7224812507629395,47.59090805053711,92.29187774658203,2.068024158477783,10.520231246948242,0.0011770939454436302,40.5625,91.95589447021484,0.44110820985736154,32.25,0.35071161215161567,3.5077013969421387,0.740069568157196,0.8081398010253906,0.8081398010253906,0.0,0.19211190938949585,0.03681956231594086,0.0004004045909624959,0.24061477184295654,0.3299306631088257,2.0,48
28480,0.37384188175201416,0.5419230461120605,1.0,1.0519475936889648,0.733958899974823,0.00390625,0.00044447023537941277,0.11378438025712967,0.009231675416231155,0.3138972520828247,741.3367309570312,0.02555946074426174,0.2234347015619278,6.359180450439453,94.625,98.93927764892578,4.415567874908447,10.493339538574219,0.0021380847319960594,50.708335876464844,79.0622787475586,0.6413720509114086,40.41666793823242,0.5112003925686049,3.5849337577819824,0.7996102571487427,0.8630160689353943,0.8630160689353943,0.0,0.2886331081390381,0.023205667734146118,0.00029351124327323526,0.24788875877857208,0.018964063376188278,2.0,48
28525,0.306082546710968,0.36569562554359436,1.0,0.7478615045547485,0.6630489230155945,0.01220703125,0.0021799204405397177,0.17857907712459564,0.02676069363951683,0.6182835698127747,292.8899230957031,0.06591325998306274,0.37005186080932617,6.950608253479004,87.80000305175781,112.0707015991211,4.3302106857299805,10.454484939575195,0.0022093108855187893,51.97916793823242,68.17948913574219,0.7623871722934218,41.9375,0.6151043448030734,3.033780813217163,0.701873242855072,0.8350906372070312,0.8350906372070312,0.0,0.4884568452835083,0.023101817816495895,0.00033883823575023964,0.4183689057826996,0.08526895195245743,2.0,48
28654,0.5188793540000916,0.6350226998329163,1.0,1.3057245016098022,0.5114166140556335,0.01611328125,0.00562986359000206,0.34939274191856384,0.0693039819598198,2.4756860733032227,811.3067626953125,0.08250018209218979,0.4016949534416199,6.957082748413086,79.7272720336914,77.84648895263672,2.44977068901062,10.465028762817383,0.001980785746127367,41.458335876464844,45.29747772216797,0.9152460126278342,31.729167938232422,0.7004621344667051,2.8745486736297607,0.9195870757102966,0.726004958152771,0.726004958152771,0.0,0.5137998461723328,0.05510314926505089,0.0012164727932725363,0.5694398283958435,0.19360260665416718,2.0,48
28756,0.2913971543312073,0.33769190311431885,1.0,1.058326244354248,0.7840113639831543,0.0087890625,0.0016517475014552474,0.18793216347694397,0.02439459040760994,0.6043409109115601,374.3700866699219,0.05035991966724396,0.3203553259372711,6.668998718261719,72.11111450195312,76.20085906982422,1.6449607610702515,10.526893615722656,0.001094132661819458,40.625,124.83934020996094,0.3254182529995809,30.291667938232422,0.24264521011453566,6.929812431335449,0.8787975311279297,0.7977336645126343,0.7977336645126343,0.0,0.9434311985969543,0.02772941254079342,0.00022212078734103787,1.6737594604492188,0.0702688917517662,2.0,48
28881,0.4453310966491699,0.6301820874214172,1.0,1.7863415479660034,0.40723180770874023,0.0087890625,0.00798282865434885,0.9082685112953186,0.10685928910970688,2.463588237762451,290.89544677734375,0.05035991966724396,0.3393099904060364,6.444847106933594,71.05555725097656,185.530517578125,9.380428314208984,10.201455116271973,0.005093981511890888,48.85416793823242,67.84611511230469,0.7200731810533897,37.79166793823242,0.5570203669009821,3.679532051086426,0.9898356199264526,0.7434613704681396,0.7434613704681396,0.0,0.3898896872997284,0.049906909465789795,0.0007355897883883804,0.4349571168422699,0.33721742033958435,2.0,48
29083,0.3860420882701874,0.4799153804779053,1.0,0.8302899599075317,0.7481493949890137,0.0048828125,0.0010120418155565858,0.207266166806221,0.019525887444615364,0.7052006125450134,895.9196166992188,0.03085736557841301,0.2586562931537628,6.4147138595581055,76.80000305175781,72.2774887084961,1.8896175622940063,10.520849227905273,0.0013523825909942389,32.04166793823242,61.36625289916992,0.522138250573296,24.916667938232422,0.4060320902290115,3.321831703186035,0.8201282024383545,0.7822359800338745,0.7822359800338745,0.0,0.3114592432975769,0.018499355763196945,0.00030145812863266084,0.38053739070892334,0.043180447071790695,2.0,48
29160,0.4487449824810028,0.5275002717971802,0.9999999403953552,1.193697452545166,0.5241367816925049,0.00341796875,0.0006846332689747214,0.20030413568019867,0.01646447367966175,0.623020589351654,1100.3267822265625,0.02282176911830902,0.20036780834197998,5.886630058288574,71.0,131.23828125,5.4659037590026855,10.392071723937988,0.002948381006717682,58.85416793823242,82.35661315917969,0.7146258894514305,47.770835876464844,0.5800485721569488,4.258095741271973,0.9358052015304565,0.7888002395629883,0.7888002395629883,0.0,0.5302003622055054,0.04110804945230484,0.0004991469157171304,0.5249707102775574,0.029211020097136497,2.0,48
29421,0.43948814272880554,0.5344842076301575,1.0,1.012940764427185,0.552428126335144,0.01708984375,0.006143238395452499,0.35946720838546753,0.07328354567289352,1.9387767314910889,350.33221435546875,0.08648617565631866,0.3872959315776825,6.835825443267822,85.17142486572266,152.16241455078125,7.040807247161865,10.291274070739746,0.003919097129255533,56.97916793823242,69.32797241210938,0.8218784705156214,44.5,0.6418765535079822,4.208774566650391,0.9293133616447449,0.8149856925010681,0.8149856925010681,0.0,0.5907567739486694,0.03600088879466057,0.0005192837398368733,0.5460724830627441,0.23140180110931396,2.0,48
29585,0.35343676805496216,0.43085628747940063,1.0,0.5614796876907349,0.8006575703620911,0.02001953125,0.0016270792111754417,0.0812745913863182,0.016376616433262825,0.39588144421577454,259.2257385253906,0.09811511635780334,0.42902982234954834,7.015458106994629,66.78048706054688,85.26602172851562,2.56722354888916,10.500587463378906,0.0013661824632436037,47.125,48.749176025390625,0.9666830053863573,37.125,0.7615513331558306,2.2741506099700928,0.7258569598197937,0.873136043548584,0.873136043548584,0.0,0.1853264421224594,0.010514586232602596,0.0002156874656705845,0.22751714289188385,0.05282629653811455,2.0,48
29586,0.42459091544151306,0.6679529547691345,1.0,0.8655568957328796,0.644414484500885,0.01123046875,0.002556019462645054,0.22759686410427094,0.03801693767309189,1.0543029308319092,540.680419921875,0.06158214434981346,0.3362445533275604,6.7498779296875,68.43478393554688,85.59666442871094,3.2887914180755615,10.458968162536621,0.0022990298457443714,34.35416793823242,49.7036247253418,0.6911803338520875,26.0625,0.5243581356244275,2.8730599880218506,0.9016029238700867,0.7530689239501953,0.7530689239501953,0.0,0.26066356897354126,0.015013158321380615,0.0003020535906852181,0.3242652714252472,0.10447036474943161,2.0,48
29687,0.3537119925022125,0.4283023476600647,1.0,0.9079606533050537,0.7531403303146362,0.00341796875,0.001667640171945095,0.4879038631916046,0.03622930869460106,1.0001283884048462,561.61572265625,0.02282176911830902,0.20544378459453583,5.968408107757568,68.14286041259766,81.02104187011719,2.481109380722046,10.520217895507812,0.0014114188961684704,40.3125,101.72967529296875,0.39627080180824653,31.0625,0.30534354805999775,4.790806770324707,0.8547940254211426,0.8628654479980469,0.8628654479980469,0.0,0.6245728135108948,0.040294770151376724,0.0003960965178682804,0.5653160810470581,0.07115264981985092,2.0,48
29733,0.4517640769481659,0.5102500319480896,1.0000001192092896,0.6355175971984863,0.7243622541427612,0.01708984375,0.0014996323734521866,0.0877499207854271,0.017028994858264923,0.36158549785614014,260.9678955078125,0.08648617565631866,0.3961279094219208,7.040175914764404,67.94285583496094,126.75342559814453,6.248064041137695,10.254892349243164,0.004543799441307783,32.72916793823242,56.4071159362793,0.5802311887280827,25.125,0.44542252477379646,3.000347852706909,0.8860397338867188,0.8007506728172302,0.8007506728172302,0.0,0.7702902555465698,0.015882495790719986,0.0002815690099427539,0.878844141960144,0.055553317070007324,2.0,48
29788,0.34844741225242615,0.48514848947525024,0.9999999403953552,0.796597957611084,0.7494796514511108,0.00244140625,0.0002820559893734753,0.11553013324737549,0.007850137539207935,0.331775426864624,1561.4896240234375,0.01712392456829548,0.16469912230968475,5.9134521484375,90.80000305175781,101.74707794189453,3.1702349185943604,10.51606559753418,0.0016028281534090638,48.875,80.07804870605469,0.6103420448380775,40.895835876464844,0.510699705252255,3.1070048809051514,0.6421570777893066,0.8466836810112,0.8466836810112,0.0,0.27008551359176636,0.03443431109189987,0.0004300093676607808,0.25599125027656555,0.012034389190375805,2.0,48
29824,0.33130016922950745,0.44102761149406433,1.0,1.5246798992156982,0.6185197234153748,0.0029296875,0.0023462348617613316,0.8008481860160828,0.06830447167158127,2.8299057483673096,1468.421875,0.020013848319649696,0.14974716305732727,5.790351867675781,72.83333587646484,77.90648651123047,2.289824962615967,10.51011848449707,0.0014779577031731606,38.395835876464844,62.85618209838867,0.6108521801444349,31.625,0.5031326902016753,2.6772518157958984,0.6575114727020264,0.832334041595459,0.832334041595459,0.0,0.2916145920753479,0.02766309678554535,0.00044010144838010267,0.2672330439090729,0.10010602325201035,2.0,48
29833,0.300968736410141,0.369939386844635,1.0,0.7243266105651855,0.7966676950454712,0.03515625,0.006528228987008333,0.18569184839725494,0.04711989313364029,1.0337556600570679,170.74917602539062,0.152232363820076,0.5132083296775818,7.339892864227295,77.80555725097656,98.52143096923828,3.9414315223693848,10.50537109375,0.0017977266106754541,54.645835876464844,73.58210754394531,0.74265113752555,44.35416793823242,0.6027846906357638,3.0926883220672607,0.745599627494812,0.8560692667961121,0.8560692667961121,0.0,0.2986939251422882,0.02813810482621193,0.00038240417081806226,0.2673514485359192,0.14288710057735443,2.0,48
29860,0.36139652132987976,0.5097368955612183,1.0,0.9044864177703857,0.7209177017211914,0.0693359375,0.0209406316280365,0.3020170032978058,0.12407895177602768,2.7758913040161133,174.22341918945312,0.25191783905029297,0.5825619697570801,7.48573112487793,70.30986022949219,106.67374420166016,3.2365989685058594,10.489544868469238,0.0014284340431913733,55.6875,76.31382751464844,0.7297170356448656,44.645835876464844,0.585029441250929,3.325869560241699,0.841020941734314,0.8157889246940613,0.8157889246940613,0.0,0.23228734731674194,0.029479622840881348,0.00038629464406512423,0.14435811340808868,0.37089788913726807,2.0,48
29876,0.37096071243286133,0.5410947203636169,1.0,1.117233395576477,0.5945252180099487,0.01513671875,0.006959478836506605,0.45977461338043213,0.08277022838592529,2.2879650592803955,375.9745178222656,0.07845399528741837,0.38730862736701965,6.836348533630371,73.54838562011719,144.704345703125,6.277136325836182,10.36506462097168,0.003322911448776722,44.16666793823242,99.32335662841797,0.44467554695134914,35.0625,0.3530136433834329,3.635517120361328,0.8658264875411987,0.8076126575469971,0.8076126575469971,0.0,0.48749491572380066,0.04104527831077576,0.0004132490050673496,0.41378429532051086,0.25931039452552795,2.0,48
29945,0.33158308267593384,0.46340376138687134,1.0,1.4476323127746582,0.5916051864624023,0.009765625,0.0025892523117363453,0.2651394307613373,0.039422668516635895,1.304052710533142,649.7070922851562,0.05492175742983818,0.3275879919528961,6.7856035232543945,78.0999984741211,85.8045425415039,2.5396904945373535,10.518451690673828,0.001370301702991128,39.72916793823242,60.33651351928711,0.6584597885150927,31.666667938232422,0.5248342352904024,2.9054412841796875,0.7962708473205566,0.8184975385665894,0.8184975385665894,0.0,0.3333105742931366,0.02298114448785782,0.00038088287081259443,0.35254475474357605,0.10790181905031204,2.0,48
30003,0.3837685286998749,0.43763577938079834,1.0,1.4680787324905396,0.6301761865615845,0.00341796875,0.0009089313680306077,0.26592734456062317,0.01807229593396187,0.5250390768051147,561.5979614257812,0.02282176911830902,0.23031958937644958,6.012729167938232,87.14286041259766,73.69000244140625,1.49421226978302,10.528324127197266,0.0010830939281731844,49.35416793823242,84.38166046142578,0.5848921159230478,38.3125,0.454038232786066,5.973355770111084,0.9285597801208496,0.8106517791748047,0.8106517791748047,0.0,0.8163049817085266,0.025815142318606377,0.0003059330922665142,1.0055514574050903,0.038781072944402695,2.0,48
30011,0.25670382380485535,0.3398010730743408,1.0,0.8848113417625427,0.8329371213912964,0.0087890625,0.0019430248066782951,0.22107304632663727,0.03549214452505112,1.3947901725769043,1182.0760498046875,0.05035991966724396,0.2993027865886688,6.487621784210205,71.27777862548828,95.66846466064453,3.977407455444336,10.509689331054688,0.0020576261449605227,52.375,73.64869689941406,0.7111463229881699,43.625,0.5923390613911009,3.1005771160125732,0.7581707239151001,0.8646451830863953,0.8646451830863953,0.0,0.4933132529258728,0.025696810334920883,0.0003489105905909955,0.4218864142894745,0.0824885368347168,2.0,48
30056,0.3775298595428467,0.4255341589450836,1.0,0.685934841632843,0.6923487186431885,0.025390625,0.0036520627327263355,0.14383508265018463,0.028410088270902634,0.5032138824462891,126.18280029296875,0.1183348149061203,0.481849730014801,7.165507793426514,77.67308044433594,106.23538970947266,2.383188247680664,10.514373779296875,0.0012369838077574968,50.75,84.16949462890625,0.6029500381072916,41.020835876464844,0.48735989270753566,3.319545269012451,0.7200630903244019,0.8156396746635437,0.8156396746635437,0.0,0.4109303057193756,0.03415841609239578,0.0004058289317161529,0.35944366455078125,0.08823291212320328,2.0,48
30155,0.35866352915763855,0.41579297184944153,1.0,0.5419149994850159,0.8076123595237732,0.0078125,0.001048745703883469,0.13423945009708405,0.015973707661032677,0.46978941559791565,483.9196472167969,0.04568839073181152,0.3135227560997009,6.65364933013916,76.25,93.65802001953125,2.0080065727233887,10.497547149658203,0.0012267074780538678,39.958335876464844,64.15191650390625,0.6228704931645036,32.97916793823242,0.5140792314612068,2.4640021324157715,0.6660674810409546,0.8582574725151062,0.8582574725151062,0.0,0.49750402569770813,0.02185567282140255,0.0003406862025184374,0.3918725550174713,0.044746484607458115,2.0,48
30248,0.34773698449134827,0.5957404375076294,1.0,2.0110795497894287,0.5130668878555298,0.0029296875,0.0006837815744802356,0.2333974391222,0.013628636486828327,0.3490443825721741,495.2912902832031,0.020013848319649696,0.2234000712633133,6.070242881774902,89.16666412353516,91.44569396972656,3.287033796310425,10.476495742797852,0.001947307144291699,42.270835876464844,76.22109985351562,0.554581814643932,32.9375,0.4321309986208429,4.255634307861328,0.8153200149536133,0.8312355875968933,0.8312355875968933,0.0,0.2325509637594223,0.029448743909597397,0.0003863594721452384,0.2718629240989685,0.0291746836155653,2.0,48
30340,0.4701327383518219,0.6505221724510193,1.0,1.7857921123504639,0.4332595765590668,0.0068359375,0.004785639233887196,0.7000706791877747,0.07908155024051666,2.378729820251465,571.0548095703125,0.04089350998401642,0.2965283691883087,6.170246601104736,63.57142639160156,98.2274169921875,3.012509822845459,10.475410461425781,0.0017993564251810312,42.97916793823242,71.47145080566406,0.6013473554508129,34.22916793823242,0.4789208494803715,3.649146556854248,0.8090144991874695,0.7964524030685425,0.7964524030685425,0.0,0.3311219811439514,0.03276761621236801,0.00045847140135549746,0.3411847651004791,0.2041872888803482,2.0,48
30620,0.39344844222068787,0.5922436118125916,0.9999999403953552,1.430122971534729,0.5169075727462769,0.01220703125,0.003772513475269079,0.3090443015098572,0.05757427588105202,2.0463900566101074,831.6181640625,0.06591325998306274,0.3451223373413086,6.612783908843994,64.16000366210938,86.58597564697266,2.7756857872009277,10.505263328552246,0.0014763269573450089,37.97916793823242,55.933082580566406,0.6790108139800243,30.25,0.5408248320842935,2.627962589263916,0.6974868774414062,0.7738654017448425,0.7738654017448425,0.0,0.34900999069213867,0.023036789149045944,0.00041186339250558836,0.37397176027297974,0.14868541061878204,2.0,48
30791,0.3144211769104004,0.3727584481239319,1.0000001192092896,0.6201121211051941,0.7503629326820374,0.0341796875,0.006772872060537338,0.19815488159656525,0.04848954454064369,0.9316971302032471,125.99301147460938,0.1489836424589157,0.5116127729415894,7.281412601470947,78.9857177734375,146.62567138671875,6.775810718536377,10.295573234558105,0.003901206888258457,55.645835876464844,62.79572677612305,0.8861404863740151,43.875,0.6986940393163145,3.508087635040283,0.9109058380126953,0.8221611976623535,0.8221611976623535,0.0,0.1450148969888687,0.02591739408671856,0.00041272544189178696,0.14525723457336426,0.15920500457286835,2.0,48
30798,0.4253421425819397,0.4666946232318878,1.0,1.5611250400543213,0.5297801494598389,0.00439453125,0.0013060832861810923,0.2972065210342407,0.02298043482005596,0.6770634055137634,491.8736267089844,0.02823571488261223,0.2627905607223511,5.931065559387207,65.55555725097656,76.94831848144531,2.4407129287719727,10.508943557739258,0.0015987588558346033,40.270835876464844,64.55261993408203,0.6238451035968641,32.85416793823242,0.5089517352927266,2.7678632736206055,0.735262393951416,0.811163604259491,0.811163604259491,0.0,0.2813124358654022,0.029771555215120316,0.0004611982478931078,0.2701002359390259,0.05572621896862984,2.0,48
30862,0.4811519682407379,0.5388939380645752,1.0,0.7575077414512634,0.6833912134170532,0.0048828125,0.0006000187713652849,0.12288384139537811,0.010671153664588928,0.26858794689178467,447.3510437011719,0.03085736557841301,0.2603411376476288,6.379870414733887,72.5999984741211,69.94367218017578,1.730265736579895,10.525726318359375,0.0012105628848075867,36.458335876464844,98.32272338867188,0.37080274646824235,27.479167938232422,0.27947932063284986,4.332155227661133,0.8453984260559082,0.694785475730896,0.694785475730896,0.0,0.9727380871772766,0.017943300306797028,0.0001824939310726965,2.4423983097076416,0.025600800290703773,2.0,48
30893,0.39475980401039124,0.43850722908973694,1.0,0.799224853515625,0.5829248428344727,0.0234375,0.004433240741491318,0.1891516000032425,0.04496484249830246,0.9301503896713257,250.3822021484375,0.11113139986991882,0.4357765316963196,6.928158760070801,67.29166412353516,114.13196563720703,3.0161168575286865,10.495266914367676,0.0015566712245345116,49.125,80.80458068847656,0.607948207581333,39.72916793823242,0.4916697493485224,3.5474143028259277,0.8369619846343994,0.8507234454154968,0.8507234454154968,0.0,0.3734198808670044,0.031917378306388855,0.0003949946652837542,0.329752117395401,0.14112751185894012,2.0,48
30923,0.390242338180542,0.46305665373802185,1.0,0.8722163438796997,0.6395130753517151,0.00439453125,0.001297041424550116,0.29514896869659424,0.027923569083213806,0.9918652772903442,873.3712158203125,0.02823571488261223,0.22568564116954803,6.217754364013672,73.0,93.52227783203125,2.206674814224243,10.519231796264648,0.0012506336206570268,41.6875,78.4749984741211,0.5312201440619996,32.75,0.41733036804870727,3.4287641048431396,0.7292145490646362,0.8091483116149902,0.8091483116149902,0.0,0.29497575759887695,0.028381166979670525,0.000361658713321457,0.3105473816394806,0.05534043535590172,2.0,48
30974,0.2704407572746277,0.3437100648880005,1.0,1.401151418685913,0.6591781377792358,0.00634765625,0.0010537640191614628,0.1660083681344986,0.019057609140872955,0.5927799344062805,622.9238891601562,0.03844451159238815,0.2721088230609894,6.515003204345703,70.76923370361328,78.66854858398438,2.291335344314575,10.517532348632812,0.001374240848235786,36.520835876464844,70.40394592285156,0.5187327981772065,29.27083396911621,0.41575558843013644,3.0593910217285156,0.8423725366592407,0.8553791046142578,0.8553791046142578,0.0,0.24063539505004883,0.032452430576086044,0.00046094618911044936,0.3125789761543274,0.04496060311794281,2.0,48
31168,0.3978824317455292,0.5925442576408386,1.0,0.8926602005958557,0.6551325917243958,0.00341796875,0.0006507078651338816,0.19037853181362152,0.013431250117719173,0.4347519874572754,663.0363159179688,0.02282176911830902,0.22117052972316742,6.147168159484863,84.85713958740234,102.8385238647461,2.6624903678894043,10.504969596862793,0.0013875989243388176,47.583335876464844,101.14177703857422,0.47046173465602187,38.4375,0.38003583802507307,4.763847827911377,0.8271673917770386,0.8410109281539917,0.8410109281539917,0.0,0.37782931327819824,0.04074256122112274,0.0004028262347175863,0.34654921293258667,0.02776353619992733,2.0,48
31222,0.3237892985343933,0.40681061148643494,1.0,0.7409443855285645,0.7502890229225159,0.02197265625,0.0054162731394171715,0.24650061130523682,0.05718877911567688,1.4650070667266846,304.2737121582031,0.1056201159954071,0.42320695519447327,7.057290077209473,83.80000305175781,124.30084991455078,5.371195316314697,10.386436462402344,0.0029932300094515085,40.833335876464844,62.31431198120117,0.6552802168822877,33.60416793823242,0.5392688591824195,2.5396995544433594,0.7894753217697144,0.7959808111190796,0.7959808111190796,0.0,0.570306122303009,0.023781416937708855,0.0003816365161997906,0.5478345155715942,0.18129988014698029,2.0,48
31276,0.44854244589805603,0.527391254901886,1.0,0.616131067276001,0.7128448486328125,0.033203125,0.004514144733548164,0.13595542311668396,0.03232259675860405,0.45540666580200195,90.34756469726562,0.14570602774620056,0.504815399646759,7.258221626281738,71.94117736816406,81.77862548828125,2.8783557415008545,10.498523712158203,0.0018919904250651598,45.520835876464844,58.320045471191406,0.7805349858848379,33.770835876464844,0.5790605202349535,3.3624324798583984,0.8775073885917664,0.803459644317627,0.803459644317627,0.0,0.4118431508541107,0.01636446639895439,0.0002805976275212618,0.4294043481349945,0.10557729005813599,2.0,48
31334,0.245411679148674,0.3956102728843689,1.0,0.9243170619010925,0.8686544895172119,0.013671875,0.0020664818584918976,0.15114839375019073,0.024616921320557594,0.5852370262145996,322.7243957519531,0.07226333767175674,0.3803137540817261,6.99235725402832,76.64286041259766,101.35792541503906,3.924983263015747,10.43627643585205,0.002266959985718131,47.9375,64.70028686523438,0.7409163438864018,40.208335876464844,0.6214552951519536,2.9784770011901855,0.8095158934593201,0.9112871885299683,0.9112871885299683,0.0,0.4546075165271759,0.022055966779589653,0.00034089442017655285,0.3375198245048523,0.07947627454996109,2.0,48
31411,0.42170047760009766,0.6185221672058105,1.0,1.4470075368881226,0.5376276969909668,0.01123046875,0.007851715199649334,0.6991440057754517,0.1384717971086502,4.730774402618408,816.9482421875,0.06158214434981346,0.30985787510871887,6.446611404418945,68.43478393554688,83.70048522949219,2.638007640838623,10.507001876831055,0.0016984366811811924,42.22916793823242,66.6832046508789,0.6332804212543649,33.395835876464844,0.5008133014347645,3.4051156044006348,0.790554404258728,0.7890557646751404,0.7890557646751404,0.0,0.2713643014431,0.030398650094866753,0.000455866664619086,0.2684924006462097,0.32109346985816956,2.0,48
31412,0.32884690165519714,0.4334333539009094,1.0,0.8319046497344971,0.791124701499939,0.0078125,0.0009893530514091253,0.12663719058036804,0.013754788786172867,0.31437623500823975,329.5340881347656,0.04568839073181152,0.3314342200756073,6.697123050689697,81.3125,101.68475341796875,4.1174235343933105,10.492690086364746,0.0021065794862806797,54.958335876464844,74.46211242675781,0.7380711354803704,44.5,0.597619360286008,3.0654399394989014,0.7451542615890503,0.8876276016235352,0.8876276016235352,0.0,0.29536861181259155,0.019438765943050385,0.00026105579477831933,0.23935608565807343,0.04221239686012268,2.0,48
31612,0.27793341875076294,0.37715721130371094,1.0,0.9759646058082581,0.7204515933990479,0.0048828125,0.0011639882577583194,0.23838476836681366,0.032480958849191666,1.4252196550369263,1804.1470947265625,0.03085736557841301,0.19623953104019165,6.266207695007324,78.19999694824219,87.5545654296875,3.1176819801330566,10.494773864746094,0.0017217787681147456,38.72916793823242,61.877498626708984,0.6259006713509302,31.5,0.5090703518081862,2.74613094329834,0.6897832751274109,0.8325490951538086,0.8325490951538086,0.0,0.3512752652168274,0.029071759432554245,0.00046982764450836007,0.3579547703266144,0.04966349899768829,2.0,48
31946,0.5810102224349976,0.7690578699111938,0.9999999403953552,1.1751919984817505,0.3906742334365845,0.0087890625,0.004740498028695583,0.5393632650375366,0.060911618173122406,1.1301867961883545,208.0447998046875,0.05035991966724396,0.34165167808532715,6.195310115814209,85.27777862548828,72.53215026855469,1.8911691904067993,10.521020889282227,0.0012249391293153167,52.625,66.05742645263672,0.7966553167154591,39.35416793823242,0.595756904948331,4.163093566894531,1.0895287990570068,0.8408832550048828,0.8408832550048828,0.0,0.6545605659484863,0.020614616572856903,0.0003120711428943861,0.5999771952629089,0.20134703814983368,2.0,48
31972,0.21793103218078613,0.30947503447532654,1.0,1.0469938516616821,0.8555487990379333,0.0078125,0.0014781750505790114,0.18920640647411346,0.019406476989388466,0.39146852493286133,234.19955444335938,0.04568839073181152,0.336145281791687,6.5266571044921875,76.625,92.75447845458984,3.532609224319458,10.520890235900879,0.001933202613145113,55.72916793823242,70.42626190185547,0.7913123091494233,47.72916793823242,0.6777183204465628,3.0192039012908936,0.8384620547294617,0.888644814491272,0.888644814491272,0.0,0.371377557516098,0.03455888479948044,0.0004907101961869546,0.3229268193244934,0.06306879967451096,2.0,48
31975,0.39132604002952576,0.5745120644569397,0.9999999403953552,1.5551692247390747,0.5810115933418274,0.0029296875,0.003336343914270401,1.1388052701950073,0.09999750554561615,4.13945198059082,1471.0404052734375,0.020013848319649696,0.1424292027950287,5.774868488311768,62.5,70.4897689819336,3.4263646602630615,10.511934280395508,0.0021812869235873222,43.708335876464844,59.134910583496094,0.7391291444900243,33.66666793823242,0.569319672598528,3.247488021850586,0.7727372646331787,0.7144281268119812,0.7144281268119812,0.0,0.33392032980918884,0.034105684608221054,0.0005767436572732748,0.3967989385128021,0.14235065877437592,2.0,48
32415,0.3410615622997284,0.4054449498653412,1.0,0.6496810913085938,0.7068818807601929,0.0419921875,0.005681030452251434,0.13528777658939362,0.036941129714250565,0.6186200380325317,92.6380386352539,0.17422455549240112,0.5325869917869568,7.285996437072754,75.5465087890625,113.74060821533203,4.753174304962158,10.426239967346191,0.002642306499183178,49.020835876464844,57.66817855834961,0.8500500118685776,38.72916793823242,0.6715864606739703,2.7853550910949707,0.7919454574584961,0.8563081622123718,0.8563081622123718,0.0,0.18939337134361267,0.018339358270168304,0.00031801521611146585,0.15454822778701782,0.1177150085568428,2.0,48
32426,0.3705117702484131,0.48132121562957764,0.9999999403953552,1.3032574653625488,0.6625560522079468,0.00244140625,0.00042606377974152565,0.1745157241821289,0.014159861952066422,0.6266593337059021,1868.41845703125,0.01712392456829548,0.12555959820747375,5.648377418518066,61.400001525878906,91.15911102294922,2.951145648956299,10.518136024475098,0.0014968952164053917,39.35416793823242,103.24797058105469,0.3811616607372042,30.479167938232422,0.29520355474060145,4.67867374420166,0.7804946899414062,0.8926052451133728,0.8926052451133728,0.0,0.4726240932941437,0.03488245606422424,0.00033785125135666765,0.3761289715766907,0.018178721889853477,2.0,48
32441,0.4875265061855316,0.5522225499153137,1.0,1.2750906944274902,0.49658894538879395,0.03076171875,0.008488345891237259,0.27593860030174255,0.06871867179870605,1.2986794710159302,151.31907653808594,0.13738007843494415,0.4833611249923706,6.771856307983398,74.87301635742188,91.3675308227539,3.307569980621338,10.494279861450195,0.0018182883504778147,57.583335876464844,68.97514343261719,0.8348418430527864,46.0625,0.6678130367111305,3.771211624145508,1.0228886604309082,0.8081393241882324,0.8081393241882324,0.0,0.2296513468027115,0.036620140075683594,0.0005309179256169168,0.14379939436912537,0.22536063194274902,2.0,48
32447,0.6232736706733704,0.7550570368766785,1.0,0.8455454707145691,0.5045651197433472,0.02783203125,0.008526233956217766,0.3063460886478424,0.0675470381975174,1.0347468852996826,107.72805786132812,0.1271233856678009,0.47905483841896057,7.217584609985352,64.1754379272461,68.38764953613281,1.3197885751724243,10.525815963745117,0.0010440456680953503,32.8125,50.97093963623047,0.643749168207195,25.52083396911621,0.5006938099679233,2.4919240474700928,0.9310216307640076,0.6444557309150696,0.6444557309150696,0.0,0.4694006145000458,0.01428379025310278,0.00028023399906380045,0.6473110318183899,0.22459642589092255,2.0,48
32640,0.2249586433172226,0.3432251811027527,0.9999999403953552,1.026084065437317,0.8596579432487488,0.01171875,0.004671845585107803,0.3986641466617584,0.07716114073991776,2.4116084575653076,625.1233520507812,0.0637580007314682,0.3134492039680481,6.917697429656982,76.125,85.8868408203125,3.915548086166382,10.516557693481445,0.001937849447131157,49.6875,62.892242431640625,0.7900417932482904,41.25,0.6558837528853732,3.1704535484313965,0.8576227426528931,0.9045898914337158,0.9045898914337158,0.0,0.4309447109699249,0.04976731166243553,0.0007913108156163447,0.33070841431617737,0.19288413226604462,2.0,48
