feature,crowding,crowd_max,dec_norm,enc_norm,enc_dec_cos,frequency,act_mag,act_mean_firing,act_std,act_max,act_kurtosis,bin_entropy,act_entropy,coact_entropy,coact_count,logit_l2,logit_linf,logit_entropy,logit_top10_mass,collateral_raw,effect_l2,collateral_ctilde,collateral_raw_nodense,collateral_ctilde_nodense,resid_delta_norm,resid_reconstruction_norm_ratio,stab_signed,stab_abs,stab_anti_frac,effect_pc1_ratio,kl_mean,kl_per_effect,effect_cv,ctx_mean_act,intervention_value,n_ctx
126,0.3971406817436218,0.4564843773841858,0.9999999403953552,1.4469830989837646,0.5252593159675598,0.009765625,0.005864354781806469,0.6005099415779114,0.09392973780632019,3.054150104522705,642.8326416015625,0.05492175742983818,0.3156740665435791,6.554227352142334,73.30000305175781,169.51275634765625,8.603974342346191,10.203840255737305,0.0050710709765553474,40.16666793823242,59.41405487060547,0.6760465687613593,31.375,0.5280737034873164,3.127185344696045,0.8850588798522949,0.735720157623291,0.735720157623291,0.0,0.3953459858894348,0.03637653589248657,0.0006122547260170415,0.4572010934352875,0.2462475746870041,1.745818853378296,48
223,0.5500428080558777,0.7056220769882202,1.0,0.7507638335227966,0.6549824476242065,0.00927734375,0.0028523108921945095,0.3074491024017334,0.03808970749378204,0.913124144077301,342.4960632324219,0.05265381559729576,0.3451736867427826,6.69476842880249,71.2631607055664,77.00659942626953,2.29451322555542,10.528626441955566,0.0012210661079734564,13.6875,32.932003021240234,0.4156291370134895,11.625,0.35300008897036095,1.138256549835205,0.6418460607528687,0.8870055079460144,0.8870055079460144,0.0,0.2951647639274597,0.004300978034734726,0.0001306017745308324,0.2817874848842621,0.11900054663419724,0.8560764789581299,48
284,0.3058057725429535,0.42315077781677246,1.0,0.7764350771903992,0.7006055116653442,0.02490234375,0.003333969507366419,0.13388176262378693,0.02642257697880268,0.3880637288093567,106.62073516845703,0.11654888093471527,0.476826012134552,7.183524131774902,79.66666412353516,97.29232025146484,3.1106767654418945,10.463662147521973,0.001798134413547814,3.1875,13.851146697998047,0.23012535114940674,1.5833333730697632,0.11431063481231495,0.6002990007400513,0.8215832114219666,0.8456394076347351,0.8456394076347351,0.0,0.451838880777359,0.0010152023751288652,7.329374213780137e-05,0.3697953522205353,0.08745425194501877,0.3413994312286377,48
486,0.39887735247612,0.5394905805587769,1.0,1.1521222591400146,0.664055585861206,0.02001953125,0.003707065712660551,0.1851724535226822,0.03404298797249794,0.7285072207450867,176.24208068847656,0.09811511635780334,0.4424766004085541,7.103082656860352,69.65853881835938,81.36784362792969,1.901536226272583,10.50585651397705,0.0012961442116647959,5.708333492279053,14.223943710327148,0.40131862193193224,2.0,0.1406079804113567,0.7139058113098145,0.7841760516166687,0.7998781204223633,0.7998781204223633,0.0,0.3281758427619934,0.000999770942144096,7.028788652442033e-05,0.3949643671512604,0.11446162313222885,0.43915218114852905,48
506,0.5356070399284363,0.667957067489624,1.0,1.887632966041565,0.4374640882015228,0.00537109375,0.001227706205099821,0.22857657074928284,0.02719808928668499,1.0275568962097168,1081.100830078125,0.03342986851930618,0.23172138631343842,6.064304828643799,64.54545593261719,99.90543365478516,4.452057361602783,10.374926567077637,0.0031037195585668087,11.5,25.53302574157715,0.45039707051913563,8.916666984558105,0.34922092944692745,1.046230435371399,0.7713041305541992,0.7542012929916382,0.7542012929916382,0.0,0.38689717650413513,0.0051985010504722595,0.00020359909949768304,0.3725486993789673,0.052382126450538635,0.7948009967803955,48
507,0.38641127943992615,0.5125128030776978,0.9999999403953552,1.1743422746658325,0.5903093814849854,0.013671875,0.005005348939448595,0.3661055266857147,0.06584049761295319,1.9712475538253784,492.6988525390625,0.07226333767175674,0.36838147044181824,6.630892753601074,56.75,82.10780334472656,1.7331788539886475,10.52508544921875,0.0011053907219320536,22.25,52.56146240234375,0.42331394483374796,16.916667938232422,0.3218454579045282,1.9766995906829834,0.7649599313735962,0.7868824005126953,0.7868824005126953,0.0,0.41840508580207825,0.010936647653579712,0.00020807350388735198,0.38357383012771606,0.19378481805324554,1.1634572744369507,48
516,0.4385647475719452,0.5362486243247986,1.0,0.5958173274993896,0.7502241134643555,0.0302734375,0.003907819278538227,0.12908409535884857,0.028762327507138252,0.4344422221183777,103.82534790039062,0.13569138944149017,0.49854764342308044,7.308859825134277,70.48387145996094,76.70452880859375,2.3837056159973145,10.4574613571167,0.001972125843167305,1.6041667461395264,8.276586532592773,0.19381984805984948,0.2708333432674408,0.03272283106975136,0.4932020604610443,0.8339390158653259,0.7736020088195801,0.7736020088195801,0.0,0.4751567244529724,0.0005816579796373844,7.027752040579409e-05,0.4614816904067993,0.09231986850500107,0.34739288687705994,48
668,0.4167118966579437,0.49322062730789185,0.9999999403953552,0.6549992561340332,0.7109930515289307,0.05126953125,0.006767600774765015,0.13200044631958008,0.039861228317022324,0.543915331363678,73.8601303100586,0.20223647356033325,0.5603039860725403,7.397939682006836,79.30476379394531,69.789794921875,1.659989356994629,10.529838562011719,0.0011265040375292301,0.6875,7.285719871520996,0.09436267262260908,0.3541666865348816,0.04861107650229127,0.38898205757141113,0.7578481435775757,0.7732995748519897,0.7732995748519897,0.0,0.19595967233181,0.0005994491511955857,8.227727128461084e-05,0.21110878884792328,0.11862514168024063,0.3698960542678833,48
835,0.3513922691345215,0.4526571035385132,0.9999999403953552,1.6628966331481934,0.5084258913993835,0.0029296875,0.0004365040804259479,0.1489933878183365,0.009438314475119114,0.26083528995513916,551.720947265625,0.020013848319649696,0.2030934989452362,5.655332565307617,58.5,97.76055145263672,3.0646886825561523,10.505596160888672,0.0015609179390594363,0.75,8.77396011352539,0.08548021525525794,0.3125,0.03561675635635748,0.3957195281982422,0.6872617602348328,0.7706855535507202,0.7706855535507202,0.0,0.28384390473365784,0.00041699790745042264,4.752676118647234e-05,0.35351186990737915,0.01862417347729206,0.24995790421962738,48
849,0.41135159134864807,0.5396222472190857,1.0,1.0726418495178223,0.6123852729797363,0.00390625,0.0006402861326932907,0.16391324996948242,0.012274607084691525,0.30583155155181885,463.8414306640625,0.02555946074426174,0.23645325005054474,6.067176818847656,76.875,102.89286041259766,3.0132973194122314,10.51217269897461,0.0014800253557041287,1.1458333730697632,12.781364440917969,0.08964875209293233,0.75,0.05867918115316196,0.530263364315033,0.574615478515625,0.8193630576133728,0.8193630576133728,0.0,0.18951904773712158,0.0007825173670426011,6.122330444825082e-05,0.2293986678123474,0.02731887437403202,0.2976264953613281,48
863,0.3340027928352356,0.43343180418014526,1.0,1.264206051826477,0.6213938593864441,0.00537109375,0.003826851723715663,0.7124902009963989,0.07166306674480438,2.4055659770965576,718.06591796875,0.03342986851930618,0.2606050372123718,6.382568836212158,92.63636016845703,97.31310272216797,2.9010214805603027,10.506383895874023,0.0014989003539085388,37.395835876464844,72.16012573242188,0.5182340730662057,30.08333396911621,0.4168969172323748,3.1276588439941406,0.7333957552909851,0.8235912322998047,0.8235912322998047,0.0,0.2617124915122986,0.03427931293845177,0.0004750450832196855,0.2666667103767395,0.16327901184558868,1.8587749004364014,48
1021,0.6046813726425171,0.7703503966331482,1.0,0.9849209189414978,0.5274862051010132,0.0107421875,0.005388378165662289,0.5016090273857117,0.07015683501958847,1.5916669368743896,294.8258056640625,0.05938481166958809,0.3526773154735565,6.500941276550293,60.90909194946289,75.98921203613281,1.7945066690444946,10.529386520385742,0.0011921771802008152,23.604167938232422,51.5275993347168,0.45808786433697096,18.229167938232422,0.3537748346527905,1.972493052482605,0.8334053754806519,0.8220081329345703,0.8220081329345703,0.0,0.4537350833415985,0.007323653437197208,0.00014213069365414,0.4046344459056854,0.22004751861095428,1.2738124132156372,48
1262,0.3299877643585205,0.40840625762939453,1.0,0.6456860303878784,0.747459888458252,0.0263671875,0.005533037707209587,0.20984557271003723,0.04951024800539017,1.1403694152832031,247.01638793945312,0.12187793850898743,0.4630333185195923,7.137818813323975,69.88888549804688,101.36421203613281,3.8449347019195557,10.502321243286133,0.0016863546334207058,9.958333969116211,23.931324005126953,0.4161213129211557,7.875,0.3290666239369884,0.9286489486694336,0.724273145198822,0.7948516607284546,0.7948516607284546,0.0,0.22237399220466614,0.0028528771363198757,0.00011921100288962602,0.2586327791213989,0.1549244076013565,0.5635279417037964,48
1310,0.2831075191497803,0.34963592886924744,1.0,1.4561902284622192,0.6589696407318115,0.00537109375,0.0012521948665380478,0.23313592374324799,0.020904602482914925,0.4966697096824646,367.53668212890625,0.03342986851930618,0.2750915288925171,6.276314735412598,62.54545593261719,81.2821273803711,2.151437520980835,10.52794075012207,0.0013283552834764123,4.5,15.228373527526855,0.29550102569462033,1.875,0.12312542737275847,0.813605785369873,0.7692028880119324,0.8032211065292358,0.8032211065292358,0.0,0.2832001745700836,0.0015442738076671958,0.00010140766535977627,0.3467991054058075,0.05342698097229004,0.4719488024711609,48
1396,0.3447171151638031,0.4091061055660248,1.0,0.8003730773925781,0.7491769194602966,0.009765625,0.0017929354216903448,0.18359658122062683,0.023660199716687202,0.6408416032791138,366.76995849609375,0.05492175742983818,0.35106930136680603,6.839373588562012,72.94999694824219,88.547607421875,3.55527663230896,10.459451675415039,0.0024315654300153255,2.5,12.416593551635742,0.20134346731976413,0.5833333730697632,0.04698014557487986,0.6448283195495605,0.7701332569122314,0.7893878817558289,0.7893878817558289,0.0,0.46236753463745117,0.00093357905279845,7.518801740301643e-05,0.5319263935089111,0.07431238889694214,0.38938936591148376,48
1454,0.4149390161037445,0.5465508103370667,1.0,1.2120558023452759,0.536927342414856,0.00634765625,0.001789758913218975,0.28195586800575256,0.03339029848575592,1.188244104385376,844.7275390625,0.03844451159238815,0.2718278765678406,6.428088188171387,83.76923370361328,119.81504821777344,5.293776512145996,10.398449897766113,0.0030627422966063023,15.104166984558105,24.115779876708984,0.6263188275691021,10.229166984558105,0.4241690309255038,1.4272313117980957,0.8757631182670593,0.7824944257736206,0.7824944257736206,0.0,0.7026985287666321,0.005435029044747353,0.0002253723110046621,0.7772659659385681,0.07636303454637527,0.8074072599411011,48
1555,0.36295706033706665,0.5784325003623962,1.0,1.5154674053192139,0.5873456001281738,0.0029296875,0.0009451768128201365,0.32262036204338074,0.023612746968865395,0.9463467597961426,1281.0050048828125,0.020013848319649696,0.18654046952724457,5.5963358879089355,65.16666412353516,86.61016082763672,3.188551187515259,10.503227233886719,0.0018294298788532615,13.854166984558105,27.100627899169922,0.5112120291452853,9.479166984558105,0.3497766552246814,1.4176356792449951,0.7060974836349487,0.8028663396835327,0.8028663396835327,0.0,0.3301975727081299,0.00446478184312582,0.00016474828030147196,0.34540238976478577,0.04032754525542259,0.7891783714294434,48
1591,0.4742295742034912,0.6523661017417908,1.0000001192092896,1.49453866481781,0.4774061143398285,0.0107421875,0.012454911135137081,1.159438967704773,0.15841786563396454,3.091550588607788,233.9973907470703,0.05938481166958809,0.35262858867645264,6.2901082038879395,61.818180084228516,101.30614471435547,2.5292317867279053,10.499771118164062,0.0013625468127429485,52.145835876464844,108.5538558959961,0.4803683428953583,41.35416793823242,0.38095531101210917,4.775514125823975,0.8391141891479492,0.8157260417938232,0.8157260417938232,0.0,0.29245561361312866,0.07025011628866196,0.0006471452874921011,0.3478938341140747,0.516624391078949,2.7263455390930176,48
1624,0.3701462745666504,0.4993637204170227,1.0,0.8264673948287964,0.6314593553543091,0.046875,0.015133862383663654,0.32285574078559875,0.09539303183555603,1.6864123344421387,107.74298095703125,0.189208984375,0.5470271110534668,7.36715030670166,71.875,120.21382141113281,3.358713150024414,10.507232666015625,0.001383087015710771,26.979167938232422,39.076969146728516,0.6904109638090236,21.229167938232422,0.5432654680327748,1.8568991422653198,0.8342241048812866,0.8037281036376953,0.8037281036376953,0.0,0.25807371735572815,0.008317719213664532,0.00021285476824735612,0.1495780497789383,0.2860707938671112,0.8903566598892212,48
1671,0.2671179473400116,0.40582913160324097,0.9999999403953552,1.1646008491516113,0.7703777551651001,0.00244140625,0.0015076777199283242,0.6175447702407837,0.04052663967013359,1.386940836906433,960.1329345703125,0.01712392456829548,0.15323947370052338,5.8321709632873535,78.19999694824219,86.46420288085938,3.5255448818206787,10.519404411315918,0.002084990032017231,31.39583396911621,45.71171569824219,0.6868224804665403,27.0,0.5906582061441129,1.8732211589813232,0.5701897144317627,0.8995229601860046,0.8995229601860046,0.0,0.44547727704048157,0.012464812025427818,0.0002726830929949171,0.3486414849758148,0.06432759016752243,1.3353396654129028,48
1859,0.3780933916568756,0.47391173243522644,1.0,0.6502215266227722,0.756757378578186,0.06689453125,0.010488662868738174,0.15679402649402618,0.052882686257362366,0.7796804904937744,57.975379943847656,0.24553094804286957,0.5980756282806396,7.427116394042969,74.09488677978516,94.63825225830078,3.3610901832580566,10.437079429626465,0.002210977952927351,1.9791667461395264,10.214999198913574,0.193751042527004,0.9375,0.09177680593278369,0.46640142798423767,0.7945854663848877,0.8160562515258789,0.8160562515258789,0.0,0.1503310650587082,0.0007292155059985816,7.138674130902238e-05,0.1700262576341629,0.1464272141456604,0.3979327380657196,48
1984,0.3068901300430298,0.40655517578125,1.0,1.598311424255371,0.5944228172302246,0.00244140625,0.0004694269155152142,0.19227726757526398,0.010916631668806076,0.3142159581184387,672.0733032226562,0.01712392456829548,0.1870456039905548,5.622119426727295,71.80000305175781,95.93254089355469,3.1505966186523438,10.523738861083984,0.0013694034423679113,1.7916667461395264,10.409255981445312,0.17212245981960478,0.4375,0.04202990111488781,0.5522865056991577,0.7409822344779968,0.8041094541549683,0.8041094541549683,0.0,0.2639288306236267,0.0006471390370279551,6.216957653455696e-05,0.3280285596847534,0.02002888172864914,0.30944591760635376,48
2122,0.465334951877594,0.5241722464561462,0.9999999403953552,1.6721100807189941,0.5210375189781189,0.00244140625,0.00047237303806468844,0.19348399341106415,0.011695182882249355,0.4130402207374573,944.3907470703125,0.01712392456829548,0.1790141463279724,5.782157897949219,73.0,83.19657897949219,3.0977914333343506,10.441242218017578,0.0023544623982161283,1.3125,10.860649108886719,0.12084913025295664,0.4583333432674408,0.04220128449508575,0.5658579468727112,0.6256090998649597,0.7634681463241577,0.7634681463241577,0.0,0.5894359350204468,0.0006840450223535299,6.298380648021971e-05,0.6363275051116943,0.02015458233654499,0.38830825686454773,48
2142,0.38557353615760803,0.7057226896286011,1.0,1.6686899662017822,0.4854462146759033,0.00732421875,0.0029222096782177687,0.3989790380001068,0.04407111182808876,1.157914638519287,398.5434265136719,0.0433073565363884,0.31248730421066284,5.91514778137207,66.0,81.43054962158203,2.5115907192230225,10.523028373718262,0.0013883351348340511,17.916667938232422,32.00038146972656,0.5598891984954398,12.958333969116211,0.4049431091103023,1.676492691040039,0.6749698519706726,0.7836374044418335,0.7836374044418335,0.0,0.27282586693763733,0.009148072451353073,0.00028587385613351886,0.3078967034816742,0.12468093633651733,0.9370800852775574,48
2261,0.4472469389438629,0.5341590642929077,1.0,0.9135991930961609,0.5897877216339111,0.017578125,0.006390755996108055,0.36356300115585327,0.07023229449987411,1.8952548503875732,338.86785888671875,0.08845767378807068,0.40751001238822937,6.80284309387207,68.66666412353516,119.11939239501953,4.9937896728515625,10.366809844970703,0.0031389263458549976,19.9375,32.53489685058594,0.6128035409312478,15.479166984558105,0.4757712019462456,1.430030345916748,0.8153238296508789,0.7630571722984314,0.7630571722984314,0.0,0.3248848617076874,0.00736980140209198,0.0002265198944281901,0.3481321334838867,0.22319446504116058,1.0053812265396118,48
2300,0.4210266172885895,0.5322754979133606,1.0,2.3478379249572754,0.41952502727508545,0.0380859375,0.016812767833471298,0.44144293665885925,0.11915164440870285,3.3767080307006836,329.1822509765625,0.1618127077817917,0.5268170237541199,6.564559459686279,70.70513153076172,93.97766876220703,2.65932035446167,10.532182693481445,0.0013183834962546825,29.604167938232422,50.8865966796875,0.5817674960414851,20.64583396911621,0.4057224360083846,2.4929580688476562,0.940567672252655,0.8706634044647217,0.8706634044647217,0.0,0.3464965224266052,0.009617200121283531,0.00018899279470250993,0.2324095517396927,0.331484317779541,0.9356553554534912,48
2468,0.425295352935791,0.518122136592865,1.0,0.9843056797981262,0.5532126426696777,0.02099609375,0.003969346638768911,0.18905167281627655,0.036477722227573395,0.5866270661354065,133.4405517578125,0.10189082473516464,0.4401383697986603,6.623524188995361,74.97674560546875,80.2293701171875,2.0543439388275146,10.531808853149414,0.0011663478799164295,8.8125,31.83449363708496,0.2768223706553896,5.5,0.17276857175655524,1.019598364830017,0.8493887782096863,0.9222228527069092,0.9222228527069092,0.0,0.3864789605140686,0.0042508249171078205,0.00013352889994834463,0.29533568024635315,0.12811735272407532,0.4892973303794861,48
2479,0.3416309356689453,0.45201748609542847,1.0,0.6846328377723694,0.7255685329437256,0.0087890625,0.001860468415543437,0.21167996525764465,0.026352889835834503,0.7352107167243958,411.1032409667969,0.05035991966724396,0.33200889825820923,6.763774394989014,79.05555725097656,94.33123779296875,3.0158326625823975,10.489603042602539,0.001671337871812284,7.4375,18.100353240966797,0.41090358275757627,4.333333492279053,0.23940601778297313,0.8903285264968872,0.8639897108078003,0.8119789361953735,0.8119789361953735,0.0,0.20431247353553772,0.0023418532218784094,0.00012938163081172593,0.28608137369155884,0.0784640908241272,0.504298746585846,48
2481,0.4515605568885803,0.5207884907722473,1.0,1.4982082843780518,0.5385042428970337,0.009765625,0.0054710195399820805,0.560232400894165,0.08210798352956772,2.782778263092041,699.46337890625,0.05492175742983818,0.3311706483364105,6.345582962036133,71.6500015258789,79.35340881347656,2.9849436283111572,10.498571395874023,0.001811597147025168,30.166667938232422,41.9777946472168,0.7186339393140603,24.58333396911621,0.5856270957028434,2.1142520904541016,1.0074963569641113,0.7391484975814819,0.7391484975814819,0.0,0.4030163586139679,0.016273289918899536,0.0003876642413396017,0.3341602683067322,0.22988982498645782,1.340830683708191,48
2665,0.4142076075077057,0.5567740797996521,0.9999999403953552,0.9762164950370789,0.5904297828674316,0.00439453125,0.0012398931430652738,0.28214457631111145,0.02310957759618759,0.6695764660835266,573.8654174804688,0.02823571488261223,0.2549195885658264,6.407366752624512,93.0,94.31491088867188,2.8566908836364746,10.495092391967773,0.0014685691567137837,10.8125,25.106903076171875,0.4306584512988063,6.895833492279053,0.2746588644808634,1.3585065603256226,0.7906515598297119,0.80755615234375,0.80755615234375,0.0,0.3119741380214691,0.0031921383924782276,0.000127141861404498,0.31287309527397156,0.05290210619568825,0.6286360621452332,48
2668,0.3192610740661621,0.38204872608184814,1.0,0.8616521954536438,0.8228265643119812,0.0341796875,0.01351369172334671,0.3953720033168793,0.10313285142183304,1.557840347290039,111.63932800292969,0.1489836424589157,0.4970570504665375,7.349559783935547,76.31428527832031,101.66915893554688,3.9839930534362793,10.482288360595703,0.001982530578970909,39.958335876464844,43.25861740112305,0.9237081133848349,33.395835876464844,0.7720042358052295,2.0697288513183594,0.7472757697105408,0.8453375101089478,0.8453375101089478,0.0,0.3662453293800354,0.012199061922729015,0.0002820030470874985,0.16032607853412628,0.3628060519695282,1.2348060607910156,48
2712,0.2795531749725342,0.4229075014591217,1.0,0.8717843890190125,0.6279935836791992,0.00537109375,0.0012195520102977753,0.22705841064453125,0.022533228620886803,0.7056134343147278,624.719970703125,0.03342986851930618,0.26231932640075684,6.48649787902832,82.0,88.85739135742188,2.6104164123535156,10.514532089233398,0.00137099321000278,9.479166984558105,23.55184555053711,0.4024808569754365,6.333333492279053,0.26891028458895083,1.1336567401885986,0.7655124068260193,0.795907735824585,0.795907735824585,0.0,0.29701101779937744,0.0028986611869186163,0.0001230757555482421,0.33802956342697144,0.05203421786427498,0.596019983291626,48
2749,0.4256351590156555,0.6112198233604431,1.0,0.9445763230323792,0.7201673984527588,0.0078125,0.0035904410760849714,0.45957645773887634,0.06784491240978241,2.5046260356903076,955.615478515625,0.04568839073181152,0.2773299217224121,6.548847198486328,64.8125,79.24882507324219,4.160985469818115,10.477192878723145,0.0028839122969657183,23.541667938232422,60.1811637878418,0.3911800047156394,18.541667938232422,0.30809753032554943,2.5660674571990967,0.8202671408653259,0.8339948654174805,0.8339948654174805,0.0,0.374859094619751,0.031714070588350296,0.0005269766914924237,0.24185355007648468,0.15319214761257172,1.441941499710083,48
2877,0.36442095041275024,0.44165104627609253,0.9999999403953552,0.6919901967048645,0.7136977910995483,0.01953125,0.005409647710621357,0.2769739627838135,0.05018623545765877,1.0074009895324707,161.02830505371094,0.09620917588472366,0.4378431737422943,7.074071884155273,77.92500305175781,177.22491455078125,8.69537353515625,10.240309715270996,0.004607729613780975,14.9375,25.919097900390625,0.5763124955831026,11.604166984558105,0.44770720897296923,1.0970852375030518,0.8302921056747437,0.7864832878112793,0.7864832878112793,0.0,0.601187527179718,0.003472101641818881,0.00013395920081103445,0.6004889011383057,0.17084448039531708,0.6389079689979553,48
2961,0.32506701350212097,0.3990030586719513,0.9999999403953552,1.635240912437439,0.6309553384780884,0.00341796875,0.005845059175044298,1.710097312927246,0.21917982399463654,9.864749908447266,1998.0439453125,0.02282176911830902,0.09695762395858765,5.946246147155762,62.14285659790039,83.99517822265625,2.7474706172943115,10.525854110717773,0.0014474592171609402,62.79166793823242,363.5660095214844,0.1727105017852191,52.29166793823242,0.1438299141485173,15.115081787109375,1.0048085451126099,0.8965495824813843,0.8965495824813843,0.0,0.2746184170246124,0.5132111310958862,0.0014116037188329146,0.24795851111412048,0.2493891716003418,7.148454666137695,48
3327,0.22555004060268402,0.3346090316772461,1.0,0.8957451581954956,0.880630612373352,0.009765625,0.0016932305879890919,0.173386812210083,0.022929321974515915,0.5904273390769958,347.04547119140625,0.05492175742983818,0.3419923782348633,6.946199417114258,78.4000015258789,83.18099975585938,2.8191006183624268,10.515043258666992,0.001729015726596117,3.9166667461395264,16.2548828125,0.24095324395190829,3.125,0.19224992478410097,0.6878325343132019,0.6339688301086426,0.901553750038147,0.901553750038147,0.0,0.5601626634597778,0.0012790840119123459,7.868921762646227e-05,0.41363054513931274,0.07070721685886383,0.43631091713905334,48
3641,0.19989989697933197,0.2645747661590576,0.9999999403953552,1.1530370712280273,0.811689019203186,0.0107421875,0.0018655231688171625,0.17366324365139008,0.03275419399142265,1.3005919456481934,1222.865966796875,0.05938481166958809,0.31966927647590637,6.887351989746094,84.59091186523438,80.46673583984375,4.498745441436768,10.497932434082031,0.002267921343445778,1.5625,12.035205841064453,0.12982744286520073,0.9791666865348816,0.08135853251303377,0.5823794603347778,0.7356464862823486,0.8145789504051208,0.8145789504051208,0.0,0.6512054204940796,0.0016067911637946963,0.0001335075763288738,0.6207283735275269,0.07636905461549759,0.4041951596736908,48
3766,0.2836500108242035,0.31666892766952515,1.0,0.8093608021736145,0.7654501795768738,0.00732421875,0.001562347519211471,0.2133125215768814,0.02660873904824257,0.7136768698692322,478.14666748046875,0.0433073565363884,0.28627151250839233,6.51223087310791,60.400001525878906,90.13290405273438,4.179526329040527,10.42725944519043,0.0027444364968687296,8.6875,24.88923454284668,0.3490464916289029,4.2916669845581055,0.17243065372081723,1.393524169921875,0.8699115514755249,0.7981166243553162,0.7981166243553162,0.0,0.6365073919296265,0.00298956292681396,0.00012011469940814359,0.6422505378723145,0.06666015833616257,0.6182416677474976,48
3782,0.4962279498577118,0.6748627424240112,1.0,1.6012791395187378,0.4777488708496094,0.0029296875,0.0012393257347866893,0.42302319407463074,0.027747951447963715,0.8673668503761292,644.3937377929688,0.020013848319649696,0.19510821998119354,5.704253196716309,65.83333587646484,82.88131713867188,3.290414810180664,10.485527992248535,0.002125535160303116,15.166666984558105,24.237272262573242,0.6257579984246254,10.25,0.4229023746867275,1.4577792882919312,0.8544420003890991,0.7310646772384644,0.7310646772384644,0.0,0.39468568563461304,0.005299414973706007,0.00021864733432494358,0.5172304511070251,0.05287789925932884,0.7883681058883667,48
3948,0.4895782470703125,0.6452363133430481,1.0,1.1099040508270264,0.451210081577301,0.00341796875,0.000942762300837785,0.2758253216743469,0.026453854516148567,1.116170048713684,1559.7724609375,0.02282176911830902,0.17028895020484924,5.9510698318481445,61.85714340209961,90.22584533691406,3.077619791030884,10.49300765991211,0.0017704528290778399,18.416667938232422,34.89960479736328,0.527704197221935,13.625,0.3904055669170596,1.453744888305664,0.7483294010162354,0.8185187578201294,0.8185187578201294,0.0,0.2432892918586731,0.005082092247903347,0.00014562033799394496,0.29604730010032654,0.040224526077508926,0.8916648626327515,48
3960,0.41071024537086487,0.5027211308479309,1.0,1.093618392944336,0.5632433891296387,0.02001953125,0.007229316979646683,0.36111319065093994,0.06976782530546188,1.4849897623062134,192.1688232421875,0.09811511635780334,0.4350125789642334,6.772679805755615,81.60975646972656,156.15194702148438,7.6225810050964355,10.228824615478516,0.004647258669137955,21.1875,27.697463989257812,0.7649617308128912,14.833333969116211,0.5355484519995652,1.46438729763031,0.8771642446517944,0.7678553462028503,0.7678553462028503,0.0,0.2714710235595703,0.006044752895832062,0.0002182421067861678,0.3224145472049713,0.23396627604961395,0.9300707578659058,48
4041,0.4126538336277008,0.6214321255683899,0.9999999403953552,1.9095209836959839,0.4567870497703552,0.00390625,0.0056672608479857445,1.4508187770843506,0.147648423910141,5.167090892791748,1014.8883666992188,0.02555946074426174,0.17991308867931366,5.848477363586426,67.75,84.25615692138672,2.0577375888824463,10.496828079223633,0.0013814226258546114,80.52083587646484,158.54833984375,0.5078630022284674,65.79167175292969,0.4149628549476961,10.097856521606445,1.0516643524169922,0.7995456457138062,0.7995456457138062,0.0,0.48496946692466736,0.285955548286438,0.0018035858877501487,0.44309568405151367,0.2418031245470047,4.791834831237793,48
4122,0.22087502479553223,0.2700625956058502,1.0,1.0317318439483643,0.7650852203369141,0.01318359375,0.0027469221968203783,0.20835913717746735,0.03067188709974289,0.5802001357078552,202.76316833496094,0.07016520947217941,0.3864012062549591,7.019894599914551,74.59259033203125,75.25788879394531,1.941570520401001,10.524639129638672,0.0012945274356752634,6.0625,18.996610641479492,0.3191358769848684,2.3333334922790527,0.1228289369660439,1.0961368083953857,0.8853227496147156,0.8348598480224609,0.8348598480224609,0.0,0.5015886425971985,0.001814262941479683,9.550455998519844e-05,0.45660796761512756,0.10557595640420914,0.5384681224822998,48
4413,0.5206024050712585,0.582963228225708,1.0,1.864173173904419,0.4366080164909363,0.00341796875,0.0006297466461546719,0.18424586951732635,0.015189386904239655,0.6181104779243469,1352.9483642578125,0.02282176911830902,0.20576594769954681,5.8420867919921875,76.42857360839844,82.3727035522461,1.9061306715011597,10.499531745910645,0.0012371620396152139,8.854166984558105,19.80743980407715,0.4470121867171066,5.145833492279053,0.2597929636833685,1.169777274131775,0.8433507680892944,0.7524106502532959,0.7524106502532959,0.0,0.2772518992424011,0.002255090046674013,0.00011385065752270117,0.35722336173057556,0.026869190856814384,0.4923713207244873,48
4471,0.35501980781555176,0.49473875761032104,1.0000001192092896,1.0381238460540771,0.668865442276001,0.015625,0.00403076084330678,0.2579686939716339,0.04701783135533333,1.1803839206695557,285.1448974609375,0.08048483729362488,0.38636043667793274,6.967369079589844,82.5,117.85942077636719,4.35478401184082,10.419683456420898,0.002328119706362486,12.875,23.4815731048584,0.5483022767266434,10.291666984558105,0.4382869467142243,0.9906506538391113,0.8030115962028503,0.8210301399230957,0.8210301399230957,0.0,0.4199029803276062,0.002663226565346122,0.00011341772343441998,0.3747527301311493,0.154472216963768,0.6545273065567017,48
4658,0.27928677201271057,0.47906821966171265,1.0,1.027840495109558,0.870032787322998,0.02685546875,0.006537911016494036,0.24344803392887115,0.06344606727361679,1.6334962844848633,373.50897216796875,0.12363549321889877,0.4584287405014038,7.282739639282227,71.69091033935547,92.96481323242188,4.565457820892334,10.476591110229492,0.0028604818508028984,12.020833969116211,22.025615692138672,0.5457660812609654,9.8125,0.44550400464161427,0.9418632388114929,0.7518914937973022,0.8636659383773804,0.8636659383773804,0.0,0.36143308877944946,0.0031675249338150024,0.00014381095977750296,0.2761342525482178,0.19083847105503082,0.7163614630699158,48
4701,0.4126313626766205,0.5160491466522217,1.0,0.9263197183609009,0.5665699243545532,0.00732421875,0.00135786272585392,0.1853935271501541,0.01874481700360775,0.42786097526550293,289.67706298828125,0.0433073565363884,0.3261740505695343,6.422846794128418,81.0,109.63983917236328,3.787954092025757,10.461278915405273,0.0019758217968046665,5.4166669845581055,15.864364624023438,0.3414361122878678,3.6041667461395264,0.2271863279295703,0.7004794478416443,0.7544689178466797,0.8252876996994019,0.8252876996994019,0.0,0.210232675075531,0.0014587193727493286,9.19494355053396e-05,0.23671574890613556,0.057935476303100586,0.39080968499183655,48
4708,0.31357476115226746,0.43292364478111267,1.0,1.0058255195617676,0.6840130090713501,0.005859375,0.0015524148475378752,0.26494547724723816,0.02510153129696846,0.6718530058860779,430.2630615234375,0.03595767915248871,0.29082614183425903,6.169483184814453,63.5,96.86947631835938,2.9542934894561768,10.490232467651367,0.0015210385899990797,8.604166984558105,20.764202117919922,0.4143750350507707,5.8125,0.279928887428061,0.9320719242095947,0.7533606290817261,0.7868585586547852,0.7868585586547852,0.0,0.42607957124710083,0.002288275631144643,0.00011020291639657013,0.4299635887145996,0.06623636931180954,0.6018880605697632,48
4717,0.45573684573173523,0.5882776975631714,0.9999999403953552,2.2351696491241455,0.46012941002845764,0.00439453125,0.008659514598548412,1.9705206155776978,0.1750975102186203,4.48593807220459,458.87762451171875,0.02823571488261223,0.2189413607120514,5.820638656616211,56.66666793823242,100.14498138427734,3.9027960300445557,10.463708877563477,0.0016918356996029615,65.58333587646484,158.0668182373047,0.414908939166827,52.66666793823242,0.3331924342010375,7.268836975097656,0.8696575164794922,0.8236224055290222,0.8236224055290222,0.0,0.30658280849456787,0.23033404350280762,0.0014571941540724674,0.3468911945819855,0.3694726228713989,4.231317520141602,48
4734,0.2793271243572235,0.3896133601665497,1.0,1.45152747631073,0.6494855880737305,0.00390625,0.002275897655636072,0.5826297998428345,0.045439232140779495,1.366531491279602,607.8764038085938,0.02555946074426174,0.23189221322536469,5.965092182159424,66.75,84.02587127685547,3.1261842250823975,10.474198341369629,0.0018247554544359446,21.89583396911621,39.340179443359375,0.5565768706031273,18.75,0.47661195908446424,1.6191447973251343,0.6443731188774109,0.8086831569671631,0.8086831569671631,0.0,0.4085678458213806,0.014931774698197842,0.0003795553275475151,0.38948509097099304,0.09710496664047241,1.2675260305404663,48
5406,0.3207186758518219,0.44728097319602966,1.0,1.1786006689071655,0.6114109754562378,0.0048828125,0.001195615390315652,0.24486203491687775,0.024825531989336014,0.9110662937164307,962.3279418945312,0.03085736557841301,0.24064159393310547,6.332801818847656,84.19999694824219,74.53372955322266,4.260732173919678,10.511611938476562,0.0019940068013966084,7.0,19.24295425415039,0.36376950773307165,4.8125,0.25009153656648675,0.9368667006492615,0.706161379814148,0.7723665237426758,0.7723665237426758,0.0,0.33849647641181946,0.0031134597957134247,0.00016179739103334032,0.3765985369682312,0.051012929528951645,0.7205009460449219,48
5467,0.3730459213256836,0.5903826951980591,1.0,1.7199498414993286,0.5635737180709839,0.0078125,0.002092262962833047,0.26780965924263,0.030607905238866806,0.8579737544059753,415.5240783691406,0.04568839073181152,0.31996387243270874,6.579596519470215,80.1875,91.17321014404297,2.7989983558654785,10.506689071655273,0.0014300363836809993,7.770833492279053,19.65085792541504,0.39544499877912975,5.5625,0.28306652148633105,0.9604443311691284,0.7248455286026001,0.807453989982605,0.807453989982605,0.0,0.2491982877254486,0.0034317965619266033,0.00017463851060374181,0.28455084562301636,0.08926988393068314,0.6337020993232727,48
5930,0.2800604999065399,0.3640485405921936,1.0,0.8559418320655823,0.7702310085296631,0.02685546875,0.00556282140314579,0.20713923871517181,0.05352058634161949,1.2912540435791016,293.0570068359375,0.12363549321889877,0.450235515832901,7.121723175048828,71.01818084716797,100.42791748046875,3.229797840118408,10.478849411010742,0.0017891873139888048,15.041666984558105,21.4610652923584,0.7008816558097489,11.520833969116211,0.5368248876187038,0.9772616624832153,0.7549716234207153,0.8400983810424805,0.8400983810424805,0.0,0.42806556820869446,0.0023641351144760847,0.00011015926195501046,0.42980435490608215,0.16740132868289948,0.6130852103233337,48
5937,0.4618894159793854,0.5227976441383362,1.0,0.6215419173240662,0.7083361744880676,0.017578125,0.002917502075433731,0.1659734547138214,0.027151986956596375,0.514633059501648,158.46456909179688,0.08845767378807068,0.43321046233177185,7.078819274902344,70.41666412353516,120.7445297241211,5.836671352386475,10.297325134277344,0.004243090748786926,1.1875,9.09028434753418,0.1306339772546037,0.0833333358168602,0.009167296922652604,0.510892391204834,0.8228687047958374,0.743863582611084,0.743863582611084,0.0,0.87958824634552,0.0004051168798469007,4.456591938305351e-05,1.3668044805526733,0.09246020764112473,0.35625776648521423,48
6200,0.3187291622161865,0.5082952976226807,0.9999999403953552,0.9644684791564941,0.7630879282951355,0.005859375,0.0009442833252251148,0.16115768253803253,0.016078468412160873,0.4793766736984253,549.01318359375,0.03595767915248871,0.28422510623931885,6.515714168548584,90.58333587646484,116.53240966796875,5.201480865478516,10.363361358642578,0.0032129313331097364,2.75,13.802970886230469,0.19923247108714928,1.625,0.11772827836967913,0.6132886409759521,0.7551471590995789,0.7510530352592468,0.7510530352592468,0.0,0.46559861302375793,0.0011810034047812223,8.556153698069082e-05,0.549132227897644,0.04028942435979843,0.41045650839805603,48
6240,0.4126339852809906,0.4897337555885315,0.9999999403953552,0.913684606552124,0.6095356345176697,0.0029296875,0.0005767935654148459,0.19687886536121368,0.012613164260983467,0.4054626226425171,711.8410034179688,0.020013848319649696,0.20727919042110443,5.885389804840088,70.66666412353516,94.08062744140625,2.5754234790802,10.511421203613281,0.0013781830202788115,6.208333492279053,16.351850509643555,0.379671614831664,2.7291667461395264,0.1669026232144775,0.939630389213562,0.8313570022583008,0.8046132922172546,0.8046132922172546,0.0,0.41025736927986145,0.0012768381275236607,7.808523726350048e-05,0.40808814764022827,0.02460985817015171,0.3788676857948303,48
6287,0.2945566773414612,0.3643245995044708,1.0,0.7908466458320618,0.7894936800003052,0.08251953125,0.024461429566144943,0.2964319884777069,0.14159974455833435,2.629629611968994,149.51309204101562,0.28488022089004517,0.5934818387031555,7.444354057312012,69.5147933959961,100.8086929321289,3.5313656330108643,10.4971923828125,0.0020161522552371025,30.33333396911621,34.27220153808594,0.8850710663146848,25.8125,0.7531614204527691,1.404078483581543,0.8405226469039917,0.8620486259460449,0.8620486259460449,0.0,0.26853805780410767,0.009315045550465584,0.00027179594918628206,0.18362298607826233,0.42877307534217834,0.9242367744445801,48
6700,0.3240821361541748,0.4549383819103241,1.0,1.5161702632904053,0.6603270769119263,0.00244140625,0.0002147044287994504,0.087942935526371,0.005736455786973238,0.22527861595153809,1230.21923828125,0.01712392456829548,0.16566810011863708,5.615238189697266,62.400001525878906,96.37806701660156,3.101970911026001,10.461511611938477,0.001922727795317769,2.3125,9.235761642456055,0.25038541346344073,0.125,0.013534346673699498,0.5629411339759827,0.8204247355461121,0.8478902578353882,0.8478902578353882,0.0,0.4883717894554138,0.00027828902238979936,3.013168083606773e-05,0.4338702857494354,0.009160722605884075,0.20270578563213348,48
7054,0.6085488200187683,0.7930508852005005,1.0,0.6610838174819946,0.4638366997241974,0.052734375,0.012696350924670696,0.2407604306936264,0.07484253495931625,1.2515695095062256,88.79615020751953,0.20648905634880066,0.5622097253799438,7.185580730438232,78.75,71.57530212402344,2.2988457679748535,10.488443374633789,0.001784035237506032,4.9791669845581055,11.821832656860352,0.42118401815278567,2.375,0.2008994770039114,0.7724834680557251,0.8686758875846863,0.6713612079620361,0.6713612079620361,0.0,0.13271814584732056,0.0017919782549142838,0.00015158210282722586,0.26259878277778625,0.22028104960918427,0.6426851153373718,48
7057,0.2980196177959442,0.33315199613571167,1.0,1.214387059211731,0.6897948980331421,0.0048828125,0.0007055358728393912,0.14449374377727509,0.013012634590268135,0.39491212368011475,653.3840942382812,0.03085736557841301,0.2642413079738617,6.365112781524658,73.5,83.3122329711914,3.2183122634887695,10.475601196289062,0.0022607864812016487,4.1666669845581055,18.024019241333008,0.23117302120335617,0.9583333730697632,0.05316979302487637,0.9501043558120728,0.8382718563079834,0.7676703333854675,0.7676703333854675,0.0,0.872153639793396,0.001213521114550531,6.732799702601195e-05,1.282299518585205,0.030102869495749474,0.3696850538253784,48
7194,0.3842889368534088,0.4603870213031769,1.0,0.9920400381088257,0.5938832759857178,0.0029296875,0.0005491788033396006,0.187453031539917,0.015667013823986053,0.667449951171875,1612.3817138671875,0.020013848319649696,0.16384851932525635,5.359332084655762,57.5,93.7151870727539,2.2488276958465576,10.501527786254883,0.0013210949255153537,6.8125,20.777210235595703,0.32788328748052664,5.3125,0.2556888021637134,0.8472757339477539,0.5958077311515808,0.7840421199798584,0.7840421199798584,0.0,0.29574480652809143,0.0018479032441973686,8.893894908673228e-05,0.34225884079933167,0.023431628942489624,0.5457881689071655,48
7277,0.32323870062828064,0.43798962235450745,1.0,1.1318562030792236,0.7162616848945618,0.0048828125,0.0006996982265263796,0.1432981938123703,0.015050732530653477,0.5764918923377991,1086.4637451171875,0.03085736557841301,0.2320486605167389,6.078525543212891,70.0,104.1736831665039,3.5978243350982666,10.458869934082031,0.0021337727084755898,5.770833492279053,14.446969985961914,0.39944939969364257,2.7083334922790527,0.18746723313165747,0.7819137573242188,0.7856178283691406,0.7534095048904419,0.7534095048904419,0.0,0.18156377971172333,0.0013471486745402217,9.324783500739355e-05,0.26569005846977234,0.029853790998458862,0.4162830114364624,48
7292,0.3910519778728485,0.5359328389167786,0.9999999403953552,2.2363975048065186,0.4272885322570801,0.00537109375,0.0021955487318336964,0.40877124667167664,0.040964674204587936,1.2863245010375977,634.2495727539062,0.03342986851930618,0.2607042193412781,6.19807243347168,67.0,92.98992919921875,2.4475042819976807,10.536567687988281,0.0012019714340567589,27.875,47.111175537109375,0.5916855114796714,21.666667938232422,0.4599050583351838,1.8379220962524414,0.7594766020774841,0.8346651792526245,0.8346651792526245,0.0,0.23153924942016602,0.010899370536208153,0.00023135424683489797,0.2683463394641876,0.09367674589157104,1.1036821603775024,48
7305,0.3564452826976776,0.528373658657074,1.0,1.1900941133499146,0.5884143114089966,0.00732421875,0.0026851114816963673,0.3666072189807892,0.04776129871606827,1.789690613746643,994.4876098632812,0.0433073565363884,0.29411622881889343,6.300344944000244,55.79999923706055,93.95864868164062,2.702315330505371,10.516864776611328,0.0015512104146182537,22.5,52.2390251159668,0.4307124787597879,17.14583396911621,0.3282188732996362,2.277254819869995,0.7859072685241699,0.7935419082641602,0.7935419082641602,0.0,0.4597844183444977,0.010728288441896439,0.0002053692314515199,0.48609817028045654,0.11456475406885147,1.0447666645050049,48
7509,0.37394335865974426,0.5423142910003662,1.0,0.9907776713371277,0.7906677722930908,0.01416015625,0.005077267996966839,0.358560174703598,0.06345749646425247,1.8050179481506348,407.559326171875,0.07434378564357758,0.37303662300109863,6.947999000549316,76.24137878417969,101.54576110839844,3.8366334438323975,10.472122192382812,0.0021165874786674976,25.604167938232422,38.765380859375,0.6604905553361903,20.854167938232422,0.5379585462736264,1.649387240409851,0.7191666960716248,0.8083617091178894,0.8083617091178894,0.0,0.3762778639793396,0.007393538020551205,0.00019072527741865078,0.2805131673812866,0.19630081951618195,0.9839778542518616,48
7551,0.26048049330711365,0.46061667799949646,1.0,0.9345479011535645,0.8282089233398438,0.0078125,0.004092846065759659,0.5238842964172363,0.07467992603778839,2.3663830757141113,639.6932983398438,0.04568839073181152,0.2756074070930481,6.75799560546875,86.4375,85.29566955566406,3.693047285079956,10.50279426574707,0.0017286238726228476,41.8125,68.16214752197266,0.6134269754395152,33.0625,0.4850566068871503,2.864250898361206,0.8234609365463257,0.8424293994903564,0.8424293994903564,0.0,0.7241678237915039,0.02170334756374359,0.00031840762578032414,0.6752626895904541,0.1746280938386917,1.7225730419158936,48
7634,0.4524381756782532,0.5303478837013245,1.0,1.0126433372497559,0.6261873841285706,0.01416015625,0.005277580581605434,0.3727063834667206,0.0646352767944336,1.4262045621871948,287.1371765136719,0.07434378564357758,0.3748560845851898,7.041718006134033,70.24137878417969,82.71676635742188,2.1596477031707764,10.517071723937988,0.0013634547358378768,23.58333396911621,68.52310180664062,0.34416617671836147,17.854167938232422,0.2605569138712952,2.6124520301818848,0.8564096689224243,0.8387333750724792,0.8387333750724792,0.0,0.7192569971084595,0.015334783121943474,0.00022378997324110436,0.6833756566047668,0.20111125707626343,1.2220133543014526,48
7838,0.3944407105445862,0.5142583250999451,1.0,0.8074232935905457,0.6773852109909058,0.12548828125,0.03092198818922043,0.24641335010528564,0.11354315280914307,1.3131595849990845,32.6387825012207,0.3777192234992981,0.6789222359657288,7.516666412353516,68.3190689086914,106.44366455078125,3.3423523902893066,10.522237777709961,0.0013964467216283083,21.77083396911621,27.660213470458984,0.787081198216224,17.27083396911621,0.6243926490776175,1.0863168239593506,0.8783532977104187,0.8578111529350281,0.8578111529350281,0.0,0.17563003301620483,0.004065323621034622,0.00014697368926333982,0.13921064138412476,0.2770759165287018,0.6649774312973022,48
7980,0.4038509428501129,0.496407687664032,1.0,1.1069798469543457,0.5955649018287659,0.017578125,0.006964757107198238,0.3962172865867615,0.07848341017961502,2.249260425567627,405.6554260253906,0.08845767378807068,0.4070618152618408,6.800439357757568,65.47222137451172,102.43211364746094,4.360062599182129,10.378389358520508,0.002975133480504155,25.104167938232422,39.05852127075195,0.6427321648401411,20.0625,0.5136523181661463,1.891606092453003,0.8468828201293945,0.8172515630722046,0.8172515630722046,0.0,0.4902321398258209,0.011551517993211746,0.0002957489842019272,0.4409407675266266,0.24364697933197021,1.1006613969802856,48
7996,0.30132123827934265,0.3642306327819824,1.0,1.1004074811935425,0.6827006936073303,0.00439453125,0.00039203750202432275,0.08921030908823013,0.008055279031395912,0.27972763776779175,830.5045166015625,0.02823571488261223,0.23582758009433746,6.02779483795166,57.55555725097656,80.94023895263672,1.9520602226257324,10.531856536865234,0.0011871701572090387,0.375,8.096136093139648,0.04631839129465431,0.0,0.0,0.3672349452972412,0.6370687484741211,0.8058609962463379,0.8058609962463379,0.0,0.6020007729530334,0.0003125734510831535,3.8607731774906646e-05,0.6001860499382019,0.016726933419704437,0.2383754551410675,48
8271,0.393757164478302,0.5523722767829895,1.0,0.8594858050346375,0.675275981426239,0.03857421875,0.009643818251788616,0.2500068247318268,0.07603418827056885,1.2197017669677734,138.52658081054688,0.16338615119457245,0.49868255853652954,7.243547439575195,65.32911682128906,111.0296859741211,3.406698703765869,10.470277786254883,0.0016365015180781484,25.20833396911621,42.11506652832031,0.5985585692041887,20.979167938232422,0.4981392566278761,1.6182847023010254,0.7251221537590027,0.8120631575584412,0.8120631575584412,0.0,0.3126905858516693,0.008359899744391441,0.00019850140179132343,0.32382553815841675,0.25789734721183777,1.015032172203064,48
8417,0.43407830595970154,0.5273542404174805,1.0,2.13098406791687,0.3827003538608551,0.00244140625,0.0020230524241924286,0.8286422491073608,0.05251752957701683,1.8314564228057861,882.5442504882812,0.01712392456829548,0.15973207354545593,5.522665500640869,63.400001525878906,89.11466979980469,2.9813108444213867,10.465771675109863,0.0017170682549476624,27.4375,49.33604049682617,0.5561350225542264,21.125,0.4281859626955091,2.4015655517578125,0.6961733102798462,0.763322114944458,0.763322114944458,0.0,0.4228808581829071,0.018225934356451035,0.00036942434312152146,0.4368587136268616,0.08631690591573715,1.6807397603988647,48
8539,0.4062134921550751,0.6002733111381531,1.0,0.7839837074279785,0.7383142709732056,0.0166015625,0.004100181628018618,0.24697564542293549,0.04531419277191162,1.0341860055923462,283.7461853027344,0.08450048416852951,0.4070624113082886,7.088634490966797,80.32353210449219,106.08744049072266,3.261018753051758,10.462499618530273,0.0017535225488245487,21.77083396911621,35.397640228271484,0.6150363081428761,18.229167938232422,0.5149825755481653,1.4033678770065308,0.7348945140838623,0.8535181879997253,0.8535181879997253,0.0,0.3201853036880493,0.006290414836257696,0.00017770718030679847,0.2956293523311615,0.14295946061611176,0.8519599437713623,48
8576,0.4787103831768036,0.5529351234436035,0.9999999403953552,0.8580322861671448,0.6665114760398865,0.00341796875,0.0005371573497541249,0.15715689957141876,0.01136743649840355,0.33416688442230225,640.2804565429688,0.02282176911830902,0.2158430814743042,6.021292686462402,66.14286041259766,84.82828521728516,3.209754467010498,10.440464973449707,0.0024505031760782003,0.7291666865348816,8.890581130981445,0.08201563823243929,0.1666666716337204,0.018746431643873594,0.378905713558197,0.78721684217453,0.7738741636276245,0.7738741636276245,0.0,0.5100560784339905,0.00045571167720481753,5.125780530860897e-05,0.5549041032791138,0.022918714210391045,0.3245907425880432,48
8664,0.24771299958229065,0.3320404887199402,1.0,0.9530880451202393,0.8450513482093811,0.005859375,0.003528160508722067,0.602139413356781,0.08293043822050095,3.3827171325683594,1367.14697265625,0.03595767915248871,0.22495776414871216,6.484344005584717,73.66666412353516,85.48837280273438,2.516967535018921,10.522438049316406,0.0015037230914458632,50.083335876464844,82.2096176147461,0.6092150447052944,41.875,0.5093686263223187,3.415019989013672,0.7321691513061523,0.907265305519104,0.907265305519104,0.0,0.39345410466194153,0.04015560820698738,0.0004884538983052034,0.31092482805252075,0.15053485333919525,2.140504837036133,48
8903,0.4681873023509979,0.6041176319122314,1.0,1.1577019691467285,0.538479208946228,0.0185546875,0.010961465537548065,0.5907652974128723,0.11953911185264587,2.6608071327209473,255.45880126953125,0.09235962480306625,0.4086640179157257,6.786208152770996,77.86842346191406,122.19190979003906,5.3121466636657715,10.374277114868164,0.0030294680036604404,42.79166793823242,68.63511657714844,0.6234660923741323,34.72916793823242,0.5059970706706031,3.2502496242523193,0.8926005363464355,0.7712885737419128,0.7712885737419128,0.0,0.3041283190250397,0.03693971410393715,0.0005382042887190771,0.32919126749038696,0.38745608925819397,1.9927575588226318,48
8993,0.309000164270401,0.38766714930534363,1.0,0.748272180557251,0.7976782321929932,0.0263671875,0.00415635434910655,0.15763358771800995,0.03909175097942352,0.994978666305542,268.0943908691406,0.12187793850898743,0.45217564702033997,7.281876087188721,77.79629516601562,83.7561264038086,2.620281457901001,10.474365234375,0.0016900041373446584,5.3125,14.796015739440918,0.3590493609876522,1.3125,0.08870631271459643,1.099532961845398,0.8847524523735046,0.7870049476623535,0.7870049476623535,0.0,0.5079870223999023,0.001209138659760356,8.172055776610297e-05,0.53582763671875,0.13004398345947266,0.47018784284591675,48
9295,0.3775815963745117,0.586184024810791,1.0,1.641287922859192,0.5566508769989014,0.00244140625,0.0004654584627132863,0.1906517893075943,0.011634353548288345,0.4422978162765503,1090.450927734375,0.01712392456829548,0.17847539484500885,5.5563740730285645,71.5999984741211,80.9625473022461,2.3135459423065186,10.525882720947266,0.0014566467143595219,1.2291667461395264,12.556493759155273,0.09789092152133623,0.7708333730697632,0.061389221166445115,0.5348666310310364,0.6249580383300781,0.802416205406189,0.802416205406189,0.0,0.2808228135108948,0.0014218406286090612,0.0001132354823527073,0.3218371570110321,0.019859561696648598,0.39805036783218384,48
9466,0.35974058508872986,0.5898807644844055,1.0,1.9264111518859863,0.4944610893726349,0.00390625,0.0023815969470888376,0.6096888184547424,0.04615002125501633,1.6226294040679932,804.81591796875,0.02555946074426174,0.24675625562667847,5.952539443969727,65.25,108.93458557128906,3.969797134399414,10.437047958374023,0.002244060393422842,28.58333396911621,46.87662887573242,0.6097566025661022,22.08333396911621,0.471094754337968,2.225334882736206,0.8117436170578003,0.8296195864677429,0.8296195864677429,0.0,0.2495221346616745,0.015461713075637817,0.0003298384172063152,0.2432209998369217,0.10161479562520981,1.3029139041900635,48
9478,0.315883606672287,0.46346399188041687,1.0,1.1154422760009766,0.6504299640655518,0.0146484375,0.007543326821178198,0.5149577856063843,0.10082542896270752,3.1585609912872314,536.6677856445312,0.07640714943408966,0.3659965991973877,6.69757604598999,60.733333587646484,92.30719757080078,2.6144611835479736,10.521284103393555,0.001398397609591484,32.6875,56.516014099121094,0.5783758907145679,26.3125,0.4655760038065642,2.4626822471618652,0.8683062791824341,0.8119975328445435,0.8119975328445435,0.0,0.23994381725788116,0.019426561892032623,0.0003437355269698218,0.2889355719089508,0.2936977446079254,1.4690128564834595,48
9497,0.3216419219970703,0.3666699230670929,1.0,0.9774584174156189,0.6874252557754517,0.0068359375,0.002253486542031169,0.32965287566185,0.0350828617811203,1.1080445051193237,583.7922973632812,0.04089350998401642,0.31046995520591736,6.562196731567383,85.14286041259766,90.562744140625,2.8561933040618896,10.512516021728516,0.0014943000860512257,13.104166984558105,28.70427703857422,0.4565231502741856,10.333333969116211,0.35999283143866817,1.0641071796417236,0.7172224521636963,0.7934605479240417,0.7934605479240417,0.0,0.28138259053230286,0.0048003531992435455,0.00016723477101061445,0.3488267660140991,0.0961487665772438,0.8381705284118652,48
9505,0.33088400959968567,0.43967685103416443,1.0,0.6159484386444092,0.7339193820953369,0.0029296875,0.0003870574582833797,0.13211561739444733,0.008407456800341606,0.2785082459449768,745.65283203125,0.020013848319649696,0.21036450564861298,6.001940727233887,83.83333587646484,167.06187438964844,7.981253147125244,10.265131950378418,0.004249860532581806,1.25,10.074292182922363,0.12407819587347092,0.6458333730697632,0.06410707181229959,0.43377459049224854,0.7330060005187988,0.8165363073348999,0.8165363073348999,0.0,0.21507591009140015,0.0005135105457156897,5.097236965952343e-05,0.27593547105789185,0.016514452174305916,0.2552874684333801,48
9739,0.2400677502155304,0.27796489000320435,1.0,1.420305609703064,0.6879627704620361,0.0029296875,0.0034517841413617134,1.1782089471817017,0.09756823629140854,3.562183380126953,1073.0423583984375,0.020013848319649696,0.14410583674907684,5.8314900398254395,75.66666412353516,87.96275329589844,3.2158544063568115,10.512069702148438,0.0017395166214555502,47.270835876464844,115.53446960449219,0.4091492005303271,38.333335876464844,0.3317913346932132,5.122077941894531,0.7453899383544922,0.8573364615440369,0.8573364615440369,0.0,0.44446149468421936,0.07389718294143677,0.0006396115651719529,0.43885257840156555,0.1472761183977127,3.2966432571411133,48
9995,0.47999367117881775,0.6191103458404541,1.0,2.659649133682251,0.36496251821517944,0.0048828125,0.008399469777941704,1.720211386680603,0.15179261565208435,4.756258964538574,594.766357421875,0.03085736557841301,0.26161637902259827,5.852067470550537,61.599998474121094,88.92788696289062,2.613769292831421,10.494733810424805,0.0015304781263694167,68.27083587646484,142.71104431152344,0.4783850906637108,55.47916793823242,0.3887517479953382,6.774240016937256,0.8194084167480469,0.8349146842956543,0.8349146842956543,0.0,0.2941419184207916,0.19372974336147308,0.001357496501286937,0.30007678270339966,0.3583773672580719,3.98421311378479,48
10099,0.46384868025779724,0.7813845276832581,1.0,1.3808932304382324,0.4366082549095154,0.00732421875,0.005690150894224644,0.77689528465271,0.08216776698827744,2.0975890159606934,386.2262268066406,0.0433073565363884,0.3238600194454193,6.050130844116211,59.66666793823242,138.07725524902344,6.189840793609619,10.359434127807617,0.0035055316984653473,37.270835876464844,58.631103515625,0.635683683834732,29.354167938232422,0.5006586295174036,2.848942518234253,0.8477296829223633,0.6962753534317017,0.6962753534317017,0.0,0.6200448274612427,0.02190687507390976,0.0003736391395794769,0.7142991423606873,0.24277977645397186,1.7893708944320679,48
10137,0.31634730100631714,0.3736104667186737,0.9999999403953552,0.7661263346672058,0.6931748390197754,0.0087890625,0.0024795245844870806,0.28211480379104614,0.04060884192585945,1.2644917964935303,594.72216796875,0.05035991966724396,0.3084418773651123,6.60868501663208,64.55555725097656,124.85018920898438,4.400357246398926,10.432632446289062,0.002175660105422139,22.541667938232422,40.02030944824219,0.5632557129962412,17.479167938232422,0.436757440780673,1.6381359100341797,0.7364420890808105,0.821618914604187,0.821618914604187,0.0,0.24708989262580872,0.007718287408351898,0.00019285926352981551,0.27223873138427734,0.10396474599838257,0.9098707437515259,48
10359,0.3361895978450775,0.41016119718551636,1.0,1.6789193153381348,0.5958755016326904,0.00341796875,0.0011242610635235906,0.3289266526699066,0.027940761297941208,1.0632731914520264,1122.8851318359375,0.02282176911830902,0.1907956898212433,6.173545837402344,81.14286041259766,84.42759704589844,2.7737154960632324,10.506153106689453,0.0016204133862629533,19.25,31.367183685302734,0.6136987045758496,13.479166984558105,0.4297219385550582,1.8688911199569702,0.756538987159729,0.8369976282119751,0.8369976282119751,0.0,0.28910475969314575,0.005370995029807091,0.00017122975023771108,0.271941602230072,0.04796846583485603,0.9235937595367432,48
10544,0.3588266372680664,0.4685644805431366,1.0,1.4402709007263184,0.5860417485237122,0.00537109375,0.0010279084090143442,0.19137786328792572,0.027957431972026825,1.206951379776001,1692.9183349609375,0.03342986851930618,0.19333946704864502,6.327088832855225,72.0,80.01571655273438,2.993309736251831,10.512226104736328,0.0014272755943238735,8.458333969116211,20.580577850341797,0.4109862233467791,5.3541669845581055,0.26015629983235,1.0985863208770752,0.6759647727012634,0.7721769213676453,0.7721769213676453,0.0,0.2883206605911255,0.0033908518962562084,0.0001647598001993076,0.3711869716644287,0.043857425451278687,0.715135395526886,48
10601,0.45586615800857544,0.7888389825820923,1.0,1.1373577117919922,0.6985699534416199,0.02978515625,0.01755174994468689,0.5892783999443054,0.14340895414352417,2.157644033432007,120.30268096923828,0.13399454951286316,0.4768238365650177,7.330615043640137,71.18032836914062,93.44896697998047,5.631789207458496,10.29160213470459,0.004395528230816126,36.145835876464844,60.22324752807617,0.6001973881201212,28.0625,0.4659745388565682,2.8614325523376465,0.8051557540893555,0.7610149383544922,0.7610149383544922,0.0,0.5595620274543762,0.042846452444791794,0.0007114603445737812,0.22835779190063477,0.49057626724243164,1.948254108428955,48
11150,0.28659144043922424,0.3510984480381012,1.0,0.9975060224533081,0.6981897354125977,0.0224609375,0.004207269288599491,0.1873149424791336,0.04018177464604378,0.7621502876281738,199.43487548828125,0.10746800154447556,0.44111740589141846,7.199771881103516,71.63043212890625,89.6304702758789,3.5165934562683105,10.48121452331543,0.0019156518392264843,9.104166984558105,27.761932373046875,0.32793707797219707,6.395833492279053,0.23038142316724097,1.0534577369689941,0.7226071357727051,0.8382453918457031,0.8382453918457031,0.0,0.3368169665336609,0.003928116522729397,0.00014149290721304918,0.27021706104278564,0.13446809351444244,0.64603590965271,48
11216,0.3320828378200531,0.4598962962627411,1.0,1.0417475700378418,0.6393829584121704,0.0107421875,0.0036271943245083094,0.3376588225364685,0.04697585478425026,1.0804555416107178,288.7081298828125,0.05938481166958809,0.3530632257461548,6.654603004455566,81.5,88.72381591796875,2.5800421237945557,10.504386901855469,0.001511738752014935,16.104167938232422,31.125768661499023,0.517390208357442,12.166666984558105,0.3908872777718346,1.2823426723480225,0.7023277282714844,0.8195351362228394,0.8195351362228394,0.0,0.3547002971172333,0.0073770806193351746,0.0002370087851385388,0.342485636472702,0.14865799248218536,0.908731997013092,48
11570,0.42010602355003357,0.6267198920249939,1.0,1.2869172096252441,0.5847470760345459,0.00927734375,0.004081893712282181,0.4399851858615875,0.06468972563743591,1.9200371503829956,579.4105224609375,0.05265381559729576,0.3160538077354431,6.597344875335693,72.31578826904297,73.91126251220703,4.551904201507568,10.511528015136719,0.0029082242399454117,27.125,43.60483932495117,0.6220639822025014,22.604167938232422,0.5183866809965333,1.9541261196136475,0.7835763692855835,0.7436378002166748,0.7436378002166748,0.0,0.32322755455970764,0.01844893768429756,0.00042309381173455987,0.29277393221855164,0.17253415286540985,1.6272839307785034,48
11579,0.5361087918281555,0.749924898147583,1.0,2.2682945728302,0.38018375635147095,0.00732421875,0.003827017731964588,0.5225154757499695,0.04967878386378288,1.003165602684021,247.06454467773438,0.0433073565363884,0.33983126282691956,5.723889350891113,67.06666564941406,92.02704620361328,3.5737357139587402,10.481449127197266,0.0022823158651590347,26.25,63.522186279296875,0.4132414441853519,19.479167938232422,0.30665140915520644,1.9357914924621582,0.8093671798706055,0.9132235050201416,0.9132235050201416,0.0,0.41232746839523315,0.017539773136377335,0.0002761204259641908,0.2223426252603531,0.16328610479831696,0.9728171825408936,48
11654,0.32550033926963806,0.4288749694824219,1.0,1.5077499151229858,0.5927280783653259,0.0068359375,0.003475179197266698,0.5083690881729126,0.06972615420818329,2.6600310802459717,1075.2789306640625,0.04089350998401642,0.2640210688114166,6.476207733154297,73.85713958740234,125.6304931640625,5.539922714233398,10.396500587463379,0.0027760090306401253,34.1875,56.11259078979492,0.609266111450426,27.8125,0.49565524606113265,2.319368839263916,0.6398552656173706,0.8147613406181335,0.8147613406181335,0.0,0.2694860100746155,0.015177054330706596,0.00027047502377598406,0.31699275970458984,0.14827430248260498,1.6612190008163452,48
11770,0.4589773118495941,0.7108527421951294,1.0,2.3186521530151367,0.36410900950431824,0.00439453125,0.009655505418777466,2.1971638202667236,0.1914127618074417,5.797226905822754,624.6802368164062,0.02823571488261223,0.24054834246635437,5.8451032638549805,58.88888931274414,113.68803405761719,5.198615074157715,10.367319107055664,0.0031509599648416042,59.41666793823242,160.191650390625,0.3709098931788058,47.958335876464844,0.2993809961787979,7.493056297302246,0.7468709349632263,0.7977897524833679,0.7977897524833679,0.0,0.28611037135124207,0.24660882353782654,0.0015394611574391043,0.2832445800304413,0.41196826100349426,5.293463706970215,48
11824,0.36298519372940063,0.43262869119644165,0.9999999403953552,1.0283957719802856,0.7238953113555908,0.00244140625,0.00023252656683325768,0.09524288028478622,0.005590105429291725,0.20801866054534912,1003.4473266601562,0.01712392456829548,0.18558062613010406,5.508965492248535,54.400001525878906,80.84147644042969,2.574472427368164,10.498655319213867,0.00158371077850461,0.3541666865348816,5.767852783203125,0.06140355852219979,0.0,0.0,0.29938846826553345,0.708037257194519,0.8039216995239258,0.8039216995239258,0.0,0.5081141591072083,0.00022435604478232563,3.8897671772536954e-05,0.5127887725830078,0.009921133518218994,0.1848047524690628,48
11931,0.36813730001449585,0.45987895131111145,1.0,0.8802410960197449,0.6142337322235107,0.01416015625,0.0025961934588849545,0.1833449751138687,0.0308315958827734,0.6668696403503418,280.6761474609375,0.07434378564357758,0.38163843750953674,6.793761253356934,82.75862121582031,181.25375366210938,8.941692352294922,10.209846496582031,0.004856542218476534,13.041666984558105,22.344139099121094,0.5836728334382044,8.979166984558105,0.40185781786923813,1.036633014678955,0.9050306081771851,0.8186258673667908,0.8186258673667908,0.0,0.48692798614501953,0.003109537996351719,0.00013916571057697968,0.4780058264732361,0.09717587381601334,0.6018733382225037,48
12130,0.3059538006782532,0.417065292596817,1.0,1.2775834798812866,0.6654260158538818,0.00830078125,0.003243429586291313,0.3907378613948822,0.053950004279613495,1.8584046363830566,761.0510864257812,0.04803864285349846,0.3055773079395294,6.551082611083984,69.0,82.22117614746094,2.1902098655700684,10.523943901062012,0.0012924129841849208,22.604167938232422,38.62321090698242,0.5852482846860743,18.6875,0.48384118141206134,1.5818543434143066,0.7083001136779785,0.8271310329437256,0.8271310329437256,0.0,0.391766756772995,0.008879639208316803,0.00022990422073925688,0.4234358072280884,0.13824781775474548,1.1434307098388672,48
12139,0.32741567492485046,0.4180849492549896,1.0,0.8051275610923767,0.7498353123664856,0.0791015625,0.02368149347603321,0.2993808686733246,0.11401670426130295,1.779738426208496,63.32923126220703,0.27656954526901245,0.6163620352745056,7.477202415466309,70.23456573486328,129.47540283203125,4.427560329437256,10.40980339050293,0.002226094715297222,32.54166793823242,37.15538024902344,0.8758265347137567,25.77083396911621,0.6935962918279537,1.753187894821167,0.8096655607223511,0.837397575378418,0.837397575378418,0.0,0.19920822978019714,0.008715951815247536,0.00023458114960701572,0.1511991024017334,0.32998836040496826,0.9130274057388306,48
12177,0.2988417148590088,0.5211323499679565,1.0,0.8728710412979126,0.741220235824585,0.01611328125,0.006718181539326906,0.41693443059921265,0.07924753427505493,1.8712289333343506,272.4569396972656,0.08250018209218979,0.3851378262042999,6.973577499389648,69.7272720336914,111.41799926757812,3.2684245109558105,10.45747184753418,0.0017227444332093,33.583335876464844,51.396324157714844,0.6534190220856413,28.104167938232422,0.5468128002018938,2.099618434906006,0.6919174194335938,0.8035445213317871,0.8035445213317871,0.0,0.28681710362434387,0.012210841290652752,0.00023758199615222917,0.3045482039451599,0.2570101320743561,1.2771825790405273,48
12274,0.3428462743759155,0.4533809423446655,1.0,0.8440013527870178,0.7363228797912598,0.00537109375,0.001243466162122786,0.23151078820228577,0.027752265334129333,1.1260650157928467,1337.8748779296875,0.03342986851930618,0.24039623141288757,6.2344746589660645,69.2727279663086,99.97932434082031,2.5772597789764404,10.460489273071289,0.001496576238423586,14.354166984558105,28.71295928955078,0.49991945569966656,10.729166984558105,0.3736698426875827,1.325900673866272,0.7059019804000854,0.8194209337234497,0.8194209337234497,0.0,0.4749520719051361,0.004314020276069641,0.00015024645251864144,0.4344679117202759,0.0530545599758625,0.738860011100769,48
12339,0.29106366634368896,0.3260323107242584,1.0,0.7495303750038147,0.8692843317985535,0.01318359375,0.003385755466297269,0.2568158209323883,0.04354775696992874,1.2650705575942993,427.2330017089844,0.07016520947217941,0.36632806062698364,6.953096389770508,79.59259033203125,81.48886108398438,1.8118267059326172,10.518218994140625,0.001163296401500702,12.104166984558105,22.524587631225586,0.5373757414499556,10.791666984558105,0.4791060842688492,0.9683709144592285,0.6161713004112244,0.9069695472717285,0.9069695472717285,0.0,0.43101322650909424,0.0025697636883705854,0.00011408704697737862,0.35871225595474243,0.13389992713928223,0.670176088809967,48
12465,0.322223424911499,0.4183197021484375,1.0,0.7436376810073853,0.7386541366577148,0.01806640625,0.004006124567240477,0.22174440324306488,0.038246843963861465,0.6727561950683594,170.7001953125,0.09041537344455719,0.43221142888069153,7.187086582183838,75.48648834228516,82.636962890625,1.709926962852478,10.524443626403809,0.0010808354709297419,10.4375,29.893169403076172,0.3491600323729582,5.9375,0.19862397051156305,1.9425828456878662,0.9193506240844727,0.777147650718689,0.777147650718689,0.0,0.5155133008956909,0.0034744497388601303,0.00011622888462741262,0.5540562868118286,0.12969279289245605,0.6112364530563354,48
12587,0.38541731238365173,0.6097774505615234,1.0000001192092896,1.9133591651916504,0.4747806191444397,0.0029296875,0.00042246730299666524,0.14420217275619507,0.010142807848751545,0.3480738401412964,902.9058837890625,0.020013848319649696,0.190828338265419,5.404507637023926,57.16666793823242,107.86466217041016,3.8422539234161377,10.454519271850586,0.0021571104880422354,5.7291669845581055,20.279884338378906,0.2825049140389241,2.2083334922790527,0.10889280502507294,0.9396215677261353,0.87666916847229,0.8966325521469116,0.8966325521469116,0.0,0.48254066705703735,0.001212275237776339,5.9777226386068787e-05,0.3679652214050293,0.018025271594524384,0.3271329402923584,48
12735,0.2959856688976288,0.3781953454017639,0.9999999403953552,1.453452706336975,0.6302670240402222,0.0029296875,0.002976813120767474,1.0160855054855347,0.11027975380420685,4.964644432067871,1999.6339111328125,0.020013848319649696,0.10165431350469589,5.522829532623291,58.16666793823242,84.47337341308594,2.3766837120056152,10.510540008544922,0.0014912034384906292,46.66666793823242,139.731689453125,0.333973403724913,38.020835876464844,0.27209887766009216,5.843574047088623,0.7842547297477722,0.7994245290756226,0.7994245290756226,0.0,0.3052395284175873,0.10461273044347763,0.000748668615153936,0.25225764513015747,0.12701070308685303,3.788564682006836,48
12952,0.4044865667819977,0.4634871184825897,1.0,0.9028952717781067,0.6350386142730713,0.0205078125,0.0056515890173614025,0.2755822539329529,0.06082744151353836,1.7930612564086914,421.41082763671875,0.10000890493392944,0.42175155878067017,6.957625865936279,66.33333587646484,83.17572021484375,2.732998847961426,10.503178596496582,0.0016890396364033222,12.9375,21.89169692993164,0.5909774850026038,10.625,0.485343828263008,1.0149149894714355,0.7698107957839966,0.7794066667556763,0.7794066667556763,0.0,0.4323495924472809,0.0033520753495395184,0.00015312085484908897,0.4708867371082306,0.19074447453022003,0.7851459383964539,48
12964,0.3471396863460541,0.3743469715118408,1.0,0.5673078298568726,0.7825236916542053,0.08447265625,0.012540509924292564,0.14845643937587738,0.05826873332262039,0.9101502299308777,60.863677978515625,0.2895594835281372,0.6233108043670654,7.444544792175293,80.99421691894531,122.6795654296875,6.06917667388916,10.405023574829102,0.003040239680558443,4.9791669845581055,12.543719291687012,0.3969450260170007,3.2708334922790527,0.2607546783862707,0.604119062423706,0.7979673743247986,0.8292368650436401,0.8292368650436401,0.0,0.22248508036136627,0.0007507896516472101,5.9853830717196926e-05,0.24334387481212616,0.15931086242198944,0.3922513723373413,48
13073,0.35589972138404846,0.4543720483779907,1.0,1.3873811960220337,0.6092454195022583,0.00244140625,0.0008842617971822619,0.36219364404678345,0.021375373005867004,0.5875687599182129,651.4696044921875,0.01712392456829548,0.17064934968948364,5.909273624420166,87.5999984741211,87.89849853515625,2.37738299369812,10.517207145690918,0.0013488156255334616,6.958333492279053,20.295761108398438,0.34284663933944365,4.770833492279053,0.23506551266777645,0.9831416010856628,0.6667875051498413,0.8279289603233337,0.8279289603233337,0.0,0.24589820206165314,0.0023425649851560593,0.00011542139126935653,0.27842408418655396,0.037728503346443176,0.5810425281524658,48
13170,0.4554128646850586,0.5773383975028992,1.0,2.1859443187713623,0.43878892064094543,0.00390625,0.007297567091882229,1.8681771755218506,0.1895466148853302,6.601503849029541,1007.0013427734375,0.02555946074426174,0.1811896562576294,5.839488983154297,65.375,82.14933013916016,2.5415985584259033,10.498144149780273,0.0013316546101123095,80.875,189.0391845703125,0.4278213544961658,67.0,0.3544238732765763,7.908858299255371,0.8855356574058533,0.8329722285270691,0.8329722285270691,0.0,0.24008643627166748,0.3088444471359253,0.0016337588834907085,0.2669072151184082,0.3113628625869751,6.1401519775390625,48
13206,0.3400671184062958,0.42910346388816833,1.0,0.9579341411590576,0.7414544224739075,0.0048828125,0.0011609827633947134,0.23776927590370178,0.02419038861989975,0.8151881098747253,843.4959106445312,0.03085736557841301,0.24070894718170166,6.344009876251221,73.0999984741211,84.44324493408203,2.708432674407959,10.504667282104492,0.0016829383093863726,12.666666984558105,30.536983489990234,0.4147975842002258,7.708333492279053,0.2524261603075994,1.4953663349151611,0.8052200078964233,0.8218028545379639,0.8218028545379639,0.0,0.4472436010837555,0.004272172227501869,0.00013990157958801777,0.41426780819892883,0.04953525960445404,0.7282875776290894,48
13297,0.3868716359138489,0.4619450569152832,1.0,1.2520641088485718,0.5239973068237305,0.0146484375,0.004182081203907728,0.2854967415332794,0.05478838086128235,1.682753086090088,550.4483032226562,0.07640714943408966,0.373049259185791,6.9083099365234375,72.16666412353516,119.58396911621094,5.31681489944458,10.386056900024414,0.0029648933559656143,22.666667938232422,33.180809020996094,0.6831258368974122,18.0625,0.5443658707395225,1.3362607955932617,0.7835884094238281,0.8027371168136597,0.8027371168136597,0.0,0.22716356813907623,0.005921795964241028,0.00017847051163547999,0.2829533517360687,0.15807496011257172,0.9129031300544739,48
13346,0.30364352464675903,0.42300406098365784,1.0,1.130885362625122,0.7436298131942749,0.01171875,0.0025743742007762194,0.21967993676662445,0.0312662199139595,0.7099655270576477,300.2078857421875,0.0637580007314682,0.37347495555877686,6.851352691650391,86.125,78.05134582519531,5.912682056427002,10.484664916992188,0.003436190076172352,7.8125,19.10849380493164,0.4088495972348801,5.083333492279053,0.266024812918895,0.893310010433197,0.6829074621200562,0.8852338194847107,0.8852338194847107,0.0,0.6831628084182739,0.0016459263861179352,8.61358515254502e-05,0.5496159195899963,0.0999615415930748,0.6484078168869019,48
13458,0.45452889800071716,0.5524672865867615,1.0,1.1960810422897339,0.5341222286224365,0.00341796875,0.0011296290904283524,0.33049720525741577,0.025808067992329597,0.9245637655258179,926.3982543945312,0.02282176911830902,0.20744110643863678,5.954519271850586,83.85713958740234,104.76545715332031,3.4636123180389404,10.461810111999512,0.0017524262657389045,15.854166984558105,32.055267333984375,0.4945885122225744,11.541666984558105,0.36005524024194613,1.3285210132598877,0.7174851298332214,0.8279497623443604,0.8279497623443604,0.0,0.46510016918182373,0.005611225962638855,0.00017504848430758389,0.40779414772987366,0.04819750785827637,0.8152024149894714,48
13489,0.45137009024620056,0.6884564757347107,0.9999999403953552,0.7296294569969177,0.8576440215110779,0.1240234375,0.04414448142051697,0.35593661665916443,0.18063630163669586,2.7412731647491455,51.39893341064453,0.37486550211906433,0.6602939367294312,7.676560878753662,68.88582611083984,108.72449493408203,5.070990562438965,10.37873649597168,0.002592253964394331,18.77083396911621,30.170135498046875,0.6221660477497596,14.25,0.47232137874220975,1.1873204708099365,0.7276090383529663,0.8517345190048218,0.8517345190048218,0.0,0.47539934515953064,0.003607912687584758,0.00011958556456010838,0.21702711284160614,0.4864217936992645,1.0979883670806885,48
13673,0.32302889227867126,0.43494468927383423,1.0,0.799172043800354,0.8064693808555603,0.00927734375,0.0017890308517962694,0.19283869862556458,0.022938471287488937,0.5289553999900818,294.2780456542969,0.05265381559729576,0.35351040959358215,6.5850043296813965,81.0526351928711,101.09780883789062,3.5349509716033936,10.484822273254395,0.0017588199116289616,7.0416669845581055,16.153705596923828,0.43591651079365307,5.9166669845581055,0.3662730477161905,0.7129804491996765,0.7295469045639038,0.8769142031669617,0.8769142031669617,0.0,0.3455732762813568,0.0012610240373760462,7.806407198825908e-05,0.27511322498321533,0.07348670810461044,0.46751660108566284,48
13740,0.40474534034729004,0.6573126912117004,1.0,0.8966756463050842,0.6681636571884155,0.017578125,0.009374802000820637,0.5333220958709717,0.10131633281707764,1.9925127029418945,230.0999298095703,0.08845767378807068,0.4087671637535095,6.998831272125244,73.47222137451172,99.67179107666016,3.567902088165283,10.462696075439453,0.0018955047708004713,38.895835876464844,74.72404479980469,0.5205263710692659,30.75,0.41151412611921717,3.1648683547973633,0.7322437763214111,0.7887372970581055,0.7887372970581055,0.0,0.3231606185436249,0.03338228911161423,0.00044674092785772316,0.3392595052719116,0.3352780342102051,1.7221438884735107,48
13929,0.4713039994239807,0.6050096154212952,1.0,1.2287923097610474,0.49412211775779724,0.00341796875,0.00042972314986400306,0.12572471797466278,0.007961434312164783,0.21132761240005493,448.6135559082031,0.02282176911830902,0.24321073293685913,6.038045883178711,113.28571319580078,90.92131042480469,3.3632113933563232,10.456612586975098,0.0021468265913426876,0.7708333730697632,7.2787628173828125,0.10590170216425747,0.02083333395421505,0.0028622081043552816,0.40386462211608887,0.7953364253044128,0.7938833236694336,0.7938833236694336,0.0,0.23767322301864624,0.0002724629594013095,3.7432592030104326e-05,0.28169745206832886,0.018334854394197464,0.19864574074745178,48
14090,0.3851301670074463,0.4432193636894226,1.0,0.5304988026618958,0.788728654384613,0.06201171875,0.008305678144097328,0.13393723964691162,0.041868891566991806,0.544296145439148,44.86582565307617,0.23246733844280243,0.5922585725784302,7.4212870597839355,69.73228454589844,96.91693878173828,3.0730552673339844,10.471086502075195,0.0018175523728132248,2.5416667461395264,9.35904312133789,0.2715733553603349,0.7916666865348816,0.08458842163939376,0.5188474059104919,0.8758551478385925,0.8424617052078247,0.8424617052078247,0.0,0.18757760524749756,0.0005039396928623319,5.3845215348451206e-05,0.21337716281414032,0.11347164958715439,0.3293536901473999,48
14174,0.30778390169143677,0.45081713795661926,1.0,1.0696969032287598,0.6772906184196472,0.00634765625,0.0030968973878771067,0.4878804385662079,0.07840998470783234,3.374631404876709,1672.0185546875,0.03844451159238815,0.22415795922279358,6.230093955993652,65.38461303710938,101.91893005371094,2.359323740005493,10.542726516723633,0.001225144136697054,35.79166793823242,67.68425750732422,0.5288034359994467,28.0,0.4136855603806132,2.749845027923584,0.6576087474822998,0.7944818735122681,0.7944818735122681,0.0,0.23430369794368744,0.021092107519507408,0.0003116250113862703,0.3048720955848694,0.13213428854942322,1.7070149183273315,48
14198,0.41076478362083435,0.5025250315666199,0.9999999403953552,1.1801668405532837,0.5237893462181091,0.013671875,0.007460703607648611,0.5456971526145935,0.07698199898004532,1.5766865015029907,201.89700317382812,0.07226333767175674,0.40803563594818115,6.676890850067139,63.892860412597656,92.8780288696289,2.468820571899414,10.497241973876953,0.0014411822194233537,27.729167938232422,48.53388977050781,0.5713361954633402,22.5,0.46359358587896354,2.0341315269470215,0.8195942640304565,0.7925037741661072,0.7925037741661072,0.0,0.39998772740364075,0.011317437514662743,0.00023318628623927138,0.38616183400154114,0.26887157559394836,1.2880337238311768,48
14545,0.38616400957107544,0.5234622955322266,1.0,1.4584697484970093,0.5473006963729858,0.005859375,0.003964246716350317,0.6765647530555725,0.08603521436452866,2.7928617000579834,870.9483642578125,0.03595767915248871,0.23589840531349182,6.057423114776611,67.66666412353516,87.0108642578125,2.9568729400634766,10.50732421875,0.001840048236772418,44.60416793823242,84.9453353881836,0.5250926107849143,35.833335876464844,0.4218399481089232,4.046695232391357,0.6725345849990845,0.7621504664421082,0.7621504664421082,0.0,0.30916717648506165,0.07556618750095367,0.0008895860749355465,0.32163408398628235,0.16914117336273193,2.616558313369751,48
14658,0.5645820498466492,0.6919124722480774,1.0,1.7073794603347778,0.3999595046043396,0.00927734375,0.0034420194569975138,0.37101346254348755,0.055362019687891006,1.7170453071594238,578.7889404296875,0.05265381559729576,0.31100064516067505,5.879113674163818,70.89473724365234,102.35199737548828,2.9165282249450684,10.501778602600098,0.0013915272429585457,38.395835876464844,45.231895446777344,0.8488663914859615,28.604167938232422,0.6323893272517391,2.1086761951446533,0.9318307638168335,0.8336461782455444,0.8336461782455444,0.0,0.25906363129615784,0.012871472164988518,0.0002845662786183309,0.2517510652542114,0.14510931074619293,1.116912603378296,48
14703,0.3888845145702362,0.5338659286499023,1.0,1.3765650987625122,0.5724328756332397,0.00341796875,0.0011081353295594454,0.32420873641967773,0.028898024931550026,1.211233377456665,1513.401611328125,0.02282176911830902,0.18973809480667114,6.069140434265137,73.0,89.60053253173828,2.2081363201141357,10.523446083068848,0.0013109188294038177,25.5625,38.771636962890625,0.6593092785293915,18.6875,0.481988934670631,2.0319290161132812,0.7956385016441345,0.8442699313163757,0.8442699313163757,0.0,0.20814025402069092,0.006996465381234884,0.0001804531850467613,0.2623693645000458,0.0472804419696331,0.9530036449432373,48
14719,0.35483962297439575,0.5201306939125061,1.0,0.97471684217453,0.701323390007019,0.0244140625,0.007867720909416676,0.32226184010505676,0.07679783552885056,1.4598174095153809,197.97019958496094,0.1147531270980835,0.43798208236694336,7.166296482086182,81.69999694824219,108.35726165771484,4.359511852264404,10.349996566772461,0.0028620753437280655,19.6875,34.429046630859375,0.5718282067280788,15.666666984558105,0.4550421377618214,1.4881863594055176,0.685029923915863,0.6958632469177246,0.6958632469177246,0.0,0.24641667306423187,0.008393394760787487,0.00024378818409762337,0.31636300683021545,0.2555081248283386,1.0564017295837402,48
14890,0.3800191879272461,0.5423142910003662,1.0,0.9839540719985962,0.7494214773178101,0.009765625,0.0011272227857261896,0.11542761325836182,0.015340638346970081,0.36953455209732056,331.05023193359375,0.05492175742983818,0.34219375252723694,6.822041988372803,68.5999984741211,100.5108413696289,4.670777320861816,10.485736846923828,0.0023289863020181656,1.8333333730697632,12.517017364501953,0.1464672707736583,1.1041667461395264,0.08821324706225876,0.5292572379112244,0.7081140279769897,0.8558663129806519,0.8558663129806519,0.0,0.2688615918159485,0.0007066670223139226,5.645650246946634e-05,0.2698303163051605,0.046468038111925125,0.30846714973449707,48
14979,0.3476625680923462,0.4564843773841858,1.0,0.9069042205810547,0.6978440284729004,0.01416015625,0.00308119785040617,0.21759632229804993,0.032829973846673965,0.6886725425720215,244.20985412597656,0.07434378564357758,0.40540143847465515,6.906378746032715,72.13793182373047,120.76093292236328,5.399571418762207,10.316557884216309,0.0036163930781185627,10.083333969116211,20.698650360107422,0.487149344948517,7.1875,0.3472448624176987,0.9741238355636597,0.720831573009491,0.7493831515312195,0.7493831515312195,0.0,0.5708115100860596,0.002851231023669243,0.00013774961037010092,0.602275550365448,0.1070522740483284,0.6171876192092896,48
15245,0.239754319190979,0.38465210795402527,1.0,0.7424036860466003,0.8519763946533203,0.0185546875,0.0018843139987438917,0.10155460983514786,0.01697876863181591,0.2997371256351471,133.3865966796875,0.09235962480306625,0.44073545932769775,7.1726484298706055,74.92105102539062,90.87960815429688,3.4155876636505127,10.49969482421875,0.0015975714195519686,0.2916666865348816,7.784844875335693,0.03746595992995235,0.1458333432674408,0.018732979964976176,0.31591543555259705,0.5878527164459229,0.9108161926269531,0.9108161926269531,0.0,0.4062374234199524,0.00023757531016599387,3.0517667810377865e-05,0.3930862843990326,0.05738276243209839,0.23042751848697662,48
15293,0.41157016158103943,0.7001904845237732,1.0,2.0614426136016846,0.40396443009376526,0.00341796875,0.003980256617069244,1.1645094156265259,0.11241429299116135,4.348350524902344,1216.0721435546875,0.02282176911830902,0.15596051514148712,5.689704895019531,56.42856979370117,114.39722442626953,5.077422142028809,10.449020385742188,0.0026857596822082996,62.60416793823242,116.81044006347656,0.5359466833517014,50.85416793823242,0.4353563594679032,5.26507568359375,0.7332501411437988,0.8306431770324707,0.8306431770324707,0.0,0.2623175382614136,0.09483005851507187,0.0008118286212723923,0.2992471158504486,0.1698242872953415,3.8085153102874756,48
15553,0.35748735070228577,0.5045627951622009,1.0,1.3066465854644775,0.5828717350959778,0.00732421875,0.006110980175435543,0.8343524932861328,0.10236198455095291,2.883640766143799,533.5265502929688,0.0433073565363884,0.29510992765426636,6.237800598144531,60.53333282470703,91.1422119140625,2.597818374633789,10.524569511413574,0.001257632626220584,47.8125,85.35894012451172,0.5601346493367342,39.10416793823242,0.4581144971646866,3.6321535110473633,0.8358360528945923,0.8115352988243103,0.8115352988243103,0.0,0.25021517276763916,0.04263381287455559,0.0004994651152810904,0.3087373375892639,0.2607351541519165,2.5587291717529297,48
15642,0.2501937448978424,0.44534680247306824,1.0,1.1077330112457275,0.818103551864624,0.013671875,0.0035579269751906395,0.2602369487285614,0.04261379316449165,1.0462331771850586,291.446533203125,0.07226333767175674,0.3788343071937561,6.925236225128174,75.25,85.95292663574219,5.016239643096924,10.484991073608398,0.002326427958905697,12.375,23.396657943725586,0.5289216957599475,10.479166984558105,0.4478916179090205,0.9556746482849121,0.7008565664291382,0.874910831451416,0.874910831451416,0.0,0.3682187497615814,0.005060306750237942,0.00021628331534556452,0.29296237230300903,0.13694657385349274,0.7017397880554199,48
15721,0.319965660572052,0.43016722798347473,0.9999999403953552,0.919823944568634,0.6697479486465454,0.0087890625,0.0034333341754972935,0.3906371295452118,0.05392473191022873,1.5546808242797852,485.01531982421875,0.05035991966724396,0.3095156252384186,6.744875907897949,79.83333587646484,119.98976135253906,5.097721576690674,10.40920639038086,0.0026941264513880014,23.125,44.9898681640625,0.514004617895991,18.541667938232422,0.4121298570268325,1.7343900203704834,0.7231009006500244,0.8412587642669678,0.8412587642669678,0.0,0.3261478543281555,0.008844427764415741,0.00019658710112679812,0.32802799344062805,0.14612792432308197,1.104877233505249,48
15774,0.4169677793979645,0.4673727750778198,1.0,0.942607045173645,0.6643811464309692,0.00341796875,0.00046575532178394496,0.13626669347286224,0.010274030268192291,0.2962139844894409,621.4888916015625,0.02282176911830902,0.20267470180988312,5.860272407531738,57.71428680419922,87.2484130859375,2.7700536251068115,10.477080345153809,0.0018100363668054342,4.520833492279053,16.47244644165039,0.27444821299304367,0.6458333730697632,0.03920688860427629,1.0484012365341187,0.9061969518661499,0.7757587432861328,0.7757587432861328,0.0,0.7601229548454285,0.000759301008656621,4.609521790738897e-05,0.898277223110199,0.019872227683663368,0.2863495945930481,48
15941,0.27827414870262146,0.4503768980503082,0.9999999403953552,1.0257046222686768,0.7297351956367493,0.01171875,0.0042742472141981125,0.36473575234413147,0.056477658450603485,1.2196487188339233,276.91925048828125,0.0637580007314682,0.34833866357803345,6.7377166748046875,70.5,105.26206970214844,4.184048175811768,10.4267578125,0.0024282033555209637,20.58333396911621,32.63941955566406,0.6306280639490727,16.75,0.513183145499947,1.4877208471298218,0.7498387098312378,0.7804011106491089,0.7804011106491089,0.0,0.43950125575065613,0.00918019749224186,0.0002812610522614569,0.4341069161891937,0.17590580880641937,1.06365168094635,48
15965,0.3922019898891449,0.47126060724258423,1.0,0.964091956615448,0.6748389005661011,0.0302734375,0.011301017366349697,0.37329810857772827,0.09312069416046143,2.067629337310791,185.95852661132812,0.13569138944149017,0.48079925775527954,7.048917770385742,67.16129302978516,73.54473876953125,1.7505358457565308,10.515889167785645,0.0012378412066027522,18.6875,22.026390075683594,0.8484141035959515,13.520833969116211,0.61384702243625,1.443007469177246,0.8928725123405457,0.7844252586364746,0.7844252586364746,0.0,0.16663743555545807,0.0037253028713166714,0.0001691290700303175,0.21091535687446594,0.3037944734096527,0.9821539521217346,48
16020,0.40355202555656433,0.5405970215797424,1.0,0.8850805759429932,0.5668895244598389,0.0087890625,0.0010366045171394944,0.11794255673885345,0.015746554359793663,0.43373650312423706,452.6980285644531,0.05035991966724396,0.3192451298236847,6.764077186584473,82.44444274902344,90.60102844238281,3.1301872730255127,10.476398468017578,0.0017228276701644063,1.1666667461395264,14.602054595947266,0.07989743756090016,0.5625,0.03852197619990406,0.4817584156990051,0.7358648777008057,0.8398358225822449,0.8398358225822449,0.0,0.6121399998664856,0.0008148485794663429,5.580369348396105e-05,0.5105516314506531,0.04391172155737877,0.34030255675315857,48
16052,0.5026049017906189,0.7175701856613159,1.0,2.300187110900879,0.355709433555603,0.0029296875,0.0034934321884065866,1.1924248933792114,0.09981901198625565,3.857692003250122,1199.4012451171875,0.020013848319649696,0.14528077840805054,5.580092430114746,56.0,123.41079711914062,5.279770851135254,10.396721839904785,0.0029193335212767124,57.4375,118.59215545654297,0.4843279875809676,45.35416793823242,0.38243817864519436,6.431703567504883,0.7416058778762817,0.7988961935043335,0.7988961935043335,0.0,0.3574690818786621,0.10067102313041687,0.0008488843358515229,0.4022047221660614,0.14905311167240143,3.4420347213745117,48
16141,0.4104268252849579,0.49970561265945435,1.0,0.7745839357376099,0.6670694351196289,0.01904296875,0.006308786571025848,0.33129218220710754,0.06574364006519318,1.5113098621368408,253.18954467773438,0.09429078549146652,0.41887062788009644,6.847015380859375,85.84615325927734,90.8128890991211,3.2099225521087646,10.463936805725098,0.002126928884536028,20.08333396911621,27.338451385498047,0.7346185663034092,14.479166984558105,0.5296264508582391,1.5597162246704102,0.8348686099052429,0.7654721140861511,0.7654721140861511,0.0,0.2688532769680023,0.007735135965049267,0.00028293979981335184,0.3122917413711548,0.2150442749261856,0.9641662240028381,48
16285,0.4396475851535797,0.5012180209159851,0.9999999403953552,1.7568511962890625,0.5371302962303162,0.00390625,0.001067624194547534,0.2733117938041687,0.026376819238066673,0.945429801940918,978.8233642578125,0.02555946074426174,0.18846102058887482,6.128997802734375,65.375,73.7890625,1.9149107933044434,10.527027130126953,0.0011356729082763195,17.791667938232422,36.98020935058594,0.48111322909910426,11.4375,0.30928705374475945,2.2698676586151123,0.8799799680709839,0.7485129237174988,0.7485129237174988,0.0,0.8221268057823181,0.004374182783067226,0.00011828442452598162,1.133477807044983,0.04555196687579155,0.8392869830131531,48
16480,0.3598562180995941,0.44117894768714905,1.0,0.932845413684845,0.7049977779388428,0.021484375,0.0066474322229623795,0.3094077408313751,0.06836381554603577,1.420039176940918,244.6430206298828,0.10376113653182983,0.4271096885204315,7.099882125854492,80.0,101.6702651977539,4.125881195068359,10.422643661499023,0.0025244057178497314,21.729167938232422,36.16181182861328,0.600887146783674,17.33333396911621,0.47932703279562505,1.6748390197753906,0.7717792987823486,0.7316882014274597,0.7316882014274597,0.0,0.25919535756111145,0.010975636541843414,0.0003035145636735967,0.3206220269203186,0.2193012833595276,1.2049187421798706,48
16485,0.39247211813926697,0.6080130934715271,1.0,1.0189696550369263,0.6802427768707275,0.0283203125,0.010715420357882977,0.3783651888370514,0.09549018740653992,2.034193992614746,228.11471557617188,0.12885403633117676,0.4666059911251068,7.302639007568359,72.74137878417969,76.51231384277344,2.630094528198242,10.50471305847168,0.0016220201505348086,14.25,25.083236694335938,0.5681085008274357,10.625,0.4235896716695793,1.0527492761611938,0.6833187341690063,0.7679447531700134,0.7679447531700134,0.0,0.23140665888786316,0.004477761220186949,0.00017851608518341312,0.31070536375045776,0.3075146973133087,1.0978621244430542,48
16576,0.36846959590911865,0.5838299989700317,1.0,1.3744860887527466,0.5698877573013306,0.0068359375,0.001249370165169239,0.18276500701904297,0.02118545211851597,0.7173416018486023,711.748046875,0.04089350998401642,0.2933445870876312,6.440155982971191,71.78571319580078,93.63633728027344,2.352691650390625,10.527056694030762,0.0013647035229951143,7.1041669845581055,17.954509735107422,0.39567591014251896,4.145833492279053,0.23090764109606424,0.8538679480552673,0.8498028516769409,0.7767759561538696,0.7767759561538696,0.0,0.6478865146636963,0.0016938367625698447,9.434046301550577e-05,0.6988968253135681,0.0533064603805542,0.4790389835834503,48
16708,0.452104389667511,0.5116032361984253,1.0,0.5847176909446716,0.7364923357963562,0.06591796875,0.008957785554230213,0.13589292764663696,0.04707891494035721,0.6293343305587769,61.26548767089844,0.24294963479042053,0.590739905834198,7.367330551147461,69.4888916015625,81.963623046875,2.856499433517456,10.477422714233398,0.001916833221912384,0.4166666865348816,8.183399200439453,0.050916089490458366,0.25,0.030549652237554084,0.3847404420375824,0.6539884805679321,0.786028265953064,0.786028265953064,0.0,0.12079691141843796,0.0005734220612794161,7.007137822971036e-05,0.18876610696315765,0.13871830701828003,0.4184945821762085,48
17002,0.4302704930305481,0.524844765663147,1.0,0.6029244661331177,0.7231614589691162,0.0185546875,0.0028088968247175217,0.15138475596904755,0.027341339737176895,0.5005524158477783,165.91575622558594,0.09235962480306625,0.42745116353034973,7.155736446380615,78.31578826904297,78.90204620361328,1.8707606792449951,10.486855506896973,0.0013624910498037934,0.875,10.443557739257812,0.0837837086755405,0.5625,0.05386095557713318,0.426805317401886,0.7221800088882446,0.7843111753463745,0.7843111753463745,0.0,0.2880331873893738,0.000686506973579526,6.573497174641598e-05,0.3232194185256958,0.09418722242116928,0.39682984352111816,48
17165,0.3371008336544037,0.5833133459091187,0.9999999403953552,1.0990910530090332,0.6591681838035583,0.02392578125,0.011706496588885784,0.4892837703227997,0.11717075854539871,2.835660457611084,282.71356201171875,0.11294737458229065,0.43928778171539307,7.124001979827881,73.26530456542969,116.14350128173828,4.8438334465026855,10.393376350402832,0.0026069185696542263,42.5625,72.5167465209961,0.5869333917484475,33.97916793823242,0.4685699450637735,2.9776103496551514,0.9102956056594849,0.839179515838623,0.839179515838623,0.0,0.3846301734447479,0.03253724053502083,0.0004486858841786748,0.34772831201553345,0.37416067719459534,1.6798055171966553,48
17342,0.45901909470558167,0.5614053010940552,1.0,0.9826467037200928,0.6087263822555542,0.0380859375,0.016822662204504013,0.4417027235031128,0.12282516062259674,2.603602409362793,168.52667236328125,0.1618127077817917,0.5164745450019836,6.9483537673950195,70.0897445678711,93.90422058105469,2.6042041778564453,10.482545852661133,0.0015448324847966433,33.125,40.473541259765625,0.8184359203760828,27.58333396911621,0.6815152097827772,1.8288438320159912,0.8325952291488647,0.8063427805900574,0.8063427805900574,0.0,0.1538972407579422,0.01172700710594654,0.00028974502200791605,0.1434996873140335,0.38538840413093567,1.2648462057113647,48
17769,0.4839780330657959,0.593873143196106,0.9999999403953552,1.2443687915802002,0.5597997903823853,0.01611328125,0.005323273595422506,0.3303655982017517,0.05385131388902664,0.9111542701721191,151.256103515625,0.08250018209218979,0.41054901480674744,6.618399620056152,67.63636016845703,82.58675384521484,2.2931582927703857,10.5086669921875,0.0013868383830413222,19.6875,26.943218231201172,0.7307033563605317,14.875,0.5520869803612907,1.7129132747650146,1.0672610998153687,0.7513169050216675,0.7513169050216675,0.0,0.21164506673812866,0.005790506489574909,0.00021491517597256262,0.22760407626628876,0.19112356007099152,0.8182113766670227,48
17899,0.47283419966697693,0.6748392581939697,1.0,2.4709372520446777,0.3575340509414673,0.0068359375,0.008721476420760155,1.275827407836914,0.13508367538452148,3.5170376300811768,438.02581787109375,0.04089350998401642,0.30587902665138245,6.002121925354004,60.0,114.56029510498047,4.820869445800781,10.435323715209961,0.002385401399806142,65.625,115.6596908569336,0.5673973318457295,51.97916793823242,0.4494147230432634,6.526263236999512,0.8689607977867126,0.8026790618896484,0.8026790618896484,0.0,0.4294394850730896,0.12255513668060303,0.00105961840086191,0.43059566617012024,0.3721163272857666,3.347449541091919,48
17927,0.23582088947296143,0.2893434762954712,0.9999999403953552,0.7944380044937134,0.8330934047698975,0.0126953125,0.0022727949544787407,0.1790263056755066,0.029927074909210205,0.8322038650512695,407.29559326171875,0.06804874539375305,0.3605758249759674,6.934572219848633,70.88461303710938,92.65898132324219,2.4514570236206055,10.52101993560791,0.0012911342782899737,8.166666984558105,20.79294204711914,0.3927614938821022,7.583333492279053,0.36470709490976777,0.7654260396957397,0.6193878650665283,0.9170185923576355,0.9170185923576355,0.0,0.38164570927619934,0.0020739277824759483,9.974191130715297e-05,0.32839491963386536,0.09015686064958572,0.5362480282783508,48
17932,0.44876575469970703,0.5317431688308716,0.9999999403953552,1.2520228624343872,0.653340756893158,0.00732421875,0.0030786311253905296,0.4203357696533203,0.052409492433071136,1.5348341464996338,503.5241394042969,0.0433073565363884,0.2838165760040283,6.420614242553711,68.33333587646484,82.12763977050781,3.0917325019836426,10.507001876831055,0.0017583853332325816,22.8125,46.54815673828125,0.490083852801375,18.52083396911621,0.39788544301058876,1.7485512495040894,0.6889230608940125,0.8623861074447632,0.8623861074447632,0.0,0.336648553609848,0.011745855212211609,0.00025233770857414916,0.28654807806015015,0.1313549131155014,1.1454094648361206,48
17943,0.42197760939598083,0.5067176222801208,1.0,0.9002046585083008,0.6398242712020874,0.015625,0.005484902299940586,0.3510337471961975,0.059314120560884476,1.307370662689209,255.98745727539062,0.08048483729362488,0.4073633849620819,6.739142417907715,62.65625,114.79010009765625,4.885977745056152,10.368917465209961,0.003177767852321267,18.70833396911621,44.782257080078125,0.4177621938859619,13.770833969116211,0.3075064738567465,1.810046672821045,0.8156262636184692,0.7761201858520508,0.7761201858520508,0.0,0.5634975433349609,0.00829542800784111,0.0001852391671807679,0.5284422039985657,0.19017766416072845,1.0194087028503418,48
17955,0.41645440459251404,0.6349484324455261,0.9999999403953552,1.5848897695541382,0.4565083384513855,0.0126953125,0.00637918571010232,0.5024835467338562,0.07821071147918701,2.0701897144317627,369.6728515625,0.06804874539375305,0.3743124306201935,6.537972927093506,63.384613037109375,88.24420928955078,2.381916046142578,10.509805679321289,0.0014334369916468859,33.020835876464844,54.4842643737793,0.6060618831865076,26.541667938232422,0.4871437329368484,2.4648547172546387,0.8779171705245972,0.7995869517326355,0.7995869517326355,0.0,0.19157029688358307,0.022181397303938866,0.00040711566091259494,0.24283349514007568,0.24524958431720734,1.4937374591827393,48
18117,0.3368465006351471,0.4674687385559082,1.0,1.4509402513504028,0.5733838081359863,0.01318359375,0.007940568029880524,0.6023067831993103,0.11386752128601074,3.001063346862793,411.7196044921875,0.07016520947217941,0.34047794342041016,6.731973648071289,75.14814758300781,143.1715545654297,6.450780391693115,10.332564353942871,0.00363295990973711,54.47916793823242,84.50043487548828,0.6447205628238539,42.375,0.5014767090539234,4.2512288093566895,0.9035228490829468,0.8222661018371582,0.8222661018371582,0.0,0.5348787903785706,0.05319925397634506,0.000629573729986581,0.4969998598098755,0.3229680061340332,2.2666571140289307,48
18133,0.42533349990844727,0.6261206269264221,1.0,0.8828059434890747,0.6510542631149292,0.013671875,0.0034314326476305723,0.250984787940979,0.03971424326300621,1.041893720626831,336.6329040527344,0.07226333767175674,0.3911569118499756,6.851644515991211,75.03571319580078,101.09544372558594,3.706109046936035,10.504252433776855,0.0018979052547365427,11.979166984558105,28.771404266357422,0.416356701587967,9.145833969116211,0.31787930409193466,1.1518173217773438,0.7389270663261414,0.8303475379943848,0.8303475379943848,0.0,0.3653259873390198,0.003393034916371107,0.00011793080670585465,0.2844456136226654,0.12534044682979584,0.676318883895874,48
18150,0.51334148645401,0.7100698947906494,1.0,1.88914954662323,0.39811089634895325,0.00244140625,0.0005382468807511032,0.22046592831611633,0.011581676080822945,0.321625292301178,572.1797485351562,0.01712392456829548,0.20202551782131195,5.617256164550781,73.5999984741211,100.18074798583984,2.3338446617126465,10.509147644042969,0.0012620821362361312,4.9375,14.268936157226562,0.34603140291149653,1.4791667461395264,0.10366342163173545,0.9132659435272217,0.8312572240829468,0.8630568385124207,0.8630568385124207,0.0,0.2868530750274658,0.0007428398239426315,5.20599304136502e-05,0.29853367805480957,0.0229652002453804,0.3161907494068146,48
18363,0.41310033202171326,0.5197184085845947,1.0,0.917117714881897,0.6356954574584961,0.07080078125,0.024801986292004585,0.3503066897392273,0.13725882768630981,1.9530689716339111,81.96530151367188,0.25570541620254517,0.5877033472061157,7.373015403747559,67.64827728271484,93.61422729492188,2.5915753841400146,10.512149810791016,0.001427158946171403,35.47916793823242,40.33355712890625,0.8796439108022232,28.52083396911621,0.7071241911764004,1.8166711330413818,0.8936588168144226,0.8311330676078796,0.8311330676078796,0.0,0.16312889754772186,0.009944294579327106,0.0002465513900764958,0.19866447150707245,0.4228971004486084,1.1567087173461914,48
18443,0.3508492112159729,0.4803030788898468,1.0,0.7004669308662415,0.6949242353439331,0.03076171875,0.007096963003277779,0.23070761561393738,0.05526547506451607,0.9545683860778809,140.60960388183594,0.13738007843494415,0.4912475347518921,7.341753005981445,82.44444274902344,108.5027847290039,2.473296880722046,10.512457847595215,0.0011943031568080187,18.125,31.98653793334961,0.5666446313164819,13.708333969116211,0.42856572953892746,1.2297041416168213,0.8322460651397705,0.8416643142700195,0.8416643142700195,0.0,0.29880258440971375,0.004519619978964329,0.00014129756671287435,0.26372283697128296,0.1743561178445816,0.7445604205131531,48
18865,0.44378527998924255,0.5802291035652161,1.0,1.7731918096542358,0.45573753118515015,0.0166015625,0.0051103075966238976,0.3078208863735199,0.05245695263147354,1.0142123699188232,198.18710327148438,0.08450048416852951,0.4158046841621399,6.569194793701172,71.85294342041016,95.88917541503906,1.9343676567077637,10.528470993041992,0.0010752256494015455,27.14583396911621,32.86425018310547,0.8259988835774834,19.1875,0.5838411005045632,1.8152488470077515,0.9612018465995789,0.8304256200790405,0.8304256200790405,0.0,0.30035194754600525,0.006896303500980139,0.00020984210686257805,0.2923246920108795,0.1794523447751999,0.8541045188903809,48
18909,0.35555505752563477,0.5712154507637024,1.0,1.1888549327850342,0.6337621808052063,0.015625,0.010633525438606739,0.6805456280708313,0.14146757125854492,3.6653127670288086,390.29827880859375,0.08048483729362488,0.3611665368080139,6.889468193054199,71.96875,92.2252426147461,3.6556077003479004,10.481965065002441,0.0022946293465793133,52.16666793823242,79.63545989990234,0.6550683325901872,42.708335876464844,0.5362979748567289,3.6619536876678467,0.7401046752929688,0.7903341054916382,0.7903341054916382,0.0,0.24846172332763672,0.058918341994285583,0.0007398505899375026,0.2794574797153473,0.42023196816444397,2.54467511177063,48
19024,0.21233892440795898,0.26149579882621765,1.0,0.9169845581054688,0.8822765946388245,0.00537109375,0.003182521788403392,0.5925276875495911,0.08083095401525497,3.2132744789123535,1265.0728759765625,0.03342986851930618,0.19072343409061432,6.175873756408691,73.7272720336914,88.66686248779297,3.2982704639434814,10.529468536376953,0.0018018055707216263,58.4375,84.67894744873047,0.690106593831724,49.75,0.5875132071551361,3.410466194152832,0.7785636782646179,0.9008306860923767,0.9008306860923767,0.0,0.537112295627594,0.03440031409263611,0.00040624399718007374,0.4772736132144928,0.13578759133815765,2.319828748703003,48
19257,0.4765879809856415,0.664660632610321,1.0,1.5138190984725952,0.46055275201797485,0.00341796875,0.0008609403157606721,0.2518865466117859,0.018005117774009705,0.4678187966346741,542.56396484375,0.02282176911830902,0.21613846719264984,5.898344993591309,73.0,104.78690338134766,3.9521191120147705,10.426189422607422,0.002368113026022911,4.145833492279053,17.07341957092285,0.24282385099417572,2.7083334922790527,0.15862864960603645,0.6952540278434753,0.7130326628684998,0.7917043566703796,0.7917043566703796,0.0,0.3031482994556427,0.001614866778254509,9.458367555488976e-05,0.3101741671562195,0.03673345223069191,0.4606046974658966,48
19260,0.3524155616760254,0.4548536241054535,1.0,1.181079626083374,0.5667686462402344,0.009765625,0.002172844484448433,0.222499281167984,0.03475077077746391,1.037004828453064,629.2731323242188,0.05492175742983818,0.3218037486076355,6.688455581665039,84.6500015258789,87.90351867675781,3.0669515132904053,10.518024444580078,0.00148658431135118,17.45833396911621,28.317691802978516,0.6165168434072278,14.3125,0.5054260811412715,1.2045687437057495,0.7989405989646912,0.7893258929252625,0.7893258929252625,0.0,0.36875051259994507,0.005673329345881939,0.00020034575499129306,0.33851858973503113,0.09026753902435303,0.9101407527923584,48
19308,0.32697421312332153,0.40306979417800903,0.9999999403953552,1.4387922286987305,0.6123993396759033,0.00439453125,0.0009867459302768111,0.22453951835632324,0.017784593626856804,0.42262792587280273,404.8396301269531,0.02823571488261223,0.25404927134513855,6.0807108879089355,82.88888549804688,91.82875061035156,3.1756138801574707,10.503388404846191,0.001731589436531067,2.9583334922790527,14.80653190612793,0.1997992176045428,1.2916667461395264,0.08723627878940278,0.7018698453903198,0.7487947344779968,0.8405512571334839,0.8405512571334839,0.0,0.2908645570278168,0.0013140994124114513,8.875133082177577e-05,0.3141845762729645,0.04210115969181061,0.40874165296554565,48
19338,0.4567607045173645,0.591880202293396,1.0,1.2629131078720093,0.4902832806110382,0.00439453125,0.002465085592120886,0.5609439015388489,0.0496537871658802,1.6615190505981445,749.3046875,0.02823571488261223,0.23729509115219116,6.189931392669678,72.77777862548828,88.20087432861328,2.2995548248291016,10.511547088623047,0.0013494533486664295,35.895835876464844,75.93004608154297,0.47274876974508906,27.291667938232422,0.3594317314825409,4.743066310882568,0.8684287071228027,0.8168110847473145,0.8168110847473145,0.0,0.4964670240879059,0.02129603922367096,0.0002804691992152353,0.4602676331996918,0.10517698526382446,1.436326265335083,48
19352,0.4083305299282074,0.5645046234130859,1.0,0.8054872751235962,0.6373394727706909,0.01416015625,0.00224129157140851,0.15828154981136322,0.031047826632857323,1.0010244846343994,600.184326171875,0.07434378564357758,0.3600707948207855,6.822700500488281,80.17241668701172,104.47942352294922,3.2154922485351562,10.451526641845703,0.0019563096575438976,4.4375,17.62149429321289,0.2518231384719127,3.5416667461395264,0.20098560798523094,0.6798757314682007,0.6671866774559021,0.8386866450309753,0.8386866450309753,0.0,0.20890523493289948,0.0012968291994184256,7.359359978807116e-05,0.2439509630203247,0.08697792142629623,0.4833686351776123,48
19492,0.295419842004776,0.5421732068061829,0.9999999403953552,1.369634747505188,0.5988757610321045,0.00244140625,0.0010258702095597982,0.42019644379615784,0.02606453374028206,0.8161687850952148,905.9390258789062,0.01712392456829548,0.172906294465065,5.561300754547119,68.0,86.97867584228516,2.5278942584991455,10.516996383666992,0.001293378183618188,17.9375,31.659671783447266,0.5665725190402194,12.9375,0.4086428970081025,1.5801639556884766,0.6909822225570679,0.8485133647918701,0.8485133647918701,0.0,0.2613700032234192,0.0048323990777134895,0.00015263579197032835,0.244823157787323,0.04377046227455139,0.8135901689529419,48
19529,0.430713027715683,0.502771258354187,1.0,0.727733850479126,0.6440662145614624,0.025390625,0.004625486675649881,0.1821730136871338,0.03546586260199547,0.5853068828582764,109.56963348388672,0.1183348149061203,0.4864993691444397,7.0431013107299805,82.86538696289062,132.45388793945312,6.460093975067139,10.284019470214844,0.004089510068297386,4.7291669845581055,11.068017959594727,0.42728219248918253,2.7083334922790527,0.2446990508796782,0.6365201473236084,0.8698818683624268,0.7125840187072754,0.7125840187072754,0.0,0.516412079334259,0.0013496838510036469,0.00012194449401070746,0.6141485571861267,0.11602434515953064,0.4355354309082031,48
19651,0.344073623418808,0.4187045991420746,0.9999999403953552,0.7119388580322266,0.6650169491767883,0.00439453125,0.0008207047358155251,0.1867559254169464,0.016420837491750717,0.4551936388015747,582.177978515625,0.02823571488261223,0.23450881242752075,6.278751373291016,76.77777862548828,99.10172271728516,2.269467830657959,10.513774871826172,0.0012301479000598192,5.375,18.021766662597656,0.2982504488959321,3.5416667461395264,0.19652161802342494,0.7263739109039307,0.7678885459899902,0.8240198493003845,0.8240198493003845,0.0,0.2761234641075134,0.0018349563470110297,0.00010181889380474035,0.2972608506679535,0.0350167341530323,0.44611769914627075,48
19735,0.36414405703544617,0.4919135868549347,1.0,0.5997399091720581,0.7818107604980469,0.0078125,0.0009410519851371646,0.12045465409755707,0.013817247934639454,0.4090261459350586,474.12738037109375,0.04568839073181152,0.3237842917442322,6.644900321960449,73.1875,92.02600860595703,2.9866695404052734,10.455815315246582,0.002079182304441929,0.2708333432674408,6.800565242767334,0.03982512235394424,0.0833333358168602,0.012253883716938032,0.2860575318336487,0.6212797164916992,0.7744523882865906,0.7744523882865906,0.0,0.3381495177745819,0.0003621114883571863,5.3247263263863746e-05,0.3910262882709503,0.040151551365852356,0.27643394470214844,48
19742,0.3067147135734558,0.48174336552619934,1.0,1.4086753129959106,0.6620118618011475,0.0029296875,0.0017181963194161654,0.5864776968955994,0.048354946076869965,2.071169376373291,1644.772705078125,0.020013848319649696,0.17073288559913635,5.734772205352783,71.33333587646484,92.45266723632812,4.2262725830078125,10.459466934204102,0.002112174406647682,34.10416793823242,51.736976623535156,0.6591836275977246,26.25,0.5073740621902736,2.38047456741333,0.7522377371788025,0.8293247222900391,0.8293247222900391,0.0,0.301606684923172,0.021407410502433777,0.0004137738981940782,0.31926777958869934,0.07330971211194992,1.6830408573150635,48
19899,0.49374327063560486,0.6108279824256897,0.9999999403953552,0.8225144147872925,0.6151987314224243,0.03759765625,0.010039512068033218,0.2670249342918396,0.08535372465848923,2.6892635822296143,509.78802490234375,0.16023273766040802,0.503470242023468,7.272451400756836,80.14286041259766,88.56048583984375,3.9258644580841064,10.459770202636719,0.0025983669329434633,7.645833492279053,19.122228622436523,0.39984008345709404,5.25,0.2745495883829443,0.8159123659133911,0.8371410369873047,0.7713552713394165,0.7713552713394165,0.0,0.3730800747871399,0.0025695301592350006,0.00013437399001057728,0.4234737753868103,0.24011611938476562,0.6798278093338013,48
20017,0.2605300545692444,0.30546286702156067,1.0,0.870603621006012,0.7034583687782288,0.00244140625,0.0001659049594309181,0.06795467436313629,0.0036702866200357676,0.10187692940235138,599.8411254882812,0.01712392456829548,0.1968253254890442,5.69489049911499,66.0,117.82568359375,5.091639995574951,10.390436172485352,0.003064593067392707,0.25,3.036916494369507,0.08232034026628678,0.0,0.0,0.14897894859313965,0.7098618745803833,0.799336314201355,0.799336314201355,0.0,0.32425108551979065,5.332428190740757e-05,1.7558692124292764e-05,0.33311983942985535,0.007078611757606268,0.09916767477989197,48
20092,0.5534803867340088,0.6770718097686768,1.0,2.684999942779541,0.36684125661849976,0.00439453125,0.009421045891940594,2.1438112258911133,0.1677219122648239,3.77451229095459,394.7164611816406,0.02823571488261223,0.2567678391933441,5.699307441711426,57.0,75.10934448242188,2.2772257328033447,10.500207901000977,0.0015015730168670416,72.10417175292969,112.04158782958984,0.6435482854470197,58.895835876464844,0.525660489217505,6.088122367858887,1.0148791074752808,0.7886933088302612,0.7886933088302612,0.0,0.25361278653144836,0.09047350287437439,0.0008074992921727019,0.2666212320327759,0.40196463465690613,3.6952996253967285,48
20132,0.39385557174682617,0.43950679898262024,1.0,0.5366251468658447,0.7334927916526794,0.04345703125,0.006505978759378195,0.14971061050891876,0.04454566538333893,0.7745898962020874,120.2472152709961,0.17877927422523499,0.5297093391418457,7.360293388366699,79.48314666748047,118.74366760253906,4.8041486740112305,10.399035453796387,0.002912095282226801,7.4166669845581055,14.615486145019531,0.5074526366001811,3.5833334922790527,0.24517374613969958,0.7783035039901733,0.933836817741394,0.8136734962463379,0.8136734962463379,0.0,0.1651465892791748,0.0011416487395763397,7.811226581636854e-05,0.19470153748989105,0.14132733643054962,0.4779912829399109,48
20310,0.30101868510246277,0.38761869072914124,1.0,1.006582498550415,0.6812788248062134,0.015625,0.0030230022966861725,0.19347214698791504,0.03066840022802353,0.6934422850608826,212.3300018310547,0.08048483729362488,0.4141308069229126,7.008474826812744,70.53125,102.330078125,2.97564435005188,10.518762588500977,0.0013007044326514006,6.1666669845581055,19.061481475830078,0.32351456990068067,4.125,0.21640500519681233,0.7803957462310791,0.8290472030639648,0.835858941078186,0.835858941078186,0.0,0.39538222551345825,0.0023692729882895947,0.00012429637171963075,0.3684557378292084,0.10329624265432358,0.4575222432613373,48
20540,0.327785462141037,0.3765774071216583,0.9999999403953552,0.718410313129425,0.671015739440918,0.013671875,0.0019640158861875534,0.1436537355184555,0.02316487580537796,0.4447983205318451,249.45933532714844,0.07226333767175674,0.3790893852710724,7.024724006652832,82.10713958740234,110.2813949584961,4.726332664489746,10.409656524658203,0.002720191841945052,1.625,14.07586669921875,0.11544582181470457,1.0208333730697632,0.07252366011687121,0.5370924472808838,0.6142159700393677,0.7914338111877441,0.7914338111877441,0.0,0.6117777228355408,0.0013151420280337334,9.343240137194559e-05,0.5984121561050415,0.0766148790717125,0.4370189905166626,48
20647,0.39030805230140686,0.48124635219573975,1.0,0.6938543319702148,0.6664128303527832,0.01611328125,0.0030700378119945526,0.19052840769290924,0.03114587441086769,0.5569053888320923,172.19029235839844,0.08250018209218979,0.413505882024765,6.851176738739014,74.36363983154297,105.90115356445312,2.667644500732422,10.479276657104492,0.0015146022196859121,10.333333969116211,20.205604553222656,0.5114092942274286,6.375,0.3155065209780207,1.0181057453155518,0.9661499857902527,0.8357303142547607,0.8357303142547607,0.0,0.32602471113204956,0.0025195383932441473,0.00012469502634086482,0.29358619451522827,0.10641293972730637,0.5038357377052307,48
20688,0.3188082277774811,0.441922128200531,0.9999999403953552,0.9567617177963257,0.785097599029541,0.037109375,0.007274471689015627,0.19602787494659424,0.05199121683835983,1.2607038021087646,210.37022399902344,0.15864618122577667,0.5208939909934998,7.301108360290527,74.89473724365234,102.21170043945312,4.0879693031311035,10.501636505126953,0.001882130396552384,12.1875,21.024038314819336,0.5796935779750929,10.229166984558105,0.48654624894220966,0.8151204586029053,0.7627944946289062,0.8734538555145264,0.8734538555145264,0.0,0.3127216696739197,0.0016805920749902725,7.993669194401614e-05,0.22555196285247803,0.1579352617263794,0.5221120715141296,48
20861,0.3508264720439911,0.4295397996902466,1.0000001192092896,0.5768311023712158,0.7917259931564331,0.01220703125,0.0015317362267524004,0.1254798322916031,0.02259436808526516,0.6880617141723633,595.685302734375,0.06591325998306274,0.3447960615158081,6.856639862060547,71.95999908447266,116.40437316894531,4.581613540649414,10.39712142944336,0.002803922863677144,4.4375,13.218620300292969,0.3357006931006743,3.2916667461395264,0.24901742155165751,0.5371989011764526,0.6939115524291992,0.842424750328064,0.842424750328064,0.0,0.3728421926498413,0.0009250669972971082,6.998211428894621e-05,0.34515413641929626,0.060879405587911606,0.4876864552497864,48
20989,0.37954822182655334,0.5009787082672119,1.0,1.9891562461853027,0.455223947763443,0.00244140625,0.0014458823716267943,0.592233419418335,0.03746545687317848,1.1964162588119507,883.19580078125,0.01712392456829548,0.16274456679821014,5.511360168457031,64.0,85.50220489501953,2.7150540351867676,10.515044212341309,0.001384679926559329,23.64583396911621,40.16576385498047,0.5887061938770303,17.979167938232422,0.44762420051739665,2.0274243354797363,0.7694076895713806,0.8053640723228455,0.8053640723228455,0.0,0.23953567445278168,0.00979936495423317,0.00024397307585570388,0.29133424162864685,0.06169097498059273,1.178926944732666,48
21010,0.30916616320610046,0.4975079298019409,0.9999999403953552,0.9617185592651367,0.7672613859176636,0.00439453125,0.0006099541205912828,0.13879844546318054,0.010778105817735195,0.3142196536064148,518.4830932617188,0.02823571488261223,0.26470044255256653,6.407761096954346,87.77777862548828,93.4613265991211,3.4368536472320557,10.51163387298584,0.001690243138000369,0.6666666865348816,10.528440475463867,0.06332055421268871,0.5416666865348816,0.05144795065164074,0.4289509952068329,0.5695880055427551,0.8870151042938232,0.8870151042938232,0.0,0.30351465940475464,0.0004917957121506333,4.6711164187101876e-05,0.2568837106227875,0.02602470852434635,0.2824351191520691,48
21072,0.48052778840065,0.758293867111206,1.0,1.0420985221862793,0.5044152736663818,0.0087890625,0.003090295009315014,0.35160690546035767,0.045112743973731995,1.1595834493637085,356.2624816894531,0.05035991966724396,0.3212856948375702,6.632455348968506,75.55555725097656,125.54183197021484,5.822658538818359,10.300129890441895,0.0038884745445102453,14.520833969116211,22.829402923583984,0.6360584204221493,10.5,0.4599331848733377,1.2658638954162598,0.8156450986862183,0.7533738017082214,0.7533738017082214,0.0,0.21448266506195068,0.0038094527553766966,0.00016686607032427768,0.29884809255599976,0.13068878650665283,0.8651418089866638,48
21147,0.48224306106567383,0.7019457817077637,1.0,1.8607264757156372,0.47421252727508545,0.00830078125,0.00548628531396389,0.6609359979629517,0.08499106764793396,1.992684245109558,390.0135192871094,0.04803864285349846,0.3078773617744446,6.311379432678223,70.17646789550781,127.65363311767578,6.1475958824157715,10.273946762084961,0.004255751613527536,40.29166793823242,55.76377487182617,0.7225419732365317,32.145835876464844,0.5764644869287967,2.7295589447021484,1.096022367477417,0.7448487281799316,0.7448487281799316,0.0,0.3892397880554199,0.032679006457328796,0.0005860257223723053,0.38094404339790344,0.23399971425533295,1.9510817527770996,48
21191,0.48221060633659363,0.5905258655548096,1.0,1.4994803667068481,0.48741620779037476,0.01171875,0.009583668783307076,0.8178064227104187,0.11784539371728897,2.3806228637695312,227.89813232421875,0.0637580007314682,0.3635140061378479,6.4289116859436035,63.416664123535156,98.87238311767578,2.982110023498535,10.513583183288574,0.001537216012366116,50.22916793823242,75.78770446777344,0.662761437153217,41.0625,0.5418095228368154,3.9228549003601074,1.00429105758667,0.770577073097229,0.770577073097229,0.0,0.3266185224056244,0.04789446294307709,0.0006319555826779698,0.273813396692276,0.3876208961009979,2.047342538833618,48
21275,0.386347234249115,0.5055835247039795,1.0,1.1043922901153564,0.601543664932251,0.0205078125,0.009628355503082275,0.4694969654083252,0.12179100513458252,3.199432134628296,410.45452880859375,0.10000890493392944,0.3905229866504669,6.878557205200195,73.38095092773438,115.25068664550781,4.523256778717041,10.408761978149414,0.0024507413618266582,36.0,76.79647827148438,0.46877149584969446,27.916667938232422,0.3635149496817894,3.0742690563201904,0.7570676803588867,0.8142948150634766,0.8142948150634766,0.0,0.5203772783279419,0.027162805199623108,0.0003536985784694773,0.47479209303855896,0.3482390344142914,1.8522504568099976,48
21310,0.37280163168907166,0.5069426894187927,1.0,0.9608747363090515,0.624742865562439,0.0078125,0.0019010059768334031,0.2433287650346756,0.029524771496653557,0.7301673293113708,379.4970703125,0.04568839073181152,0.3032033443450928,6.418029308319092,67.6875,112.21188354492188,3.942918062210083,10.4505615234375,0.0021562324836850166,13.083333969116211,21.70956039428711,0.6026531042301791,10.708333969116211,0.49325429763200435,0.9648051261901855,0.7701141834259033,0.7815958857536316,0.7815958857536316,0.0,0.31714433431625366,0.0034217252396047115,0.00015761375061878287,0.3267276883125305,0.08110959082841873,0.6667464971542358,48
21857,0.3697889745235443,0.5038731694221497,0.9999999403953552,1.5590959787368774,0.6462787389755249,0.00244140625,0.0026383381336927414,1.0806633234024048,0.08826643973588943,3.835268974304199,1745.0010986328125,0.01712392456829548,0.11416909098625183,5.451238632202148,53.20000076293945,87.0224380493164,3.0979270935058594,10.466144561767578,0.0019017393933609128,45.22916793823242,135.15255737304688,0.3346526977661603,35.85416793823242,0.2652866407597098,6.734807014465332,0.8963881731033325,0.8574172854423523,0.8574172854423523,0.0,0.3271881937980652,0.09682285040616989,0.0007163967318188168,0.32028061151504517,0.11256909370422363,3.2826294898986816,48
22198,0.36147594451904297,0.4742984175682068,1.0,1.4797108173370361,0.5707087516784668,0.0048828125,0.002792934188619256,0.5719929337501526,0.056193284690380096,1.694726824760437,703.3011474609375,0.03085736557841301,0.2462649643421173,6.049106121063232,59.599998474121094,94.0879898071289,2.8774123191833496,10.464056015014648,0.0019259671680629253,28.95833396911621,46.854164123535156,0.6180525147473439,23.375,0.4988884218141392,2.2255282402038574,0.615443766117096,0.7563430666923523,0.7563430666923523,0.0,0.24971331655979156,0.014014273881912231,0.0002991041274788579,0.28722572326660156,0.11916518211364746,1.6200960874557495,48
22286,0.3636905252933502,0.5341160297393799,1.0,1.688915491104126,0.517071545124054,0.0068359375,0.0014364315429702401,0.21012941002845764,0.0231170691549778,0.5502318143844604,402.505126953125,0.04089350998401642,0.293074369430542,6.446802139282227,68.35713958740234,93.24247741699219,2.6342990398406982,10.48907470703125,0.0017162039875984192,10.020833969116211,19.303421020507812,0.5191221780470378,5.7291669845581055,0.29679542167699324,1.0127334594726562,0.7605647444725037,0.818246066570282,0.818246066570282,0.0,0.609840452671051,0.0017756589222699404,9.198674781343814e-05,0.5831087827682495,0.06128774955868721,0.5456617474555969,48
22345,0.39063769578933716,0.5517134070396423,1.0,1.72088623046875,0.5889437794685364,0.00244140625,0.0022809121292084455,0.9342616200447083,0.05973001569509506,2.1429452896118164,998.21484375,0.01712392456829548,0.16487544775009155,5.52085018157959,60.79999923706055,90.21137237548828,3.8842954635620117,10.479486465454102,0.0019348480273038149,36.395835876464844,74.89131927490234,0.4859820366898255,29.02083396911621,0.3875059786130199,3.182704448699951,0.7122858762741089,0.8732635378837585,0.8732635378837585,0.0,0.32800647616386414,0.02445557713508606,0.00032654755409037325,0.29369741678237915,0.09731891751289368,2.0124192237854004,48
22404,0.314345121383667,0.4288584291934967,0.9999999403953552,0.9829438924789429,0.7297282218933105,0.01416015625,0.006162157282233238,0.4351758062839508,0.09091302752494812,2.9227192401885986,645.6713256835938,0.07434378564357758,0.35228443145751953,6.879489898681641,74.13793182373047,106.58468627929688,2.9188897609710693,10.43739128112793,0.0015394536312669516,37.645835876464844,64.73617553710938,0.5815270296446455,30.291667938232422,0.467924891796995,2.6014270782470703,0.7532263994216919,0.815809428691864,0.815809428691864,0.0,0.3749185800552368,0.02448372170329094,0.0003782077253771937,0.3493545651435852,0.23778975009918213,1.730453372001648,48
22412,0.26838788390159607,0.38928085565567017,1.0,0.9965434670448303,0.8374975919723511,0.0029296875,0.0005758061888627708,0.19654184579849243,0.015462478622794151,0.6285799741744995,1369.193359375,0.020013848319649696,0.1723356544971466,6.1579437255859375,90.5,90.80653381347656,3.630086660385132,10.498455047607422,0.0020133673679083586,5.125,19.017892837524414,0.2694830621399325,4.208333492279053,0.22128284800105272,0.774736762046814,0.5541458129882812,0.8896943926811218,0.8896943926811218,0.0,0.5525941252708435,0.001575717469677329,8.285447196020154e-05,0.3926726281642914,0.024567728862166405,0.5369551777839661,48
22464,0.3420597016811371,0.4868367910385132,1.0,0.8428550362586975,0.6316575407981873,0.02734375,0.010439598932862282,0.38179105520248413,0.09303545951843262,1.46425461769104,134.85015869140625,0.1253839135169983,0.45564761757850647,7.130474090576172,71.53571319580078,113.06700134277344,4.754870891571045,10.427964210510254,0.0026493449695408344,31.58333396911621,39.40522003173828,0.8015012715488691,25.45833396911621,0.6460650122534671,1.7250914573669434,0.8346028327941895,0.7629932165145874,0.7629932165145874,0.0,0.3602234125137329,0.008742391131818295,0.00022185870609422542,0.366131454706192,0.3255166709423065,1.19659423828125,48
22499,0.3206298351287842,0.5389171242713928,1.0,1.6356842517852783,0.5692164897918701,0.00244140625,0.0018329169834032655,0.7507628202438354,0.05039733275771141,1.9281630516052246,1142.1815185546875,0.01712392456829548,0.1523624211549759,5.599976062774658,66.19999694824219,79.99250030517578,2.1229658126831055,10.507037162780762,0.0014212650712579489,32.85416793823242,56.863643646240234,0.5777710647043103,26.83333396911621,0.47188910600475586,2.341257095336914,0.6427420377731323,0.7865098714828491,0.7865098714828491,0.0,0.34150978922843933,0.021547622978687286,0.00037893496781440673,0.3490716218948364,0.07820446044206619,1.7526535987854004,48
22508,0.40495434403419495,0.5174968838691711,0.9999999403953552,1.413417935371399,0.5176374316215515,0.00244140625,0.0009357626549899578,0.3832883834838867,0.022057127207517624,0.8198013305664062,993.2816772460938,0.01712392456829548,0.19026444852352142,5.681481838226318,76.5999984741211,139.86920166015625,6.18097448348999,10.36628532409668,0.0034214439801871777,13.625,28.858657836914062,0.47212867875825204,10.583333969116211,0.36672994375751666,1.1235374212265015,0.7527732849121094,0.7632608413696289,0.7632608413696289,0.0,0.5064166188240051,0.004756631795316935,0.00016482512182476895,0.5379412770271301,0.03992587327957153,0.7256501913070679,48
22653,0.22720156610012054,0.30642521381378174,1.0,0.973362147808075,0.8752795457839966,0.00537109375,0.0006037596031092107,0.1124090626835823,0.012177293188869953,0.4165399670600891,800.8272094726562,0.03342986851930618,0.24720807373523712,6.49692964553833,83.2727279663086,89.78395080566406,3.945474147796631,10.518186569213867,0.002112090587615967,1.5416667461395264,12.223628044128418,0.1261218632727329,1.3333333730697632,0.10907836586368005,0.4903871417045593,0.6548030972480774,0.9081783294677734,0.9081783294677734,0.0,0.43065157532691956,0.000867904513143003,7.100220239848317e-05,0.35303521156311035,0.025760410353541374,0.34156060218811035,48
23144,0.3367411196231842,0.4315755069255829,1.0,0.5940678119659424,0.787047803401947,0.00927734375,0.0014064556453377008,0.15160112082958221,0.01927277259528637,0.47853001952171326,334.3691711425781,0.05265381559729576,0.33712491393089294,6.719206809997559,75.52631378173828,79.5866470336914,1.7930680513381958,10.530529022216797,0.0011166306212544441,1.7291667461395264,11.171440124511719,0.1547845868857717,0.9791666865348816,0.08764910116735625,0.49436306953430176,0.7276290655136108,0.7433151006698608,0.7433151006698608,0.0,0.1651977151632309,0.0010276434477418661,9.198844870207795e-05,0.27200132608413696,0.05937299504876137,0.3916575610637665,48
23156,0.4300263524055481,0.6099971532821655,1.0,1.3068199157714844,0.5273617506027222,0.01025390625,0.01005355641245842,0.9804611206054688,0.14991453289985657,3.4694650173187256,365.1491394042969,0.057165034115314484,0.32055702805519104,6.541089057922363,73.9047622680664,111.2474136352539,4.167437553405762,10.394830703735352,0.002510693622753024,67.58333587646484,119.36865234375,0.5661732334564779,53.04166793823242,0.4443517363423271,7.65594482421875,0.9913192987442017,0.8076906204223633,0.8076906204223633,0.0,0.42300692200660706,0.14183585345745087,0.0011882169284873816,0.42197439074516296,0.4226849377155304,3.2606000900268555,48
23193,0.39986369013786316,0.5792931914329529,0.9999999403953552,1.5857429504394531,0.5222046971321106,0.00830078125,0.005412052385509014,0.6519931554794312,0.09923817217350006,3.362929582595825,857.72900390625,0.04803864285349846,0.2952250838279724,6.376164436340332,70.29412078857422,93.84568786621094,3.404620409011841,10.44229793548584,0.0021945610642433167,45.41666793823242,92.30999755859375,0.4920016155832329,36.0,0.389990260515922,5.058555603027344,0.8599362373352051,0.7671303749084473,0.7671303749084473,0.0,0.2424412965774536,0.05990948528051376,0.0006490032158867321,0.2836766242980957,0.22839419543743134,2.7232587337493896,48
23323,0.4097144305706024,0.5324586629867554,0.9999999403953552,0.7992134690284729,0.6468856930732727,0.041015625,0.014556927606463432,0.354911744594574,0.09568139165639877,1.712568998336792,110.5212173461914,0.1711585372686386,0.5328344702720642,7.151500701904297,74.66666412353516,140.8595733642578,6.827312469482422,10.267000198364258,0.00441851606592536,14.479166984558105,30.359054565429688,0.47693076042876653,11.708333969116211,0.38566200867770256,1.2237062454223633,0.821631133556366,0.7387492060661316,0.7387492060661316,0.0,0.709091067314148,0.005734534468501806,0.000188890416671371,0.8887535929679871,0.3007785975933075,0.8975228667259216,48
23441,0.3704912066459656,0.6773943901062012,0.9999999403953552,1.8096680641174316,0.48067060112953186,0.0029296875,0.0007709854980930686,0.2631630599498749,0.019946621730923653,0.7575594782829285,1109.5916748046875,0.020013848319649696,0.17473573982715607,5.736833572387695,73.66666412353516,90.0658950805664,3.8690154552459717,10.499404907226562,0.0017574154771864414,7.1041669845581055,20.390323638916016,0.34840874067910027,5.2916669845581055,0.25951853809046427,0.9527359008789062,0.6818156242370605,0.7591034770011902,0.7591034770011902,0.0,0.3094269037246704,0.003050025552511215,0.00014958200786937287,0.36509570479393005,0.03289537876844406,0.670772910118103,48
23463,0.21927502751350403,0.35459408164024353,0.9999999403953552,1.0638571977615356,0.8813003301620483,0.0048828125,0.0028904753271490335,0.59196937084198,0.05685548484325409,1.4428372383117676,486.7585754394531,0.03085736557841301,0.23451489210128784,6.319660186767578,72.4000015258789,96.45777893066406,4.067966461181641,10.433417320251465,0.0025261887349188328,27.0625,43.747825622558594,0.6186021729925517,23.6875,0.5414554816724645,1.8938837051391602,0.6296501159667969,0.8782159686088562,0.8782159686088562,0.0,0.48388931155204773,0.012621233239769936,0.00028849966957847595,0.43071964383125305,0.12332693487405777,1.376911997795105,48
23526,0.3379145562648773,0.3723519444465637,1.0,0.75307697057724,0.802049458026886,0.015625,0.0036851195618510246,0.23584765195846558,0.035422008484601974,0.615145742893219,158.35736083984375,0.08048483729362488,0.4251362085342407,7.128395080566406,70.1875,100.9786376953125,4.5163445472717285,10.4027099609375,0.0029428070411086082,5.583333492279053,24.711933135986328,0.22593673507027467,2.6458334922790527,0.10706703828667426,1.0836681127548218,0.8855931162834167,0.7777309417724609,0.7777309417724609,0.0,0.7286565899848938,0.0019820828456431627,8.020751893160125e-05,0.7872002124786377,0.12079606205224991,0.5424675345420837,48
23639,0.38162121176719666,0.43372616171836853,1.0,0.5922266840934753,0.7918971180915833,0.05908203125,0.00901423767209053,0.15257155895233154,0.04503857344388962,0.5062594413757324,44.208274841308594,0.22443419694900513,0.5941449403762817,7.411157608032227,76.1900863647461,95.31916046142578,1.9164084196090698,10.53558349609375,0.0010253977961838245,3.5625,12.650335311889648,0.2816130884558916,1.9583333730697632,0.15480485878355643,0.5968354940414429,0.7772098779678345,0.8618232607841492,0.8618232607841492,0.0,0.15811248123645782,0.0007419250905513763,5.864865014823583e-05,0.17310741543769836,0.12549395859241486,0.37967994809150696,48
23757,0.45396852493286133,0.5575301647186279,1.0,1.1544331312179565,0.51305091381073,0.025390625,0.012514043599367142,0.4928607940673828,0.11863076686859131,2.592088222503662,272.2986145019531,0.1183348149061203,0.4534403085708618,6.8866753578186035,79.69230651855469,126.50437927246094,5.686954021453857,10.381759643554688,0.0029762727208435535,39.8125,53.97777557373047,0.737572076089774,31.354167938232422,0.580871805093112,2.706634521484375,0.8457834124565125,0.7297323942184448,0.7297323942184448,0.0,0.4883071184158325,0.023461252450942993,0.0004346465225220301,0.5374591946601868,0.3697293698787689,1.6713829040527344,48
23843,0.447372168302536,0.6173931360244751,1.0000001192092896,1.443839192390442,0.6041370630264282,0.013671875,0.006278462242335081,0.459224671125412,0.0969277024269104,3.1128110885620117,720.176513671875,0.07226333767175674,0.34332555532455444,6.757469177246094,79.75,82.31771087646484,3.83846378326416,10.44944953918457,0.002475796267390251,47.66666793823242,49.37633514404297,0.9653747648448032,35.958335876464844,0.7282504010126104,3.928307294845581,1.0133317708969116,0.7885847091674805,0.7885847091674805,0.0,0.6314937472343445,0.05641194432973862,0.0011424894973218677,0.677475094795227,0.24792027473449707,1.8984520435333252,48
23983,0.47576943039894104,0.5893653631210327,1.0,1.282759189605713,0.47871387004852295,0.0048828125,0.0011053840862587094,0.22638265788555145,0.02070564404129982,0.5448721647262573,476.7739562988281,0.03085736557841301,0.2505708634853363,6.343184471130371,90.30000305175781,102.77802276611328,2.7811641693115234,10.487126350402832,0.001492039766162634,8.833333969116211,18.537322998046875,0.47651615960307453,5.625,0.30344187224650726,0.8997839689254761,0.7961573600769043,0.7825212478637695,0.7825212478637695,0.0,0.22481755912303925,0.0021336707286536694,0.00011510134056182023,0.28480446338653564,0.04716305434703827,0.505682647228241,48
24031,0.27534621953964233,0.3271777629852295,0.9999999403953552,0.9953767657279968,0.733844518661499,0.00390625,0.0004690102068707347,0.12006661295890808,0.011723741888999939,0.4522128105163574,1152.5894775390625,0.02555946074426174,0.18821531534194946,5.837926864624023,58.875,100.15230560302734,2.990579843521118,10.499283790588379,0.0015201941132545471,5.2291669845581055,14.916250228881836,0.3505684673301712,3.4791667461395264,0.23324674032824044,0.6059865951538086,0.7199246287345886,0.8416529893875122,0.8416529893875122,0.0,0.38007062673568726,0.001246499945409596,8.356657507396691e-05,0.33642494678497314,0.02001110278069973,0.3742024004459381,48
24079,0.39133796095848083,0.5313804745674133,1.0,1.2351171970367432,0.5234097838401794,0.00244140625,0.00021611221018247306,0.08851955831050873,0.005028116051107645,0.1474132537841797,724.8203735351562,0.01712392456829548,0.18782168626785278,5.557157516479492,63.400001525878906,79.2218246459961,2.5178091526031494,10.52669906616211,0.0015718401409685612,0.0625,4.6601152420043945,0.013411685467031677,0.0,0.0,0.21648649871349335,0.6262602806091309,0.7147997617721558,0.7147997617721558,0.0,0.23267550766468048,0.00014704697241540998,3.155436388663619e-05,0.34019455313682556,0.009220787324011326,0.1469830423593521,48
24327,0.26435238122940063,0.3023797869682312,0.9999999403953552,0.8991785645484924,0.7743907570838928,0.01171875,0.0020573895890265703,0.17556391656398773,0.0280125942081213,0.9473137259483337,674.3123168945312,0.0637580007314682,0.3590194880962372,6.890446662902832,71.08333587646484,77.89750671386719,2.1024253368377686,10.512179374694824,0.0013702298747375607,3.0208334922790527,12.147658348083496,0.24867619776850897,1.1041667461395264,0.09089543956467737,0.5976240634918213,0.7827593684196472,0.8242530822753906,0.8242530822753906,0.0,0.23470431566238403,0.0010838123271241784,8.921985580891564e-05,0.3149336576461792,0.0823209211230278,0.38439464569091797,48
24510,0.4218015670776367,0.5468130111694336,1.0,1.210538387298584,0.5215039253234863,0.00439453125,0.0014063911512494087,0.32003211975097656,0.03416799381375313,1.3177646398544312,1148.9754638671875,0.02823571488261223,0.20287607610225677,6.115623474121094,69.44444274902344,95.97518920898438,2.374171018600464,10.51881217956543,0.0013027943205088377,25.33333396911621,41.67948913574219,0.6078129672014986,19.0,0.4558597139605528,2.0731310844421387,0.7914726138114929,0.8099614977836609,0.8099614977836609,0.0,0.22735390067100525,0.012086598202586174,0.00028998911575721397,0.26886871457099915,0.060006022453308105,1.0492885112762451,48
24543,0.2694074809551239,0.3159708082675934,1.0,0.9786252379417419,0.8049783706665039,0.00390625,0.0006100285099819303,0.15616729855537415,0.012057079933583736,0.29973745346069336,511.8226318359375,0.02555946074426174,0.23254984617233276,6.319683074951172,84.5,85.80474090576172,3.308993101119995,10.53217601776123,0.0016152956523001194,0.5625,9.931058883666992,0.05664048577525853,0.4583333432674408,0.0461515079282954,0.4168986976146698,0.5767946243286133,0.908537745475769,0.908537745475769,0.0,0.3421095311641693,0.0005294670118018985,5.331425555632724e-05,0.2918691635131836,0.02602788619697094,0.2995973527431488,48
24693,0.32071635127067566,0.4496505856513977,0.9999999403953552,1.5155360698699951,0.6501175761222839,0.00341796875,0.0007231172057799995,0.21156343817710876,0.013452636078000069,0.383203387260437,465.6546936035156,0.02282176911830902,0.24153922498226166,5.647429466247559,53.71428680419922,96.70040130615234,4.35457706451416,10.420969009399414,0.0029604891315102577,3.8958334922790527,14.827021598815918,0.26275226374274996,0.7916666865348816,0.05339350730184198,0.9017843008041382,0.8111796379089355,0.8322597742080688,0.8322597742080688,0.0,0.4692111909389496,0.0012205513194203377,8.231938629499378e-05,0.45209354162216187,0.03085300326347351,0.3358663022518158,48
24815,0.4357669949531555,0.7471086978912354,1.0,2.0262064933776855,0.43899810314178467,0.00244140625,0.005991058424115181,2.453937530517578,0.14205999672412872,4.343117713928223,693.7372436523438,0.01712392456829548,0.18010838329792023,5.523645877838135,59.79999923706055,80.21298217773438,2.2935290336608887,10.523420333862305,0.0013335624244064093,61.8125,123.7606430053711,0.49945199454339356,50.5625,0.4085507215223513,5.596678733825684,0.8165180683135986,0.8249911665916443,0.8249911665916443,0.0,0.46172261238098145,0.1139906495809555,0.0009210573475026131,0.4214087128639221,0.25561848282814026,4.186854362487793,48
24866,0.37813982367515564,0.5507176518440247,0.9999999403953552,0.7435954213142395,0.7232031226158142,0.02734375,0.005711760371923447,0.2088872343301773,0.04954058304429054,0.8666646480560303,146.31626892089844,0.1253839135169983,0.46106839179992676,7.191686630249023,77.21428680419922,110.61940002441406,3.169293165206909,10.500595092773438,0.0015949499793350697,17.75,28.018957138061523,0.6334996661796894,14.979166984558105,0.5346082977108386,1.1321214437484741,0.7066178321838379,0.8093730807304382,0.8093730807304382,0.0,0.36274659633636475,0.003590200562030077,0.00012813469620079928,0.21646824479103088,0.17041222751140594,0.6543201208114624,48
24871,0.3458523750305176,0.4981839954853058,1.0,0.9926063418388367,0.5990715026855469,0.02587890625,0.006038918159902096,0.2333529144525528,0.057834211736917496,1.851923942565918,532.8267822265625,0.12011110782623291,0.45841139554977417,7.047110557556152,75.6603775024414,102.10210418701172,3.4006054401397705,10.470251083374023,0.0018288905266672373,9.979166984558105,19.355548858642578,0.515571377090995,6.8541669845581055,0.3541189676962539,0.9552803039550781,0.7784494757652283,0.8235237002372742,0.8235237002372742,0.0,0.3398163914680481,0.0018956823041662574,9.793999214547736e-05,0.3448529541492462,0.1679743379354477,0.5520979762077332,48
25015,0.3954624831676483,0.6185221672058105,1.0,1.8711180686950684,0.4867333769798279,0.00439453125,0.003545571118593216,0.806814432144165,0.081588976085186,3.0231564044952393,1033.175537109375,0.02823571488261223,0.21563118696212769,6.179900169372559,73.44444274902344,92.99481201171875,3.0855095386505127,10.507635116577148,0.0015047481283545494,51.91666793823242,88.63713836669922,0.5857213904807219,41.66666793823242,0.47008137560977137,4.284175395965576,0.8051133155822754,0.8221363425254822,0.8221363425254822,0.0,0.23723679780960083,0.06749068945646286,0.0007614267641362021,0.2523759603500366,0.15127770602703094,2.5307092666625977,48
25023,0.28815746307373047,0.4245399534702301,1.0,1.0289452075958252,0.8224163055419922,0.00537109375,0.0006174938171170652,0.11496612429618835,0.015172586776316166,0.6048834323883057,1281.03125,0.03342986851930618,0.207261860370636,6.313277721405029,65.45454406738281,88.90145874023438,4.068605422973633,10.501139640808105,0.0022291801869869232,3.3958334922790527,14.503358840942383,0.23414117565314202,3.0833334922790527,0.21259444270584998,0.5973820090293884,0.600529670715332,0.8985368013381958,0.8985368013381958,0.0,0.2788681387901306,0.000966878142207861,6.666580839272526e-05,0.25226250290870667,0.02634640596807003,0.4395199716091156,48
25053,0.2927398681640625,0.39867454767227173,1.0,1.4386680126190186,0.7102489471435547,0.0029296875,0.0006370926857925951,0.2174609750509262,0.015133575536310673,0.5892467498779297,1164.154296875,0.020013848319649696,0.1992904096841812,5.752514839172363,60.16666793823242,81.12760162353516,2.437936305999756,10.503214836120605,0.0015857696998864412,8.75,22.499858856201172,0.38889132825379946,4.2916669845581055,0.19074195131974628,1.3836991786956787,0.8573764562606812,0.8551236391067505,0.8551236391067505,0.0,0.32197442650794983,0.002610021736472845,0.00011600169369922433,0.32465335726737976,0.027182621881365776,0.5058382153511047,48
25266,0.3325279951095581,0.43413546681404114,1.0,1.1211217641830444,0.7310181856155396,0.005859375,0.002172518754377961,0.37077653408050537,0.046072956174612045,1.6153597831726074,893.7313842773438,0.03595767915248871,0.23918859660625458,6.389186859130859,68.66666412353516,85.8404312133789,2.627761125564575,10.496292114257812,0.0016780124278739095,26.4375,56.34818649291992,0.4691810267688034,20.83333396911621,0.3697250126769677,2.477036476135254,0.7738871574401855,0.8049815893173218,0.8049815893173218,0.0,0.2737083435058594,0.016954727470874786,0.0003008921586144783,0.2640388011932373,0.09269414097070694,1.3244550228118896,48
25752,0.3339504897594452,0.43053168058395386,1.0,0.9353957772254944,0.6901188492774963,0.00537109375,0.0021490398794412613,0.4001121520996094,0.037370458245277405,0.9934287071228027,499.2768859863281,0.03342986851930618,0.27218300104141235,6.406094074249268,74.63636016845703,95.11315155029297,3.1910719871520996,10.442526817321777,0.002145224716514349,19.041667938232422,40.22957992553711,0.4733250500935959,13.5,0.33557397371864356,2.434553623199463,0.9088248014450073,0.7938172221183777,0.7938172221183777,0.0,0.6074908375740051,0.008202485740184784,0.00020389190623735682,0.5955512523651123,0.09169236570596695,0.9689435362815857,48
25943,0.28914588689804077,0.37399715185165405,1.0,1.143831729888916,0.7382676601409912,0.01123046875,0.004064956214278936,0.361957848072052,0.08329550921916962,3.217419147491455,1150.23779296875,0.06158214434981346,0.27852344512939453,6.6435089111328125,82.60869598388672,99.1791763305664,4.904771327972412,10.458974838256836,0.0024745005648583174,39.10416793823242,53.16046142578125,0.7355874437897972,29.5625,0.5560993866788009,2.4411559104919434,0.8622691035270691,0.8428812026977539,0.8428812026977539,0.0,0.6013744473457336,0.02253033220767975,0.00042381746883248515,0.5543103814125061,0.16889436542987823,1.5147429704666138,48
26052,0.5441125631332397,0.5997956991195679,1.0,1.0211032629013062,0.5728112459182739,0.00830078125,0.00183590454980731,0.221172496676445,0.02499368041753769,0.5842700004577637,302.249267578125,0.04803864285349846,0.33514609932899475,6.694945335388184,69.05882263183594,80.385009765625,2.627656936645508,10.472332954406738,0.0020534107461571693,8.895833969116211,32.32518768310547,0.2751982155083843,4.3541669845581055,0.13469889257555004,2.125873565673828,0.9102899432182312,0.7713292837142944,0.7713292837142944,0.0,0.7620821595191956,0.002215815242379904,6.854763732284555e-05,0.9693765044212341,0.07800126820802689,0.49893873929977417,48
26078,0.5131367444992065,0.7076478600502014,1.0,1.1731679439544678,0.5065686702728271,0.01025390625,0.003274880815297365,0.3193788528442383,0.04475739970803261,1.3791084289550781,506.8529968261719,0.057165034115314484,0.34594911336898804,6.735444068908691,85.23809814453125,74.26557159423828,3.4628641605377197,10.502077102661133,0.0017826699186116457,8.875,17.86507797241211,0.49677924768855186,5.520833492279053,0.30902935311641105,1.0675863027572632,0.877551794052124,0.7892489433288574,0.7892489433288574,0.0,0.33949893712997437,0.01238960586488247,0.0006935097555734065,0.3983498513698578,0.13638649880886078,0.6991409659385681,48
26079,0.31842684745788574,0.5435319542884827,1.0000001192092896,0.9578196406364441,0.7679823637008667,0.00732421875,0.0015623449580743909,0.21331216394901276,0.020927496254444122,0.4529958963394165,248.08175659179688,0.0433073565363884,0.33013588190078735,6.604008197784424,67.80000305175781,75.61155700683594,2.0466506481170654,10.51785659790039,0.001330304192379117,4.375,15.192042350769043,0.28797971306989767,0.9791666865348816,0.06445260375678118,0.8563262820243835,0.8177981376647949,0.7989112734794617,0.7989112734794617,0.0,0.6220828294754028,0.0010149892186746001,6.681058376296022e-05,0.62568199634552,0.06666004657745361,0.4010939300060272,48
26090,0.2954031825065613,0.37961819767951965,0.9999999403953552,1.5910100936889648,0.6155874133110046,0.00244140625,0.0008429784793406725,0.34528398513793945,0.02269711159169674,0.9438621997833252,1469.5606689453125,0.01712392456829548,0.17045579850673676,5.861401557922363,81.80000305175781,102.24603271484375,3.3790555000305176,10.476765632629395,0.001935311360284686,11.020833969116211,24.542892456054688,0.4490438111302139,8.291666984558105,0.33784391941684633,1.1132938861846924,0.6557255387306213,0.8292901515960693,0.8292901515960693,0.0,0.3734126687049866,0.004213615320622921,0.00017168372988028116,0.33940455317497253,0.035967081785202026,0.8105164170265198,48
26278,0.25954651832580566,0.31455495953559875,1.0,0.7862337231636047,0.8807212114334106,0.0126953125,0.002038367325440049,0.16056062281131744,0.027070865035057068,0.7686571478843689,551.2758178710938,0.06804874539375305,0.36982715129852295,6.892951965332031,72.11538696289062,85.88047790527344,2.7842636108398438,10.522445678710938,0.001493383082561195,8.6875,20.228130340576172,0.4294761725100584,6.770833492279053,0.3347236435069835,0.8814539313316345,0.6766871213912964,0.9051783084869385,0.9051783084869385,0.0,0.5979506373405457,0.002141853328794241,0.00010588488860183922,0.44641080498695374,0.07718034833669662,0.5988401174545288,48
26385,0.31245383620262146,0.36532074213027954,1.0,1.0103603601455688,0.671262264251709,0.01416015625,0.0040310765616595745,0.2846774160861969,0.04676273465156555,0.983916699886322,247.29428100585938,0.07434378564357758,0.38575276732444763,6.9046735763549805,80.96551513671875,101.84144592285156,2.33520770072937,10.497245788574219,0.0013575556222349405,23.125,36.699371337890625,0.6301197854531957,18.625,0.5075018812568982,1.3799985647201538,0.7764467597007751,0.8579832911491394,0.8579832911491394,0.0,0.22083289921283722,0.008823316544294357,0.00024042146282708725,0.23812761902809143,0.15151460468769073,0.8419234752655029,48
26488,0.3949471414089203,0.5144339799880981,1.0,1.5808669328689575,0.46508312225341797,0.0087890625,0.004671331029385328,0.5314936637878418,0.07720556110143661,2.668086528778076,746.5269775390625,0.05035991966724396,0.30258944630622864,6.242170333862305,58.83333206176758,87.95270538330078,2.937225580215454,10.517518997192383,0.001642744056880474,36.125,48.242393493652344,0.7488227133105458,29.64583396911621,0.6145183067434616,2.146758556365967,0.8671975135803223,0.8211054801940918,0.8211054801940918,0.0,0.28653591871261597,0.015775835141539574,0.0003270118664478207,0.28213393688201904,0.19881440699100494,1.3987910747528076,48
26490,0.37603408098220825,0.4664299786090851,1.0,1.5690969228744507,0.5830235481262207,0.00341796875,0.0019304548623040318,0.5647959113121033,0.046427346765995026,1.448014497756958,892.4426879882812,0.02282176911830902,0.1965469866991043,5.825569152832031,66.42857360839844,93.05623626708984,2.7842295169830322,10.505017280578613,0.001398598775267601,33.66666793823242,51.89085388183594,0.6487977247090406,27.666667938232422,0.5331704118013224,2.1152267456054688,0.7212790250778198,0.8231194019317627,0.8231194019317627,0.0,0.24239401519298553,0.017955800518393517,0.0003460301608414759,0.23319067060947418,0.08236607909202576,1.4412661790847778,48
26493,0.3772796094417572,0.5286688208580017,1.0,0.8591147661209106,0.7589123249053955,0.005859375,0.0005090481135994196,0.08687754720449448,0.0077034966088831425,0.2013067603111267,363.7862243652344,0.03595767915248871,0.30203327536582947,6.4502058029174805,84.0,100.87272644042969,4.310911178588867,10.486751556396484,0.0020365682430565357,0.1875,5.831996917724609,0.03215022269793175,0.0416666679084301,0.007144494145796235,0.23953525722026825,0.5968550443649292,0.8831391334533691,0.8831391334533691,0.0,0.354329377412796,0.00012557976879179478,2.1532893509391905e-05,0.27876001596450806,0.02171938680112362,0.16589996218681335,48
26617,0.4033549427986145,0.49753275513648987,1.0000001192092896,1.3513085842132568,0.5179755687713623,0.00830078125,0.002105449791997671,0.25364476442337036,0.029490061104297638,0.6860882043838501,340.4082946777344,0.04803864285349846,0.3287278711795807,6.281023025512695,67.52941131591797,91.22801971435547,2.279146909713745,10.518363952636719,0.0012868557823821902,16.666667938232422,25.00061798095703,0.666650238176549,12.833333969116211,0.5133206696633721,1.1935186386108398,0.8265749216079712,0.7989486455917358,0.7989486455917358,0.0,0.23429788649082184,0.003784170839935541,0.00015136309195653934,0.22871631383895874,0.08977248519659042,0.6707537174224854,48
26651,0.4798334538936615,0.6004392504692078,1.0,1.3753728866577148,0.5341199040412903,0.013671875,0.00746065704151988,0.5456937551498413,0.08121421933174133,1.8204708099365234,232.85865783691406,0.07226333767175674,0.39735642075538635,6.557226181030273,65.35713958740234,83.18022155761719,2.118534803390503,10.498465538024902,0.0013920655474066734,33.97916793823242,50.030250549316406,0.679172451833843,27.104167938232422,0.5417555905720965,2.8400678634643555,1.1123614311218262,0.8091802000999451,0.8091802000999451,0.0,0.2615235447883606,0.017776966094970703,0.0003553243466948889,0.22510139644145966,0.2742491364479065,1.3774064779281616,48
26699,0.34451809525489807,0.426387220621109,0.9999999403953552,1.2607319355010986,0.6473618745803833,0.00341796875,0.0007717327680438757,0.225786954164505,0.015411597676575184,0.40079647302627563,480.7392272949219,0.02282176911830902,0.22533057630062103,5.995867729187012,74.57142639160156,90.25624084472656,3.2212865352630615,10.522618293762207,0.0014520528493449092,1.6458333730697632,13.862277030944824,0.11872749103256895,1.1666667461395264,0.08416126316719527,0.5628631114959717,0.6633750200271606,0.828585147857666,0.828585147857666,0.0,0.26744261384010315,0.0012387356255203485,8.936018389053339e-05,0.2699752449989319,0.0329272635281086,0.38413116335868835,48
26744,0.38091012835502625,0.6996822357177734,1.0,1.8984932899475098,0.46164563298225403,0.00341796875,0.002018149709329009,0.5904529690742493,0.04296678304672241,1.3866114616394043,679.8512573242188,0.02282176911830902,0.2142084240913391,5.842604637145996,71.14286041259766,66.82291412353516,3.5334277153015137,10.522811889648438,0.0019105493556708097,24.229167938232422,34.481292724609375,0.7026757414438018,19.3125,0.5600863096590274,1.5942206382751465,0.7150630950927734,0.7977457046508789,0.7977457046508789,0.0,0.1846247911453247,0.017925985157489777,0.0005198756698439326,0.24774552881717682,0.08610773086547852,1.2232770919799805,48
26854,0.40288734436035156,0.6443192362785339,1.0,1.0010037422180176,0.7075917720794678,0.021484375,0.01273948885500431,0.592965304851532,0.13067413866519928,3.067802906036377,243.24484252929688,0.10376113653182983,0.42549726366996765,7.037927627563477,73.88636016845703,104.7947006225586,2.7195534706115723,10.468006134033203,0.0015954370610415936,41.04166793823242,77.13548278808594,0.5320724840170553,33.458335876464844,0.4337606334045671,3.407627820968628,0.9149892330169678,0.7831146121025085,0.7831146121025085,0.0,0.2723939120769501,0.04720085859298706,0.0006119214773898883,0.28406718373298645,0.43133506178855896,1.8864582777023315,48
26958,0.27104830741882324,0.31010040640830994,1.0,1.13645601272583,0.7755374908447266,0.00732421875,0.002215068321675062,0.302430659532547,0.034438665956258774,0.9839662909507751,450.11944580078125,0.0433073565363884,0.3047254979610443,6.1046552658081055,77.26667022705078,93.0734634399414,4.386987209320068,10.499370574951172,0.0021614502184093,18.104167938232422,27.981639862060547,0.6470016775646268,14.458333969116211,0.5167078854285716,1.137412667274475,0.7596924304962158,0.8809046745300293,0.8809046745300293,0.0,0.3903788924217224,0.004298829939216375,0.00015363037902252198,0.3294330835342407,0.09450959414243698,0.7620203495025635,48
26996,0.4209791123867035,0.594375729560852,1.0000001192092896,0.9261600375175476,0.6074222326278687,0.0283203125,0.012171425856649876,0.42977723479270935,0.10432201623916626,1.7930738925933838,145.53103637695312,0.12885403633117676,0.46649783849716187,7.032610893249512,71.82758331298828,175.9513702392578,9.226414680480957,10.14832878112793,0.0056807310320436954,28.875,40.21577072143555,0.718001905094143,22.20833396911621,0.552229475282854,2.044623374938965,0.8435865640640259,0.7407722473144531,0.7407722473144531,0.0,0.6487674713134766,0.014087246730923653,0.00035029160139686305,0.7245345711708069,0.35296866297721863,1.325147271156311,48
27028,0.44424208998680115,0.5811432003974915,1.0,0.9161379337310791,0.5671287775039673,0.04296875,0.014681368134915829,0.3416754901409149,0.10558547079563141,1.951505422592163,157.31524658203125,0.17726685106754303,0.5231202244758606,7.145590305328369,64.09091186523438,94.50460815429688,2.658759832382202,10.489767074584961,0.0015487424097955227,22.479167938232422,31.681447982788086,0.7095372643115789,18.791667938232422,0.59314422568407,1.411073088645935,0.8152178525924683,0.7888928651809692,0.7888928651809692,0.0,0.2574760913848877,0.005553565453737974,0.0001752939276955453,0.2115357220172882,0.3324100077152252,1.0009913444519043,48
27165,0.5524982213973999,0.7079705595970154,1.0,2.9701788425445557,0.3254820704460144,0.0068359375,0.002360464306548238,0.34530219435691833,0.037314243614673615,0.7935107350349426,314.5508117675781,0.04089350998401642,0.2898425757884979,6.042473793029785,72.57142639160156,96.68386840820312,3.0394692420959473,10.484589576721191,0.0016738540725782514,21.58333396911621,31.6400203704834,0.6821529730249326,15.729166984558105,0.49712885122730105,1.7863116264343262,0.867231547832489,0.8117145299911499,0.8117145299911499,0.0,0.2549843490123749,0.006533529609441757,0.00020649574592157508,0.2879161536693573,0.10071314126253128,0.760217010974884,48
27227,0.32447147369384766,0.40100106596946716,1.0,0.9900009036064148,0.6916710138320923,0.01025390625,0.0030427537858486176,0.29674094915390015,0.04555932432413101,1.3380440473556519,505.9747314453125,0.057165034115314484,0.3251069486141205,6.684503078460693,63.619049072265625,91.13690948486328,2.5499637126922607,10.474477767944336,0.0015837731771171093,17.45833396911621,43.63865280151367,0.400065832566444,12.604166984558105,0.28883034128021035,1.768974781036377,0.8069950342178345,0.8406288027763367,0.8406288027763367,0.0,0.4119463860988617,0.010027140378952026,0.00022977657954432668,0.4405292272567749,0.1278669238090515,1.003324031829834,48
27249,0.3722066581249237,0.5360612273216248,1.0,1.4055546522140503,0.5445711612701416,0.00732421875,0.0037197417113929987,0.5078687071800232,0.055127643048763275,1.3890920877456665,371.7880859375,0.0433073565363884,0.3155493140220642,6.271117687225342,64.86666870117188,82.85753631591797,1.9264863729476929,10.510306358337402,0.0012469050707295537,25.27083396911621,40.16752624511719,0.629135929571884,19.791667938232422,0.49272807622080134,1.799098014831543,0.731605052947998,0.8008279800415039,0.8008279800415039,0.0,0.2662597596645355,0.012489814311265945,0.0003109430795399005,0.30906182527542114,0.15870897471904755,1.1940369606018066,48
27501,0.27883458137512207,0.5152164101600647,1.0,1.410517930984497,0.6881303787231445,0.00341796875,0.0030751340091228485,0.8996963500976562,0.11241108924150467,5.051581859588623,1985.5426025390625,0.02282176911830902,0.10539263486862183,5.84412956237793,65.71428680419922,86.17716217041016,2.5548081398010254,10.495874404907227,0.001579444739036262,51.5625,182.32028198242188,0.28281274818422664,40.645835876464844,0.22293644696180473,9.471861839294434,0.8898770809173584,0.8859004378318787,0.8859004378318787,0.0,0.30271878838539124,0.10986733436584473,0.0006026062112519733,0.2732715308666229,0.1312057226896286,3.662385940551758,48
27617,0.3832535743713379,0.6919195055961609,0.9999999403953552,2.0374248027801514,0.4476622939109802,0.00390625,0.003365122014656663,0.8614712357521057,0.06152845919132233,1.6693477630615234,463.97100830078125,0.02555946074426174,0.25048500299453735,5.840893745422363,64.375,91.30621337890625,2.949659824371338,10.489007949829102,0.0018102903850376606,34.22916793823242,47.459144592285156,0.721234405404439,26.25,0.5531073140904453,2.8432998657226562,0.8489937782287598,0.7472047805786133,0.7472047805786133,0.0,0.316525399684906,0.020607339218258858,0.00043421219221188016,0.33352938294410706,0.14357854425907135,1.5381680727005005,48
27687,0.26431897282600403,0.3708079159259796,1.0000001192092896,0.8027717471122742,0.901946485042572,0.02783203125,0.0049662659876048565,0.17843706905841827,0.04841310903429985,1.523639440536499,518.1588745117188,0.1271233856678009,0.4629320800304413,7.1343302726745605,70.35087585449219,87.86058807373047,2.6112289428710938,10.509379386901855,0.0015431023202836514,8.25,17.82390785217285,0.46286145910284515,6.8125,0.38221135638037973,0.7835933566093445,0.6553810238838196,0.9282387495040894,0.9282387495040894,0.0,0.19669750332832336,0.0019251740304753184,0.00010801077100275287,0.19732703268527985,0.13864247500896454,0.5911369919776917,48
27729,0.5268025994300842,0.6713273525238037,0.9999999403953552,1.5441099405288696,0.4380738437175751,0.02197265625,0.017689073458313942,0.8050493597984314,0.1410529464483261,1.6154859066009521,79.20311737060547,0.1056201159954071,0.4671199321746826,6.150171279907227,67.80000305175781,93.76238250732422,2.960932970046997,10.463075637817383,0.0017595444805920124,53.645835876464844,63.55200958251953,0.8441249335847799,40.22916793823242,0.633011736311288,3.136512517929077,0.9529091715812683,0.8173357844352722,0.8173357844352722,0.0,0.25853341817855835,0.02484639547765255,0.00039096160195345144,0.24411515891551971,0.4579503536224365,1.5719096660614014,48
27792,0.34973007440567017,0.47086217999458313,1.0,0.973363995552063,0.7725908160209656,0.0380859375,0.018361812457442284,0.4821152687072754,0.14062559604644775,2.7612619400024414,158.28660583496094,0.1618127077817917,0.503029465675354,7.287955284118652,71.43589782714844,101.1603775024414,4.136136054992676,10.477873802185059,0.002349315444007516,45.0625,53.18777084350586,0.8472342284115432,36.4375,0.6850728920442852,2.3891263008117676,0.7906150817871094,0.8180896639823914,0.8180896639823914,0.0,0.3569681942462921,0.01200538408011198,0.0002257170001197869,0.34057241678237915,0.4519139230251312,1.5096114873886108,48
27806,0.4283302426338196,0.5764032602310181,0.9999999403953552,0.9124801158905029,0.6478898525238037,0.005859375,0.0015091748209670186,0.25756582617759705,0.025328120216727257,0.7755668759346008,552.7033081054688,0.03595767915248871,0.2874807119369507,6.4638848304748535,80.83333587646484,100.3287582397461,3.4842991828918457,10.500900268554688,0.0017051222966983914,13.854166984558105,25.74517822265625,0.5381266682001411,9.895833969116211,0.3843762074470289,1.1625375747680664,0.8024319410324097,0.8339109420776367,0.8339109420776367,0.0,0.24466092884540558,0.003388166893273592,0.00013160394007200542,0.2906881272792816,0.06439145654439926,0.6091253757476807,48
27877,0.24993765354156494,0.2875168025493622,1.0,0.7552478909492493,0.7316499948501587,0.0263671875,0.0024639018811285496,0.09344576299190521,0.019442493095993996,0.3464175760746002,144.9533233642578,0.12187793850898743,0.4845215082168579,7.200620651245117,79.51851654052734,95.4394760131836,2.4326140880584717,10.535533905029297,0.001217817422002554,0.2291666716337204,11.519556045532227,0.019893706886704533,0.125,0.010851112612101851,0.380131334066391,0.5512568950653076,0.9251420497894287,0.9251420497894287,0.0,0.27057966589927673,0.00043270987225696445,3.756306841782822e-05,0.21524755656719208,0.06164095923304558,0.27073580026626587,48
27940,0.3120909333229065,0.4724885821342468,0.9999999403953552,0.825075626373291,0.7219387292861938,0.0146484375,0.004445383790880442,0.30347153544425964,0.054638586938381195,1.5454716682434082,428.3330078125,0.07640714943408966,0.38505420088768005,6.831421852111816,72.86666870117188,113.76626586914062,4.547481536865234,10.375399589538574,0.0028684637509286404,22.729167938232422,32.79723358154297,0.6930208877157652,17.14583396911621,0.5227829329342399,1.7448546886444092,0.7816681861877441,0.7334831953048706,0.7334831953048706,0.0,0.2840200960636139,0.00863061286509037,0.0002631506355864064,0.3523125946521759,0.16335292160511017,0.9764153957366943,48
28056,0.36986008286476135,0.4693264961242676,1.0,0.6861577033996582,0.6952042579650879,0.01220703125,0.0019863536581397057,0.16272209584712982,0.022519024088978767,0.43605107069015503,205.5332794189453,0.06591325998306274,0.3815842270851135,6.824032783508301,74.04000091552734,97.41717529296875,2.706381320953369,10.51269817352295,0.0014079655520617962,4.645833492279053,17.653532028198242,0.26316736402814583,3.6875,0.20888171228403957,0.6715940237045288,0.6369596719741821,0.8100876808166504,0.8100876808166504,0.0,0.21901102364063263,0.0013317487901076674,7.543809291115596e-05,0.28183332085609436,0.07755358517169952,0.41352418065071106,48
28117,0.44337835907936096,0.5303799510002136,1.0000001192092896,1.9169038534164429,0.3491273820400238,0.00341796875,0.0014499721582978964,0.42422041296958923,0.03841593861579895,1.5548222064971924,1334.017333984375,0.02282176911830902,0.17271576821804047,5.852276802062988,79.28571319580078,102.238525390625,2.826087474822998,10.495857238769531,0.001379535999149084,33.47916793823242,57.477989196777344,0.5824693661044918,26.229167938232422,0.4563341254662348,2.290205717086792,0.7579764723777771,0.8637644648551941,0.8637644648551941,0.0,0.3178092837333679,0.012598259374499321,0.0002191840659069861,0.2748904824256897,0.06186547875404358,1.2508714199066162,48
28202,0.48167094588279724,0.639524519443512,1.0,0.8603964447975159,0.5871303677558899,0.00439453125,0.0011222024913877249,0.255363404750824,0.02116400934755802,0.6370007991790771,570.23583984375,0.02823571488261223,0.2480110079050064,6.15340518951416,82.33333587646484,103.96958923339844,2.6070749759674072,10.520166397094727,0.001217918936163187,9.1875,26.636138916015625,0.3449261180653526,6.5416669845581055,0.24559366516026213,0.9714984893798828,0.7907459139823914,0.8099915385246277,0.8140939474105835,0.02083333395421505,0.48685622215270996,0.003232927992939949,0.00012137374722063546,0.32031071186065674,0.047880638390779495,0.5712000131607056,48
28287,0.44960498809814453,0.55897456407547,0.9999999403953552,1.215725302696228,0.6559524536132812,0.05029296875,0.022314075380563736,0.4436818063259125,0.13712894916534424,2.0230164527893066,80.38848876953125,0.19937697052955627,0.5507509112358093,7.261778354644775,75.87378692626953,75.14592742919922,3.0121994018554688,10.4847412109375,0.0020273756235837936,22.375,33.95532989501953,0.658953986387049,17.52083396911621,0.5159965760346257,1.4111108779907227,0.6576144099235535,0.8222928047180176,0.8222928047180176,0.0,0.47683730721473694,0.00680503249168396,0.0002004113201290967,0.48936551809310913,0.41408345103263855,1.4012787342071533,48
28373,0.35205838084220886,0.4685915410518646,1.0,1.1245167255401611,0.6171059012413025,0.021484375,0.010410048067569733,0.4845404326915741,0.09355445206165314,1.491054654121399,135.16502380371094,0.10376113653182983,0.44620659947395325,6.7224812507629395,47.59090805053711,92.29187774658203,2.068024158477783,10.520231246948242,0.0011770939454436302,31.416667938232422,61.150733947753906,0.5137578227587044,24.14583396911621,0.3948576314030409,2.383087635040283,0.7445191144943237,0.8027364611625671,0.8027364611625671,0.0,0.18740583956241608,0.016738232225179672,0.00027372087204616887,0.2550541162490845,0.3299306631088257,1.3186229467391968,48
28480,0.37384188175201416,0.5419230461120605,1.0,1.0519475936889648,0.733958899974823,0.00390625,0.00044447023537941277,0.11378438025712967,0.009231675416231155,0.3138972520828247,741.3367309570312,0.02555946074426174,0.2234347015619278,6.359180450439453,94.625,98.93927764892578,4.415567874908447,10.493339538574219,0.0021380847319960594,1.9375,10.27161693572998,0.18862658238101832,0.9583333730697632,0.09329917364842469,0.4979104697704315,0.7972185015678406,0.8690358400344849,0.8690358400344849,0.0,0.2883325517177582,0.00037924706703051925,3.692184677780222e-05,0.24436195194721222,0.018964063376188278,0.25410255789756775,48
28525,0.306082546710968,0.36569562554359436,1.0,0.7478615045547485,0.6630489230155945,0.01220703125,0.0021799204405397177,0.17857907712459564,0.02676069363951683,0.6182835698127747,292.8899230957031,0.06591325998306274,0.37005186080932617,6.950608253479004,87.80000305175781,112.0707015991211,4.3302106857299805,10.454484939575195,0.0022093108855187893,7.1041669845581055,17.692825317382812,0.40152812527703735,5.9791669845581055,0.33794302910481316,0.7789849042892456,0.6809512972831726,0.8374785780906677,0.8374785780906677,0.0,0.44524085521698,0.0015753823099657893,8.904074283306257e-05,0.3847006857395172,0.08526895195245743,0.5131751894950867,48
28654,0.5188793540000916,0.6350226998329163,1.0,1.3057245016098022,0.5114166140556335,0.01611328125,0.00562986359000206,0.34939274191856384,0.0693039819598198,2.4756860733032227,811.3067626953125,0.08250018209218979,0.4016949534416199,6.957082748413086,79.7272720336914,77.84648895263672,2.44977068901062,10.465028762817383,0.001980785746127367,10.645833969116211,17.65070343017578,0.603139359584084,6.833333492279053,0.3871422754021978,1.0698071718215942,0.9030054807662964,0.7211102843284607,0.7211102843284607,0.0,0.5404967665672302,0.0074537815526127815,0.000422293739049901,0.6161829233169556,0.19360260665416718,0.7681285738945007,48
28756,0.2913971543312073,0.33769190311431885,1.0,1.058326244354248,0.7840113639831543,0.0087890625,0.0016517475014552474,0.18793216347694397,0.02439459040760994,0.6043409109115601,374.3700866699219,0.05035991966724396,0.3203553259372711,6.668998718261719,72.11111450195312,76.20085906982422,1.6449607610702515,10.526893615722656,0.001094132661819458,9.479166984558105,30.8243408203125,0.307522131186544,4.333333492279053,0.14058154612726298,1.8471496105194092,0.8784641027450562,0.7795402407646179,0.7795402407646179,0.0,0.945665717124939,0.0018146559596061707,5.887087641535702e-05,1.7693222761154175,0.0702688917517662,0.5136171579360962,48
28881,0.4453310966491699,0.6301820874214172,1.0,1.7863415479660034,0.40723180770874023,0.0087890625,0.00798282865434885,0.9082685112953186,0.10685928910970688,2.463588237762451,290.89544677734375,0.05035991966724396,0.3393099904060364,6.444847106933594,71.05555725097656,185.530517578125,9.380428314208984,10.201455116271973,0.005093981511890888,50.35416793823242,70.85551452636719,0.7106598303282058,39.020835876464844,0.5507099360126314,3.8528077602386475,0.9925268888473511,0.7442076206207275,0.7442076206207275,0.0,0.39009883999824524,0.054729677736759186,0.000772412395772932,0.4344843029975891,0.33721742033958435,2.0951836109161377,48
29083,0.3860420882701874,0.4799153804779053,1.0,0.8302899599075317,0.7481493949890137,0.0048828125,0.0010120418155565858,0.207266166806221,0.019525887444615364,0.7052006125450134,895.9196166992188,0.03085736557841301,0.2586562931537628,6.4147138595581055,76.80000305175781,72.2774887084961,1.8896175622940063,10.520849227905273,0.0013523825909942389,5.5,16.750362396240234,0.32835110468720435,2.1458334922790527,0.12810669048447793,0.9576725959777832,0.8294447660446167,0.7651256322860718,0.7651256322860718,0.0,0.26064449548721313,0.0014641368761658669,8.740926558224271e-05,0.36160218715667725,0.043180447071790695,0.5501962900161743,48
29160,0.4487449824810028,0.5275002717971802,0.9999999403953552,1.193697452545166,0.5241367816925049,0.00341796875,0.0006846332689747214,0.20030413568019867,0.01646447367966175,0.623020589351654,1100.3267822265625,0.02282176911830902,0.20036780834197998,5.886630058288574,71.0,131.23828125,5.4659037590026855,10.392071723937988,0.002948381006717682,13.166666984558105,23.84230613708496,0.5522396576628098,9.0,0.3774802632127249,1.1259764432907104,0.9034513235092163,0.7710589170455933,0.7710589170455933,0.0,0.5559604167938232,0.0030852709896862507,0.00012940321169659447,0.5829035043716431,0.029211020097136497,0.5417781472206116,48
29421,0.43948814272880554,0.5344842076301575,1.0,1.012940764427185,0.552428126335144,0.01708984375,0.006143238395452499,0.35946720838546753,0.07328354567289352,1.9387767314910889,350.33221435546875,0.08648617565631866,0.3872959315776825,6.835825443267822,85.17142486572266,152.16241455078125,7.040807247161865,10.291274070739746,0.003919097129255533,35.72916793823242,39.689998626708984,0.9002058242750046,27.1875,0.6849962442390836,2.3014047145843506,0.9089357256889343,0.810684859752655,0.810684859752655,0.0,0.6114111542701721,0.011395424604415894,0.0002871107330771322,0.5761603713035583,0.23140180110931396,1.1171009540557861,48
29585,0.35343676805496216,0.43085628747940063,1.0,0.5614796876907349,0.8006575703620911,0.02001953125,0.0016270792111754417,0.0812745913863182,0.016376616433262825,0.39588144421577454,259.2257385253906,0.09811511635780334,0.42902982234954834,7.015458106994629,66.78048706054688,85.26602172851562,2.56722354888916,10.500587463378906,0.0013661824632436037,0.125,5.761443138122559,0.021695953042725567,0.0416666679084301,0.007231984563105118,0.2639417052268982,0.6960965394973755,0.8678552508354187,0.8678552508354187,0.0,0.18035824596881866,0.00015161564806476235,2.6315567847643918e-05,0.2142520695924759,0.05282629653811455,0.23311331868171692,48
29586,0.42459091544151306,0.6679529547691345,1.0,0.8655568957328796,0.644414484500885,0.01123046875,0.002556019462645054,0.22759686410427094,0.03801693767309189,1.0543029308319092,540.680419921875,0.06158214434981346,0.3362445533275604,6.7498779296875,68.43478393554688,85.59666442871094,3.2887914180755615,10.458968162536621,0.0022990298457443714,13.479166984558105,23.416624069213867,0.5756238362524296,8.854166984558105,0.37811458024889444,1.3832197189331055,0.8974725604057312,0.7468302249908447,0.7468302249908447,0.0,0.25554102659225464,0.0033746808767318726,0.00014411474793787465,0.33540067076683044,0.10447036474943161,0.9466121196746826,48
29687,0.3537119925022125,0.4283023476600647,1.0,0.9079606533050537,0.7531403303146362,0.00341796875,0.001667640171945095,0.4879038631916046,0.03622930869460106,1.0001283884048462,561.61572265625,0.02282176911830902,0.20544378459453583,5.968408107757568,68.14286041259766,81.02104187011719,2.481109380722046,10.520217895507812,0.0014114188961684704,22.666667938232422,46.901466369628906,0.4832827134820121,15.875,0.33847555791763295,2.3741860389709473,0.8543837070465088,0.8521482348442078,0.8521482348442078,0.0,0.6023087501525879,0.008904371410608292,0.00018985272951883226,0.5612181425094604,0.07115264981985092,0.960832417011261,48
29733,0.4517640769481659,0.5102500319480896,1.0000001192092896,0.6355175971984863,0.7243622541427612,0.01708984375,0.0014996323734521866,0.0877499207854271,0.017028994858264923,0.36158549785614014,260.9678955078125,0.08648617565631866,0.3961279094219208,7.040175914764404,67.94285583496094,126.75342559814453,6.248064041137695,10.254892349243164,0.004543799441307783,1.2291667461395264,8.17414665222168,0.15037248497391736,0.0833333358168602,0.010194744388671236,0.4646885097026825,0.8933358192443848,0.7793813943862915,0.7793813943862915,0.0,0.7557509541511536,0.0003372201172169298,4.12544735434531e-05,0.902618944644928,0.055553317070007324,0.29306721687316895,48
29788,0.34844741225242615,0.48514848947525024,0.9999999403953552,0.796597957611084,0.7494796514511108,0.00244140625,0.0002820559893734753,0.11553013324737549,0.007850137539207935,0.331775426864624,1561.4896240234375,0.01712392456829548,0.16469912230968475,5.9134521484375,90.80000305175781,101.74707794189453,3.1702349185943604,10.51606559753418,0.0016028281534090638,1.1875,11.279722213745117,0.10527741520976247,0.8958333730697632,0.07941980797930737,0.4516734480857849,0.6422245502471924,0.8463610410690308,0.8463610410690308,0.0,0.2477133572101593,0.0006490573287010193,5.754196032723915e-05,0.2459230124950409,0.012034389190375805,0.28153496980667114,48
29824,0.33130016922950745,0.44102761149406433,1.0,1.5246798992156982,0.6185197234153748,0.0029296875,0.0023462348617613316,0.8008481860160828,0.06830447167158127,2.8299057483673096,1468.421875,0.020013848319649696,0.14974716305732727,5.790351867675781,72.83333587646484,77.90648651123047,2.289824962615967,10.51011848449707,0.0014779577031731606,44.66666793823242,75.3310546875,0.5929383056907442,36.833335876464844,0.48895287639836044,3.2088770866394043,0.6711939573287964,0.8340811729431152,0.8340811729431152,0.0,0.2942604124546051,0.039888449013233185,0.0005295087022664102,0.2694089710712433,0.10010602325201035,2.4022698402404785,48
29833,0.300968736410141,0.369939386844635,1.0,0.7243266105651855,0.7966676950454712,0.03515625,0.006528228987008333,0.18569184839725494,0.04711989313364029,1.0337556600570679,170.74917602539062,0.152232363820076,0.5132083296775818,7.339892864227295,77.80555725097656,98.52143096923828,3.9414315223693848,10.50537109375,0.0017977266106754541,6.208333492279053,16.761411666870117,0.3703944281045392,5.1666669845581055,0.3082477230535325,0.6805733442306519,0.7072861194610596,0.8508784174919128,0.8508784174919128,0.0,0.3681621253490448,0.0014351357240229845,8.562141135184918e-05,0.31161069869995117,0.14288710057735443,0.4431568682193756,48
29860,0.36139652132987976,0.5097368955612183,1.0,0.9044864177703857,0.7209177017211914,0.0693359375,0.0209406316280365,0.3020170032978058,0.12407895177602768,2.7758913040161133,174.22341918945312,0.25191783905029297,0.5825619697570801,7.48573112487793,70.30986022949219,106.67374420166016,3.2365989685058594,10.489544868469238,0.0014284340431913733,32.375,37.49730682373047,0.8633953404588851,25.4375,0.6783820532176955,1.6645435094833374,0.844190239906311,0.8090211153030396,0.8090211153030396,0.0,0.2384558767080307,0.007084432989358902,0.00018893178170828375,0.1439351737499237,0.37089788913726807,0.9766088724136353,48
29876,0.37096071243286133,0.5410947203636169,1.0,1.117233395576477,0.5945252180099487,0.01513671875,0.006959478836506605,0.45977461338043213,0.08277022838592529,2.2879650592803955,375.9745178222656,0.07845399528741837,0.38730862736701965,6.836348533630371,73.54838562011719,144.704345703125,6.277136325836182,10.36506462097168,0.003322911448776722,31.25,65.27616882324219,0.47873520395832114,24.14583396911621,0.36990274399835543,2.317777633666992,0.8543617129325867,0.8066490888595581,0.8066490888595581,0.0,0.4937150180339813,0.017026087269186974,0.0002608315955656448,0.4267980456352234,0.25931039452552795,1.285233736038208,48
29945,0.33158308267593384,0.46340376138687134,1.0,1.4476323127746582,0.5916051864624023,0.009765625,0.0025892523117363453,0.2651394307613373,0.039422668516635895,1.304052710533142,649.7070922851562,0.05492175742983818,0.3275879919528961,6.7856035232543945,78.0999984741211,85.8045425415039,2.5396904945373535,10.518451690673828,0.001370301702991128,8.895833969116211,20.574565887451172,0.4323704331578752,5.9375,0.28858446052247216,1.0256257057189941,0.7640407085418701,0.805931806564331,0.805931806564331,0.0,0.3868190348148346,0.002564630936831236,0.00012465054911068373,0.40710505843162537,0.10790181905031204,0.6682023406028748,48
30003,0.3837685286998749,0.43763577938079834,1.0,1.4680787324905396,0.6301761865615845,0.00341796875,0.0009089313680306077,0.26592734456062317,0.01807229593396187,0.5250390768051147,561.5979614257812,0.02282176911830902,0.23031958937644958,6.012729167938232,87.14286041259766,73.69000244140625,1.49421226978302,10.528324127197266,0.0010830939281731844,9.6875,19.670597076416016,0.49248632145945004,4.1875,0.21288118411473003,1.5192526578903198,0.9370439052581787,0.7981064319610596,0.7981064319610596,0.0,0.7727629542350769,0.0015404259320348501,7.831109169017684e-05,0.9258342385292053,0.038781072944402695,0.49404582381248474,48
30011,0.25670382380485535,0.3398010730743408,1.0,0.8848113417625427,0.8329371213912964,0.0087890625,0.0019430248066782951,0.22107304632663727,0.03549214452505112,1.3947901725769043,1182.0760498046875,0.05035991966724396,0.2993027865886688,6.487621784210205,71.27777862548828,95.66846466064453,3.977407455444336,10.509689331054688,0.0020576261449605227,13.25,23.808568954467773,0.556522318488544,10.791666984558105,0.45326819098887183,0.9704181551933289,0.6970764994621277,0.8705387115478516,0.8705387115478516,0.0,0.42047318816185,0.002706107683479786,0.00011366108091244026,0.36599233746528625,0.0824885368347168,0.6458304524421692,48
30056,0.3775298595428467,0.4255341589450836,1.0,0.685934841632843,0.6923487186431885,0.025390625,0.0036520627327263355,0.14383508265018463,0.028410088270902634,0.5032138824462891,126.18280029296875,0.1183348149061203,0.481849730014801,7.165507793426514,77.67308044433594,106.23538970947266,2.383188247680664,10.514373779296875,0.0012369838077574968,3.4166667461395264,15.564337730407715,0.2195189286640361,2.7916667461395264,0.17936302801319173,0.6079343557357788,0.7149810791015625,0.8157830238342285,0.8157830238342285,0.0,0.43021902441978455,0.0010983252432197332,7.056678295847376e-05,0.3806230127811432,0.08823291212320328,0.35912978649139404,48
30155,0.35866352915763855,0.41579297184944153,1.0,0.5419149994850159,0.8076123595237732,0.0078125,0.001048745703883469,0.13423945009708405,0.015973707661032677,0.46978941559791565,483.9196472167969,0.04568839073181152,0.3135227560997009,6.65364933013916,76.25,93.65802001953125,2.0080065727233887,10.497547149658203,0.0012267074780538678,1.2291667461395264,11.235511779785156,0.10940015632016263,0.8333333730697632,0.07416959624637606,0.4234822988510132,0.6431712508201599,0.8552471399307251,0.8552471399307251,0.0,0.4483037292957306,0.0006757923401892185,6.01478911537986e-05,0.3634823262691498,0.044746484607458115,0.3514893352985382,48
30248,0.34773698449134827,0.5957404375076294,1.0,2.0110795497894287,0.5130668878555298,0.0029296875,0.0006837815744802356,0.2333974391222,0.013628636486828327,0.3490443825721741,495.2912902832031,0.020013848319649696,0.2234000712633133,6.070242881774902,89.16666412353516,91.44569396972656,3.287033796310425,10.476495742797852,0.001947307144291699,3.3541667461395264,12.95405101776123,0.2589280171084216,0.8958333730697632,0.0691546892280989,0.7894341349601746,0.8080558776855469,0.8192561864852905,0.8192561864852905,0.0,0.24581582844257355,0.0008910174947232008,6.878292302644958e-05,0.2921266257762909,0.0291746836155653,0.34274327754974365,48
30340,0.4701327383518219,0.6505221724510193,1.0,1.7857921123504639,0.4332595765590668,0.0068359375,0.004785639233887196,0.7000706791877747,0.07908155024051666,2.378729820251465,571.0548095703125,0.04089350998401642,0.2965283691883087,6.170246601104736,63.57142639160156,98.2274169921875,3.012509822845459,10.475410461425781,0.0017993564251810312,43.5,72.61829376220703,0.5990226118015544,34.66666793823242,0.47738202231763655,3.710488796234131,0.8097027540206909,0.7965924143791199,0.7965924143791199,0.0,0.33204084634780884,0.033860236406326294,0.00046627694823760124,0.3418909013271332,0.2041872888803482,2.033297538757324,48
30620,0.39344844222068787,0.5922436118125916,0.9999999403953552,1.430122971534729,0.5169075727462769,0.01220703125,0.003772513475269079,0.3090443015098572,0.05757427588105202,2.0463900566101074,831.6181640625,0.06591325998306274,0.3451223373413086,6.612783908843994,64.16000366210938,86.58597564697266,2.7756857872009277,10.505263328552246,0.0014763269573450089,15.604166984558105,26.301498413085938,0.593280532293235,12.333333969116211,0.46892134321483075,1.262619972229004,0.6937259435653687,0.7667720317840576,0.7667720317840576,0.0,0.3501599431037903,0.004924858920276165,0.00018724632494525133,0.382882297039032,0.14868541061878204,0.9278375506401062,48
30791,0.3144211769104004,0.3727584481239319,1.0000001192092896,0.6201121211051941,0.7503629326820374,0.0341796875,0.006772872060537338,0.19815488159656525,0.04848954454064369,0.9316971302032471,125.99301147460938,0.1489836424589157,0.5116127729415894,7.281412601470947,78.9857177734375,146.62567138671875,6.775810718536377,10.295573234558105,0.003901206888258457,7.75,16.36493682861328,0.4735734745834016,5.083333492279053,0.3106234715360991,0.8383374214172363,0.8757506608963013,0.8286584615707397,0.8286584615707397,0.0,0.13653038442134857,0.0016702224966138601,0.00010206104142565026,0.14389871060848236,0.15920500457286835,0.502185583114624,48
30798,0.4253421425819397,0.4666946232318878,1.0,1.5611250400543213,0.5297801494598389,0.00439453125,0.0013060832861810923,0.2972065210342407,0.02298043482005596,0.6770634055137634,491.8736267089844,0.02823571488261223,0.2627905607223511,5.931065559387207,65.55555725097656,76.94831848144531,2.4407129287719727,10.508943557739258,0.0015987588558346033,5.8541669845581055,18.766918182373047,0.31194077389527186,4.3541669845581055,0.23201289310930426,0.7863025665283203,0.7004510760307312,0.7992419004440308,0.7992419004440308,0.0,0.3126431703567505,0.002462875097990036,0.00013123492481525062,0.2909824252128601,0.05572621896862984,0.5732104182243347,48
30862,0.4811519682407379,0.5388939380645752,1.0,0.7575077414512634,0.6833912134170532,0.0048828125,0.0006000187713652849,0.12288384139537811,0.010671153664588928,0.26858794689178467,447.3510437011719,0.03085736557841301,0.2603411376476288,6.379870414733887,72.5999984741211,69.94367218017578,1.730265736579895,10.525726318359375,0.0012105628848075867,2.6041667461395264,12.069053649902344,0.21577224027029454,0.0416666679084301,0.0034523558418553956,0.5839799642562866,0.839281439781189,0.6877924799919128,0.6877924799919128,0.0,0.9636152386665344,0.00031497504096478224,2.60977413673485e-05,2.257309913635254,0.025600800290703773,0.2641367018222809,48
30893,0.39475980401039124,0.43850722908973694,1.0,0.799224853515625,0.5829248428344727,0.0234375,0.004433240741491318,0.1891516000032425,0.04496484249830246,0.9301503896713257,250.3822021484375,0.11113139986991882,0.4357765316963196,6.928158760070801,67.29166412353516,114.13196563720703,3.0161168575286865,10.495266914367676,0.0015566712245345116,20.041667938232422,31.678085327148438,0.6326666439884182,15.666666984558105,0.49455851948810897,1.334174633026123,0.8125413656234741,0.8480867147445679,0.8480867147445679,0.0,0.31811293959617615,0.005014186259359121,0.00015828564782225196,0.29989951848983765,0.14112751185894012,0.7704597115516663,48
30923,0.390242338180542,0.46305665373802185,1.0,0.8722163438796997,0.6395130753517151,0.00439453125,0.001297041424550116,0.29514896869659424,0.027923569083213806,0.9918652772903442,873.3712158203125,0.02823571488261223,0.22568564116954803,6.217754364013672,73.0,93.52227783203125,2.206674814224243,10.519231796264648,0.0012506336206570268,18.70833396911621,31.888051986694336,0.5866878908456247,13.666666984558105,0.4285826862667828,1.4743938446044922,0.759560227394104,0.7956182360649109,0.7956182360649109,0.0,0.30480489134788513,0.004779101815074682,0.00014987123752714985,0.32173973321914673,0.05534043535590172,0.8058061599731445,48
30974,0.2704407572746277,0.3437100648880005,1.0,1.401151418685913,0.6591781377792358,0.00634765625,0.0010537640191614628,0.1660083681344986,0.019057609140872955,0.5927799344062805,622.9238891601562,0.03844451159238815,0.2721088230609894,6.515003204345703,70.76923370361328,78.66854858398438,2.291335344314575,10.517532348632812,0.001374240848235786,3.8125,17.308063507080078,0.2202730534376488,1.8125,0.10471997622445599,0.7790646553039551,0.7774857878684998,0.8498646020889282,0.8498646020889282,0.0,0.2552482783794403,0.0019365372136235237,0.00011188641708603015,0.3192959129810333,0.04496060311794281,0.4962940216064453,48
31168,0.3978824317455292,0.5925442576408386,1.0,0.8926602005958557,0.6551325917243958,0.00341796875,0.0006507078651338816,0.19037853181362152,0.013431250117719173,0.4347519874572754,663.0363159179688,0.02282176911830902,0.22117052972316742,6.147168159484863,84.85713958740234,102.8385238647461,2.6624903678894043,10.504969596862793,0.0013875989243388176,7.1041669845581055,19.31360626220703,0.36783223621894245,3.5,0.18121939272608165,0.9987027049064636,0.8398274183273315,0.8382983207702637,0.8382983207702637,0.0,0.3269789516925812,0.001490684226155281,7.718311148863115e-05,0.3144747018814087,0.02776353619992733,0.3783721923828125,48
31222,0.3237892985343933,0.40681061148643494,1.0,0.7409443855285645,0.7502890229225159,0.02197265625,0.0054162731394171715,0.24650061130523682,0.05718877911567688,1.4650070667266846,304.2737121582031,0.1056201159954071,0.42320695519447327,7.057290077209473,83.80000305175781,124.30084991455078,5.371195316314697,10.386436462402344,0.0029932300094515085,12.958333969116211,25.28876304626465,0.5124147013551188,10.395833969116211,0.41108511104266554,1.0293749570846558,0.7906193733215332,0.7868398427963257,0.7868398427963257,0.0,0.6207093000411987,0.003895530477166176,0.00015404195406865332,0.6307382583618164,0.18129988014698029,0.7945928573608398,48
31276,0.44854244589805603,0.527391254901886,1.0,0.616131067276001,0.7128448486328125,0.033203125,0.004514144733548164,0.13595542311668396,0.03232259675860405,0.45540666580200195,90.34756469726562,0.14570602774620056,0.504815399646759,7.258221626281738,71.94117736816406,81.77862548828125,2.8783557415008545,10.498523712158203,0.0018919904250651598,2.8958334922790527,10.629814147949219,0.2724255992860874,0.5,0.047037510964017044,0.5944056510925293,0.8390001058578491,0.8107220530509949,0.8107220530509949,0.0,0.3617859482765198,0.0005668314406648278,5.3324680210042826e-05,0.38437598943710327,0.10557729005813599,0.3600420355796814,48
31334,0.245411679148674,0.3956102728843689,1.0,0.9243170619010925,0.8686544895172119,0.013671875,0.0020664818584918976,0.15114839375019073,0.024616921320557594,0.5852370262145996,322.7243957519531,0.07226333767175674,0.3803137540817261,6.99235725402832,76.64286041259766,101.35792541503906,3.924983263015747,10.43627643585205,0.002266959985718131,5.3541669845581055,15.703944206237793,0.34094409091328315,4.7291669845581055,0.30114517215797115,0.6858805418014526,0.6729276180267334,0.9201337099075317,0.9201337099075317,0.0,0.4319343566894531,0.0012405613670125604,7.899680169073872e-05,0.3077238202095032,0.07947627454996109,0.4739769995212555,48
31411,0.42170047760009766,0.6185221672058105,1.0,1.4470075368881226,0.5376276969909668,0.01123046875,0.007851715199649334,0.6991440057754517,0.1384717971086502,4.730774402618408,816.9482421875,0.06158214434981346,0.30985787510871887,6.446611404418945,68.43478393554688,83.70048522949219,2.638007640838623,10.507001876831055,0.0016984366811811924,54.04166793823242,102.32316589355469,0.528146949530175,43.10416793823242,0.4212552217047361,5.068661689758301,0.8148180246353149,0.8002510070800781,0.8002510070800781,0.0,0.26368579268455505,0.07118776440620422,0.0006957150297060069,0.25478339195251465,0.32109346985816956,3.067131996154785,48
31412,0.32884690165519714,0.4334333539009094,1.0,0.8319046497344971,0.791124701499939,0.0078125,0.0009893530514091253,0.12663719058036804,0.013754788786172867,0.31437623500823975,329.5340881347656,0.04568839073181152,0.3314342200756073,6.697123050689697,81.3125,101.68475341796875,4.1174235343933105,10.492690086364746,0.0021065794862806797,1.1666667461395264,11.185327529907227,0.10430331539036923,0.8125,0.07263980398438462,0.45472878217697144,0.666358232498169,0.8962275385856628,0.8962275385856628,0.0,0.3105193078517914,0.0003940347523894161,3.5227824217357186e-05,0.2382151186466217,0.04221239686012268,0.2893353998661041,48
31612,0.27793341875076294,0.37715721130371094,1.0,0.9759646058082581,0.7204515933990479,0.0048828125,0.0011639882577583194,0.23838476836681366,0.032480958849191666,1.4252196550369263,1804.1470947265625,0.03085736557841301,0.19623953104019165,6.266207695007324,78.19999694824219,87.5545654296875,3.1176819801330566,10.494773864746094,0.0017217787681147456,13.1875,27.269149780273438,0.48360510325495426,10.291666984558105,0.3774106293636266,1.2023711204528809,0.6796748042106628,0.8256694078445435,0.8256694078445435,0.0,0.3291375935077667,0.005011628847569227,0.00018378383213681315,0.33700796961784363,0.04966349899768829,0.8742315769195557,48
31946,0.5810102224349976,0.7690578699111938,0.9999999403953552,1.1751919984817505,0.3906742334365845,0.0087890625,0.004740498028695583,0.5393632650375366,0.060911618173122406,1.1301867961883545,208.0447998046875,0.05035991966724396,0.34165167808532715,6.195310115814209,85.27777862548828,72.53215026855469,1.8911691904067993,10.521020889282227,0.0012249391293153167,27.125,34.95640563964844,0.775966507308019,17.791667938232422,0.5089673153627382,2.1360254287719727,1.0853371620178223,0.8412604331970215,0.8412604331970215,0.0,0.6844609975814819,0.0057984343729913235,0.00016587616104202175,0.6389108896255493,0.20134703814983368,1.0401536226272583,48
31972,0.21793103218078613,0.30947503447532654,1.0,1.0469938516616821,0.8555487990379333,0.0078125,0.0014781750505790114,0.18920640647411346,0.019406476989388466,0.39146852493286133,234.19955444335938,0.04568839073181152,0.336145281791687,6.5266571044921875,76.625,92.75447845458984,3.532609224319458,10.520890235900879,0.001933202613145113,1.9375,12.25446605682373,0.15810562365057704,1.8125,0.14790526083441077,0.5122222304344177,0.7391111254692078,0.8996970057487488,0.8996970057487488,0.0,0.3536734879016876,0.0009321211837232113,7.606379410088899e-05,0.29299336671829224,0.06306879967451096,0.34718483686447144,48
31975,0.39132604002952576,0.5745120644569397,0.9999999403953552,1.5551692247390747,0.5810115933418274,0.0029296875,0.003336343914270401,1.1388052701950073,0.09999750554561615,4.13945198059082,1471.0404052734375,0.020013848319649696,0.1424292027950287,5.774868488311768,62.5,70.4897689819336,3.4263646602630615,10.511934280395508,0.0021812869235873222,62.020835876464844,99.72418212890625,0.6219237355095653,49.5625,0.4969958031940957,5.919246196746826,0.8380289077758789,0.724871039390564,0.724871039390564,0.0,0.2133972942829132,0.09686487913131714,0.0009713278871156209,0.2864820957183838,0.14235065877437592,3.5359842777252197,48
32415,0.3410615622997284,0.4054449498653412,1.0,0.6496810913085938,0.7068818807601929,0.0419921875,0.005681030452251434,0.13528777658939362,0.036941129714250565,0.6186200380325317,92.6380386352539,0.17422455549240112,0.5325869917869568,7.285996437072754,75.5465087890625,113.74060821533203,4.753174304962158,10.426239967346191,0.002642306499183178,1.4375,10.138459205627441,0.14178683066399622,0.5625,0.055481803303302865,0.46840617060661316,0.7744361758232117,0.8540417551994324,0.8540417551994324,0.0,0.18336735665798187,0.0005648211808875203,5.571075139473893e-05,0.16371822357177734,0.1177150085568428,0.34823232889175415,48
32426,0.3705117702484131,0.48132121562957764,0.9999999403953552,1.3032574653625488,0.6625560522079468,0.00244140625,0.00042606377974152565,0.1745157241821289,0.014159861952066422,0.6266593337059021,1868.41845703125,0.01712392456829548,0.12555959820747375,5.648377418518066,61.400001525878906,91.15911102294922,2.951145648956299,10.518136024475098,0.0014968952164053917,8.833333969116211,26.238258361816406,0.33665854813764845,4.6666669845581055,0.17785734550014054,1.3042757511138916,0.7912110090255737,0.88047194480896,0.88047194480896,0.0,0.4399752914905548,0.0022746017202734947,8.66902706742433e-05,0.36652350425720215,0.018178721889853477,0.5209529399871826,48
32441,0.4875265061855316,0.5522225499153137,1.0,1.2750906944274902,0.49658894538879395,0.03076171875,0.008488345891237259,0.27593860030174255,0.06871867179870605,1.2986794710159302,151.31907653808594,0.13738007843494415,0.4833611249923706,6.771856307983398,74.87301635742188,91.3675308227539,3.307569980621338,10.494279861450195,0.0018182883504778147,22.625,28.889493942260742,0.783156674097072,17.625,0.6100833759540727,1.5150378942489624,0.9547014236450195,0.7959607839584351,0.7959607839584351,0.0,0.23709522187709808,0.006322912406176329,0.000218865460801245,0.1636766791343689,0.22536063194274902,0.8195729851722717,48
32447,0.6232736706733704,0.7550570368766785,1.0,0.8455454707145691,0.5045651197433472,0.02783203125,0.008526233956217766,0.3063460886478424,0.0675470381975174,1.0347468852996826,107.72805786132812,0.1271233856678009,0.47905483841896057,7.217584609985352,64.1754379272461,68.38764953613281,1.3197885751724243,10.525815963745117,0.0010440456680953503,10.520833969116211,22.11212158203125,0.4757948677754965,6.9791669845581055,0.31562629372810846,1.0468519926071167,0.9128323793411255,0.6368532180786133,0.6368532180786133,0.0,0.4043137729167938,0.0024573872797191143,0.00011113303938255774,0.5862154960632324,0.22459642589092255,0.8422603607177734,48
32640,0.2249586433172226,0.3432251811027527,0.9999999403953552,1.026084065437317,0.8596579432487488,0.01171875,0.004671845585107803,0.3986641466617584,0.07716114073991776,2.4116084575653076,625.1233520507812,0.0637580007314682,0.3134492039680481,6.917697429656982,76.125,85.8868408203125,3.915548086166382,10.516557693481445,0.001937849447131157,41.125,52.15591049194336,0.7885012380038434,34.1875,0.6554865914712802,2.5897655487060547,0.8184198141098022,0.9081348180770874,0.9081348180770874,0.0,0.4169854521751404,0.03253287449479103,0.0006237619894216751,0.317689448595047,0.19288413226604462,1.6492425203323364,48
